HIERARCHY
ROOT Hips
{
	OFFSET 2.709451 85.700180 6.243666
	CHANNELS 6 Xposition Yposition Zposition Zrotation Yrotation Xrotation 
	JOINT Spine
	{
		OFFSET -0.000000 8.814246 -2.080107
		CHANNELS 3 Zrotation Yrotation Xrotation
		JOINT Spine1
		{
			OFFSET -0.000000 8.844141 0.000000
			CHANNELS 3 Zrotation Yrotation Xrotation
			JOINT Spine2
			{
				OFFSET -0.000000 11.682268 -0.000000
				CHANNELS 3 Zrotation Yrotation Xrotation
				JOINT Spine3
				{
					OFFSET 0.000000 11.746700 -0.000000
					CHANNELS 3 Zrotation Yrotation Xrotation
					JOINT Neck
					{
						OFFSET -0.000000 17.658264 0.000000
						CHANNELS 3 Zrotation Yrotation Xrotation
						JOINT Neck1
						{
							OFFSET -0.000000 5.101515 0.000000
							CHANNELS 3 Zrotation Yrotation Xrotation
							JOINT Head
							{
								OFFSET -0.000000 5.101515 0.000000
								CHANNELS 3 Zrotation Yrotation Xrotation
								JOINT HeadEnd
								{
									OFFSET -0.000000 11.655085 0.000000
									CHANNELS 3 Zrotation Yrotation Xrotation
									End Site
									{
										OFFSET 0.000000 0.000000 0.000000
									}
								}
							}
						}
					}
					JOINT RightShoulder
					{
						OFFSET -2.625389 11.175210 -0.000000
						CHANNELS 3 Zrotation Yrotation Xrotation
						JOINT RightArm
						{
							OFFSET 0.000000 10.434715 0.000000
							CHANNELS 3 Zrotation Yrotation Xrotation
							JOINT RightForeArm
							{
								OFFSET -0.000000 29.628420 -0.000000
								CHANNELS 3 Zrotation Yrotation Xrotation
								JOINT RightHand
								{
									OFFSET -0.000000 22.857611 0.000000
									CHANNELS 3 Zrotation Yrotation Xrotation
									JOINT RightHandThumb1
									{
										OFFSET -2.867323 3.959563 2.944291
										CHANNELS 3 Zrotation Yrotation Xrotation
										JOINT RightHandThumb2
										{
											OFFSET 0.000000 3.350399 -0.000000
											CHANNELS 3 Zrotation Yrotation Xrotation
											JOINT RightHandThumb3
											{
												OFFSET -0.000000 3.756509 -0.000000
												CHANNELS 3 Zrotation Yrotation Xrotation
												JOINT RightHandThumb4
												{
													OFFSET 0.000000 3.147345 0.000000
													CHANNELS 3 Zrotation Yrotation Xrotation
													End Site
													{
														OFFSET 0.000000 0.000000 0.000000
													}
												}
											}
										}
									}
									JOINT RightHandIndex1
									{
										OFFSET -0.086752 10.030893 2.345280
										CHANNELS 3 Zrotation Yrotation Xrotation
										JOINT RightHandIndex2
										{
											OFFSET -0.000000 4.061090 0.000000
											CHANNELS 3 Zrotation Yrotation Xrotation
											JOINT RightHandIndex3
											{
												OFFSET -0.000000 3.248873 0.000000
												CHANNELS 3 Zrotation Yrotation Xrotation
												JOINT RightHandIndex4
												{
													OFFSET -0.000000 2.639709 0.000000
													CHANNELS 3 Zrotation Yrotation Xrotation
													End Site
													{
														OFFSET 0.000000 0.000000 0.000000
													}
												}
											}
										}
									}
									JOINT RightHandMiddle1
									{
										OFFSET 0.104102 9.502952 0.006768
										CHANNELS 3 Zrotation Yrotation Xrotation
										JOINT RightHandMiddle2
										{
											OFFSET -0.000000 4.568727 -0.000000
											CHANNELS 3 Zrotation Yrotation Xrotation
											JOINT RightHandMiddle3
											{
												OFFSET -0.000000 3.654981 0.000000
												CHANNELS 3 Zrotation Yrotation Xrotation
												JOINT RightHandMiddle4
												{
													OFFSET -0.000000 2.741236 0.000000
													CHANNELS 3 Zrotation Yrotation Xrotation
													End Site
													{
														OFFSET 0.000000 0.000000 0.000000
													}
												}
											}
										}
									}
									JOINT RightHandRing1
									{
										OFFSET 0.086752 8.921708 -2.267442
										CHANNELS 3 Zrotation Yrotation Xrotation
										JOINT RightHandRing2
										{
											OFFSET 0.000000 4.061090 -0.000000
											CHANNELS 3 Zrotation Yrotation Xrotation
											JOINT RightHandRing3
											{
												OFFSET 0.000000 3.654981 -0.000000
												CHANNELS 3 Zrotation Yrotation Xrotation
												JOINT RightHandRing4
												{
													OFFSET 0.000000 2.741236 -0.000000
													CHANNELS 3 Zrotation Yrotation Xrotation
													End Site
													{
														OFFSET 0.000000 0.000000 0.000000
													}
												}
											}
										}
									}
									JOINT RightHandPinky1
									{
										OFFSET -0.173504 7.976997 -4.467199
										CHANNELS 3 Zrotation Yrotation Xrotation
										JOINT RightHandPinky2
										{
											OFFSET -0.000000 3.350399 0.000000
											CHANNELS 3 Zrotation Yrotation Xrotation
											JOINT RightHandPinky3
											{
												OFFSET 0.000000 2.842763 -0.000000
												CHANNELS 3 Zrotation Yrotation Xrotation
												JOINT RightHandPinky4
												{
													OFFSET -0.000000 2.639709 0.000000
													CHANNELS 3 Zrotation Yrotation Xrotation
													End Site
													{
														OFFSET 0.000000 0.000000 0.000000
													}
												}
											}
										}
									}
									JOINT RightForeArmEnd
									{
										OFFSET 0.000000 0.000000 0.000000
										CHANNELS 3 Zrotation Yrotation Xrotation
										End Site
										{
											OFFSET 0.000000 0.000000 0.000000
										}
									}
								}
								JOINT RightArmEnd
								{
									OFFSET 0.000000 0.000000 0.000000
									CHANNELS 3 Zrotation Yrotation Xrotation
									End Site
									{
										OFFSET 0.000000 0.000000 0.000000
									}
								}
							}
						}
					}
					JOINT LeftShoulder
					{
						OFFSET 2.625389 11.175210 0.000000
						CHANNELS 3 Zrotation Yrotation Xrotation
						JOINT LeftArm
						{
							OFFSET -0.000000 10.813635 -0.000000
							CHANNELS 3 Zrotation Yrotation Xrotation
							JOINT LeftForeArm
							{
								OFFSET 0.000000 28.724781 -0.000000
								CHANNELS 3 Zrotation Yrotation Xrotation
								JOINT LeftHand
								{
									OFFSET 0.644384 25.716167 -0.328871
									CHANNELS 3 Zrotation Yrotation Xrotation
									JOINT LeftHandThumb1
									{
										OFFSET 2.867323 3.959563 2.944291
										CHANNELS 3 Zrotation Yrotation Xrotation
										JOINT LeftHandThumb2
										{
											OFFSET -0.000000 3.350399 -0.000000
											CHANNELS 3 Zrotation Yrotation Xrotation
											JOINT LeftHandThumb3
											{
												OFFSET -0.000000 3.756509 -0.000000
												CHANNELS 3 Zrotation Yrotation Xrotation
												JOINT LeftHandThumb4
												{
													OFFSET 0.000000 3.100000 0.000000
													CHANNELS 3 Zrotation Yrotation Xrotation
													End Site
													{
														OFFSET 0.000000 0.000000 0.000000
													}
												}
											}
										}
									}
									JOINT LeftHandIndex1
									{
										OFFSET 0.086752 10.030893 2.345280
										CHANNELS 3 Zrotation Yrotation Xrotation
										JOINT LeftHandIndex2
										{
											OFFSET 0.000000 4.061090 0.000000
											CHANNELS 3 Zrotation Yrotation Xrotation
											JOINT LeftHandIndex3
											{
												OFFSET -0.000000 3.248873 -0.000000
												CHANNELS 3 Zrotation Yrotation Xrotation
												JOINT LeftHandIndex4
												{
													OFFSET 0.000000 2.639709 -0.000000
													CHANNELS 3 Zrotation Yrotation Xrotation
													End Site
													{
														OFFSET 0.000000 0.000000 0.000000
													}
												}
											}
										}
									}
									JOINT LeftHandMiddle1
									{
										OFFSET -0.104102 9.502952 0.006768
										CHANNELS 3 Zrotation Yrotation Xrotation
										JOINT LeftHandMiddle2
										{
											OFFSET -0.000000 4.568727 0.000000
											CHANNELS 3 Zrotation Yrotation Xrotation
											JOINT LeftHandMiddle3
											{
												OFFSET 0.000000 3.654981 0.000000
												CHANNELS 3 Zrotation Yrotation Xrotation
												JOINT LeftHandMiddle4
												{
													OFFSET 0.000000 2.741236 0.000000
													CHANNELS 3 Zrotation Yrotation Xrotation
													End Site
													{
														OFFSET 0.000000 0.000000 0.000000
													}
												}
											}
										}
									}
									JOINT LeftHandRing1
									{
										OFFSET -0.086752 8.921708 -2.267442
										CHANNELS 3 Zrotation Yrotation Xrotation
										JOINT LeftHandRing2
										{
											OFFSET -0.000000 4.061090 -0.000000
											CHANNELS 3 Zrotation Yrotation Xrotation
											JOINT LeftHandRing3
											{
												OFFSET -0.000000 3.654981 0.000000
												CHANNELS 3 Zrotation Yrotation Xrotation
												JOINT LeftHandRing4
												{
													OFFSET -0.000000 2.741236 -0.000000
													CHANNELS 3 Zrotation Yrotation Xrotation
													End Site
													{
														OFFSET 0.000000 0.000000 0.000000
													}
												}
											}
										}
									}
									JOINT LeftHandPinky1
									{
										OFFSET 0.173504 7.976997 -4.467199
										CHANNELS 3 Zrotation Yrotation Xrotation
										JOINT LeftHandPinky2
										{
											OFFSET 0.000000 3.350399 0.000000
											CHANNELS 3 Zrotation Yrotation Xrotation
											JOINT LeftHandPinky3
											{
												OFFSET -0.000000 2.842763 -0.000000
												CHANNELS 3 Zrotation Yrotation Xrotation
												JOINT LeftHandPinky4
												{
													OFFSET -0.000000 2.639709 -0.000000
													CHANNELS 3 Zrotation Yrotation Xrotation
													End Site
													{
														OFFSET 0.000000 0.000000 0.000000
													}
												}
											}
										}
									}
									JOINT LeftForeArmEnd
									{
										OFFSET 0.000000 0.000000 0.000000
										CHANNELS 3 Zrotation Yrotation Xrotation
										End Site
										{
											OFFSET 0.000000 0.000000 0.000000
										}
									}
								}
								JOINT LeftArmEnd
								{
									OFFSET 0.000000 0.000000 0.000000
									CHANNELS 3 Zrotation Yrotation Xrotation
									End Site
									{
										OFFSET 0.000000 0.000000 0.000000
									}
								}
							}
						}
					}
				}
			}
		}
	}
	JOINT RightUpLeg
	{
		OFFSET -11.289943 -0.000000 -0.000000
		CHANNELS 3 Zrotation Yrotation Xrotation
		JOINT RightLeg
		{
			OFFSET 0.000000 -38.200325 -0.000000
			CHANNELS 3 Zrotation Yrotation Xrotation
			JOINT RightFoot
			{
				OFFSET 0.000000 -39.900856 0.000000
				CHANNELS 3 Zrotation Yrotation Xrotation
				JOINT RightToeBase
				{
					OFFSET 0.000000 -0.000000 15.261641
					CHANNELS 3 Zrotation Yrotation Xrotation
					JOINT RightToeBaseEnd
					{
						OFFSET -0.000000 -0.000000 7.370709
						CHANNELS 3 Zrotation Yrotation Xrotation
						End Site
						{
							OFFSET 0.000000 0.000000 0.000000
						}
					}
				}
				JOINT RightLegEnd
				{
					OFFSET 0.000000 0.000000 0.000000
					CHANNELS 3 Zrotation Yrotation Xrotation
					End Site
					{
						OFFSET 0.000000 0.000000 0.000000
					}
				}
			}
			JOINT RightUpLegEnd
			{
				OFFSET 0.000000 0.000000 0.000000
				CHANNELS 3 Zrotation Yrotation Xrotation
				End Site
				{
					OFFSET 0.000000 0.000000 0.000000
				}
			}
		}
	}
	JOINT LeftUpLeg
	{
		OFFSET 11.315661 0.000000 0.000000
		CHANNELS 3 Zrotation Yrotation Xrotation
		JOINT LeftLeg
		{
			OFFSET 0.000000 -38.200325 0.000000
			CHANNELS 3 Zrotation Yrotation Xrotation
			JOINT LeftFoot
			{
				OFFSET 0.000000 -39.900856 -0.000000
				CHANNELS 3 Zrotation Yrotation Xrotation
				JOINT LeftToeBase
				{
					OFFSET 0.000000 -0.000000 15.261641
					CHANNELS 3 Zrotation Yrotation Xrotation
					JOINT LeftToeBaseEnd
					{
						OFFSET 0.000000 -0.000000 7.539996
						CHANNELS 3 Zrotation Yrotation Xrotation
						End Site
						{
							OFFSET 0.000000 0.000000 0.000000
						}
					}
				}
				JOINT LeftLegEnd
				{
					OFFSET 0.000000 0.000000 0.000000
					CHANNELS 3 Zrotation Yrotation Xrotation
					End Site
					{
						OFFSET 0.000000 0.000000 0.000000
					}
				}
			}
			JOINT LeftUpLegEnd
			{
				OFFSET 0.000000 0.000000 0.000000
				CHANNELS 3 Zrotation Yrotation Xrotation
				End Site
				{
					OFFSET 0.000000 0.000000 0.000000
				}
			}
		}
	}
}
MOTION
Frames: 106
Frame Time: 0.016667
2.709451 85.700180 6.243666 8.118533 2.231339 -15.266155 -4.895700 1.532176 8.012950 1.368793 0.377297 3.495439 -6.344624 8.236979 4.944189 -5.621113 2.061758 2.320051 -8.083249 0.630833 3.384477 -0.095530 -3.630206 -4.265481 1.959012 0.785418 -19.559490 0.000000 0.000000 0.000000 93.124420 -0.499814 9.334345 70.315811 -35.731457 5.800947 0.375409 7.247231 27.694233 0.141914 1.743976 -5.670359 0.028080 -0.028043 44.961143 0.000000 0.000000 -0.027183 0.000000 0.000000 -0.027183 0.000000 0.000000 0.000000 18.391205 16.875570 -7.087955 13.755702 -0.499559 -4.147399 13.755641 0.471761 -3.909617 0.000000 0.000000 0.000000 17.809639 6.912130 -9.096036 13.167036 -0.815404 -1.599540 13.165730 0.158310 -1.371760 0.000000 0.000000 0.000000 20.847996 -8.817627 -11.598436 13.237169 1.760119 2.068239 13.230886 -0.186777 1.610361 0.000000 0.000000 0.000000 24.541409 -25.178782 -15.406027 11.595844 3.447015 5.453380 11.574974 -0.471555 4.649950 0.000000 0.000000 0.000000 0.000000 0.000000 0.000000 0.000000 0.000000 0.000000 -94.762085 0.806580 9.200502 -53.358204 42.268986 1.875268 -1.878485 -15.110047 38.565163 -14.352144 -13.043102 -10.162531 -0.007791 0.007802 45.036652 0.000000 0.000000 0.000000 0.000000 0.000000 0.000000 0.000000 0.000000 0.000000 -27.354898 17.020872 -2.066186 -17.975239 -0.147553 5.385928 -17.977005 0.803635 5.077304 0.000000 0.000000 0.000000 -23.888134 6.994313 -4.363635 -16.259134 -0.719143 1.966157 -16.257967 0.240867 1.686186 0.000000 0.000000 0.000000 -18.871660 -8.975219 -4.848847 -13.642550 1.745267 -2.130423 -13.636184 -0.198343 -1.658783 0.000000 0.000000 0.000000 -11.959477 -25.822477 -7.673276 -9.951443 3.592640 -4.686633 -9.931871 -0.347343 -3.995910 0.000000 0.000000 0.000000 0.000000 0.000000 0.000000 0.000000 0.000000 0.000000 -23.971184 -18.614492 -6.711787 -0.431873 -0.681040 32.381256 6.826602 -17.884562 20.343512 -2.645149 -0.223495 -20.085518 0.000000 0.000000 0.000000 0.000000 0.000000 0.000000 0.000000 0.000000 0.000000 -9.776361 13.420796 14.986087 0.118803 0.474486 12.491449 6.527535 20.738485 10.714012 0.040879 -0.521387 -17.967049 0.000000 0.000000 0.000000 0.000000 0.000000 0.000000 0.000000 0.000000 0.000000 
2.739578 85.575272 6.157366 7.141131 2.108898 -16.056007 -4.875466 1.589724 7.025687 2.617930 -0.174373 4.723104 -8.349153 7.143894 6.031511 -1.229729 0.995937 3.921295 -7.625405 1.667146 1.655981 0.373486 -0.995258 -6.092400 0.234008 -0.251819 -19.539614 0.000000 0.000000 0.000000 93.359238 -0.522817 9.984801 65.873459 -36.812122 8.099711 -0.291092 7.605265 28.685768 -5.287062 0.076402 -7.471737 0.981208 -0.173815 44.617409 -0.000025 0.000008 -2.355281 0.000008 0.000021 -1.814722 -0.000028 0.000007 0.000005 20.412987 16.851089 -7.125443 14.172609 -0.600988 -3.265453 14.178632 0.396959 -3.056813 -0.000029 -0.000008 0.000002 19.126629 7.002672 -8.503636 13.145515 -0.843074 -1.276300 13.157614 0.143782 -1.114401 -0.000016 0.000020 0.000023 20.112146 -9.097891 -8.679074 12.817423 1.808627 1.656505 12.725375 -0.160520 1.264663 0.000018 -0.000454 0.000012 21.011202 -26.122356 -9.958218 11.183039 3.478972 4.277375 10.956118 -0.441081 3.633612 -0.000469 0.000005 0.000033 0.000000 0.000000 0.000000 0.000000 0.000000 0.000000 -92.950150 0.701506 9.894459 -57.334366 36.035202 -0.059744 -0.917754 -12.006904 39.169792 -13.129359 -12.598535 -9.217426 -2.133693 0.180546 44.297142 -0.000017 0.000008 -4.609652 0.000049 -0.000013 -3.576010 -0.000086 -0.000042 0.001783 -28.783133 17.363626 -4.419373 -18.065325 -0.502945 3.828227 -18.074125 0.477010 3.538884 0.000046 0.000662 0.000014 -24.958254 7.201081 -5.285775 -17.032906 -0.830173 1.486508 -16.917511 0.151142 1.266423 0.000189 -0.000044 -0.000111 -20.553375 -9.277052 -5.515547 -15.131783 1.769750 -2.006947 -15.253434 -0.194124 -1.531200 -0.000345 -0.000033 -0.000030 -13.777391 -26.559967 -7.970398 -11.781412 3.416882 -5.328060 -11.839114 -0.546591 -4.521170 0.000642 -0.000015 -0.000033 0.000000 0.000000 0.000000 0.000000 0.000000 0.000000 -23.458218 -13.103577 -5.887122 -0.483128 -1.088479 29.605587 7.833860 -21.739008 20.578421 -2.579087 -0.301065 -19.142727 0.000000 0.000000 0.000000 0.000000 0.000000 0.000000 0.000000 0.000000 0.000000 -7.953483 16.005104 17.373833 0.104276 0.543782 10.593243 6.323730 18.018110 12.546381 -0.110972 -0.535576 -17.200909 0.000000 0.000000 0.000000 0.000000 0.000000 0.000000 0.000000 0.000000 0.000000 
2.806107 85.609566 6.085000 7.002090 1.891227 -16.302422 -4.785795 1.594760 7.194013 2.619443 -0.141284 4.599789 -8.088393 7.045557 6.444904 -1.156034 1.053822 4.055576 -7.625405 1.792333 1.964337 0.392599 -0.988340 -5.765369 0.211665 -0.228069 -19.657677 0.000000 0.000000 0.000000 93.287689 -0.449824 9.843294 65.726807 -37.600395 8.258494 -0.278591 7.272769 28.599670 -5.423107 -0.225981 -7.452239 0.937264 -0.190675 44.600620 -0.000016 0.000007 -2.393631 0.000015 0.000030 -1.784933 0.000009 0.000014 -0.000017 20.061392 16.762276 -6.949566 13.965490 -0.594237 -3.314420 13.955218 0.403616 -3.103018 -0.000022 0.000013 -0.000004 18.647196 6.964788 -8.301985 12.857879 -0.838166 -1.292009 12.870988 0.145318 -1.125623 0.000010 -0.000019 0.000023 19.503458 -9.039621 -8.604754 12.384291 1.802362 1.668710 12.300111 -0.160726 1.274487 -0.000003 -0.000146 -0.000031 20.117382 -26.024857 -9.854773 10.694341 3.474636 4.292753 10.451831 -0.436271 3.650272 -0.000446 0.000022 0.000013 0.000000 0.000000 0.000000 0.000000 0.000000 0.000000 -92.728577 0.720222 9.937013 -56.870216 36.387547 0.242072 -0.797896 -11.990832 40.355721 -13.069164 -11.533863 -9.353634 -2.157442 0.197747 44.260170 0.000013 0.000014 -4.754488 0.000046 0.000004 -3.665806 -0.000037 -0.000005 0.001588 -28.978428 17.301336 -4.501225 -18.153561 -0.490990 3.890131 -18.152235 0.486774 3.592529 0.000053 0.000528 0.000009 -25.104052 7.168584 -5.336534 -17.082609 -0.823385 1.505295 -16.986271 0.154492 1.283950 0.000138 -0.000037 -0.000171 -20.884687 -9.224897 -5.522699 -15.302977 1.753567 -2.034780 -15.415941 -0.198946 -1.550097 -0.000255 0.000000 -0.000011 -14.353380 -26.440096 -7.877102 -11.954755 3.383481 -5.430069 -12.033583 -0.562011 -4.604055 0.000749 0.000012 -0.000042 0.000000 0.000000 0.000000 0.000000 0.000000 0.000000 -23.294119 -13.077013 -5.721983 -0.468309 -1.067745 29.158079 7.737386 -21.664291 20.770489 -2.583362 -0.294608 -19.101723 0.000000 0.000000 0.000000 0.000000 0.000000 0.000000 0.000000 0.000000 0.000000 -7.697922 16.308701 17.638283 0.103769 0.540403 10.319989 6.265000 18.102085 12.634701 -0.112334 -0.561869 -17.104830 0.000000 0.000000 0.000000 0.000000 0.000000 0.000000 0.000000 0.000000 0.000000 
2.860592 85.626022 6.014890 6.857640 1.669145 -16.465788 -4.682825 1.581583 7.338765 2.628050 -0.121306 4.422614 -7.863287 6.930495 6.801908 -1.112775 1.094091 4.134099 -7.603364 1.902134 2.207527 0.414441 -0.960005 -5.564373 0.182008 -0.222711 -19.826244 0.000000 0.000000 0.000000 93.211777 -0.392763 9.648373 65.650856 -38.125015 8.390903 -0.266946 7.089387 28.452528 -5.216368 -0.387888 -7.367498 0.929485 -0.197728 44.590973 -0.000009 0.000007 -2.450366 0.000008 0.000034 -1.782789 0.000011 0.000013 -0.000016 19.917494 16.748980 -6.847512 13.933786 -0.578645 -3.350974 13.906544 0.418276 -3.133386 -0.000019 0.000012 -0.000005 18.443048 6.962709 -8.133866 12.785145 -0.831564 -1.302653 12.797269 0.149882 -1.132825 0.000011 -0.000040 0.000027 19.223593 -9.034551 -8.418434 12.204419 1.790688 1.679371 12.126632 -0.166548 1.283652 -0.000002 0.000120 -0.000034 19.650372 -26.028179 -9.594695 10.455489 3.448455 4.312100 10.194022 -0.455171 3.670921 -0.000427 0.000024 -0.000010 0.000000 0.000000 0.000000 0.000000 0.000000 0.000000 -92.538017 0.717147 9.855062 -56.535641 36.402554 0.355027 -0.688470 -12.171327 41.863636 -13.184801 -10.457431 -9.527458 -2.134264 0.210780 44.240051 0.000012 0.000014 -4.783757 0.000039 0.000005 -3.683946 -0.000022 0.000002 0.001432 -28.849092 17.267229 -4.621893 -18.053417 -0.487911 3.867282 -18.042027 0.488610 3.573392 0.000051 0.000532 0.000009 -24.975636 7.147911 -5.474272 -16.975054 -0.820191 1.494958 -16.895018 0.154530 1.277325 0.000012 -0.000039 -0.000230 -20.946583 -9.183037 -5.694324 -15.301974 1.744390 -2.021658 -15.423536 -0.199992 -1.541424 -0.000093 0.000004 -0.000007 -14.568009 -26.332722 -8.035151 -11.980691 3.365080 -5.408200 -12.094144 -0.566116 -4.591341 0.000836 0.000013 -0.000042 0.000000 0.000000 0.000000 0.000000 0.000000 0.000000 -23.044987 -12.986897 -5.691101 -0.458600 -1.059746 28.842722 7.573581 -21.615673 20.936853 -2.586406 -0.290661 -19.117640 0.000000 0.000000 0.000000 0.000000 0.000000 0.000000 0.000000 0.000000 0.000000 -7.473497 16.509727 17.717033 0.102518 0.545219 10.256200 6.209800 18.187645 12.591404 -0.107929 -0.581397 -17.031761 0.000000 0.000000 0.000000 0.000000 0.000000 0.000000 0.000000 0.000000 0.000000 
2.913471 85.627724 5.939447 6.751206 1.453168 -16.586512 -4.598670 1.552343 7.454650 2.604318 -0.117346 4.274021 -7.647374 6.730525 7.067640 -1.081444 1.090793 4.226267 -7.532177 2.014816 2.366088 0.434100 -0.866090 -5.448030 0.145204 -0.221945 -19.999949 0.000000 0.000000 0.000000 93.180000 -0.375944 9.442144 65.621063 -38.421719 8.439481 -0.268597 7.068274 28.376354 -4.847995 -0.376615 -7.082723 0.927143 -0.198686 44.589931 -0.000002 0.000006 -2.475986 0.000005 0.000034 -1.783135 0.000011 0.000013 -0.000016 19.885649 16.760063 -6.739152 13.950650 -0.556366 -3.375535 13.910154 0.438712 -3.149724 -0.000016 0.000013 -0.000006 18.378117 6.973098 -7.967623 12.777534 -0.823593 -1.308045 12.784076 0.156182 -1.135199 0.000011 -0.000054 0.000029 19.060352 -9.049951 -8.157615 12.101538 1.775218 1.684508 12.020014 -0.175260 1.288548 -0.000001 0.000248 -0.000035 19.346771 -26.067694 -9.258064 10.279055 3.407231 4.323440 10.012368 -0.487650 3.683423 -0.000419 0.000024 -0.000028 0.000000 0.000000 0.000000 0.000000 0.000000 0.000000 -92.390587 0.704923 9.792765 -56.227318 36.181000 0.499694 -0.594026 -12.372991 43.301811 -13.083694 -9.587637 -9.907830 -2.058841 0.217489 44.242844 0.000012 0.000014 -4.665253 0.000038 0.000002 -3.601610 0.000025 0.000004 0.001406 -28.404680 17.252434 -4.716938 -17.775826 -0.487626 3.791887 -17.758011 0.488063 3.506462 0.000050 0.000535 0.000008 -24.571117 7.135677 -5.615436 -16.708078 -0.818294 1.466083 -16.641693 0.153054 1.254353 -0.000131 -0.000040 -0.000272 -20.706997 -9.153382 -5.904299 -15.122850 1.737668 -1.985603 -15.251245 -0.199929 -1.516591 0.000011 0.000005 -0.000007 -14.424026 -26.243412 -8.297437 -11.832470 3.348202 -5.322588 -11.976390 -0.568997 -4.525571 0.000925 0.000012 -0.000041 0.000000 0.000000 0.000000 0.000000 0.000000 0.000000 -22.836170 -12.820832 -5.694541 -0.453971 -1.059397 28.619255 7.429579 -21.615177 21.070850 -2.589352 -0.288197 -19.151840 0.000000 0.000000 0.000000 0.000000 0.000000 0.000000 0.000000 0.000000 0.000000 -7.334743 16.598898 17.697227 0.099943 0.546851 10.349104 6.202082 18.262541 12.493411 -0.113917 -0.591484 -16.977968 0.000000 0.000000 0.000000 0.000000 0.000000 0.000000 0.000000 0.000000 0.000000 
2.971153 85.621490 5.866930 6.673098 1.265749 -16.700792 -4.530910 1.519158 7.536015 2.576547 -0.124867 4.174954 -7.435798 6.480359 7.276979 -1.047882 1.063211 4.357941 -7.462370 2.149448 2.444028 0.453475 -0.714217 -5.392518 0.098523 -0.218345 -20.169662 0.000000 0.000000 0.000000 93.208885 -0.405824 9.256615 65.530342 -38.517467 8.498979 -0.275146 7.201416 28.218916 -4.412645 -0.114583 -6.651763 0.934389 -0.198212 44.589527 0.000003 0.000005 -2.493397 0.000002 0.000034 -1.795893 0.000012 0.000013 -0.000015 19.891386 16.764856 -6.625599 13.955271 -0.524961 -3.417601 13.902907 0.467478 -3.180879 -0.000014 0.000013 -0.000007 18.361631 6.983672 -7.808001 12.771099 -0.812222 -1.320876 12.772008 0.165275 -1.143456 0.000010 -0.000061 0.000031 18.930748 -9.071046 -7.877555 12.020048 1.753777 1.702343 11.929905 -0.188290 1.302625 0.000000 0.000217 -0.000034 19.073092 -26.123833 -8.892359 10.117580 3.346712 4.376985 9.852431 -0.536162 3.728198 -0.000425 0.000025 -0.000041 0.000000 0.000000 0.000000 0.000000 0.000000 0.000000 -92.306534 0.714256 9.790863 -55.921093 35.887432 0.821211 -0.524294 -12.581281 44.409027 -12.716774 -8.922962 -10.392377 -1.951039 0.218671 44.262039 0.000013 0.000014 -4.448582 0.000038 -0.000001 -3.450423 0.000100 0.000006 0.001482 -27.782637 17.239733 -4.726135 -17.370422 -0.481681 3.728031 -17.352005 0.493250 3.448951 0.000048 0.000508 0.000007 -23.995548 7.127451 -5.682352 -16.323318 -0.814401 1.442691 -16.271091 0.153294 1.234862 -0.000271 -0.000040 -0.000302 -20.247707 -9.136256 -6.030557 -14.814642 1.727869 -1.958503 -14.945620 -0.202636 -1.498469 0.000077 0.000006 -0.000007 -14.017716 -26.182856 -8.484076 -11.556947 3.320472 -5.263666 -11.720521 -0.581426 -4.478716 0.001014 0.000012 -0.000040 0.000000 0.000000 0.000000 0.000000 0.000000 0.000000 -22.686928 -12.607706 -5.677760 -0.452369 -1.062198 28.453547 7.334765 -21.645124 21.156073 -2.596197 -0.284061 -19.161652 0.000000 0.000000 0.000000 0.000000 0.000000 0.000000 0.000000 0.000000 0.000000 -7.245887 16.615788 17.659925 0.097466 0.547766 10.499939 6.222434 18.327345 12.381826 -0.124671 -0.599586 -16.932156 0.000000 0.000000 0.000000 0.000000 0.000000 0.000000 0.000000 0.000000 0.000000 
3.031076 85.612717 5.800436 6.605949 1.113083 -16.823828 -4.474415 1.488674 7.591592 2.553705 -0.137976 4.113497 -7.219814 6.213123 7.470243 -1.006176 1.028315 4.510431 -7.421505 2.315651 2.479273 0.474721 -0.529414 -5.371249 0.046015 -0.208292 -20.336943 0.000000 0.000000 0.000000 93.286911 -0.468677 9.112385 65.358543 -38.417519 8.599605 -0.279294 7.480846 28.003824 -3.964812 0.426781 -6.181913 0.957202 -0.199630 44.583256 0.000006 0.000004 -2.539276 0.000000 0.000034 -1.836788 0.000012 0.000013 -0.000014 19.929705 16.753963 -6.538435 13.947220 -0.488162 -3.480170 13.881426 0.501338 -3.231045 -0.000012 0.000013 -0.000007 18.393713 6.988825 -7.671020 12.766188 -0.798223 -1.343014 12.764647 0.176250 -1.159351 0.000009 -0.000062 0.000032 18.881786 -9.087998 -7.612029 11.976550 1.728067 1.735452 11.876417 -0.204400 1.327938 0.000002 0.000083 -0.000033 18.887121 -26.175205 -8.531409 10.005437 3.273383 4.480989 9.743072 -0.595091 3.812539 -0.000434 0.000025 -0.000050 0.000000 0.000000 0.000000 0.000000 0.000000 0.000000 -92.283340 0.742426 9.837130 -55.613377 35.597626 1.305507 -0.479906 -12.812000 45.251766 -12.180963 -8.400534 -10.786033 -1.843770 0.218517 44.284431 0.000014 0.000013 -4.221277 0.000036 -0.000004 -3.291106 0.000178 0.000006 0.001601 -27.152670 17.215569 -4.694373 -16.916939 -0.470250 3.691958 -16.899527 0.503797 3.415802 0.000046 0.000452 0.000006 -23.402340 7.117577 -5.699994 -15.897430 -0.808408 1.430761 -15.858905 0.155539 1.224178 -0.000412 -0.000040 -0.000325 -19.737070 -9.123231 -6.075545 -14.464813 1.714808 -1.947949 -14.596210 -0.208084 -1.492359 0.000111 0.000006 -0.000007 -13.537149 -26.133457 -8.569357 -11.239635 3.283525 -5.252811 -11.413177 -0.602261 -4.469266 0.001107 0.000011 -0.000040 0.000000 0.000000 0.000000 0.000000 0.000000 0.000000 -22.585001 -12.373624 -5.612349 -0.451702 -1.064143 28.308975 7.284579 -21.696203 21.217518 -2.608231 -0.278697 -19.150335 0.000000 0.000000 0.000000 0.000000 0.000000 0.000000 0.000000 0.000000 0.000000 -7.171489 16.604040 17.657841 0.095600 0.550182 10.640843 6.246455 18.377876 12.271795 -0.135631 -0.609212 -16.886564 0.000000 0.000000 0.000000 0.000000 0.000000 0.000000 0.000000 0.000000 0.000000 
3.089435 85.604568 5.740677 6.544699 0.991265 -16.954580 -4.430091 1.463149 7.628249 2.529347 -0.151076 4.071162 -6.994346 5.944752 7.666466 -0.955646 0.991548 4.660812 -7.426833 2.507932 2.503469 0.497088 -0.336591 -5.365141 -0.006459 -0.194244 -20.502197 0.000000 0.000000 0.000000 93.405106 -0.550091 9.016453 65.122398 -38.134842 8.728993 -0.278633 7.894341 27.785189 -3.501778 1.242628 -5.747855 0.997311 -0.203990 44.568985 0.000008 0.000003 -2.629411 -0.000001 0.000034 -1.910805 0.000012 0.000013 -0.000013 20.031338 16.728548 -6.488614 13.947408 -0.450965 -3.553189 13.865273 0.535707 -3.291647 -0.000012 0.000013 -0.000007 18.507586 6.987195 -7.554677 12.781697 -0.783404 -1.370582 12.780452 0.187657 -1.179959 0.000008 -0.000057 0.000032 18.964577 -9.096326 -7.357072 11.992068 1.701263 1.777710 11.882362 -0.221446 1.360135 0.000004 -0.000091 -0.000032 18.850924 -26.208540 -8.167766 9.970471 3.196899 4.617207 9.711201 -0.656532 3.922562 -0.000439 0.000026 -0.000054 0.000000 0.000000 0.000000 0.000000 0.000000 0.000000 -92.304054 0.781227 9.908930 -55.246941 35.302547 1.909749 -0.456678 -13.084745 45.981911 -11.590694 -8.006166 -11.001538 -1.754940 0.219452 44.302696 0.000015 0.000013 -4.031419 0.000032 -0.000007 -3.157173 0.000251 0.000007 0.001733 -26.610704 17.179415 -4.660759 -16.479326 -0.456321 3.677765 -16.461491 0.516739 3.402139 0.000045 0.000375 0.000005 -22.886154 7.104723 -5.695294 -15.492554 -0.801447 1.427928 -15.466088 0.158961 1.220735 -0.000561 -0.000040 -0.000343 -19.294653 -9.109763 -6.067578 -14.141963 1.700460 -1.950386 -14.272235 -0.214912 -1.495607 0.000121 0.000006 -0.000007 -13.119357 -26.084852 -8.577427 -10.948493 3.243488 -5.279235 -11.124828 -0.626827 -4.489552 0.001199 0.000011 -0.000039 0.000000 0.000000 0.000000 0.000000 0.000000 0.000000 -22.522041 -12.138626 -5.492630 -0.451127 -1.064885 28.152578 7.268955 -21.756433 21.275442 -2.624913 -0.273001 -19.128115 0.000000 0.000000 0.000000 0.000000 0.000000 0.000000 0.000000 0.000000 0.000000 -7.099874 16.592331 17.705362 0.094249 0.553911 10.740704 6.268365 18.411186 12.167356 -0.146215 -0.620048 -16.840090 0.000000 0.000000 0.000000 0.000000 0.000000 0.000000 0.000000 0.000000 0.000000 
3.143693 85.597748 5.687418 6.490417 0.895000 -17.089180 -4.399705 1.443533 7.651278 2.494193 -0.159073 4.035924 -6.756674 5.685194 7.872618 -0.896769 0.954870 4.798458 -7.471714 2.714160 2.538876 0.522173 -0.147531 -5.362763 -0.053877 -0.178497 -20.667210 0.000000 0.000000 0.000000 93.559464 -0.641259 8.962103 64.848991 -37.691795 8.853944 -0.271821 8.424725 27.584480 -3.022278 2.292387 -5.389970 1.051554 -0.210566 44.548203 0.000010 0.000002 -2.756531 -0.000002 0.000035 -2.010915 0.000012 0.000013 -0.000012 20.208332 16.694088 -6.471748 13.969394 -0.415713 -3.628435 13.869381 0.568309 -3.355328 -0.000011 0.000013 -0.000007 18.714472 6.980069 -7.454917 12.828899 -0.768808 -1.400297 12.828867 0.198758 -1.202666 0.000007 -0.000048 0.000032 19.186998 -9.096314 -7.108014 12.072375 1.675281 1.823784 11.954808 -0.238250 1.395399 0.000006 -0.000270 -0.000032 18.981352 -26.220150 -7.800255 10.018136 3.122693 4.768180 9.761983 -0.716223 4.044585 -0.000441 0.000026 -0.000056 0.000000 0.000000 0.000000 0.000000 0.000000 0.000000 -92.361092 0.826967 9.985690 -54.760685 34.978073 2.599400 -0.449528 -13.423801 46.701859 -11.052063 -7.753612 -11.020194 -1.689193 0.222055 44.314701 0.000016 0.000012 -3.893348 0.000027 -0.000009 -3.058723 0.000319 0.000008 0.001857 -26.191456 17.137363 -4.650231 -16.095585 -0.441614 3.678802 -16.075232 0.530479 3.402288 0.000044 0.000288 0.000005 -22.487226 7.090364 -5.692286 -15.146852 -0.794242 1.431634 -15.129501 0.162998 1.222629 -0.000711 -0.000040 -0.000358 -18.980089 -9.095857 -6.042072 -13.888071 1.686123 -1.962006 -14.015520 -0.222293 -1.505460 0.000117 0.000006 -0.000008 -12.838628 -26.038418 -8.547276 -10.728086 3.203933 -5.331130 -10.900543 -0.652508 -4.530357 0.001286 0.000010 -0.000038 0.000000 0.000000 0.000000 0.000000 0.000000 0.000000 -22.492079 -11.912547 -5.332083 -0.450436 -1.064677 27.982546 7.279711 -21.815634 21.337337 -2.644175 -0.268073 -19.102692 0.000000 0.000000 0.000000 0.000000 0.000000 0.000000 0.000000 0.000000 0.000000 -7.033407 16.590456 17.796398 0.093348 0.558263 10.795858 6.292370 18.427683 12.068407 -0.156838 -0.631219 -16.795851 0.000000 0.000000 0.000000 0.000000 0.000000 0.000000 0.000000 0.000000 0.000000 
3.192179 85.591682 5.640305 6.445676 0.821508 -17.225773 -4.383049 1.429912 7.664920 2.442317 -0.158073 4.002293 -6.508913 5.440796 8.092674 -0.831217 0.919657 4.923969 -7.535874 2.923481 2.598631 0.554353 0.036991 -5.356797 -0.093333 -0.162308 -20.836924 0.000000 0.000000 0.000000 93.745110 -0.738557 8.933301 64.577477 -37.088131 8.928904 -0.256564 9.054025 27.405367 -2.539632 3.503194 -5.114783 1.114599 -0.218146 44.523628 0.000010 0.000001 -2.904822 -0.000002 0.000035 -2.125395 0.000011 0.000013 -0.000012 20.448683 16.657213 -6.472652 14.018756 -0.383032 -3.701276 13.901352 0.598446 -3.417922 -0.000011 0.000012 -0.000007 18.997917 6.969915 -7.366529 12.910649 -0.754829 -1.430321 12.911478 0.209321 -1.225927 0.000006 -0.000033 0.000032 19.521076 -9.090640 -6.867052 12.212944 1.650860 1.870494 12.090093 -0.254395 1.431477 0.000008 -0.000433 -0.000031 19.254047 -26.212877 -7.441460 10.140953 3.052812 4.923002 9.887774 -0.772614 4.169973 -0.000438 0.000026 -0.000056 0.000000 0.000000 0.000000 0.000000 0.000000 0.000000 -92.452812 0.877338 10.052025 -54.131111 34.578453 3.343106 -0.453886 -13.856405 47.488598 -10.650464 -7.664615 -10.837293 -1.648248 0.226311 44.319569 0.000017 0.000012 -3.813127 0.000021 -0.000011 -3.000109 0.000380 0.000009 0.001967 -25.916183 17.094814 -4.675465 -15.794371 -0.426676 3.691424 -15.769203 0.544566 3.413140 0.000043 0.000194 0.000004 -22.231380 7.076109 -5.707466 -14.888766 -0.787033 1.440447 -14.875772 0.167419 1.228834 -0.000854 -0.000040 -0.000370 -18.830551 -9.082951 -6.026266 -13.734421 1.672212 -1.980726 -13.857090 -0.229947 -1.520377 0.000103 0.000006 -0.000008 -12.739185 -26.000025 -8.512322 -10.611238 3.166037 -5.401863 -10.772352 -0.678430 -4.586111 0.001365 0.000010 -0.000038 0.000000 0.000000 0.000000 0.000000 0.000000 0.000000 -22.491665 -11.700516 -5.145203 -0.449600 -1.063226 27.810513 7.312335 -21.871271 21.403200 -2.663888 -0.265117 -19.078600 0.000000 0.000000 0.000000 0.000000 0.000000 0.000000 0.000000 0.000000 0.000000 -6.979558 16.595413 17.918993 0.092968 0.563125 10.815824 6.324091 18.429550 11.973181 -0.167608 -0.642670 -16.756584 0.000000 0.000000 0.000000 0.000000 0.000000 0.000000 0.000000 0.000000 0.000000 
3.234007 85.585609 5.598688 6.412549 0.771206 -17.360786 -4.378754 1.421377 7.670537 2.371553 -0.146268 3.970512 -6.256886 5.212913 8.323887 -0.761964 0.886133 5.042303 -7.597658 3.124648 2.693048 0.597552 0.217045 -5.339555 -0.122818 -0.146064 -21.016705 0.000000 0.000000 0.000000 93.954010 -0.840659 8.909492 64.353249 -36.301502 8.905706 -0.231048 9.771240 27.247534 -2.065941 4.788856 -4.900638 1.182919 -0.225796 44.497261 0.000011 0.000001 -3.062950 -0.000003 0.000035 -2.246201 0.000010 0.000013 -0.000011 20.742224 16.623562 -6.473473 14.104523 -0.352649 -3.770443 13.971570 0.626276 -3.478355 -0.000012 0.000012 -0.000006 19.341022 6.959167 -7.282926 13.032253 -0.741476 -1.460130 13.033265 0.219386 -1.249260 0.000005 -0.000014 0.000032 19.934826 -9.082433 -6.637524 12.411471 1.627998 1.916649 12.286464 -0.269903 1.467615 0.000010 -0.000564 -0.000030 19.633398 -26.192263 -7.104574 10.331356 2.987206 5.077364 10.081465 -0.825731 4.295600 -0.000429 0.000026 -0.000055 0.000000 0.000000 0.000000 0.000000 0.000000 0.000000 -92.573120 0.928377 10.096460 -53.395832 34.027023 4.098786 -0.466977 -14.413092 48.413055 -10.453031 -7.762427 -10.452003 -1.635896 0.231909 44.316280 0.000018 0.000011 -3.799239 0.000015 -0.000012 -2.988044 0.000433 0.000009 0.002063 -25.816435 17.056786 -4.736836 -15.610800 -0.411324 3.714804 -15.578045 0.559243 3.434086 0.000042 0.000090 0.000003 -22.150974 7.063833 -5.744174 -14.751908 -0.779762 1.453961 -14.736753 0.172238 1.239149 -0.000979 -0.000041 -0.000379 -18.880198 -9.073773 -6.029735 -13.714673 1.658616 -2.006081 -13.830480 -0.237946 -1.539985 0.000080 0.000007 -0.000009 -12.853328 -25.978739 -8.488031 -10.628458 3.129554 -5.489742 -10.770336 -0.704813 -4.655126 0.001433 0.000010 -0.000037 0.000000 0.000000 0.000000 0.000000 0.000000 0.000000 -22.519032 -11.506960 -4.944079 -0.448701 -1.060156 27.646141 7.365462 -21.925308 21.470297 -2.682729 -0.264962 -19.057932 0.000000 0.000000 0.000000 0.000000 0.000000 0.000000 0.000000 0.000000 0.000000 -6.944463 16.600138 18.058441 0.093196 0.568806 10.812811 6.366832 18.417774 11.879930 -0.178441 -0.654726 -16.723228 0.000000 0.000000 0.000000 0.000000 0.000000 0.000000 0.000000 0.000000 0.000000 
3.269134 85.579308 5.561385 6.390763 0.745107 -17.486996 -4.384385 1.416325 7.667241 2.283824 -0.124471 3.944356 -6.008035 4.999210 8.553606 -0.692516 0.853396 5.156357 -7.638857 3.305900 2.833636 0.652748 0.389307 -5.301538 -0.141139 -0.129736 -21.208490 0.000000 0.000000 0.000000 94.175156 -0.946219 8.871257 64.210335 -35.318996 8.748721 -0.195752 10.570306 27.113522 -1.598609 6.067626 -4.711347 1.255777 -0.232840 44.470051 0.000011 0.000000 -3.226550 -0.000003 0.000035 -2.370757 0.000009 0.000013 -0.000011 21.094639 16.596851 -6.462123 14.242532 -0.323493 -3.838105 14.095963 0.652739 -3.538629 -0.000012 0.000011 -0.000006 19.741632 6.949764 -7.199512 13.205808 -0.728449 -1.490469 13.206900 0.229231 -1.273241 0.000004 0.000008 0.000031 20.409380 -9.074583 -6.421946 12.672824 1.606105 1.963010 12.548858 -0.285142 1.504459 0.000011 -0.000652 -0.000029 20.091185 -26.164583 -6.796576 10.586908 2.924135 5.232803 10.341518 -0.876943 4.423279 -0.000411 0.000026 -0.000053 0.000000 0.000000 0.000000 0.000000 0.000000 0.000000 -92.708145 0.974320 10.109873 -52.652279 33.240208 4.804423 -0.487947 -15.119485 49.526543 -10.501875 -8.068849 -9.864599 -1.661235 0.238569 44.302597 0.000018 0.000011 -3.869860 0.000008 -0.000014 -3.036723 0.000481 0.000009 0.002149 -25.949213 17.028055 -4.827382 -15.597019 -0.394537 3.751641 -15.553596 0.575573 3.467577 0.000041 -0.000030 0.000002 -22.300032 7.055732 -5.795423 -14.786472 -0.772042 1.473048 -14.761950 0.177733 1.254349 -0.001074 -0.000041 -0.000385 -19.177511 -9.072093 -6.046125 -13.876521 1.644691 -2.039384 -13.983747 -0.246741 -1.565211 0.000049 0.000007 -0.000009 -13.222051 -25.985687 -8.469942 -10.819482 3.092757 -5.598602 -10.934766 -0.733126 -4.740189 0.001490 0.000010 -0.000036 0.000000 0.000000 0.000000 0.000000 0.000000 0.000000 -22.570667 -11.334861 -4.739569 -0.447900 -1.055534 27.490713 7.439026 -21.980118 21.537655 -2.700012 -0.267869 -19.043011 0.000000 0.000000 0.000000 0.000000 0.000000 0.000000 0.000000 0.000000 0.000000 -6.930137 16.598442 18.198402 0.094027 0.575726 10.795195 6.421163 18.391066 11.788334 -0.189153 -0.667485 -16.696726 0.000000 0.000000 0.000000 0.000000 0.000000 0.000000 0.000000 0.000000 0.000000 
3.298122 85.573196 5.526639 6.377639 0.741689 -17.595785 -4.396127 1.412795 7.654772 2.184734 -0.095692 3.928282 -5.770987 4.797039 8.764033 -0.627228 0.820913 5.264303 -7.643301 3.456355 3.029081 0.718533 0.548190 -5.233738 -0.148405 -0.113679 -21.406811 0.000000 0.000000 0.000000 94.392609 -1.052472 8.808624 64.161041 -34.155209 8.446973 -0.153682 11.440162 27.012794 -1.125830 7.281486 -4.506268 1.333439 -0.238737 44.442585 0.000010 0.000000 -3.394098 -0.000003 0.000036 -2.498575 0.000008 0.000013 -0.000011 21.519253 16.578850 -6.437529 14.449593 -0.294287 -3.908682 14.290958 0.679051 -3.602710 -0.000013 0.000011 -0.000005 20.206800 6.942933 -7.116598 13.445782 -0.715342 -1.522849 13.448037 0.239189 -1.299130 0.000003 0.000032 0.000030 20.938463 -9.069418 -6.221668 13.005703 1.584477 2.011610 12.885285 -0.300549 1.543449 0.000013 -0.000693 -0.000028 20.609716 -26.136621 -6.517763 10.908762 2.861627 5.393868 10.669112 -0.927883 4.557219 -0.000384 0.000026 -0.000051 0.000000 0.000000 0.000000 0.000000 0.000000 0.000000 -92.838921 1.009367 10.088028 -52.015785 32.171032 5.393569 -0.518304 -15.982072 50.829857 -10.791948 -8.575624 -9.083317 -1.738328 0.246284 44.274834 0.000019 0.000010 -4.053406 0.000001 -0.000015 -3.167525 0.000527 0.000010 0.002223 -26.394663 17.011944 -4.940784 -15.819557 -0.374734 3.808012 -15.762568 0.595167 3.518913 0.000041 -0.000168 0.000001 -22.752390 7.053696 -5.851346 -15.056801 -0.763238 1.499808 -15.016566 0.184360 1.276115 -0.001129 -0.000041 -0.000387 -19.787268 -9.081760 -6.057665 -14.280549 1.629430 -2.083331 -14.378392 -0.257019 -1.598030 0.000010 0.000007 -0.000010 -13.900921 -26.031776 -8.434510 -11.234625 3.053055 -5.736549 -11.317215 -0.765560 -4.847519 0.001533 0.000010 -0.000034 0.000000 0.000000 0.000000 0.000000 0.000000 0.000000 -22.640736 -11.185656 -4.541403 -0.447374 -1.050000 27.337811 7.533009 -22.034939 21.609102 -2.715236 -0.273444 -19.039072 0.000000 0.000000 0.000000 0.000000 0.000000 0.000000 0.000000 0.000000 0.000000 -6.934011 16.589500 18.323645 0.095328 0.584242 10.765218 6.485279 18.346947 11.700857 -0.199255 -0.680571 -16.679308 0.000000 0.000000 0.000000 0.000000 0.000000 0.000000 0.000000 0.000000 0.000000 
3.321559 85.568619 5.492711 6.368320 0.756183 -17.681215 -4.409089 1.408615 7.634474 2.082607 -0.064268 3.926075 -5.552922 4.604924 8.939455 -0.569477 0.788693 5.362460 -7.601260 3.572241 3.284843 0.792557 0.691154 -5.128651 -0.147109 -0.099064 -21.601137 0.000000 0.000000 0.000000 94.588051 -1.155651 8.723681 64.191681 -32.850552 8.011707 -0.109122 12.361680 26.962160 -0.625444 8.410393 -4.249431 1.415339 -0.243083 44.415581 0.000010 0.000000 -3.563206 -0.000003 0.000036 -2.628207 0.000006 0.000013 -0.000011 22.021875 16.569931 -6.413761 14.736194 -0.263854 -3.987273 14.567083 0.706408 -3.675074 -0.000014 0.000011 -0.000005 20.740801 6.939091 -7.043918 13.762627 -0.701722 -1.559017 13.768430 0.249569 -1.328427 0.000002 0.000057 0.000029 21.524530 -9.068125 -6.041534 13.417315 1.562441 2.065056 13.301867 -0.316556 1.586294 0.000015 -0.000690 -0.000026 21.186531 -26.113470 -6.269951 11.298714 2.797809 5.566335 11.065034 -0.980164 4.702365 -0.000345 0.000026 -0.000047 0.000000 0.000000 0.000000 0.000000 0.000000 0.000000 -92.945396 1.028640 10.033953 -51.571404 30.811781 5.817209 -0.561330 -16.982761 52.271317 -11.282772 -9.251164 -8.126754 -1.879815 0.255077 44.229725 0.000019 0.000010 -4.375582 -0.000004 -0.000016 -3.399028 0.000572 0.000010 0.002278 -27.223751 17.009806 -5.075482 -16.339493 -0.350159 3.891120 -16.266756 0.619755 3.594272 0.000040 -0.000318 0.000000 -23.572794 7.058767 -5.905004 -15.622145 -0.752597 1.536774 -15.561902 0.192627 1.306406 -0.001139 -0.000041 -0.000385 -20.768587 -9.105113 -6.045590 -14.982152 1.611601 -2.141032 -15.070897 -0.269523 -1.640735 -0.000040 0.000007 -0.000010 -14.942576 -26.123327 -8.353611 -11.920607 3.007481 -5.913279 -11.966197 -0.804484 -4.984405 0.001561 0.000010 -0.000033 0.000000 0.000000 0.000000 0.000000 0.000000 0.000000 -22.721581 -11.060043 -4.353870 -0.447234 -1.044476 27.175829 7.646413 -22.085289 21.692089 -2.727932 -0.280848 -19.053497 0.000000 0.000000 0.000000 0.000000 0.000000 0.000000 0.000000 0.000000 0.000000 -6.948384 16.577187 18.423201 0.096899 0.594640 10.721886 6.554685 18.281282 11.621102 -0.208130 -0.693516 -16.673294 0.000000 0.000000 0.000000 0.000000 0.000000 0.000000 0.000000 0.000000 0.000000 
3.339600 85.567665 5.458473 6.357575 0.782037 -17.741997 -4.419250 1.401874 7.609320 1.984910 -0.034335 3.939100 -5.355666 4.422178 9.072165 -0.520228 0.756406 5.447528 -7.512920 3.657563 3.602002 0.872561 0.819301 -4.982613 -0.141179 -0.087511 -21.782051 0.000000 0.000000 0.000000 94.743103 -1.251860 8.628192 64.263107 -31.463160 7.472145 -0.065527 13.310631 26.977678 -0.060605 9.468075 -3.919520 1.500947 -0.245832 44.389450 0.000009 0.000001 -3.733362 -0.000003 0.000037 -2.759144 0.000005 0.000013 -0.000011 22.601061 16.568733 -6.417769 15.102606 -0.230990 -4.078516 14.925172 0.736102 -3.759651 -0.000015 0.000011 -0.000005 21.345650 6.937652 -7.000993 14.158792 -0.687074 -1.600573 14.171371 0.260708 -1.362504 0.000001 0.000083 0.000028 22.180113 -9.070153 -5.894621 13.910018 1.539210 2.125934 13.800076 -0.333699 1.634666 0.000016 -0.000648 -0.000025 21.839161 -26.095360 -6.063280 11.757617 2.730364 5.756358 11.528807 -1.035779 4.863718 -0.000295 0.000025 -0.000044 0.000000 0.000000 0.000000 0.000000 0.000000 0.000000 -93.008881 1.028579 9.958754 -51.342903 29.181644 6.063035 -0.621052 -18.084881 53.771862 -11.932947 -10.063404 -7.026762 -2.088147 0.264594 44.166889 0.000020 0.000010 -4.841002 -0.000008 -0.000017 -3.733575 0.000612 0.000010 0.002305 -28.452473 17.019733 -5.231980 -17.177944 -0.319298 4.005944 -17.088167 0.650715 3.697830 0.000040 -0.000470 -0.000000 -24.776232 7.070361 -5.953903 -16.502974 -0.739414 1.585688 -16.420879 0.202942 1.346498 -0.001110 -0.000042 -0.000378 -22.138880 -9.141166 -6.001201 -15.998809 1.589940 -2.214508 -16.079744 -0.284859 -1.694792 -0.000104 0.000007 -0.000010 -16.364655 -26.257027 -8.212727 -12.892779 2.953104 -6.135627 -12.899197 -0.851898 -5.155777 0.001577 0.000010 -0.000033 0.000000 0.000000 0.000000 0.000000 0.000000 0.000000 -22.803150 -10.956044 -4.175261 -0.447426 -1.039702 26.993647 7.775907 -22.125914 21.792881 -2.737776 -0.289074 -19.092293 0.000000 0.000000 0.000000 0.000000 0.000000 0.000000 0.000000 0.000000 0.000000 -6.963496 16.563835 18.490318 0.098559 0.606967 10.667046 6.622925 18.188799 11.551995 -0.215563 -0.705885 -16.679430 0.000000 0.000000 0.000000 0.000000 0.000000 0.000000 0.000000 0.000000 0.000000 
3.352234 85.572121 5.423535 6.342224 0.813211 -17.779993 -4.425231 1.391649 7.583591 1.895411 -0.008721 3.962768 -5.174671 4.248763 9.164829 -0.477126 0.723047 5.515588 -7.389841 3.720649 3.974553 0.956272 0.934981 -4.798915 -0.134104 -0.080161 -21.944338 0.000000 0.000000 0.000000 94.840225 -1.336864 8.540442 64.322250 -30.067358 6.869101 -0.024835 14.257266 27.074789 0.602552 10.494096 -3.517612 1.589095 -0.247317 44.364239 0.000008 0.000001 -3.905017 -0.000004 0.000037 -2.891195 0.000003 0.000013 -0.000011 23.248409 16.571329 -6.469291 15.533523 -0.194790 -4.184404 15.350194 0.769151 -3.857831 -0.000016 0.000011 -0.000005 22.018278 6.936899 -7.002028 14.621923 -0.670999 -1.648048 14.644387 0.272852 -1.401758 -0.000000 0.000109 0.000027 22.915939 -9.073133 -5.794017 14.472796 1.514166 2.195172 14.368310 -0.352374 1.689139 0.000017 -0.000571 -0.000024 22.585958 -26.076866 -5.908724 12.277453 2.657385 5.966335 12.051625 -1.096346 5.043033 -0.000240 0.000025 -0.000040 0.000000 0.000000 0.000000 0.000000 0.000000 0.000000 -93.011925 1.007366 9.881901 -51.282238 27.332834 6.169445 -0.700693 -19.239363 55.254707 -12.718089 -10.981945 -5.831573 -2.348739 0.273955 44.090618 0.000020 0.000009 -5.418653 -0.000008 -0.000018 -4.147224 0.000642 0.000009 0.002307 -30.002222 17.035887 -5.399891 -18.282223 -0.281778 4.150972 -18.174822 0.688215 3.828054 0.000040 -0.000613 -0.000001 -26.292381 7.085823 -5.993408 -17.647831 -0.723444 1.645855 -17.544344 0.215332 1.395694 -0.001053 -0.000042 -0.000368 -23.836935 -9.184897 -5.926610 -17.278978 1.563778 -2.302476 -17.354065 -0.303092 -1.759185 -0.000173 0.000007 -0.000011 -18.115767 -26.417971 -8.016380 -14.107609 2.888397 -6.400955 -14.075092 -0.908261 -5.359317 0.001583 0.000011 -0.000032 0.000000 0.000000 0.000000 0.000000 0.000000 0.000000 -22.872293 -10.865184 -4.003588 -0.447745 -1.036043 26.789560 7.914340 -22.155239 21.911444 -2.744657 -0.297197 -19.156935 0.000000 0.000000 0.000000 0.000000 0.000000 0.000000 0.000000 0.000000 0.000000 -6.972177 16.544825 18.521612 0.100150 0.620737 10.607235 6.683889 18.066782 11.497195 -0.222086 -0.717164 -16.696981 0.000000 0.000000 0.000000 0.000000 0.000000 0.000000 0.000000 0.000000 0.000000 
3.359308 85.581787 5.388983 6.318497 0.844090 -17.797215 -4.427323 1.378224 7.558216 1.818042 0.010369 3.988700 -5.001495 4.085360 9.225113 -0.433216 0.687747 5.566135 -7.256019 3.775565 4.384411 1.039210 1.044389 -4.591568 -0.130683 -0.076892 -22.086346 0.000000 0.000000 0.000000 94.866180 -1.404936 8.475530 64.327461 -28.749245 6.237044 0.011160 15.163933 27.288828 1.378170 11.525639 -3.067378 1.672657 -0.247491 44.341633 0.000007 0.000002 -4.067530 -0.000004 0.000038 -3.016052 0.000002 0.000012 -0.000011 23.932335 16.573053 -6.562427 15.993735 -0.154774 -4.303110 15.806540 0.806024 -3.967349 -0.000017 0.000011 -0.000005 22.730780 6.935355 -7.042130 15.119830 -0.653361 -1.700333 15.154200 0.286061 -1.445073 -0.000001 0.000135 0.000027 23.710205 -9.074981 -5.744938 15.074315 1.486962 2.271018 14.974832 -0.372630 1.748436 0.000017 -0.000462 -0.000023 23.405886 -26.051907 -5.811137 12.832864 2.577835 6.191727 12.608541 -1.162488 5.236212 -0.000186 0.000025 -0.000036 0.000000 0.000000 0.000000 0.000000 0.000000 0.000000 -92.944527 0.966074 9.819162 -51.296165 25.355116 6.196234 -0.797409 -20.382957 56.680412 -13.632116 -11.936030 -4.595766 -2.626216 0.281971 44.010624 0.000020 0.000009 -6.034171 -0.000006 -0.000019 -4.584790 0.000665 0.000009 0.002284 -31.681332 17.049416 -5.546688 -19.512180 -0.238941 4.315737 -19.387144 0.730712 3.975579 0.000040 -0.000729 -0.000002 -27.949207 7.100537 -6.010624 -18.920244 -0.705145 1.713185 -18.797476 0.229243 1.450547 -0.000977 -0.000042 -0.000356 -25.704617 -9.227868 -5.831653 -18.692469 1.533403 -2.399134 -18.763638 -0.323531 -1.829533 -0.000233 0.000006 -0.000011 -20.057621 -26.580860 -7.787681 -15.453996 2.813910 -6.693655 -15.385354 -0.971769 -5.582839 0.001580 0.000011 -0.000032 0.000000 0.000000 0.000000 0.000000 0.000000 0.000000 -22.911924 -10.773575 -3.843411 -0.448083 -1.034103 26.576504 8.051229 -22.175634 22.038517 -2.747860 -0.304622 -19.244299 0.000000 0.000000 0.000000 0.000000 0.000000 0.000000 0.000000 0.000000 0.000000 -6.966192 16.509094 18.516973 0.101656 0.635297 10.549454 6.732241 17.915258 11.461158 -0.228372 -0.726844 -16.725540 0.000000 0.000000 0.000000 0.000000 0.000000 0.000000 0.000000 0.000000 0.000000 
3.362114 85.594971 5.356743 6.289793 0.874050 -17.798182 -4.429378 1.362269 7.534323 1.749797 0.022706 4.007340 -4.826997 3.926650 9.265707 -0.385914 0.648810 5.600830 -7.134923 3.840255 4.815380 1.119059 1.160114 -4.373582 -0.135089 -0.076591 -22.208092 0.000000 0.000000 0.000000 94.816368 -1.454305 8.439953 64.250175 -27.554005 5.617399 0.042872 15.997191 27.632025 2.257542 12.619236 -2.599453 1.744784 -0.246368 44.323116 0.000006 0.000003 -4.208924 -0.000004 0.000038 -3.124854 0.000000 0.000012 -0.000012 24.616083 16.572533 -6.665682 16.452471 -0.112177 -4.428972 16.263027 0.845576 -4.082792 -0.000018 0.000011 -0.000005 23.448061 6.932632 -7.095284 15.622028 -0.634747 -1.754840 15.668885 0.299893 -1.490176 -0.000002 0.000159 0.000026 24.527271 -9.074780 -5.730814 15.681842 1.458495 2.349316 15.587413 -0.393704 1.809554 0.000017 -0.000321 -0.000021 24.260838 -26.018379 -5.757398 13.397408 2.494583 6.421350 13.173893 -1.231811 5.433738 -0.000138 0.000024 -0.000032 0.000000 0.000000 0.000000 0.000000 0.000000 0.000000 -92.809471 0.907853 9.781047 -51.281754 23.341810 6.223360 -0.907962 -21.465643 58.037575 -14.669155 -12.858465 -3.376724 -2.886164 0.287318 43.936752 0.000020 0.000010 -6.612025 -0.000003 -0.000020 -4.993320 0.000683 0.000010 0.002232 -33.297318 17.061121 -5.643470 -20.727898 -0.193767 4.486335 -20.585369 0.775310 4.128188 0.000041 -0.000810 -0.000002 -29.569550 7.113518 -5.995411 -20.182341 -0.685751 1.782314 -20.043327 0.243738 1.506707 -0.000892 -0.000042 -0.000342 -27.567383 -9.266685 -5.726784 -20.105865 1.500670 -2.496980 -20.173840 -0.344858 -1.900318 -0.000263 0.000006 -0.000011 -22.026590 -26.732882 -7.553623 -16.814703 2.734042 -6.991633 -16.714149 -1.038335 -5.809511 0.001570 0.000011 -0.000031 0.000000 0.000000 0.000000 0.000000 0.000000 0.000000 -22.918316 -10.673102 -3.703138 -0.448282 -1.033656 26.375193 8.178308 -22.187965 22.163818 -2.747882 -0.311242 -19.348604 0.000000 0.000000 0.000000 0.000000 0.000000 0.000000 0.000000 0.000000 0.000000 -6.944862 16.455601 18.484707 0.103070 0.649868 10.493498 6.768061 17.739437 11.449464 -0.235329 -0.734554 -16.762875 0.000000 0.000000 0.000000 0.000000 0.000000 0.000000 0.000000 0.000000 0.000000 
3.362857 85.609619 5.328225 6.262586 0.904705 -17.789621 -4.435843 1.344943 7.513605 1.687154 0.029005 4.012706 -4.647680 3.767573 9.301784 -0.335329 0.605067 5.624088 -7.045763 3.928982 5.255740 1.194945 1.291904 -4.154353 -0.148934 -0.078006 -22.313707 0.000000 0.000000 0.000000 94.701950 -1.487305 8.433490 64.081757 -26.482346 5.043559 0.071159 16.737213 28.095636 3.214653 13.802508 -2.134755 1.802878 -0.244336 44.308777 0.000005 0.000003 -4.325542 -0.000005 0.000039 -3.214735 -0.000001 0.000012 -0.000012 25.273573 16.569717 -6.749210 16.889357 -0.068773 -4.556055 16.698359 0.886132 -4.198763 -0.000018 0.000011 -0.000005 24.141888 6.928731 -7.138049 16.105663 -0.615954 -1.809021 16.164425 0.313777 -1.534896 -0.000003 0.000182 0.000026 25.332275 -9.071844 -5.734909 16.267223 1.429981 2.426137 16.178366 -0.414672 1.869638 0.000018 -0.000154 -0.000021 25.111309 -25.975136 -5.734953 13.946180 2.411425 6.644784 13.723287 -1.301231 5.626766 -0.000100 0.000024 -0.000029 0.000000 0.000000 0.000000 0.000000 0.000000 0.000000 -92.622711 0.837823 9.772971 -51.176575 21.357742 6.311743 -1.026883 -22.463139 59.331814 -15.822015 -13.698363 -2.203168 -3.108193 0.289619 43.874531 0.000020 0.000010 -7.107280 0.000000 -0.000021 -5.342608 0.000701 0.000010 0.002148 -34.731876 17.074871 -5.674180 -21.838707 -0.149012 4.652226 -21.678616 0.819404 4.276629 0.000041 -0.000854 -0.000003 -31.039833 7.125390 -5.943591 -21.343195 -0.666450 1.849171 -21.191748 0.258011 1.560923 -0.000804 -0.000042 -0.000327 -29.302992 -9.300710 -5.622251 -21.427565 1.467546 -2.590293 -21.492472 -0.365879 -1.967420 -0.000254 0.000005 -0.000011 -23.900141 -26.868471 -7.339115 -18.105579 2.653566 -7.277191 -17.978479 -1.104064 -6.026049 0.001554 0.000011 -0.000031 0.000000 0.000000 0.000000 0.000000 0.000000 0.000000 -22.896969 -10.561349 -3.588053 -0.448170 -1.033859 26.201042 8.289352 -22.192196 22.281359 -2.745763 -0.317425 -19.462673 0.000000 0.000000 0.000000 0.000000 0.000000 0.000000 0.000000 0.000000 0.000000 -6.913095 16.390165 18.435740 0.104326 0.663727 10.441645 6.793257 17.551834 11.464195 -0.243475 -0.740126 -16.806725 0.000000 0.000000 0.000000 0.000000 0.000000 0.000000 0.000000 0.000000 0.000000 
3.361786 85.624321 5.304753 6.235023 0.933774 -17.774002 -4.446637 1.327187 7.491380 1.631975 0.029527 4.008469 -4.460236 3.604785 9.343319 -0.278262 0.557181 5.645358 -6.995941 4.046550 5.686719 1.265384 1.444681 -3.946323 -0.173460 -0.081501 -22.411385 0.000000 0.000000 0.000000 94.546051 -1.507636 8.441411 63.839180 -25.505777 4.507639 0.094190 17.387281 28.678989 4.214994 15.042600 -1.666981 1.848167 -0.241488 44.297993 0.000004 0.000004 -4.420828 -0.000006 0.000039 -3.288705 -0.000003 0.000012 -0.000012 25.891495 16.567549 -6.811914 17.297066 -0.025388 -4.681200 17.104105 0.926853 -4.312449 -0.000019 0.000011 -0.000005 24.796701 6.925147 -7.169339 16.560984 -0.597389 -1.861593 16.630526 0.327469 -1.578143 -0.000004 0.000203 0.000026 26.102659 -9.067665 -5.755567 16.817522 1.401922 2.499755 16.734718 -0.435168 1.927404 0.000018 0.000035 -0.000020 25.928885 -25.926498 -5.739089 14.465647 2.329798 6.857548 14.243813 -1.369571 5.811187 -0.000074 0.000024 -0.000026 0.000000 0.000000 0.000000 0.000000 0.000000 0.000000 -92.410675 0.762959 9.789468 -50.969704 19.433268 6.485293 -1.144081 -23.376797 60.586220 -17.087502 -14.380348 -1.060523 -3.280313 0.288948 43.827164 0.000020 0.000010 -7.494141 0.000002 -0.000022 -5.614838 0.000721 0.000010 0.002022 -35.919418 17.093813 -5.638160 -22.792175 -0.106193 4.807826 -22.614685 0.861588 4.415981 0.000041 -0.000866 -0.000003 -32.292595 7.136842 -5.859412 -22.349516 -0.647923 1.911648 -22.189669 0.271606 1.611512 -0.000709 -0.000042 -0.000313 -30.837282 -9.330047 -5.527486 -22.603008 1.435109 -2.676344 -22.665249 -0.385982 -2.028954 -0.000211 0.000005 -0.000011 -25.602789 -26.984091 -7.159763 -19.274923 2.574936 -7.541679 -19.127636 -1.166929 -6.226088 0.001532 0.000012 -0.000031 0.000000 0.000000 0.000000 0.000000 0.000000 0.000000 -22.851501 -10.439472 -3.503309 -0.447851 -1.034451 26.056213 8.379775 -22.187603 22.391472 -2.741693 -0.323729 -19.578262 0.000000 0.000000 0.000000 0.000000 0.000000 0.000000 0.000000 0.000000 0.000000 -6.869725 16.318893 18.376003 0.105506 0.676996 10.397087 6.805205 17.363815 11.498837 -0.252637 -0.744404 -16.853167 0.000000 0.000000 0.000000 0.000000 0.000000 0.000000 0.000000 0.000000 0.000000 
3.359379 85.637993 5.287996 6.207740 0.961279 -17.759289 -4.461399 1.310112 7.468344 1.583023 0.025793 4.000626 -4.266251 3.436537 9.396384 -0.214444 0.506432 5.669603 -6.980738 4.191875 6.101197 1.331626 1.620857 -3.751961 -0.207410 -0.088038 -22.506001 0.000000 0.000000 0.000000 94.376137 -1.521511 8.453018 63.549450 -24.577925 4.003537 0.112375 17.953163 29.340111 5.240809 16.343006 -1.178998 1.885376 -0.238179 44.289299 0.000003 0.000005 -4.503180 -0.000007 0.000039 -3.353682 -0.000004 0.000012 -0.000012 26.465059 16.569475 -6.863614 17.677097 0.017849 -4.805202 17.481136 0.967663 -4.424699 -0.000019 0.000011 -0.000005 25.406881 6.923192 -7.194768 16.986023 -0.579147 -1.912909 17.065260 0.341007 -1.620247 -0.000005 0.000221 0.000025 26.829224 -9.063699 -5.787826 17.326838 1.374349 2.570900 17.250385 -0.455285 1.983323 0.000018 0.000238 -0.000019 26.701485 -25.877337 -5.758868 14.947426 2.249702 7.062069 14.727118 -1.437068 5.988645 -0.000058 0.000024 -0.000023 0.000000 0.000000 0.000000 0.000000 0.000000 0.000000 -92.201363 0.687946 9.830217 -50.671623 17.597460 6.769991 -1.251775 -24.202044 61.802704 -18.436129 -14.869122 0.053101 -3.401918 0.285530 43.795231 0.000021 0.000010 -7.768318 0.000002 -0.000023 -5.808159 0.000748 0.000010 0.001854 -36.849525 17.123222 -5.555650 -23.578058 -0.065816 4.952524 -23.383488 0.901451 4.545698 0.000041 -0.000855 -0.000004 -33.308201 7.150205 -5.759574 -23.188852 -0.630475 1.969609 -23.024561 0.284411 1.658392 -0.000606 -0.000042 -0.000301 -32.139336 -9.357825 -5.451467 -23.615057 1.403986 -2.755281 -23.675491 -0.405021 -2.085142 -0.000145 0.000004 -0.000012 -27.094427 -27.085629 -7.023459 -20.302279 2.499479 -7.784592 -20.141127 -1.226398 -6.409571 0.001506 0.000012 -0.000031 0.000000 0.000000 0.000000 0.000000 0.000000 0.000000 -22.793795 -10.313876 -3.442962 -0.447483 -1.035206 25.936031 8.450075 -22.171854 22.494190 -2.737108 -0.330015 -19.686323 0.000000 0.000000 0.000000 0.000000 0.000000 0.000000 0.000000 0.000000 0.000000 -6.817426 16.249989 18.317562 0.106691 0.689665 10.362259 6.801939 17.185610 11.540318 -0.262440 -0.748605 -16.894991 0.000000 0.000000 0.000000 0.000000 0.000000 0.000000 0.000000 0.000000 0.000000 
3.355560 85.650352 5.278973 6.180978 0.987191 -17.753296 -4.479528 1.294834 7.447473 1.537220 0.019970 3.993453 -4.067660 3.263472 9.464825 -0.145717 0.454463 5.697387 -6.987464 4.352499 6.490734 1.395677 1.813026 -3.572072 -0.246293 -0.098401 -22.600218 0.000000 0.000000 0.000000 94.217026 -1.534531 8.461650 63.244850 -23.665297 3.522977 0.125868 18.439268 30.024765 6.252280 17.692101 -0.677980 1.918314 -0.234913 44.281349 0.000003 0.000005 -4.579681 -0.000008 0.000040 -3.414745 -0.000005 0.000012 -0.000011 26.985510 16.576223 -6.915669 18.025406 0.060418 -4.927815 17.825594 1.008054 -4.535340 -0.000019 0.000010 -0.000005 25.963690 6.923060 -7.222856 17.374489 -0.561410 -1.963005 17.462374 0.354312 -1.661259 -0.000006 0.000236 0.000025 27.500874 -9.060187 -5.831889 17.786953 1.347468 2.639850 17.716654 -0.474941 2.037522 0.000018 0.000448 -0.000018 27.418144 -25.829304 -5.790703 15.381700 2.171631 7.259387 15.163125 -1.503284 6.159678 -0.000050 0.000024 -0.000021 0.000000 0.000000 0.000000 0.000000 0.000000 0.000000 -92.015617 0.615617 9.894976 -50.310734 15.875377 7.181566 -1.344113 -24.932333 62.970230 -19.814554 -15.154595 1.131360 -3.477342 0.280050 43.777515 0.000021 0.000010 -7.937974 -0.000001 -0.000024 -5.928170 0.000780 0.000009 0.001656 -37.532909 17.163958 -5.449313 -24.198082 -0.028396 5.085416 -23.987370 0.938477 4.665028 0.000041 -0.000833 -0.000004 -34.089138 7.166188 -5.661235 -23.861635 -0.614356 2.022832 -23.696505 0.296286 1.701425 -0.000494 -0.000041 -0.000291 -33.205036 -9.384986 -5.400023 -24.460646 1.374688 -2.827215 -24.520456 -0.422809 -2.136192 -0.000068 0.000004 -0.000012 -28.365768 -27.174068 -6.932032 -21.181858 2.428338 -8.005691 -21.012201 -1.281876 -6.576509 0.001475 0.000013 -0.000031 0.000000 0.000000 0.000000 0.000000 0.000000 0.000000 -22.733227 -10.188001 -3.397074 -0.447234 -1.036000 25.834206 8.504131 -22.148312 22.588989 -2.733708 -0.335628 -19.778677 0.000000 0.000000 0.000000 0.000000 0.000000 0.000000 0.000000 0.000000 0.000000 -6.761120 16.187513 18.270348 0.107875 0.701688 10.341456 6.782568 17.024426 11.573949 -0.272291 -0.753768 -16.925856 0.000000 0.000000 0.000000 0.000000 0.000000 0.000000 0.000000 0.000000 0.000000 
3.349734 85.661568 5.278004 6.154374 1.010970 -17.761465 -4.500460 1.282323 7.431929 1.491391 0.014285 3.989290 -3.866225 3.087088 9.550350 -0.075006 0.403023 5.727035 -7.004140 4.514014 6.845464 1.459378 2.010909 -3.407760 -0.285337 -0.112891 -22.694260 0.000000 0.000000 0.000000 94.086502 -1.550033 8.463427 62.959820 -22.753582 3.055935 0.135089 18.846634 30.669508 7.202995 19.059837 -0.191351 1.949039 -0.232208 44.273182 0.000002 0.000005 -4.654606 -0.000009 0.000040 -3.474160 -0.000006 0.000012 -0.000011 27.440617 16.586050 -6.977929 18.331551 0.101266 -5.047232 18.127895 1.046960 -4.642711 -0.000018 0.000010 -0.000004 26.456497 6.923911 -7.261925 17.715149 -0.544526 -2.011321 17.810726 0.367123 -1.700738 -0.000006 0.000248 0.000025 28.106590 -9.056218 -5.890141 18.187359 1.321819 2.706028 18.122322 -0.493771 2.089505 0.000019 0.000659 -0.000017 28.069233 -25.781776 -5.834683 15.757765 2.097059 7.448052 15.540586 -1.566811 6.322843 -0.000052 0.000024 -0.000019 0.000000 0.000000 0.000000 0.000000 0.000000 0.000000 -91.865501 0.547247 9.982148 -49.918293 14.285135 7.720908 -1.417370 -25.561344 64.072464 -21.163090 -15.237431 2.157822 -3.512857 0.273449 43.771847 0.000021 0.000010 -8.017286 -0.000006 -0.000025 -5.983690 0.000814 0.000009 0.001443 -37.987595 17.212980 -5.338001 -24.657545 0.005303 5.204636 -24.432472 0.971868 4.772394 0.000041 -0.000808 -0.000005 -34.647522 7.183884 -5.578059 -24.372551 -0.599866 2.070704 -24.209383 0.307006 1.740155 -0.000369 -0.000041 -0.000283 -34.044975 -9.410324 -5.374715 -25.142344 1.347805 -2.891653 -25.202841 -0.439023 -2.181856 0.000014 0.000004 -0.000012 -29.425959 -27.245945 -6.881256 -21.914890 2.362919 -8.203230 -21.740383 -1.332359 -6.725593 0.001438 0.000013 -0.000031 0.000000 0.000000 0.000000 0.000000 0.000000 0.000000 -22.675682 -10.062015 -3.357363 -0.447315 -1.037004 25.745987 8.547233 -22.121176 22.674528 -2.732655 -0.339549 -19.849937 0.000000 0.000000 0.000000 0.000000 0.000000 0.000000 0.000000 0.000000 0.000000 -6.705444 16.131159 18.241686 0.109060 0.713021 10.337074 6.746867 16.883972 11.587111 -0.281613 -0.760811 -16.940990 0.000000 0.000000 0.000000 0.000000 0.000000 0.000000 0.000000 0.000000 0.000000 
3.341433 85.671890 5.284222 6.130813 1.032964 -17.788206 -4.525318 1.273574 7.426438 1.441184 0.011209 3.987671 -3.664777 2.909415 9.654824 -0.007615 0.353715 5.756360 -7.023013 4.666037 7.158132 1.524367 2.204620 -3.259454 -0.319700 -0.130612 -22.786234 0.000000 0.000000 0.000000 93.995682 -1.569955 8.461102 62.726185 -21.850168 2.605626 0.141852 19.170422 31.195049 8.053820 20.400082 0.236040 1.977744 -0.230591 44.264286 0.000002 0.000005 -4.728490 -0.000010 0.000040 -3.530869 -0.000007 0.000012 -0.000011 27.815792 16.595325 -7.050456 18.579838 0.139049 -5.160602 18.373556 1.083040 -4.744174 -0.000018 0.000009 -0.000004 26.872471 6.924106 -7.313719 17.992214 -0.528961 -2.056845 18.094553 0.379063 -1.737869 -0.000007 0.000256 0.000025 28.632660 -9.050094 -5.961370 18.513302 1.298190 2.768138 18.451630 -0.511209 2.138283 0.000019 0.000868 -0.000017 28.640898 -25.732677 -5.889665 16.061544 2.028256 7.624667 15.844479 -1.625585 6.475240 -0.000061 0.000024 -0.000017 0.000000 0.000000 0.000000 0.000000 0.000000 0.000000 -91.755234 0.483378 10.091816 -49.510944 12.837746 8.387089 -1.470770 -26.084036 65.085815 -22.414703 -15.130987 3.093130 -3.516661 0.266803 43.775082 0.000021 0.000010 -8.026308 -0.000013 -0.000025 -5.987506 0.000845 0.000008 0.001234 -38.238548 17.264977 -5.237050 -24.965210 0.034358 5.307826 -24.728186 1.000656 4.865785 0.000041 -0.000784 -0.000005 -35.004147 7.201460 -5.521281 -24.730284 -0.587348 2.112353 -24.570808 0.316301 1.773913 -0.000235 -0.000040 -0.000277 -34.679493 -9.431677 -5.376215 -25.666973 1.324017 -2.947571 -25.729464 -0.453252 -2.221497 0.000098 0.000004 -0.000012 -30.293386 -27.296965 -6.866065 -22.507284 2.304951 -8.373979 -22.329466 -1.376550 -6.854410 0.001395 0.000013 -0.000030 0.000000 0.000000 0.000000 0.000000 0.000000 0.000000 -22.625530 -9.930951 -3.317438 -0.447871 -1.038389 25.672083 8.583971 -22.092068 22.748430 -2.734404 -0.340665 -19.899626 0.000000 0.000000 0.000000 0.000000 0.000000 0.000000 0.000000 0.000000 0.000000 -6.657103 16.079891 18.237547 0.110181 0.723310 10.351155 6.697160 16.767202 11.571947 -0.289960 -0.770063 -16.938393 0.000000 0.000000 0.000000 0.000000 0.000000 0.000000 0.000000 0.000000 0.000000 
3.330347 85.681145 5.296154 6.112684 1.052513 -17.834328 -4.554678 1.268976 7.433436 1.383494 0.012453 3.988788 -3.466988 2.732175 9.777507 0.051878 0.307970 5.783597 -7.044796 4.806531 7.424004 1.591700 2.389916 -3.128466 -0.347363 -0.150549 -22.871117 0.000000 0.000000 0.000000 93.946602 -1.593018 8.458998 62.568546 -20.977407 2.179939 0.148060 19.400370 31.522568 8.774033 21.655487 0.564588 2.002585 -0.230235 44.255039 0.000002 0.000005 -4.796843 -0.000011 0.000040 -3.580846 -0.000007 0.000013 -0.000010 28.097122 16.601408 -7.127523 18.755915 0.172067 -5.263673 18.549480 1.114637 -4.835956 -0.000018 0.000009 -0.000004 27.198870 6.922557 -7.375031 18.191792 -0.515342 -2.097940 18.300131 0.389604 -1.771359 -0.000008 0.000259 0.000025 29.063061 -9.041095 -6.040179 18.752541 1.277704 2.823942 18.691452 -0.526445 2.182156 0.000019 0.001073 -0.000016 29.115282 -25.682787 -5.950956 16.282520 1.968518 7.782792 16.063576 -1.676765 6.611607 -0.000076 0.000024 -0.000016 0.000000 0.000000 0.000000 0.000000 0.000000 0.000000 -91.680840 0.424213 10.222335 -49.094231 11.532679 9.166488 -1.505642 -26.499067 65.975685 -23.513422 -14.849286 3.890079 -3.496105 0.261010 43.784283 0.000021 0.000010 -7.983558 -0.000021 -0.000026 -5.951331 0.000868 0.000008 0.001036 -38.308449 17.313873 -5.152857 -25.129423 0.057671 5.392005 -24.883144 1.023741 4.942721 0.000041 -0.000760 -0.000006 -35.179047 7.216731 -5.494713 -24.943060 -0.577210 2.146609 -24.787766 0.323853 1.801789 -0.000098 -0.000039 -0.000272 -35.128101 -9.446974 -5.399601 -26.041492 1.304131 -2.993436 -26.107363 -0.465005 -2.254069 0.000181 0.000003 -0.000012 -30.984810 -27.324694 -6.876732 -22.966204 2.256529 -8.513232 -22.784470 -1.412870 -6.959430 0.001344 0.000013 -0.000029 0.000000 0.000000 0.000000 0.000000 0.000000 0.000000 -22.585140 -9.791232 -3.276453 -0.448994 -1.040338 25.615818 8.617309 -22.059128 22.808987 -2.738358 -0.338329 -19.930780 0.000000 0.000000 0.000000 0.000000 0.000000 0.000000 0.000000 0.000000 0.000000 -6.619820 16.033611 18.259811 0.111218 0.732197 10.382850 6.637586 16.675436 11.526068 -0.297075 -0.781470 -16.917881 0.000000 0.000000 0.000000 0.000000 0.000000 0.000000 0.000000 0.000000 0.000000 
3.317160 85.688690 5.312449 6.101391 1.069733 -17.898924 -4.587646 1.267993 7.453334 1.315727 0.018980 3.995000 -3.277725 2.555672 9.913573 0.101021 0.266474 5.808485 -7.074395 4.940791 7.642987 1.662971 2.569843 -3.015214 -0.369351 -0.172307 -22.941000 0.000000 0.000000 0.000000 93.935173 -1.616915 8.464456 62.490860 -20.159920 1.796946 0.156507 19.524469 31.583981 9.351613 22.793245 0.776488 2.021379 -0.231022 44.246231 0.000003 0.000004 -4.853791 -0.000012 0.000039 -3.619900 -0.000008 0.000013 -0.000010 28.280214 16.604193 -7.200946 18.855188 0.198392 -5.351414 18.652094 1.139953 -4.913791 -0.000017 0.000008 -0.000004 27.431854 6.919246 -7.439321 18.310137 -0.504422 -2.132648 18.423672 0.398135 -1.799667 -0.000009 0.000259 0.000026 29.389650 -9.029965 -6.115360 18.903486 1.261699 2.870571 18.839828 -0.538536 2.218954 0.000020 0.001277 -0.000016 29.484461 -25.636293 -6.008508 16.422623 1.921822 7.914070 16.199757 -1.717147 6.725195 -0.000092 0.000024 -0.000014 0.000000 0.000000 0.000000 0.000000 0.000000 0.000000 -91.634995 0.369867 10.375072 -48.652687 10.368871 10.037202 -1.525229 -26.806858 66.684166 -24.419001 -14.406060 4.489676 -3.456830 0.256617 43.797272 0.000021 0.000010 -7.902606 -0.000030 -0.000027 -5.884042 0.000875 0.000007 0.000847 -38.215328 17.355513 -5.086408 -25.159735 0.074074 5.453826 -24.906517 1.040041 5.000521 0.000040 -0.000739 -0.000006 -35.187462 7.228357 -5.497416 -25.019577 -0.569908 2.172141 -24.867697 0.329330 1.822759 0.000029 -0.000039 -0.000270 -35.400810 -9.455924 -5.437777 -26.272306 1.289107 -3.027465 -26.343330 -0.473752 -2.278342 0.000257 0.000004 -0.000012 -31.503815 -27.332466 -6.904382 -23.298395 2.220167 -8.615479 -23.110350 -1.439566 -7.036624 0.001287 0.000014 -0.000029 0.000000 0.000000 0.000000 0.000000 0.000000 0.000000 -22.556761 -9.646654 -3.234029 -0.450646 -1.042958 25.575518 8.647657 -22.017046 22.857067 -2.743667 -0.332343 -19.947338 0.000000 0.000000 0.000000 0.000000 0.000000 0.000000 0.000000 0.000000 0.000000 -6.593102 15.994966 18.308060 0.112236 0.739417 10.427244 6.573452 16.606821 11.452516 -0.302966 -0.794562 -16.879902 0.000000 0.000000 0.000000 0.000000 0.000000 0.000000 0.000000 0.000000 0.000000 
3.302913 85.694160 5.332284 6.096305 1.086104 -17.979710 -4.623061 1.269391 7.483447 1.236532 0.030511 4.009462 -3.099206 2.378707 10.055239 0.142279 0.228461 5.830802 -7.116488 5.073317 7.817691 1.739606 2.747450 -2.920617 -0.387049 -0.195639 -22.990685 0.000000 0.000000 0.000000 93.954552 -1.637663 8.485870 62.478455 -19.420338 1.468054 0.168298 19.548628 31.364624 9.779419 23.788651 0.868458 2.032813 -0.232825 44.238380 0.000003 0.000004 -4.895705 -0.000012 0.000039 -3.646079 -0.000008 0.000013 -0.000010 28.367994 16.603741 -7.267771 18.879179 0.216312 -5.418801 18.683237 1.157384 -4.973423 -0.000017 0.000008 -0.000004 27.574596 6.914249 -7.504112 18.349644 -0.496892 -2.159002 18.467499 0.404098 -1.821233 -0.000010 0.000256 0.000027 29.613222 -9.017401 -6.182112 18.970251 1.251361 2.905004 18.901194 -0.546639 2.246402 0.000020 0.001486 -0.000016 29.752914 -25.596140 -6.061760 16.490097 1.891684 8.009608 16.261683 -1.743906 6.808701 -0.000105 0.000024 -0.000013 0.000000 0.000000 0.000000 0.000000 0.000000 0.000000 -91.605988 0.320145 10.552625 -48.160095 9.343843 10.974840 -1.535588 -27.018702 67.143188 -25.107374 -13.798097 4.834227 -3.402665 0.254005 43.812473 0.000021 0.000009 -7.792867 -0.000039 -0.000028 -5.791894 0.000863 0.000006 0.000660 -37.974857 17.385784 -5.036271 -25.065750 0.082695 5.490350 -24.807222 1.048777 5.036752 0.000040 -0.000718 -0.000006 -35.042461 7.235066 -5.525915 -24.967962 -0.565780 2.187765 -24.817944 0.332486 1.835918 0.000138 -0.000039 -0.000268 -35.502357 -9.458347 -5.484964 -26.364277 1.279711 -3.048123 -26.442656 -0.479071 -2.293210 0.000321 0.000004 -0.000013 -31.847788 -27.323599 -6.943664 -23.508085 2.197916 -8.676004 -23.310583 -1.455218 -7.082505 0.001224 0.000014 -0.000028 0.000000 0.000000 0.000000 0.000000 0.000000 0.000000 -22.540730 -9.504674 -3.187002 -0.452644 -1.046045 25.543638 8.674422 -21.965025 22.896778 -2.749459 -0.323229 -19.952133 0.000000 0.000000 0.000000 0.000000 0.000000 0.000000 0.000000 0.000000 0.000000 -6.574634 15.962824 18.378605 0.113303 0.744827 10.479553 6.510007 16.555042 11.357795 -0.308050 -0.808628 -16.826685 0.000000 0.000000 0.000000 0.000000 0.000000 0.000000 0.000000 0.000000 0.000000 
3.288932 85.697723 5.355228 6.096331 1.105202 -18.074551 -4.659992 1.271767 7.521569 1.144206 0.046272 4.032244 -2.932802 2.195131 10.197844 0.181984 0.189981 5.850388 -7.172966 5.207808 7.955341 1.822235 2.926852 -2.842561 -0.402890 -0.220826 -23.019974 0.000000 0.000000 0.000000 94.002243 -1.653394 8.529343 62.491898 -18.779680 1.201700 0.183098 19.492081 30.906200 10.083433 24.636538 0.860279 2.036609 -0.235525 44.231606 0.000004 0.000003 -4.922134 -0.000012 0.000040 -3.659903 -0.000009 0.000013 -0.000009 28.371429 16.601059 -7.335562 18.836582 0.224395 -5.461744 18.650827 1.165618 -5.011382 -0.000017 0.000008 -0.000004 27.638065 6.907847 -7.575345 18.319271 -0.493355 -2.175413 18.440380 0.407033 -1.834762 -0.000010 0.000249 0.000027 29.745684 -9.003646 -6.245783 18.962774 1.247661 2.924676 18.885925 -0.550070 2.262616 0.000020 0.001701 -0.000016 29.939035 -25.562910 -6.120912 16.498232 1.880989 8.062194 16.263189 -1.754776 6.856145 -0.000117 0.000024 -0.000011 0.000000 0.000000 0.000000 0.000000 0.000000 0.000000 -91.583321 0.274313 10.759344 -47.588806 8.473547 11.953023 -1.544520 -27.151987 67.288345 -25.558073 -13.028987 4.858659 -3.334217 0.252917 43.829865 0.000022 0.000009 -7.654779 -0.000047 -0.000029 -5.676056 0.000826 0.000005 0.000477 -37.592102 17.405766 -4.999313 -24.855818 0.082939 5.499844 -24.592619 1.049475 5.049928 0.000040 -0.000697 -0.000006 -34.746895 7.237534 -5.574878 -24.794445 -0.565083 2.192732 -24.644556 0.333158 1.840681 0.000220 -0.000039 -0.000266 -35.424225 -9.456025 -5.538338 -26.318689 1.276580 -3.054409 -26.406765 -0.480663 -2.297952 0.000370 0.000004 -0.000013 -31.999714 -27.304390 -6.997107 -23.594231 2.191498 -8.691646 -23.384653 -1.458744 -7.094849 0.001155 0.000014 -0.000028 0.000000 0.000000 0.000000 0.000000 0.000000 0.000000 -22.535814 -9.374179 -3.129105 -0.454640 -1.049057 25.508772 8.695877 -21.906822 22.933159 -2.755519 -0.311835 -19.944727 0.000000 0.000000 0.000000 0.000000 0.000000 0.000000 0.000000 0.000000 0.000000 -6.562231 15.934962 18.467260 0.114409 0.748160 10.535739 6.452600 16.514751 11.249824 -0.312542 -0.822655 -16.760780 0.000000 0.000000 0.000000 0.000000 0.000000 0.000000 0.000000 0.000000 0.000000 
3.274653 85.699509 5.381716 6.096155 1.127852 -18.177092 -4.698481 1.274115 7.560535 1.042954 0.063866 4.058063 -2.773517 1.997174 10.342451 0.229593 0.146000 5.866354 -7.248860 5.344589 8.063991 1.907216 3.106252 -2.779318 -0.419635 -0.248831 -23.032944 0.000000 0.000000 0.000000 94.070045 -1.661223 8.584678 62.495941 -18.255026 0.981442 0.195963 19.380020 30.285114 10.290828 25.315300 0.764874 2.030035 -0.238868 44.226734 0.000004 0.000002 -4.927558 -0.000012 0.000040 -3.659310 -0.000009 0.000014 -0.000009 28.293129 16.596239 -7.415864 18.731976 0.223163 -5.479907 18.557558 1.165109 -5.027398 -0.000017 0.000008 -0.000004 27.623905 6.900255 -7.661624 18.223557 -0.493562 -2.181724 18.347002 0.407061 -1.840135 -0.000011 0.000239 0.000028 29.790199 -8.988542 -6.320957 18.884861 1.250248 2.929469 18.798948 -0.549050 2.267509 0.000020 0.001916 -0.000015 30.047844 -25.533579 -6.202736 16.448727 1.888614 8.070967 16.206959 -1.750447 6.866724 -0.000131 0.000024 -0.000009 0.000000 0.000000 0.000000 0.000000 0.000000 0.000000 -91.553223 0.232744 10.988713 -46.927593 7.758517 12.940938 -1.558909 -27.226685 67.087021 -25.769190 -12.097694 4.530776 -3.246428 0.252969 43.851189 0.000022 0.000008 -7.476142 -0.000052 -0.000030 -5.527963 0.000774 0.000004 0.000290 -37.053669 17.416246 -4.962605 -24.525444 0.075445 5.483241 -24.258791 1.042720 5.040711 0.000040 -0.000673 -0.000006 -34.290474 7.235851 -5.630610 -24.494144 -0.567551 2.187369 -24.343540 0.331508 1.837288 0.000287 -0.000039 -0.000265 -35.154846 -9.448570 -5.590994 -26.129700 1.279258 -3.046740 -26.229292 -0.478770 -2.292767 0.000405 0.000004 -0.000013 -31.948812 -27.272665 -7.063135 -23.549681 2.199862 -8.663916 -23.326759 -1.450803 -7.074544 0.001079 0.000014 -0.000027 0.000000 0.000000 0.000000 0.000000 0.000000 0.000000 -22.536047 -9.254829 -3.061578 -0.456401 -1.051458 25.469702 8.715542 -21.855700 22.966490 -2.761194 -0.299898 -19.926258 0.000000 0.000000 0.000000 0.000000 0.000000 0.000000 0.000000 0.000000 0.000000 -6.554808 15.901408 18.563795 0.115469 0.749749 10.596368 6.403183 16.475878 11.132148 -0.317216 -0.836466 -16.686207 0.000000 0.000000 0.000000 0.000000 0.000000 0.000000 0.000000 0.000000 0.000000 
3.259538 85.699860 5.412349 6.093252 1.155017 -18.285685 -4.737819 1.276130 7.597515 0.934988 0.081604 4.080470 -2.616712 1.776211 10.491005 0.290591 0.091813 5.882626 -7.346175 5.488084 8.157765 1.990445 3.288934 -2.723805 -0.440644 -0.280027 -23.033983 0.000000 0.000000 0.000000 94.153664 -1.662584 8.642638 62.456680 -17.865828 0.803570 0.204810 19.226854 29.575890 10.439863 25.848606 0.616687 2.011333 -0.242219 44.224842 0.000005 0.000002 -4.907771 -0.000012 0.000040 -3.642653 -0.000009 0.000014 -0.000009 28.138941 16.593750 -7.510843 18.577789 0.214181 -5.475923 18.413721 1.157425 -5.023798 -0.000016 0.000007 -0.000004 27.535454 6.893466 -7.762363 18.075165 -0.496910 -2.178988 18.199684 0.404667 -1.838160 -0.000012 0.000224 0.000029 29.753815 -8.974353 -6.409889 18.749744 1.258071 2.921271 18.653427 -0.544370 2.262490 0.000021 0.002128 -0.000015 30.084106 -25.511477 -6.306710 16.351452 1.911301 8.041828 16.103338 -1.733790 6.845420 -0.000155 0.000024 -0.000006 0.000000 0.000000 0.000000 0.000000 0.000000 0.000000 -91.510323 0.196378 11.239923 -46.150372 7.239875 13.920141 -1.583587 -27.249222 66.523880 -25.698730 -11.044711 3.812853 -3.135431 0.253201 43.878468 0.000023 0.000008 -7.244784 -0.000055 -0.000031 -5.340733 0.000716 0.000003 0.000109 -36.339851 17.424372 -4.919122 -24.070309 0.061246 5.442936 -23.801245 1.029572 5.011021 0.000039 -0.000643 -0.000006 -33.657722 7.232711 -5.685657 -24.062302 -0.572856 2.172598 -23.911106 0.327834 1.826423 0.000339 -0.000039 -0.000263 -34.678967 -9.439418 -5.640626 -25.793882 1.287126 -3.026484 -25.905893 -0.473918 -2.278588 0.000440 0.000004 -0.000013 -31.680738 -27.237526 -7.144208 -23.370281 2.221204 -8.597717 -23.134642 -1.433088 -7.025265 0.000996 0.000014 -0.000027 0.000000 0.000000 0.000000 0.000000 0.000000 0.000000 -22.534817 -9.142070 -2.983835 -0.457765 -1.053130 25.428986 8.733693 -21.817181 22.993765 -2.766540 -0.288364 -19.898977 0.000000 0.000000 0.000000 0.000000 0.000000 0.000000 0.000000 0.000000 0.000000 -6.551714 15.859985 18.665415 0.116408 0.749841 10.660903 6.363948 16.435251 11.010118 -0.322559 -0.849456 -16.607479 0.000000 0.000000 0.000000 0.000000 0.000000 0.000000 0.000000 0.000000 0.000000 
3.242807 85.699234 5.447011 6.085105 1.184454 -18.397358 -4.776731 1.277834 7.631114 0.823206 0.098057 4.095088 -2.457089 1.527626 10.643581 0.368666 0.024797 5.900560 -7.469072 5.640610 8.245558 2.067523 3.475628 -2.671644 -0.468001 -0.314057 -23.023909 0.000000 0.000000 0.000000 94.246742 -1.657580 8.696712 62.362335 -17.617538 0.666145 0.208978 19.045338 28.842773 10.544314 26.274857 0.445941 1.982276 -0.244810 44.226288 0.000005 0.000001 -4.865491 -0.000012 0.000040 -3.613072 -0.000009 0.000014 -0.000009 27.934483 16.598837 -7.615807 18.400005 0.200162 -5.455747 18.244013 1.145217 -5.005949 -0.000016 0.000007 -0.000004 27.393991 6.890061 -7.870630 17.901207 -0.502335 -2.169645 18.025541 0.400714 -1.830771 -0.000012 0.000206 0.000030 29.660118 -8.964664 -6.505599 18.587494 1.269303 2.903881 18.479336 -0.537382 2.250375 0.000021 0.002329 -0.000015 30.064575 -25.503849 -6.419384 16.231560 1.943623 7.985732 15.978005 -1.709540 6.801568 -0.000190 0.000024 -0.000004 0.000000 0.000000 0.000000 0.000000 0.000000 0.000000 -91.448067 0.166072 11.510363 -45.241222 6.968724 14.868407 -1.620101 -27.219976 65.606697 -25.327282 -9.925471 2.704528 -3.001793 0.252879 43.912491 0.000023 0.000007 -6.958428 -0.000054 -0.000032 -5.113683 0.000660 0.000002 -0.000061 -35.452103 17.434793 -4.867722 -23.498833 0.042193 5.383817 -23.228031 1.011820 4.964924 0.000039 -0.000603 -0.000005 -32.854572 7.230038 -5.737617 -23.507204 -0.580333 2.150343 -23.356430 0.322666 1.809591 0.000377 -0.000039 -0.000262 -34.008900 -9.431249 -5.687366 -25.323612 1.298973 -2.996332 -25.448135 -0.466954 -2.257308 0.000482 0.000004 -0.000013 -31.212000 -27.206997 -7.238627 -23.067917 2.252182 -8.502089 -22.821577 -1.408426 -6.953826 0.000906 0.000014 -0.000027 0.000000 0.000000 0.000000 0.000000 0.000000 0.000000 -22.524046 -9.030582 -2.901667 -0.458769 -1.054424 25.389662 8.748070 -21.790617 23.012091 -2.771152 -0.277851 -19.866594 0.000000 0.000000 0.000000 0.000000 0.000000 0.000000 0.000000 0.000000 0.000000 -6.551483 15.812407 18.770567 0.117239 0.748829 10.725518 6.337348 16.391239 10.890632 -0.329123 -0.861091 -16.529829 0.000000 0.000000 0.000000 0.000000 0.000000 0.000000 0.000000 0.000000 0.000000 
3.223763 85.698151 5.484985 6.071847 1.211426 -18.507450 -4.815924 1.279620 7.660997 0.711065 0.111881 4.098684 -2.289324 1.253117 10.797882 0.464176 -0.054829 5.918496 -7.619054 5.799034 8.327225 2.134739 3.661798 -2.624325 -0.500643 -0.348828 -23.000904 0.000000 0.000000 0.000000 94.339676 -1.645441 8.744590 62.231304 -17.488821 0.569068 0.209300 18.853619 28.136856 10.599104 26.623533 0.270602 1.948694 -0.246204 44.230030 0.000006 0.000000 -4.812636 -0.000011 0.000040 -3.579398 -0.000009 0.000014 -0.000009 27.727808 16.613724 -7.720429 18.235899 0.184633 -5.427657 18.085588 1.131834 -4.981245 -0.000016 0.000007 -0.000003 27.242638 6.891593 -7.975545 17.740808 -0.508411 -2.157132 17.864092 0.396320 -1.820724 -0.000013 0.000182 0.000030 29.553724 -8.962055 -6.595388 18.441641 1.281445 2.882407 18.320744 -0.529833 2.234971 0.000021 0.002512 -0.000015 30.027655 -25.514938 -6.521437 16.127508 1.978380 7.917336 15.869985 -1.683649 6.747579 -0.000238 0.000024 -0.000001 0.000000 0.000000 0.000000 0.000000 0.000000 0.000000 -91.360558 0.141899 11.793818 -44.205345 6.973689 15.758164 -1.666574 -27.138847 64.390663 -24.680748 -8.776187 1.251512 -2.853047 0.252026 43.951492 0.000023 0.000007 -6.632461 -0.000051 -0.000033 -4.857642 0.000613 0.000001 -0.000213 -34.435482 17.446499 -4.828409 -22.844799 0.020874 5.312371 -22.572800 0.991842 4.907817 0.000039 -0.000547 -0.000005 -31.927837 7.227780 -5.801461 -22.863489 -0.588929 2.123193 -22.714848 0.316723 1.788833 0.000406 -0.000040 -0.000261 -33.201721 -9.424033 -5.745606 -24.758400 1.312912 -2.959837 -24.895182 -0.458957 -2.231461 0.000537 0.000004 -0.000014 -30.604757 -27.181929 -7.350125 -22.679729 2.287917 -8.388834 -22.425396 -1.380487 -6.869185 0.000810 0.000014 -0.000026 0.000000 0.000000 0.000000 0.000000 0.000000 0.000000 -22.497515 -8.914570 -2.827154 -0.459630 -1.055842 25.359293 8.755031 -21.773628 23.019369 -2.774307 -0.268856 -19.835047 0.000000 0.000000 0.000000 0.000000 0.000000 0.000000 0.000000 0.000000 0.000000 -6.554374 15.762444 18.878889 0.117982 0.746913 10.783186 6.326243 16.339556 10.780547 -0.337587 -0.870597 -16.458120 0.000000 0.000000 0.000000 0.000000 0.000000 0.000000 0.000000 0.000000 0.000000 
3.202001 85.697533 5.526017 6.055320 1.228939 -18.611767 -4.856919 1.281389 7.684536 0.602694 0.121626 4.092159 -2.108502 0.960932 10.947963 0.572022 -0.144099 5.937993 -7.796634 5.962684 8.395697 2.189325 3.845146 -2.587965 -0.537138 -0.380745 -22.963303 0.000000 0.000000 0.000000 94.422363 -1.627125 8.788641 62.090603 -17.441751 0.518647 0.206257 18.669094 27.489479 10.609688 26.893953 0.102167 1.917499 -0.246464 44.234314 0.000007 -0.000001 -4.764076 -0.000011 0.000040 -3.551313 -0.000009 0.000014 -0.000008 27.565874 16.637566 -7.814050 18.117367 0.170525 -5.398024 17.971476 1.119924 -4.955304 -0.000015 0.000006 -0.000003 27.125671 6.897963 -8.067589 17.628252 -0.513938 -2.144204 17.749836 0.392375 -1.810257 -0.000013 0.000154 0.000031 29.482916 -8.966642 -6.668313 18.350897 1.292303 2.860961 18.217316 -0.523149 2.219355 0.000021 0.002670 -0.000014 30.022821 -25.542141 -6.598441 16.075974 2.009250 7.849119 15.815872 -1.661077 6.693883 -0.000297 0.000024 0.000001 0.000000 0.000000 0.000000 0.000000 0.000000 0.000000 -91.247612 0.123659 12.081476 -43.065449 7.228681 16.565569 -1.720074 -27.005453 62.974983 -23.855553 -7.593101 -0.448141 -2.703154 0.251400 43.991116 0.000024 0.000006 -6.298422 -0.000047 -0.000033 -4.594987 0.000575 0.000000 -0.000345 -33.383755 17.453640 -4.849080 -22.165005 -0.000414 5.233634 -21.892330 0.971695 4.843827 0.000040 -0.000477 -0.000004 -30.966570 7.224098 -5.915112 -22.190180 -0.597600 2.093241 -22.045494 0.310629 1.765785 0.000435 -0.000040 -0.000261 -32.355644 -9.415225 -5.848233 -24.163153 1.326964 -2.920086 -24.311602 -0.450882 -2.203244 0.000606 0.000004 -0.000014 -29.960096 -27.156282 -7.497673 -22.266665 2.323534 -8.268739 -22.007122 -1.352604 -6.779419 0.000715 0.000014 -0.000026 0.000000 0.000000 0.000000 0.000000 0.000000 0.000000 -22.454535 -8.790990 -2.769485 -0.460671 -1.057833 25.346701 8.753448 -21.761148 23.014557 -2.775452 -0.261480 -19.810137 0.000000 0.000000 0.000000 0.000000 0.000000 0.000000 0.000000 0.000000 0.000000 -6.559103 15.715617 18.992630 0.118628 0.744063 10.824123 6.331370 16.273975 10.685460 -0.347948 -0.877216 -16.395836 0.000000 0.000000 0.000000 0.000000 0.000000 0.000000 0.000000 0.000000 0.000000 
3.178096 85.698021 5.569885 6.037172 1.227047 -18.705788 -4.898013 1.282051 7.697331 0.500231 0.126664 4.082346 -1.915675 0.666710 11.084083 0.683154 -0.236787 5.962219 -8.001837 6.139148 8.440343 2.229851 4.032284 -2.568555 -0.578643 -0.406060 -22.911850 0.000000 0.000000 0.000000 94.492805 -1.606205 8.834832 61.951241 -17.446859 0.519544 0.201388 18.503305 26.928633 10.599609 27.089148 -0.045272 1.894503 -0.245917 44.237389 0.000008 -0.000001 -4.732734 -0.000010 0.000040 -3.536277 -0.000009 0.000014 -0.000008 27.478706 16.669031 -7.890357 18.062365 0.158875 -5.368484 17.921400 1.110292 -4.929589 -0.000015 0.000005 -0.000002 27.073957 6.908279 -8.139990 17.583263 -0.518538 -2.131748 17.701941 0.389146 -1.800076 -0.000013 0.000124 0.000031 29.483183 -8.977101 -6.713446 18.338200 1.301011 2.841001 18.192625 -0.517855 2.204607 0.000021 0.002803 -0.000014 30.089554 -25.580240 -6.637543 16.100416 2.033660 7.786490 15.838568 -1.643777 6.644778 -0.000365 0.000024 0.000002 0.000000 0.000000 0.000000 0.000000 0.000000 0.000000 -91.124519 0.110160 12.362782 -41.865074 7.705820 17.260900 -1.776867 -26.813921 61.499470 -22.992886 -6.375258 -2.244385 -2.565328 0.251460 44.027565 0.000024 0.000006 -5.985220 -0.000042 -0.000034 -4.347804 0.000542 -0.000001 -0.000463 -32.394375 17.454111 -4.971549 -21.515791 -0.020579 5.150132 -21.242311 0.952464 4.774846 0.000040 -0.000396 -0.000004 -30.061422 7.218517 -6.111183 -21.546335 -0.605830 2.061641 -21.406380 0.304714 1.741285 0.000463 -0.000040 -0.000262 -31.566626 -9.404297 -6.021176 -23.601782 1.340058 -2.878931 -23.760313 -0.443250 -2.173951 0.000688 0.000003 -0.000014 -29.371178 -27.129333 -7.697346 -21.886898 2.356334 -8.148433 -21.624456 -1.326694 -6.689257 0.000628 0.000014 -0.000026 0.000000 0.000000 0.000000 0.000000 0.000000 0.000000 -22.397070 -8.661606 -2.732942 -0.462115 -1.060831 25.351269 8.742298 -21.742332 22.998728 -2.773983 -0.255402 -19.792336 0.000000 0.000000 0.000000 0.000000 0.000000 0.000000 0.000000 0.000000 0.000000 -6.559992 15.680556 19.112846 0.119298 0.740262 10.839840 6.348622 16.201363 10.611834 -0.358771 -0.880470 -16.346632 0.000000 0.000000 0.000000 0.000000 0.000000 0.000000 0.000000 0.000000 0.000000 
3.152745 85.699905 5.616713 6.016935 1.193505 -18.784355 -4.934865 1.279914 7.695345 0.403212 0.127546 4.077928 -1.713858 0.387208 11.196240 0.790358 -0.325231 5.992962 -8.229578 6.334677 8.445248 2.256248 4.230355 -2.572655 -0.626899 -0.423020 -22.849758 0.000000 0.000000 0.000000 94.555588 -1.587825 8.883407 61.811836 -17.482204 0.564111 0.196858 18.366190 26.479860 10.602830 27.214966 -0.150482 1.881524 -0.244937 44.238476 0.000008 -0.000002 -4.722940 -0.000010 0.000040 -3.535722 -0.000009 0.000014 -0.000008 27.469559 16.706394 -7.948435 18.070028 0.149587 -5.338354 17.935904 1.102696 -4.903556 -0.000015 0.000005 -0.000002 27.093323 6.921255 -8.190981 17.604763 -0.522301 -2.119660 17.718838 0.386556 -1.790095 -0.000014 0.000094 0.000031 29.561890 -8.991285 -6.725623 18.401390 1.307574 2.822566 18.245401 -0.513912 2.190740 0.000021 0.002912 -0.000013 30.237875 -25.622126 -6.634110 16.198748 2.051600 7.730479 15.935572 -1.631701 6.600825 -0.000435 0.000023 0.000003 0.000000 0.000000 0.000000 0.000000 0.000000 0.000000 -91.015511 0.099935 12.623141 -40.672749 8.362897 17.808144 -1.832210 -26.573715 60.130661 -22.256454 -5.161522 -3.950328 -2.448249 0.252100 44.058727 0.000024 0.000006 -5.712125 -0.000036 -0.000034 -4.131964 0.000505 -0.000002 -0.000576 -31.541685 17.451653 -5.201951 -20.943411 -0.038994 5.064897 -20.668291 0.934898 4.703324 0.000041 -0.000304 -0.000004 -29.283564 7.212471 -6.392366 -20.980619 -0.613357 2.029735 -20.844967 0.299214 1.716308 0.000497 -0.000040 -0.000265 -30.910696 -9.392862 -6.266163 -23.125751 1.351655 -2.838296 -23.291622 -0.436410 -2.144948 0.000780 0.000003 -0.000014 -28.910803 -27.104517 -7.950151 -21.585178 2.384921 -8.033791 -21.321600 -1.303954 -6.602780 0.000559 0.000014 -0.000026 0.000000 0.000000 0.000000 0.000000 0.000000 0.000000 -22.326324 -8.527882 -2.718307 -0.464093 -1.065325 25.365358 8.721841 -21.706463 22.972652 -2.769473 -0.250162 -19.777519 0.000000 0.000000 0.000000 0.000000 0.000000 0.000000 0.000000 0.000000 0.000000 -6.550191 15.662234 19.236956 0.120184 0.735626 10.827574 6.369898 16.138260 10.562689 -0.368185 -0.880496 -16.313126 0.000000 0.000000 0.000000 0.000000 0.000000 0.000000 0.000000 0.000000 0.000000 
3.126533 85.703575 5.667032 5.993560 1.118457 -18.843937 -4.963225 1.274063 7.678031 0.312208 0.125868 4.084521 -1.506020 0.136829 11.279331 0.889152 -0.401667 6.030919 -8.460940 6.541462 8.399790 2.269747 4.434110 -2.603522 -0.680166 -0.432474 -22.782600 0.000000 0.000000 0.000000 94.615944 -1.575688 8.927826 61.679638 -17.531452 0.623376 0.195416 18.269812 26.160181 10.637284 27.278509 -0.199378 1.878448 -0.243979 44.237259 0.000009 -0.000002 -4.734663 -0.000010 0.000040 -3.548541 -0.000010 0.000014 -0.000008 27.522745 16.746262 -7.991414 18.124691 0.142410 -5.307615 17.999350 1.096825 -4.877165 -0.000015 0.000004 -0.000001 27.169811 6.935151 -8.223652 17.674835 -0.525350 -2.107943 17.783054 0.384515 -1.780372 -0.000014 0.000067 0.000032 29.701389 -9.006511 -6.708786 18.517256 1.312211 2.805695 18.353542 -0.511169 2.177822 0.000021 0.002989 -0.000013 30.449268 -25.659855 -6.594918 16.346262 2.063745 7.681498 16.082294 -1.624263 6.562229 -0.000504 0.000023 0.000003 0.000000 0.000000 0.000000 0.000000 0.000000 0.000000 -90.945259 0.093204 12.843517 -39.571156 9.133581 18.169353 -1.879535 -26.318033 59.036896 -21.779352 -4.015924 -5.384012 -2.356979 0.253054 44.083305 0.000024 0.000006 -5.493495 -0.000029 -0.000035 -3.959037 0.000456 -0.000003 -0.000682 -30.875164 17.450590 -5.511462 -20.481993 -0.054947 4.982771 -20.203978 0.919780 4.633521 0.000042 -0.000208 -0.000004 -28.682817 7.207402 -6.730696 -20.528521 -0.619920 1.999505 -20.396162 0.294391 1.692386 0.000547 -0.000040 -0.000267 -30.440149 -9.382228 -6.560532 -22.769697 1.361326 -2.800665 -22.939629 -0.430702 -2.118051 0.000876 0.000003 -0.000015 -28.628498 -27.083202 -8.238558 -21.388943 2.408304 -7.931249 -21.126051 -1.285363 -6.524683 0.000513 0.000014 -0.000026 0.000000 0.000000 0.000000 0.000000 0.000000 0.000000 -22.243118 -8.383821 -2.723125 -0.466598 -1.071387 25.380720 8.694149 -21.643490 22.937653 -2.762242 -0.245384 -19.761953 0.000000 0.000000 0.000000 0.000000 0.000000 0.000000 0.000000 0.000000 0.000000 -6.525978 15.663323 19.360430 0.121452 0.730510 10.792281 6.385983 16.102783 10.534333 -0.375098 -0.878493 -16.295023 0.000000 0.000000 0.000000 0.000000 0.000000 0.000000 0.000000 0.000000 0.000000 
3.100268 85.709152 5.721370 5.967718 0.999654 -18.883938 -4.980457 1.264863 7.649197 0.229838 0.123975 4.102745 -1.295106 -0.074948 11.336325 0.975328 -0.460144 6.075998 -8.665237 6.738892 8.307388 2.273080 4.627433 -2.657707 -0.733460 -0.436838 -22.717037 0.000000 0.000000 0.000000 94.675308 -1.571215 8.960432 61.577801 -17.582834 0.657375 0.200550 18.223366 25.971546 10.691639 27.295567 -0.199232 1.884961 -0.243408 44.233627 0.000009 -0.000002 -4.766521 -0.000010 0.000040 -3.573605 -0.000010 0.000014 -0.000008 27.618652 16.784336 -8.025657 18.204937 0.137142 -5.277031 18.088940 1.092519 -4.850931 -0.000015 0.000003 -0.000001 27.283264 6.948132 -8.244772 17.768663 -0.527775 -2.096738 17.870811 0.382979 -1.771120 -0.000014 0.000046 0.000032 29.873804 -9.020036 -6.674095 18.653736 1.315221 2.790401 18.485769 -0.509453 2.165931 0.000020 0.003033 -0.000012 30.693882 -25.686197 -6.535338 16.509230 2.070976 7.639504 16.245169 -1.620718 6.528867 -0.000571 0.000023 0.000002 0.000000 0.000000 0.000000 0.000000 0.000000 0.000000 -90.931526 0.091554 13.006659 -38.645718 9.938358 18.311056 -1.911573 -26.090605 58.344566 -21.625181 -3.027160 -6.418639 -2.293028 0.254068 44.100731 0.000023 0.000006 -5.337203 -0.000023 -0.000035 -3.834922 0.000391 -0.000004 -0.000775 -30.412672 17.452662 -5.854576 -20.145571 -0.067917 4.908411 -19.863247 0.907645 4.569680 0.000043 -0.000115 -0.000004 -28.279648 7.203754 -7.082933 -20.204468 -0.625350 1.972739 -20.074308 0.290429 1.670972 0.000621 -0.000040 -0.000268 -30.175415 -9.372478 -6.868000 -22.544657 1.368855 -2.768080 -22.715666 -0.426328 -2.094790 0.000964 0.000003 -0.000015 -28.543062 -27.062895 -8.532267 -21.303812 2.426109 -7.845199 -21.044083 -1.271356 -6.458333 0.000490 0.000014 -0.000026 0.000000 0.000000 0.000000 0.000000 0.000000 0.000000 -22.149746 -8.218781 -2.742412 -0.469407 -1.078454 25.390999 8.662464 -21.542786 22.896418 -2.753388 -0.240569 -19.745531 0.000000 0.000000 0.000000 0.000000 0.000000 0.000000 0.000000 0.000000 0.000000 -6.486174 15.687583 19.479006 0.123255 0.725491 10.743769 6.389708 16.105511 10.519300 -0.379652 -0.876534 -16.289360 0.000000 0.000000 0.000000 0.000000 0.000000 0.000000 0.000000 0.000000 0.000000 
3.075501 85.715736 5.780370 5.943382 0.843244 -18.908014 -4.984386 1.253052 7.615630 0.156788 0.124459 4.128180 -1.086059 -0.244917 11.377052 1.043319 -0.498230 6.124590 -8.814725 6.906649 8.185475 2.271147 4.795793 -2.724870 -0.781815 -0.439194 -22.658131 0.000000 0.000000 0.000000 94.736343 -1.575811 8.976325 61.531544 -17.628702 0.640159 0.216720 18.231710 25.896084 10.745154 27.302826 -0.169411 1.899212 -0.243172 44.228195 0.000010 -0.000002 -4.813113 -0.000011 0.000040 -3.607872 -0.000010 0.000014 -0.000008 27.740673 16.818247 -8.058064 18.292166 0.133238 -5.246857 18.184414 1.089341 -4.824878 -0.000014 0.000003 -0.000001 27.416512 6.959093 -8.260328 17.864294 -0.529848 -2.085889 17.960928 0.381806 -1.762266 -0.000014 0.000029 0.000032 30.054699 -9.030210 -6.630280 18.783697 1.317214 2.776083 18.614983 -0.508419 2.154637 0.000020 0.003044 -0.000011 30.945850 -25.698168 -6.467326 16.660738 2.074982 7.602451 16.397472 -1.619717 6.498801 -0.000630 0.000023 0.000002 0.000000 0.000000 0.000000 0.000000 0.000000 0.000000 -90.983353 0.096482 13.102382 -37.959595 10.721327 18.222462 -1.924835 -25.928448 58.104286 -21.791473 -2.302874 -7.009456 -2.252943 0.254859 44.111824 0.000023 0.000006 -5.238065 -0.000018 -0.000035 -3.755546 0.000309 -0.000004 -0.000845 -30.134834 17.456964 -6.189300 -19.923897 -0.078105 4.843945 -19.635868 0.898317 4.513817 0.000045 -0.000040 -0.000004 -28.057308 7.200976 -7.409573 -19.997137 -0.629762 1.950115 -19.867704 0.287269 1.652669 0.000713 -0.000040 -0.000267 -30.097071 -9.362955 -7.152282 -22.434689 1.374554 -2.741010 -22.604034 -0.423119 -2.075610 0.001032 0.000003 -0.000015 -28.634182 -27.039438 -8.797890 -21.311680 2.439243 -7.775311 -21.057775 -1.261214 -6.403699 0.000485 0.000014 -0.000026 0.000000 0.000000 0.000000 0.000000 0.000000 0.000000 -22.051174 -8.025599 -2.769448 -0.472189 -1.085912 25.392149 8.628380 -21.397516 22.851337 -2.744585 -0.234935 -19.729614 0.000000 0.000000 0.000000 0.000000 0.000000 0.000000 0.000000 0.000000 0.000000 -6.431362 15.741610 19.591545 0.125666 0.721165 10.692895 6.377367 16.149742 10.511014 -0.382619 -0.876359 -16.291479 0.000000 0.000000 0.000000 0.000000 0.000000 0.000000 0.000000 0.000000 0.000000 
3.054328 85.722450 5.844224 5.925796 0.662192 -18.919838 -4.974078 1.239595 7.585272 0.092739 0.129192 4.151640 -0.884745 -0.373177 11.412131 1.088575 -0.516989 6.167614 -8.890799 7.030401 8.054375 2.268834 4.929344 -2.792585 -0.820898 -0.441183 -22.606289 0.000000 0.000000 0.000000 94.799370 -1.588161 8.973185 61.568359 -17.654907 0.551933 0.243947 18.296921 25.906090 10.801023 27.334366 -0.116865 1.918670 -0.243080 44.221977 0.000010 -0.000002 -4.866741 -0.000012 0.000040 -3.647444 -0.000010 0.000014 -0.000008 27.882450 16.845766 -8.090003 18.377542 0.130398 -5.216990 18.276169 1.087017 -4.798718 -0.000014 0.000002 -0.000000 27.561834 6.967026 -8.273131 17.950647 -0.531744 -2.075156 18.042538 0.380904 -1.753580 -0.000013 0.000018 0.000032 30.230890 -9.035815 -6.584478 18.892374 1.318589 2.761979 18.726206 -0.507808 2.143423 0.000020 0.003026 -0.000011 31.192192 -25.693689 -6.402827 16.786436 2.076900 7.568005 16.524651 -1.620230 6.469793 -0.000679 0.000023 0.000001 0.000000 0.000000 0.000000 0.000000 0.000000 0.000000 -91.094742 0.107707 13.129378 -37.544525 11.427230 17.925232 -1.919139 -25.843803 58.291759 -22.253290 -1.915585 -7.166627 -2.232293 0.255471 44.117878 0.000023 0.000006 -5.185417 -0.000014 -0.000034 -3.712153 0.000214 -0.000005 -0.000885 -30.008770 17.460669 -6.487437 -19.799561 -0.086019 4.787996 -19.505272 0.891247 4.464757 0.000046 0.000008 -0.000004 -27.984499 7.197812 -7.685246 -19.887827 -0.633331 1.930953 -19.757633 0.284720 1.636985 0.000818 -0.000040 -0.000263 -30.171349 -9.352160 -7.391092 -22.416544 1.378846 -2.718236 -22.582193 -0.420721 -2.059687 0.001068 0.000003 -0.000015 -28.867485 -27.007053 -9.014782 -21.389442 2.448781 -7.717440 -21.142872 -1.253855 -6.357699 0.000491 0.000014 -0.000025 0.000000 0.000000 0.000000 0.000000 0.000000 0.000000 -21.951962 -7.798248 -2.797513 -0.474712 -1.093217 25.383810 8.596810 -21.207760 22.800508 -2.737078 -0.227330 -19.716110 0.000000 0.000000 0.000000 0.000000 0.000000 0.000000 0.000000 0.000000 0.000000 -6.365406 15.822503 19.695765 0.128613 0.718082 10.649659 6.348488 16.228064 10.505054 -0.384834 -0.879343 -16.298021 0.000000 0.000000 0.000000 0.000000 0.000000 0.000000 0.000000 0.000000 0.000000 
3.038773 85.728760 5.912952 5.918506 0.470719 -18.922146 -4.950498 1.225388 7.563927 0.039625 0.137741 4.163674 -0.698353 -0.462347 11.450518 1.111611 -0.520347 6.197270 -8.886908 7.106402 7.924554 2.269130 5.026790 -2.854741 -0.849154 -0.443232 -22.561031 0.000000 0.000000 0.000000 94.864586 -1.606254 8.949797 61.701801 -17.644762 0.380681 0.278575 18.414785 25.975611 10.872420 27.412405 -0.030480 1.941373 -0.242742 44.216076 0.000010 -0.000002 -4.920790 -0.000013 0.000039 -3.689025 -0.000010 0.000014 -0.000008 28.042864 16.867609 -8.115697 18.462494 0.128722 -5.187647 18.365610 1.085628 -4.772487 -0.000014 0.000002 -0.000000 27.716343 6.972225 -8.279499 18.028656 -0.533477 -2.064482 18.116165 0.380285 -1.744954 -0.000013 0.000009 0.000032 30.396833 -9.037640 -6.536508 18.978201 1.319452 2.747699 18.817318 -0.507574 2.132074 0.000020 0.002983 -0.000010 31.426352 -25.675791 -6.344529 16.884212 2.077043 7.534818 16.624052 -1.621991 6.440551 -0.000717 0.000023 0.000000 0.000000 0.000000 0.000000 0.000000 0.000000 0.000000 -91.252213 0.124400 13.094585 -37.408276 12.001943 17.458191 -1.897990 -25.832010 58.844482 -22.981478 -1.882834 -6.929414 -2.225016 0.255725 44.121082 0.000022 0.000006 -5.161981 -0.000010 -0.000034 -3.691857 0.000115 -0.000005 -0.000892 -29.986691 17.463709 -6.732746 -19.747913 -0.092224 4.737471 -19.447870 0.885879 4.419700 0.000046 0.000022 -0.000005 -28.015255 7.194227 -7.898351 -19.851492 -0.636267 1.913940 -19.719460 0.282583 1.622911 0.000930 -0.000040 -0.000256 -30.352798 -9.340402 -7.576984 -22.463783 1.382136 -2.697968 -22.624397 -0.418819 -2.045671 0.001072 0.000003 -0.000016 -29.198210 -26.966488 -9.179358 -21.514050 2.455622 -7.666637 -21.274620 -1.248508 -6.316471 0.000500 0.000015 -0.000025 0.000000 0.000000 0.000000 0.000000 0.000000 0.000000 -21.855885 -7.536267 -2.821881 -0.476914 -1.100000 25.368361 8.572744 -20.981127 22.739943 -2.731423 -0.217233 -19.704723 0.000000 0.000000 0.000000 0.000000 0.000000 0.000000 0.000000 0.000000 0.000000 -6.293954 15.920140 19.788942 0.131886 0.716538 10.620476 6.303972 16.328758 10.498419 -0.386677 -0.886303 -16.307167 0.000000 0.000000 0.000000 0.000000 0.000000 0.000000 0.000000 0.000000 0.000000 
3.030571 85.733421 5.986448 5.924548 0.279839 -18.920271 -4.916025 1.211235 7.554544 -0.000297 0.148405 4.159635 -0.539840 -0.513403 11.501065 1.117379 -0.512625 6.209509 -8.812267 7.141235 7.800821 2.273063 5.092766 -2.911844 -0.867281 -0.444938 -22.524294 0.000000 0.000000 0.000000 94.938034 -1.629649 8.912043 61.913986 -17.578403 0.141064 0.318144 18.572855 26.078739 10.975492 27.543846 0.099042 1.964915 -0.241894 44.211433 0.000010 -0.000002 -4.969349 -0.000014 0.000039 -3.728484 -0.000010 0.000014 -0.000008 28.215038 16.885414 -8.133260 18.548803 0.127659 -5.159088 18.454889 1.084649 -4.746560 -0.000014 0.000001 -0.000001 27.873240 6.975463 -8.278096 18.101303 -0.535234 -2.053908 18.184397 0.379789 -1.736368 -0.000013 0.000003 0.000032 30.546083 -9.037247 -6.485055 19.044106 1.320215 2.733205 18.890337 -0.507442 2.120600 0.000020 0.002923 -0.000010 31.636906 -25.651516 -6.287918 16.957012 2.076731 7.502360 16.698774 -1.623951 6.410884 -0.000743 0.000022 -0.000001 0.000000 0.000000 0.000000 0.000000 0.000000 0.000000 -91.441742 0.146499 13.011287 -37.541889 12.416046 16.864763 -1.870416 -25.887508 59.688072 -23.908972 -2.181568 -6.354677 -2.225129 0.255389 44.123520 0.000022 0.000006 -5.151492 -0.000008 -0.000033 -3.682842 0.000020 -0.000005 -0.000863 -30.025482 17.466337 -6.919977 -19.745274 -0.097509 4.690726 -19.440084 0.881487 4.377223 0.000047 0.000005 -0.000005 -28.104860 7.190639 -8.048461 -19.863512 -0.638849 1.898266 -19.729244 0.280652 1.609857 0.001034 -0.000040 -0.000247 -30.593096 -9.329212 -7.710474 -22.551550 1.384934 -2.679223 -22.705912 -0.417089 -2.032774 0.001046 0.000003 -0.000016 -29.573740 -26.923780 -9.296353 -21.663998 2.460965 -7.620487 -21.430262 -1.244303 -6.278330 0.000505 0.000015 -0.000025 0.000000 0.000000 0.000000 0.000000 0.000000 0.000000 -21.770012 -7.252345 -2.838315 -0.478786 -1.105979 25.347954 8.554832 -20.727131 22.666819 -2.727296 -0.205633 -19.691177 0.000000 0.000000 0.000000 0.000000 0.000000 0.000000 0.000000 0.000000 0.000000 -6.224292 16.027008 19.872549 0.135074 0.716006 10.606077 6.248469 16.447271 10.489991 -0.387734 -0.896609 -16.316891 0.000000 0.000000 0.000000 0.000000 0.000000 0.000000 0.000000 0.000000 0.000000 
3.030657 85.734749 6.063673 5.945804 0.096632 -18.921368 -4.874714 1.198101 7.559762 -0.025531 0.159737 4.134954 -0.424593 -0.525063 11.571593 1.113641 -0.497512 6.200186 -8.690983 7.150802 7.691617 2.279920 5.135385 -2.964370 -0.876869 -0.444863 -22.499054 0.000000 0.000000 0.000000 95.021973 -1.654801 8.876959 62.171078 -17.439810 -0.122181 0.360331 18.751549 26.187725 11.123746 27.722898 0.254560 1.985052 -0.240594 44.208981 0.000010 -0.000001 -5.003520 -0.000016 0.000039 -3.758595 -0.000010 0.000013 -0.000008 28.380526 16.898830 -8.152471 18.631718 0.126159 -5.131663 18.540401 1.083067 -4.721615 -0.000013 0.000000 -0.000001 28.017597 6.976853 -8.279443 18.166988 -0.537268 -2.043599 18.245665 0.379120 -1.727918 -0.000012 -0.000001 0.000031 30.669573 -9.035207 -6.440078 19.092638 1.321415 2.718809 18.946768 -0.506956 2.109238 0.000019 0.002851 -0.000009 31.812056 -25.625435 -6.236672 17.010239 2.077765 7.470923 16.754114 -1.624452 6.381667 -0.000760 0.000022 -0.000001 0.000000 0.000000 0.000000 0.000000 0.000000 0.000000 -91.643440 0.172162 12.901462 -37.908997 12.674177 16.200314 -1.846670 -25.994066 60.719006 -24.913084 -2.717984 -5.532679 -2.225684 0.254608 44.126743 0.000021 0.000006 -5.138773 -0.000004 -0.000032 -3.673306 -0.000064 -0.000005 -0.000812 -30.081549 17.466623 -7.052408 -19.765213 -0.102707 4.647294 -19.454983 0.877197 4.337162 0.000047 -0.000034 -0.000006 -28.208685 7.186657 -8.145555 -19.896826 -0.641320 1.883546 -19.761202 0.278727 1.597585 0.001114 -0.000039 -0.000234 -30.843395 -9.319225 -7.800380 -22.654978 1.387713 -2.661542 -22.802214 -0.415184 -2.020621 0.001002 0.000003 -0.000016 -29.941044 -26.883989 -9.377241 -21.819679 2.466104 -7.577864 -21.589001 -1.240135 -6.242722 0.000501 0.000015 -0.000025 0.000000 0.000000 0.000000 0.000000 0.000000 0.000000 -21.703205 -6.968075 -2.840565 -0.480237 -1.110760 25.319553 8.539255 -20.454214 22.582720 -2.723886 -0.194545 -19.669712 0.000000 0.000000 0.000000 0.000000 0.000000 0.000000 0.000000 0.000000 0.000000 -6.165339 16.134678 19.947763 0.137742 0.715370 10.607015 6.191247 16.582691 10.480057 -0.387651 -0.908522 -16.326174 0.000000 0.000000 0.000000 0.000000 0.000000 0.000000 0.000000 0.000000 0.000000 
3.037932 85.731926 6.143234 5.979963 -0.075946 -18.931492 -4.830317 1.186605 7.580726 -0.036773 0.170703 4.083862 -0.358489 -0.499288 11.664965 1.109140 -0.477910 6.168826 -8.548890 7.152163 7.602197 2.289115 5.164478 -3.013075 -0.879965 -0.442079 -22.484762 0.000000 0.000000 0.000000 95.107094 -1.675594 8.861169 62.437721 -17.225937 -0.353321 0.401740 18.932013 26.272627 11.325090 27.939804 0.401292 1.997521 -0.239094 44.209351 0.000010 -0.000001 -5.015140 -0.000017 0.000039 -3.772502 -0.000010 0.000013 -0.000008 28.519726 16.906275 -8.190197 18.704258 0.123634 -5.106317 18.616720 1.080299 -4.698803 -0.000013 -0.000000 -0.000002 28.135395 6.976110 -8.301018 18.222569 -0.539576 -2.034031 18.297344 0.378123 -1.719972 -0.000012 -0.000004 0.000031 30.762756 -9.031216 -6.419237 19.127192 1.323188 2.705266 18.988909 -0.505872 2.098538 0.000020 0.002767 -0.000009 31.949375 -25.597311 -6.203424 17.051113 2.080846 7.441704 16.796268 -1.622539 6.354512 -0.000771 0.000022 -0.000002 0.000000 0.000000 0.000000 0.000000 0.000000 0.000000 -91.832291 0.196960 12.788675 -38.437855 12.803664 15.526200 -1.833916 -26.126514 61.816967 -25.864590 -3.332293 -4.582666 -2.220367 0.253827 44.131565 0.000021 0.000007 -5.112020 0.000001 -0.000032 -3.653347 -0.000134 -0.000005 -0.000755 -30.114573 17.461971 -7.139619 -19.781353 -0.108198 4.607319 -19.465820 0.872473 4.300060 0.000047 -0.000082 -0.000007 -28.287634 7.181379 -8.206802 -19.925404 -0.643733 1.869693 -19.790598 0.276718 1.586101 0.001159 -0.000039 -0.000219 -31.063908 -9.310063 -7.862246 -22.752686 1.390620 -2.644818 -22.892986 -0.412945 -2.009147 0.000956 0.000003 -0.000016 -30.261326 -26.849369 -9.438261 -21.967028 2.471659 -7.538359 -21.736198 -1.235245 -6.209591 0.000488 0.000015 -0.000025 0.000000 0.000000 0.000000 0.000000 0.000000 0.000000 -21.660997 -6.704266 -2.819975 -0.481173 -1.114097 25.277313 8.524578 -20.171211 22.493271 -2.720571 -0.185632 -19.636415 0.000000 0.000000 0.000000 0.000000 0.000000 0.000000 0.000000 0.000000 0.000000 -6.122164 16.234163 20.016075 0.139663 0.713669 10.621770 6.139659 16.729013 10.467237 -0.386443 -0.920665 -16.334229 0.000000 0.000000 0.000000 0.000000 0.000000 0.000000 0.000000 0.000000 0.000000 
3.049592 85.724274 6.223775 6.025022 -0.237763 -18.955853 -4.785697 1.177529 7.617803 -0.041171 0.182106 4.004566 -0.341008 -0.440887 11.773923 1.111270 -0.454276 6.121832 -8.406419 7.156424 7.538764 2.302178 5.187769 -3.053790 -0.877376 -0.437761 -22.473711 0.000000 0.000000 0.000000 95.179733 -1.687651 8.876352 62.671989 -16.946239 -0.498910 0.441766 19.107662 26.296558 11.590250 28.210039 0.519885 1.999631 -0.237971 44.212372 0.000010 0.000000 -5.000724 -0.000018 0.000039 -3.766858 -0.000010 0.000013 -0.000008 28.620941 16.904371 -8.266023 18.761715 0.119691 -5.084504 18.679579 1.076019 -4.679733 -0.000012 -0.000001 -0.000002 28.219225 6.972528 -8.360474 18.264074 -0.542091 -2.025842 18.336708 0.376700 -1.713041 -0.000011 -0.000005 0.000031 30.820772 -9.024575 -6.440042 19.146761 1.325577 2.693354 19.015516 -0.504003 2.088965 0.000020 0.002665 -0.000009 32.041435 -25.565943 -6.202447 17.080086 2.086587 7.415472 16.824852 -1.617314 6.330229 -0.000782 0.000022 -0.000001 0.000000 0.000000 0.000000 0.000000 0.000000 0.000000 -91.979973 0.215772 12.689627 -39.023338 12.862770 14.901259 -1.836843 -26.275225 62.842838 -26.660984 -3.919853 -3.626132 -2.209855 0.253752 44.136433 0.000021 0.000007 -5.076923 0.000008 -0.000031 -3.625818 -0.000188 -0.000004 -0.000708 -30.129314 17.447498 -7.193534 -19.789314 -0.113759 4.573412 -19.467651 0.867387 4.268550 0.000046 -0.000130 -0.000008 -28.341509 7.173173 -8.245490 -19.943195 -0.645952 1.857626 -19.811602 0.274703 1.576108 0.001155 -0.000039 -0.000203 -31.244080 -9.300550 -7.902991 -22.836641 1.393542 -2.630031 -22.971821 -0.410446 -1.999184 0.000923 0.000003 -0.000016 -30.519579 -26.818125 -9.483128 -22.098850 2.477765 -7.504043 -21.865992 -1.229339 -6.181043 0.000467 0.000015 -0.000025 0.000000 0.000000 0.000000 0.000000 0.000000 0.000000 -21.649620 -6.478630 -2.768666 -0.481483 -1.115891 25.222855 8.509610 -19.884596 22.402380 -2.716814 -0.179229 -19.587606 0.000000 0.000000 0.000000 0.000000 0.000000 0.000000 0.000000 0.000000 0.000000 -6.095431 16.328131 20.085300 0.140630 0.709703 10.640567 6.095696 16.882641 10.449492 -0.383060 -0.932462 -16.336237 0.000000 0.000000 0.000000 0.000000 0.000000 0.000000 0.000000 0.000000 0.000000 
3.060638 85.711769 6.302490 6.079107 -0.391677 -18.994925 -4.746117 1.172307 7.671793 -0.047235 0.195163 3.894997 -0.361457 -0.360886 11.887321 1.120435 -0.427341 6.063137 -8.282025 7.183569 7.500816 2.320619 5.220101 -3.084707 -0.872377 -0.434417 -22.455469 0.000000 0.000000 0.000000 95.214790 -1.683962 8.931685 62.853161 -16.641031 -0.516882 0.479374 19.276573 26.224874 11.923078 28.556566 0.631774 1.995237 -0.238016 44.216427 0.000010 0.000001 -4.969616 -0.000019 0.000039 -3.749556 -0.000010 0.000013 -0.000008 28.701000 16.890680 -8.390121 18.809460 0.114825 -5.066542 18.734182 1.070940 -4.664893 -0.000012 -0.000001 -0.000003 28.285593 6.965528 -8.464701 18.294506 -0.544545 -2.018984 18.367840 0.375020 -1.707199 -0.000010 -0.000004 0.000032 30.855196 -9.014828 -6.512250 19.153143 1.328340 2.683235 19.030039 -0.501577 2.080519 0.000020 0.002531 -0.000008 32.096718 -25.529652 -6.247070 17.099043 2.094455 7.391279 16.840899 -1.609233 6.307790 -0.000805 0.000021 -0.000001 0.000000 0.000000 0.000000 0.000000 0.000000 0.000000 -92.060188 0.224108 12.619701 -39.590244 12.893441 14.359531 -1.854473 -26.440466 63.641575 -27.261698 -4.532537 -2.740814 -2.198252 0.254827 44.139297 0.000021 0.000007 -5.044601 0.000019 -0.000031 -3.599133 -0.000221 -0.000004 -0.000687 -30.162930 17.418772 -7.218994 -19.803825 -0.118579 4.547678 -19.475500 0.862690 4.244055 0.000046 -0.000168 -0.000009 -28.405409 7.160641 -8.261752 -19.963743 -0.647713 1.848231 -19.838556 0.272901 1.568177 0.001100 -0.000040 -0.000186 -31.411919 -9.289063 -7.915129 -22.919271 1.395998 -2.617723 -23.052908 -0.408010 -1.991179 0.000927 0.000003 -0.000016 -30.747383 -26.785637 -9.496608 -22.226786 2.483849 -7.475959 -21.990845 -1.223034 -6.158096 0.000434 0.000015 -0.000025 0.000000 0.000000 0.000000 0.000000 0.000000 0.000000 -21.663000 -6.284033 -2.687755 -0.480963 -1.116076 25.171490 8.496756 -19.604385 22.307583 -2.712617 -0.173889 -19.528172 0.000000 0.000000 0.000000 0.000000 0.000000 0.000000 0.000000 0.000000 0.000000 -6.081990 16.417446 20.155159 0.140607 0.702111 10.665401 6.054193 17.033241 10.425923 -0.377659 -0.943133 -16.332024 0.000000 0.000000 0.000000 0.000000 0.000000 0.000000 0.000000 0.000000 0.000000 
3.065490 85.697075 6.378541 6.130769 -0.543699 -19.049818 -4.706098 1.170960 7.739972 -0.061671 0.210019 3.759803 -0.392448 -0.283037 11.996823 1.132829 -0.402844 5.995330 -8.200539 7.251528 7.496165 2.338866 5.267411 -3.101724 -0.871141 -0.434124 -22.426691 0.000000 0.000000 0.000000 95.208817 -1.660743 9.015286 62.966576 -16.402658 -0.420330 0.506966 19.429239 26.083628 12.236415 28.971537 0.729924 1.986347 -0.238513 44.221901 0.000010 0.000001 -4.925910 -0.000020 0.000039 -3.725800 -0.000010 0.000013 -0.000008 28.770346 16.869106 -8.532086 18.851408 0.110373 -5.052804 18.783051 1.066592 -4.654652 -0.000012 -0.000002 -0.000004 28.344593 6.956874 -8.584146 18.317963 -0.546503 -2.013651 18.395010 0.373508 -1.702720 -0.000010 -0.000003 0.000032 30.878061 -9.004419 -6.609560 19.152218 1.330670 2.675835 19.038002 -0.499379 2.073964 0.000020 0.002361 -0.000008 32.121403 -25.494467 -6.314859 17.113852 2.101373 7.372150 16.851778 -1.601385 6.289976 -0.000842 0.000021 0.000000 0.000000 0.000000 0.000000 0.000000 0.000000 0.000000 -92.079674 0.225604 12.582459 -40.076942 12.908256 13.915521 -1.886994 -26.619179 64.061462 -27.603775 -5.188913 -2.045841 -2.185041 0.256388 44.141144 0.000021 0.000008 -5.011644 0.000032 -0.000030 -3.571707 -0.000234 -0.000004 -0.000679 -30.200775 17.381315 -7.232702 -19.814840 -0.122386 4.527527 -19.481400 0.858750 4.223942 0.000045 -0.000190 -0.000009 -28.458527 7.146200 -8.265030 -19.973604 -0.649074 1.840626 -19.859770 0.271393 1.561656 0.001008 -0.000040 -0.000171 -31.533384 -9.278175 -7.900100 -22.980295 1.398057 -2.607042 -23.118542 -0.405863 -1.984535 0.000969 0.000003 -0.000016 -30.916437 -26.758709 -9.475228 -22.333851 2.489413 -7.452701 -22.094116 -1.217359 -6.139709 0.000390 0.000015 -0.000025 0.000000 0.000000 0.000000 0.000000 0.000000 0.000000 -21.677544 -6.107110 -2.580906 -0.479691 -1.114969 25.134037 8.482775 -19.348593 22.208626 -2.708286 -0.167714 -19.464924 0.000000 0.000000 0.000000 0.000000 0.000000 0.000000 0.000000 0.000000 0.000000 -6.070282 16.497911 20.220453 0.139837 0.691701 10.705467 6.016717 17.171774 10.398524 -0.372317 -0.951405 -16.322788 0.000000 0.000000 0.000000 0.000000 0.000000 0.000000 0.000000 0.000000 0.000000 
3.061926 85.683731 6.451739 6.165498 -0.698084 -19.113743 -4.656151 1.171239 7.814800 -0.085180 0.225718 3.614181 -0.400066 -0.225640 12.101699 1.142561 -0.383246 5.919964 -8.158447 7.351593 7.489413 2.348882 5.319478 -3.121465 -0.873417 -0.436128 -22.381674 0.000000 0.000000 0.000000 95.173325 -1.620887 9.112965 63.015194 -16.331728 -0.291085 0.520898 19.548756 25.913054 12.402343 29.419451 0.793225 1.968956 -0.238293 44.230602 0.000009 0.000002 -4.861487 -0.000021 0.000038 -3.690066 -0.000011 0.000013 -0.000008 28.795612 16.844992 -8.650997 18.871584 0.106910 -5.042102 18.809782 1.063360 -4.647727 -0.000011 -0.000002 -0.000004 28.370588 6.948725 -8.683301 18.324121 -0.547861 -2.009597 18.407299 0.372326 -1.699457 -0.000009 -0.000002 0.000033 30.880575 -8.996565 -6.691288 19.145025 1.332025 2.671533 19.038807 -0.497864 2.069698 0.000021 0.002177 -0.000008 32.111210 -25.469999 -6.365024 17.131687 2.105061 7.360890 16.865616 -1.595846 6.278924 -0.000893 0.000020 0.000001 0.000000 0.000000 0.000000 0.000000 0.000000 0.000000 -92.068947 0.228015 12.568031 -40.477890 12.914335 13.561893 -1.933132 -26.807133 64.042953 -27.617674 -5.829578 -1.615284 -2.161541 0.257458 44.145668 0.000022 0.000008 -4.956647 0.000046 -0.000030 -3.527680 -0.000247 -0.000003 -0.000668 -30.161240 17.342621 -7.234440 -19.770922 -0.126060 4.507183 -19.436012 0.854822 4.203008 0.000045 -0.000191 -0.000009 -28.424330 7.132493 -8.254986 -19.923937 -0.650472 1.832820 -19.825018 0.269957 1.554927 0.000909 -0.000040 -0.000158 -31.536661 -9.270632 -7.855459 -22.970423 1.400367 -2.595565 -23.118496 -0.403861 -1.977556 0.001025 0.000003 -0.000016 -30.968035 -26.743498 -9.418560 -22.377546 2.494918 -7.428595 -22.131483 -1.212273 -6.120974 0.000347 0.000015 -0.000025 0.000000 0.000000 0.000000 0.000000 0.000000 0.000000 -21.675087 -5.950717 -2.460917 -0.478254 -1.114150 25.102737 8.467959 -19.133503 22.115435 -2.704684 -0.159254 -19.406340 0.000000 0.000000 0.000000 0.000000 0.000000 0.000000 0.000000 0.000000 0.000000 -6.047240 16.564137 20.269981 0.139052 0.681158 10.769056 5.982189 17.288076 10.363453 -0.370265 -0.957080 -16.306993 0.000000 0.000000 0.000000 0.000000 0.000000 0.000000 0.000000 0.000000 0.000000 
3.050468 85.672874 6.518512 6.172953 -0.853008 -19.170731 -4.594375 1.169386 7.885708 -0.115186 0.239783 3.483232 -0.362614 -0.204258 12.200719 1.148276 -0.370717 5.841988 -8.142717 7.476324 7.423056 2.345529 5.377304 -3.170647 -0.882526 -0.438761 -22.318380 0.000000 0.000000 0.000000 95.125900 -1.577418 9.200996 63.003239 -16.446962 -0.205425 0.523603 19.614229 25.777149 12.469231 29.853239 0.895442 1.937879 -0.236566 44.243576 0.000009 0.000003 -4.769462 -0.000021 0.000038 -3.635190 -0.000010 0.000013 -0.000008 28.738480 16.825583 -8.745923 18.856331 0.103651 -5.032974 18.799332 1.060231 -4.642513 -0.000011 -0.000002 -0.000005 28.328943 6.943394 -8.763137 18.302532 -0.548956 -2.006289 18.391621 0.371201 -1.696966 -0.000008 -0.000000 0.000033 30.836666 -8.993209 -6.752990 19.123722 1.332777 2.669903 19.023684 -0.496694 2.067386 0.000021 0.001993 -0.000008 32.051231 -25.460423 -6.394835 17.146523 2.106643 7.357550 16.875240 -1.591615 6.273782 -0.000950 0.000020 0.000001 0.000000 0.000000 0.000000 0.000000 0.000000 0.000000 -92.050728 0.235016 12.564907 -40.839874 12.943265 13.233339 -1.984551 -27.003304 63.721214 -27.386702 -6.472616 -1.423378 -2.128007 0.258259 44.152859 0.000022 0.000008 -4.882359 0.000061 -0.000029 -3.467086 -0.000282 -0.000003 -0.000639 -30.021067 17.304184 -7.218468 -19.659750 -0.130449 4.484936 -19.325756 0.850032 4.179746 0.000045 -0.000167 -0.000010 -28.289997 7.119062 -8.227738 -19.805891 -0.652232 1.824219 -19.723810 0.268372 1.547470 0.000808 -0.000041 -0.000147 -31.425549 -9.263973 -7.787307 -22.886219 1.403258 -2.582277 -23.045654 -0.401695 -1.969330 0.001064 0.000003 -0.000016 -30.915821 -26.730282 -9.343457 -22.351816 2.501513 -7.399631 -22.098240 -1.206463 -6.098375 0.000314 0.000015 -0.000025 0.000000 0.000000 0.000000 0.000000 0.000000 0.000000 -21.649828 -5.830940 -2.350979 -0.476842 -1.113821 25.073799 8.450204 -18.956589 22.039093 -2.701795 -0.150052 -19.358759 0.000000 0.000000 0.000000 0.000000 0.000000 0.000000 0.000000 0.000000 0.000000 -6.007090 16.613358 20.293364 0.138898 0.671647 10.853368 5.955738 17.377022 10.327733 -0.373666 -0.959223 -16.292704 0.000000 0.000000 0.000000 0.000000 0.000000 0.000000 0.000000 0.000000 0.000000 
3.032242 85.663483 6.577863 6.154388 -1.003742 -19.213341 -4.529918 1.164094 7.945121 -0.143726 0.248994 3.386307 -0.287203 -0.216004 12.293494 1.155399 -0.365536 5.768846 -8.154848 7.613210 7.275342 2.327956 5.435743 -3.261200 -0.899014 -0.439136 -22.238714 0.000000 0.000000 0.000000 95.082466 -1.539505 9.264782 62.943470 -16.695068 -0.173388 0.517749 19.599401 25.684187 12.539453 30.186478 1.077915 1.895490 -0.232922 44.260193 0.000008 0.000003 -4.656018 -0.000022 0.000038 -3.563266 -0.000010 0.000012 -0.000009 28.603708 16.817810 -8.822923 18.814980 0.100039 -5.024548 18.759813 1.056625 -4.638010 -0.000011 -0.000002 -0.000006 28.219067 6.943202 -8.831408 18.262449 -0.550082 -2.003293 18.354870 0.369980 -1.694924 -0.000007 0.000004 0.000034 30.741945 -8.996185 -6.802978 19.094175 1.333391 2.670106 18.998295 -0.495529 2.066525 0.000022 0.001815 -0.000008 31.944103 -25.467398 -6.412110 17.159483 2.107903 7.360224 16.880686 -1.587544 6.273097 -0.001001 0.000019 0.000002 0.000000 0.000000 0.000000 0.000000 0.000000 0.000000 -92.035133 0.250238 12.556149 -41.156239 12.979001 12.875756 -2.035357 -27.183798 63.321060 -27.100750 -7.043074 -1.405187 -2.095230 0.259438 44.159378 0.000023 0.000009 -4.814196 0.000076 -0.000028 -3.408979 -0.000335 -0.000003 -0.000579 -29.849485 17.263830 -7.213745 -19.516037 -0.135792 4.462019 -19.182470 0.844144 4.155749 0.000045 -0.000125 -0.000010 -28.118877 7.104722 -8.210015 -19.655630 -0.654495 1.815228 -19.591133 0.266564 1.539665 0.000695 -0.000041 -0.000138 -31.260149 -9.255200 -7.731672 -22.764780 1.406746 -2.567567 -22.934509 -0.399156 -1.959968 0.001090 0.000002 -0.000016 -30.808126 -26.710575 -9.290102 -22.283810 2.509926 -7.365060 -22.025898 -1.199038 -6.071711 0.000297 0.000014 -0.000026 0.000000 0.000000 0.000000 0.000000 0.000000 0.000000 -21.601377 -5.748715 -2.269613 -0.475424 -1.112159 25.063110 8.426529 -18.811417 21.974983 -2.697794 -0.143441 -19.324974 0.000000 0.000000 0.000000 0.000000 0.000000 0.000000 0.000000 0.000000 0.000000 -5.953795 16.646788 20.294033 0.139489 0.663370 10.951857 5.939425 17.451136 10.295106 -0.380592 -0.957576 -16.285425 0.000000 0.000000 0.000000 0.000000 0.000000 0.000000 0.000000 0.000000 0.000000 
3.008563 85.655090 6.631639 6.123992 -1.147164 -19.240099 -4.475250 1.158087 7.989702 -0.163186 0.253274 3.323601 -0.199714 -0.240728 12.381650 1.166518 -0.363432 5.705599 -8.209473 7.746123 7.070340 2.298461 5.476453 -3.379914 -0.918698 -0.435681 -22.143133 0.000000 0.000000 0.000000 95.048355 -1.506732 9.309443 62.859032 -17.020519 -0.165061 0.505743 19.493490 25.570456 12.624478 30.317917 1.280430 1.847643 -0.227844 44.278671 0.000008 0.000004 -4.532489 -0.000022 0.000038 -3.481419 -0.000010 0.000012 -0.000010 28.416975 16.820749 -8.881419 18.760981 0.096183 -5.016931 18.706152 1.052648 -4.634227 -0.000011 -0.000002 -0.000006 28.059803 6.947843 -8.889242 18.214512 -0.551287 -2.000433 18.308300 0.368687 -1.693148 -0.000007 0.000010 0.000034 30.603802 -9.004889 -6.844098 19.061363 1.334078 2.671273 18.967916 -0.494221 2.066570 0.000022 0.001654 -0.000008 31.795942 -25.488152 -6.416955 17.167992 2.109928 7.366127 16.880217 -1.583068 6.275377 -0.001043 0.000018 0.000003 0.000000 0.000000 0.000000 0.000000 0.000000 0.000000 -92.019196 0.276122 12.531402 -41.387081 13.013205 12.496987 -2.082265 -27.313740 62.982456 -26.825653 -7.368867 -1.538852 -2.067755 0.261069 44.163887 0.000023 0.000009 -4.762233 0.000090 -0.000026 -3.362293 -0.000395 -0.000003 -0.000505 -29.704538 17.220175 -7.243494 -19.371643 -0.141785 4.439931 -19.036413 0.837441 4.133053 0.000045 -0.000078 -0.000010 -27.960793 7.089212 -8.225233 -19.504898 -0.657119 1.806313 -19.457121 0.264577 1.531945 0.000573 -0.000042 -0.000130 -31.080593 -9.243507 -7.711961 -22.634085 1.410693 -2.552041 -22.813213 -0.396186 -1.949903 0.001123 0.000002 -0.000016 -30.674614 -26.681890 -9.271986 -22.196047 2.520030 -7.325615 -21.938364 -1.189930 -6.042264 0.000289 0.000014 -0.000026 0.000000 0.000000 0.000000 0.000000 0.000000 0.000000 -21.539862 -5.680600 -2.229696 -0.474352 -1.108156 25.089188 8.401894 -18.688751 21.910196 -2.691051 -0.140907 -19.304352 0.000000 0.000000 0.000000 0.000000 0.000000 0.000000 0.000000 0.000000 0.000000 -5.901069 16.668924 20.282612 0.140284 0.656171 11.049317 5.931795 17.528141 10.267813 -0.388139 -0.953727 -16.282915 0.000000 0.000000 0.000000 0.000000 0.000000 0.000000 0.000000 0.000000 0.000000 
2.980678 85.648178 6.680870 6.091888 -1.277884 -19.251940 -4.434952 1.153452 8.022005 -0.171135 0.254468 3.286125 -0.116077 -0.267108 12.466533 1.180307 -0.361098 5.651467 -8.300085 7.864617 6.842453 2.262953 5.489544 -3.506836 -0.937129 -0.429021 -22.035410 0.000000 0.000000 0.000000 95.026543 -1.475202 9.346586 62.787212 -17.381044 -0.170082 0.489860 19.312651 25.409386 12.686775 30.248983 1.456911 1.799202 -0.222198 44.297283 0.000007 0.000004 -4.407949 -0.000023 0.000039 -3.397163 -0.000009 0.000011 -0.000011 28.204271 16.828323 -8.917373 18.702459 0.092193 -5.010501 18.648182 1.048474 -4.631492 -0.000012 -0.000002 -0.000007 27.871157 6.955274 -8.932669 18.164211 -0.552526 -1.997791 18.258631 0.367364 -1.691646 -0.000006 0.000018 0.000034 30.433107 -9.017557 -6.874111 19.026211 1.334987 2.672999 18.934391 -0.492772 2.067159 0.000022 0.001521 -0.000008 31.611551 -25.520750 -6.407932 17.168530 2.113206 7.373402 16.871700 -1.577997 6.279182 -0.001074 0.000017 0.000004 0.000000 0.000000 0.000000 0.000000 0.000000 0.000000 -92.002251 0.308996 12.501400 -41.561779 13.066597 12.117688 -2.116945 -27.385250 62.732170 -26.540600 -7.439978 -1.781647 -2.043936 0.262911 44.166943 0.000023 0.000010 -4.722709 0.000101 -0.000025 -3.324609 -0.000450 -0.000003 -0.000435 -29.589426 17.173853 -7.289508 -19.237299 -0.147754 4.420866 -18.899193 0.830636 4.113899 0.000045 -0.000031 -0.000010 -27.823736 7.073079 -8.259586 -19.364977 -0.659781 1.798372 -19.332272 0.262610 1.525098 0.000452 -0.000043 -0.000124 -30.900246 -9.230359 -7.711036 -22.504942 1.414799 -2.537141 -22.693653 -0.393021 -1.940199 0.001169 0.000002 -0.000016 -30.530176 -26.649424 -9.261734 -22.100985 2.531033 -7.285275 -21.846529 -1.179984 -6.013278 0.000284 0.000014 -0.000026 0.000000 0.000000 0.000000 0.000000 0.000000 0.000000 -21.477594 -5.608343 -2.224627 -0.473854 -1.102486 25.147228 8.383054 -18.579094 21.841923 -2.682619 -0.140850 -19.296371 0.000000 0.000000 0.000000 0.000000 0.000000 0.000000 0.000000 0.000000 0.000000 -5.856574 16.679649 20.268610 0.140834 0.649790 11.131479 5.931523 17.603491 10.245362 -0.395785 -0.949882 -16.279226 0.000000 0.000000 0.000000 0.000000 0.000000 0.000000 0.000000 0.000000 0.000000 
2.950039 85.642578 6.726343 6.062198 -1.387590 -19.252295 -4.407192 1.150707 8.047434 -0.169393 0.254236 3.262371 -0.040780 -0.289421 12.550371 1.193749 -0.356268 5.602946 -8.403253 7.964073 6.620317 2.226400 5.476384 -3.628124 -0.950723 -0.419259 -21.922625 0.000000 0.000000 0.000000 95.013817 -1.441881 9.380095 62.757954 -17.742203 -0.190233 0.473099 19.091074 25.214495 12.696600 30.067863 1.603316 1.754280 -0.216833 44.314594 0.000007 0.000005 -4.290270 -0.000023 0.000039 -3.317471 -0.000009 0.000011 -0.000011 27.990541 16.834591 -8.924802 18.644419 0.087788 -5.004066 18.591726 1.043924 -4.628686 -0.000012 -0.000002 -0.000007 27.674864 6.963063 -8.954967 18.114958 -0.553893 -1.994958 18.209673 0.365930 -1.690021 -0.000005 0.000027 0.000034 30.250042 -9.031601 -6.890084 18.989653 1.336409 2.674405 18.899275 -0.491093 2.067564 0.000022 0.001415 -0.000008 31.409433 -25.560499 -6.387782 17.161470 2.118371 7.379174 16.855957 -1.571856 6.281814 -0.001094 0.000017 0.000006 0.000000 0.000000 0.000000 0.000000 0.000000 0.000000 -91.988098 0.344024 12.473966 -41.723610 13.162664 11.755692 -2.136050 -27.410786 62.529106 -26.214685 -7.351576 -2.082551 -2.022466 0.264990 44.168945 0.000023 0.000010 -4.691093 0.000109 -0.000024 -3.292709 -0.000493 -0.000004 -0.000378 -29.492950 17.124203 -7.331028 -19.111681 -0.153500 4.404698 -18.770666 0.823998 4.098013 0.000045 0.000013 -0.000009 -27.703125 7.056115 -8.294600 -19.234123 -0.662371 1.791451 -19.214905 0.260728 1.519200 0.000337 -0.000044 -0.000119 -30.721434 -9.216491 -7.708255 -22.375748 1.419000 -2.523282 -22.574823 -0.389796 -1.931180 0.001224 0.000001 -0.000016 -30.377022 -26.617586 -9.234452 -21.998676 2.542658 -7.245955 -21.749063 -1.169741 -5.985846 0.000276 0.000014 -0.000027 0.000000 0.000000 0.000000 0.000000 0.000000 0.000000 -21.421616 -5.528655 -2.237122 -0.473805 -1.096088 25.224722 8.374292 -18.477310 21.771772 -2.674114 -0.141149 -19.301212 0.000000 0.000000 0.000000 0.000000 0.000000 0.000000 0.000000 0.000000 0.000000 -5.820901 16.678658 20.256020 0.141024 0.644254 11.197474 5.934623 17.666925 10.224739 -0.403632 -0.947464 -16.271255 0.000000 0.000000 0.000000 0.000000 0.000000 0.000000 0.000000 0.000000 0.000000 
2.917758 85.637169 6.769450 6.036435 -1.469239 -19.248314 -4.389140 1.149617 8.071062 -0.162206 0.253926 3.244248 0.025790 -0.303259 12.635131 1.205098 -0.347360 5.559069 -8.498459 8.042100 6.418853 2.191264 5.443023 -3.737475 -0.957993 -0.406562 -21.811073 0.000000 0.000000 0.000000 95.008072 -1.408043 9.408840 62.765732 -18.081778 -0.215040 0.458788 18.856497 25.004232 12.655693 29.865021 1.732283 1.715571 -0.212245 44.329708 0.000007 0.000006 -4.185279 -0.000023 0.000039 -3.247209 -0.000008 0.000011 -0.000012 27.794096 16.837395 -8.907812 18.591246 0.082753 -4.996338 18.540977 1.038875 -4.624576 -0.000012 -0.000003 -0.000007 27.489103 6.969771 -8.957124 18.069708 -0.555478 -1.991474 18.164148 0.364298 -1.687833 -0.000005 0.000035 0.000034 30.075066 -9.044611 -6.893870 18.953016 1.338530 2.674544 18.864100 -0.489070 2.067026 0.000022 0.001336 -0.000008 31.213959 -25.600281 -6.362489 17.149185 2.125812 7.380543 16.835184 -1.564219 6.280681 -0.001101 0.000016 0.000007 0.000000 0.000000 0.000000 0.000000 0.000000 0.000000 -91.982391 0.378898 12.445941 -41.887768 13.313962 11.416731 -2.143128 -27.398584 62.326881 -25.828491 -7.173660 -2.409473 -2.003068 0.267410 44.170074 0.000023 0.000011 -4.664351 0.000115 -0.000023 -3.265059 -0.000522 -0.000004 -0.000336 -29.407883 17.070742 -7.366353 -18.989235 -0.159162 4.389870 -18.645882 0.817424 4.083735 0.000045 0.000055 -0.000009 -27.593840 7.037904 -8.328457 -19.105141 -0.664938 1.784987 -19.098318 0.258877 1.513804 0.000235 -0.000044 -0.000117 -30.542627 -9.201386 -7.704109 -22.239193 1.423375 -2.509963 -22.449732 -0.386485 -1.922455 0.001288 0.000001 -0.000016 -30.211174 -26.585772 -9.194148 -21.882534 2.555037 -7.206857 -21.638958 -1.159245 -5.958919 0.000262 0.000013 -0.000027 0.000000 0.000000 0.000000 0.000000 0.000000 0.000000 -21.375374 -5.446870 -2.249839 -0.474015 -1.089597 25.314123 8.376609 -18.383404 21.698219 -2.666167 -0.140902 -19.316490 0.000000 0.000000 0.000000 0.000000 0.000000 0.000000 0.000000 0.000000 0.000000 -5.793041 16.666679 20.248388 0.140795 0.639404 11.254451 5.937716 17.717684 10.203657 -0.411225 -0.946674 -16.258961 0.000000 0.000000 0.000000 0.000000 0.000000 0.000000 0.000000 0.000000 0.000000 
2.884652 85.631081 6.811819 6.015111 -1.518835 -19.246611 -4.378633 1.149758 8.095978 -0.153077 0.254137 3.227679 0.084731 -0.306327 12.721686 1.213341 -0.333785 5.521170 -8.572429 8.096617 6.237677 2.158368 5.394825 -3.835662 -0.958549 -0.391314 -21.703125 0.000000 0.000000 0.000000 95.009384 -1.376661 9.432226 62.787830 -18.385365 -0.227951 0.448646 18.618031 24.790403 12.581850 29.693235 1.857516 1.683737 -0.208568 44.342400 0.000006 0.000007 -4.094675 -0.000023 0.000039 -3.187584 -0.000008 0.000011 -0.000012 27.622084 16.837152 -8.875526 18.545204 0.076945 -4.986614 18.497593 1.033235 -4.618473 -0.000012 -0.000003 -0.000008 27.321840 6.975093 -8.945284 18.029835 -0.557350 -1.987099 18.123453 0.362403 -1.684845 -0.000004 0.000042 0.000034 29.917269 -9.055491 -6.890331 18.916746 1.341429 2.672839 18.829418 -0.486604 2.065077 0.000022 0.001280 -0.000007 31.037010 -25.635618 -6.337623 17.132977 2.135760 7.375688 16.810562 -1.554761 6.274245 -0.001096 0.000016 0.000008 0.000000 0.000000 0.000000 0.000000 0.000000 0.000000 -91.989868 0.413693 12.413695 -42.056675 13.518555 11.092231 -2.143236 -27.353806 62.101894 -25.389397 -6.941905 -2.742138 -1.984740 0.270110 44.170742 0.000023 0.000012 -4.638174 0.000119 -0.000022 -3.239401 -0.000543 -0.000005 -0.000309 -29.327003 17.014280 -7.401469 -18.863220 -0.165013 4.374931 -18.518253 0.810656 4.069630 0.000044 0.000093 -0.000009 -27.487846 7.018558 -8.366594 -18.970369 -0.667579 1.778419 -18.975285 0.256965 1.508455 0.000151 -0.000045 -0.000117 -30.356798 -9.184769 -7.708423 -22.087950 1.428049 -2.496598 -22.311123 -0.382994 -1.913560 0.001355 0.000001 -0.000016 -30.023832 -26.552824 -9.158164 -21.746441 2.568478 -7.166560 -21.510075 -1.148257 -5.931147 0.000242 0.000013 -0.000028 0.000000 0.000000 0.000000 0.000000 0.000000 0.000000 -21.340513 -5.369765 -2.249836 -0.474434 -1.083606 25.409527 8.388983 -18.299332 21.618862 -2.659113 -0.139598 -19.338125 0.000000 0.000000 0.000000 0.000000 0.000000 0.000000 0.000000 0.000000 0.000000 -5.771394 16.644474 20.248447 0.140155 0.635092 11.309281 5.939027 17.757336 10.180071 -0.418175 -0.947222 -16.242867 0.000000 0.000000 0.000000 0.000000 0.000000 0.000000 0.000000 0.000000 0.000000 
2.851264 85.624138 6.854870 5.998441 -1.535417 -19.250326 -4.373772 1.150824 8.123204 -0.143819 0.254960 3.209843 0.136852 -0.297410 12.810259 1.217548 -0.315534 5.489898 -8.620717 8.128249 6.071554 2.127755 5.336035 -3.925338 -0.952847 -0.374082 -21.599249 0.000000 0.000000 0.000000 95.018120 -1.349648 9.450702 62.806313 -18.643911 -0.218313 0.442550 18.375994 24.581011 12.494528 29.570971 1.988873 1.657797 -0.205734 44.352924 0.000006 0.000007 -4.016586 -0.000023 0.000039 -3.136956 -0.000007 0.000010 -0.000013 27.473385 16.834911 -8.835981 18.506533 0.070177 -4.974423 18.461332 1.026826 -4.609952 -0.000012 -0.000004 -0.000008 27.172815 6.979194 -8.926212 17.995123 -0.559591 -1.981681 18.087635 0.360173 -1.680920 -0.000003 0.000048 0.000033 29.775839 -9.064031 -6.885300 18.880306 1.345170 2.668975 18.794691 -0.483596 2.061470 0.000022 0.001247 -0.000007 30.878635 -25.664949 -6.318389 17.112764 2.148449 7.363637 16.782204 -1.543157 6.261741 -0.001080 0.000015 0.000009 0.000000 0.000000 0.000000 0.000000 0.000000 0.000000 -92.012955 0.449695 12.376349 -42.228817 13.771719 10.771035 -2.139743 -27.278154 61.842884 -24.912676 -6.677395 -3.070896 -1.965111 0.272833 44.171856 0.000022 0.000012 -4.606102 0.000121 -0.000021 -3.211576 -0.000558 -0.000006 -0.000294 -29.238846 16.956680 -7.438683 -18.727043 -0.171371 4.358805 -18.381182 0.803394 4.054658 0.000044 0.000127 -0.000009 -27.372858 6.998661 -8.411155 -18.822948 -0.670408 1.771313 -18.839258 0.254893 1.502783 0.000091 -0.000046 -0.000118 -30.151896 -9.167000 -7.726883 -21.915710 1.433189 -2.482688 -22.152355 -0.379212 -1.904122 0.001420 0.000000 -0.000015 -29.803020 -26.518728 -9.139119 -21.585640 2.583362 -7.123727 -21.357418 -1.136411 -5.901386 0.000219 0.000013 -0.000028 0.000000 0.000000 0.000000 0.000000 0.000000 0.000000 -21.316967 -5.300736 -2.230791 -0.475059 -1.078473 25.505917 8.409307 -18.226582 21.533066 -2.653204 -0.136909 -19.362150 0.000000 0.000000 0.000000 0.000000 0.000000 0.000000 0.000000 0.000000 0.000000 -5.754810 16.611725 20.256048 0.139178 0.631265 11.366501 5.938455 17.786840 10.153263 -0.424489 -0.948671 -16.223513 0.000000 0.000000 0.000000 0.000000 0.000000 0.000000 0.000000 0.000000 0.000000 
2.817832 85.616615 6.899573 5.986432 -1.520171 -19.259771 -4.372599 1.152563 8.152687 -0.134971 0.256197 3.188155 0.182066 -0.275975 12.900786 1.216982 -0.292910 5.464390 -8.645589 8.140356 5.917562 2.099151 5.270061 -4.007725 -0.942001 -0.355429 -21.500072 0.000000 0.000000 0.000000 95.034355 -1.327263 9.464827 62.813251 -18.855028 -0.183103 0.439548 18.131224 24.384031 12.409020 29.499506 2.130239 1.636300 -0.203596 44.361698 0.000006 0.000008 -3.948079 -0.000023 0.000040 -3.093076 -0.000007 0.000010 -0.000013 27.344936 16.831608 -8.795030 18.475473 0.062302 -4.959525 18.432133 1.019479 -4.598811 -0.000012 -0.000004 -0.000008 27.039932 6.982348 -8.905376 17.965467 -0.562272 -1.975144 18.056858 0.357557 -1.676002 -0.000003 0.000054 0.000033 29.647018 -9.070436 -6.883748 18.843655 1.349789 2.662845 18.759853 -0.479988 2.056116 0.000022 0.001235 -0.000006 30.735003 -25.688324 -6.308855 17.088575 2.164007 7.344053 16.750589 -1.529210 6.242908 -0.001058 0.000015 0.000009 0.000000 0.000000 0.000000 0.000000 0.000000 0.000000 -92.052345 0.488219 12.334652 -42.401207 14.073050 10.447130 -2.134090 -27.169712 61.538063 -24.405203 -6.396974 -3.397493 -1.941256 0.275234 44.174469 0.000022 0.000012 -4.561208 0.000121 -0.000020 -3.176732 -0.000570 -0.000006 -0.000288 -29.129349 16.900282 -7.475846 -18.575121 -0.178505 4.340735 -18.229059 0.795393 4.038080 0.000043 0.000155 -0.000009 -27.235088 6.979009 -8.459949 -18.657310 -0.673524 1.763367 -18.684841 0.252587 1.496513 0.000052 -0.000046 -0.000119 -29.914820 -9.148826 -7.758646 -21.717140 1.438962 -2.467830 -21.967617 -0.375042 -1.893864 0.001477 -0.000000 -0.000015 -29.537216 -26.484272 -9.140189 -21.396238 2.600027 -7.077327 -21.176500 -1.123386 -5.868772 0.000194 0.000012 -0.000028 0.000000 0.000000 0.000000 0.000000 0.000000 0.000000 -21.303396 -5.239793 -2.191403 -0.475837 -1.074223 25.599520 8.435265 -18.165415 21.441870 -2.648552 -0.132785 -19.385727 0.000000 0.000000 0.000000 0.000000 0.000000 0.000000 0.000000 0.000000 0.000000 -5.742640 16.567450 20.268942 0.137970 0.627929 11.428788 5.936879 17.806416 10.124042 -0.430430 -0.950528 -16.201685 0.000000 0.000000 0.000000 0.000000 0.000000 0.000000 0.000000 0.000000 0.000000 
2.784311 85.608887 6.946497 5.978899 -1.475577 -19.274050 -4.373331 1.154718 8.183960 -0.126418 0.257364 3.160758 0.219995 -0.242438 12.992737 1.211180 -0.266640 5.443177 -8.652179 8.136941 5.775306 2.072113 5.199069 -4.082906 -0.927218 -0.335606 -21.406460 0.000000 0.000000 0.000000 95.058075 -1.308666 9.474965 62.806927 -19.023830 -0.122786 0.438580 17.886175 24.206034 12.334642 29.471411 2.278497 1.618260 -0.201998 44.369053 0.000006 0.000008 -3.887060 -0.000023 0.000040 -3.054486 -0.000006 0.000010 -0.000014 27.235092 16.828066 -8.757174 18.453201 0.053289 -4.941997 18.411066 1.011140 -4.585117 -0.000012 -0.000004 -0.000008 26.922363 6.984846 -8.886949 17.941824 -0.565419 -1.967525 18.032290 0.354552 -1.670136 -0.000003 0.000059 0.000033 29.527723 -9.075108 -6.889302 18.807837 1.355257 2.654517 18.725977 -0.475791 2.049065 0.000021 0.001241 -0.000005 30.602596 -25.706465 -6.311708 17.061131 2.182348 7.317065 16.716930 -1.512928 6.217865 -0.001030 0.000015 0.000010 0.000000 0.000000 0.000000 0.000000 0.000000 0.000000 -92.107079 0.530157 12.289841 -42.570583 14.424963 10.119493 -2.127173 -27.025362 61.173000 -23.867800 -6.113424 -3.729975 -1.910632 0.276985 44.179592 0.000022 0.000013 -4.497581 0.000119 -0.000019 -3.130624 -0.000579 -0.000007 -0.000288 -28.985033 16.847422 -7.510592 -18.403097 -0.186585 4.320204 -18.057486 0.786507 4.019375 0.000043 0.000178 -0.000008 -27.061764 6.960404 -8.510364 -18.469065 -0.677001 1.754378 -18.507778 0.250000 1.489447 0.000032 -0.000047 -0.000120 -29.633492 -9.131023 -7.800907 -21.487635 1.445498 -2.451721 -21.751848 -0.370424 -1.882591 0.001519 -0.000000 -0.000015 -29.216461 -26.450232 -9.160119 -21.174614 2.618690 -7.026618 -20.962915 -1.108976 -5.832681 0.000165 0.000012 -0.000028 0.000000 0.000000 0.000000 0.000000 0.000000 0.000000 -21.298164 -5.185466 -2.132777 -0.476671 -1.070649 25.687653 8.465086 -18.115208 21.346910 -2.645151 -0.127382 -19.407290 0.000000 0.000000 0.000000 0.000000 0.000000 0.000000 0.000000 0.000000 0.000000 -5.734397 16.511368 20.284391 0.136644 0.625142 11.497251 5.935295 17.815641 10.093908 -0.436277 -0.952351 -16.178423 0.000000 0.000000 0.000000 0.000000 0.000000 0.000000 0.000000 0.000000 0.000000 
2.750418 85.601303 6.996039 5.975511 -1.404800 -19.292196 -4.374567 1.156995 8.216460 -0.117883 0.257844 3.126698 0.250537 -0.198308 13.085217 1.199888 -0.237879 5.424860 -8.645988 8.121148 5.646158 2.046058 5.123907 -4.150054 -0.909560 -0.314652 -21.318636 0.000000 0.000000 0.000000 95.089081 -1.292568 9.481364 62.788551 -19.160879 -0.037989 0.438793 17.643772 24.050234 12.276224 29.477121 2.426877 1.603108 -0.200797 44.375202 0.000006 0.000009 -3.832310 -0.000022 0.000040 -3.020418 -0.000005 0.000010 -0.000014 27.142466 16.825033 -8.725743 18.440790 0.043153 -4.921884 18.399212 1.001799 -4.568901 -0.000012 -0.000004 -0.000008 26.819353 6.986983 -8.873689 17.925055 -0.569042 -1.958844 18.014984 0.351172 -1.663357 -0.000002 0.000063 0.000033 29.415731 -9.078465 -6.903728 18.774069 1.361528 2.644054 18.694302 -0.471042 2.040358 0.000021 0.001265 -0.000005 30.479185 -25.720106 -6.327827 17.031343 2.203315 7.282847 16.682512 -1.494412 6.186743 -0.001000 0.000015 0.000010 0.000000 0.000000 0.000000 0.000000 0.000000 0.000000 -92.175400 0.575759 12.243606 -42.735062 14.833241 9.789873 -2.120139 -26.842575 60.728951 -23.298342 -5.835764 -4.079159 -1.871481 0.277847 44.187984 0.000021 0.000013 -4.411149 0.000117 -0.000019 -3.070345 -0.000587 -0.000008 -0.000292 -28.794767 16.800060 -7.541440 -18.207495 -0.195725 4.296718 -17.862965 0.776641 3.998051 0.000042 0.000193 -0.000008 -26.842318 6.943498 -8.560525 -18.254564 -0.680898 1.744157 -18.304514 0.247098 1.481396 0.000028 -0.000047 -0.000121 -29.297207 -9.114202 -7.850691 -21.222729 1.452905 -2.434065 -21.500290 -0.365314 -1.870108 0.001545 -0.000001 -0.000015 -28.831600 -26.417110 -9.195947 -20.916536 2.639523 -6.970883 -20.711823 -1.093049 -5.792529 0.000131 0.000011 -0.000028 0.000000 0.000000 0.000000 0.000000 0.000000 0.000000 -21.300104 -5.136462 -2.056353 -0.477461 -1.067464 25.768118 8.497976 -18.075060 21.249676 -2.642951 -0.120911 -19.426056 0.000000 0.000000 0.000000 0.000000 0.000000 0.000000 0.000000 0.000000 0.000000 -5.729740 16.444275 20.300169 0.135306 0.623007 11.571721 5.934220 17.814188 10.064373 -0.442198 -0.953859 -16.154732 0.000000 0.000000 0.000000 0.000000 0.000000 0.000000 0.000000 0.000000 0.000000 
2.715609 85.594040 7.048493 5.975491 -1.311370 -19.313648 -4.375105 1.159054 8.249843 -0.109455 0.257083 3.086066 0.274375 -0.146474 13.177111 1.183005 -0.208148 5.408340 -8.632069 8.095036 5.532035 2.020334 5.044585 -4.208004 -0.890017 -0.292619 -21.236221 0.000000 0.000000 0.000000 95.127022 -1.277737 9.484229 62.761227 -19.281029 0.071950 0.439511 17.406872 23.916658 12.234725 29.508556 2.567920 1.590346 -0.199876 44.380402 0.000006 0.000010 -3.782796 -0.000022 0.000040 -2.990151 -0.000004 0.000010 -0.000015 27.064400 16.823154 -8.702642 18.438049 0.031809 -4.898746 18.396406 0.991360 -4.549730 -0.000011 -0.000004 -0.000008 26.728617 6.989017 -8.866779 17.914736 -0.573186 -1.948923 18.004631 0.347401 -1.655531 -0.000002 0.000068 0.000033 29.308870 -9.080791 -6.926825 18.742521 1.368633 2.631299 18.664957 -0.465729 2.029865 0.000021 0.001304 -0.000004 30.363642 -25.729567 -6.356480 16.999521 2.226923 7.241112 16.647741 -1.473644 6.149270 -0.000968 0.000014 0.000010 0.000000 0.000000 0.000000 0.000000 0.000000 0.000000 -92.255325 0.624700 12.198135 -42.895531 15.308345 9.460646 -2.114329 -26.620693 60.183914 -22.695890 -5.572119 -4.456046 -1.822950 0.277704 44.200092 0.000021 0.000013 -4.299989 0.000113 -0.000018 -2.994539 -0.000595 -0.000009 -0.000301 -28.551350 16.759403 -7.568157 -17.985798 -0.206060 4.269562 -17.643023 0.765679 3.973420 0.000042 0.000203 -0.000008 -26.569521 6.928674 -8.609518 -18.010931 -0.685289 1.732430 -18.072226 0.243839 1.472106 0.000036 -0.000048 -0.000122 -28.897720 -9.098660 -7.905210 -20.918419 1.461306 -2.414459 -21.208778 -0.359654 -1.856126 0.001552 -0.000001 -0.000014 -28.375332 -26.384874 -9.243931 -20.617659 2.662748 -6.909114 -20.418577 -1.075445 -5.747492 0.000093 0.000011 -0.000028 0.000000 0.000000 0.000000 0.000000 0.000000 0.000000 -21.308056 -5.092461 -1.963123 -0.478120 -1.064377 25.839136 8.533951 -18.044191 21.151127 -2.641826 -0.113494 -19.441624 0.000000 0.000000 0.000000 0.000000 0.000000 0.000000 0.000000 0.000000 0.000000 -5.727974 16.367414 20.314850 0.134055 0.621675 11.651424 5.933442 17.802336 10.036562 -0.448185 -0.954953 -16.131508 0.000000 0.000000 0.000000 0.000000 0.000000 0.000000 0.000000 0.000000 0.000000 
2.679190 85.587204 7.104124 5.977986 -1.198866 -19.338251 -4.373960 1.160520 8.283880 -0.101752 0.254780 3.039643 0.292776 -0.090847 13.267128 1.160388 -0.179143 5.392542 -8.614378 8.059649 5.435170 1.994375 4.960821 -4.255255 -0.869531 -0.269773 -21.158171 0.000000 0.000000 0.000000 95.171089 -1.263128 9.483658 62.730209 -19.399668 0.208529 0.440175 17.177921 23.802849 12.211508 29.560131 2.696526 1.579226 -0.199110 44.384972 0.000006 0.000010 -3.736996 -0.000021 0.000040 -2.962517 -0.000003 0.000010 -0.000015 26.996128 16.822968 -8.687610 18.442926 0.019062 -4.871633 18.400623 0.979624 -4.526721 -0.000011 -0.000005 -0.000008 26.645630 6.991144 -8.865478 17.908642 -0.577941 -1.937398 17.999025 0.343179 -1.646364 -0.000002 0.000072 0.000033 29.204317 -9.082239 -6.956473 18.711996 1.376675 2.615876 18.636610 -0.459791 2.017295 0.000020 0.001355 -0.000003 30.255083 -25.734898 -6.395377 16.965237 2.253377 7.191148 16.612095 -1.450466 6.104797 -0.000936 0.000014 0.000010 0.000000 0.000000 0.000000 0.000000 0.000000 0.000000 -92.345589 0.676188 12.155960 -43.056881 15.864985 9.133204 -2.111063 -26.361372 59.515587 -22.060114 -5.329540 -4.870837 -1.764757 0.276532 44.216106 0.000021 0.000013 -4.163582 0.000109 -0.000018 -2.902853 -0.000603 -0.000009 -0.000318 -28.250595 16.725935 -7.589967 -17.735659 -0.217751 4.237859 -17.395420 0.753474 3.944653 0.000041 0.000206 -0.000008 -26.239063 6.916024 -8.656070 -17.735382 -0.690260 1.718861 -17.808168 0.240172 1.461274 0.000056 -0.000048 -0.000122 -28.429276 -9.084381 -7.961312 -20.570906 1.470842 -2.392403 -20.873480 -0.353368 -1.840275 0.001540 -0.000001 -0.000014 -27.842232 -26.352932 -9.299643 -20.273516 2.688646 -6.840037 -20.078775 -1.055960 -5.696555 0.000050 0.000011 -0.000029 0.000000 0.000000 0.000000 0.000000 0.000000 0.000000 -21.321106 -5.053447 -1.853593 -0.478585 -1.061122 25.899708 8.573608 -18.022156 21.051584 -2.641581 -0.105220 -19.453894 0.000000 0.000000 0.000000 0.000000 0.000000 0.000000 0.000000 0.000000 0.000000 -5.728556 16.282135 20.327765 0.132970 0.621335 11.735062 5.932201 17.781267 10.011349 -0.454086 -0.955716 -16.109446 0.000000 0.000000 0.000000 0.000000 0.000000 0.000000 0.000000 0.000000 0.000000 
2.640400 85.580734 7.163155 5.982050 -1.070800 -19.366192 -4.370291 1.161045 8.318500 -0.095814 0.250861 2.988690 0.307635 -0.035922 13.354021 1.131836 -0.152523 5.376612 -8.596072 8.015606 5.357193 1.967711 4.872580 -4.290713 -0.848974 -0.246449 -21.083248 0.000000 0.000000 0.000000 95.219788 -1.248019 9.479940 62.702267 -19.530664 0.374032 0.440289 16.958321 23.705570 12.206203 29.626904 2.809316 1.568771 -0.198375 44.389328 0.000006 0.000011 -3.692869 -0.000020 0.000041 -2.935843 -0.000002 0.000010 -0.000016 26.931280 16.824934 -8.678929 18.451992 0.004590 -4.839130 18.408417 0.966270 -4.498569 -0.000011 -0.000005 -0.000008 26.564178 6.993534 -8.867953 17.903332 -0.583440 -1.923724 17.994619 0.338407 -1.635407 -0.000002 0.000075 0.000033 29.098705 -9.082875 -6.989902 18.680351 1.385834 2.597201 18.607021 -0.453110 2.002207 0.000020 0.001415 -0.000003 30.152763 -25.736073 -6.442029 16.927811 2.283081 7.131830 16.574669 -1.424557 6.052315 -0.000903 0.000014 0.000010 0.000000 0.000000 0.000000 0.000000 0.000000 0.000000 -92.445297 0.729203 12.119774 -43.227741 16.519226 8.807883 -2.111395 -26.067118 58.706448 -21.392555 -5.116132 -5.330531 -1.697138 0.274399 44.235950 0.000021 0.000014 -4.002682 0.000104 -0.000017 -2.795813 -0.000614 -0.000010 -0.000345 -27.892233 16.699312 -7.606985 -17.455221 -0.230998 4.200568 -17.118464 0.739834 3.910765 0.000041 0.000203 -0.000008 -25.850183 6.905348 -8.699638 -17.425806 -0.695903 1.703047 -17.510231 0.236030 1.448550 0.000084 -0.000048 -0.000122 -27.889767 -9.071030 -8.016540 -20.177698 1.481653 -2.367327 -20.491899 -0.346360 -1.822130 0.001509 -0.000002 -0.000014 -27.230171 -26.320175 -9.359160 -19.880949 2.717529 -6.762231 -19.689598 -1.034336 -5.638589 0.000001 0.000010 -0.000029 0.000000 0.000000 0.000000 0.000000 0.000000 0.000000 -21.338230 -5.019380 -1.728667 -0.478827 -1.057497 25.949760 8.617630 -18.008705 20.951035 -2.641947 -0.096131 -19.462980 0.000000 0.000000 0.000000 0.000000 0.000000 0.000000 0.000000 0.000000 0.000000 -5.730614 16.189650 20.339075 0.132119 0.622183 11.821110 5.929342 17.752493 9.989037 -0.459702 -0.956363 -16.089088 0.000000 0.000000 0.000000 0.000000 0.000000 0.000000 0.000000 0.000000 0.000000 
2.598559 85.574440 7.225768 5.987131 -0.930551 -19.397902 -4.363606 1.160456 8.353579 -0.092640 0.245458 2.934757 0.320741 0.014320 13.436913 1.096966 -0.129497 5.360400 -8.579888 7.963787 5.298947 1.940023 4.780427 -4.313988 -0.828989 -0.222949 -21.009993 0.000000 0.000000 0.000000 95.270645 -1.232187 9.473877 62.684467 -19.683662 0.571325 0.439408 16.747740 23.620617 12.213601 29.702074 2.903748 1.558063 -0.197566 44.393833 0.000006 0.000012 -3.648537 -0.000020 0.000041 -2.908525 -0.000001 0.000009 -0.000016 26.862612 16.829361 -8.674007 18.460770 -0.011917 -4.799839 18.415365 0.950991 -4.463991 -0.000011 -0.000005 -0.000008 26.477205 6.996315 -8.871929 17.894676 -0.589813 -1.907361 17.987078 0.332985 -1.622209 -0.000002 0.000078 0.000033 28.988274 -9.082756 -7.024719 18.644865 1.396280 2.574711 18.573431 -0.445564 1.984193 0.000020 0.001479 -0.000002 30.055309 -25.733328 -6.494659 16.886475 2.316391 7.062223 16.534496 -1.395627 5.990988 -0.000868 0.000014 0.000010 0.000000 0.000000 0.000000 0.000000 0.000000 0.000000 -92.553604 0.782755 12.091945 -43.418018 17.283752 8.484869 -2.115896 -25.739735 57.749439 -20.697487 -4.942482 -5.837530 -1.620952 0.271459 44.259281 0.000021 0.000014 -3.819616 0.000099 -0.000017 -2.674907 -0.000628 -0.000011 -0.000380 -27.481115 16.678284 -7.621044 -17.143944 -0.245946 4.156842 -16.811808 0.724609 3.870951 0.000040 0.000194 -0.000008 -25.406857 6.896164 -8.741075 -17.081776 -0.702277 1.684654 -17.177956 0.231361 1.433656 0.000120 -0.000048 -0.000122 -27.282402 -9.057979 -8.070204 -19.739199 1.493804 -2.338796 -20.064404 -0.338564 -1.801378 0.001462 -0.000002 -0.000014 -26.542168 -26.285059 -9.420338 -19.439917 2.749522 -6.674834 -19.251577 -1.010410 -5.572922 -0.000052 0.000010 -0.000029 0.000000 0.000000 0.000000 0.000000 0.000000 0.000000 -21.358727 -4.989692 -1.590747 -0.478863 -1.053449 25.990488 8.666284 -18.002985 20.849239 -2.642606 -0.086224 -19.469133 0.000000 0.000000 0.000000 0.000000 0.000000 0.000000 0.000000 0.000000 0.000000 -5.733132 16.091341 20.349955 0.131542 0.624349 11.907771 5.923608 17.717831 9.969494 -0.464880 -0.957190 -16.070786 0.000000 0.000000 0.000000 0.000000 0.000000 0.000000 0.000000 0.000000 0.000000 
2.553147 85.568039 7.292049 5.993508 -0.781196 -19.433647 -4.353896 1.158861 8.388802 -0.092984 0.239004 2.879187 0.333335 0.057368 13.515484 1.055268 -0.110636 5.344101 -8.568114 7.905375 5.261075 1.911137 4.685343 -4.324887 -0.809936 -0.199586 -20.936560 0.000000 0.000000 0.000000 95.320030 -1.215785 9.466616 62.685070 -19.861240 0.801259 0.437157 16.544973 23.545006 12.225332 29.777809 2.980260 1.546136 -0.196574 44.398884 0.000006 0.000012 -3.601988 -0.000019 0.000041 -2.878918 -0.000000 0.000009 -0.000017 26.782286 16.836494 -8.669017 18.464178 -0.030610 -4.752865 18.416483 0.933640 -4.422171 -0.000011 -0.000005 -0.000008 26.377050 6.999655 -8.874508 17.878256 -0.597120 -1.887977 17.971613 0.326861 -1.606476 -0.000002 0.000080 0.000033 28.868134 -9.082100 -7.059220 18.602415 1.408085 2.548110 18.532721 -0.437099 1.963060 0.000019 0.001544 -0.000002 29.959188 -25.727655 -6.552564 16.840239 2.353387 6.982221 16.490402 -1.363629 5.920671 -0.000833 0.000013 0.000009 0.000000 0.000000 0.000000 0.000000 0.000000 0.000000 -92.668945 0.835778 12.073754 -43.638695 18.163441 8.163487 -2.124643 -25.381168 56.653812 -19.980923 -4.818364 -6.388577 -1.537112 0.267849 44.285744 0.000021 0.000014 -3.616909 0.000093 -0.000017 -2.541555 -0.000646 -0.000012 -0.000424 -27.022837 16.661377 -7.632650 -16.801128 -0.262603 4.106371 -16.474981 0.707776 3.824882 0.000039 0.000180 -0.000008 -24.914192 6.887950 -8.780456 -16.703230 -0.709374 1.663565 -16.811249 0.226156 1.416492 0.000163 -0.000049 -0.000122 -26.612932 -9.044659 -8.122516 -19.257345 1.507231 -2.306716 -19.592882 -0.329980 -1.777955 0.001399 -0.000002 -0.000013 -25.784115 -26.246380 -9.483132 -18.952587 2.784446 -6.578031 -18.767439 -0.984231 -5.499685 -0.000107 0.000009 -0.000029 0.000000 0.000000 0.000000 0.000000 0.000000 0.000000 -21.382614 -4.962695 -1.443588 -0.478748 -1.049006 26.024239 8.719468 -18.003628 20.745760 -2.643231 -0.075606 -19.472628 0.000000 0.000000 0.000000 0.000000 0.000000 0.000000 0.000000 0.000000 0.000000 -5.735558 15.989023 20.362259 0.131249 0.627845 11.992879 5.913661 17.679630 9.952502 -0.469516 -0.958521 -16.054747 0.000000 0.000000 0.000000 0.000000 0.000000 0.000000 0.000000 0.000000 0.000000 
2.503714 85.561211 7.361887 6.001790 -0.625521 -19.473295 -4.341444 1.156609 8.423757 -0.097312 0.232174 2.823357 0.346282 0.092136 13.589690 1.006507 -0.095907 5.328217 -8.562754 7.841850 5.243837 1.880923 4.588587 -4.323530 -0.791952 -0.176638 -20.861002 0.000000 0.000000 0.000000 95.363922 -1.199291 9.459498 62.712090 -20.059465 1.062359 0.433269 16.348293 23.478334 12.228241 29.845087 3.040795 1.531788 -0.195274 44.404903 0.000006 0.000013 -3.550549 -0.000018 0.000041 -2.845090 0.000001 0.000009 -0.000017 26.681147 16.846527 -8.659371 18.456152 -0.051485 -4.697857 18.405809 0.914225 -4.372775 -0.000010 -0.000005 -0.000008 26.254629 7.003777 -8.872508 17.848864 -0.605359 -1.865439 17.942623 0.320030 -1.588070 -0.000002 0.000081 0.000033 28.730810 -9.081309 -7.092555 18.548506 1.421245 2.517360 18.480427 -0.427714 1.938801 0.000018 0.001602 -0.000001 29.857149 -25.720711 -6.616477 16.786459 2.393939 6.892323 16.439575 -1.328709 5.841754 -0.000797 0.000013 0.000008 0.000000 0.000000 0.000000 0.000000 0.000000 0.000000 -92.788956 0.887228 12.065334 -43.900578 19.153091 7.842361 -2.137166 -24.993736 55.445618 -19.251984 -4.751364 -6.975527 -1.446440 0.263639 44.315002 0.000020 0.000014 -3.396938 0.000087 -0.000016 -2.396904 -0.000669 -0.000012 -0.000472 -26.522062 16.647203 -7.640786 -16.425737 -0.280855 4.049344 -16.107098 0.689435 3.772683 0.000039 0.000161 -0.000008 -24.376947 6.880287 -8.817032 -16.290236 -0.717135 1.639857 -16.410105 0.220443 1.397126 0.000211 -0.000049 -0.000122 -25.888153 -9.030723 -8.174618 -18.735048 1.521780 -2.271298 -19.080168 -0.320678 -1.752024 0.001325 -0.000002 -0.000013 -24.963955 -26.203646 -9.549866 -18.422998 2.821861 -6.472936 -18.241758 -0.956059 -5.419699 -0.000161 0.000009 -0.000029 0.000000 0.000000 0.000000 0.000000 0.000000 0.000000 -21.409964 -4.936255 -1.291876 -0.478544 -1.044244 26.054174 8.776691 -18.009211 20.639912 -2.643494 -0.064444 -19.473528 0.000000 0.000000 0.000000 0.000000 0.000000 0.000000 0.000000 0.000000 0.000000 -5.737034 15.884473 20.378132 0.131238 0.632574 12.074405 5.897895 17.640240 9.937662 -0.473495 -0.960651 -16.041092 0.000000 0.000000 0.000000 0.000000 0.000000 0.000000 0.000000 0.000000 0.000000 
2.449836 85.553612 7.434991 6.012352 -0.466112 -19.515982 -4.326683 1.154083 8.457834 -0.105780 0.225651 2.768820 0.360170 0.118447 13.659142 0.951027 -0.084900 5.313498 -8.564998 7.774446 5.247309 1.849191 4.491264 -4.310223 -0.774887 -0.154171 -20.781652 0.000000 0.000000 0.000000 95.398842 -1.183343 9.453810 62.770977 -20.270905 1.351339 0.427596 16.155529 23.422358 12.205759 29.895081 3.087394 1.513561 -0.193540 44.412418 0.000006 0.000013 -3.490822 -0.000017 0.000042 -2.804707 0.000002 0.000009 -0.000018 26.547985 16.859547 -8.640491 18.428993 -0.074370 -4.635037 18.375757 0.892915 -4.315987 -0.000010 -0.000005 -0.000008 26.098839 7.008887 -8.862720 17.799627 -0.614472 -1.839827 17.892824 0.312537 -1.567017 -0.000002 0.000080 0.000033 28.565275 -9.080839 -7.124230 18.475910 1.435683 2.482638 18.409319 -0.417460 1.911570 0.000018 0.001650 -0.000000 29.736958 -25.714359 -6.687667 16.718920 2.437735 6.793386 16.375603 -1.291178 5.754930 -0.000762 0.000013 0.000007 0.000000 0.000000 0.000000 0.000000 0.000000 0.000000 -92.910675 0.936168 12.066006 -44.211536 20.239780 7.520590 -2.152566 -24.578754 54.159359 -18.522554 -4.744636 -7.587670 -1.350002 0.258883 44.346680 0.000020 0.000014 -3.162712 0.000080 -0.000016 -2.242534 -0.000694 -0.000013 -0.000523 -25.983492 16.634417 -7.644318 -16.017248 -0.300468 3.986429 -15.707776 0.669808 3.714925 0.000039 0.000137 -0.000007 -23.800335 6.872813 -8.850227 -15.843581 -0.725453 1.613794 -15.975205 0.214293 1.375772 0.000262 -0.000049 -0.000123 -25.116573 -9.015897 -8.228441 -18.176012 1.537214 -2.233014 -18.529888 -0.310786 -1.723942 0.001240 -0.000003 -0.000013 -24.092377 -26.156542 -9.624123 -17.856512 2.861108 -6.361372 -17.680307 -0.926333 -5.334293 -0.000211 0.000008 -0.000029 0.000000 0.000000 0.000000 0.000000 0.000000 0.000000 -21.440334 -4.908082 -1.140637 -0.478324 -1.039274 26.083691 8.837214 -18.018034 20.530767 -2.643096 -0.052906 -19.471733 0.000000 0.000000 0.000000 0.000000 0.000000 0.000000 0.000000 0.000000 0.000000 -5.736135 15.778837 20.399282 0.131520 0.638379 12.151069 5.874543 17.601025 9.924043 -0.476677 -0.963799 -16.029829 0.000000 0.000000 0.000000 0.000000 0.000000 0.000000 0.000000 0.000000 0.000000 
2.391079 85.544853 7.510995 6.024993 -0.305679 -19.560593 -4.310021 1.151518 8.490480 -0.118331 0.219885 2.717495 0.375270 0.136373 13.723102 0.889938 -0.077014 5.300809 -8.575231 7.704174 5.270864 1.815722 4.394258 -4.285929 -0.758373 -0.131935 -20.697746 0.000000 0.000000 0.000000 95.422935 -1.168642 9.450884 62.861458 -20.487812 1.665386 0.420236 15.963796 23.378777 12.138822 29.921236 3.119002 1.489639 -0.191275 44.421974 0.000006 0.000013 -3.418610 -0.000016 0.000042 -2.754889 0.000003 0.000009 -0.000018 26.369577 16.875351 -8.608828 18.373228 -0.099105 -4.564709 18.316986 0.869870 -4.252080 -0.000010 -0.000005 -0.000008 25.896725 7.015044 -8.842553 17.721642 -0.624415 -1.811225 17.813059 0.304419 -1.543349 -0.000002 0.000078 0.000033 28.357355 -9.080939 -7.153934 18.374065 1.451362 2.444051 18.308849 -0.406356 1.881453 0.000017 0.001682 0.000000 29.582651 -25.709692 -6.767562 16.627216 2.484623 6.685632 16.287834 -1.251218 5.660392 -0.000728 0.000013 0.000006 0.000000 0.000000 0.000000 0.000000 0.000000 0.000000 -93.031372 0.981927 12.074992 -44.574684 21.406193 7.199039 -2.169879 -24.135376 52.827404 -17.804796 -4.798038 -8.214866 -1.249427 0.253697 44.380142 0.000020 0.000014 -2.918449 0.000072 -0.000016 -2.081022 -0.000719 -0.000014 -0.000575 -25.413902 16.621716 -7.644468 -15.577294 -0.321198 3.918394 -15.278740 0.649126 3.652282 0.000038 0.000112 -0.000007 -23.191654 6.865179 -8.881466 -15.366054 -0.734222 1.585675 -15.509233 0.207775 1.352658 0.000316 -0.000049 -0.000126 -24.309195 -8.999883 -8.286620 -17.585423 1.553311 -2.192338 -17.947155 -0.300430 -1.694079 0.001149 -0.000003 -0.000012 -23.183447 -26.104603 -9.709269 -17.259981 2.901561 -6.245055 -17.090181 -0.895475 -5.244688 -0.000256 0.000008 -0.000030 0.000000 0.000000 0.000000 0.000000 0.000000 0.000000 -21.472479 -4.876657 -0.994672 -0.478151 -1.034241 26.116129 8.899864 -18.028074 20.417288 -2.641756 -0.041054 -19.466904 0.000000 0.000000 0.000000 0.000000 0.000000 0.000000 0.000000 0.000000 0.000000 -5.730541 15.672575 20.427057 0.132125 0.645062 12.222491 5.841862 17.561983 9.910288 -0.478891 -0.968061 -16.020884 0.000000 0.000000 0.000000 0.000000 0.000000 0.000000 0.000000 0.000000 0.000000 
2.327010 85.534607 7.589531 6.039088 -0.147311 -19.606050 -4.291895 1.148993 8.521310 -0.134618 0.215023 2.671544 0.391193 0.146190 13.780729 0.824988 -0.071575 5.291139 -8.592728 7.631462 5.312936 1.780373 4.297674 -4.252329 -0.741793 -0.109481 -20.609848 0.000000 0.000000 0.000000 95.436111 -1.155792 9.452021 62.977375 -20.704981 2.002843 0.411423 15.770315 23.347460 12.009992 29.919460 3.131105 1.458005 -0.188408 44.434162 0.000006 0.000014 -3.329271 -0.000015 0.000042 -2.692354 0.000004 0.000010 -0.000019 26.132275 16.893520 -8.562294 18.278755 -0.125561 -4.487183 18.219486 0.845208 -4.181365 -0.000009 -0.000005 -0.000007 25.634903 7.022147 -8.810513 17.604885 -0.635165 -1.779709 17.693298 0.295694 -1.517102 -0.000003 0.000075 0.000033 28.091112 -9.081597 -7.181672 18.230234 1.468287 2.401598 18.166269 -0.394388 1.848438 0.000017 0.001695 0.000001 29.376112 -25.706913 -6.857595 16.497824 2.534636 6.568548 16.162567 -1.208848 5.557730 -0.000696 0.000013 0.000005 0.000000 0.000000 0.000000 0.000000 0.000000 0.000000 -93.148903 1.024173 12.091617 -44.988403 22.633755 6.879539 -2.188072 -23.661797 51.476616 -17.111959 -4.908698 -8.847591 -1.146928 0.248261 44.414616 0.000020 0.000014 -2.669621 0.000065 -0.000016 -1.915994 -0.000741 -0.000015 -0.000625 -24.823679 16.608088 -7.645586 -15.111088 -0.342805 3.846096 -14.825166 0.627615 3.585543 0.000038 0.000085 -0.000007 -22.561548 6.857110 -8.914621 -14.863711 -0.743344 1.555817 -15.018190 0.200955 1.328027 0.000369 -0.000049 -0.000130 -23.480469 -8.982414 -8.352541 -16.971210 1.569876 -2.149718 -17.339811 -0.289722 -1.662783 0.001052 -0.000003 -0.000012 -22.255053 -26.047388 -9.808006 -16.642563 2.942681 -6.125443 -16.480545 -0.863847 -5.151885 -0.000293 0.000007 -0.000030 0.000000 0.000000 0.000000 0.000000 0.000000 0.000000 -21.504538 -4.841107 -0.858401 -0.478064 -1.029297 26.154673 8.963045 -18.036949 20.298681 -2.639206 -0.028905 -19.458845 0.000000 0.000000 0.000000 0.000000 0.000000 0.000000 0.000000 0.000000 0.000000 -5.717804 15.565775 20.462141 0.133087 0.652401 12.289021 5.798541 17.522160 9.895295 -0.479963 -0.973395 -16.014202 0.000000 0.000000 0.000000 0.000000 0.000000 0.000000 0.000000 0.000000 0.000000 
2.257219 85.522743 7.670255 6.054315 0.005819 -19.650906 -4.273183 1.146606 8.550245 -0.154168 0.211046 2.632447 0.407141 0.148232 13.831294 0.758001 -0.068184 5.284772 -8.616046 7.556461 5.370965 1.743083 4.201187 -4.211329 -0.724597 -0.086368 -20.519075 0.000000 0.000000 0.000000 95.438606 -1.144868 9.458212 63.111305 -20.920679 2.361933 0.401055 15.572680 23.327679 11.809403 29.886436 3.119769 1.416412 -0.184806 44.449715 0.000006 0.000014 -3.217443 -0.000015 0.000042 -2.613275 0.000005 0.000010 -0.000020 25.823690 16.913778 -8.498513 18.136946 -0.153570 -4.402946 18.074577 0.819091 -4.104330 -0.000009 -0.000005 -0.000007 25.301146 7.030127 -8.765141 17.440498 -0.646680 -1.745437 17.524841 0.286400 -1.488403 -0.000003 0.000071 0.000033 27.751255 -9.082850 -7.207262 18.032990 1.486436 2.355367 17.970144 -0.381562 1.812571 0.000016 0.001686 0.000002 29.100111 -25.706167 -6.958945 16.318333 2.587770 6.441649 15.987252 -1.164112 5.446582 -0.000666 0.000012 0.000004 0.000000 0.000000 0.000000 0.000000 0.000000 0.000000 -93.261429 1.062640 12.115727 -45.449501 23.906307 6.563090 -2.205905 -23.157930 50.128613 -16.456778 -5.071466 -9.475830 -1.044491 0.242710 44.449429 0.000019 0.000014 -2.420870 0.000057 -0.000015 -1.750584 -0.000758 -0.000016 -0.000673 -24.222845 16.593229 -7.650887 -14.625220 -0.365025 3.770588 -14.353501 0.605533 3.515688 0.000038 0.000058 -0.000006 -21.920689 6.848564 -8.952631 -14.343835 -0.752718 1.524604 -14.509370 0.193908 1.302172 0.000419 -0.000048 -0.000135 -22.644714 -8.963529 -8.428476 -16.342173 1.586730 -2.105618 -16.716593 -0.278772 -1.630410 0.000952 -0.000002 -0.000012 -21.324768 -25.985140 -9.921817 -16.013880 2.984010 -6.003804 -15.860779 -0.831785 -5.056733 -0.000322 0.000007 -0.000030 0.000000 0.000000 0.000000 0.000000 0.000000 0.000000 -21.534573 -4.800593 -0.735903 -0.478075 -1.024531 26.201727 9.024911 -18.042397 20.174637 -2.635209 -0.016511 -19.447960 0.000000 0.000000 0.000000 0.000000 0.000000 0.000000 0.000000 0.000000 0.000000 -5.696523 15.459007 20.503796 0.134424 0.660178 12.351058 5.743761 17.480572 9.878964 -0.479795 -0.979700 -16.009920 0.000000 0.000000 0.000000 0.000000 0.000000 0.000000 0.000000 0.000000 0.000000 
2.181253 85.509285 7.752817 6.070445 0.150667 -19.693584 -4.254972 1.144470 8.577375 -0.176138 0.207759 2.601379 0.421931 0.143056 13.874228 0.690832 -0.066590 5.281528 -8.643491 7.479707 5.441034 1.703787 4.104512 -4.165448 -0.706476 -0.062195 -20.426971 0.000000 0.000000 0.000000 95.430794 -1.135712 9.469980 63.255695 -21.134958 2.741096 0.388814 15.369748 23.318945 11.534942 29.818600 3.082086 1.362773 -0.180329 44.469296 0.000006 0.000014 -3.078223 -0.000014 0.000042 -2.514042 0.000006 0.000010 -0.000020 25.433868 16.935879 -8.416058 17.941538 -0.182975 -4.312532 17.875965 0.791658 -4.021504 -0.000009 -0.000005 -0.000007 24.885891 7.038879 -8.705956 17.221951 -0.658914 -1.708595 17.301344 0.276568 -1.457412 -0.000003 0.000066 0.000033 27.325485 -9.084648 -7.231095 17.773798 1.505776 2.305470 17.711918 -0.367891 1.773920 0.000015 0.001657 0.000002 28.741287 -25.707273 -7.073116 16.079290 2.644014 6.304491 15.752374 -1.117048 5.326643 -0.000639 0.000012 0.000003 0.000000 0.000000 0.000000 0.000000 0.000000 0.000000 -93.367455 1.097158 12.147550 -45.955242 25.208345 6.249471 -2.221749 -22.626738 48.803558 -15.852407 -5.280948 -10.089073 -0.943958 0.237118 44.483978 0.000019 0.000014 -2.176362 0.000049 -0.000015 -1.587637 -0.000769 -0.000017 -0.000718 -23.622242 16.577730 -7.662478 -14.128984 -0.387592 3.693025 -13.872781 0.583150 3.443809 0.000038 0.000033 -0.000006 -21.280634 6.839810 -8.997244 -13.816309 -0.762248 1.492455 -13.992727 0.186714 1.275427 0.000468 -0.000048 -0.000140 -21.816845 -8.943666 -8.515379 -15.709581 1.603716 -2.060531 -16.088642 -0.267690 -1.597314 0.000849 -0.000002 -0.000012 -20.410357 -25.919075 -10.050920 -15.385380 3.025167 -5.881277 -15.241928 -0.799595 -4.959995 -0.000344 0.000006 -0.000030 0.000000 0.000000 0.000000 0.000000 0.000000 0.000000 -21.560364 -4.754334 -0.630753 -0.478157 -1.019966 26.258734 9.083195 -18.042311 20.045536 -2.629539 -0.003940 -19.435160 0.000000 0.000000 0.000000 0.000000 0.000000 0.000000 0.000000 0.000000 0.000000 -5.665697 15.353245 20.550644 0.136142 0.668180 12.408895 5.677085 17.436275 9.862123 -0.478364 -0.986815 -16.008482 0.000000 0.000000 0.000000 0.000000 0.000000 0.000000 0.000000 0.000000 0.000000 
2.098520 85.494530 7.836884 6.087258 0.284710 -19.732271 -4.238555 1.142749 8.602788 -0.199443 0.204863 2.579131 0.434394 0.131281 13.909117 0.625178 -0.066747 5.280712 -8.673099 7.402068 5.518319 1.662362 4.007689 -4.117623 -0.687461 -0.036641 -20.335068 0.000000 0.000000 0.000000 95.412521 -1.128004 9.487175 63.404308 -21.347706 3.138059 0.374182 15.160965 23.322479 11.192419 29.710697 3.017366 1.295753 -0.174888 44.493317 0.000007 0.000014 -2.908564 -0.000013 0.000042 -2.392299 0.000007 0.000010 -0.000021 24.957533 16.959314 -8.314213 17.689575 -0.213526 -4.216826 17.620701 0.763132 -3.933737 -0.000008 -0.000005 -0.000006 24.384655 7.048170 -8.633134 16.946257 -0.671771 -1.669535 17.019999 0.266267 -1.424435 -0.000003 0.000060 0.000033 26.807734 -9.086800 -7.253867 17.448944 1.526170 2.252297 17.387896 -0.353448 1.732766 0.000015 0.001611 0.000003 28.293177 -25.709745 -7.201393 15.776486 2.703062 6.157575 15.453715 -1.067902 5.198405 -0.000616 0.000012 0.000001 0.000000 0.000000 0.000000 0.000000 0.000000 0.000000 -93.465744 1.127446 12.187718 -46.503841 26.525938 5.937955 -2.233827 -22.073240 47.519802 -15.309634 -5.530420 -10.676523 -0.846968 0.231514 44.517792 0.000018 0.000014 -1.939686 0.000042 -0.000015 -1.429607 -0.000772 -0.000017 -0.000762 -23.032412 16.562752 -7.679972 -13.632915 -0.410186 3.614847 -13.393224 0.560799 3.371271 0.000038 0.000009 -0.000005 -20.652853 6.831332 -9.047960 -13.292249 -0.771819 1.459910 -13.479381 0.179471 1.248226 0.000514 -0.000048 -0.000147 -21.011023 -8.923593 -8.612322 -15.085640 1.620656 -2.015102 -15.468039 -0.256609 -1.563953 0.000745 -0.000002 -0.000011 -19.528057 -25.851175 -10.194053 -14.768830 3.065728 -5.759301 -14.635302 -0.767645 -4.862705 -0.000357 0.000005 -0.000030 0.000000 0.000000 0.000000 0.000000 0.000000 0.000000 -21.579338 -4.701367 -0.545922 -0.478262 -1.015620 26.325954 9.135509 -18.035061 19.912340 -2.621996 0.008780 -19.421951 0.000000 0.000000 0.000000 0.000000 0.000000 0.000000 0.000000 0.000000 0.000000 -5.624561 15.249745 20.600670 0.138241 0.676249 12.462573 5.598357 17.388340 9.846125 -0.475720 -0.994577 -16.010593 0.000000 0.000000 0.000000 0.000000 0.000000 0.000000 0.000000 0.000000 0.000000 
2.008271 85.478973 7.922213 6.104264 0.406329 -19.765144 -4.225143 1.141596 8.626392 -0.222635 0.201923 2.566366 0.443496 0.113631 13.935550 0.562693 -0.068736 5.281402 -8.702580 7.324681 5.597966 1.618626 3.911234 -4.070881 -0.667840 -0.009417 -20.244751 0.000000 0.000000 0.000000 95.383194 -1.121480 9.508932 63.551773 -21.557400 3.550214 0.356683 14.946097 23.341143 10.792768 29.555172 2.925935 1.215389 -0.168510 44.521679 0.000007 0.000014 -2.708844 -0.000013 0.000042 -2.248079 0.000008 0.000010 -0.000022 24.396149 16.983265 -8.194062 17.382467 -0.244847 -4.117242 17.310326 0.733851 -3.842335 -0.000008 -0.000005 -0.000006 23.800156 7.057608 -8.548026 16.615185 -0.685083 -1.628842 16.682713 0.255615 -1.389974 -0.000003 0.000053 0.000033 26.200666 -9.088954 -7.276518 17.060896 1.547351 2.196608 17.000578 -0.338397 1.689683 0.000014 0.001552 0.000004 27.758263 -25.712938 -7.344053 15.412203 2.764218 6.002687 15.093596 -1.017229 5.063447 -0.000597 0.000012 0.000000 0.000000 0.000000 0.000000 0.000000 0.000000 0.000000 -93.555145 1.153132 12.237016 -47.093658 27.846394 5.628507 -2.240544 -21.502909 46.293468 -14.834949 -5.812409 -11.227411 -0.755259 0.225912 44.550343 0.000018 0.000014 -1.714622 0.000036 -0.000015 -1.279070 -0.000767 -0.000018 -0.000806 -22.464445 16.549717 -7.701287 -13.148696 -0.432422 3.537796 -12.926184 0.538878 3.299718 0.000038 -0.000013 -0.000005 -20.049345 6.823729 -9.102566 -12.783806 -0.781286 1.427644 -12.981427 0.172306 1.221129 0.000560 -0.000048 -0.000153 -20.241274 -8.904205 -8.716645 -14.483294 1.637332 -1.970182 -14.867601 -0.245700 -1.530923 0.000641 -0.000002 -0.000011 -18.693138 -25.783806 -10.348134 -14.176183 3.105177 -5.639832 -14.052389 -0.736404 -4.766361 -0.000364 0.000005 -0.000031 0.000000 0.000000 0.000000 0.000000 0.000000 0.000000 -21.588564 -4.640641 -0.483109 -0.478343 -1.011550 26.402294 9.179557 -18.019466 19.776424 -2.612420 0.021689 -19.410139 0.000000 0.000000 0.000000 0.000000 0.000000 0.000000 0.000000 0.000000 0.000000 -5.572072 15.149895 20.651913 0.140719 0.684329 12.511775 5.507551 17.336056 9.832328 -0.471904 -1.002854 -16.016962 0.000000 0.000000 0.000000 0.000000 0.000000 0.000000 0.000000 0.000000 0.000000 
1.909517 85.463287 8.008657 6.119976 0.514651 -19.791290 -4.215137 1.140956 8.647921 -0.243787 0.198308 2.564155 0.448417 0.090945 13.953277 0.505237 -0.072577 5.283303 -8.729012 7.248212 5.676666 1.572449 3.815273 -4.027789 -0.647781 0.019641 -20.157843 0.000000 0.000000 0.000000 95.342575 -1.116203 9.534104 63.691525 -21.760176 3.976020 0.336483 14.726802 23.378105 10.349608 29.345858 2.808253 1.123508 -0.161361 44.553654 0.000007 0.000014 -2.483854 -0.000012 0.000043 -2.084535 0.000009 0.000010 -0.000022 23.759541 17.006905 -8.060649 17.026958 -0.276518 -4.015510 16.951895 0.704193 -3.748904 -0.000008 -0.000005 -0.000006 23.143650 7.066746 -8.454449 16.235996 -0.698654 -1.587234 16.296898 0.244757 -1.354657 -0.000004 0.000047 0.000033 25.516161 -9.090645 -7.300694 16.618452 1.568985 2.139370 16.558775 -0.322948 1.645415 0.000014 0.001483 0.000005 27.147459 -25.716133 -7.499918 14.994613 2.826605 5.842333 14.680420 -0.965715 4.923948 -0.000582 0.000011 -0.000001 0.000000 0.000000 0.000000 0.000000 0.000000 0.000000 -93.634399 1.173733 12.296292 -47.720425 29.157711 5.323360 -2.240822 -20.920992 45.139870 -14.430357 -6.118894 -11.732366 -0.670899 0.220351 44.581017 0.000017 0.000014 -1.505812 0.000030 -0.000015 -1.139307 -0.000754 -0.000019 -0.000853 -21.931473 16.540335 -7.724512 -12.690525 -0.453908 3.463785 -12.485570 0.517785 3.230944 0.000039 -0.000033 -0.000004 -19.483500 6.817730 -9.158484 -12.305346 -0.790499 1.396420 -12.513151 0.165350 1.194782 0.000604 -0.000048 -0.000160 -19.522432 -8.886525 -8.824277 -13.917491 1.653512 -1.926792 -14.302111 -0.235154 -1.498958 0.000540 -0.000001 -0.000011 -17.920914 -25.719707 -10.507867 -13.620796 3.142958 -5.525296 -13.506268 -0.706376 -4.672928 -0.000364 0.000004 -0.000031 0.000000 0.000000 0.000000 0.000000 0.000000 0.000000 -21.584608 -4.571686 -0.441541 -0.478329 -1.007899 26.485081 9.213166 -17.994522 19.639576 -2.600686 0.034931 -19.401220 0.000000 0.000000 0.000000 0.000000 0.000000 0.000000 0.000000 0.000000 0.000000 -5.506109 15.054750 20.703344 0.143579 0.692492 12.556190 5.404564 17.278816 9.821801 -0.466887 -1.011504 -16.028215 0.000000 0.000000 0.000000 0.000000 0.000000 0.000000 0.000000 0.000000 0.000000 
1.801118 85.448326 8.096189 6.132524 0.609695 -19.810501 -4.208381 1.140646 8.667259 -0.260788 0.193338 2.573251 0.448471 0.064186 13.962247 0.454512 -0.078309 5.286450 -8.748826 7.172410 5.753126 1.523844 3.719416 -3.989575 -0.627291 0.050415 -20.075882 0.000000 0.000000 0.000000 95.290428 -1.112312 9.561667 63.817829 -21.949564 4.414144 0.314374 14.505896 23.435635 9.877345 29.080765 2.666081 1.023504 -0.153694 44.588032 0.000007 0.000013 -2.241952 -0.000012 0.000043 -1.907523 0.000009 0.000010 -0.000023 23.065998 17.029552 -7.920527 16.635384 -0.308005 -3.913835 16.558123 0.674636 -3.655489 -0.000007 -0.000005 -0.000005 22.434734 7.075191 -8.356911 15.821670 -0.712232 -1.545632 15.875724 0.233886 -1.319290 -0.000004 0.000041 0.000033 24.774868 -9.091558 -7.327363 16.137030 1.590644 2.081857 16.077868 -0.307390 1.600952 0.000013 0.001409 0.000005 26.479246 -25.719200 -7.665410 14.538144 2.889056 5.680053 14.228971 -0.914287 4.782992 -0.000573 0.000011 -0.000001 0.000000 0.000000 0.000000 0.000000 0.000000 0.000000 -93.701866 1.188451 12.366703 -48.375645 30.450171 5.027542 -2.234170 -20.331799 44.071388 -14.090748 -6.442274 -12.185184 -0.595741 0.214892 44.609230 0.000016 0.000015 -1.317624 0.000025 -0.000015 -1.013416 -0.000737 -0.000020 -0.000905 -21.445709 16.536089 -7.746313 -12.271944 -0.474238 3.394858 -12.084709 0.497929 3.166869 0.000039 -0.000049 -0.000003 -18.967546 6.813980 -9.211799 -11.870354 -0.799294 1.367084 -12.087887 0.158749 1.169904 0.000650 -0.000048 -0.000166 -18.867367 -8.871490 -8.929440 -13.402046 1.668942 -1.886078 -13.785223 -0.225178 -1.468895 0.000443 -0.000001 -0.000011 -17.223539 -25.661600 -10.665956 -13.114678 3.178468 -5.418478 -13.008757 -0.678115 -4.584756 -0.000360 0.000004 -0.000031 0.000000 0.000000 0.000000 0.000000 0.000000 0.000000 -21.564260 -4.494912 -0.417978 -0.478154 -1.004915 26.570295 9.234661 -17.959373 19.503527 -2.586771 0.048770 -19.396151 0.000000 0.000000 0.000000 0.000000 0.000000 0.000000 0.000000 0.000000 0.000000 -5.424296 14.964944 20.754425 0.146816 0.700963 12.595081 5.289082 17.215927 9.815422 -0.460541 -1.020480 -16.044622 0.000000 0.000000 0.000000 0.000000 0.000000 0.000000 0.000000 0.000000 0.000000 
1.682010 85.435074 8.184942 6.140668 0.692686 -19.822903 -4.204669 1.140488 8.684667 -0.271779 0.186442 2.593397 0.442986 0.034460 13.962567 0.411773 -0.086063 5.290687 -8.758550 7.097065 5.827201 1.473091 3.623956 -3.956111 -0.606529 0.082535 -19.999413 0.000000 0.000000 0.000000 95.226097 -1.109793 9.590817 63.927670 -22.117373 4.863166 0.291451 14.285966 23.514324 9.388831 28.762226 2.502108 0.919723 -0.145797 44.623314 0.000008 0.000013 -1.993484 -0.000012 0.000043 -1.724430 0.000010 0.000011 -0.000023 22.340010 17.050688 -7.779255 16.224411 -0.338688 -3.814746 16.146080 0.645747 -3.564454 -0.000007 -0.000004 -0.000005 21.698893 7.082700 -8.258979 15.389819 -0.725520 -1.505111 15.436912 0.223232 -1.284802 -0.000005 0.000035 0.000033 24.004139 -9.091681 -7.355913 15.637661 1.611827 2.025610 15.578819 -0.292078 1.557494 0.000012 0.001338 0.000006 25.778337 -25.722883 -7.834556 14.063007 2.950175 5.520355 13.759750 -0.864084 4.644476 -0.000569 0.000011 -0.000002 0.000000 0.000000 0.000000 0.000000 0.000000 0.000000 -93.755936 1.196459 12.449176 -49.047413 31.715231 4.747859 -2.220500 -19.738344 43.096191 -13.802969 -6.777632 -12.583556 -0.530889 0.209603 44.634544 0.000016 0.000015 -1.152885 0.000021 -0.000015 -0.903426 -0.000715 -0.000021 -0.000966 -21.015728 16.537598 -7.761773 -11.902564 -0.493043 3.332862 -11.733032 0.479675 3.109226 0.000039 -0.000061 -0.000003 -18.510172 6.812798 -9.257416 -11.488185 -0.807512 1.340413 -11.714817 0.152639 1.147164 0.000698 -0.000049 -0.000171 -18.284481 -8.859727 -9.025382 -12.946493 1.683382 -1.849081 -13.326382 -0.215969 -1.441513 0.000350 -0.000001 -0.000011 -16.607574 -25.611628 -10.814425 -12.665890 3.211157 -5.321899 -12.567756 -0.652124 -4.504066 -0.000354 0.000003 -0.000032 0.000000 0.000000 0.000000 0.000000 0.000000 0.000000 -21.525579 -4.411550 -0.407531 -0.477790 -1.002905 26.653339 9.243293 -17.913313 19.369471 -2.570809 0.063521 -19.395256 0.000000 0.000000 0.000000 0.000000 0.000000 0.000000 0.000000 0.000000 0.000000 -5.325065 14.880924 20.805225 0.150409 0.710053 12.626506 5.160703 17.147032 9.814090 -0.452656 -1.029901 -16.065779 0.000000 0.000000 0.000000 0.000000 0.000000 0.000000 0.000000 0.000000 0.000000 
1.551272 85.424545 8.275258 6.144235 0.766042 -19.828783 -4.204011 1.140380 8.700732 -0.275594 0.177311 2.623004 0.431513 0.002880 13.954756 0.377827 -0.096006 5.295475 -8.755452 7.022706 5.899165 1.420797 3.530452 -3.926373 -0.585946 0.115507 -19.927732 0.000000 0.000000 0.000000 95.148460 -1.108363 9.620781 64.021011 -22.255423 5.321498 0.268893 14.069443 23.614202 8.894069 28.397621 2.319218 0.816603 -0.137964 44.658020 0.000008 0.000013 -1.748787 -0.000012 0.000043 -1.542776 0.000011 0.000011 -0.000024 21.607790 17.069904 -7.640507 15.811942 -0.368002 -3.720488 15.733984 0.618038 -3.477898 -0.000007 -0.000004 -0.000005 20.962915 7.089167 -8.162799 14.959394 -0.738246 -1.466637 14.999497 0.213010 -1.252023 -0.000005 0.000031 0.000033 23.233618 -9.091228 -7.384279 15.143323 1.632067 1.972093 15.084542 -0.277349 1.516184 0.000012 0.001275 0.000006 25.072538 -25.728308 -8.000146 13.592015 3.008627 5.367733 13.295671 -0.816207 4.512309 -0.000569 0.000011 -0.000002 0.000000 0.000000 0.000000 0.000000 0.000000 0.000000 -93.795090 1.197262 12.543496 -49.721504 32.943703 4.491332 -2.199924 -19.143002 42.218781 -13.547861 -7.122760 -12.928316 -0.476524 0.204564 44.656738 0.000015 0.000015 -1.012561 0.000018 -0.000016 -0.810047 -0.000693 -0.000022 -0.001036 -20.645691 16.544413 -7.765808 -11.586958 -0.510088 3.278941 -11.434897 0.463246 3.059110 0.000040 -0.000069 -0.000002 -18.115705 6.814101 -9.290154 -11.163033 -0.815045 1.316918 -11.397972 0.147113 1.127003 0.000750 -0.000049 -0.000176 -17.777134 -8.851401 -9.105484 -12.555038 1.696670 -1.816440 -12.929784 -0.207648 -1.417308 0.000261 -0.000000 -0.000010 -16.074192 -25.570902 -10.945684 -12.277878 3.240697 -5.237019 -12.186542 -0.628714 -4.432300 -0.000346 0.000003 -0.000032 0.000000 0.000000 0.000000 0.000000 0.000000 0.000000 -21.468082 -4.323267 -0.404796 -0.477251 -1.002139 26.730057 9.239209 -17.856163 19.237799 -2.553055 0.079461 -19.398386 0.000000 0.000000 0.000000 0.000000 0.000000 0.000000 0.000000 0.000000 0.000000 -5.207971 14.802713 20.856657 0.154315 0.720024 12.647487 5.019286 17.072210 9.818852 -0.443027 -1.039976 -16.090841 0.000000 0.000000 0.000000 0.000000 0.000000 0.000000 0.000000 0.000000 0.000000 
1.407927 85.417557 8.367671 6.143431 0.832794 -19.828573 -4.206374 1.140293 8.716145 -0.272273 0.166060 2.659352 0.414351 -0.029845 13.939742 0.353024 -0.108229 5.300524 -8.738165 6.950257 5.970054 1.367926 3.440972 -3.898682 -0.566140 0.148722 -19.859774 0.000000 0.000000 0.000000 95.056099 -1.107367 9.650713 64.099388 -22.358093 5.786809 0.247802 13.860399 23.735916 8.401578 28.000183 2.119488 0.718156 -0.130455 44.690861 0.000009 0.000012 -1.516803 -0.000012 0.000044 -1.369308 0.000011 0.000011 -0.000025 20.893988 17.087011 -7.506538 15.414004 -0.395492 -3.632694 15.338051 0.591923 -3.397378 -0.000006 -0.000004 -0.000004 20.251568 7.094586 -8.069530 14.547211 -0.750195 -1.430915 14.580373 0.203391 -1.221564 -0.000006 0.000027 0.000034 22.490864 -9.090429 -7.410068 14.674090 1.650992 1.922421 14.615044 -0.263475 1.477886 0.000011 0.001222 0.000007 24.388590 -25.735899 -8.155931 13.145274 3.063327 5.225749 12.856778 -0.771544 4.389564 -0.000574 0.000011 -0.000002 0.000000 0.000000 0.000000 0.000000 0.000000 0.000000 -93.817268 1.190857 12.647594 -50.379467 34.126057 4.265085 -2.172834 -18.549240 41.441872 -13.307028 -7.474078 -13.221978 -0.432271 0.199904 44.675644 0.000014 0.000015 -0.896671 0.000015 -0.000016 -0.733276 -0.000669 -0.000023 -0.001117 -20.336849 16.555031 -7.755424 -11.325464 -0.525270 3.233474 -11.190494 0.448719 3.016924 0.000040 -0.000074 -0.000002 -17.785549 6.817361 -9.306636 -10.894847 -0.821831 1.296806 -11.137185 0.142211 1.109606 0.000807 -0.000049 -0.000179 -17.346272 -8.846084 -9.165003 -12.227675 1.708707 -1.788361 -12.595543 -0.200264 -1.396465 0.000178 -0.000000 -0.000010 -15.622888 -25.538967 -11.054096 -11.950871 3.266936 -5.164202 -11.865146 -0.607993 -4.369995 -0.000339 0.000002 -0.000033 0.000000 0.000000 0.000000 0.000000 0.000000 0.000000 -21.391855 -4.231680 -0.404760 -0.476582 -1.002838 26.797417 9.223355 -17.788879 19.107906 -2.533822 0.096840 -19.405123 0.000000 0.000000 0.000000 0.000000 0.000000 0.000000 0.000000 0.000000 0.000000 -5.073323 14.728946 20.909935 0.158466 0.731033 12.655450 4.865230 16.991194 9.830709 -0.431517 -1.050779 -16.118898 0.000000 0.000000 0.000000 0.000000 0.000000 0.000000 0.000000 0.000000 0.000000 
1.250966 85.414589 8.462884 6.138637 0.896104 -19.822706 -4.211453 1.140315 8.731454 -0.263226 0.153274 2.698866 0.392654 -0.063531 13.918689 0.337157 -0.122679 5.306252 -8.707079 6.881084 6.041058 1.315755 3.357817 -3.871063 -0.547816 0.181469 -19.794477 0.000000 0.000000 0.000000 94.947350 -1.105779 9.680025 64.165123 -22.424435 6.255939 0.229078 13.665320 23.878838 7.918844 27.586088 1.903804 0.627574 -0.123434 44.720898 0.000009 0.000011 -1.304123 -0.000013 0.000044 -1.209303 0.000012 0.000011 -0.000025 20.219681 17.102371 -7.378332 15.043962 -0.420815 -3.552384 14.971820 0.567712 -3.323890 -0.000006 -0.000004 -0.000004 19.585676 7.099133 -7.979456 14.166924 -0.761214 -1.398380 14.193354 0.194499 -1.193800 -0.000007 0.000024 0.000034 21.798925 -9.089534 -7.430955 14.245566 1.668347 1.877295 14.185801 -0.250650 1.443141 0.000010 0.001180 0.000008 23.749817 -25.745493 -8.297468 12.738262 3.113501 5.096712 12.458366 -0.730714 4.278245 -0.000581 0.000011 -0.000002 0.000000 0.000000 0.000000 0.000000 0.000000 0.000000 -93.819763 1.177785 12.757833 -50.998665 35.253464 4.075463 -2.140098 -17.962729 40.766197 -13.066491 -7.823615 -13.467998 -0.397353 0.195747 44.691212 0.000013 0.000015 -0.804386 0.000013 -0.000016 -0.672546 -0.000644 -0.000024 -0.001207 -20.087915 16.567545 -7.730445 -11.115782 -0.538602 3.196138 -10.997440 0.436039 2.982430 0.000041 -0.000075 -0.000001 -17.518574 6.821824 -9.305898 -10.680956 -0.827853 1.280009 -10.929707 0.137925 1.094919 0.000867 -0.000049 -0.000181 -16.991760 -8.842959 -9.201526 -11.961979 1.719450 -1.764667 -12.321427 -0.193805 -1.378901 0.000098 0.000000 -0.000010 -15.253345 -25.514326 -11.136313 -11.683562 3.289868 -5.102863 -11.602064 -0.589897 -4.316893 -0.000334 0.000002 -0.000033 0.000000 0.000000 0.000000 0.000000 0.000000 0.000000 -21.297239 -4.137969 -0.403062 -0.475848 -1.005171 26.853575 9.197709 -17.712824 18.977715 -2.513470 0.115940 -19.414591 0.000000 0.000000 0.000000 0.000000 0.000000 0.000000 0.000000 0.000000 0.000000 -4.922028 14.657043 20.966200 0.162795 0.743142 12.649153 4.699200 16.902990 9.850218 -0.418074 -1.062188 -16.149088 0.000000 0.000000 0.000000 0.000000 0.000000 0.000000 0.000000 0.000000 0.000000 
1.079570 85.415901 8.561862 6.131107 0.958994 -19.811571 -4.219021 1.140792 8.746856 -0.250855 0.139874 2.737314 0.367791 -0.097807 13.893178 0.329400 -0.139181 5.313042 -8.664329 6.816835 6.112861 1.265593 3.283409 -3.841626 -0.531771 0.213094 -19.730314 0.000000 0.000000 0.000000 94.821053 -1.102370 9.707775 64.221992 -22.457087 6.724195 0.213044 13.489165 24.039762 7.451219 27.166838 1.671743 0.546571 -0.116967 44.747742 0.000009 0.000010 -1.113937 -0.000013 0.000044 -1.065617 0.000012 0.000011 -0.000026 19.599020 17.116562 -7.253981 14.710929 -0.443780 -3.479901 14.644570 0.545574 -3.257816 -0.000005 -0.000004 -0.000004 18.978928 7.103086 -7.891124 13.827774 -0.771221 -1.369182 13.847816 0.186397 -1.168860 -0.000008 0.000022 0.000034 21.173607 -9.088891 -7.444386 13.868140 1.684003 1.837008 13.807125 -0.238975 1.412177 0.000010 0.001149 0.000008 23.173723 -25.756811 -8.422082 12.381742 3.158713 4.981791 12.110846 -0.694051 4.179369 -0.000591 0.000011 -0.000002 0.000000 0.000000 0.000000 0.000000 0.000000 0.000000 -93.800659 1.159189 12.869199 -51.556416 36.317432 3.927684 -2.103006 -17.390059 40.187244 -12.814923 -8.162223 -13.670555 -0.370427 0.192175 44.703621 0.000012 0.000015 -0.733460 0.000012 -0.000016 -0.626258 -0.000619 -0.000025 -0.001303 -19.893677 16.579887 -7.692026 -10.952298 -0.550232 3.165918 -10.850100 0.425017 2.954767 0.000041 -0.000073 -0.000001 -17.310110 6.826594 -9.288457 -10.515519 -0.833145 1.266172 -10.769556 0.134195 1.082651 0.000928 -0.000049 -0.000181 -16.710585 -8.840995 -9.214464 -11.752337 1.728927 -1.744773 -12.102100 -0.188186 -1.364229 0.000020 0.000000 -0.000010 -14.963265 -25.494835 -11.191141 -11.472128 3.309678 -5.051383 -11.393267 -0.574174 -4.271848 -0.000334 0.000002 -0.000034 0.000000 0.000000 0.000000 0.000000 0.000000 0.000000 -21.185410 -4.042915 -0.395866 -0.475160 -1.009223 26.897890 9.165198 -17.629641 18.843864 -2.492360 0.136955 -19.425697 0.000000 0.000000 0.000000 0.000000 0.000000 0.000000 0.000000 0.000000 0.000000 -4.756173 14.584263 21.027117 0.167245 0.756369 12.627384 4.522009 16.806503 9.877176 -0.402609 -1.074128 -16.180145 0.000000 0.000000 0.000000 0.000000 0.000000 0.000000 0.000000 0.000000 0.000000 
0.893008 85.421654 8.665771 6.121843 1.023771 -19.795433 -4.228554 1.142092 8.762158 -0.237847 0.126841 2.770628 0.341578 -0.132322 13.864987 0.328991 -0.157475 5.320730 -8.612827 6.759134 6.186153 1.218608 3.219841 -3.808961 -0.518788 0.243015 -19.665846 0.000000 0.000000 0.000000 94.677727 -1.095872 9.732605 64.273895 -22.461151 7.185618 0.199422 13.334102 24.213625 7.004458 26.748947 1.422595 0.475680 -0.111074 44.771309 0.000010 0.000010 -0.946836 -0.000014 0.000044 -0.939148 0.000012 0.000011 -0.000026 19.039228 17.130085 -7.131235 14.418956 -0.464341 -3.415057 14.360301 0.525559 -3.199009 -0.000005 -0.000004 -0.000004 18.438002 7.106704 -7.803048 13.533795 -0.780207 -1.343234 13.547880 0.179097 -1.146667 -0.000008 0.000022 0.000034 20.623335 -9.088761 -7.448510 13.545980 1.697956 1.801496 13.483173 -0.228468 1.384941 0.000009 0.001128 0.000009 22.670980 -25.769337 -8.528522 12.080563 3.198868 4.881058 11.818653 -0.661623 4.093001 -0.000602 0.000011 -0.000002 0.000000 0.000000 0.000000 0.000000 0.000000 0.000000 -93.759521 1.136530 12.976276 -52.035976 37.309204 3.823217 -2.063161 -16.838104 39.696907 -12.546024 -8.482391 -13.834514 -0.349908 0.189217 44.713120 0.000011 0.000015 -0.680807 0.000011 -0.000016 -0.592223 -0.000592 -0.000026 -0.001402 -19.745716 16.590187 -7.642869 -10.826942 -0.560400 3.141424 -10.740354 0.415383 2.932723 0.000042 -0.000068 -0.000000 -17.152580 6.830842 -9.256475 -10.390381 -0.837780 1.254772 -10.648504 0.130929 1.072386 0.000988 -0.000049 -0.000179 -16.496868 -8.839168 -9.204954 -11.590672 1.737228 -1.727885 -11.929862 -0.183285 -1.351895 -0.000056 0.000001 -0.000010 -14.748150 -25.478245 -11.219061 -11.310566 3.326704 -5.007598 -11.232699 -0.560466 -4.233248 -0.000338 0.000002 -0.000035 0.000000 0.000000 0.000000 0.000000 0.000000 0.000000 -21.057119 -3.946543 -0.379624 -0.474625 -1.014956 26.929976 9.128451 -17.540987 18.703186 -2.470747 0.159929 -19.437519 0.000000 0.000000 0.000000 0.000000 0.000000 0.000000 0.000000 0.000000 0.000000 -4.577437 14.508104 21.095247 0.171776 0.770700 12.588816 4.334094 16.700666 9.910276 -0.384916 -1.086592 -16.210720 0.000000 0.000000 0.000000 0.000000 0.000000 0.000000 0.000000 0.000000 0.000000 
0.690485 85.431984 8.775662 6.110231 1.091630 -19.774445 -4.238737 1.144326 8.777149 -0.226323 0.114912 2.796023 0.316386 -0.167133 13.835548 0.335799 -0.177161 5.328605 -8.555410 6.709597 6.262026 1.175822 3.168633 -3.772222 -0.509714 0.270519 -19.600735 0.000000 0.000000 0.000000 94.520111 -1.085159 9.753523 64.322372 -22.444431 7.633528 0.187759 13.200884 24.392756 6.586974 26.339630 1.156466 0.415050 -0.105820 44.791599 0.000010 0.000009 -0.802796 -0.000014 0.000045 -0.830193 0.000013 0.000010 -0.000026 18.543396 17.143112 -7.010606 14.167766 -0.482538 -3.357472 14.118285 0.507660 -3.147116 -0.000005 -0.000004 -0.000004 17.965343 7.110086 -7.715673 13.284388 -0.788200 -1.320352 13.293001 0.172585 -1.127075 -0.000009 0.000022 0.000034 20.151588 -9.089124 -7.443043 13.277496 1.710277 1.770508 13.212325 -0.219106 1.361220 0.000008 0.001114 0.000010 22.246696 -25.782127 -8.616449 11.833530 3.234098 4.793857 11.580196 -0.633329 4.018517 -0.000614 0.000011 -0.000001 0.000000 0.000000 0.000000 0.000000 0.000000 0.000000 -93.697571 1.111114 13.074785 -52.429844 38.220142 3.757719 -2.022267 -16.314117 39.286186 -12.261508 -8.779806 -13.966340 -0.334377 0.186861 44.720070 0.000010 0.000015 -0.643361 0.000011 -0.000017 -0.568286 -0.000565 -0.000027 -0.001500 -19.633657 16.597305 -7.587693 -10.730948 -0.569333 3.121377 -10.659389 0.406895 2.915139 0.000043 -0.000060 0.000000 -17.036268 6.834043 -9.214086 -10.296781 -0.841840 1.245314 -10.557814 0.128048 1.063750 0.001043 -0.000049 -0.000176 -16.341923 -8.836804 -9.175935 -11.467975 1.744463 -1.713312 -11.796175 -0.178991 -1.341388 -0.000132 0.000001 -0.000010 -14.600539 -25.463009 -11.221957 -11.191573 3.341311 -4.969584 -11.113286 -0.548443 -4.199644 -0.000347 0.000002 -0.000035 0.000000 0.000000 0.000000 0.000000 0.000000 0.000000 -20.911062 -3.848278 -0.351492 -0.474271 -1.022171 26.949102 9.088142 -17.447868 18.554241 -2.448657 0.184733 -19.449547 0.000000 0.000000 0.000000 0.000000 0.000000 0.000000 0.000000 0.000000 0.000000 -4.385321 14.426528 21.173319 0.176372 0.786122 12.532809 4.134958 16.584114 9.947504 -0.364721 -1.099532 -16.240009 0.000000 0.000000 0.000000 0.000000 0.000000 0.000000 0.000000 0.000000 0.000000 
0.471250 85.447121 8.892375 6.094157 1.162890 -19.749243 -4.247567 1.147353 8.792410 -0.217153 0.104465 2.812336 0.294562 -0.201890 13.806143 0.350063 -0.197463 5.334973 -8.495090 6.670161 6.341019 1.137900 3.130872 -3.731222 -0.505622 0.294773 -19.535570 0.000000 0.000000 0.000000 94.352371 -1.069403 9.769723 64.367912 -22.414505 8.059593 0.177738 13.087648 24.568323 6.207943 25.948637 0.874717 0.364380 -0.101320 44.808662 0.000010 0.000008 -0.681229 -0.000015 0.000045 -0.738339 0.000013 0.000010 -0.000027 18.110573 17.155134 -6.893821 13.953410 -0.498463 -3.306675 13.913741 0.491832 -3.101649 -0.000004 -0.000004 -0.000004 17.559046 7.113083 -7.630707 13.075111 -0.795249 -1.300296 13.078638 0.166825 -1.109894 -0.000010 0.000023 0.000034 19.756687 -9.089673 -7.429444 13.056729 1.721081 1.743684 12.988691 -0.210834 1.340708 0.000008 0.001102 0.000010 21.900217 -25.793850 -8.687012 11.635201 3.264662 4.719105 11.389618 -0.608963 3.954861 -0.000627 0.000011 -0.000001 0.000000 0.000000 0.000000 0.000000 0.000000 0.000000 -93.618309 1.083915 13.161488 -52.742020 39.040558 3.721284 -1.981840 -15.824347 38.946758 -11.967171 -9.056096 -14.072747 -0.322706 0.185082 44.724800 0.000009 0.000015 -0.618432 0.000011 -0.000017 -0.552514 -0.000537 -0.000028 -0.001591 -19.546667 16.600637 -7.531221 -10.655668 -0.577209 3.104783 -10.598385 0.399377 2.901058 0.000043 -0.000050 0.000001 -16.950661 6.835939 -9.165915 -10.226068 -0.845391 1.237387 -10.488868 0.125488 1.056451 0.001092 -0.000049 -0.000170 -16.234041 -8.833574 -9.131655 -11.374791 1.750736 -1.700516 -11.692102 -0.175209 -1.332283 -0.000206 0.000001 -0.000010 -14.508627 -25.448311 -11.203385 -11.106654 3.353851 -4.935767 -11.026925 -0.537844 -4.169856 -0.000358 0.000002 -0.000036 0.000000 0.000000 0.000000 0.000000 0.000000 0.000000 -20.743887 -3.748379 -0.308653 -0.473984 -1.030398 26.953796 9.042033 -17.350996 18.398117 -2.425810 0.210993 -19.461761 0.000000 0.000000 0.000000 0.000000 0.000000 0.000000 0.000000 0.000000 0.000000 -4.177124 14.337994 21.264198 0.181032 0.802636 12.459062 3.923372 16.455383 9.986694 -0.341661 -1.113027 -16.267418 0.000000 0.000000 0.000000 0.000000 0.000000 0.000000 0.000000 0.000000 0.000000 
0.234700 85.467133 9.016277 6.070014 1.237751 -19.720798 -4.252363 1.150729 8.809110 -0.210160 0.095620 2.820265 0.278608 -0.236803 13.777446 0.372449 -0.217451 5.338402 -8.434909 6.643123 6.422819 1.105183 3.107509 -3.686493 -0.507796 0.314845 -19.472122 0.000000 0.000000 0.000000 94.179520 -1.048200 9.781200 64.409676 -22.379406 8.455006 0.169198 12.991949 24.730370 5.874400 25.587627 0.581057 0.322968 -0.097623 44.822693 0.000010 0.000007 -0.580679 -0.000015 0.000045 -0.662400 0.000013 0.000010 -0.000027 17.736044 17.165800 -6.784774 13.770452 -0.512208 -3.262352 13.740304 0.478033 -3.062227 -0.000004 -0.000003 -0.000004 17.213133 7.115613 -7.551564 12.899896 -0.801400 -1.282878 12.898517 0.161787 -1.094979 -0.000010 0.000024 0.000034 19.431492 -9.090216 -7.410769 12.875739 1.730480 1.720679 12.804430 -0.203598 1.323118 0.000007 0.001089 0.000011 21.624027 -25.803780 -8.742025 11.477655 3.290863 4.655596 11.238767 -0.588279 3.900831 -0.000642 0.000011 -0.000001 0.000000 0.000000 0.000000 0.000000 0.000000 0.000000 -93.526161 1.055516 13.234773 -52.985355 39.760132 3.700714 -1.943058 -15.374579 38.671463 -11.673745 -9.314836 -14.159581 -0.314099 0.183807 44.727657 0.000009 0.000015 -0.603825 0.000011 -0.000017 -0.543364 -0.000508 -0.000029 -0.001670 -19.475330 16.600485 -7.478177 -10.594821 -0.584112 3.091137 -10.550836 0.392755 2.889909 0.000044 -0.000036 0.000001 -16.886042 6.836659 -9.116667 -10.171893 -0.848473 1.230759 -10.435370 0.123226 1.050352 0.001132 -0.000049 -0.000162 -16.161207 -8.829631 -9.076772 -11.303904 1.756121 -1.689252 -11.610854 -0.171890 -1.324347 -0.000277 0.000001 -0.000010 -14.459479 -25.434418 -11.167423 -11.048719 3.364566 -4.905346 -10.966951 -0.528533 -4.143281 -0.000373 0.000002 -0.000037 0.000000 0.000000 0.000000 0.000000 0.000000 0.000000 -20.550585 -3.648198 -0.248709 -0.473523 -1.038996 26.942394 8.985979 -17.250912 18.237614 -2.401745 0.238243 -19.474327 0.000000 0.000000 0.000000 0.000000 0.000000 0.000000 0.000000 0.000000 0.000000 -3.947885 14.241018 21.369465 0.185779 0.820237 12.369381 3.697531 16.312674 10.026032 -0.315480 -1.127081 -16.293051 0.000000 0.000000 0.000000 0.000000 0.000000 0.000000 0.000000 0.000000 0.000000 
-0.019329 85.491837 9.147326 6.034403 1.317073 -19.690416 -4.250321 1.153988 8.828688 -0.204774 0.088533 2.821589 0.270788 -0.272414 13.749999 0.403275 -0.236214 5.338274 -8.378675 6.630420 6.506354 1.077626 3.098923 -3.638915 -0.517336 0.329909 -19.412567 0.000000 0.000000 0.000000 94.006691 -1.021634 9.788354 64.447304 -22.346136 8.810508 0.162028 12.910303 24.867537 5.588175 25.266998 0.281898 0.289183 -0.094656 44.834244 0.000010 0.000007 -0.497660 -0.000016 0.000045 -0.599531 0.000013 0.000010 -0.000027 17.410845 17.174976 -6.687013 13.613121 -0.523899 -3.224254 13.591499 0.466172 -3.028534 -0.000004 -0.000003 -0.000004 16.917191 7.117682 -7.481594 12.752316 -0.806701 -1.267940 12.745930 0.157427 -1.082199 -0.000011 0.000025 0.000034 19.162926 -9.090744 -7.390751 12.726296 1.738592 1.701144 12.651452 -0.197324 1.308177 0.000007 0.001072 0.000011 21.403612 -25.811871 -8.784043 11.352296 3.313075 4.602018 11.119076 -0.570929 3.855160 -0.000657 0.000011 -0.000001 0.000000 0.000000 0.000000 0.000000 0.000000 0.000000 -93.426041 1.026455 13.294228 -53.174637 40.370480 3.685527 -1.906762 -14.969100 38.451439 -11.392729 -9.560289 -14.231584 -0.307792 0.182928 44.729080 0.000008 0.000016 -0.597440 0.000011 -0.000017 -0.539277 -0.000480 -0.000030 -0.001733 -19.412151 16.597542 -7.432003 -10.544285 -0.590091 3.080175 -10.512434 0.386987 2.881333 0.000044 -0.000017 0.000002 -16.834295 6.836473 -9.069985 -10.129956 -0.851107 1.225292 -10.393014 0.121246 1.045381 0.001162 -0.000049 -0.000151 -16.112474 -8.825266 -9.015574 -11.250245 1.760662 -1.679411 -11.547652 -0.168997 -1.317454 -0.000345 0.000002 -0.000010 -14.440887 -25.421759 -11.118176 -11.012305 3.373628 -4.877899 -10.928192 -0.520403 -4.119578 -0.000392 0.000002 -0.000038 0.000000 0.000000 0.000000 0.000000 0.000000 0.000000 -20.326765 -3.550343 -0.169376 -0.472616 -1.047318 26.913828 8.916197 -17.148712 18.075443 -2.376029 0.266041 -19.487385 0.000000 0.000000 0.000000 0.000000 0.000000 0.000000 0.000000 0.000000 0.000000 -3.692599 14.134090 21.489250 0.190641 0.838942 12.266920 3.455723 16.154238 10.064369 -0.286051 -1.141773 -16.317244 0.000000 0.000000 0.000000 0.000000 0.000000 0.000000 0.000000 0.000000 0.000000 
-0.290363 85.520851 9.285251 5.985351 1.402653 -19.659683 -4.239130 1.156788 8.852621 -0.200520 0.083462 2.818337 0.272971 -0.309467 13.724407 0.442111 -0.253053 5.334780 -8.330739 6.632936 6.589687 1.054837 3.104644 -3.589603 -0.534697 0.339488 -19.358524 0.000000 0.000000 0.000000 93.838524 -0.990330 9.791569 64.482033 -22.319538 9.117075 0.156145 12.838007 24.968756 5.345723 24.994650 -0.014119 0.260821 -0.092232 44.844101 0.000011 0.000006 -0.427231 -0.000017 0.000046 -0.545777 0.000013 0.000010 -0.000028 17.123579 17.182734 -6.602715 13.476219 -0.533680 -3.192119 13.461760 0.456113 -3.000268 -0.000003 -0.000003 -0.000005 16.658409 7.119399 -7.423254 12.626548 -0.811208 -1.255329 12.614791 0.153689 -1.071415 -0.000011 0.000027 0.000034 18.934696 -9.091383 -7.373206 12.600965 1.745529 1.684718 12.522550 -0.191916 1.295621 0.000006 0.001052 0.000012 21.220804 -25.818460 -8.816442 11.251089 3.331712 4.556999 11.022754 -0.556500 3.816598 -0.000673 0.000011 -0.000001 0.000000 0.000000 0.000000 0.000000 0.000000 0.000000 -93.323036 0.997453 13.340139 -53.323101 40.868683 3.670143 -1.873319 -14.609748 38.275784 -11.132423 -9.796766 -14.291645 -0.303103 0.182322 44.729420 0.000007 0.000016 -0.597349 0.000011 -0.000017 -0.538809 -0.000452 -0.000031 -0.001777 -19.351774 16.592575 -7.394375 -10.501302 -0.595185 3.071721 -10.480279 0.382035 2.875061 0.000045 0.000004 0.000002 -16.789347 6.835629 -9.027984 -10.097177 -0.853307 1.220877 -10.358676 0.119536 1.041462 0.001181 -0.000049 -0.000139 -16.078817 -8.820727 -8.951630 -11.209996 1.764401 -1.670900 -11.498846 -0.166495 -1.311500 -0.000407 0.000002 -0.000010 -14.442504 -25.410458 -11.059533 -10.992933 3.381168 -4.853105 -10.906296 -0.513345 -4.098460 -0.000414 0.000002 -0.000039 0.000000 0.000000 0.000000 0.000000 0.000000 0.000000 -20.070379 -3.458149 -0.068120 -0.471036 -1.054831 26.867592 8.830647 -17.046444 17.913267 -2.348488 0.294057 -19.500851 0.000000 0.000000 0.000000 0.000000 0.000000 0.000000 0.000000 0.000000 0.000000 -3.407896 14.015954 21.622631 0.195638 0.858773 12.155379 3.196808 15.978815 10.100966 -0.253401 -1.157355 -16.340147 0.000000 0.000000 0.000000 0.000000 0.000000 0.000000 0.000000 0.000000 0.000000 
-0.577295 85.553619 9.429747 5.922497 1.496868 -19.630287 -4.217397 1.158875 8.882000 -0.197236 0.080637 2.812408 0.286707 -0.349173 13.701101 0.487926 -0.267725 5.328973 -8.294773 6.649960 6.670202 1.036196 3.123190 -3.539898 -0.559372 0.343592 -19.310730 0.000000 0.000000 0.000000 93.679153 -0.955468 9.791178 64.515778 -22.301886 9.367632 0.151581 12.770327 25.025242 5.140043 24.775179 -0.297827 0.235869 -0.090130 44.853004 0.000011 0.000006 -0.364711 -0.000017 0.000046 -0.497414 0.000013 0.000010 -0.000028 16.863796 17.189299 -6.533722 13.355702 -0.541710 -3.165611 13.346990 0.447706 -2.977081 -0.000003 -0.000003 -0.000005 16.425167 7.120906 -7.378444 12.517944 -0.814979 -1.244882 12.500292 0.150514 -1.062466 -0.000012 0.000029 0.000034 18.731688 -9.092251 -7.361632 12.493649 1.751387 1.671039 12.411893 -0.187283 1.285187 0.000006 0.001029 0.000012 21.058777 -25.823780 -8.842985 11.167023 3.347175 4.519188 10.943152 -0.544588 3.783964 -0.000689 0.000011 -0.000001 0.000000 0.000000 0.000000 0.000000 0.000000 0.000000 -93.221794 0.969410 13.373448 -53.441200 41.259388 3.653542 -1.842686 -14.296020 38.132427 -10.897717 -10.026952 -14.341125 -0.299501 0.181870 44.729073 0.000006 0.000016 -0.601857 0.000011 -0.000018 -0.540744 -0.000425 -0.000032 -0.001800 -19.290524 16.586369 -7.365961 -10.463634 -0.599435 3.065578 -10.452096 0.377848 2.870815 0.000045 0.000029 0.000002 -16.746761 6.834356 -8.991816 -10.070860 -0.855097 1.217406 -10.329698 0.118077 1.038491 0.001189 -0.000049 -0.000125 -16.053106 -8.816222 -8.888001 -11.179717 1.767391 -1.663604 -11.461108 -0.164348 -1.306379 -0.000461 0.000002 -0.000009 -14.455982 -25.400454 -10.995243 -10.986329 3.387304 -4.830652 -10.897052 -0.507259 -4.079613 -0.000442 0.000002 -0.000039 0.000000 0.000000 0.000000 0.000000 0.000000 0.000000 -19.782232 -3.374662 0.057695 -0.468653 -1.061214 26.803774 8.729533 -16.947180 17.751362 -2.319330 0.322104 -19.514185 0.000000 0.000000 0.000000 0.000000 0.000000 0.000000 0.000000 0.000000 0.000000 -3.092738 13.886028 21.767893 0.200771 0.879708 12.038701 2.920491 15.785922 10.135249 -0.217768 -1.174125 -16.361671 0.000000 0.000000 0.000000 0.000000 0.000000 0.000000 0.000000 0.000000 0.000000 
-0.878578 85.589493 9.580681 5.846796 1.601926 -19.604107 -4.184854 1.160059 8.917336 -0.195014 0.080107 2.805410 0.313139 -0.392941 13.680400 0.539262 -0.280490 5.322502 -8.272413 6.678864 6.744965 1.020923 3.151895 -3.491351 -0.589805 0.342763 -19.269175 0.000000 0.000000 0.000000 93.531898 -0.918756 9.787387 64.550720 -22.291250 9.558232 0.148538 12.703813 25.032873 4.962402 24.609352 -0.562485 0.213105 -0.088183 44.861450 0.000011 0.000005 -0.307170 -0.000018 0.000046 -0.452069 0.000013 0.000010 -0.000028 16.624760 17.194889 -6.481955 13.248833 -0.548154 -3.144252 13.244642 0.440792 -2.958526 -0.000003 -0.000003 -0.000005 16.209934 7.122306 -7.348572 12.423158 -0.818078 -1.236405 12.399097 0.147846 -1.055165 -0.000012 0.000030 0.000034 18.543625 -9.093307 -7.358870 12.399693 1.756247 1.659742 12.315134 -0.183346 1.276607 0.000006 0.001003 0.000013 20.906029 -25.827538 -8.867397 11.094328 3.359823 4.487297 10.874875 -0.534842 3.756177 -0.000705 0.000011 -0.000001 0.000000 0.000000 0.000000 0.000000 0.000000 0.000000 -93.126297 0.943319 13.395579 -53.537136 41.553272 3.637493 -1.814860 -14.025679 38.009869 -10.690559 -10.251524 -14.380814 -0.296657 0.181470 44.728321 0.000005 0.000017 -0.609485 0.000011 -0.000018 -0.544130 -0.000399 -0.000033 -0.001802 -19.226025 16.579660 -7.347291 -10.429108 -0.602907 3.061456 -10.425712 0.374366 2.868237 0.000045 0.000057 0.000003 -16.703297 6.832852 -8.962341 -10.048232 -0.856516 1.214743 -10.303465 0.116846 1.036315 0.001189 -0.000049 -0.000110 -16.029661 -8.811926 -8.827556 -11.155832 1.769704 -1.657365 -11.430927 -0.162523 -1.301960 -0.000508 0.000002 -0.000009 -14.474328 -25.391636 -10.929109 -10.987905 3.392154 -4.810212 -10.896058 -0.502057 -4.062692 -0.000473 0.000002 -0.000040 0.000000 0.000000 0.000000 0.000000 0.000000 0.000000 -19.465641 -3.302016 0.210849 -0.465446 -1.066346 26.722713 8.614935 -16.854654 17.588957 -2.289122 0.350084 -19.526302 0.000000 0.000000 0.000000 0.000000 0.000000 0.000000 0.000000 0.000000 0.000000 -2.748550 13.744748 21.923172 0.206023 0.901674 11.920627 2.627606 15.576073 10.166648 -0.179573 -1.192285 -16.381433 0.000000 0.000000 0.000000 0.000000 0.000000 0.000000 0.000000 0.000000 0.000000 
-1.192527 85.627792 9.738160 5.759912 1.719079 -19.583221 -4.142237 1.160202 8.958631 -0.193984 0.081682 2.798624 0.352652 -0.441744 13.662697 0.594525 -0.291917 5.317050 -8.262295 6.715277 6.811365 1.008189 3.187024 -3.445512 -0.623635 0.337990 -19.233488 0.000000 0.000000 0.000000 93.399261 -0.882132 9.780278 64.589386 -22.280287 9.688144 0.147313 12.637180 24.994059 4.803657 24.494890 -0.805523 0.192335 -0.086317 44.869545 0.000011 0.000005 -0.254117 -0.000018 0.000047 -0.409249 0.000013 0.000010 -0.000028 16.404642 17.199657 -6.449203 13.153979 -0.553197 -3.127376 13.153412 0.435212 -2.943984 -0.000003 -0.000003 -0.000005 16.010283 7.123619 -7.334426 12.339969 -0.820575 -1.229658 12.309157 0.145631 -1.049287 -0.000013 0.000032 0.000034 18.366531 -9.094325 -7.366710 12.315800 1.760192 1.650449 12.229240 -0.180042 1.269594 0.000005 0.000976 0.000013 20.758282 -25.828939 -8.892899 11.028724 3.369986 4.460141 10.813875 -0.526983 3.732275 -0.000720 0.000011 -0.000001 0.000000 0.000000 0.000000 0.000000 0.000000 0.000000 -93.039314 0.920038 13.408305 -53.617882 41.764069 3.624493 -1.790153 -13.795306 37.898991 -10.510209 -10.469134 -14.411517 -0.294507 0.181053 44.727386 0.000005 0.000017 -0.619122 0.000011 -0.000018 -0.548383 -0.000373 -0.000034 -0.001784 -19.157249 16.573128 -7.339052 -10.395654 -0.605688 3.058955 -10.399027 0.371511 2.866872 0.000046 0.000086 0.000003 -16.656864 6.831303 -8.940319 -10.026497 -0.857623 1.212722 -10.277473 0.115815 1.034743 0.001180 -0.000049 -0.000094 -16.004122 -8.808010 -8.772730 -11.134691 1.771441 -1.651987 -11.404714 -0.160984 -1.298094 -0.000547 0.000003 -0.000009 -14.491477 -25.384100 -10.864566 -10.992874 3.395885 -4.791401 -10.898895 -0.497663 -4.047301 -0.000507 0.000002 -0.000041 0.000000 0.000000 0.000000 0.000000 0.000000 0.000000 -19.125538 -3.241086 0.394128 -0.461469 -1.070228 26.624599 8.489868 -16.772490 17.424847 -2.258613 0.377928 -19.535770 0.000000 0.000000 0.000000 0.000000 0.000000 0.000000 0.000000 0.000000 0.000000 -2.378829 13.593268 22.086756 0.211365 0.924546 11.804629 2.320210 15.351049 10.194715 -0.139350 -1.211846 -16.398981 0.000000 0.000000 0.000000 0.000000 0.000000 0.000000 0.000000 0.000000 0.000000 
-1.517579 85.667862 9.902377 5.663681 1.848284 -19.569672 -4.090921 1.159227 9.005615 -0.194152 0.084993 2.792923 0.404462 -0.495579 13.648463 0.652311 -0.302576 5.313734 -8.260154 6.753931 6.868039 0.997266 3.224437 -3.403372 -0.658254 0.330485 -19.203205 0.000000 0.000000 0.000000 93.282425 -0.847134 9.769713 64.634407 -22.257442 9.759578 0.148017 12.570972 24.918013 4.655817 24.428246 -1.027559 0.173980 -0.084536 44.877144 0.000011 0.000004 -0.206709 -0.000019 0.000047 -0.369756 0.000013 0.000010 -0.000028 16.204914 17.203733 -6.436547 13.070007 -0.557076 -3.114072 13.072512 0.430771 -2.932611 -0.000003 -0.000003 -0.000006 15.827395 7.124812 -7.335941 12.266736 -0.822565 -1.224318 12.229163 0.143809 -1.044545 -0.000013 0.000033 0.000034 18.201557 -9.094969 -7.385749 12.239825 1.763335 1.642750 12.152181 -0.177303 1.263826 0.000005 0.000948 0.000014 20.617453 -25.827034 -8.921839 10.967610 3.378019 4.436623 10.757655 -0.520758 3.711376 -0.000733 0.000011 -0.000001 0.000000 0.000000 0.000000 0.000000 0.000000 0.000000 -92.962425 0.900017 13.413654 -53.689941 41.906864 3.616162 -1.769018 -13.600339 37.793350 -10.353695 -10.676188 -14.434381 -0.293128 0.180590 44.726410 0.000004 0.000017 -0.629967 0.000011 -0.000018 -0.553120 -0.000349 -0.000034 -0.001751 -19.084232 16.567209 -7.341761 -10.361433 -0.607913 3.057548 -10.370083 0.369170 2.866172 0.000046 0.000116 0.000003 -16.606441 6.829837 -8.926159 -10.003057 -0.858497 1.211130 -10.249445 0.114945 1.033555 0.001164 -0.000050 -0.000079 -15.973433 -8.804595 -8.724958 -11.112882 1.772733 -1.647224 -11.379021 -0.159685 -1.294590 -0.000580 0.000003 -0.000009 -14.502313 -25.378012 -10.803824 -10.996627 3.398724 -4.773719 -10.901423 -0.493963 -4.032934 -0.000543 0.000002 -0.000042 0.000000 0.000000 0.000000 0.000000 0.000000 0.000000 -18.767351 -3.191493 0.609702 -0.456818 -1.072907 26.509329 8.357332 -16.703386 17.258068 -2.228498 0.405547 -19.541327 0.000000 0.000000 0.000000 0.000000 0.000000 0.000000 0.000000 0.000000 0.000000 -1.988373 13.432731 22.257004 0.216764 0.948133 11.694078 2.001352 15.113956 10.219396 -0.097654 -1.232604 -16.414244 0.000000 0.000000 0.000000 0.000000 0.000000 0.000000 0.000000 0.000000 0.000000 
-1.852397 85.709122 10.073422 5.559649 1.988376 -19.564951 -4.032425 1.157035 9.057866 -0.195412 0.089557 2.788614 0.466879 -0.553702 13.638088 0.711541 -0.312894 5.312880 -8.260189 6.789965 6.915525 0.987586 3.260640 -3.364907 -0.691531 0.321453 -19.177910 0.000000 0.000000 0.000000 93.181297 -0.814565 9.755184 64.687401 -22.210951 9.777842 0.150366 12.506653 24.818604 4.514452 24.405264 -1.230773 0.158401 -0.082863 44.884018 0.000012 0.000004 -0.166218 -0.000020 0.000047 -0.334542 0.000013 0.000010 -0.000029 16.027405 17.207312 -6.443757 12.995811 -0.560072 -3.103297 13.001183 0.427239 -2.923442 -0.000003 -0.000003 -0.000006 15.663395 7.125835 -7.352056 12.202076 -0.824159 -1.220008 12.158107 0.142308 -1.040625 -0.000013 0.000034 0.000033 18.052290 -9.094929 -7.415359 12.170661 1.765819 1.636235 12.082769 -0.175047 1.258981 0.000004 0.000924 0.000014 20.488827 -25.821098 -8.955491 10.910102 3.384318 4.415813 10.705265 -0.515893 3.692749 -0.000744 0.000011 -0.000001 0.000000 0.000000 0.000000 0.000000 0.000000 0.000000 -92.896164 0.883106 13.413662 -53.759590 41.997601 3.612708 -1.751686 -13.435228 37.688522 -10.217389 -10.867229 -14.451101 -0.292548 0.180089 44.725468 0.000003 0.000018 -0.641271 0.000011 -0.000018 -0.557914 -0.000325 -0.000035 -0.001704 -19.007607 16.562109 -7.355568 -10.325025 -0.609758 3.056622 -10.337313 0.367196 2.865561 0.000046 0.000146 0.000003 -16.551775 6.828495 -8.919922 -9.975788 -0.859225 1.209719 -10.217515 0.114187 1.032517 0.001141 -0.000050 -0.000064 -15.935715 -8.801666 -8.684593 -11.087524 1.773724 -1.642805 -11.350805 -0.158564 -1.291233 -0.000609 0.000003 -0.000009 -14.502823 -25.373329 -10.747818 -10.995099 3.400963 -4.756526 -10.900009 -0.490788 -4.018996 -0.000578 0.000002 -0.000043 0.000000 0.000000 0.000000 0.000000 0.000000 0.000000 -18.395750 -3.151905 0.858147 -0.451596 -1.074416 26.376984 8.219537 -16.648695 17.088425 -2.199225 0.432812 -19.542383 0.000000 0.000000 0.000000 0.000000 0.000000 0.000000 0.000000 0.000000 0.000000 -1.582241 13.263906 22.432150 0.222187 0.972188 11.592009 1.674474 14.868610 10.241096 -0.054997 -1.254187 -16.427689 0.000000 0.000000 0.000000 0.000000 0.000000 0.000000 0.000000 0.000000 0.000000 
-2.195829 85.751083 10.251220 5.448742 2.137506 -19.569653 -3.968010 1.153376 9.114742 -0.197725 0.094786 2.785313 0.538312 -0.615687 13.631634 0.771392 -0.323340 5.314209 -8.257280 6.820265 6.956058 0.978602 3.293768 -3.329125 -0.722392 0.311985 -19.157299 0.000000 0.000000 0.000000 93.094849 -0.784763 9.735864 64.747398 -22.134954 9.751546 0.153898 12.446177 24.708593 4.381389 24.420450 -1.418778 0.145648 -0.081313 44.890053 0.000012 0.000004 -0.133170 -0.000020 0.000048 -0.304133 0.000013 0.000010 -0.000029 15.871853 17.210691 -6.469372 12.930280 -0.562429 -3.094203 12.938563 0.424401 -2.915686 -0.000003 -0.000003 -0.000006 15.519318 7.126682 -7.380904 12.144870 -0.825455 -1.216424 12.095130 0.141067 -1.037278 -0.000014 0.000034 0.000033 17.922506 -9.094046 -7.453752 12.108052 1.767781 1.630593 12.020573 -0.173195 1.254819 0.000004 0.000905 0.000015 20.378559 -25.810923 -8.993934 10.856595 3.389226 4.397151 10.656975 -0.512131 3.675960 -0.000752 0.000011 -0.000000 0.000000 0.000000 0.000000 0.000000 0.000000 0.000000 -92.840118 0.868598 13.409843 -53.832897 42.051872 3.612919 -1.737938 -13.294312 37.581497 -10.098808 -11.037451 -14.464142 -0.292702 0.179575 44.724621 0.000003 0.000018 -0.652385 0.000010 -0.000018 -0.562346 -0.000302 -0.000035 -0.001649 -18.928350 16.557859 -7.380295 -10.285925 -0.611388 3.055620 -10.300224 0.365447 2.864578 0.000046 0.000174 0.000003 -16.493370 6.827260 -8.921545 -9.943703 -0.859879 1.208274 -10.180842 0.113495 1.031436 0.001112 -0.000050 -0.000051 -15.890458 -8.799143 -8.651362 -11.056884 1.774539 -1.638499 -11.318028 -0.157562 -1.287845 -0.000634 0.000003 -0.000009 -14.490620 -25.369686 -10.696870 -10.985388 3.402866 -4.739246 -10.891988 -0.487965 -4.005004 -0.000612 0.000002 -0.000043 0.000000 0.000000 0.000000 0.000000 0.000000 0.000000 -18.013653 -3.120269 1.137709 -0.445892 -1.074744 26.228527 8.077517 -16.608307 16.917103 -2.170925 0.459537 -19.539186 0.000000 0.000000 0.000000 0.000000 0.000000 0.000000 0.000000 0.000000 0.000000 -1.164612 13.087815 22.610556 0.227610 0.996454 11.500237 1.342682 14.618632 10.260302 -0.011796 -1.276146 -16.439770 0.000000 0.000000 0.000000 0.000000 0.000000 0.000000 0.000000 0.000000 0.000000 
-2.546797 85.793411 10.435563 5.331369 2.293538 -19.583435 -3.898625 1.147903 9.175443 -0.201246 0.100085 2.782066 0.617826 -0.682013 13.628913 0.831248 -0.334559 5.317153 -8.248796 6.844043 6.992333 0.969691 3.323848 -3.294536 -0.750944 0.302952 -19.141071 0.000000 0.000000 0.000000 93.022049 -0.758080 9.711148 64.810722 -22.033422 9.691626 0.158343 12.391640 24.593788 4.263976 24.466450 -1.596409 0.135491 -0.079903 44.895226 0.000012 0.000003 -0.107223 -0.000021 0.000048 -0.278546 0.000013 0.000010 -0.000029 15.735092 17.214064 -6.511608 12.872142 -0.564294 -3.086352 12.883512 0.422115 -2.908947 -0.000003 -0.000003 -0.000006 15.394219 7.127343 -7.420655 12.094047 -0.826521 -1.213406 12.039193 0.140047 -1.034379 -0.000014 0.000034 0.000033 17.814259 -9.092299 -7.498599 12.051909 1.769317 1.625665 11.965338 -0.171688 1.251221 0.000004 0.000894 0.000015 20.291142 -25.796757 -9.036347 10.807722 3.392975 4.380497 10.613268 -0.509258 3.660926 -0.000759 0.000011 -0.000000 0.000000 0.000000 0.000000 0.000000 0.000000 0.000000 -92.793678 0.855626 13.403024 -53.915077 42.083488 3.614711 -1.726963 -13.172439 37.471039 -9.996912 -11.185126 -14.476478 -0.293505 0.179077 44.723850 0.000002 0.000018 -0.663015 0.000010 -0.000018 -0.566288 -0.000281 -0.000036 -0.001588 -18.848103 16.554409 -7.415563 -10.244821 -0.612909 3.054219 -10.259817 0.363835 2.863002 0.000046 0.000198 0.000003 -16.432680 6.826095 -8.930988 -9.907339 -0.860496 1.206671 -10.140035 0.112848 1.030201 0.001077 -0.000051 -0.000039 -15.838700 -8.796903 -8.624935 -11.020828 1.775262 -1.634182 -11.280130 -0.156638 -1.284342 -0.000654 0.000003 -0.000009 -14.465537 -25.366529 -10.651437 -10.966356 3.404594 -4.721570 -10.876254 -0.485370 -3.990731 -0.000643 0.000002 -0.000044 0.000000 0.000000 0.000000 0.000000 0.000000 0.000000 -17.622175 -3.093957 1.444475 -0.439768 -1.073880 26.065954 7.931457 -16.580704 16.746483 -2.143473 0.485541 -19.532490 0.000000 0.000000 0.000000 0.000000 0.000000 0.000000 0.000000 0.000000 0.000000 -0.738314 12.906273 22.791115 0.233006 1.020729 11.418794 1.008253 14.367174 10.277297 0.031644 -1.298078 -16.450417 0.000000 0.000000 0.000000 0.000000 0.000000 0.000000 0.000000 0.000000 0.000000 
-2.904203 85.835876 10.626137 5.207823 2.454253 -19.605421 -3.824892 1.140314 9.239075 -0.206191 0.105031 2.777866 0.704791 -0.753380 13.629689 0.890576 -0.347125 5.321157 -8.234589 6.862072 7.026304 0.960333 3.351923 -3.259829 -0.777968 0.294886 -19.128887 0.000000 0.000000 0.000000 92.962158 -0.734752 9.681153 64.873009 -21.916616 9.608912 0.163567 12.343992 24.473768 4.168956 24.534994 -1.768011 0.127504 -0.078640 44.899586 0.000012 0.000003 -0.087327 -0.000021 0.000048 -0.257312 0.000013 0.000010 -0.000029 15.612504 17.217453 -6.568486 12.819922 -0.565737 -3.079625 12.834585 0.420294 -2.903120 -0.000002 -0.000003 -0.000007 15.285435 7.127781 -7.469728 12.048403 -0.827397 -1.210906 11.988959 0.139225 -1.031890 -0.000014 0.000034 0.000033 17.726768 -9.089753 -7.547945 12.001665 1.770492 1.621377 11.916370 -0.170480 1.248148 0.000003 0.000894 0.000015 20.227299 -25.779215 -9.081912 10.763412 3.395721 4.365881 10.573988 -0.507106 3.647711 -0.000766 0.000011 -0.000000 0.000000 0.000000 0.000000 0.000000 0.000000 0.000000 -92.756271 0.843596 13.393501 -54.008865 42.104362 3.616568 -1.717510 -13.064936 37.357639 -9.910834 -11.310752 -14.490380 -0.294941 0.178629 44.723095 0.000002 0.000019 -0.673381 0.000009 -0.000019 -0.569991 -0.000264 -0.000036 -0.001525 -18.769365 16.551556 -7.460392 -10.203226 -0.614368 3.052350 -10.218067 0.362324 2.860843 0.000045 0.000219 0.000003 -16.372065 6.824936 -8.947886 -9.868360 -0.861082 1.204891 -10.096727 0.112236 1.028785 0.001038 -0.000051 -0.000028 -15.782640 -8.794825 -8.605062 -10.980484 1.775938 -1.629822 -11.237867 -0.155770 -1.280722 -0.000669 0.000004 -0.000009 -14.429245 -25.363258 -10.612102 -10.938489 3.406212 -4.703457 -10.853172 -0.482931 -3.976187 -0.000672 0.000002 -0.000044 0.000000 0.000000 0.000000 0.000000 0.000000 0.000000 -17.221567 -3.070258 1.773549 -0.433276 -1.071854 25.891518 7.781280 -16.563231 16.579035 -2.116643 0.510708 -19.523033 0.000000 0.000000 0.000000 0.000000 0.000000 0.000000 0.000000 0.000000 0.000000 -0.305233 12.721490 22.973162 0.238355 1.044888 11.346556 0.672668 14.117310 10.292365 0.075120 -1.319695 -16.459318 0.000000 0.000000 0.000000 0.000000 0.000000 0.000000 0.000000 0.000000 0.000000 
-3.266936 85.878311 10.822536 5.078406 2.617449 -19.634571 -3.747010 1.130415 9.304705 -0.212654 0.109444 2.772135 0.798548 -0.829888 13.633705 0.948775 -0.361260 5.325909 -8.215738 6.875532 7.058710 0.950292 3.378997 -3.224355 -0.804276 0.287959 -19.120420 0.000000 0.000000 0.000000 92.914345 -0.714627 9.646672 64.931122 -21.794415 9.512297 0.169377 12.302176 24.346821 4.097365 24.618166 -1.936174 0.121173 -0.077512 44.903278 0.000012 0.000003 -0.072179 -0.000021 0.000048 -0.239673 0.000013 0.000010 -0.000029 15.500171 17.220797 -6.637363 12.772345 -0.566797 -3.074026 12.790544 0.418884 -2.898208 -0.000002 -0.000004 -0.000007 15.189708 7.127991 -7.526401 12.006878 -0.828108 -1.208915 11.943236 0.138584 -1.029799 -0.000015 0.000034 0.000033 17.656775 -9.086588 -7.600563 11.956401 1.771349 1.617686 11.872577 -0.169535 1.245577 0.000003 0.000904 0.000016 20.183683 -25.759281 -9.130358 10.722835 3.397600 4.353267 10.538280 -0.505540 3.636316 -0.000772 0.000011 -0.000000 0.000000 0.000000 0.000000 0.000000 0.000000 0.000000 -92.727539 0.832418 13.381387 -54.113811 42.124588 3.618744 -1.708286 -12.967720 37.242905 -9.838894 -11.415070 -14.506643 -0.297133 0.178270 44.722183 0.000001 0.000019 -0.684241 0.000008 -0.000019 -0.574009 -0.000253 -0.000036 -0.001460 -18.695404 16.549028 -7.512884 -10.163013 -0.615767 3.050115 -10.177217 0.360909 2.858254 0.000045 0.000236 0.000003 -16.314449 6.823708 -8.971219 -9.828850 -0.861632 1.202981 -10.052917 0.111662 1.027219 0.000995 -0.000051 -0.000018 -15.724785 -8.792830 -8.591353 -10.937555 1.776588 -1.625456 -11.192750 -0.154946 -1.277038 -0.000677 0.000004 -0.000009 -14.383999 -25.359615 -10.579200 -10.903234 3.407739 -4.685049 -10.824013 -0.480610 -3.961513 -0.000697 0.000002 -0.000045 0.000000 0.000000 0.000000 0.000000 0.000000 0.000000 -16.812046 -3.047081 2.120271 -0.426460 -1.068738 25.706978 7.626884 -16.552864 16.416546 -2.090244 0.534986 -19.511312 0.000000 0.000000 0.000000 0.000000 0.000000 0.000000 0.000000 0.000000 0.000000 0.133298 12.535538 23.156017 0.243654 1.068876 11.282394 0.336830 13.872073 10.305967 0.118508 -1.340803 -16.466351 0.000000 0.000000 0.000000 0.000000 0.000000 0.000000 0.000000 0.000000 0.000000 
-3.633960 85.920547 11.024299 4.943335 2.781093 -19.669941 -3.664831 1.118124 9.371470 -0.220598 0.113331 2.764757 0.898451 -0.911049 13.640602 1.005306 -0.376836 5.331433 -8.193618 6.885425 7.089289 0.939566 3.405713 -3.188107 -0.830459 0.282082 -19.115341 0.000000 0.000000 0.000000 92.877556 -0.697292 9.608907 64.983406 -21.673130 9.408405 0.175508 12.263802 24.212528 4.045083 24.709070 -2.102028 0.116063 -0.076488 44.906422 0.000013 0.000003 -0.060619 -0.000022 0.000048 -0.224869 0.000013 0.000011 -0.000029 15.395802 17.224051 -6.715123 12.728622 -0.567495 -3.069578 12.750628 0.417847 -2.894224 -0.000002 -0.000004 -0.000007 15.104211 7.128015 -7.588787 11.968839 -0.828672 -1.207424 11.901240 0.138111 -1.028092 -0.000015 0.000033 0.000033 17.599909 -9.083073 -7.655767 11.915174 1.771923 1.614542 11.832869 -0.168826 1.243476 0.000003 0.000923 0.000016 20.154621 -25.738121 -9.181799 10.684873 3.398737 4.342499 10.505044 -0.504462 3.626644 -0.000779 0.000011 -0.000000 0.000000 0.000000 0.000000 0.000000 0.000000 0.000000 -92.707062 0.822318 13.366851 -54.227482 42.151562 3.622994 -1.698242 -12.877670 37.128750 -9.778830 -11.498610 -14.524894 -0.300304 0.178033 44.720997 0.000001 0.000019 -0.696638 0.000007 -0.000019 -0.579048 -0.000247 -0.000037 -0.001396 -18.629633 16.546556 -7.570659 -10.126035 -0.617090 3.047696 -10.139321 0.359605 2.855440 0.000045 0.000250 0.000003 -16.262774 6.822366 -8.999570 -9.790854 -0.862138 1.201022 -10.010527 0.111128 1.025566 0.000951 -0.000051 -0.000010 -15.667418 -8.790909 -8.583325 -10.893833 1.777223 -1.621151 -11.146549 -0.154160 -1.273365 -0.000679 0.000004 -0.000009 -14.331861 -25.355646 -10.552807 -10.862445 3.409177 -4.666596 -10.790460 -0.478393 -3.946923 -0.000719 0.000002 -0.000046 0.000000 0.000000 0.000000 0.000000 0.000000 0.000000 -16.393938 -3.023367 2.480711 -0.419358 -1.064601 25.513571 7.468050 -16.546907 16.260065 -2.064147 0.558348 -19.497494 0.000000 0.000000 0.000000 0.000000 0.000000 0.000000 0.000000 0.000000 0.000000 0.576445 12.350137 23.338699 0.248915 1.092662 11.225913 0.001273 13.634168 10.318521 0.161740 -1.361278 -16.471573 0.000000 0.000000 0.000000 0.000000 0.000000 0.000000 0.000000 0.000000 0.000000 
-4.004376 85.962364 11.230932 4.802683 2.943515 -19.710667 -3.578093 1.103458 9.438631 -0.229931 0.116798 2.755811 1.004008 -0.996198 13.649940 1.059933 -0.393549 5.338000 -8.169343 6.892461 7.117237 0.928260 3.432443 -3.151427 -0.856871 0.277025 -19.113180 0.000000 0.000000 0.000000 92.850388 -0.682292 9.569171 65.028931 -21.555830 9.301963 0.181741 12.226407 24.071877 4.006020 24.801962 -2.266010 0.111901 -0.075540 44.909142 0.000013 0.000003 -0.051882 -0.000022 0.000048 -0.212371 0.000013 0.000011 -0.000029 15.298428 17.227121 -6.798752 12.688305 -0.567849 -3.066264 12.714411 0.417155 -2.891154 -0.000002 -0.000004 -0.000007 15.026896 7.127898 -7.655089 11.933903 -0.829102 -1.206413 11.862473 0.137793 -1.026747 -0.000015 0.000031 0.000032 17.551981 -9.079476 -7.713055 11.877143 1.772242 1.611894 11.796283 -0.168329 1.241807 0.000002 0.000950 0.000016 20.134222 -25.716810 -9.236288 10.648477 3.399241 4.333377 10.473257 -0.503799 3.618544 -0.000785 0.000011 -0.000000 0.000000 0.000000 0.000000 0.000000 0.000000 0.000000 -92.694221 0.813575 13.350287 -54.346996 42.189171 3.631498 -1.686635 -12.792883 37.016880 -9.728346 -11.562354 -14.544190 -0.304696 0.177947 44.719349 0.000000 0.000020 -0.711592 0.000005 -0.000019 -0.585786 -0.000247 -0.000037 -0.001333 -18.575037 16.543901 -7.631435 -10.093820 -0.618308 3.045285 -10.106014 0.358439 2.852598 0.000045 0.000260 0.000003 -16.219591 6.820882 -9.031465 -9.756097 -0.862587 1.199093 -9.971197 0.110639 1.023891 0.000908 -0.000052 -0.000004 -15.612604 -8.789087 -8.580413 -10.850978 1.777844 -1.616983 -11.100987 -0.153414 -1.269783 -0.000675 0.000004 -0.000009 -14.274855 -25.351574 -10.532763 -10.818130 3.410504 -4.648390 -10.754317 -0.476291 -3.932649 -0.000736 0.000002 -0.000046 0.000000 0.000000 0.000000 0.000000 0.000000 0.000000 -15.967526 -2.999032 2.851660 -0.411992 -1.059487 25.312246 7.304446 -16.543280 16.110100 -2.038266 0.580778 -19.481422 0.000000 0.000000 0.000000 0.000000 0.000000 0.000000 0.000000 0.000000 0.000000 1.023850 12.166611 23.519875 0.254162 1.116211 11.177594 -0.333664 13.405740 10.330186 0.204780 -1.381045 -16.475048 0.000000 0.000000 0.000000 0.000000 0.000000 0.000000 0.000000 0.000000 0.000000 
-4.377419 86.003525 11.441919 4.656401 3.103553 -19.755934 -3.486621 1.086522 9.505589 -0.240541 0.119980 2.745373 1.114887 -1.084766 13.661263 1.112804 -0.411051 5.345988 -8.143517 6.896943 7.141654 0.916497 3.459301 -3.114734 -0.883662 0.272522 -19.113388 0.000000 0.000000 0.000000 92.831360 -0.669207 9.528697 65.066895 -21.443460 9.196170 0.187933 12.188180 23.926804 3.974476 24.892223 -2.428222 0.108545 -0.074645 44.911491 0.000013 0.000002 -0.045523 -0.000023 0.000048 -0.201871 0.000014 0.000011 -0.000029 15.207704 17.229868 -6.885613 12.651004 -0.567877 -3.064018 12.681505 0.416785 -2.888938 -0.000002 -0.000005 -0.000008 14.956365 7.127654 -7.723749 11.901709 -0.829410 -1.205838 11.826472 0.137616 -1.025730 -0.000016 0.000029 0.000032 17.509518 -9.075999 -7.771873 11.841521 1.772333 1.609680 11.761977 -0.168021 1.240526 0.000002 0.000984 0.000017 20.117569 -25.696173 -9.293641 10.612776 3.399205 4.325682 10.442095 -0.503493 3.611852 -0.000791 0.000011 -0.000000 0.000000 0.000000 0.000000 0.000000 0.000000 0.000000 -92.687965 0.806365 13.332359 -54.469894 42.238071 3.646091 -1.673007 -12.712613 36.908775 -9.685319 -11.608200 -14.563163 -0.310464 0.178025 44.717175 -0.000000 0.000020 -0.729828 0.000003 -0.000019 -0.594713 -0.000253 -0.000037 -0.001273 -18.533636 16.540852 -7.693216 -10.067391 -0.619388 3.043042 -10.078381 0.357434 2.849896 0.000045 0.000268 0.000003 -16.186760 6.819221 -9.065511 -9.725851 -0.862971 1.197270 -9.936149 0.110202 1.022257 0.000866 -0.000052 0.000002 -15.562194 -8.787369 -8.581939 -10.810379 1.778445 -1.613018 -11.057504 -0.152716 -1.266362 -0.000667 0.000004 -0.000009 -14.215191 -25.347542 -10.518667 -10.772237 3.411691 -4.630701 -10.717314 -0.474324 -3.918890 -0.000749 0.000002 -0.000046 0.000000 0.000000 0.000000 0.000000 0.000000 0.000000 -15.533006 -2.974675 3.230572 -0.404373 -1.053413 25.103811 7.135737 -16.540615 15.966798 -2.012538 0.602268 -19.462755 0.000000 0.000000 0.000000 0.000000 0.000000 0.000000 0.000000 0.000000 0.000000 1.475473 11.985830 23.697987 0.259428 1.139477 11.138556 -0.667694 13.188314 10.340841 0.247607 -1.400074 -16.476761 0.000000 0.000000 0.000000 0.000000 0.000000 0.000000 0.000000 0.000000 0.000000 
-4.752410 86.043777 11.656745 4.504384 3.260620 -19.805004 -3.390398 1.067487 9.571857 -0.252280 0.122994 2.733467 1.230823 -1.176306 13.674143 1.164364 -0.429002 5.355734 -8.116117 6.898693 7.161940 0.904383 3.486017 -3.078376 -0.910780 0.268332 -19.115362 0.000000 0.000000 0.000000 92.818886 -0.657605 9.488502 65.096489 -21.335670 9.093070 0.193999 12.148008 23.779947 3.946050 24.976486 -2.588451 0.105879 -0.073786 44.913532 0.000013 0.000002 -0.041182 -0.000023 0.000049 -0.193119 0.000014 0.000011 -0.000029 15.123252 17.232159 -6.973490 12.616240 -0.567607 -3.062706 12.651430 0.416701 -2.887478 -0.000002 -0.000005 -0.000008 14.891432 7.127288 -7.793434 11.871789 -0.829610 -1.205639 11.792713 0.137563 -1.024986 -0.000016 0.000027 0.000032 17.469736 -9.072764 -7.831595 11.807561 1.772230 1.607832 11.729197 -0.167876 1.239580 0.000002 0.001021 0.000017 20.100863 -25.676743 -9.353479 10.577107 3.398720 4.319179 10.410924 -0.503481 3.606379 -0.000796 0.000012 -0.000000 0.000000 0.000000 0.000000 0.000000 0.000000 0.000000 -92.686935 0.800759 13.313898 -54.594048 42.296410 3.668093 -1.657140 -12.636930 36.805622 -9.647710 -11.638744 -14.580100 -0.317600 0.178262 44.714428 -0.000001 0.000020 -0.751592 0.000001 -0.000019 -0.605998 -0.000263 -0.000037 -0.001215 -18.506182 16.537220 -7.754209 -10.047182 -0.620311 3.041073 -10.056900 0.356601 2.847449 0.000044 0.000273 0.000003 -16.165186 6.817353 -9.100332 -9.700826 -0.863282 1.195601 -9.906046 0.109818 1.020705 0.000828 -0.000052 0.000006 -15.517687 -8.785725 -8.587031 -10.773024 1.779015 -1.609301 -11.017153 -0.152069 -1.263149 -0.000655 0.000004 -0.000009 -14.155179 -25.343544 -10.509846 -10.726480 3.412710 -4.613712 -10.680904 -0.472506 -3.905770 -0.000760 0.000002 -0.000047 0.000000 0.000000 0.000000 0.000000 0.000000 0.000000 -15.090535 -2.951255 3.615563 -0.396509 -1.046376 24.888842 6.961730 -16.538198 15.829965 -1.986912 0.622810 -19.441044 0.000000 0.000000 0.000000 0.000000 0.000000 0.000000 0.000000 0.000000 0.000000 1.931371 11.808112 23.871412 0.264748 1.162418 11.110271 -1.000482 12.982785 10.350196 0.290197 -1.418365 -16.476702 0.000000 0.000000 0.000000 0.000000 0.000000 0.000000 0.000000 0.000000 0.000000 
-5.128731 86.082916 11.874901 4.346535 3.414684 -19.857193 -3.289540 1.046559 9.637060 -0.264933 0.125928 2.720106 1.351479 -1.270414 13.688239 1.215192 -0.447088 5.367470 -8.086575 6.897048 7.178018 0.891982 3.511848 -3.042560 -0.937980 0.264257 -19.118565 0.000000 0.000000 0.000000 92.811684 -0.647049 9.449306 65.116936 -21.231375 8.993930 0.199876 12.105202 23.634190 3.917796 25.052858 -2.746208 0.103733 -0.072941 44.915337 0.000013 0.000002 -0.038389 -0.000023 0.000049 -0.185790 0.000014 0.000011 -0.000029 15.044295 17.233915 -7.060654 12.583443 -0.567087 -3.062138 12.623612 0.416856 -2.886617 -0.000002 -0.000006 -0.000008 14.830791 7.126798 -7.863082 11.843568 -0.829721 -1.205728 11.760612 0.137611 -1.024449 -0.000016 0.000025 0.000032 17.430265 -9.069854 -7.891632 11.774580 1.771970 1.606263 11.697256 -0.167863 1.238901 0.000002 0.001062 0.000017 20.081202 -25.658852 -9.415382 10.540988 3.397886 4.313590 10.379291 -0.503687 3.601896 -0.000800 0.000012 -0.000000 0.000000 0.000000 0.000000 0.000000 0.000000 0.000000 -92.689720 0.796729 13.295763 -54.717575 42.361103 3.698387 -1.639021 -12.566271 36.708260 -9.613528 -11.656675 -14.593122 -0.325908 0.178635 44.711174 -0.000001 0.000020 -0.776570 -0.000001 -0.000020 -0.619433 -0.000276 -0.000038 -0.001161 -18.492012 16.532904 -7.812753 -10.033024 -0.621076 3.039403 -10.041410 0.355932 2.845299 0.000044 0.000275 0.000003 -16.154634 6.815254 -9.134555 -9.681129 -0.863521 1.194099 -9.880980 0.109482 1.019250 0.000792 -0.000053 0.000010 -15.479889 -8.784101 -8.594661 -10.739408 1.779548 -1.605837 -10.980476 -0.151474 -1.260156 -0.000641 0.000004 -0.000009 -14.096818 -25.339462 -10.505364 -10.682182 3.413550 -4.597478 -10.646143 -0.470831 -3.893289 -0.000768 0.000002 -0.000047 0.000000 0.000000 0.000000 0.000000 0.000000 0.000000 -14.640369 -2.929856 4.005399 -0.388399 -1.038362 24.667631 6.782454 -16.535936 15.699198 -1.961357 0.642402 -19.415863 0.000000 0.000000 0.000000 0.000000 0.000000 0.000000 0.000000 0.000000 0.000000 2.391529 11.633173 24.038500 0.270162 1.185008 11.094410 -1.331616 12.789432 10.357930 0.332506 -1.435940 -16.474991 0.000000 0.000000 0.000000 0.000000 0.000000 0.000000 0.000000 0.000000 0.000000 
-5.505801 86.120735 12.095900 4.182786 3.566200 -19.911896 -3.184246 1.023937 9.700889 -0.278202 0.128823 2.705336 1.476365 -1.366674 13.703259 1.265843 -0.465027 5.381277 -8.053997 6.891027 7.190398 0.879312 3.535642 -3.007338 -0.964877 0.260142 -19.122549 0.000000 0.000000 0.000000 92.808533 -0.637094 9.411509 65.127319 -21.129250 8.899663 0.205523 12.059214 23.492226 3.888215 25.121004 -2.900865 0.101885 -0.072082 44.916988 0.000013 0.000002 -0.036578 -0.000024 0.000049 -0.179455 0.000014 0.000011 -0.000029 14.969625 17.235147 -7.145956 12.552039 -0.566381 -3.062082 12.597421 0.417190 -2.886163 -0.000002 -0.000006 -0.000008 14.772952 7.126207 -7.931967 11.816460 -0.829768 -1.206005 11.729614 0.137733 -1.024036 -0.000016 0.000022 0.000031 17.389105 -9.067299 -7.951570 11.742019 1.771599 1.604868 11.665591 -0.167945 1.238405 0.000002 0.001106 0.000017 20.056435 -25.642668 -9.479006 10.504129 3.396824 4.308587 10.346921 -0.504019 3.598128 -0.000804 0.000012 -0.000000 0.000000 0.000000 0.000000 0.000000 0.000000 0.000000 -92.695015 0.794205 13.278719 -54.838531 42.428810 3.737695 -1.618798 -12.501019 36.616825 -9.580914 -11.664322 -14.600701 -0.335033 0.179103 44.707542 -0.000002 0.000021 -0.803981 -0.000004 -0.000020 -0.634484 -0.000293 -0.000038 -0.001111 -18.489210 16.527872 -7.867355 -10.024254 -0.621705 3.037983 -10.031231 0.355399 2.843418 0.000044 0.000273 0.000003 -16.153790 6.812912 -9.166922 -9.666330 -0.863697 1.192745 -9.860515 0.109183 1.017882 0.000759 -0.000053 0.000012 -15.448760 -8.782429 -8.603764 -10.709532 1.780042 -1.602594 -10.947546 -0.150923 -1.257359 -0.000627 0.000004 -0.000009 -14.041430 -25.335150 -10.504194 -10.640180 3.414229 -4.581919 -10.613622 -0.469267 -3.881346 -0.000774 0.000002 -0.000047 0.000000 0.000000 0.000000 0.000000 0.000000 0.000000 -14.182899 -2.911551 4.399343 -0.380044 -1.029348 24.440228 6.598105 -16.534309 15.573964 -1.935862 0.661027 -19.386892 0.000000 0.000000 0.000000 0.000000 0.000000 0.000000 0.000000 0.000000 0.000000 2.855781 11.460196 24.197571 0.275708 1.207236 11.092760 -1.660640 12.607921 10.363810 0.374461 -1.452827 -16.471966 0.000000 0.000000 0.000000 0.000000 0.000000 0.000000 0.000000 0.000000 0.000000 
-5.883063 86.157089 12.319272 4.013150 3.716008 -19.968552 -3.074748 0.999782 9.763094 -0.291725 0.131666 2.689269 1.604825 -1.464645 13.718925 1.316739 -0.482591 5.397074 -8.017406 6.879588 7.200073 0.866344 3.556051 -2.972642 -0.991019 0.255885 -19.126989 0.000000 0.000000 0.000000 92.808578 -0.627366 9.375250 65.126686 -21.028158 8.811119 0.210919 12.009511 23.356142 3.857115 25.181894 -3.051947 0.100098 -0.071180 44.918579 0.000013 0.000002 -0.035175 -0.000024 0.000049 -0.173682 0.000015 0.000011 -0.000029 14.897933 17.235960 -7.228850 12.521523 -0.565559 -3.062297 12.572300 0.417638 -2.885914 -0.000002 -0.000006 -0.000008 14.716523 7.125546 -7.999720 11.789952 -0.829773 -1.206364 11.699265 0.137899 -1.023667 -0.000016 0.000020 0.000031 17.344830 -9.065124 -8.011247 11.709483 1.771167 1.603538 11.633798 -0.168084 1.238002 0.000001 0.001152 0.000018 20.025215 -25.628222 -9.544163 10.466401 3.395659 4.303816 10.313697 -0.504378 3.594777 -0.000806 0.000012 -0.000000 0.000000 0.000000 0.000000 0.000000 0.000000 0.000000 -92.701820 0.793099 13.263336 -54.954750 42.496704 3.786758 -1.596750 -12.441258 36.530693 -9.548342 -11.663376 -14.602045 -0.344560 0.179622 44.703705 -0.000002 0.000021 -0.832776 -0.000007 -0.000020 -0.650448 -0.000312 -0.000038 -0.001065 -18.495089 16.522198 -7.916835 -10.019923 -0.622232 3.036715 -10.025364 0.354960 2.841726 0.000044 0.000268 0.000003 -16.160589 6.810350 -9.196424 -9.655645 -0.863822 1.191493 -9.843894 0.108906 1.016570 0.000729 -0.000053 0.000014 -15.423454 -8.780673 -8.613424 -10.682983 1.780503 -1.599514 -10.918031 -0.150401 -1.254710 -0.000615 0.000004 -0.000009 -13.989451 -25.330502 -10.505413 -10.600807 3.414791 -4.566847 -10.583472 -0.467769 -3.869761 -0.000780 0.000001 -0.000048 0.000000 0.000000 0.000000 0.000000 0.000000 0.000000 -13.718678 -2.897321 4.796945 -0.371444 -1.019311 24.206636 6.409001 -16.534267 15.453724 -1.910433 0.678656 -19.353933 0.000000 0.000000 0.000000 0.000000 0.000000 0.000000 0.000000 0.000000 0.000000 3.323784 11.288030 24.346832 0.281423 1.229106 11.107182 -1.987108 12.437398 10.367744 0.415965 -1.469041 -16.468168 0.000000 0.000000 0.000000 0.000000 0.000000 0.000000 0.000000 0.000000 0.000000 
-6.259984 86.191849 12.544551 3.837752 3.865226 -20.026579 -2.961320 0.974206 9.823444 -0.305105 0.134404 2.672098 1.736072 -1.563866 13.734918 1.368110 -0.499613 5.414624 -7.975996 6.861869 7.208273 0.853005 3.571776 -2.938333 -1.015957 0.251438 -19.131712 0.000000 0.000000 0.000000 92.811180 -0.617600 9.340472 65.114090 -20.927319 8.729224 0.216070 11.955595 23.227242 3.825253 25.237286 -3.199338 0.098189 -0.070215 44.920170 0.000012 0.000002 -0.033739 -0.000024 0.000049 -0.168118 0.000015 0.000011 -0.000028 14.828164 17.236444 -7.309340 12.491529 -0.564693 -3.062572 12.547783 0.418138 -2.885685 -0.000002 -0.000007 -0.000008 14.660540 7.124850 -8.066323 11.763666 -0.829763 -1.206711 11.669253 0.138083 -1.023271 -0.000016 0.000017 0.000031 17.296791 -9.063302 -8.070755 11.676744 1.770718 1.602170 11.601622 -0.168245 1.237607 0.000001 0.001200 0.000018 19.987144 -25.615427 -9.610849 10.427818 3.394517 4.298935 10.279641 -0.504672 3.591549 -0.000808 0.000012 -0.000001 0.000000 0.000000 0.000000 0.000000 0.000000 0.000000 -92.709473 0.793313 13.249961 -55.063946 42.562832 3.846447 -1.573238 -12.386748 36.448425 -9.514777 -11.654952 -14.597348 -0.354097 0.180145 44.699844 -0.000003 0.000021 -0.861888 -0.000011 -0.000020 -0.666618 -0.000331 -0.000038 -0.001023 -18.506821 16.516010 -7.960440 -10.019024 -0.622697 3.035470 -10.022739 0.354573 2.840116 0.000043 0.000258 0.000003 -16.172731 6.807607 -9.222456 -9.648135 -0.863914 1.190282 -9.830246 0.108636 1.015277 0.000701 -0.000053 0.000015 -15.402622 -8.778824 -8.623037 -10.659105 1.780942 -1.596523 -10.891362 -0.149895 -1.252147 -0.000604 0.000004 -0.000009 -13.940538 -25.325495 -10.508364 -10.563968 3.415294 -4.552022 -10.555472 -0.466284 -3.858324 -0.000785 0.000001 -0.000048 0.000000 0.000000 0.000000 0.000000 0.000000 0.000000 -13.248474 -2.887998 5.197755 -0.362602 -1.008232 23.967005 6.215511 -16.537069 15.338005 -1.885088 0.695247 -19.316980 0.000000 0.000000 0.000000 0.000000 0.000000 0.000000 0.000000 0.000000 0.000000 3.795025 11.115481 24.484352 0.287344 1.250621 11.139505 -2.310629 12.276611 10.369827 0.456900 -1.484572 -16.464279 0.000000 0.000000 0.000000 0.000000 0.000000 0.000000 0.000000 0.000000 0.000000 
-6.636051 86.224876 12.771248 3.656879 4.015145 -20.085346 -2.844290 0.947279 9.881699 -0.317950 0.136954 2.654110 1.869223 -1.663880 13.750828 1.419995 -0.515997 5.433587 -7.929268 6.837356 7.216214 0.839194 3.581787 -2.904269 -1.039309 0.246808 -19.136633 0.000000 0.000000 0.000000 92.815964 -0.607674 9.307033 65.088699 -20.826286 8.655001 0.221008 11.897124 23.106127 3.793828 25.289112 -3.343385 0.096041 -0.069181 44.921806 0.000012 0.000002 -0.032014 -0.000025 0.000048 -0.162537 0.000015 0.000011 -0.000028 14.759771 17.236664 -7.387827 12.461826 -0.563845 -3.062733 12.523531 0.418640 -2.885327 -0.000002 -0.000007 -0.000009 14.604660 7.124128 -8.132026 11.737355 -0.829756 -1.206967 11.639398 0.138262 -1.022792 -0.000016 0.000015 0.000030 17.245214 -9.061779 -8.130400 11.643735 1.770295 1.600676 11.568967 -0.168398 1.237146 0.000001 0.001247 0.000018 19.942738 -25.604118 -9.679214 10.388496 3.393507 4.293651 10.244862 -0.504820 3.588189 -0.000809 0.000012 -0.000001 0.000000 0.000000 0.000000 0.000000 0.000000 0.000000 -92.717613 0.794752 13.238730 -55.163887 42.626099 3.917656 -1.548651 -12.337014 36.368141 -9.479655 -11.639775 -14.587740 -0.363342 0.180637 44.696087 -0.000003 0.000022 -0.890429 -0.000014 -0.000020 -0.682431 -0.000350 -0.000038 -0.000985 -18.522003 16.509472 -7.997925 -10.020667 -0.623140 3.034138 -10.022421 0.354198 2.838482 0.000043 0.000244 0.000003 -16.188156 6.804742 -9.244875 -9.642908 -0.863990 1.189057 -9.818768 0.108359 1.013965 0.000675 -0.000053 0.000016 -15.384752 -8.776903 -8.632388 -10.637160 1.781374 -1.593551 -10.866896 -0.149390 -1.249612 -0.000596 0.000004 -0.000009 -13.893788 -25.320210 -10.512782 -10.529293 3.415806 -4.537211 -10.529179 -0.464764 -3.846838 -0.000790 0.000001 -0.000048 0.000000 0.000000 0.000000 0.000000 0.000000 0.000000 -12.773266 -2.884285 5.601116 -0.353531 -0.996099 23.721800 6.018034 -16.544031 15.226392 -1.859856 0.710751 -19.276129 0.000000 0.000000 0.000000 0.000000 0.000000 0.000000 0.000000 0.000000 0.000000 4.268819 10.941566 24.608105 0.293498 1.271768 11.191399 -2.630887 12.124105 10.370338 0.497142 -1.499376 -16.460983 0.000000 0.000000 0.000000 0.000000 0.000000 0.000000 0.000000 0.000000 0.000000 
-7.010765 86.256050 12.998853 3.471011 4.167124 -20.144129 -2.724076 0.919047 9.937608 -0.329899 0.139221 2.635672 2.003345 -1.764238 13.766173 1.472285 -0.531715 5.453563 -7.877066 6.805908 7.224939 0.824788 3.585413 -2.870323 -1.060785 0.242051 -19.141775 0.000000 0.000000 0.000000 92.822731 -0.597606 9.274774 65.049919 -20.724903 8.589425 0.225786 11.834048 22.992870 3.764094 25.338991 -3.484716 0.093601 -0.068082 44.923496 0.000012 0.000002 -0.029923 -0.000025 0.000048 -0.156829 0.000015 0.000011 -0.000028 14.692719 17.236628 -7.464932 12.432291 -0.563068 -3.062658 12.499314 0.419100 -2.884729 -0.000002 -0.000007 -0.000009 14.549105 7.123360 -8.197221 11.710882 -0.829770 -1.207078 11.609605 0.138417 -1.022191 -0.000016 0.000012 0.000030 17.191059 -9.060468 -8.190593 11.610507 1.769930 1.598988 11.535861 -0.168521 1.236562 0.000001 0.001294 0.000018 19.893246 -25.594040 -9.749470 10.348664 3.392719 4.287747 10.209574 -0.504757 3.584498 -0.000809 0.000012 -0.000001 0.000000 0.000000 0.000000 0.000000 0.000000 0.000000 -92.726059 0.797304 13.229630 -55.252548 42.685982 4.001222 -1.523348 -12.291508 36.287937 -9.442690 -11.618461 -14.575006 -0.372110 0.181071 44.692535 -0.000003 0.000022 -0.917799 -0.000018 -0.000020 -0.697525 -0.000368 -0.000038 -0.000950 -18.538931 16.502735 -8.029480 -10.024195 -0.623590 3.032646 -10.023717 0.353808 2.836746 0.000043 0.000225 0.000002 -16.205334 6.801817 -9.263921 -9.639265 -0.864063 1.187776 -9.808857 0.108067 1.012607 0.000652 -0.000053 0.000017 -15.368517 -8.774965 -8.641606 -10.616494 1.781811 -1.590545 -10.844051 -0.148876 -1.247060 -0.000591 0.000004 -0.000009 -13.848159 -25.314762 -10.518704 -10.496298 3.416387 -4.522223 -10.504110 -0.463176 -3.835156 -0.000796 0.000000 -0.000048 0.000000 0.000000 0.000000 0.000000 0.000000 0.000000 -12.294258 -2.886743 6.006039 -0.344249 -0.982921 23.471863 5.817006 -16.556351 15.118474 -1.834773 0.725127 -19.231588 0.000000 0.000000 0.000000 0.000000 0.000000 0.000000 0.000000 0.000000 0.000000 4.744343 10.765660 24.716063 0.299910 1.292513 11.264204 -2.947617 11.978422 10.369737 0.536574 -1.513382 -16.458906 0.000000 0.000000 0.000000 0.000000 0.000000 0.000000 0.000000 0.000000 0.000000 
-7.383645 86.285240 13.226826 3.280796 4.322501 -20.202139 -2.601176 0.889560 9.990905 -0.340632 0.141116 2.617215 2.137481 -1.864515 13.780420 1.524789 -0.546800 5.474163 -7.819533 6.767696 7.235235 0.809656 3.582346 -2.836391 -1.080203 0.237250 -19.147209 0.000000 0.000000 0.000000 92.831558 -0.587529 9.243568 64.997574 -20.623222 8.533256 0.230471 11.766665 22.887321 3.737105 25.388006 -3.623983 0.090862 -0.066930 44.925209 0.000012 0.000002 -0.027490 -0.000025 0.000048 -0.150976 0.000016 0.000011 -0.000028 14.627307 17.236271 -7.541287 12.402858 -0.562402 -3.062263 12.474980 0.419482 -2.883816 -0.000001 -0.000008 -0.000009 14.494469 7.122512 -8.262338 11.684180 -0.829816 -1.207006 11.579852 0.138537 -1.021446 -0.000015 0.000010 0.000030 17.135696 -9.059261 -8.251719 11.577202 1.769646 1.597065 11.502437 -0.168598 1.235818 0.000001 0.001340 0.000018 19.840393 -25.584929 -9.821795 10.308624 3.392215 4.281088 10.174066 -0.504441 3.580359 -0.000809 0.000012 -0.000001 0.000000 0.000000 0.000000 0.000000 0.000000 0.000000 -92.734711 0.800838 13.222562 -55.328381 42.742260 4.097779 -1.497605 -12.249731 36.206314 -9.403628 -11.591731 -14.561172 -0.380323 0.181436 44.689232 -0.000004 0.000022 -0.943672 -0.000021 -0.000020 -0.711746 -0.000385 -0.000039 -0.000917 -18.556667 16.495924 -8.055589 -10.029227 -0.624066 3.030965 -10.026253 0.353389 2.834871 0.000042 0.000200 0.000002 -16.223358 6.798888 -9.280048 -9.636759 -0.864142 1.186418 -9.800170 0.107757 1.011190 0.000630 -0.000053 0.000018 -15.352982 -8.773056 -8.650979 -10.596655 1.782266 -1.587473 -10.822430 -0.148345 -1.244466 -0.000590 0.000004 -0.000009 -13.802760 -25.309309 -10.526312 -10.464565 3.417084 -4.506957 -10.479880 -0.461498 -3.823202 -0.000801 0.000000 -0.000048 0.000000 0.000000 0.000000 0.000000 0.000000 0.000000 -11.812822 -2.895820 6.411191 -0.334788 -0.968722 23.218355 5.612926 -16.574965 15.013849 -1.809877 0.738342 -19.183611 0.000000 0.000000 0.000000 0.000000 0.000000 0.000000 0.000000 0.000000 0.000000 5.220654 10.587543 24.806335 0.306590 1.312804 11.358832 -3.260572 11.838251 10.368610 0.575099 -1.526507 -16.458513 0.000000 0.000000 0.000000 0.000000 0.000000 0.000000 0.000000 0.000000 0.000000 
-7.754231 86.312355 13.454614 3.087011 4.482531 -20.258560 -2.476161 0.858878 10.041325 -0.349880 0.142562 2.599178 2.270683 -1.964313 13.793018 1.577281 -0.561322 5.495054 -7.756970 6.723066 7.247687 0.793678 3.572554 -2.802368 -1.097475 0.232502 -19.153046 0.000000 0.000000 0.000000 92.842461 -0.577615 9.213326 64.931816 -20.521467 8.486943 0.235143 11.695602 22.789330 3.713674 25.436644 -3.761536 0.087834 -0.065746 44.926933 0.000012 0.000002 -0.024791 -0.000025 0.000048 -0.144991 0.000016 0.000011 -0.000028 14.563912 17.235518 -7.617404 12.373503 -0.561878 -3.061491 12.450432 0.419761 -2.882538 -0.000001 -0.000008 -0.000009 14.441439 7.121538 -8.327703 11.657240 -0.829905 -1.206729 11.550140 0.138611 -1.020542 -0.000015 0.000008 0.000029 17.080595 -9.058052 -8.314029 11.544030 1.769464 1.594881 11.468891 -0.168618 1.234894 0.000001 0.001382 0.000019 19.785997 -25.576513 -9.896221 10.268746 3.392036 4.273628 10.138698 -0.503841 3.575709 -0.000809 0.000012 -0.000001 0.000000 0.000000 0.000000 0.000000 0.000000 0.000000 -92.743484 0.805209 13.217422 -55.390388 42.794842 4.207713 -1.471588 -12.211313 36.122353 -9.362035 -11.560481 -14.548068 -0.387977 0.181727 44.686192 -0.000004 0.000022 -0.967981 -0.000025 -0.000020 -0.725097 -0.000399 -0.000039 -0.000887 -18.574844 16.489117 -8.076825 -10.035626 -0.624576 3.029115 -10.029922 0.352938 2.832856 0.000042 0.000168 0.000002 -16.241825 6.796004 -9.293739 -9.635203 -0.864232 1.184982 -9.792599 0.107428 1.009717 0.000610 -0.000053 0.000018 -15.337651 -8.771223 -8.660753 -10.577419 1.782743 -1.584331 -10.801826 -0.147797 -1.241824 -0.000592 0.000004 -0.000009 -13.757081 -25.303968 -10.535697 -10.433820 3.417923 -4.491388 -10.456264 -0.459724 -3.810959 -0.000807 -0.000000 -0.000049 0.000000 0.000000 0.000000 0.000000 0.000000 0.000000 -11.330435 -2.911863 6.814983 -0.325185 -0.953551 22.962685 5.406360 -16.600521 14.912067 -1.785205 0.750382 -19.132481 0.000000 0.000000 0.000000 0.000000 0.000000 0.000000 0.000000 0.000000 0.000000 5.696743 10.407300 24.877333 0.313543 1.332575 11.475657 -3.569487 11.702515 10.367618 0.612643 -1.538671 -16.460155 0.000000 0.000000 0.000000 0.000000 0.000000 0.000000 0.000000 0.000000 0.000000 
-8.122087 86.337296 13.681679 2.890503 4.648342 -20.312651 -2.349637 0.827090 10.088609 -0.357417 0.143501 2.581977 2.402059 -2.063255 13.803493 1.629539 -0.575373 5.515994 -7.689764 6.672425 7.262719 0.776750 3.556174 -2.768139 -1.112586 0.227896 -19.159422 0.000000 0.000000 0.000000 92.855591 -0.568060 9.183987 64.853256 -20.420095 8.450574 0.239884 11.621715 22.698875 3.694427 25.484861 -3.897250 0.084531 -0.064542 44.928665 0.000012 0.000002 -0.021867 -0.000025 0.000048 -0.138891 0.000016 0.000011 -0.000028 14.502803 17.234310 -7.693578 12.344230 -0.561518 -3.060309 12.425630 0.419911 -2.880867 -0.000001 -0.000008 -0.000009 14.390557 7.120401 -8.393475 11.630108 -0.830042 -1.206237 11.520510 0.138633 -1.019476 -0.000015 0.000005 0.000029 17.027020 -9.056753 -8.377584 11.511250 1.769390 1.592431 11.435486 -0.168573 1.233783 0.000001 0.001421 0.000019 19.731712 -25.568575 -9.972591 10.229460 3.392202 4.265388 10.103887 -0.502942 3.570560 -0.000809 0.000012 -0.000002 0.000000 0.000000 0.000000 0.000000 0.000000 0.000000 -92.752335 0.810270 13.214127 -55.438049 42.843727 4.331191 -1.445358 -12.176013 36.035732 -9.317276 -11.525748 -14.537006 -0.395102 0.181944 44.683407 -0.000004 0.000023 -0.990755 -0.000029 -0.000020 -0.737657 -0.000411 -0.000039 -0.000858 -18.593410 16.482388 -8.093740 -10.043435 -0.625119 3.027146 -10.034820 0.352458 2.830734 0.000041 0.000131 0.000002 -16.260654 6.793202 -9.305354 -9.634625 -0.864335 1.183484 -9.786231 0.107083 1.008197 0.000594 -0.000053 0.000019 -15.322396 -8.769500 -8.671022 -10.558770 1.783244 -1.581129 -10.782232 -0.147233 -1.239143 -0.000597 0.000004 -0.000009 -13.711015 -25.298807 -10.546743 -10.403949 3.418910 -4.475560 -10.433206 -0.457862 -3.798470 -0.000813 -0.000001 -0.000049 0.000000 0.000000 0.000000 0.000000 0.000000 0.000000 -10.848565 -2.935115 7.215699 -0.315482 -0.937471 22.706329 5.197948 -16.633417 14.812702 -1.760785 0.761248 -19.078474 0.000000 0.000000 0.000000 0.000000 0.000000 0.000000 0.000000 0.000000 0.000000 6.171561 10.225217 24.927872 0.320762 1.351763 11.614525 -3.874047 11.570409 10.367432 0.649155 -1.549813 -16.463999 0.000000 0.000000 0.000000 0.000000 0.000000 0.000000 0.000000 0.000000 0.000000 
