HIERARCHY
ROOT Hips
{
	OFFSET -0.265452 88.605217 4.257980
	CHANNELS 6 Xposition Yposition Zposition Zrotation Yrotation Xrotation 
	JOINT Spine
	{
		OFFSET 0.000000 8.814246 -2.080107
		CHANNELS 3 Zrotation Yrotation Xrotation
		JOINT Spine1
		{
			OFFSET 0.000000 8.844141 0.000000
			CHANNELS 3 Zrotation Yrotation Xrotation
			JOINT Spine2
			{
				OFFSET 0.000000 11.682268 -0.000000
				CHANNELS 3 Zrotation Yrotation Xrotation
				JOINT Spine3
				{
					OFFSET -0.000000 11.746700 -0.000000
					CHANNELS 3 Zrotation Yrotation Xrotation
					JOINT Neck
					{
						OFFSET -0.000000 17.658264 -0.000000
						CHANNELS 3 Zrotation Yrotation Xrotation
						JOINT Neck1
						{
							OFFSET 0.000000 5.101515 0.000000
							CHANNELS 3 Zrotation Yrotation Xrotation
							JOINT Head
							{
								OFFSET 0.000000 5.101515 0.000000
								CHANNELS 3 Zrotation Yrotation Xrotation
								JOINT HeadEnd
								{
									OFFSET 0.000000 11.655085 0.000000
									CHANNELS 3 Zrotation Yrotation Xrotation
									End Site
									{
										OFFSET 0.000000 0.000000 0.000000
									}
								}
							}
						}
					}
					JOINT RightShoulder
					{
						OFFSET -2.625389 11.175210 0.000000
						CHANNELS 3 Zrotation Yrotation Xrotation
						JOINT RightArm
						{
							OFFSET 0.000000 10.434715 0.000000
							CHANNELS 3 Zrotation Yrotation Xrotation
							JOINT RightForeArm
							{
								OFFSET 0.000000 29.628420 -0.000000
								CHANNELS 3 Zrotation Yrotation Xrotation
								JOINT RightHand
								{
									OFFSET -0.000000 22.857611 0.000000
									CHANNELS 3 Zrotation Yrotation Xrotation
									JOINT RightHandThumb1
									{
										OFFSET -2.867323 3.959563 2.944291
										CHANNELS 3 Zrotation Yrotation Xrotation
										JOINT RightHandThumb2
										{
											OFFSET -0.000000 3.350399 0.000000
											CHANNELS 3 Zrotation Yrotation Xrotation
											JOINT RightHandThumb3
											{
												OFFSET -0.000000 3.756509 0.000000
												CHANNELS 3 Zrotation Yrotation Xrotation
												JOINT RightHandThumb4
												{
													OFFSET 0.000000 3.147345 -0.000000
													CHANNELS 3 Zrotation Yrotation Xrotation
													End Site
													{
														OFFSET 0.000000 0.000000 0.000000
													}
												}
											}
										}
									}
									JOINT RightHandIndex1
									{
										OFFSET -0.086752 10.030893 2.345280
										CHANNELS 3 Zrotation Yrotation Xrotation
										JOINT RightHandIndex2
										{
											OFFSET 0.000000 4.061090 -0.000000
											CHANNELS 3 Zrotation Yrotation Xrotation
											JOINT RightHandIndex3
											{
												OFFSET 0.000000 3.248873 0.000000
												CHANNELS 3 Zrotation Yrotation Xrotation
												JOINT RightHandIndex4
												{
													OFFSET 0.000000 2.639709 -0.000000
													CHANNELS 3 Zrotation Yrotation Xrotation
													End Site
													{
														OFFSET 0.000000 0.000000 0.000000
													}
												}
											}
										}
									}
									JOINT RightHandMiddle1
									{
										OFFSET 0.104102 9.502952 0.006768
										CHANNELS 3 Zrotation Yrotation Xrotation
										JOINT RightHandMiddle2
										{
											OFFSET -0.000000 4.568727 0.000000
											CHANNELS 3 Zrotation Yrotation Xrotation
											JOINT RightHandMiddle3
											{
												OFFSET 0.000000 3.654981 -0.000000
												CHANNELS 3 Zrotation Yrotation Xrotation
												JOINT RightHandMiddle4
												{
													OFFSET 0.000000 2.741236 0.000000
													CHANNELS 3 Zrotation Yrotation Xrotation
													End Site
													{
														OFFSET 0.000000 0.000000 0.000000
													}
												}
											}
										}
									}
									JOINT RightHandRing1
									{
										OFFSET 0.086752 8.921708 -2.267442
										CHANNELS 3 Zrotation Yrotation Xrotation
										JOINT RightHandRing2
										{
											OFFSET 0.000000 4.061090 -0.000000
											CHANNELS 3 Zrotation Yrotation Xrotation
											JOINT RightHandRing3
											{
												OFFSET 0.000000 3.654981 -0.000000
												CHANNELS 3 Zrotation Yrotation Xrotation
												JOINT RightHandRing4
												{
													OFFSET 0.000000 2.741236 -0.000000
													CHANNELS 3 Zrotation Yrotation Xrotation
													End Site
													{
														OFFSET 0.000000 0.000000 0.000000
													}
												}
											}
										}
									}
									JOINT RightHandPinky1
									{
										OFFSET -0.173504 7.976997 -4.467199
										CHANNELS 3 Zrotation Yrotation Xrotation
										JOINT RightHandPinky2
										{
											OFFSET 0.000000 3.350399 -0.000000
											CHANNELS 3 Zrotation Yrotation Xrotation
											JOINT RightHandPinky3
											{
												OFFSET -0.000000 2.842763 -0.000000
												CHANNELS 3 Zrotation Yrotation Xrotation
												JOINT RightHandPinky4
												{
													OFFSET 0.000000 2.639709 -0.000000
													CHANNELS 3 Zrotation Yrotation Xrotation
													End Site
													{
														OFFSET 0.000000 0.000000 0.000000
													}
												}
											}
										}
									}
									JOINT RightForeArmEnd
									{
										OFFSET 0.000000 0.000000 0.000000
										CHANNELS 3 Zrotation Yrotation Xrotation
										End Site
										{
											OFFSET 0.000000 0.000000 0.000000
										}
									}
								}
								JOINT RightArmEnd
								{
									OFFSET 0.000000 0.000000 0.000000
									CHANNELS 3 Zrotation Yrotation Xrotation
									End Site
									{
										OFFSET 0.000000 0.000000 0.000000
									}
								}
							}
						}
					}
					JOINT LeftShoulder
					{
						OFFSET 2.625389 11.175210 0.000000
						CHANNELS 3 Zrotation Yrotation Xrotation
						JOINT LeftArm
						{
							OFFSET 0.000000 10.813635 -0.000000
							CHANNELS 3 Zrotation Yrotation Xrotation
							JOINT LeftForeArm
							{
								OFFSET 0.000000 28.724781 -0.000000
								CHANNELS 3 Zrotation Yrotation Xrotation
								JOINT LeftHand
								{
									OFFSET 0.644384 25.716167 -0.328871
									CHANNELS 3 Zrotation Yrotation Xrotation
									JOINT LeftHandThumb1
									{
										OFFSET 2.867323 3.959563 2.944291
										CHANNELS 3 Zrotation Yrotation Xrotation
										JOINT LeftHandThumb2
										{
											OFFSET -0.000000 3.350399 0.000000
											CHANNELS 3 Zrotation Yrotation Xrotation
											JOINT LeftHandThumb3
											{
												OFFSET 0.000000 3.756509 0.000000
												CHANNELS 3 Zrotation Yrotation Xrotation
												JOINT LeftHandThumb4
												{
													OFFSET 0.000000 3.100000 0.000000
													CHANNELS 3 Zrotation Yrotation Xrotation
													End Site
													{
														OFFSET 0.000000 0.000000 0.000000
													}
												}
											}
										}
									}
									JOINT LeftHandIndex1
									{
										OFFSET 0.086752 10.030893 2.345280
										CHANNELS 3 Zrotation Yrotation Xrotation
										JOINT LeftHandIndex2
										{
											OFFSET -0.000000 4.061090 -0.000000
											CHANNELS 3 Zrotation Yrotation Xrotation
											JOINT LeftHandIndex3
											{
												OFFSET 0.000000 3.248873 0.000000
												CHANNELS 3 Zrotation Yrotation Xrotation
												JOINT LeftHandIndex4
												{
													OFFSET 0.000000 2.639709 0.000000
													CHANNELS 3 Zrotation Yrotation Xrotation
													End Site
													{
														OFFSET 0.000000 0.000000 0.000000
													}
												}
											}
										}
									}
									JOINT LeftHandMiddle1
									{
										OFFSET -0.104102 9.502952 0.006768
										CHANNELS 3 Zrotation Yrotation Xrotation
										JOINT LeftHandMiddle2
										{
											OFFSET -0.000000 4.568727 -0.000000
											CHANNELS 3 Zrotation Yrotation Xrotation
											JOINT LeftHandMiddle3
											{
												OFFSET 0.000000 3.654981 0.000000
												CHANNELS 3 Zrotation Yrotation Xrotation
												JOINT LeftHandMiddle4
												{
													OFFSET 0.000000 2.741236 -0.000000
													CHANNELS 3 Zrotation Yrotation Xrotation
													End Site
													{
														OFFSET 0.000000 0.000000 0.000000
													}
												}
											}
										}
									}
									JOINT LeftHandRing1
									{
										OFFSET -0.086752 8.921708 -2.267442
										CHANNELS 3 Zrotation Yrotation Xrotation
										JOINT LeftHandRing2
										{
											OFFSET -0.000000 4.061090 0.000000
											CHANNELS 3 Zrotation Yrotation Xrotation
											JOINT LeftHandRing3
											{
												OFFSET 0.000000 3.654981 0.000000
												CHANNELS 3 Zrotation Yrotation Xrotation
												JOINT LeftHandRing4
												{
													OFFSET -0.000000 2.741236 -0.000000
													CHANNELS 3 Zrotation Yrotation Xrotation
													End Site
													{
														OFFSET 0.000000 0.000000 0.000000
													}
												}
											}
										}
									}
									JOINT LeftHandPinky1
									{
										OFFSET 0.173504 7.976997 -4.467199
										CHANNELS 3 Zrotation Yrotation Xrotation
										JOINT LeftHandPinky2
										{
											OFFSET 0.000000 3.350399 0.000000
											CHANNELS 3 Zrotation Yrotation Xrotation
											JOINT LeftHandPinky3
											{
												OFFSET -0.000000 2.842763 0.000000
												CHANNELS 3 Zrotation Yrotation Xrotation
												JOINT LeftHandPinky4
												{
													OFFSET -0.000000 2.639709 -0.000000
													CHANNELS 3 Zrotation Yrotation Xrotation
													End Site
													{
														OFFSET 0.000000 0.000000 0.000000
													}
												}
											}
										}
									}
									JOINT LeftForeArmEnd
									{
										OFFSET 0.000000 0.000000 0.000000
										CHANNELS 3 Zrotation Yrotation Xrotation
										End Site
										{
											OFFSET 0.000000 0.000000 0.000000
										}
									}
								}
								JOINT LeftArmEnd
								{
									OFFSET 0.000000 0.000000 0.000000
									CHANNELS 3 Zrotation Yrotation Xrotation
									End Site
									{
										OFFSET 0.000000 0.000000 0.000000
									}
								}
							}
						}
					}
				}
			}
		}
	}
	JOINT RightUpLeg
	{
		OFFSET -11.289943 0.000000 -0.000000
		CHANNELS 3 Zrotation Yrotation Xrotation
		JOINT RightLeg
		{
			OFFSET 0.000000 -38.200325 0.000000
			CHANNELS 3 Zrotation Yrotation Xrotation
			JOINT RightFoot
			{
				OFFSET -0.000000 -39.900856 -0.000000
				CHANNELS 3 Zrotation Yrotation Xrotation
				JOINT RightToeBase
				{
					OFFSET -0.000000 -0.000000 15.261641
					CHANNELS 3 Zrotation Yrotation Xrotation
					JOINT RightToeBaseEnd
					{
						OFFSET -0.000000 0.000000 7.370709
						CHANNELS 3 Zrotation Yrotation Xrotation
						End Site
						{
							OFFSET 0.000000 0.000000 0.000000
						}
					}
				}
				JOINT RightLegEnd
				{
					OFFSET 0.000000 0.000000 0.000000
					CHANNELS 3 Zrotation Yrotation Xrotation
					End Site
					{
						OFFSET 0.000000 0.000000 0.000000
					}
				}
			}
			JOINT RightUpLegEnd
			{
				OFFSET 0.000000 0.000000 0.000000
				CHANNELS 3 Zrotation Yrotation Xrotation
				End Site
				{
					OFFSET 0.000000 0.000000 0.000000
				}
			}
		}
	}
	JOINT LeftUpLeg
	{
		OFFSET 11.315661 0.000000 0.000000
		CHANNELS 3 Zrotation Yrotation Xrotation
		JOINT LeftLeg
		{
			OFFSET -0.000000 -38.200325 -0.000000
			CHANNELS 3 Zrotation Yrotation Xrotation
			JOINT LeftFoot
			{
				OFFSET -0.000000 -39.900856 -0.000000
				CHANNELS 3 Zrotation Yrotation Xrotation
				JOINT LeftToeBase
				{
					OFFSET -0.000000 0.000000 15.261641
					CHANNELS 3 Zrotation Yrotation Xrotation
					JOINT LeftToeBaseEnd
					{
						OFFSET 0.000000 0.000000 7.539996
						CHANNELS 3 Zrotation Yrotation Xrotation
						End Site
						{
							OFFSET 0.000000 0.000000 0.000000
						}
					}
				}
				JOINT LeftLegEnd
				{
					OFFSET 0.000000 0.000000 0.000000
					CHANNELS 3 Zrotation Yrotation Xrotation
					End Site
					{
						OFFSET 0.000000 0.000000 0.000000
					}
				}
			}
			JOINT LeftUpLegEnd
			{
				OFFSET 0.000000 0.000000 0.000000
				CHANNELS 3 Zrotation Yrotation Xrotation
				End Site
				{
					OFFSET 0.000000 0.000000 0.000000
				}
			}
		}
	}
}
MOTION
Frames: 440
Frame Time: 0.016667
-0.265452 88.605217 4.257980 -0.454245 -0.083215 -10.380910 0.275446 0.324051 7.612736 -0.543995 0.017919 1.807423 -0.029217 -1.350203 4.745526 -0.268916 -0.358599 2.789710 4.507185 -3.326365 5.496028 -0.371681 -1.949736 -3.519749 0.289243 -0.863606 -20.550581 0.000000 0.000000 0.000000 92.932419 -0.490264 9.871702 66.089867 -38.154816 6.438686 -0.234485 12.358835 21.715240 6.547370 14.649137 -5.523863 11.835789 -1.931521 39.346298 0.000000 0.000000 -28.799997 0.000000 0.000000 -20.000000 0.000000 0.000000 0.000000 19.263674 0.000000 -7.704475 13.484571 0.000000 0.000000 13.484571 0.000000 0.000000 0.000000 0.000000 0.000000 18.086290 0.000000 -9.065624 12.660404 0.000000 0.000000 12.660404 0.000000 0.000000 0.000000 0.000000 0.000000 19.435028 -0.000000 -9.077546 13.604520 0.000000 0.000000 13.604520 0.000000 0.000000 0.000000 0.000000 0.000000 19.814247 -0.000000 -10.566168 13.869969 0.000000 0.000000 13.869969 0.000000 0.000000 0.000000 0.000000 0.000000 0.000000 0.000000 0.000000 0.000000 0.000000 0.000000 -90.636360 0.078010 5.095915 -73.781784 21.095537 -7.668812 -0.760107 -7.093397 39.224567 -3.071939 -23.757849 -15.779433 -11.536110 1.910869 39.476406 0.000000 0.000000 -28.080000 0.000000 0.000000 -19.500000 0.000000 0.000000 0.000000 -17.372934 -0.000000 -5.123695 -12.161054 0.000000 0.000000 -12.161054 0.000000 0.000000 0.000000 0.000000 0.000000 -15.255083 0.000000 -6.966299 -10.678558 0.000000 0.000000 -10.678558 0.000000 0.000000 0.000000 0.000000 0.000000 -13.557843 -0.000000 -8.428561 -9.490490 0.000000 0.000000 -9.490490 0.000000 0.000000 0.000000 0.000000 0.000000 -10.746605 0.000000 -9.285199 -7.522625 0.000000 0.000000 -7.522625 0.000000 0.000000 0.000000 0.000000 0.000000 0.000000 0.000000 0.000000 0.000000 0.000000 0.000000 -1.117111 -8.829633 14.404868 -0.065786 -0.723689 5.274984 -1.313925 -8.138850 18.180826 -0.878597 1.025824 -18.473783 0.000000 0.000000 0.000000 0.000000 0.000000 0.000000 0.000000 0.000000 0.000000 0.589655 -3.811190 10.205116 0.096964 0.525944 11.104564 1.998651 2.876804 14.916826 0.695778 -0.550184 -19.624710 0.000000 0.000000 0.000000 0.000000 0.000000 0.000000 0.000000 0.000000 0.000000 
-0.154564 88.543144 4.242389 -0.828585 -0.084359 -11.298569 1.018345 -0.087265 7.777042 -0.580312 0.081291 3.258995 0.098897 -0.982117 5.122364 -0.967863 -0.116316 3.975167 4.472499 -2.085681 3.444536 0.160342 -0.512216 -3.741126 0.187902 -0.516783 -18.799955 0.000000 0.000000 0.000000 93.205513 -0.740304 10.372242 64.925186 -36.951672 7.742574 -0.239165 13.471548 22.378096 6.113676 11.592646 -6.650789 11.054121 -1.874002 39.675945 -0.000016 0.000025 -27.161905 0.000017 0.000043 -18.805689 0.000003 -0.000005 -0.000028 17.937704 0.032953 -7.622280 12.439384 -0.024665 -0.059721 12.617262 -0.008529 -0.054108 -0.000036 0.000026 -0.000020 17.090237 0.013658 -9.046996 11.665127 -0.016970 -0.011166 11.778526 -0.005501 -0.009838 0.000022 0.000016 0.000004 18.844818 -0.041001 -8.816861 12.735428 0.028221 0.053565 12.717786 -0.002700 0.038578 -0.000010 0.000555 0.000009 19.245670 -0.072400 -10.231192 12.926951 0.006666 0.322250 12.845180 -0.044299 0.246634 0.000074 -0.000004 0.000048 0.000000 0.000000 0.000000 0.000000 0.000000 0.000000 -88.959358 0.222789 6.003588 -73.189804 23.353638 -6.904132 -0.767162 -9.799146 41.460552 -3.948913 -26.740381 -14.257700 -9.830420 1.701992 40.289974 0.000010 0.000017 -23.830976 -0.000069 -0.000025 -16.536224 -0.000705 -0.000005 -0.000157 -11.841049 0.055380 -4.690073 -8.625520 -0.035116 -0.059525 -8.923816 0.002466 -0.065977 0.000007 0.000262 -0.000001 -11.021154 0.034244 -7.001717 -7.930123 -0.019639 -0.028405 -7.595170 0.000384 -0.027583 0.000473 -0.000045 -0.000070 -10.828447 -0.015576 -9.460154 -7.429134 0.039573 0.053268 -7.221990 0.005727 0.042630 0.000595 0.000014 0.000006 -9.398405 -0.013857 -12.030227 -6.668387 0.083404 0.300389 -6.706047 0.019460 0.197845 0.000179 -0.000007 -0.000032 0.000000 0.000000 0.000000 0.000000 0.000000 0.000000 -1.938458 -8.498781 13.911876 -0.131299 -0.817460 7.273320 -1.052017 -8.224304 17.832172 -0.922917 1.048475 -18.605339 0.000000 0.000000 0.000000 0.000000 0.000000 0.000000 0.000000 0.000000 0.000000 0.318541 -3.295265 9.974285 0.084741 0.435794 12.057793 2.315082 3.281516 14.998655 0.463454 -0.469094 -20.218699 0.000000 0.000000 0.000000 0.000000 0.000000 0.000000 0.000000 0.000000 0.000000 
-0.104247 88.533768 4.255078 -0.819866 0.013633 -11.267853 0.974349 -0.075149 7.836082 -0.556400 0.078772 3.250050 0.052701 -1.008111 5.215584 -0.919169 -0.140454 3.851201 4.478829 -2.092741 3.396469 0.124633 -0.565734 -3.742718 0.176139 -0.513755 -18.843916 0.000000 0.000000 0.000000 93.193138 -0.752816 10.429861 64.874077 -36.592693 7.636049 -0.226575 13.698334 22.760778 6.042403 11.974703 -6.871272 10.931223 -1.862000 39.737316 -0.000009 0.000036 -26.838913 0.000016 0.000037 -18.594522 0.000014 0.000003 -0.000039 17.032185 0.032131 -7.546204 12.083687 -0.027223 -0.047500 12.250513 -0.009093 -0.045595 -0.000013 0.000039 -0.000019 16.249205 0.013907 -9.014288 11.316231 -0.017108 -0.007402 11.423066 -0.005650 -0.006026 0.000018 0.000018 -0.000004 18.130802 -0.039675 -8.885295 12.387346 0.027186 0.049735 12.364436 -0.004131 0.034708 -0.000016 0.000630 -0.000002 18.732477 -0.071773 -10.400640 12.634219 0.005147 0.334249 12.546701 -0.048579 0.249514 0.000120 0.000006 0.000042 0.000000 0.000000 0.000000 0.000000 0.000000 0.000000 -88.828415 0.166649 6.003753 -73.360725 22.881983 -6.918382 -0.755385 -9.795732 41.570366 -3.059915 -26.838198 -14.866476 -9.497282 1.664823 40.441341 0.000020 0.000021 -23.016977 -0.000063 -0.000016 -15.969162 -0.000768 0.000005 0.000139 -9.872095 0.058837 -4.223656 -7.770183 -0.038668 -0.099569 -8.082412 -0.001013 -0.108168 0.000019 0.000228 0.000006 -9.212370 0.033809 -6.723062 -7.099522 -0.021434 -0.046243 -6.768473 -0.001032 -0.041177 0.000545 -0.000043 -0.000078 -9.289399 -0.012738 -9.395603 -6.648283 0.041925 0.073874 -6.438378 0.007459 0.057623 0.000420 0.000015 0.000011 -8.194451 -0.003411 -12.226235 -5.996326 0.087903 0.347646 -6.024986 0.022094 0.235310 0.000145 0.000007 -0.000045 0.000000 0.000000 0.000000 0.000000 0.000000 0.000000 -2.021847 -8.549473 14.008101 -0.127072 -0.814841 7.207981 -0.976116 -8.199298 17.770161 -0.911214 1.052307 -18.641491 0.000000 0.000000 0.000000 0.000000 0.000000 0.000000 0.000000 0.000000 0.000000 0.354632 -3.292806 10.087313 0.081917 0.435809 11.854739 2.272351 2.981257 15.036325 0.471923 -0.485636 -20.246174 0.000000 0.000000 0.000000 0.000000 0.000000 0.000000 0.000000 0.000000 0.000000 
-0.052520 88.522575 4.265300 -0.787897 0.103273 -11.212960 0.923607 -0.062597 7.881194 -0.558105 0.080876 3.195306 0.021620 -1.045350 5.267322 -0.883038 -0.161147 3.780866 4.475621 -2.120361 3.310850 0.086138 -0.598010 -3.778177 0.174506 -0.494859 -18.886093 0.000000 0.000000 0.000000 93.175850 -0.771572 10.424894 64.936684 -36.293404 7.379281 -0.215033 13.940533 23.229876 6.041616 12.176416 -7.099559 10.795813 -1.844111 39.808189 -0.000003 0.000036 -26.484198 0.000012 0.000039 -18.354168 0.000013 0.000003 -0.000038 16.172014 0.027838 -7.431478 11.770590 -0.017908 -0.066723 11.928566 0.001746 -0.065933 -0.000010 0.000038 -0.000021 15.448302 0.013605 -8.951786 11.009737 -0.012693 -0.016029 11.118252 -0.002013 -0.012762 0.000017 0.000024 -0.000001 17.414419 -0.038012 -8.923769 12.068139 0.018614 0.060379 12.053093 -0.010255 0.042658 -0.000014 0.000607 -0.000000 18.147480 -0.068860 -10.558499 12.341484 -0.014544 0.381139 12.249527 -0.065841 0.282696 0.000129 0.000005 0.000034 0.000000 0.000000 0.000000 0.000000 0.000000 0.000000 -88.643074 0.118366 5.973940 -73.584236 22.437376 -6.939820 -0.776316 -9.910947 41.682667 -2.514700 -26.712877 -15.284789 -9.056353 1.611323 40.645111 0.000018 0.000022 -21.945742 -0.000067 -0.000017 -15.233189 -0.000834 0.000005 0.000345 -7.432648 0.057723 -3.522443 -6.755409 -0.037918 -0.134482 -7.072065 -0.000530 -0.145593 0.000016 0.000171 0.000005 -6.985189 0.032999 -6.271181 -6.098212 -0.021359 -0.060923 -5.770447 -0.001165 -0.052854 0.000598 -0.000044 -0.000080 -7.340387 -0.009603 -9.248466 -5.646717 0.040838 0.092472 -5.430950 0.007151 0.071270 0.000344 0.000015 0.000011 -6.603519 0.007066 -12.417019 -5.105998 0.084828 0.392483 -5.127254 0.018977 0.270711 0.000074 0.000006 -0.000045 0.000000 0.000000 0.000000 0.000000 0.000000 0.000000 -2.111763 -8.600431 14.034120 -0.124570 -0.813457 7.164348 -0.913784 -8.215958 17.700905 -0.903282 1.049890 -18.665981 0.000000 0.000000 0.000000 0.000000 0.000000 0.000000 0.000000 0.000000 0.000000 0.357870 -3.292889 10.164751 0.080161 0.433571 11.671068 2.260855 2.788023 15.072654 0.471496 -0.490904 -20.278000 0.000000 0.000000 0.000000 0.000000 0.000000 0.000000 0.000000 0.000000 0.000000 
-0.003191 88.513222 4.281786 -0.764771 0.183348 -11.175237 0.878556 -0.054315 7.913596 -0.560594 0.083539 3.159032 0.006386 -1.085027 5.280769 -0.852159 -0.172085 3.769231 4.440413 -2.112551 3.222450 0.056643 -0.590398 -3.831567 0.167023 -0.472552 -18.946030 0.000000 0.000000 0.000000 93.154854 -0.779095 10.400334 65.056839 -35.967182 7.067274 -0.195507 14.156329 23.706541 6.060500 12.264668 -7.357687 10.641891 -1.826128 39.883926 -0.000002 0.000035 -26.088696 0.000009 0.000041 -18.083403 0.000013 0.000003 -0.000038 15.289467 0.022863 -7.299339 11.396968 -0.007985 -0.094150 11.548571 0.012941 -0.093007 -0.000010 0.000036 -0.000022 14.646009 0.012565 -8.899410 10.650805 -0.008370 -0.027036 10.761526 0.001689 -0.021517 0.000017 0.000024 0.000001 16.679489 -0.036158 -8.997824 11.691838 0.010416 0.072394 11.690209 -0.015966 0.052016 -0.000012 0.000533 0.000001 17.511002 -0.066312 -10.777178 11.990465 -0.032966 0.426185 11.895488 -0.081002 0.315614 0.000129 0.000004 0.000029 0.000000 0.000000 0.000000 0.000000 0.000000 0.000000 -88.491058 0.086216 5.930161 -73.755135 22.015154 -6.983202 -0.789983 -10.126040 41.855995 -2.232448 -26.484119 -15.581985 -8.560655 1.552137 40.871418 0.000018 0.000022 -20.739674 -0.000074 -0.000018 -14.408819 -0.000910 0.000005 0.000434 -4.814745 0.054983 -2.657944 -5.626471 -0.037615 -0.168517 -5.942531 -0.000396 -0.181270 0.000014 0.000097 0.000005 -4.629101 0.031640 -5.704881 -4.994525 -0.021350 -0.074918 -4.665694 -0.001325 -0.064050 0.000643 -0.000044 -0.000079 -5.322334 -0.006706 -9.045936 -4.557859 0.039918 0.111081 -4.333027 0.007098 0.085046 0.000270 0.000015 0.000011 -4.982566 0.016530 -12.632925 -4.163117 0.081925 0.439808 -4.175068 0.016567 0.308208 0.000016 0.000006 -0.000045 0.000000 0.000000 0.000000 0.000000 0.000000 0.000000 -2.185698 -8.657468 14.053559 -0.122852 -0.811165 7.151457 -0.858080 -8.252301 17.628780 -0.898394 1.042468 -18.689114 0.000000 0.000000 0.000000 0.000000 0.000000 0.000000 0.000000 0.000000 0.000000 0.368979 -3.287186 10.206691 0.078800 0.429512 11.584157 2.278862 2.642248 15.079056 0.467913 -0.488097 -20.302397 0.000000 0.000000 0.000000 0.000000 0.000000 0.000000 0.000000 0.000000 0.000000 
0.040607 88.506355 4.308638 -0.746197 0.249336 -11.169337 0.836065 -0.047368 7.939425 -0.558894 0.086916 3.141636 -0.008810 -1.111094 5.286451 -0.821916 -0.173964 3.808181 4.398676 -2.103389 3.158723 0.036504 -0.591616 -3.878649 0.163234 -0.455416 -19.024380 0.000000 0.000000 0.000000 93.138824 -0.777912 10.366652 65.158607 -35.681080 6.794343 -0.165052 14.337775 24.144634 6.039362 12.309686 -7.662397 10.481288 -1.808863 39.960545 -0.000001 0.000034 -25.678722 0.000008 0.000042 -17.801727 0.000013 0.000003 -0.000037 14.403282 0.019762 -7.144404 10.982518 -0.001731 -0.113751 11.130374 0.020195 -0.112180 -0.000010 0.000036 -0.000021 13.849293 0.011710 -8.849298 10.254013 -0.005732 -0.034388 10.365760 0.004055 -0.027417 0.000017 0.000023 0.000002 15.950246 -0.034500 -9.095895 11.280836 0.005366 0.079191 11.290661 -0.019373 0.057481 -0.000011 0.000462 0.000001 16.879276 -0.064705 -11.031949 11.611904 -0.043439 0.452554 11.513415 -0.089479 0.333772 0.000122 0.000004 0.000026 0.000000 0.000000 0.000000 0.000000 0.000000 0.000000 -88.389305 0.068147 5.895158 -73.823257 21.689804 -7.018366 -0.794394 -10.386686 42.069801 -2.033241 -26.203634 -15.735812 -8.084020 1.493550 41.090107 0.000018 0.000022 -19.570711 -0.000081 -0.000019 -13.612281 -0.000992 0.000006 0.000477 -2.342447 0.052390 -1.766515 -4.593398 -0.038794 -0.197231 -4.905763 -0.001484 -0.211305 0.000011 0.000025 0.000004 -2.430128 0.030211 -5.101871 -3.991613 -0.021941 -0.087192 -3.660592 -0.001840 -0.073869 0.000669 -0.000044 -0.000078 -3.478107 -0.004618 -8.807647 -3.586155 0.040035 0.128493 -3.351347 0.007701 0.097957 0.000165 0.000015 0.000010 -3.540549 0.023106 -12.819740 -3.340108 0.081015 0.485748 -3.343428 0.016125 0.345227 -0.000018 0.000005 -0.000044 0.000000 0.000000 0.000000 0.000000 0.000000 0.000000 -2.254726 -8.709448 14.098313 -0.121780 -0.808067 7.161917 -0.799249 -8.304476 17.551672 -0.894034 1.033270 -18.713787 0.000000 0.000000 0.000000 0.000000 0.000000 0.000000 0.000000 0.000000 0.000000 0.374212 -3.288341 10.244335 0.078196 0.428781 11.556134 2.313683 2.497395 15.066322 0.466282 -0.487210 -20.323631 0.000000 0.000000 0.000000 0.000000 0.000000 0.000000 0.000000 0.000000 0.000000 
0.079432 88.499641 4.341636 -0.725935 0.302058 -11.185171 0.795234 -0.042001 7.958522 -0.549649 0.089303 3.134358 -0.034934 -1.116648 5.301556 -0.796412 -0.171177 3.873543 4.351346 -2.094456 3.133736 0.019124 -0.613065 -3.904474 0.166293 -0.443360 -19.113228 0.000000 0.000000 0.000000 93.117325 -0.775694 10.329324 65.238922 -35.468174 6.577521 -0.130901 14.501282 24.562454 5.935420 12.325764 -7.961191 10.307138 -1.790330 40.043213 -0.000001 0.000033 -25.236712 0.000007 0.000043 -17.497671 0.000012 0.000004 -0.000036 13.467514 0.019238 -6.953873 10.529291 0.001709 -0.123885 10.673407 0.024443 -0.122008 -0.000011 0.000035 -0.000021 12.996341 0.011564 -8.783307 9.818273 -0.004285 -0.038001 9.929345 0.005438 -0.030416 0.000017 0.000023 0.000003 15.174586 -0.033334 -9.204244 10.835453 0.002426 0.081755 10.851410 -0.021228 0.059682 -0.000010 0.000420 0.000001 16.210297 -0.064198 -11.311109 11.204798 -0.048976 0.464930 11.099920 -0.094060 0.340763 0.000109 0.000004 0.000023 0.000000 0.000000 0.000000 0.000000 0.000000 0.000000 -88.299393 0.053297 5.873261 -73.828125 21.458199 -7.038345 -0.797578 -10.632161 42.331848 -1.791873 -25.923136 -15.759508 -7.656933 1.438127 41.288822 0.000018 0.000022 -18.512926 -0.000087 -0.000019 -12.893394 -0.001069 0.000006 0.000525 -0.139794 0.051003 -0.921957 -3.764510 -0.039473 -0.212902 -4.072403 -0.002031 -0.229218 0.000009 -0.000035 0.000004 -0.479006 0.029129 -4.509428 -3.190659 -0.022428 -0.094751 -2.859286 -0.002166 -0.079834 0.000670 -0.000043 -0.000076 -1.854035 -0.003566 -8.553654 -2.816125 0.040032 0.140100 -2.572043 0.008098 0.106611 0.000046 0.000015 0.000010 -2.289110 0.026119 -12.954334 -2.686885 0.079410 0.516098 -2.686174 0.015139 0.370777 -0.000028 0.000005 -0.000044 0.000000 0.000000 0.000000 0.000000 0.000000 0.000000 -2.324136 -8.748654 14.166300 -0.121184 -0.805375 7.180229 -0.737922 -8.363191 17.468771 -0.889320 1.025454 -18.738028 0.000000 0.000000 0.000000 0.000000 0.000000 0.000000 0.000000 0.000000 0.000000 0.368650 -3.296164 10.289082 0.078597 0.432259 11.546827 2.352203 2.346987 15.047337 0.466979 -0.490511 -20.348318 0.000000 0.000000 0.000000 0.000000 0.000000 0.000000 0.000000 0.000000 0.000000 
0.115438 88.492050 4.375309 -0.702537 0.342721 -11.212099 0.753770 -0.038018 7.972878 -0.530825 0.089050 3.134659 -0.074013 -1.107080 5.323941 -0.774232 -0.167952 3.942517 4.284523 -2.072243 3.143520 -0.001210 -0.644611 -3.910755 0.172246 -0.434087 -19.205973 0.000000 0.000000 0.000000 93.087112 -0.772587 10.294941 65.309830 -35.319256 6.398288 -0.099541 14.648933 24.992043 5.749694 12.326822 -8.199689 10.108476 -1.769284 40.137058 -0.000001 0.000031 -24.735466 0.000007 0.000044 -17.152622 0.000012 0.000004 -0.000035 12.423461 0.020658 -6.713548 10.021012 0.003765 -0.127934 10.160188 0.027113 -0.125991 -0.000012 0.000034 -0.000020 12.027862 0.012030 -8.684440 9.328341 -0.003415 -0.039447 9.436529 0.006327 -0.031765 0.000017 0.000024 0.000003 14.288850 -0.032685 -9.307934 10.338684 0.000458 0.082342 10.356101 -0.022338 0.060388 -0.000009 0.000405 0.000000 15.434912 -0.064620 -11.604302 10.750409 -0.052563 0.470613 10.636739 -0.096990 0.342630 0.000096 0.000004 0.000021 0.000000 0.000000 0.000000 0.000000 0.000000 0.000000 -88.197388 0.034210 5.857804 -73.817726 21.278572 -7.051144 -0.801039 -10.828163 42.636185 -1.472860 -25.649479 -15.680092 -7.271059 1.385283 41.470566 0.000019 0.000022 -17.550356 -0.000092 -0.000020 -12.239445 -0.001130 0.000007 0.000578 1.855297 0.050788 -0.116391 -3.134162 -0.038504 -0.214362 -3.438283 -0.001070 -0.234019 0.000007 -0.000079 0.000004 1.290511 0.028486 -3.926728 -2.586135 -0.022344 -0.096915 -2.256682 -0.002004 -0.081318 0.000653 -0.000043 -0.000075 -0.379655 -0.003404 -8.283256 -2.233788 0.039115 0.144389 -1.981747 0.007799 0.109852 -0.000070 0.000015 0.000010 -1.153236 0.026374 -13.032659 -2.181316 0.075533 0.525803 -2.181046 0.012232 0.380396 -0.000017 0.000005 -0.000044 0.000000 0.000000 0.000000 0.000000 0.000000 0.000000 -2.393825 -8.776769 14.243623 -0.120816 -0.803883 7.201513 -0.679501 -8.422742 17.387068 -0.884887 1.019505 -18.761368 0.000000 0.000000 0.000000 0.000000 0.000000 0.000000 0.000000 0.000000 0.000000 0.356889 -3.301567 10.340951 0.079529 0.437190 11.543242 2.390202 2.205039 15.028434 0.467783 -0.495412 -20.379442 0.000000 0.000000 0.000000 0.000000 0.000000 0.000000 0.000000 0.000000 0.000000 
0.150964 88.483559 4.406909 -0.675404 0.371540 -11.241924 0.709588 -0.033937 7.983376 -0.502513 0.085619 3.137274 -0.125170 -1.086968 5.350059 -0.752549 -0.165622 4.002711 4.195591 -2.035896 3.172319 -0.026002 -0.678093 -3.907603 0.177205 -0.426485 -19.297159 0.000000 0.000000 0.000000 93.055611 -0.767767 10.268840 65.363441 -35.217472 6.246022 -0.073261 14.789066 25.456657 5.510515 12.361142 -8.339711 9.885924 -1.745831 40.241718 -0.000002 0.000030 -24.174192 0.000006 0.000046 -16.766680 0.000012 0.000004 -0.000034 11.259989 0.023379 -6.422629 9.448823 0.005762 -0.128798 9.582336 0.029481 -0.127054 -0.000012 0.000033 -0.000019 10.942708 0.012919 -8.545652 8.778271 -0.002626 -0.039939 8.881444 0.007132 -0.032368 0.000017 0.000024 0.000004 13.293455 -0.032499 -9.389411 9.786239 -0.001358 0.082318 9.802630 -0.023223 0.060746 -0.000008 0.000404 -0.000000 14.555855 -0.065610 -11.889568 10.247441 -0.056244 0.474045 10.123827 -0.099798 0.343069 0.000088 0.000004 0.000019 0.000000 0.000000 0.000000 0.000000 0.000000 0.000000 -88.086899 0.009903 5.846817 -73.808334 21.119034 -7.058477 -0.805458 -10.969648 42.966095 -1.067245 -25.373508 -15.519883 -6.915232 1.333641 41.640327 0.000019 0.000021 -16.657297 -0.000097 -0.000021 -11.632358 -0.001167 0.000007 0.000623 3.730431 0.051298 0.673163 -2.678004 -0.035720 -0.204138 -2.978734 0.001511 -0.227846 0.000005 -0.000103 0.000004 2.958518 0.028252 -3.342315 -2.154908 -0.021571 -0.094529 -1.829061 -0.001329 -0.079012 0.000629 -0.000042 -0.000074 1.012672 -0.003951 -7.989899 -1.813846 0.037040 0.142319 -1.555084 0.006693 0.108309 -0.000176 0.000015 0.000009 -0.076843 0.024690 -13.053206 -1.804250 0.068950 0.517314 -1.806902 0.007112 0.375551 0.000011 0.000006 -0.000044 0.000000 0.000000 0.000000 0.000000 0.000000 0.000000 -2.463087 -8.798798 14.320529 -0.120585 -0.804034 7.219007 -0.627184 -8.477252 17.313372 -0.881599 1.015281 -18.782068 0.000000 0.000000 0.000000 0.000000 0.000000 0.000000 0.000000 0.000000 0.000000 0.341184 -3.300650 10.396419 0.080490 0.441278 11.540820 2.427715 2.080704 15.012992 0.466912 -0.499743 -20.416868 0.000000 0.000000 0.000000 0.000000 0.000000 0.000000 0.000000 0.000000 0.000000 
0.187201 88.474579 4.435576 -0.644600 0.389393 -11.270348 0.664309 -0.028331 7.989464 -0.467194 0.080207 3.140978 -0.187277 -1.055315 5.377765 -0.732213 -0.162575 4.053047 4.091759 -1.992761 3.209453 -0.053374 -0.711369 -3.903429 0.179853 -0.421137 -19.385803 0.000000 0.000000 0.000000 93.027412 -0.760651 10.255089 65.388237 -35.137585 6.115934 -0.052408 14.932700 25.978779 5.249720 12.479740 -8.371238 9.641371 -1.720277 40.355904 -0.000002 0.000028 -23.556892 0.000006 0.000047 -16.342766 0.000012 0.000004 -0.000033 9.980968 0.027248 -6.077442 8.801545 0.008048 -0.126583 8.929446 0.031936 -0.125398 -0.000013 0.000033 -0.000018 9.753601 0.014147 -8.362648 8.158868 -0.001796 -0.039528 8.255357 0.007971 -0.032188 0.000016 0.000022 0.000004 12.206953 -0.032738 -9.440526 9.171551 -0.003152 0.081501 9.185893 -0.023956 0.060666 -0.000007 0.000404 -0.000001 13.601992 -0.066824 -12.158039 9.694130 -0.060222 0.475163 9.560126 -0.102720 0.341968 0.000089 0.000003 0.000017 0.000000 0.000000 0.000000 0.000000 0.000000 0.000000 -87.981117 -0.015970 5.839288 -73.785210 20.968081 -7.049068 -0.812362 -11.066347 43.306870 -0.579534 -25.101753 -15.294055 -6.580297 1.282166 41.802193 0.000020 0.000021 -15.812204 -0.000102 -0.000022 -11.057255 -0.001178 0.000008 0.000656 5.547585 0.052192 1.467969 -2.365904 -0.031718 -0.186313 -2.662547 0.005159 -0.214247 0.000004 -0.000104 0.000003 4.579053 0.028344 -2.745345 -1.866325 -0.020321 -0.089151 -1.544942 -0.000327 -0.074225 0.000611 -0.000041 -0.000075 2.366499 -0.005142 -7.671666 -1.525503 0.034101 0.135970 -1.260885 0.004995 0.103527 -0.000271 0.000015 0.000009 0.971948 0.021342 -13.023013 -1.533780 0.060373 0.496594 -1.540501 0.000422 0.360832 0.000051 0.000006 -0.000043 0.000000 0.000000 0.000000 0.000000 0.000000 0.000000 -2.531836 -8.819839 14.392840 -0.120464 -0.805864 7.228220 -0.581846 -8.520230 17.249235 -0.879608 1.012563 -18.797873 0.000000 0.000000 0.000000 0.000000 0.000000 0.000000 0.000000 0.000000 0.000000 0.319940 -3.294329 10.451344 0.081212 0.443559 11.537419 2.466914 1.978788 15.004492 0.464177 -0.502315 -20.459547 0.000000 0.000000 0.000000 0.000000 0.000000 0.000000 0.000000 0.000000 0.000000 
0.224370 88.465149 4.461102 -0.610702 0.399243 -11.296560 0.620494 -0.020586 7.991915 -0.426516 0.074091 3.148135 -0.258991 -1.009118 5.404193 -0.716430 -0.157023 4.099163 3.981023 -1.948562 3.254227 -0.080840 -0.744776 -3.899621 0.180496 -0.418914 -19.473066 0.000000 0.000000 0.000000 93.000771 -0.750577 10.255715 65.378914 -35.067215 6.002161 -0.037758 15.080705 26.576290 4.977056 12.695765 -8.312629 9.368388 -1.691710 40.482391 -0.000002 0.000027 -22.868938 0.000006 0.000048 -15.870354 0.000013 0.000004 -0.000032 8.562753 0.032343 -5.659179 8.061447 0.010106 -0.119057 8.183899 0.034048 -0.119018 -0.000014 0.000032 -0.000018 8.437468 0.015706 -8.125975 7.452278 -0.001137 -0.037259 7.540856 0.008692 -0.030398 0.000016 0.000019 0.000005 11.004995 -0.033417 -9.463103 8.475466 -0.004532 0.078380 8.487372 -0.024278 0.058991 -0.000006 0.000404 -0.000001 12.559043 -0.067976 -12.421942 9.073604 -0.063337 0.469684 8.929115 -0.104911 0.335685 0.000099 0.000003 0.000014 0.000000 0.000000 0.000000 0.000000 0.000000 0.000000 -87.887978 -0.039822 5.832842 -73.728714 20.830444 -7.016448 -0.821525 -11.132456 43.661694 -0.022759 -24.868263 -15.009676 -6.259169 1.230334 41.958836 0.000021 0.000021 -14.999660 -0.000108 -0.000023 -10.503336 -0.001169 0.000009 0.000673 7.340166 0.053359 2.285389 -2.164746 -0.027288 -0.164788 -2.455792 0.009163 -0.196763 0.000002 -0.000085 0.000003 6.181039 0.028677 -2.127017 -1.685719 -0.018907 -0.082358 -1.369237 0.000767 -0.068272 0.000603 -0.000040 -0.000079 3.710284 -0.006968 -7.331419 -1.332974 0.030817 0.127571 -1.062976 0.003049 0.097234 -0.000356 0.000015 0.000008 2.017630 0.016488 -12.956268 -1.340008 0.051077 0.470492 -1.351643 -0.006796 0.341745 0.000096 0.000007 -0.000043 0.000000 0.000000 0.000000 0.000000 0.000000 0.000000 -2.600042 -8.842270 14.458545 -0.120463 -0.809215 7.230012 -0.543143 -8.545909 17.191645 -0.878692 1.011310 -18.807632 0.000000 0.000000 0.000000 0.000000 0.000000 0.000000 0.000000 0.000000 0.000000 0.291010 -3.283812 10.501063 0.081667 0.444071 11.533790 2.509921 1.901233 15.004232 0.459999 -0.502718 -20.504946 0.000000 0.000000 0.000000 0.000000 0.000000 0.000000 0.000000 0.000000 0.000000 
0.262316 88.455009 4.483574 -0.573843 0.406064 -11.321172 0.579423 -0.010854 7.992588 -0.380642 0.067698 3.160646 -0.338164 -0.947205 5.426723 -0.708201 -0.148602 4.148415 3.869584 -1.904959 3.311872 -0.106545 -0.778057 -3.892616 0.179800 -0.420056 -19.559963 0.000000 0.000000 0.000000 92.970268 -0.737408 10.270196 65.338806 -35.011944 5.896101 -0.031043 15.223232 27.252605 4.673362 12.971355 -8.197112 9.053289 -1.658005 40.627823 -0.000002 0.000026 -22.077604 0.000006 0.000049 -15.326394 0.000013 0.000004 -0.000031 6.947068 0.038644 -5.139499 7.207470 0.011232 -0.103621 7.324314 0.035176 -0.105542 -0.000014 0.000032 -0.000017 6.931371 0.017576 -7.821824 6.636172 -0.000932 -0.032005 6.715896 0.009082 -0.026066 0.000016 0.000016 0.000005 9.616295 -0.034539 -9.463246 7.670972 -0.005052 0.071215 7.680424 -0.023900 0.054379 -0.000006 0.000407 -0.000001 11.363044 -0.068867 -12.704879 8.358249 -0.064284 0.452303 8.203537 -0.105362 0.319746 0.000116 0.000003 0.000010 0.000000 0.000000 0.000000 0.000000 0.000000 0.000000 -87.807808 -0.060098 5.825097 -73.631645 20.717781 -6.966881 -0.830327 -11.182946 44.053379 0.596270 -24.709845 -14.667856 -5.946905 1.177756 42.112015 0.000022 0.000021 -14.209777 -0.000114 -0.000024 -9.963743 -0.001154 0.000009 0.000673 9.126171 0.054799 3.136595 -2.046245 -0.022939 -0.141894 -2.329751 0.013095 -0.177691 0.000001 -0.000047 0.000003 7.780408 0.029175 -1.481821 -1.583421 -0.017534 -0.075158 -1.272291 0.001813 -0.061995 0.000607 -0.000039 -0.000085 5.065776 -0.009380 -6.973978 -1.204675 0.027585 0.118667 -0.929306 0.001109 0.090648 -0.000435 0.000015 0.000008 3.083523 0.010370 -12.867653 -1.193882 0.042073 0.444124 -1.211161 -0.013748 0.322451 0.000143 0.000007 -0.000043 0.000000 0.000000 0.000000 0.000000 0.000000 0.000000 -2.668130 -8.866176 14.516643 -0.120637 -0.813920 7.228071 -0.509948 -8.551448 17.136147 -0.878859 1.011514 -18.811852 0.000000 0.000000 0.000000 0.000000 0.000000 0.000000 0.000000 0.000000 0.000000 0.252712 -3.269343 10.541602 0.081943 0.443426 11.531318 2.557825 1.846308 15.011167 0.454588 -0.501183 -20.549192 0.000000 0.000000 0.000000 0.000000 0.000000 0.000000 0.000000 0.000000 0.000000 
0.300697 88.444008 4.503435 -0.534221 0.415484 -11.346457 0.542651 0.000253 7.993309 -0.330027 0.061423 3.180165 -0.421982 -0.869819 5.443941 -0.709330 -0.136989 4.206372 3.761112 -1.861082 3.387934 -0.129711 -0.810786 -3.878430 0.178273 -0.424340 -19.647703 0.000000 0.000000 0.000000 92.929283 -0.721310 10.297112 65.278526 -34.978970 5.791119 -0.033789 15.346807 27.996786 4.304996 13.226753 -8.064437 8.679353 -1.616350 40.800484 -0.000002 0.000024 -21.142378 0.000006 0.000050 -14.682614 0.000013 0.000005 -0.000030 5.053804 0.045979 -4.487528 6.222697 0.010981 -0.078705 6.333478 0.034905 -0.083533 -0.000014 0.000031 -0.000016 5.148138 0.019713 -7.434508 5.691901 -0.001354 -0.023075 5.761932 0.009009 -0.018618 0.000016 0.000011 0.000005 7.941929 -0.036066 -9.448246 6.732940 -0.004506 0.058872 6.739920 -0.022706 0.045933 -0.000005 0.000416 -0.000001 9.919096 -0.069347 -13.033838 7.519857 -0.062398 0.419543 7.355396 -0.103547 0.291199 0.000136 0.000003 0.000006 0.000000 0.000000 0.000000 0.000000 0.000000 0.000000 -87.738792 -0.076333 5.813559 -73.494713 20.645252 -6.911340 -0.834755 -11.228256 44.510746 1.281690 -24.629545 -14.266483 -5.639628 1.123958 42.263290 0.000023 0.000021 -13.435002 -0.000120 -0.000025 -9.433459 -0.001141 0.000010 0.000659 10.917317 0.056490 4.026496 -1.991134 -0.018789 -0.118078 -2.265072 0.016893 -0.157721 -0.000000 0.000008 0.000003 9.388267 0.029755 -0.807907 -1.539147 -0.016244 -0.067802 -1.233989 0.002792 -0.055602 0.000617 -0.000038 -0.000094 6.450654 -0.012255 -6.604654 -1.118902 0.024565 0.109754 -0.837842 -0.000738 0.084189 -0.000508 0.000015 0.000008 4.191274 0.003323 -12.769976 -1.073334 0.033766 0.419368 -1.097028 -0.020130 0.304555 0.000186 0.000007 -0.000042 0.000000 0.000000 0.000000 0.000000 0.000000 0.000000 -2.736502 -8.890331 14.567500 -0.121027 -0.819683 7.228022 -0.480829 -8.538109 17.078577 -0.880172 1.012860 -18.811235 0.000000 0.000000 0.000000 0.000000 0.000000 0.000000 0.000000 0.000000 0.000000 0.204148 -3.252389 10.572382 0.082136 0.442325 11.531182 2.610736 1.812111 15.023040 0.448241 -0.498226 -20.588276 0.000000 0.000000 0.000000 0.000000 0.000000 0.000000 0.000000 0.000000 0.000000 
0.339002 88.432076 4.521038 -0.492788 0.432105 -11.373937 0.511986 0.011981 7.995189 -0.276502 0.055957 3.206317 -0.506240 -0.779877 5.458003 -0.719418 -0.121762 4.272830 3.658430 -1.816468 3.480433 -0.150689 -0.842953 -3.857036 0.175886 -0.431251 -19.736212 0.000000 0.000000 0.000000 92.873459 -0.702682 10.333347 65.211380 -34.960907 5.683698 -0.046680 15.440411 28.793692 3.841880 13.372032 -7.948074 8.236823 -1.564580 41.005341 -0.000002 0.000023 -20.039762 0.000005 0.000050 -13.922668 0.000014 0.000005 -0.000029 2.826470 0.054060 -3.686141 5.115494 0.009471 -0.045229 5.219703 0.033351 -0.053831 -0.000015 0.000031 -0.000015 3.024175 0.022042 -6.953844 4.625875 -0.002347 -0.010772 4.685487 0.008517 -0.008313 0.000016 0.000007 0.000006 5.906570 -0.037938 -9.421953 5.660877 -0.003084 0.041567 5.665322 -0.020858 0.033768 -0.000005 0.000429 -0.000001 8.148669 -0.069388 -13.423700 6.551590 -0.058039 0.371801 6.378106 -0.099761 0.250346 0.000157 0.000003 0.000002 0.000000 0.000000 0.000000 0.000000 0.000000 0.000000 -87.678391 -0.088813 5.795825 -73.327042 20.622669 -6.859942 -0.831853 -11.273812 45.057446 2.039091 -24.595495 -13.807879 -5.336362 1.068648 42.413200 0.000025 0.000021 -12.674078 -0.000126 -0.000026 -8.912066 -0.001135 0.000010 0.000637 12.716303 0.058368 4.954140 -1.991086 -0.014618 -0.092483 -2.253783 0.020790 -0.136298 -0.000001 0.000074 0.000003 11.007327 0.030364 -0.106274 -1.544188 -0.014942 -0.059972 -1.245678 0.003782 -0.048818 0.000627 -0.000037 -0.000104 7.871000 -0.015421 -6.226192 -1.067580 0.021675 0.100438 -0.780488 -0.002566 0.077584 -0.000576 0.000014 0.000007 5.351639 -0.004321 -12.669151 -0.969243 0.025923 0.395046 -1.000473 -0.026155 0.287113 0.000223 0.000008 -0.000042 0.000000 0.000000 0.000000 0.000000 0.000000 0.000000 -2.804097 -8.912731 14.610586 -0.121627 -0.826025 7.235263 -0.454888 -8.509836 17.016832 -0.882571 1.014766 -18.806770 0.000000 0.000000 0.000000 0.000000 0.000000 0.000000 0.000000 0.000000 0.000000 0.146329 -3.236539 10.594285 0.082303 0.441236 11.534552 2.667380 1.796320 15.037516 0.441429 -0.494361 -20.619669 0.000000 0.000000 0.000000 0.000000 0.000000 0.000000 0.000000 0.000000 0.000000 
0.376134 88.419647 4.537422 -0.451319 0.458973 -11.403018 0.486099 0.023531 7.996428 -0.222004 0.050705 3.234139 -0.584506 -0.685897 5.475755 -0.734508 -0.104215 4.340765 3.568233 -1.776509 3.582685 -0.169216 -0.875993 -3.830763 0.172651 -0.439629 -19.823696 0.000000 0.000000 0.000000 92.807106 -0.682912 10.370145 65.143661 -34.944798 5.570492 -0.071337 15.492919 29.632616 3.269828 13.325564 -7.848920 7.735362 -1.503079 41.238194 -0.000002 0.000022 -18.792961 0.000005 0.000051 -13.062720 0.000014 0.000005 -0.000029 0.293265 0.062192 -2.761708 3.950881 0.007724 -0.008966 4.048877 0.031454 -0.021631 -0.000015 0.000030 -0.000015 0.584670 0.024342 -6.392260 3.501111 -0.003488 0.002693 3.550143 0.007921 0.002993 0.000017 0.000002 0.000006 3.525518 -0.040037 -9.382174 4.513601 -0.001542 0.022053 4.515976 -0.018896 0.019932 -0.000005 0.000443 -0.000000 6.054190 -0.069228 -13.860382 5.500939 -0.053022 0.316007 5.319933 -0.095453 0.202911 0.000173 0.000003 -0.000002 0.000000 0.000000 0.000000 0.000000 0.000000 0.000000 -87.624542 -0.099328 5.770924 -73.152634 20.643522 -6.829354 -0.821066 -11.322663 45.714203 2.856537 -24.547613 -13.303749 -5.037440 1.011961 42.561581 0.000026 0.000021 -11.927317 -0.000131 -0.000026 -8.400177 -0.001125 0.000011 0.000607 14.528325 0.060242 5.904721 -2.039792 -0.009856 -0.063173 -2.289880 0.025350 -0.111639 -0.000003 0.000146 0.000003 12.641745 0.030966 0.611450 -1.594114 -0.013346 -0.050790 -1.302608 0.004979 -0.040895 0.000635 -0.000036 -0.000117 9.325395 -0.018643 -5.843783 -1.052270 0.018564 0.089358 -0.758778 -0.004635 0.069750 -0.000632 0.000014 0.000007 6.560045 -0.012312 -12.567639 -0.887485 0.017621 0.366724 -0.926418 -0.032578 0.266424 0.000250 0.000008 -0.000042 0.000000 0.000000 0.000000 0.000000 0.000000 0.000000 -2.869056 -8.933387 14.649089 -0.122432 -0.832261 7.247407 -0.432877 -8.475727 16.953928 -0.886514 1.016496 -18.799362 0.000000 0.000000 0.000000 0.000000 0.000000 0.000000 0.000000 0.000000 0.000000 0.083883 -3.222339 10.609106 0.082484 0.440490 11.538831 2.725853 1.791574 15.051537 0.434329 -0.489942 -20.639305 0.000000 0.000000 0.000000 0.000000 0.000000 0.000000 0.000000 0.000000 0.000000 
0.410876 88.407272 4.554210 -0.413023 0.496761 -11.438078 0.465974 0.033929 7.995860 -0.168503 0.045493 3.260320 -0.651731 -0.594885 5.503600 -0.751357 -0.084950 4.403749 3.491139 -1.745526 3.689151 -0.185826 -0.912842 -3.801863 0.169301 -0.448594 -19.910685 0.000000 0.000000 0.000000 92.740837 -0.663459 10.402412 65.064140 -34.922333 5.462795 -0.107548 15.492541 30.495031 2.609602 13.021603 -7.772353 7.195513 -1.432984 41.490643 -0.000002 0.000021 -17.451588 0.000004 0.000051 -12.136493 0.000015 0.000006 -0.000028 -2.464435 0.069597 -1.760262 2.840480 0.007257 0.021956 2.934012 0.030642 0.005799 -0.000015 0.000029 -0.000014 -2.096991 0.026402 -5.772167 2.425062 -0.004179 0.014292 2.463973 0.007677 0.012794 0.000017 -0.000003 0.000007 0.855955 -0.042317 -9.323568 3.390589 -0.000862 0.003853 3.391759 -0.017506 0.007039 -0.000005 0.000457 0.000000 3.671715 -0.069351 -14.314081 4.448589 -0.049620 0.260518 4.262403 -0.092455 0.155737 0.000179 0.000003 -0.000006 0.000000 0.000000 0.000000 0.000000 0.000000 0.000000 -87.580849 -0.108124 5.738273 -72.973190 20.692774 -6.812911 -0.801860 -11.364978 46.476498 3.688634 -24.423199 -12.779334 -4.740708 0.954048 42.709122 0.000028 0.000021 -11.188193 -0.000135 -0.000028 -7.893576 -0.001098 0.000011 0.000572 16.364803 0.061883 6.856464 -2.124629 -0.004009 -0.029290 -2.361234 0.031035 -0.082852 -0.000004 0.000217 0.000003 14.303588 0.031564 1.326071 -1.677960 -0.011214 -0.039765 -1.393624 0.006535 -0.031399 0.000637 -0.000035 -0.000131 10.818067 -0.021672 -5.469125 -1.068201 0.014946 0.075601 -0.768099 -0.007135 0.059964 -0.000672 0.000014 0.000006 7.813987 -0.020135 -12.476258 -0.829022 0.008041 0.331394 -0.875239 -0.040016 0.239993 0.000265 0.000008 -0.000041 0.000000 0.000000 0.000000 0.000000 0.000000 0.000000 -2.927305 -8.950412 14.690695 -0.123260 -0.837415 7.262146 -0.417940 -8.444694 16.892632 -0.891943 1.017293 -18.786655 0.000000 0.000000 0.000000 0.000000 0.000000 0.000000 0.000000 0.000000 0.000000 0.024533 -3.209923 10.625089 0.082724 0.440051 11.542499 2.782905 1.794865 15.062289 0.427393 -0.485348 -20.644005 0.000000 0.000000 0.000000 0.000000 0.000000 0.000000 0.000000 0.000000 0.000000 
0.442932 88.394592 4.570839 -0.380664 0.542540 -11.481523 0.454675 0.042680 7.995185 -0.118163 0.041580 3.283261 -0.706519 -0.510824 5.546294 -0.769510 -0.063502 4.457941 3.421829 -1.723158 3.785030 -0.202430 -0.954224 -3.778048 0.165885 -0.458250 -19.995749 0.000000 0.000000 0.000000 92.685822 -0.645069 10.430482 64.953003 -34.884212 5.376575 -0.151578 15.441317 31.364033 1.887236 12.456628 -7.717989 6.647479 -1.356485 41.750221 -0.000003 0.000020 -16.089134 0.000004 0.000052 -11.194113 0.000015 0.000006 -0.000027 -5.320682 0.075906 -0.736586 1.906653 0.009072 0.041498 1.997706 0.031937 0.023062 -0.000016 0.000028 -0.000013 -4.905021 0.028140 -5.120063 1.515460 -0.004049 0.021925 1.545374 0.008057 0.019378 0.000017 -0.000008 0.000007 -1.994358 -0.044785 -9.237307 2.402576 -0.001500 -0.010896 2.403708 -0.017019 -0.003356 -0.000005 0.000461 0.000001 1.090238 -0.070048 -14.741858 3.487992 -0.048783 0.209652 3.299946 -0.091583 0.112497 0.000173 0.000003 -0.000010 0.000000 0.000000 0.000000 0.000000 0.000000 0.000000 -87.553268 -0.113122 5.697356 -72.771599 20.749962 -6.786473 -0.775194 -11.389391 47.313801 4.504578 -24.188959 -12.277290 -4.449795 0.895690 42.854183 0.000029 0.000021 -10.464731 -0.000138 -0.000029 -7.398184 -0.001049 0.000011 0.000540 18.207722 0.063066 7.781888 -2.233308 0.002760 0.006765 -2.456239 0.037642 -0.052047 -0.000006 0.000277 0.000002 15.977277 0.032196 2.016978 -1.784095 -0.008640 -0.027770 -1.507355 0.008378 -0.021069 0.000630 -0.000035 -0.000145 12.325509 -0.024330 -5.112855 -1.110716 0.010904 0.060223 -0.804160 -0.009972 0.049044 -0.000700 0.000014 0.000006 9.087792 -0.026818 -12.402680 -0.797011 -0.002673 0.291815 -0.850865 -0.048345 0.210009 0.000267 0.000008 -0.000041 0.000000 0.000000 0.000000 0.000000 0.000000 0.000000 -2.975028 -8.961400 14.735703 -0.123854 -0.840965 7.280103 -0.412392 -8.416969 16.832634 -0.898033 1.016787 -18.766665 0.000000 0.000000 0.000000 0.000000 0.000000 0.000000 0.000000 0.000000 0.000000 -0.026480 -3.203653 10.646053 0.083081 0.439651 11.550346 2.835152 1.804837 15.067868 0.420971 -0.481177 -20.636917 0.000000 0.000000 0.000000 0.000000 0.000000 0.000000 0.000000 0.000000 0.000000 
0.472131 88.381378 4.587831 -0.355066 0.592089 -11.533525 0.450199 0.049910 7.994134 -0.072077 0.039127 3.299529 -0.750456 -0.439126 5.602880 -0.787567 -0.042002 4.502038 3.362381 -1.712533 3.869133 -0.219101 -0.999691 -3.759193 0.163027 -0.467826 -20.076784 0.000000 0.000000 0.000000 92.655464 -0.629752 10.448193 64.797249 -34.833389 5.328631 -0.199481 15.347252 32.201920 1.133499 11.668735 -7.656325 6.128441 -1.278580 41.999752 -0.000003 0.000019 -14.796465 0.000003 0.000052 -10.298332 0.000015 0.000007 -0.000027 -8.096523 0.080742 0.233065 1.239058 0.012743 0.047332 1.329415 0.034970 0.028056 -0.000016 0.000027 -0.000012 -7.659083 0.029449 -4.478607 0.860595 -0.003252 0.024674 0.883543 0.008939 0.021967 0.000017 -0.000012 0.000008 -4.833842 -0.047349 -9.115747 1.645311 -0.003003 -0.021077 1.647621 -0.017176 -0.010368 -0.000006 0.000459 0.000001 -1.511257 -0.071686 -15.091956 2.710911 -0.049267 0.166180 2.524332 -0.091913 0.075651 0.000154 0.000003 -0.000013 0.000000 0.000000 0.000000 0.000000 0.000000 0.000000 -87.546288 -0.114439 5.650340 -72.547035 20.803143 -6.743955 -0.743704 -11.389540 48.203987 5.302753 -23.814335 -11.830857 -4.169732 0.838758 42.993507 0.000030 0.000021 -9.769097 -0.000140 -0.000030 -6.922053 -0.000979 0.000012 0.000515 20.018448 0.063648 8.637542 -2.344208 0.009267 0.040093 -2.552983 0.044018 -0.023342 -0.000007 0.000325 0.000001 17.628284 0.032855 2.653257 -1.892818 -0.006093 -0.016586 -1.623800 0.010166 -0.011396 0.000623 -0.000034 -0.000159 13.805169 -0.026439 -4.787979 -1.169556 0.007121 0.045456 -0.856835 -0.012687 0.038592 -0.000709 0.000014 0.000006 10.335853 -0.031865 -12.348337 -0.793582 -0.012823 0.253918 -0.854316 -0.056208 0.181095 0.000257 0.000007 -0.000041 0.000000 0.000000 0.000000 0.000000 0.000000 0.000000 -3.014247 -8.968615 14.788628 -0.124159 -0.842806 7.298749 -0.413930 -8.397586 16.774092 -0.904484 1.014825 -18.740927 0.000000 0.000000 0.000000 0.000000 0.000000 0.000000 0.000000 0.000000 0.000000 -0.068321 -3.204696 10.673550 0.083576 0.439473 11.562436 2.882324 1.814349 15.066266 0.415191 -0.477950 -20.619701 0.000000 0.000000 0.000000 0.000000 0.000000 0.000000 0.000000 0.000000 0.000000 
0.498560 88.367783 4.605165 -0.334940 0.641538 -11.592275 0.449343 0.055403 7.992494 -0.030091 0.037541 3.308046 -0.785566 -0.382234 5.669400 -0.804339 -0.022984 4.536856 3.314378 -1.714631 3.943067 -0.234764 -1.049484 -3.744086 0.162125 -0.476815 -20.149519 0.000000 0.000000 0.000000 92.654152 -0.617695 10.455404 64.601311 -34.772434 5.319594 -0.247837 15.231505 32.993214 0.354473 10.699168 -7.573215 5.658315 -1.203334 42.228619 -0.000003 0.000018 -13.625077 0.000002 0.000052 -9.485198 0.000015 0.000008 -0.000026 -10.674375 0.084127 1.102089 0.830686 0.016829 0.043045 0.921040 0.038439 0.024113 -0.000016 0.000026 -0.000011 -10.237790 0.030306 -3.881329 0.455595 -0.002325 0.023854 0.473665 0.009886 0.021633 0.000017 -0.000015 0.000008 -7.524858 -0.049815 -8.970201 1.127035 -0.004505 -0.027949 1.130877 -0.017387 -0.014968 -0.000006 0.000458 0.000002 -4.002714 -0.074140 -15.353308 2.136183 -0.049199 0.128338 1.953830 -0.091906 0.043719 0.000127 0.000003 -0.000016 0.000000 0.000000 0.000000 0.000000 0.000000 0.000000 -87.556625 -0.112835 5.599459 -72.310089 20.845604 -6.690572 -0.710669 -11.361205 49.133812 6.116232 -23.285122 -11.435765 -3.904688 0.784950 43.124550 0.000030 0.000021 -9.111246 -0.000141 -0.000031 -6.471190 -0.000896 0.000012 0.000496 21.752605 0.063575 9.391024 -2.435086 0.014321 0.066453 -2.629365 0.049015 -0.000552 -0.000008 0.000362 0.000001 19.219168 0.033481 3.213111 -1.982636 -0.004079 -0.007832 -1.721670 0.011531 -0.003728 0.000611 -0.000034 -0.000173 15.227390 -0.027969 -4.501545 -1.226210 0.004302 0.033350 -0.908126 -0.014791 0.030143 -0.000697 0.000014 0.000006 11.536295 -0.035311 -12.306897 -0.805369 -0.020699 0.223125 -0.872843 -0.062252 0.157542 0.000237 0.000007 -0.000040 0.000000 0.000000 0.000000 0.000000 0.000000 0.000000 -3.050565 -8.978536 14.852083 -0.124183 -0.843177 7.314793 -0.419735 -8.387781 16.716303 -0.911237 1.011625 -18.711681 0.000000 0.000000 0.000000 0.000000 0.000000 0.000000 0.000000 0.000000 0.000000 -0.100910 -3.209680 10.706971 0.084259 0.439853 11.576654 2.925847 1.817551 15.057090 0.410030 -0.475693 -20.593081 0.000000 0.000000 0.000000 0.000000 0.000000 0.000000 0.000000 0.000000 0.000000 
0.523003 88.354286 4.621328 -0.318726 0.687439 -11.653730 0.452150 0.058953 7.991855 0.009754 0.036685 3.310647 -0.815186 -0.336051 5.741988 -0.821441 -0.006820 4.564618 3.276123 -1.726601 4.000597 -0.249849 -1.103374 -3.736317 0.164173 -0.485033 -20.208942 0.000000 0.000000 0.000000 92.676666 -0.609128 10.460383 64.382317 -34.698784 5.340438 -0.293720 15.113283 33.731144 -0.457139 9.626882 -7.452319 5.245463 -1.133915 42.430973 -0.000003 0.000017 -12.598696 0.000002 0.000053 -8.771433 0.000015 0.000008 -0.000026 -12.984446 0.086334 1.853001 0.610806 0.020044 0.034965 0.700896 0.041150 0.016983 -0.000016 0.000026 -0.000011 -12.565046 0.030817 -3.346006 0.234054 -0.001738 0.021736 0.248547 0.010511 0.020266 0.000016 -0.000018 0.000009 -9.970059 -0.051984 -8.815310 0.796093 -0.005281 -0.033605 0.801059 -0.017157 -0.018762 -0.000007 0.000462 0.000002 -6.285025 -0.076845 -15.534832 1.732079 -0.047287 0.093016 1.555832 -0.090506 0.014087 0.000096 0.000003 -0.000019 0.000000 0.000000 0.000000 0.000000 0.000000 0.000000 -87.582397 -0.107220 5.551307 -72.068687 20.867838 -6.635873 -0.677303 -11.303827 50.090961 7.001234 -22.606098 -11.072269 -3.661524 0.735894 43.243977 0.000031 0.000021 -8.508638 -0.000142 -0.000031 -6.056983 -0.000812 0.000012 0.000486 23.357166 0.062814 10.027618 -2.496732 0.017361 0.083872 -2.677056 0.052066 0.014373 -0.000009 0.000388 -0.000000 20.702530 0.034008 3.688114 -2.044742 -0.002863 -0.002299 -1.792387 0.012297 0.001268 0.000591 -0.000034 -0.000185 16.556187 -0.028959 -4.257257 -1.271740 0.002732 0.024858 -0.949462 -0.016064 0.024458 -0.000669 0.000014 0.000006 12.664267 -0.037077 -12.274007 -0.824070 -0.025623 0.201535 -0.899325 -0.065994 0.141180 0.000209 0.000007 -0.000040 0.000000 0.000000 0.000000 0.000000 0.000000 0.000000 -3.087746 -8.994647 14.922790 -0.123908 -0.842493 7.328193 -0.427463 -8.387104 16.660439 -0.917981 1.007556 -18.681501 0.000000 0.000000 0.000000 0.000000 0.000000 0.000000 0.000000 0.000000 0.000000 -0.126141 -3.217892 10.742642 0.085127 0.440739 11.593459 2.968129 1.812406 15.044328 0.405069 -0.474144 -20.560915 0.000000 0.000000 0.000000 0.000000 0.000000 0.000000 0.000000 0.000000 0.000000 
0.545927 88.341583 4.636158 -0.305659 0.727561 -11.715049 0.458526 0.060690 7.992391 0.049466 0.036094 3.308638 -0.842839 -0.296103 5.815662 -0.839246 0.006889 4.587511 3.247516 -1.743629 4.043216 -0.263933 -1.156984 -3.734466 0.168217 -0.491959 -20.253693 0.000000 0.000000 0.000000 92.716675 -0.604619 10.466116 64.156944 -34.621841 5.385646 -0.335901 14.994761 34.396446 -1.304618 8.506116 -7.288850 4.890781 -1.072340 42.604919 -0.000003 0.000016 -11.720819 0.000001 0.000053 -8.160161 0.000016 0.000008 -0.000026 -14.996598 0.087469 2.481281 0.506360 0.021649 0.027433 0.595684 0.042404 0.010495 -0.000016 0.000025 -0.000010 -14.602764 0.031030 -2.882755 0.126792 -0.001733 0.019745 0.138325 0.010629 0.019046 0.000016 -0.000021 0.000009 -12.118538 -0.053725 -8.665049 0.593932 -0.004997 -0.039130 0.599111 -0.016286 -0.022549 -0.000007 0.000474 0.000003 -8.305022 -0.079442 -15.654009 1.456142 -0.043029 0.059560 1.286684 -0.087287 -0.013739 0.000064 0.000002 -0.000021 0.000000 0.000000 0.000000 0.000000 0.000000 0.000000 -87.623055 -0.097994 5.509559 -71.835175 20.882326 -6.598574 -0.643784 -11.221742 51.075550 8.006358 -21.783245 -10.718978 -3.445151 0.692621 43.349491 0.000031 0.000021 -7.973845 -0.000142 -0.000032 -5.688147 -0.000739 0.000012 0.000483 24.795710 0.061486 10.550245 -2.527598 0.018328 0.092887 -2.695031 0.053110 0.021901 -0.000009 0.000411 -0.000001 22.042995 0.034382 4.081725 -2.077596 -0.002474 0.000236 -1.833927 0.012455 0.003765 0.000564 -0.000034 -0.000195 17.763826 -0.029484 -4.051908 -1.301110 0.002424 0.019750 -0.976044 -0.016514 0.021331 -0.000622 0.000014 0.000006 13.699462 -0.037606 -12.242659 -0.841914 -0.027560 0.188168 -0.925761 -0.067438 0.131276 0.000175 0.000006 -0.000040 0.000000 0.000000 0.000000 0.000000 0.000000 0.000000 -3.127270 -9.018230 14.998255 -0.123462 -0.841164 7.341250 -0.433777 -8.397265 16.607033 -0.924554 1.003087 -18.651735 0.000000 0.000000 0.000000 0.000000 0.000000 0.000000 0.000000 0.000000 0.000000 -0.145173 -3.229131 10.779063 0.086208 0.442236 11.610617 3.009359 1.799981 15.029016 0.400654 -0.473148 -20.523962 0.000000 0.000000 0.000000 0.000000 0.000000 0.000000 0.000000 0.000000 0.000000 
0.567401 88.330376 4.649691 -0.295201 0.761043 -11.774750 0.468061 0.060925 7.994723 0.090867 0.035061 3.302810 -0.870820 -0.258201 5.888410 -0.857160 0.019034 4.606631 3.226292 -1.759881 4.071206 -0.276213 -1.204928 -3.737497 0.172717 -0.497484 -20.283752 0.000000 0.000000 0.000000 92.766129 -0.604039 10.475854 63.933456 -34.556118 5.450805 -0.373823 14.874360 34.976845 -2.190382 7.373987 -7.084467 4.589993 -1.019236 42.751797 -0.000004 0.000016 -10.980690 0.000001 0.000053 -7.644509 0.000016 0.000009 -0.000026 -16.719078 0.087624 2.989905 0.462565 0.021596 0.021956 0.550769 0.042160 0.005916 -0.000016 0.000024 -0.000009 -16.353142 0.030969 -2.495997 0.081654 -0.002293 0.018340 0.090314 0.010257 0.018344 0.000016 -0.000023 0.000009 -13.968345 -0.054998 -8.531653 0.472533 -0.003742 -0.044646 0.476989 -0.014844 -0.026432 -0.000007 0.000493 0.000004 -10.058545 -0.081759 -15.730924 1.269518 -0.036816 0.028880 1.107011 -0.082550 -0.038994 0.000035 0.000002 -0.000022 0.000000 0.000000 0.000000 0.000000 0.000000 0.000000 -87.675148 -0.086091 5.476256 -71.616692 20.905231 -6.591403 -0.610637 -11.119727 52.086132 9.150321 -20.831055 -10.352863 -3.256708 0.655238 43.440758 0.000031 0.000022 -7.509543 -0.000141 -0.000033 -5.366712 -0.000684 0.000012 0.000486 26.058945 0.059749 10.974012 -2.530169 0.017611 0.095461 -2.686383 0.052524 0.023796 -0.000010 0.000434 -0.000001 23.228823 0.034591 4.405740 -2.083610 -0.002749 0.000532 -1.848191 0.012131 0.004387 0.000535 -0.000034 -0.000204 18.841333 -0.029669 -3.877063 -1.312758 0.003131 0.017186 -0.986356 -0.016311 0.020072 -0.000559 0.000014 0.000006 14.635010 -0.037490 -12.204959 -0.853638 -0.027075 0.180653 -0.946449 -0.067044 0.125923 0.000135 0.000006 -0.000039 0.000000 0.000000 0.000000 0.000000 0.000000 0.000000 -3.168530 -9.048490 15.076399 -0.122936 -0.839364 7.354668 -0.437721 -8.416924 16.557236 -0.930918 0.998697 -18.622366 0.000000 0.000000 0.000000 0.000000 0.000000 0.000000 0.000000 0.000000 0.000000 -0.157279 -3.241671 10.816256 0.087546 0.444380 11.625738 3.047380 1.783101 15.011410 0.397219 -0.472740 -20.482250 0.000000 0.000000 0.000000 0.000000 0.000000 0.000000 0.000000 0.000000 0.000000 
0.587334 88.321190 4.661925 -0.286966 0.787951 -11.832581 0.480624 0.060259 8.000126 0.134605 0.033230 3.294163 -0.899741 -0.218754 5.960626 -0.874508 0.030871 4.621933 3.209882 -1.770680 4.082622 -0.286027 -1.242640 -3.746233 0.176777 -0.501612 -20.299772 0.000000 0.000000 0.000000 92.816322 -0.605989 10.493428 63.718140 -34.513088 5.528093 -0.407332 14.751953 35.475746 -3.113314 6.258792 -6.839091 4.337146 -0.974200 42.874565 -0.000004 0.000015 -10.362267 0.000001 0.000053 -7.213852 0.000016 0.000009 -0.000026 -18.181065 0.086906 3.386818 0.447451 0.020304 0.018248 0.534582 0.040809 0.002905 -0.000016 0.000023 -0.000009 -17.841309 0.030664 -2.184756 0.068214 -0.003245 0.017367 0.073649 0.009544 0.018016 0.000016 -0.000023 0.000010 -15.544559 -0.055845 -8.422878 0.401180 -0.001856 -0.049726 0.404096 -0.013064 -0.030101 -0.000007 0.000518 0.000004 -11.566654 -0.083740 -15.782682 1.145293 -0.029539 0.002541 0.989857 -0.077019 -0.060388 0.000010 0.000002 -0.000024 0.000000 0.000000 0.000000 0.000000 0.000000 0.000000 -87.734215 -0.072234 5.453038 -71.414680 20.947805 -6.616951 -0.579009 -11.006584 53.117851 10.417022 -19.769020 -9.949071 -3.094467 0.623177 43.519035 0.000031 0.000022 -7.110425 -0.000141 -0.000033 -5.089305 -0.000648 0.000011 0.000491 27.157572 0.057729 11.317495 -2.508572 0.015745 0.093742 -2.655724 0.050823 0.022028 -0.000011 0.000459 -0.000002 24.266748 0.034640 4.674279 -2.066849 -0.003466 -0.000575 -1.838940 0.011497 0.003828 0.000507 -0.000034 -0.000212 19.793985 -0.029638 -3.723625 -1.308105 0.004512 0.016231 -0.981682 -0.015685 0.019913 -0.000480 0.000015 0.000006 15.473906 -0.037204 -12.155651 -0.858072 -0.024995 0.176472 -0.959742 -0.065461 0.123094 0.000088 0.000006 -0.000039 0.000000 0.000000 0.000000 0.000000 0.000000 0.000000 -3.209469 -9.082561 15.155578 -0.122356 -0.837134 7.366651 -0.439958 -8.441869 16.512756 -0.937081 0.994751 -18.592743 0.000000 0.000000 0.000000 0.000000 0.000000 0.000000 0.000000 0.000000 0.000000 -0.161623 -3.252984 10.854738 0.089156 0.447141 11.637528 3.079398 1.765222 14.991906 0.394983 -0.473059 -20.436855 0.000000 0.000000 0.000000 0.000000 0.000000 0.000000 0.000000 0.000000 0.000000 
0.605836 88.313950 4.672320 -0.280071 0.808803 -11.887471 0.496145 0.059462 8.009192 0.180887 0.030596 3.283815 -0.929635 -0.174292 6.034648 -0.891627 0.043747 4.634457 3.194365 -1.773201 4.072930 -0.293326 -1.268291 -3.763667 0.180553 -0.504584 -20.301872 0.000000 0.000000 0.000000 92.859985 -0.608692 10.523164 63.514744 -34.498169 5.604869 -0.436419 14.631310 35.913437 -4.077721 5.192663 -6.544083 4.126237 -0.936295 42.976505 -0.000004 0.000015 -9.849622 0.000000 0.000053 -6.857150 0.000016 0.000009 -0.000026 -19.415939 0.085622 3.684119 0.445633 0.018395 0.015445 0.531863 0.038921 0.000626 -0.000016 0.000022 -0.000008 -19.099983 0.030224 -1.943282 0.071466 -0.004359 0.016532 0.073099 0.008683 0.017809 0.000016 -0.000023 0.000010 -16.880373 -0.056383 -8.341315 0.361675 0.000309 -0.054062 0.362267 -0.011181 -0.033327 -0.000008 0.000544 0.000005 -12.856031 -0.085418 -15.820713 1.065104 -0.022028 -0.019210 0.917155 -0.071413 -0.077669 -0.000010 0.000002 -0.000024 0.000000 0.000000 0.000000 0.000000 0.000000 0.000000 -87.794609 -0.055931 5.440652 -71.222595 21.018366 -6.670888 -0.549242 -10.888205 54.170330 11.785876 -18.617863 -9.484327 -2.954075 0.595485 43.586739 0.000032 0.000023 -6.765204 -0.000141 -0.000034 -4.848207 -0.000629 0.000011 0.000494 28.115696 0.055558 11.599374 -2.466942 0.013279 0.089405 -2.607396 0.048527 0.018103 -0.000011 0.000487 -0.000003 25.177574 0.034589 4.901567 -2.031733 -0.004417 -0.002433 -1.810660 0.010726 0.002613 0.000484 -0.000034 -0.000218 20.640104 -0.029514 -3.584097 -1.290250 0.006228 0.016183 -0.965096 -0.014863 0.020295 -0.000392 0.000015 0.000006 16.230684 -0.036984 -12.093520 -0.856639 -0.022138 0.173803 -0.967365 -0.063353 0.121387 0.000039 0.000005 -0.000038 0.000000 0.000000 0.000000 0.000000 0.000000 0.000000 -3.248772 -9.118093 15.232991 -0.121728 -0.834770 7.372322 -0.441623 -8.464643 16.475689 -0.943096 0.991605 -18.562180 0.000000 0.000000 0.000000 0.000000 0.000000 0.000000 0.000000 0.000000 0.000000 -0.159594 -3.261311 10.893710 0.090990 0.450102 11.645807 3.104161 1.747635 14.972933 0.393360 -0.474024 -20.391722 0.000000 0.000000 0.000000 0.000000 0.000000 0.000000 0.000000 0.000000 0.000000 
0.622963 88.308487 4.680713 -0.273511 0.824509 -11.938576 0.514156 0.059182 8.021439 0.229002 0.027354 3.271792 -0.960206 -0.123674 6.111770 -0.908783 0.058154 4.645605 3.175457 -1.765896 4.042490 -0.298022 -1.281220 -3.790352 0.184347 -0.506710 -20.291441 0.000000 0.000000 0.000000 92.892281 -0.610288 10.565245 63.328445 -34.511013 5.669004 -0.461278 14.515677 36.311806 -5.084422 4.197103 -6.190278 3.951175 -0.904489 43.060795 -0.000004 0.000015 -9.427514 -0.000000 0.000054 -6.563509 0.000016 0.000009 -0.000026 -20.453428 0.084078 3.898088 0.450308 0.016299 0.012921 0.535846 0.036880 -0.001565 -0.000016 0.000021 -0.000008 -20.159311 0.029757 -1.761245 0.084295 -0.005481 0.015635 0.081524 0.007813 0.017534 0.000016 -0.000023 0.000010 -18.007257 -0.056728 -8.283972 0.343654 0.002542 -0.057530 0.341040 -0.009342 -0.035990 -0.000008 0.000571 0.000005 -13.953055 -0.086909 -15.850066 1.016719 -0.014701 -0.036815 0.876840 -0.066100 -0.091153 -0.000027 0.000001 -0.000025 0.000000 0.000000 0.000000 0.000000 0.000000 0.000000 -87.851509 -0.036902 5.437139 -71.034622 21.122871 -6.747156 -0.521356 -10.768448 55.247955 13.235751 -17.394876 -8.940600 -2.830479 0.571268 43.646271 0.000032 0.000023 -6.461597 -0.000140 -0.000034 -4.634966 -0.000620 0.000012 0.000489 28.957241 0.053349 11.835485 -2.408439 0.010553 0.083421 -2.544307 0.045951 0.012938 -0.000012 0.000512 -0.000003 25.982891 0.034487 5.099195 -1.981480 -0.005473 -0.004661 -1.766619 0.009920 0.001057 0.000470 -0.000034 -0.000223 21.398451 -0.029382 -3.453455 -1.261461 0.008074 0.016654 -0.938832 -0.013983 0.020907 -0.000299 0.000015 0.000006 16.920732 -0.036960 -12.019745 -0.850257 -0.018977 0.171744 -0.970396 -0.061096 0.120091 -0.000009 0.000005 -0.000038 0.000000 0.000000 0.000000 0.000000 0.000000 0.000000 -3.286024 -9.154058 15.307094 -0.121086 -0.832654 7.367622 -0.443094 -8.479443 16.446850 -0.949046 0.989374 -18.530396 0.000000 0.000000 0.000000 0.000000 0.000000 0.000000 0.000000 0.000000 0.000000 -0.154066 -3.265794 10.933317 0.092966 0.452814 11.649552 3.121910 1.730679 14.956671 0.391695 -0.475405 -20.350540 0.000000 0.000000 0.000000 0.000000 0.000000 0.000000 0.000000 0.000000 0.000000 
0.638426 88.304665 4.687600 -0.267096 0.836131 -11.985449 0.533769 0.059596 8.036378 0.276814 0.023851 3.256399 -0.990277 -0.068723 6.191786 -0.925187 0.073994 4.654205 3.151625 -1.748471 3.999337 -0.299618 -1.280685 -3.822348 0.188462 -0.507965 -20.271351 0.000000 0.000000 0.000000 92.908920 -0.608416 10.615357 63.171284 -34.547764 5.712912 -0.482178 14.406072 36.686749 -6.128881 3.280870 -5.780435 3.806961 -0.878015 43.129894 -0.000004 0.000014 -9.083477 -0.000001 0.000054 -6.324278 0.000017 0.000010 -0.000026 -21.319311 0.082353 4.044309 0.458137 0.014218 0.010088 0.543391 0.034884 -0.004280 -0.000016 0.000020 -0.000008 -21.042538 0.029271 -1.627019 0.103256 -0.006530 0.014446 0.095526 0.007006 0.016974 0.000016 -0.000022 0.000010 -18.948145 -0.056929 -8.243164 0.342215 0.004696 -0.059820 0.335387 -0.007648 -0.037820 -0.000007 0.000597 0.000006 -14.877275 -0.088285 -15.869367 0.993820 -0.007787 -0.049580 0.862317 -0.061238 -0.100256 -0.000042 0.000001 -0.000025 0.000000 0.000000 0.000000 0.000000 0.000000 0.000000 -87.900337 -0.016806 5.438718 -70.855537 21.263380 -6.839383 -0.496621 -10.652178 56.343815 14.737087 -16.129133 -8.313237 -2.720527 0.550021 43.699028 0.000032 0.000023 -6.191835 -0.000140 -0.000035 -4.444491 -0.000618 0.000012 0.000480 29.696360 0.051179 12.034487 -2.336049 0.007695 0.076375 -2.468851 0.043212 0.007179 -0.000012 0.000535 -0.000004 26.693050 0.034340 5.273962 -1.918689 -0.006575 -0.007021 -1.709158 0.009107 -0.000618 0.000464 -0.000034 -0.000226 22.071951 -0.029283 -3.326989 -1.223444 0.009963 0.017398 -0.904456 -0.013098 0.021558 -0.000203 0.000015 0.000006 17.541355 -0.037306 -11.932652 -0.839400 -0.015694 0.169855 -0.968351 -0.058805 0.118780 -0.000055 0.000005 -0.000038 0.000000 0.000000 0.000000 0.000000 0.000000 0.000000 -3.320171 -9.189013 15.378305 -0.120469 -0.830912 7.349875 -0.444151 -8.484675 16.425610 -0.955070 0.987897 -18.497744 0.000000 0.000000 0.000000 0.000000 0.000000 0.000000 0.000000 0.000000 0.000000 -0.146341 -3.263943 10.973410 0.095033 0.455175 11.648206 3.132326 1.717078 14.942142 0.390028 -0.477089 -20.314329 0.000000 0.000000 0.000000 0.000000 0.000000 0.000000 0.000000 0.000000 0.000000 
0.652256 88.302292 4.693457 -0.260205 0.844974 -12.028215 0.553854 0.060651 8.053488 0.322814 0.020327 3.236289 -1.018253 -0.011743 6.275397 -0.941093 0.090864 4.659211 3.123687 -1.723404 3.948474 -0.298085 -1.269140 -3.857436 0.193635 -0.508412 -20.244347 0.000000 0.000000 0.000000 92.907692 -0.601800 10.671217 63.048962 -34.600983 5.732739 -0.499396 14.307680 37.057247 -7.202232 2.456409 -5.320865 3.690164 -0.856389 43.185379 -0.000004 0.000014 -8.809187 -0.000002 0.000054 -6.133824 0.000017 0.000010 -0.000026 -22.033350 0.080516 4.136901 0.465825 0.012189 0.006902 0.551121 0.032994 -0.007561 -0.000016 0.000019 -0.000008 -21.766640 0.028765 -1.529676 0.125153 -0.007489 0.012953 0.111961 0.006278 0.016108 0.000016 -0.000020 0.000010 -19.716150 -0.056998 -8.211070 0.353959 0.006703 -0.060868 0.341921 -0.006146 -0.038752 -0.000007 0.000623 0.000006 -15.637635 -0.089562 -15.875750 0.993127 -0.001427 -0.057191 0.869842 -0.056920 -0.104831 -0.000056 0.000000 -0.000026 0.000000 0.000000 0.000000 0.000000 0.000000 0.000000 -87.937775 0.003024 5.443405 -70.689270 21.433136 -6.939637 -0.476104 -10.543354 57.444210 16.258129 -14.869280 -7.606887 -2.622667 0.531460 43.745739 0.000032 0.000024 -5.951693 -0.000140 -0.000035 -4.274039 -0.000619 0.000012 0.000469 30.341690 0.049063 12.200902 -2.253082 0.004772 0.068617 -2.383987 0.040373 0.001161 -0.000013 0.000554 -0.000004 27.313728 0.034149 5.429629 -1.846519 -0.007697 -0.009405 -1.641393 0.008297 -0.002310 0.000466 -0.000033 -0.000228 22.659798 -0.029237 -3.201446 -1.178515 0.011841 0.018293 -0.863984 -0.012230 0.022172 -0.000106 0.000015 0.000006 18.085899 -0.038059 -11.830493 -0.825158 -0.012394 0.168056 -0.961959 -0.056531 0.117339 -0.000102 0.000005 -0.000038 0.000000 0.000000 0.000000 0.000000 0.000000 0.000000 -3.351170 -9.221016 15.446637 -0.119906 -0.829633 7.318208 -0.444744 -8.479679 16.411549 -0.961442 0.987017 -18.465309 0.000000 0.000000 0.000000 0.000000 0.000000 0.000000 0.000000 0.000000 0.000000 -0.137717 -3.253438 11.013614 0.097149 0.457176 11.642676 3.135976 1.708573 14.928430 0.388270 -0.478962 -20.283348 0.000000 0.000000 0.000000 0.000000 0.000000 0.000000 0.000000 0.000000 0.000000 
0.665052 88.301224 4.698833 -0.251474 0.852420 -12.067621 0.573094 0.062213 8.071782 0.366391 0.016845 3.210743 -1.043202 0.045455 6.362807 -0.957450 0.108098 4.660868 3.093578 -1.694767 3.891090 -0.293707 -1.250337 -3.895436 0.200327 -0.508297 -20.213074 0.000000 0.000000 0.000000 92.889328 -0.590782 10.731630 62.960293 -34.659161 5.727389 -0.513543 14.225735 37.440395 -8.290961 1.735751 -4.819879 3.598902 -0.839388 43.228073 -0.000004 0.000014 -8.600007 -0.000002 0.000055 -5.989128 0.000017 0.000010 -0.000026 -22.605619 0.078656 4.187428 0.470933 0.010174 0.003652 0.556379 0.031200 -0.011104 -0.000016 0.000018 -0.000008 -22.340136 0.028252 -1.460842 0.147435 -0.008372 0.011277 0.128426 0.005613 0.015044 0.000016 -0.000018 0.000010 -20.316286 -0.056937 -8.182886 0.376206 0.008550 -0.060841 0.358064 -0.004830 -0.038900 -0.000007 0.000647 0.000006 -16.235458 -0.090707 -15.868873 1.012298 0.004359 -0.059992 0.896480 -0.053170 -0.105296 -0.000069 -0.000000 -0.000026 0.000000 0.000000 0.000000 0.000000 0.000000 0.000000 -87.963577 0.022318 5.450971 -70.537300 21.618475 -7.041908 -0.459879 -10.446117 58.542019 17.769318 -13.671248 -6.834453 -2.536973 0.515519 43.786446 0.000032 0.000024 -5.741035 -0.000140 -0.000035 -4.123838 -0.000625 0.000012 0.000456 30.894466 0.047009 12.336370 -2.163604 0.001855 0.060565 -2.293451 0.037509 -0.004823 -0.000013 0.000567 -0.000004 27.844900 0.033924 5.566551 -1.769001 -0.008815 -0.011709 -1.567412 0.007503 -0.003944 0.000472 -0.000033 -0.000229 23.158657 -0.029250 -3.078673 -1.129583 0.013658 0.019206 -0.819936 -0.011405 0.022675 -0.000014 0.000015 0.000006 18.547169 -0.039162 -11.717010 -0.809277 -0.009182 0.166214 -0.953037 -0.054337 0.115644 -0.000148 0.000005 -0.000037 0.000000 0.000000 0.000000 0.000000 0.000000 0.000000 -3.380698 -9.248728 15.511702 -0.119473 -0.829060 7.274562 -0.443904 -8.465500 16.404184 -0.968521 0.986620 -18.434196 0.000000 0.000000 0.000000 0.000000 0.000000 0.000000 0.000000 0.000000 0.000000 -0.130865 -3.234466 11.054208 0.099242 0.458733 11.634221 3.134703 1.705768 14.915674 0.386185 -0.480903 -20.257265 0.000000 0.000000 0.000000 0.000000 0.000000 0.000000 0.000000 0.000000 0.000000 
0.677721 88.301338 4.704312 -0.239442 0.860009 -12.104430 0.590079 0.064208 8.089623 0.407673 0.013372 3.180140 -1.065278 0.101750 6.452523 -0.975045 0.124901 4.660945 3.063200 -1.667267 3.826379 -0.286793 -1.228053 -3.937148 0.208680 -0.507997 -20.180521 0.000000 0.000000 0.000000 92.856056 -0.576666 10.794815 62.901436 -34.707726 5.695298 -0.525526 14.163501 37.854870 -9.380806 1.123924 -4.284036 3.532387 -0.826966 43.258350 -0.000004 0.000014 -8.453652 -0.000003 0.000055 -5.888759 0.000018 0.000009 -0.000026 -23.038469 0.076838 4.203664 0.472093 0.008132 0.000547 0.557557 0.029475 -0.014633 -0.000016 0.000017 -0.000008 -22.765123 0.027738 -1.415467 0.168315 -0.009202 0.009542 0.143369 0.004989 0.013898 0.000016 -0.000017 0.000009 -20.750113 -0.056760 -8.157260 0.406239 0.010259 -0.060016 0.381291 -0.003663 -0.038462 -0.000007 0.000665 0.000007 -16.670969 -0.091719 -15.851090 1.048130 0.009641 -0.058822 0.938353 -0.049922 -0.102455 -0.000081 -0.000001 -0.000026 0.000000 0.000000 0.000000 0.000000 0.000000 0.000000 -87.979492 0.041569 5.461442 -70.399788 21.799952 -7.144960 -0.447228 -10.367569 59.646481 19.239241 -12.582659 -6.010683 -2.464126 0.502239 43.820858 0.000032 0.000024 -5.561665 -0.000140 -0.000036 -3.995559 -0.000637 0.000012 0.000443 31.350584 0.045030 12.441797 -2.071578 -0.000970 0.052714 -2.200934 0.034711 -0.010439 -0.000014 0.000574 -0.000005 28.282646 0.033683 5.683414 -1.690163 -0.009901 -0.013811 -1.491350 0.006744 -0.005445 0.000480 -0.000033 -0.000228 23.563759 -0.029320 -2.964154 -1.079781 0.015362 0.019962 -0.775010 -0.010649 0.022973 0.000069 0.000015 0.000006 18.917923 -0.040526 -11.600644 -0.794052 -0.006161 0.164093 -0.944038 -0.052291 0.113487 -0.000195 0.000005 -0.000037 0.000000 0.000000 0.000000 0.000000 0.000000 0.000000 -3.411401 -9.271846 15.572634 -0.119301 -0.829519 7.223383 -0.439823 -8.445006 16.403101 -0.976612 0.986651 -18.405285 0.000000 0.000000 0.000000 0.000000 0.000000 0.000000 0.000000 0.000000 0.000000 -0.128891 -3.209982 11.095911 0.101227 0.459712 11.623348 3.130570 1.708961 14.904673 0.383634 -0.482829 -20.235102 0.000000 0.000000 0.000000 0.000000 0.000000 0.000000 0.000000 0.000000 0.000000 
0.690697 88.302383 4.709920 -0.223634 0.869514 -12.139469 0.603822 0.066981 8.104230 0.448643 0.009689 3.148306 -1.086141 0.157524 6.539028 -0.994330 0.140380 4.664080 3.030013 -1.644984 3.754091 -0.277959 -1.207314 -3.983733 0.218895 -0.508346 -20.152145 0.000000 0.000000 0.000000 92.811241 -0.561960 10.856303 62.859848 -34.729145 5.633917 -0.535995 14.121932 38.329659 -10.456137 0.617202 -3.713377 3.491430 -0.819201 43.276131 -0.000004 0.000014 -8.371220 -0.000004 0.000056 -5.833347 0.000018 0.000009 -0.000026 -23.326315 0.075152 4.191810 0.468813 0.006155 -0.002110 0.553999 0.027874 -0.017752 -0.000015 0.000017 -0.000008 -23.037277 0.027252 -1.390694 0.186194 -0.009969 0.007969 0.155357 0.004421 0.012864 0.000016 -0.000015 0.000009 -21.016352 -0.056514 -8.136660 0.439586 0.011826 -0.058895 0.407669 -0.002609 -0.037837 -0.000006 0.000674 0.000007 -16.944115 -0.092597 -15.828290 1.094531 0.014372 -0.055557 0.988861 -0.047180 -0.097975 -0.000091 -0.000001 -0.000025 0.000000 0.000000 0.000000 0.000000 0.000000 0.000000 -87.988304 0.062003 5.473270 -70.268257 21.945644 -7.251039 -0.436318 -10.317350 60.795238 20.629066 -11.618680 -5.145395 -2.403461 0.491513 43.849209 0.000032 0.000024 -5.412550 -0.000140 -0.000036 -3.888585 -0.000656 0.000012 0.000437 31.708052 0.043162 12.523384 -1.979528 -0.003573 0.045460 -2.109188 0.032102 -0.015449 -0.000014 0.000576 -0.000005 28.626568 0.033431 5.781849 -1.612853 -0.010915 -0.015626 -1.416322 0.006054 -0.006759 0.000491 -0.000033 -0.000227 23.876736 -0.029463 -2.863410 -1.032440 0.016843 0.020398 -0.731889 -0.010017 0.022978 0.000138 0.000015 0.000006 19.197809 -0.042012 -11.493424 -0.782825 -0.003581 0.161436 -0.938914 -0.050568 0.110621 -0.000241 0.000006 -0.000037 0.000000 0.000000 0.000000 0.000000 0.000000 0.000000 -3.445026 -9.291224 15.628660 -0.119458 -0.831128 7.172137 -0.431471 -8.420711 16.407091 -0.985408 0.987066 -18.378719 0.000000 0.000000 0.000000 0.000000 0.000000 0.000000 0.000000 0.000000 0.000000 -0.134939 -3.188377 11.140421 0.103005 0.459775 11.609344 3.125489 1.717243 14.897975 0.380513 -0.484489 -20.216608 0.000000 0.000000 0.000000 0.000000 0.000000 0.000000 0.000000 0.000000 0.000000 
0.703867 88.304062 4.715215 -0.204913 0.882326 -12.171586 0.613767 0.070732 8.113907 0.491405 0.005388 3.117543 -1.108566 0.212634 6.617687 -1.013809 0.153892 4.671736 2.991839 -1.628596 3.679600 -0.267824 -1.189397 -4.032666 0.230194 -0.510187 -20.131861 0.000000 0.000000 0.000000 92.761139 -0.548662 10.908935 62.825031 -34.707561 5.538049 -0.545829 14.096118 38.892159 -11.505412 0.207006 -3.105198 3.476293 -0.816025 43.281651 -0.000005 0.000014 -8.352390 -0.000004 0.000056 -5.822660 0.000019 0.000009 -0.000026 -23.469675 0.073611 4.157493 0.463730 0.004448 -0.004735 0.548350 0.026556 -0.020746 -0.000015 0.000016 -0.000008 -23.158192 0.026790 -1.383467 0.202665 -0.010615 0.006476 0.166006 0.003971 0.011872 0.000016 -0.000014 0.000009 -21.121904 -0.056230 -8.122185 0.473898 0.013180 -0.057630 0.435357 -0.001695 -0.037127 -0.000006 0.000672 0.000007 -17.064333 -0.093351 -15.804111 1.145794 0.018392 -0.051211 1.042316 -0.045038 -0.092694 -0.000099 -0.000002 -0.000025 0.000000 0.000000 0.000000 0.000000 0.000000 0.000000 -87.994682 0.084097 5.482656 -70.135536 22.031343 -7.365254 -0.426497 -10.302092 62.018215 21.915936 -10.777075 -4.243680 -2.354979 0.483318 43.871479 0.000032 0.000024 -5.294415 -0.000139 -0.000035 -3.803450 -0.000682 0.000012 0.000444 31.964724 0.041434 12.589480 -1.890636 -0.005873 0.039058 -2.021285 0.029765 -0.019627 -0.000014 0.000575 -0.000006 28.874025 0.033178 5.866190 -1.540250 -0.011831 -0.017106 -1.345576 0.005457 -0.007828 0.000505 -0.000032 -0.000226 24.094681 -0.029681 -2.777858 -0.991212 0.018031 0.020384 -0.693815 -0.009547 0.022614 0.000192 0.000015 0.000006 19.383303 -0.043599 -11.402440 -0.779158 -0.001596 0.158048 -0.941207 -0.049296 0.106863 -0.000285 0.000006 -0.000037 0.000000 0.000000 0.000000 0.000000 0.000000 0.000000 -3.481118 -9.307782 15.678910 -0.119961 -0.833800 7.125906 -0.418272 -8.395229 16.414291 -0.994465 0.987888 -18.353897 0.000000 0.000000 0.000000 0.000000 0.000000 0.000000 0.000000 0.000000 0.000000 -0.149537 -3.175540 11.187223 0.104508 0.458726 11.592104 3.119890 1.729991 14.896132 0.377049 -0.485842 -20.201056 0.000000 0.000000 0.000000 0.000000 0.000000 0.000000 0.000000 0.000000 0.000000 
0.717019 88.306190 4.719965 -0.184590 0.899342 -12.199875 0.619920 0.075135 8.119275 0.535989 0.000088 3.086891 -1.134730 0.265415 6.687702 -1.031067 0.165098 4.681470 2.950911 -1.615792 3.611729 -0.256859 -1.171572 -4.078595 0.241024 -0.513456 -20.120279 0.000000 0.000000 0.000000 92.711899 -0.536946 10.947358 62.793854 -34.634220 5.403958 -0.556513 14.082863 39.567104 -12.527023 -0.118396 -2.462545 3.484907 -0.817147 43.275940 -0.000005 0.000014 -8.391760 -0.000005 0.000056 -5.853136 0.000019 0.000009 -0.000026 -23.478996 0.072113 4.104542 0.459836 0.003144 -0.008115 0.543571 0.025640 -0.024315 -0.000015 0.000015 -0.000008 -23.139269 0.026304 -1.391343 0.220167 -0.011085 0.004756 0.177808 0.003689 0.010656 0.000015 -0.000013 0.000009 -21.081821 -0.055896 -8.112954 0.509112 0.014239 -0.055972 0.464414 -0.000988 -0.036111 -0.000006 0.000662 0.000007 -17.047655 -0.093980 -15.779160 1.198510 0.021527 -0.045506 1.095651 -0.043583 -0.086343 -0.000106 -0.000002 -0.000025 0.000000 0.000000 0.000000 0.000000 0.000000 0.000000 -88.002823 0.106753 5.486792 -70.005219 22.056105 -7.491251 -0.418600 -10.321927 63.312168 23.102945 -10.062608 -3.314706 -2.319595 0.477882 43.887165 0.000032 0.000024 -5.210330 -0.000138 -0.000035 -3.742175 -0.000715 0.000012 0.000465 32.117348 0.039831 12.643980 -1.806640 -0.007879 0.033466 -1.938295 0.027686 -0.022959 -0.000014 0.000573 -0.000006 29.019693 0.032938 5.939284 -1.473371 -0.012647 -0.018298 -1.280175 0.004943 -0.008658 0.000519 -0.000032 -0.000225 24.209082 -0.029960 -2.705098 -0.956322 0.018952 0.019974 -0.661061 -0.009223 0.021937 0.000233 0.000015 0.000006 19.466139 -0.045332 -11.325433 -0.782816 -0.000106 0.154207 -0.949965 -0.048406 0.102489 -0.000327 0.000006 -0.000036 0.000000 0.000000 0.000000 0.000000 0.000000 0.000000 -3.518212 -9.322277 15.723431 -0.120768 -0.837330 7.084804 -0.400240 -8.371677 16.422979 -1.003736 0.989228 -18.329979 0.000000 0.000000 0.000000 0.000000 0.000000 0.000000 0.000000 0.000000 0.000000 -0.170204 -3.170207 11.233951 0.105738 0.456760 11.572762 3.112833 1.746323 14.896840 0.373671 -0.487118 -20.186960 0.000000 0.000000 0.000000 0.000000 0.000000 0.000000 0.000000 0.000000 0.000000 
0.729790 88.308380 4.723857 -0.163581 0.921552 -12.224605 0.622716 0.080003 8.120718 0.582967 -0.006448 3.057524 -1.165769 0.315892 6.747822 -1.045494 0.174017 4.692732 2.905468 -1.604477 3.555268 -0.246053 -1.154142 -4.119137 0.250754 -0.518090 -20.118893 0.000000 0.000000 0.000000 92.667168 -0.527070 10.969545 62.755692 -34.496990 5.230198 -0.568699 14.085999 40.389080 -13.514213 -0.359547 -1.789055 3.516470 -0.822538 43.259354 -0.000005 0.000014 -8.487069 -0.000005 0.000057 -5.923146 0.000020 0.000009 -0.000026 -23.356573 0.070623 4.031799 0.455513 0.002270 -0.012279 0.537970 0.025134 -0.028463 -0.000015 0.000015 -0.000008 -22.983089 0.025771 -1.416707 0.236720 -0.011368 0.002827 0.188872 0.003572 0.009226 0.000016 -0.000012 0.000009 -20.898241 -0.055483 -8.113259 0.542122 0.014983 -0.054025 0.491926 -0.000506 -0.034880 -0.000006 0.000643 0.000007 -16.895561 -0.094350 -15.759171 1.248678 0.023675 -0.038984 1.145188 -0.042856 -0.079464 -0.000112 -0.000003 -0.000025 0.000000 0.000000 0.000000 0.000000 0.000000 0.000000 -88.014763 0.129618 5.484151 -69.873947 22.016527 -7.625461 -0.412197 -10.373753 64.675171 24.177982 -9.481696 -2.374176 -2.297024 0.475347 43.896229 0.000032 0.000024 -5.159955 -0.000137 -0.000035 -3.704322 -0.000751 0.000012 0.000496 32.165565 0.038286 12.691104 -1.725806 -0.009575 0.028639 -1.858410 0.025864 -0.025588 -0.000014 0.000572 -0.000006 29.063208 0.032703 6.004356 -1.410040 -0.013358 -0.019277 -1.218231 0.004519 -0.009299 0.000532 -0.000031 -0.000224 24.218882 -0.030294 -2.642550 -0.925110 0.019620 0.019287 -0.630827 -0.009025 0.021065 0.000260 0.000015 0.000006 19.445143 -0.047120 -11.260729 -0.791187 0.000934 0.150318 -0.962625 -0.047855 0.097918 -0.000366 0.000006 -0.000036 0.000000 0.000000 0.000000 0.000000 0.000000 0.000000 -3.555556 -9.335033 15.763468 -0.121766 -0.841497 7.049369 -0.378359 -8.350081 16.431566 -1.013001 0.991234 -18.306046 0.000000 0.000000 0.000000 0.000000 0.000000 0.000000 0.000000 0.000000 0.000000 -0.195099 -3.173235 11.280412 0.106704 0.453881 11.553002 3.103797 1.764190 14.899350 0.370221 -0.488423 -20.173834 0.000000 0.000000 0.000000 0.000000 0.000000 0.000000 0.000000 0.000000 0.000000 
0.741975 88.310333 4.726975 -0.142632 0.949472 -12.245765 0.622599 0.085010 8.119474 0.630915 -0.014141 3.029061 -1.201503 0.362713 6.797515 -1.056130 0.180575 4.703839 2.856838 -1.592154 3.512641 -0.235847 -1.135262 -4.152432 0.258811 -0.523470 -20.126553 0.000000 0.000000 0.000000 92.627289 -0.518332 10.975052 62.711384 -34.289845 5.019261 -0.583418 14.102557 41.375824 -14.467148 -0.526518 -1.091700 3.569865 -0.832068 43.232368 -0.000005 0.000014 -8.635452 -0.000006 0.000057 -6.030689 0.000020 0.000009 -0.000026 -23.105923 0.069073 3.941326 0.451675 0.001883 -0.017387 0.532558 0.025096 -0.033397 -0.000015 0.000014 -0.000008 -22.694601 0.025152 -1.457904 0.252963 -0.011427 0.000576 0.199995 0.003644 0.007478 0.000016 -0.000011 0.000009 -20.577507 -0.054979 -8.121862 0.573177 0.015346 -0.051628 0.518188 -0.000320 -0.033300 -0.000006 0.000616 0.000008 -16.613516 -0.094404 -15.742519 1.295404 0.024669 -0.031313 1.190535 -0.042962 -0.071746 -0.000119 -0.000003 -0.000025 0.000000 0.000000 0.000000 0.000000 0.000000 0.000000 -88.029938 0.151387 5.474266 -69.746788 21.917967 -7.764773 -0.407689 -10.451057 66.085304 25.134052 -9.043635 -1.444568 -2.288097 0.476034 43.898148 0.000032 0.000025 -5.145603 -0.000135 -0.000034 -3.691471 -0.000790 0.000012 0.000536 32.106098 0.036781 12.730648 -1.646937 -0.010955 0.024463 -1.780044 0.024306 -0.027652 -0.000014 0.000570 -0.000007 29.000347 0.032486 6.061235 -1.348537 -0.013952 -0.020083 -1.158193 0.004187 -0.009776 0.000542 -0.000031 -0.000224 24.117392 -0.030667 -2.588956 -0.895772 0.020054 0.018409 -0.601413 -0.008944 0.020075 0.000275 0.000015 0.000005 19.313725 -0.048937 -11.205831 -0.802917 0.001552 0.146475 -0.977209 -0.047629 0.093329 -0.000402 0.000006 -0.000036 0.000000 0.000000 0.000000 0.000000 0.000000 0.000000 -3.592047 -9.346219 15.799561 -0.122877 -0.846099 7.018903 -0.353264 -8.332218 16.439049 -1.022246 0.993933 -18.281645 0.000000 0.000000 0.000000 0.000000 0.000000 0.000000 0.000000 0.000000 0.000000 -0.222681 -3.182653 11.324489 0.107412 0.450169 11.535634 3.092583 1.783292 14.902253 0.366580 -0.489780 -20.161251 0.000000 0.000000 0.000000 0.000000 0.000000 0.000000 0.000000 0.000000 0.000000 
0.753555 88.311775 4.729413 -0.122342 0.983381 -12.263803 0.619832 0.089999 8.116076 0.679357 -0.023001 3.001769 -1.241044 0.406399 6.835540 -1.063119 0.184953 4.714473 2.804135 -1.577064 3.483267 -0.226757 -1.114656 -4.178433 0.265557 -0.529082 -20.142296 0.000000 0.000000 0.000000 92.591316 -0.510635 10.965087 62.658562 -34.009594 4.779450 -0.600621 14.133573 42.533031 -15.379729 -0.621445 -0.384405 3.644955 -0.845710 43.195103 -0.000006 0.000013 -8.836197 -0.000006 0.000057 -6.175147 0.000020 0.000009 -0.000026 -22.728210 0.067436 3.831321 0.446136 0.002016 -0.023194 0.525219 0.025561 -0.038891 -0.000014 0.000014 -0.000008 -22.275623 0.024433 -1.516500 0.266571 -0.011257 -0.001900 0.209072 0.003906 0.005497 0.000016 -0.000011 0.000009 -20.120584 -0.054388 -8.139932 0.600223 0.015280 -0.048889 0.541268 -0.000461 -0.031471 -0.000006 0.000579 0.000008 -16.200405 -0.094088 -15.729510 1.337169 0.024349 -0.022814 1.230556 -0.044010 -0.063439 -0.000128 -0.000004 -0.000026 0.000000 0.000000 0.000000 0.000000 0.000000 0.000000 -88.046394 0.171586 5.457051 -69.621704 21.759275 -7.900378 -0.404885 -10.547024 67.525116 25.954987 -8.759665 -0.549554 -2.293221 0.480085 43.892696 0.000032 0.000025 -5.168020 -0.000133 -0.000033 -3.704268 -0.000829 0.000012 0.000585 31.938587 0.035334 12.759562 -1.568480 -0.011984 0.020701 -1.701752 0.023040 -0.029450 -0.000014 0.000567 -0.000007 28.831125 0.032290 6.107338 -1.287244 -0.014417 -0.020808 -1.098800 0.003952 -0.010170 0.000552 -0.000030 -0.000223 23.904152 -0.031061 -2.545918 -0.867650 0.020244 0.017448 -0.572165 -0.008977 0.019069 0.000276 0.000015 0.000005 19.070717 -0.050643 -11.162273 -0.818442 0.001682 0.142675 -0.994022 -0.047799 0.088823 -0.000437 0.000006 -0.000036 0.000000 0.000000 0.000000 0.000000 0.000000 0.000000 -3.626921 -9.355797 15.831838 -0.124048 -0.850980 6.993651 -0.326287 -8.317787 16.445282 -1.031411 0.997340 -18.256641 0.000000 0.000000 0.000000 0.000000 0.000000 0.000000 0.000000 0.000000 0.000000 -0.251939 -3.198223 11.364868 0.107848 0.445482 11.523387 3.079407 1.803020 14.905318 0.362380 -0.491035 -20.149300 0.000000 0.000000 0.000000 0.000000 0.000000 0.000000 0.000000 0.000000 0.000000 
0.764747 88.312431 4.731341 -0.103311 1.023166 -12.279728 0.615149 0.095150 8.111357 0.728186 -0.032948 2.975304 -1.283022 0.447899 6.861662 -1.066417 0.187321 4.724244 2.746570 -1.558829 3.466062 -0.219200 -1.093089 -4.197433 0.271491 -0.534793 -20.164764 0.000000 0.000000 0.000000 92.559990 -0.504342 10.940489 62.594925 -33.656509 4.519382 -0.619672 14.178489 43.850536 -16.242355 -0.653160 0.319433 3.741367 -0.863228 43.147915 -0.000006 0.000013 -9.088017 -0.000007 0.000057 -6.355379 0.000021 0.000009 -0.000026 -22.228729 0.065755 3.703409 0.438827 0.002760 -0.029327 0.515928 0.026614 -0.044600 -0.000014 0.000013 -0.000008 -21.732527 0.023641 -1.591234 0.277286 -0.010837 -0.004473 0.215931 0.004381 0.003401 0.000016 -0.000012 0.000009 -19.533836 -0.053758 -8.166112 0.623327 0.014712 -0.045914 0.561339 -0.000971 -0.029476 -0.000007 0.000535 0.000008 -15.660396 -0.093461 -15.717812 1.374747 0.022486 -0.013670 1.266438 -0.046213 -0.054647 -0.000139 -0.000004 -0.000026 0.000000 0.000000 0.000000 0.000000 0.000000 0.000000 -88.063560 0.190002 5.432314 -69.494446 21.537853 -8.024951 -0.403516 -10.657306 68.980141 26.625235 -8.638894 0.294632 -2.313683 0.487601 43.879467 0.000032 0.000025 -5.229438 -0.000131 -0.000033 -3.744385 -0.000866 0.000012 0.000642 31.662304 0.034022 12.775525 -1.491820 -0.012676 0.016864 -1.625034 0.022054 -0.031413 -0.000014 0.000563 -0.000008 28.555218 0.032151 6.140016 -1.227358 -0.014766 -0.021612 -1.041583 0.003802 -0.010627 0.000560 -0.000029 -0.000223 23.579437 -0.031481 -2.515443 -0.843120 0.020186 0.016577 -0.545620 -0.009114 0.018190 0.000264 0.000015 0.000005 18.716137 -0.052202 -11.132890 -0.841263 0.001269 0.139073 -1.016724 -0.048420 0.084554 -0.000468 0.000006 -0.000036 0.000000 0.000000 0.000000 0.000000 0.000000 0.000000 -3.658785 -9.363268 15.861310 -0.125203 -0.855923 6.973753 -0.298803 -8.305943 16.449415 -1.040268 1.001416 -18.230618 0.000000 0.000000 0.000000 0.000000 0.000000 0.000000 0.000000 0.000000 0.000000 -0.282374 -3.220122 11.401524 0.108011 0.439741 11.517921 3.064565 1.823306 14.908895 0.357425 -0.492044 -20.138388 0.000000 0.000000 0.000000 0.000000 0.000000 0.000000 0.000000 0.000000 0.000000 
0.776039 88.312065 4.732897 -0.085745 1.068796 -12.293347 0.609249 0.100721 8.106106 0.777466 -0.043771 2.948099 -1.326231 0.488600 6.876757 -1.065782 0.188366 4.731801 2.684950 -1.537528 3.459108 -0.212914 -1.070415 -4.209806 0.276732 -0.540780 -20.190557 0.000000 0.000000 0.000000 92.534409 -0.499715 10.903982 62.525303 -33.237717 4.247848 -0.639487 14.239351 45.297947 -17.047899 -0.625482 1.005974 3.857273 -0.884265 43.091560 -0.000006 0.000013 -9.386788 -0.000007 0.000057 -6.568166 0.000021 0.000009 -0.000026 -21.617527 0.064093 3.559403 0.429822 0.004065 -0.035326 0.504792 0.028235 -0.050091 -0.000014 0.000013 -0.000008 -21.076576 0.022814 -1.679812 0.285012 -0.010198 -0.006984 0.220493 0.005057 0.001339 0.000016 -0.000012 0.000009 -18.828661 -0.053139 -8.196120 0.643080 0.013664 -0.042829 0.578819 -0.001842 -0.027405 -0.000007 0.000488 0.000008 -15.002774 -0.092656 -15.701156 1.409318 0.019117 -0.003990 1.299582 -0.049603 -0.045405 -0.000152 -0.000004 -0.000026 0.000000 0.000000 0.000000 0.000000 0.000000 0.000000 -88.081490 0.206299 5.400453 -69.363480 21.256680 -8.135590 -0.403426 -10.779453 70.431175 27.139910 -8.689057 1.076468 -2.351364 0.498786 43.857716 0.000032 0.000025 -5.334211 -0.000129 -0.000032 -3.814644 -0.000899 0.000012 0.000711 31.271658 0.032973 12.774292 -1.420265 -0.013107 0.012442 -1.553092 0.021296 -0.033966 -0.000014 0.000558 -0.000008 28.167105 0.032120 6.155683 -1.171799 -0.015031 -0.022663 -0.989554 0.003709 -0.011290 0.000566 -0.000028 -0.000223 23.138086 -0.031934 -2.498923 -0.825533 0.019927 0.015964 -0.525392 -0.009331 0.017575 0.000239 0.000015 0.000005 18.245771 -0.053649 -11.117678 -0.874583 0.000391 0.135917 -1.048537 -0.049453 0.080773 -0.000498 0.000006 -0.000036 0.000000 0.000000 0.000000 0.000000 0.000000 0.000000 -3.687137 -9.368782 15.887933 -0.126331 -0.860808 6.957521 -0.271829 -8.296308 16.451246 -1.048842 1.006081 -18.203436 0.000000 0.000000 0.000000 0.000000 0.000000 0.000000 0.000000 0.000000 0.000000 -0.313571 -3.247655 11.433336 0.107925 0.433040 11.519381 3.048237 1.844410 14.912507 0.351664 -0.492827 -20.128462 0.000000 0.000000 0.000000 0.000000 0.000000 0.000000 0.000000 0.000000 0.000000 
0.787850 88.310516 4.733892 -0.069630 1.120708 -12.303601 0.602437 0.106904 8.099791 0.828367 -0.055542 2.919445 -1.370031 0.531016 6.881814 -1.061819 0.189267 4.736745 2.620138 -1.514134 3.459045 -0.207471 -1.047048 -4.217087 0.281469 -0.547514 -20.216593 0.000000 0.000000 0.000000 92.516052 -0.497487 10.859288 62.451687 -32.758713 3.973724 -0.658608 14.322645 46.842319 -17.785313 -0.519376 1.659694 3.992448 -0.908767 43.026028 -0.000006 0.000013 -9.731919 -0.000007 0.000057 -6.813035 0.000021 0.000009 -0.000026 -20.898239 0.062495 3.393480 0.418332 0.005854 -0.040845 0.490928 0.030386 -0.055008 -0.000014 0.000013 -0.000008 -20.310894 0.021978 -1.786129 0.288937 -0.009385 -0.009273 0.222041 0.005902 -0.000532 0.000016 -0.000013 0.000008 -18.006479 -0.052551 -8.230674 0.659599 0.012209 -0.039931 0.593632 -0.003013 -0.025472 -0.000007 0.000438 0.000009 -14.226772 -0.091709 -15.678130 1.442109 0.014442 0.005475 1.331261 -0.054082 -0.036329 -0.000169 -0.000005 -0.000027 0.000000 0.000000 0.000000 0.000000 0.000000 0.000000 -88.101913 0.221055 5.361834 -69.223572 20.918907 -8.232537 -0.403786 -10.910831 71.871552 27.494736 -8.916386 1.784326 -2.409477 0.513941 43.826187 0.000032 0.000025 -5.489992 -0.000126 -0.000031 -3.920301 -0.000929 0.000012 0.000792 30.754622 0.032272 12.751347 -1.358176 -0.013224 0.007672 -1.490359 0.020842 -0.036951 -0.000014 0.000551 -0.000009 27.654802 0.032234 6.150888 -1.124818 -0.015193 -0.023882 -0.946813 0.003689 -0.012110 0.000570 -0.000027 -0.000223 22.568560 -0.032403 -2.498794 -0.819099 0.019439 0.015486 -0.515828 -0.009655 0.017142 0.000201 0.000015 0.000005 17.649502 -0.054905 -11.117549 -0.921869 -0.001014 0.132755 -1.092945 -0.050983 0.077183 -0.000524 0.000006 -0.000036 0.000000 0.000000 0.000000 0.000000 0.000000 0.000000 -3.712923 -9.373391 15.911107 -0.127495 -0.865724 6.943132 -0.245700 -8.288129 16.451420 -1.057337 1.011358 -18.175529 0.000000 0.000000 0.000000 0.000000 0.000000 0.000000 0.000000 0.000000 0.000000 -0.345226 -3.281624 11.458925 0.107616 0.425518 11.527300 3.030667 1.864569 14.915312 0.344862 -0.493510 -20.119226 0.000000 0.000000 0.000000 0.000000 0.000000 0.000000 0.000000 0.000000 0.000000 
0.800460 88.307655 4.734205 -0.054727 1.179574 -12.309964 0.595151 0.113981 8.092548 0.880925 -0.068103 2.888521 -1.413456 0.576295 6.878894 -1.054710 0.190657 4.739143 2.553820 -1.489573 3.462933 -0.202609 -1.023404 -4.220844 0.285614 -0.555324 -20.240498 0.000000 0.000000 0.000000 92.505653 -0.497976 10.808902 62.377682 -32.226368 3.703426 -0.675994 14.430433 48.450607 -18.445961 -0.328910 2.266515 4.146056 -0.936432 42.951794 -0.000007 0.000013 -10.121071 -0.000008 0.000057 -7.088242 0.000021 0.000009 -0.000025 -20.079327 0.060978 3.204432 0.407236 0.008110 -0.045686 0.477155 0.033068 -0.059192 -0.000014 0.000013 -0.000008 -19.444380 0.021151 -1.909876 0.291864 -0.008409 -0.011284 0.223349 0.006911 -0.002151 0.000016 -0.000013 0.000008 -17.076719 -0.052021 -8.267081 0.676558 0.010386 -0.037318 0.609399 -0.004459 -0.023731 -0.000008 0.000389 0.000009 -13.341022 -0.090668 -15.643744 1.477147 0.008574 0.014472 1.365577 -0.059611 -0.027639 -0.000188 -0.000005 -0.000028 0.000000 0.000000 0.000000 0.000000 0.000000 0.000000 -88.126411 0.234515 5.316044 -69.074257 20.530239 -8.321711 -0.404142 -11.050304 73.296783 27.689207 -9.319900 2.410356 -2.492545 0.533490 43.783131 0.000032 0.000025 -5.707414 -0.000124 -0.000030 -4.068584 -0.000957 0.000012 0.000886 30.094030 0.031955 12.701292 -1.312026 -0.012976 0.002917 -1.443265 0.020765 -0.040038 -0.000014 0.000544 -0.000009 27.001310 0.032513 6.121686 -1.092352 -0.015228 -0.025133 -0.919054 0.003765 -0.012990 0.000569 -0.000027 -0.000224 21.854364 -0.032878 -2.516629 -0.829320 0.018694 0.014985 -0.522569 -0.010118 0.016753 0.000152 0.000015 0.000005 16.913036 -0.055993 -11.130647 -0.987522 -0.003015 0.129201 -1.154333 -0.053075 0.073439 -0.000548 0.000005 -0.000036 0.000000 0.000000 0.000000 0.000000 0.000000 0.000000 -3.736383 -9.377320 15.931021 -0.128696 -0.870619 6.929474 -0.220646 -8.281127 16.449390 -1.065723 1.017124 -18.147348 0.000000 0.000000 0.000000 0.000000 0.000000 0.000000 0.000000 0.000000 0.000000 -0.377152 -3.321475 11.477676 0.107117 0.417438 11.540815 3.011922 1.882339 14.916891 0.337083 -0.494178 -20.110865 0.000000 0.000000 0.000000 0.000000 0.000000 0.000000 0.000000 0.000000 0.000000 
0.813971 88.303368 4.733898 -0.040688 1.245983 -12.312304 0.587727 0.122080 8.085186 0.933995 -0.081077 2.854149 -1.454950 0.624046 6.870835 -1.044107 0.192630 4.738948 2.487028 -1.463257 3.468658 -0.198214 -0.998587 -4.222024 0.288484 -0.564276 -20.260029 0.000000 0.000000 0.000000 92.502747 -0.501089 10.755148 62.309307 -31.652857 3.442113 -0.690819 14.562549 50.084549 -19.022797 -0.062228 2.812708 4.316062 -0.966704 42.869915 -0.000007 0.000013 -10.549035 -0.000008 0.000056 -7.390017 0.000021 0.000008 -0.000025 -19.174854 0.059544 2.994572 0.401261 0.010766 -0.049569 0.468202 0.036207 -0.062450 -0.000013 0.000013 -0.000008 -18.492395 0.020352 -2.047036 0.298309 -0.007289 -0.012960 0.228732 0.008058 -0.003450 0.000016 -0.000014 0.000008 -16.056936 -0.051582 -8.298728 0.699218 0.008268 -0.035007 0.631411 -0.006135 -0.022179 -0.000008 0.000341 0.000009 -12.363409 -0.089621 -15.588108 1.519456 0.001686 0.022982 1.407632 -0.066075 -0.019353 -0.000209 -0.000005 -0.000028 0.000000 0.000000 0.000000 0.000000 0.000000 0.000000 -88.155212 0.246476 5.262854 -68.920815 20.100353 -8.411263 -0.404977 -11.197113 74.692589 27.730251 -9.885242 2.948199 -2.605358 0.557868 43.726723 0.000032 0.000025 -5.997685 -0.000121 -0.000029 -4.266811 -0.000980 0.000012 0.000991 29.270760 0.032007 12.614948 -1.289149 -0.012370 -0.001625 -1.418993 0.021082 -0.043006 -0.000013 0.000539 -0.000009 26.188019 0.032961 6.062241 -1.080743 -0.015129 -0.026313 -0.912281 0.003939 -0.013857 0.000563 -0.000026 -0.000225 20.977468 -0.033353 -2.552403 -0.861720 0.017705 0.014382 -0.551252 -0.010726 0.016312 0.000094 0.000015 0.000005 16.021446 -0.057014 -11.150185 -1.075459 -0.005595 0.125181 -1.236608 -0.055701 0.069369 -0.000570 0.000005 -0.000036 0.000000 0.000000 0.000000 0.000000 0.000000 0.000000 -3.757243 -9.380510 15.948247 -0.129899 -0.875327 6.915702 -0.196931 -8.275448 16.443956 -1.073857 1.023129 -18.119242 0.000000 0.000000 0.000000 0.000000 0.000000 0.000000 0.000000 0.000000 0.000000 -0.408413 -3.364564 11.489442 0.106479 0.409106 11.558648 2.991933 1.896451 14.917150 0.328637 -0.494821 -20.103909 0.000000 0.000000 0.000000 0.000000 0.000000 0.000000 0.000000 0.000000 0.000000 
0.828175 88.297577 4.733184 -0.027189 1.319912 -12.311204 0.580634 0.131075 8.078198 0.986211 -0.094103 2.815430 -1.492789 0.673526 6.861115 -1.030175 0.195103 4.736428 2.419437 -1.433934 3.474228 -0.194310 -0.970978 -4.221587 0.289136 -0.574362 -20.274099 0.000000 0.000000 0.000000 92.507217 -0.506936 10.699821 62.246460 -31.048508 3.194019 -0.702456 14.720071 51.711693 -19.499956 0.279339 3.287225 4.502110 -0.999347 42.780594 -0.000007 0.000013 -11.014668 -0.000008 0.000056 -7.717512 0.000021 0.000008 -0.000026 -18.190508 0.058244 2.760687 0.404279 0.013701 -0.052074 0.467972 0.039655 -0.064436 -0.000013 0.000013 -0.000008 -17.460550 0.019614 -2.197735 0.312202 -0.006075 -0.014175 0.241882 0.009288 -0.004296 0.000016 -0.000014 0.000008 -14.952489 -0.051256 -8.321955 0.733018 0.005986 -0.033098 0.665206 -0.007943 -0.020886 -0.000009 0.000295 0.000009 -11.299318 -0.088642 -15.503680 1.575110 -0.005900 0.030784 1.463518 -0.073220 -0.011678 -0.000230 -0.000005 -0.000029 0.000000 0.000000 0.000000 0.000000 0.000000 0.000000 -88.189774 0.257324 5.201746 -68.767975 19.635725 -8.508050 -0.407700 -11.350919 76.045578 27.619019 -10.594859 3.390053 -2.753274 0.587634 43.654701 0.000032 0.000025 -6.373584 -0.000117 -0.000028 -4.523389 -0.000999 0.000012 0.001106 28.260340 0.032399 12.478818 -1.293454 -0.011468 -0.005933 -1.421316 0.021747 -0.045816 -0.000013 0.000535 -0.000010 25.191584 0.033572 5.963727 -1.093343 -0.014915 -0.027395 -0.929450 0.004201 -0.014707 0.000554 -0.000025 -0.000226 19.914587 -0.033828 -2.607870 -0.920030 0.016499 0.013644 -0.605596 -0.011474 0.015751 0.000031 0.000015 0.000005 14.954742 -0.058014 -11.170655 -1.189386 -0.008732 0.120629 -1.343466 -0.058827 0.064829 -0.000590 0.000005 -0.000036 0.000000 0.000000 0.000000 0.000000 0.000000 0.000000 -3.775541 -9.382891 15.964234 -0.131083 -0.879806 6.901073 -0.174332 -8.270395 16.434298 -1.081625 1.029161 -18.091560 0.000000 0.000000 0.000000 0.000000 0.000000 0.000000 0.000000 0.000000 0.000000 -0.437681 -3.408637 11.495509 0.105752 0.400818 11.579278 2.970776 1.904252 14.916286 0.319767 -0.495372 -20.098969 0.000000 0.000000 0.000000 0.000000 0.000000 0.000000 0.000000 0.000000 0.000000 
0.842708 88.290489 4.732486 -0.013936 1.400608 -12.306301 0.574060 0.140731 8.071300 1.035479 -0.106686 2.771153 -1.525776 0.723211 6.853004 -1.013574 0.198084 4.731817 2.350477 -1.399016 3.475608 -0.190757 -0.936803 -4.221005 0.286276 -0.585300 -20.281298 0.000000 0.000000 0.000000 92.519196 -0.515775 10.644238 62.191685 -30.423550 2.961772 -0.710701 14.901113 53.295681 -19.854057 0.704919 3.675614 4.706336 -1.034776 42.682491 -0.000008 0.000013 -11.523857 -0.000007 0.000056 -8.074579 0.000021 0.000008 -0.000026 -17.114193 0.057091 2.492614 0.418897 0.016671 -0.052790 0.479125 0.043152 -0.064794 -0.000013 0.000013 -0.000009 -16.336493 0.018945 -2.366726 0.336228 -0.004859 -0.014800 0.265260 0.010504 -0.004554 0.000016 -0.000014 0.000008 -13.749996 -0.051045 -8.334803 0.782317 0.003768 -0.031765 0.715132 -0.009725 -0.019968 -0.000009 0.000256 0.000009 -10.136909 -0.087763 -15.382838 1.648996 -0.013560 0.037406 1.538036 -0.080539 -0.004952 -0.000249 -0.000005 -0.000030 0.000000 0.000000 0.000000 0.000000 0.000000 0.000000 -88.231827 0.268079 5.132612 -68.621811 19.139366 -8.616926 -0.414781 -11.510410 77.335327 27.350946 -11.437373 3.719959 -2.942349 0.623739 43.563992 0.000031 0.000026 -6.851301 -0.000114 -0.000027 -4.849152 -0.001010 0.000012 0.001227 27.025814 0.033106 12.270523 -1.321832 -0.010503 -0.010693 -1.446812 0.022541 -0.049017 -0.000012 0.000534 -0.000010 23.976721 0.034335 5.810412 -1.127209 -0.014663 -0.028628 -0.967105 0.004484 -0.015752 0.000543 -0.000025 -0.000228 18.628973 -0.034261 -2.689591 -1.003829 0.015193 0.013012 -0.685230 -0.012296 0.015223 -0.000035 0.000015 0.000005 13.680861 -0.058902 -11.190047 -1.331492 -0.012180 0.116207 -1.476651 -0.062238 0.060316 -0.000608 0.000005 -0.000036 0.000000 0.000000 0.000000 0.000000 0.000000 0.000000 -3.791657 -9.384192 15.978707 -0.132317 -0.884295 6.884767 -0.151754 -8.264924 16.420309 -1.089025 1.035143 -18.064888 0.000000 0.000000 0.000000 0.000000 0.000000 0.000000 0.000000 0.000000 0.000000 -0.463529 -3.451738 11.496375 0.104971 0.392849 11.601200 2.948264 1.903962 14.914158 0.310810 -0.495724 -20.096685 0.000000 0.000000 0.000000 0.000000 0.000000 0.000000 0.000000 0.000000 0.000000 
0.857024 88.282440 4.732281 -0.001127 1.486609 -12.297675 0.568249 0.150873 8.064088 1.079805 -0.118373 2.720954 -1.552949 0.771889 6.849340 -0.995467 0.201813 4.725791 2.280135 -1.356284 3.468254 -0.187236 -0.893063 -4.221815 0.279280 -0.596510 -20.280836 0.000000 0.000000 0.000000 92.539146 -0.527622 10.589333 62.146172 -29.783693 2.748586 -0.715360 15.102655 54.796516 -20.055662 1.229067 3.963593 4.931992 -1.073553 42.573761 -0.000008 0.000014 -12.085028 -0.000007 0.000056 -8.467031 0.000021 0.000008 -0.000026 -15.928573 0.056104 2.177257 0.446573 0.019432 -0.051282 0.503058 0.046453 -0.063075 -0.000013 0.000013 -0.000009 -15.103498 0.018339 -2.562380 0.372030 -0.003736 -0.014676 0.300396 0.011612 -0.004062 0.000016 -0.000014 0.000008 -12.431990 -0.050912 -8.340740 0.850327 0.001820 -0.031274 0.784372 -0.011316 -0.019612 -0.000010 0.000227 0.000009 -8.860250 -0.086915 -15.225529 1.745257 -0.020687 0.042176 1.635171 -0.087512 0.000353 -0.000264 -0.000005 -0.000030 0.000000 0.000000 0.000000 0.000000 0.000000 0.000000 -88.283623 0.280053 5.055764 -68.485794 18.607243 -8.738654 -0.428320 -11.674953 78.541603 26.905048 -12.415020 3.920597 -3.178411 0.667201 43.451283 0.000031 0.000026 -7.447297 -0.000110 -0.000026 -5.255644 -0.001012 0.000011 0.001348 25.527004 0.034115 11.962207 -1.362563 -0.009816 -0.017191 -1.483493 0.023128 -0.053718 -0.000012 0.000533 -0.000010 22.505451 0.035232 5.581259 -1.171912 -0.014500 -0.030500 -1.014434 0.004682 -0.017401 0.000534 -0.000024 -0.000230 17.081095 -0.034579 -2.810148 -1.108285 0.013946 0.012947 -0.785510 -0.013088 0.015097 -0.000101 0.000015 0.000005 12.165124 -0.059424 -11.214705 -1.503271 -0.015590 0.113059 -1.637216 -0.065644 0.056802 -0.000625 0.000004 -0.000037 0.000000 0.000000 0.000000 0.000000 0.000000 0.000000 -3.805292 -9.384109 15.991385 -0.133650 -0.889022 6.866488 -0.128444 -8.257768 16.402534 -1.096001 1.041089 -18.039730 0.000000 0.000000 0.000000 0.000000 0.000000 0.000000 0.000000 0.000000 0.000000 -0.484256 -3.492329 11.493032 0.104165 0.385410 11.623756 2.924368 1.895162 14.910239 0.302114 -0.495631 -20.097178 0.000000 0.000000 0.000000 0.000000 0.000000 0.000000 0.000000 0.000000 0.000000 
0.870533 88.273994 4.732949 0.010640 1.575930 -12.286244 0.563814 0.161340 8.056523 1.117644 -0.128756 2.665320 -1.573496 0.818847 6.851981 -0.976793 0.206383 4.719155 2.209401 -1.304864 3.450920 -0.183252 -0.838957 -4.223786 0.268565 -0.607355 -20.272844 0.000000 0.000000 0.000000 92.567993 -0.542074 10.535125 62.112041 -29.130564 2.555285 -0.716495 15.320258 56.177044 -20.074236 1.853937 4.140189 5.180815 -1.115936 42.453289 -0.000009 0.000014 -12.703045 -0.000007 0.000056 -8.898262 0.000020 0.000008 -0.000026 -14.620993 0.055354 1.807328 0.487523 0.021591 -0.046862 0.539815 0.049163 -0.058567 -0.000013 0.000013 -0.000009 -13.752158 0.017797 -2.791209 0.419932 -0.002861 -0.013550 0.347541 0.012479 -0.002597 0.000016 -0.000014 0.000008 -10.992363 -0.050823 -8.347880 0.938117 0.000406 -0.031979 0.873872 -0.012517 -0.020076 -0.000011 0.000212 0.000009 -7.467517 -0.086040 -15.040956 1.865309 -0.026551 0.044233 1.756286 -0.093493 0.003548 -0.000272 -0.000005 -0.000031 0.000000 0.000000 0.000000 0.000000 0.000000 0.000000 -88.347473 0.294311 4.971678 -68.363846 18.030010 -8.870799 -0.449356 -11.847652 79.645943 26.244061 -13.546048 3.983315 -3.465982 0.718844 43.313770 0.000030 0.000026 -8.174362 -0.000107 -0.000025 -5.752135 -0.001004 0.000011 0.001466 23.729267 0.035452 11.528112 -1.400389 -0.009832 -0.026688 -1.515936 0.023083 -0.061026 -0.000011 0.000531 -0.000010 20.746098 0.036234 5.255919 -1.214298 -0.014595 -0.033475 -1.058139 0.004658 -0.020022 0.000525 -0.000024 -0.000232 15.240079 -0.034737 -2.984119 -1.228083 0.012981 0.013823 -0.901384 -0.013699 0.015711 -0.000165 0.000015 0.000005 10.381698 -0.059398 -11.257071 -1.707251 -0.018456 0.111969 -1.827666 -0.068650 0.054990 -0.000640 0.000004 -0.000037 0.000000 0.000000 0.000000 0.000000 0.000000 0.000000 -3.815510 -9.383007 16.003399 -0.135044 -0.894048 6.845732 -0.104433 -8.248103 16.381832 -1.102408 1.046986 -18.016285 0.000000 0.000000 0.000000 0.000000 0.000000 0.000000 0.000000 0.000000 0.000000 -0.498404 -3.529113 11.487612 0.103344 0.378628 11.645910 2.899794 1.878859 14.904641 0.293968 -0.494771 -20.100061 0.000000 0.000000 0.000000 0.000000 0.000000 0.000000 0.000000 0.000000 0.000000 
0.882875 88.265938 4.734362 0.020823 1.666459 -12.272065 0.561161 0.171905 8.048457 1.148006 -0.137491 2.605755 -1.587641 0.864270 6.860177 -0.958017 0.212102 4.711961 2.141892 -1.245736 3.423971 -0.178222 -0.775165 -4.225814 0.255260 -0.617193 -20.256609 0.000000 0.000000 0.000000 92.606140 -0.558458 10.481837 62.095745 -28.465498 2.382474 -0.713978 15.551030 57.399158 -19.884153 2.570671 4.191419 5.453012 -1.161868 42.320702 -0.000009 0.000014 -13.379252 -0.000006 0.000056 -9.369228 0.000020 0.000008 -0.000026 -13.185216 0.054898 1.380491 0.542451 0.022606 -0.038817 0.589914 0.050767 -0.050569 -0.000013 0.000014 -0.000010 -12.281805 0.017309 -3.057910 0.480452 -0.002447 -0.011166 0.407245 0.012937 0.000038 0.000016 -0.000013 0.000008 -9.438034 -0.050725 -8.367398 1.045479 -0.000176 -0.034250 0.983130 -0.013121 -0.021623 -0.000011 0.000214 0.000009 -5.972926 -0.085078 -14.844825 2.007753 -0.030324 0.042561 1.899984 -0.097763 0.003806 -0.000272 -0.000005 -0.000031 0.000000 0.000000 0.000000 0.000000 0.000000 0.000000 -88.424149 0.311158 4.882302 -68.260323 17.404675 -9.008894 -0.477837 -12.033420 80.625877 25.328806 -14.849962 3.907686 -3.807951 0.779100 43.149609 0.000030 0.000027 -9.040186 -0.000105 -0.000024 -6.344593 -0.000985 0.000011 0.001579 21.610086 0.037149 10.947009 -1.427135 -0.010884 -0.039443 -1.535930 0.022078 -0.071190 -0.000010 0.000525 -0.000010 18.679609 0.037300 4.817912 -1.248443 -0.015087 -0.037606 -1.092344 0.004309 -0.023640 0.000512 -0.000024 -0.000235 13.091079 -0.034699 -3.223747 -1.365423 0.012500 0.015511 -1.035396 -0.014000 0.017042 -0.000223 0.000014 0.000005 8.321317 -0.058738 -11.328815 -1.951308 -0.020299 0.112316 -2.056241 -0.070911 0.054456 -0.000652 0.000003 -0.000037 0.000000 0.000000 0.000000 0.000000 0.000000 0.000000 -3.822201 -9.382082 16.015316 -0.136486 -0.899468 6.820981 -0.079573 -8.235348 16.359406 -1.108178 1.052941 -17.994619 0.000000 0.000000 0.000000 0.000000 0.000000 0.000000 0.000000 0.000000 0.000000 -0.505549 -3.561504 11.480850 0.102516 0.372584 11.666208 2.875670 1.857564 14.897557 0.286616 -0.492912 -20.104797 0.000000 0.000000 0.000000 0.000000 0.000000 0.000000 0.000000 0.000000 0.000000 
0.893797 88.258881 4.736364 0.028807 1.756016 -12.255506 0.560278 0.182312 8.040434 1.169982 -0.144209 2.543530 -1.595462 0.908009 6.873218 -0.938650 0.219315 4.703062 2.082381 -1.180481 3.387455 -0.171677 -0.703066 -4.227574 0.240524 -0.625399 -20.231356 0.000000 0.000000 0.000000 92.652931 -0.575716 10.430135 62.106304 -27.796175 2.233320 -0.707232 15.790898 58.417206 -19.473452 3.351643 4.104060 5.747528 -1.210981 42.176319 -0.000009 0.000015 -14.112228 -0.000005 0.000056 -9.878808 0.000020 0.000008 -0.000027 -11.621631 0.054749 0.900433 0.616570 0.021879 -0.026578 0.658665 0.050698 -0.038553 -0.000013 0.000014 -0.000010 -10.699238 0.016847 -3.362891 0.558806 -0.002714 -0.007378 0.484800 0.012819 0.003927 0.000016 -0.000012 0.000008 -7.786029 -0.050562 -8.407831 1.176802 0.000355 -0.038186 1.116185 -0.012948 -0.024323 -0.000012 0.000235 0.000008 -4.402842 -0.084039 -14.650934 2.174740 -0.031265 0.037020 2.068503 -0.099687 0.001008 -0.000264 -0.000005 -0.000031 0.000000 0.000000 0.000000 0.000000 0.000000 0.000000 -88.512039 0.329784 4.791854 -68.182320 16.739828 -9.146535 -0.513337 -12.235771 81.448189 24.140430 -16.332460 3.705191 -4.202972 0.847607 42.959137 0.000029 0.000027 -10.040422 -0.000103 -0.000023 -7.030464 -0.000956 0.000011 0.001689 19.176001 0.039150 10.208526 -1.445325 -0.013214 -0.054822 -1.546149 0.019889 -0.083624 -0.000009 0.000515 -0.000010 16.316261 0.038356 4.260422 -1.279049 -0.016075 -0.042548 -1.121861 0.003572 -0.027945 0.000490 -0.000024 -0.000236 10.651555 -0.034456 -3.531596 -1.531864 0.012672 0.017468 -1.199337 -0.013897 0.018719 -0.000273 0.000014 0.000005 6.004858 -0.057530 -11.431622 -2.249052 -0.020700 0.112327 -2.337286 -0.072130 0.053754 -0.000663 0.000003 -0.000038 0.000000 0.000000 0.000000 0.000000 0.000000 0.000000 -3.825248 -9.381204 16.027445 -0.137953 -0.905280 6.791891 -0.053399 -8.219957 16.335529 -1.113191 1.059045 -17.974609 0.000000 0.000000 0.000000 0.000000 0.000000 0.000000 0.000000 0.000000 0.000000 -0.505427 -3.588309 11.473921 0.101705 0.367388 11.682349 2.852344 1.834515 14.888558 0.280503 -0.489990 -20.110317 0.000000 0.000000 0.000000 0.000000 0.000000 0.000000 0.000000 0.000000 0.000000 
0.903218 88.253044 4.738903 0.034470 1.842982 -12.237607 0.560698 0.192346 8.033451 1.183670 -0.148688 2.479092 -1.597146 0.950517 6.892058 -0.918386 0.228813 4.691051 2.034633 -1.111477 3.341136 -0.163483 -0.625194 -4.230001 0.225354 -0.631501 -20.197588 0.000000 0.000000 0.000000 92.706696 -0.593009 10.381911 62.145203 -27.138550 2.116082 -0.695181 16.037861 59.181400 -18.845659 4.177911 3.871618 6.063528 -1.262965 42.020367 -0.000009 0.000015 -14.900856 -0.000004 0.000055 -10.425992 0.000020 0.000008 -0.000027 -9.931658 0.054878 0.371532 0.720708 0.018894 -0.009839 0.757168 0.048458 -0.022282 -0.000013 0.000015 -0.000011 -9.009880 0.016377 -3.704883 0.666361 -0.003834 -0.002153 0.591834 0.011996 0.009040 0.000016 -0.000011 0.000008 -6.047781 -0.050271 -8.472873 1.343894 0.002213 -0.043602 1.284647 -0.011877 -0.028052 -0.000012 0.000272 0.000008 -2.774752 -0.082922 -14.466342 2.376659 -0.028860 0.028486 2.272197 -0.098834 -0.004170 -0.000249 -0.000005 -0.000031 0.000000 0.000000 0.000000 0.000000 0.000000 0.000000 -88.608383 0.348886 4.706135 -68.136719 16.057535 -9.275765 -0.554978 -12.453261 82.079712 22.691761 -17.982000 3.396520 -4.641649 0.922715 42.746616 0.000029 0.000028 -11.149432 -0.000102 -0.000022 -7.792237 -0.000917 0.000011 0.001800 16.483849 0.041305 9.324586 -1.466166 -0.016951 -0.071966 -1.558311 0.016398 -0.097554 -0.000008 0.000500 -0.000009 13.716189 0.039315 3.594995 -1.319006 -0.017611 -0.047857 -1.159768 0.002421 -0.032574 0.000459 -0.000024 -0.000238 7.991833 -0.034022 -3.895660 -1.741898 0.013620 0.019202 -1.407717 -0.013331 0.020355 -0.000310 0.000013 0.000005 3.501838 -0.055908 -11.554206 -2.611658 -0.019316 0.110493 -2.683178 -0.072056 0.051549 -0.000673 0.000003 -0.000038 0.000000 0.000000 0.000000 0.000000 0.000000 0.000000 -3.825239 -9.378446 16.039953 -0.139414 -0.911354 6.760059 -0.025622 -8.203298 16.309855 -1.117447 1.065320 -17.955824 0.000000 0.000000 0.000000 0.000000 0.000000 0.000000 0.000000 0.000000 0.000000 -0.498172 -3.608125 11.468731 0.100952 0.363110 11.691931 2.829249 1.812540 14.876544 0.276058 -0.486197 -20.114819 0.000000 0.000000 0.000000 0.000000 0.000000 0.000000 0.000000 0.000000 0.000000 
0.911481 88.248482 4.741401 0.039215 1.926825 -12.219293 0.561044 0.202001 8.028171 1.191909 -0.151497 2.413889 -1.595551 0.995491 6.916542 -0.898777 0.242193 4.675621 2.003255 -1.045654 3.285057 -0.154292 -0.548013 -4.234941 0.211760 -0.635045 -20.156675 0.000000 0.000000 0.000000 92.764488 -0.610296 10.341299 62.196835 -26.513378 2.041605 -0.676955 16.296183 59.661827 -18.020298 5.056900 3.495918 6.398526 -1.317167 41.854221 -0.000009 0.000016 -15.737823 -0.000003 0.000055 -11.005895 0.000019 0.000007 -0.000028 -8.132901 0.055174 -0.201286 0.870395 0.013491 0.010862 0.900893 0.043892 -0.002330 -0.000013 0.000016 -0.000012 -7.231168 0.015863 -4.082127 0.818966 -0.005858 0.004352 0.744898 0.010434 0.015161 0.000016 -0.000010 0.000008 -4.240279 -0.049770 -8.565634 1.561398 0.005407 -0.050283 1.503341 -0.009905 -0.032673 -0.000012 0.000320 0.000008 -1.103303 -0.081566 -14.299342 2.626566 -0.023058 0.017476 2.523953 -0.095151 -0.011415 -0.000230 -0.000005 -0.000030 0.000000 0.000000 0.000000 0.000000 0.000000 0.000000 -88.709305 0.367116 4.630406 -68.127068 15.393280 -9.393713 -0.599563 -12.677345 82.516335 21.020325 -19.753899 3.009691 -5.105429 1.001106 42.521019 0.000028 0.000028 -12.317872 -0.000102 -0.000021 -8.596482 -0.000872 0.000011 0.001908 13.650614 0.043411 8.337459 -1.512243 -0.021902 -0.089815 -1.595936 0.011782 -0.112226 -0.000007 0.000481 -0.000009 10.998314 0.040115 2.855495 -1.390735 -0.019631 -0.053147 -1.229070 0.000922 -0.037239 0.000416 -0.000024 -0.000238 5.245410 -0.033372 -4.294359 -2.007518 0.015320 0.020535 -1.672616 -0.012318 0.021772 -0.000334 0.000013 0.000005 0.942372 -0.053736 -11.682346 -3.038427 -0.016097 0.106570 -3.095031 -0.070634 0.047564 -0.000683 0.000002 -0.000039 0.000000 0.000000 0.000000 0.000000 0.000000 0.000000 -3.825285 -9.372953 16.052895 -0.140884 -0.917549 6.728189 0.003331 -8.186819 16.282661 -1.121236 1.071891 -17.937859 0.000000 0.000000 0.000000 0.000000 0.000000 0.000000 0.000000 0.000000 0.000000 -0.486349 -3.621230 11.466619 0.100253 0.359570 11.693761 2.806514 1.793600 14.861289 0.273126 -0.481896 -20.116282 0.000000 0.000000 0.000000 0.000000 0.000000 0.000000 0.000000 0.000000 0.000000 
0.919018 88.245049 4.743529 0.044989 2.007173 -12.201334 0.559825 0.211438 8.025159 1.198165 -0.153323 2.349694 -1.594928 1.045730 6.945364 -0.881805 0.260608 4.656847 1.992187 -0.991770 3.215765 -0.145260 -0.479020 -4.246664 0.201595 -0.635799 -20.109228 0.000000 0.000000 0.000000 92.820610 -0.627045 10.312914 62.245022 -25.946735 2.014772 -0.652273 16.560970 59.857212 -17.038095 5.987578 2.992311 6.747208 -1.372405 41.680946 -0.000009 0.000017 -16.608067 -0.000002 0.000055 -11.608150 0.000019 0.000007 -0.000028 -6.257317 0.055446 -0.806268 1.091357 0.005770 0.034055 1.115839 0.037103 0.019814 -0.000013 0.000017 -0.000013 -5.393169 0.015257 -4.486267 1.041427 -0.008736 0.011725 0.969438 0.008172 0.021865 0.000016 -0.000010 0.000008 -2.394375 -0.049001 -8.683397 1.848096 0.009841 -0.057933 1.791351 -0.007099 -0.037987 -0.000013 0.000373 0.000008 0.585898 -0.079778 -14.152760 2.937711 -0.013881 0.004119 2.836784 -0.088636 -0.020711 -0.000207 -0.000005 -0.000029 0.000000 0.000000 0.000000 0.000000 0.000000 0.000000 -88.807182 0.383016 4.568451 -68.160072 14.792566 -9.507867 -0.643037 -12.893916 82.781898 19.198933 -21.570801 2.579348 -5.573053 1.078941 42.293110 0.000028 0.000028 -13.490198 -0.000103 -0.000019 -9.405248 -0.000823 0.000010 0.002005 10.810621 0.045263 7.304914 -1.620188 -0.027757 -0.107339 -1.696754 0.006313 -0.126927 -0.000006 0.000458 -0.000009 8.298116 0.040712 2.086319 -1.527882 -0.022018 -0.058163 -1.364160 -0.000828 -0.041751 0.000368 -0.000024 -0.000237 2.563414 -0.032472 -4.702254 -2.340728 0.017746 0.021709 -2.006267 -0.010874 0.023066 -0.000343 0.000012 0.000005 -1.526584 -0.050864 -11.800717 -3.520027 -0.010930 0.102052 -3.565096 -0.067723 0.042917 -0.000695 0.000002 -0.000039 0.000000 0.000000 0.000000 0.000000 0.000000 0.000000 -3.829036 -9.364580 16.066067 -0.142403 -0.923749 6.700177 0.033358 -8.173854 16.253881 -1.124797 1.078904 -17.920376 0.000000 0.000000 0.000000 0.000000 0.000000 0.000000 0.000000 0.000000 0.000000 -0.473635 -3.629853 11.468762 0.099553 0.356408 11.687339 2.784294 1.779021 14.843343 0.271371 -0.477550 -20.113159 0.000000 0.000000 0.000000 0.000000 0.000000 0.000000 0.000000 0.000000 0.000000 
0.925910 88.242348 4.745588 0.053060 2.083421 -12.184892 0.556438 0.220907 8.024813 1.204292 -0.154263 2.287597 -1.597431 1.100717 6.977105 -0.868594 0.284040 4.635259 2.003368 -0.956863 3.127126 -0.136946 -0.423337 -4.270532 0.195642 -0.634018 -20.054604 0.000000 0.000000 0.000000 92.867905 -0.641646 10.299875 62.282471 -25.461405 2.031402 -0.621248 16.819677 59.798458 -15.952127 6.950486 2.394429 7.104676 -1.427537 41.503677 -0.000009 0.000018 -17.497185 -0.000001 0.000055 -12.222473 0.000019 0.000006 -0.000029 -4.334646 0.055479 -1.430552 1.415271 -0.004061 0.057688 1.434582 0.028294 0.042109 -0.000012 0.000018 -0.000014 -3.524092 0.014515 -4.906957 1.363588 -0.012382 0.019336 1.295562 0.005288 0.028587 0.000016 -0.000009 0.000008 -0.543086 -0.047948 -8.820043 2.225086 0.015419 -0.066052 2.169946 -0.003522 -0.043626 -0.000013 0.000421 0.000008 2.262650 -0.077461 -14.023642 3.322978 -0.001295 -0.011192 3.223364 -0.079257 -0.031800 -0.000179 -0.000004 -0.000028 0.000000 0.000000 0.000000 0.000000 0.000000 0.000000 -88.892128 0.395609 4.521739 -68.239914 14.295155 -9.628417 -0.683276 -13.091187 82.915771 17.304033 -23.369219 2.135846 -6.036840 1.154231 42.067783 0.000027 0.000029 -14.645718 -0.000104 -0.000018 -10.204031 -0.000774 0.000010 0.002085 8.022730 0.046650 6.263168 -1.851943 -0.034082 -0.121889 -1.923837 0.000380 -0.139448 -0.000004 0.000434 -0.000009 5.679162 0.041064 1.315407 -1.787525 -0.024598 -0.062115 -1.623012 -0.002702 -0.045436 0.000321 -0.000024 -0.000234 0.022872 -0.031312 -5.102420 -2.774785 0.020807 0.022229 -2.442323 -0.009068 0.023781 -0.000335 0.000012 0.000005 -3.829356 -0.047424 -11.894837 -4.065481 -0.003909 0.096548 -4.103244 -0.063307 0.037362 -0.000710 0.000002 -0.000040 0.000000 0.000000 0.000000 0.000000 0.000000 0.000000 -3.838552 -9.354040 16.080233 -0.143955 -0.929738 6.679319 0.063809 -8.170113 16.223263 -1.128196 1.086401 -17.902914 0.000000 0.000000 0.000000 0.000000 0.000000 0.000000 0.000000 0.000000 0.000000 -0.462894 -3.638718 11.476188 0.098781 0.353204 11.673718 2.762941 1.768807 14.823376 0.270328 -0.473610 -20.104664 0.000000 0.000000 0.000000 0.000000 0.000000 0.000000 0.000000 0.000000 0.000000 
0.931781 88.239937 4.747961 0.063092 2.154805 -12.171605 0.551478 0.230470 8.027547 1.210270 -0.153773 2.228608 -1.602039 1.158421 7.010149 -0.859429 0.311609 4.610874 2.038709 -0.945669 3.014071 -0.128787 -0.383334 -4.310147 0.194025 -0.630532 -19.990982 0.000000 0.000000 0.000000 92.900307 -0.651836 10.304576 62.307941 -25.066088 2.079223 -0.585020 17.062550 59.553871 -14.812101 7.911900 1.753940 7.468320 -1.481702 41.324879 -0.000009 0.000019 -18.395144 -0.000000 0.000054 -12.841855 0.000019 0.000006 -0.000029 -2.390018 0.055088 -2.069008 1.867639 -0.015601 0.079266 1.883310 0.017867 0.062197 -0.000012 0.000019 -0.000015 -1.648568 0.013594 -5.340727 1.809245 -0.016649 0.026343 1.746894 0.001903 0.034629 0.000015 -0.000009 0.000008 1.282059 -0.046599 -8.975741 2.708011 0.021972 -0.073838 2.654761 0.000727 -0.048971 -0.000013 0.000455 0.000007 3.896181 -0.074503 -13.914495 3.790879 0.014416 -0.027258 3.692105 -0.067213 -0.043688 -0.000148 -0.000004 -0.000027 0.000000 0.000000 0.000000 0.000000 0.000000 0.000000 -88.957085 0.404568 4.489475 -68.360374 13.917354 -9.762877 -0.720501 -13.265871 82.967239 15.376945 -25.118198 1.705748 -6.514967 1.228231 41.838432 0.000027 0.000029 -15.828701 -0.000104 -0.000017 -11.022976 -0.000724 0.000010 0.002139 5.206784 0.047313 5.199094 -2.309813 -0.039925 -0.126743 -2.380414 -0.005143 -0.144000 -0.000003 0.000405 -0.000008 3.074392 0.041107 0.535408 -2.267113 -0.026998 -0.062722 -2.104238 -0.004417 -0.046337 0.000282 -0.000024 -0.000230 -2.429910 -0.029871 -5.495656 -3.389287 0.024027 0.019271 -3.061205 -0.007230 0.021822 -0.000304 0.000012 0.000005 -6.012618 -0.043756 -11.953003 -4.731258 0.003807 0.082725 -4.766318 -0.058237 0.025492 -0.000727 0.000002 -0.000040 0.000000 0.000000 0.000000 0.000000 0.000000 0.000000 -3.853254 -9.343456 16.097542 -0.145460 -0.935227 6.666601 0.092286 -8.179793 16.191694 -1.131309 1.094335 -17.884851 0.000000 0.000000 0.000000 0.000000 0.000000 0.000000 0.000000 0.000000 0.000000 -0.455530 -3.654238 11.488475 0.097836 0.349471 11.657701 2.743747 1.762508 14.801656 0.269209 -0.470228 -20.091276 0.000000 0.000000 0.000000 0.000000 0.000000 0.000000 0.000000 0.000000 0.000000 
0.935879 88.237602 4.750799 0.073257 2.220607 -12.161579 0.546924 0.239864 8.033584 1.214560 -0.150823 2.172749 -1.605959 1.216140 7.043730 -0.854034 0.342188 4.583274 2.099724 -0.960279 2.872672 -0.119631 -0.358888 -4.366988 0.196166 -0.626871 -19.916510 0.000000 0.000000 0.000000 92.912994 -0.655624 10.327427 62.331516 -24.758762 2.137371 -0.545956 17.279190 59.210716 -13.665246 8.829051 1.129714 7.835121 -1.534268 41.146832 -0.000009 0.000020 -19.291733 0.000001 0.000054 -13.459395 0.000019 0.000005 -0.000030 -0.450488 0.054132 -2.713740 2.451170 -0.028367 0.096835 2.464960 0.006265 0.078230 -0.000012 0.000020 -0.000016 0.206076 0.012459 -5.781983 2.380068 -0.021366 0.032027 2.324254 -0.001843 0.039418 0.000015 -0.000010 0.000008 3.045844 -0.044965 -9.149130 3.292683 0.029328 -0.080482 3.241549 0.005550 -0.053375 -0.000014 0.000473 0.000007 5.450360 -0.070843 -13.826763 4.333703 0.032804 -0.042550 4.235183 -0.052796 -0.054961 -0.000114 -0.000004 -0.000026 0.000000 0.000000 0.000000 0.000000 0.000000 0.000000 -88.999336 0.410398 4.468047 -68.511566 13.654381 -9.918140 -0.755668 -13.420474 82.990662 13.453486 -26.798195 1.320201 -7.040586 1.304173 41.590954 0.000026 0.000029 -17.121788 -0.000104 -0.000016 -11.918280 -0.000674 0.000010 0.002169 2.198602 0.046977 4.070386 -3.109200 -0.044047 -0.113179 -3.182417 -0.009109 -0.132914 -0.000002 0.000371 -0.000008 0.337118 0.040774 -0.278768 -3.078145 -0.028733 -0.056922 -2.920235 -0.005602 -0.041827 0.000256 -0.000024 -0.000225 -4.928213 -0.028120 -5.887085 -4.285101 0.026679 0.008653 -3.964736 -0.005850 0.014139 -0.000249 0.000011 0.000005 -8.195814 -0.040294 -11.958832 -5.599406 0.010360 0.049092 -5.636096 -0.053959 -0.001287 -0.000746 0.000002 -0.000041 0.000000 0.000000 0.000000 0.000000 0.000000 0.000000 -3.870288 -9.334997 16.118359 -0.146804 -0.939950 6.660910 0.116216 -8.202710 16.161863 -1.133824 1.102467 -17.866135 0.000000 0.000000 0.000000 0.000000 0.000000 0.000000 0.000000 0.000000 0.000000 -0.451269 -3.681591 11.502449 0.096652 0.344932 11.645863 2.727684 1.759678 14.778401 0.267372 -0.467383 -20.075157 0.000000 0.000000 0.000000 0.000000 0.000000 0.000000 0.000000 0.000000 0.000000 
0.937516 88.235481 4.753784 0.081772 2.281025 -12.152589 0.544994 0.248573 8.041879 1.215377 -0.144950 2.120042 -1.607281 1.272371 7.076750 -0.852308 0.374762 4.553041 2.186254 -1.000513 2.702388 -0.108713 -0.349252 -4.440738 0.201672 -0.624270 -19.831781 0.000000 0.000000 0.000000 92.902138 -0.651861 10.365357 62.367916 -24.531303 2.180467 -0.507460 17.462442 58.878864 -12.560626 9.668990 0.570986 8.195890 -1.584106 40.974030 -0.000009 0.000021 -20.164183 0.000002 0.000054 -14.059745 0.000019 0.000005 -0.000030 1.432715 0.052606 -3.342494 3.133176 -0.041790 0.109950 3.146535 -0.006023 0.089794 -0.000012 0.000021 -0.000017 1.991526 0.011130 -6.214809 3.043521 -0.026334 0.036231 2.994094 -0.005805 0.042846 0.000014 -0.000011 0.000008 4.701260 -0.043109 -9.333636 3.945532 0.037264 -0.085751 3.896823 0.010803 -0.056660 -0.000014 0.000480 0.000007 6.884232 -0.066537 -13.762822 4.920907 0.053211 -0.056459 4.821990 -0.036475 -0.065025 -0.000077 -0.000004 -0.000026 0.000000 0.000000 0.000000 0.000000 0.000000 0.000000 -89.017578 0.413732 4.452330 -68.689560 13.491073 -10.105041 -0.787613 -13.557543 83.052116 11.591036 -28.368988 1.010992 -7.622858 1.382684 41.320820 0.000026 0.000029 -18.549946 -0.000104 -0.000015 -12.906339 -0.000624 0.000009 0.002182 -1.042849 0.045613 2.876261 -4.266665 -0.045700 -0.078100 -4.345873 -0.010823 -0.103365 -0.000000 0.000330 -0.000007 -2.574713 0.040087 -1.122812 -4.236061 -0.029505 -0.043628 -4.086352 -0.006036 -0.030969 0.000245 -0.000024 -0.000219 -7.518909 -0.026094 -6.270150 -5.478181 0.028280 -0.011312 -5.168938 -0.005240 -0.000459 -0.000172 0.000011 0.000006 -10.425595 -0.037292 -11.906026 -6.686768 0.014429 -0.009126 -6.728552 -0.051525 -0.046486 -0.000766 0.000002 -0.000042 0.000000 0.000000 0.000000 0.000000 0.000000 0.000000 -3.886927 -9.331045 16.140364 -0.147909 -0.943736 6.660083 0.134195 -8.234622 16.136805 -1.135520 1.110415 -17.847506 0.000000 0.000000 0.000000 0.000000 0.000000 0.000000 0.000000 0.000000 0.000000 -0.448842 -3.721837 11.512329 0.095274 0.339690 11.643023 2.714789 1.758934 14.755390 0.264592 -0.464952 -20.059771 0.000000 0.000000 0.000000 0.000000 0.000000 0.000000 0.000000 0.000000 0.000000 
0.936465 88.233948 4.756465 0.088027 2.337719 -12.142281 0.546895 0.256169 8.049954 1.211460 -0.136866 2.071886 -1.606353 1.327023 7.106497 -0.854499 0.408162 4.523458 2.292849 -1.062654 2.509986 -0.096365 -0.353291 -4.528372 0.210326 -0.622933 -19.742254 0.000000 0.000000 0.000000 92.866112 -0.640379 10.411885 62.428566 -24.373287 2.186209 -0.472813 17.611490 58.679359 -11.538747 10.426971 0.104499 8.534018 -1.629313 40.813820 -0.000009 0.000021 -20.974934 0.000003 0.000054 -14.617444 0.000018 0.000004 -0.000031 3.182203 0.050669 -3.917835 3.853118 -0.055165 0.119603 3.866956 -0.018419 0.097914 -0.000012 0.000022 -0.000018 3.639092 0.009714 -6.611845 3.740403 -0.031316 0.039418 3.696570 -0.009817 0.045309 0.000013 -0.000011 0.000008 6.195247 -0.041182 -9.514888 4.611822 0.045438 -0.090131 4.566310 0.016246 -0.059270 -0.000014 0.000482 0.000007 8.160586 -0.061862 -13.723367 5.506617 0.074690 -0.069696 5.407032 -0.019005 -0.074683 -0.000041 -0.000004 -0.000025 0.000000 0.000000 0.000000 0.000000 0.000000 0.000000 -89.009819 0.414894 4.438159 -68.900421 13.411698 -10.338085 -0.811882 -13.675755 83.219604 9.858659 -29.768114 0.797382 -8.217336 1.458591 41.046810 0.000025 0.000029 -20.006712 -0.000102 -0.000014 -13.913489 -0.000570 0.000009 0.002182 -4.275446 0.043650 1.712263 -5.610526 -0.045331 -0.030026 -5.697152 -0.010685 -0.062719 0.000001 0.000281 -0.000007 -5.457829 0.039221 -1.931613 -5.572352 -0.029476 -0.025901 -5.432462 -0.005861 -0.016377 0.000241 -0.000025 -0.000211 -10.041057 -0.023940 -6.621627 -6.814579 0.029017 -0.036686 -6.517996 -0.005236 -0.019056 -0.000082 0.000011 0.000006 -12.573429 -0.034572 -11.817544 -7.872625 0.016323 -0.081197 -7.921393 -0.050695 -0.101828 -0.000784 0.000002 -0.000042 0.000000 0.000000 0.000000 0.000000 0.000000 0.000000 -3.901682 -9.333539 16.160294 -0.148756 -0.946533 6.663201 0.146546 -8.269021 16.116989 -1.136402 1.117764 -17.829971 0.000000 0.000000 0.000000 0.000000 0.000000 0.000000 0.000000 0.000000 0.000000 -0.446613 -3.770829 11.512261 0.093890 0.334167 11.650841 2.704453 1.757102 14.736802 0.261146 -0.462641 -20.048861 0.000000 0.000000 0.000000 0.000000 0.000000 0.000000 0.000000 0.000000 0.000000 
0.933023 88.233391 4.758366 0.092816 2.393232 -12.130463 0.552944 0.262521 8.055650 1.201934 -0.127675 2.030512 -1.605099 1.380393 7.129173 -0.861556 0.441002 4.499501 2.407960 -1.139146 2.308805 -0.083815 -0.369169 -4.623438 0.221497 -0.622605 -19.655954 0.000000 0.000000 0.000000 92.805496 -0.622496 10.460651 62.518055 -24.274410 2.144924 -0.443616 17.729258 58.701389 -10.625093 11.119205 -0.263508 8.830689 -1.667940 40.674229 -0.000009 0.000022 -21.682285 0.000003 0.000054 -15.104135 0.000018 0.000004 -0.000031 4.713297 0.048607 -4.403142 4.535259 -0.067736 0.127508 4.549844 -0.030287 0.104386 -0.000011 0.000023 -0.000018 5.075749 0.008351 -6.946123 4.396878 -0.036055 0.042332 4.357563 -0.013699 0.047463 0.000012 -0.000013 0.000008 7.477753 -0.039345 -9.676907 5.224824 0.053428 -0.094462 5.183761 0.021582 -0.061950 -0.000015 0.000482 0.000007 9.248296 -0.057152 -13.707063 6.035405 0.096073 -0.083627 5.935511 -0.001420 -0.085453 -0.000009 -0.000004 -0.000024 0.000000 0.000000 0.000000 0.000000 0.000000 0.000000 -88.974762 0.414034 4.424477 -69.148476 13.399373 -10.624920 -0.824045 -13.770691 83.536880 8.304731 -30.937019 0.681899 -8.756242 1.524495 40.798840 0.000025 0.000029 -21.328045 -0.000100 -0.000013 -14.827088 -0.000510 0.000009 0.002171 -7.137477 0.041758 0.709277 -6.888696 -0.043978 0.017511 -6.982018 -0.009630 -0.022812 0.000002 0.000223 -0.000006 -8.004029 0.038429 -2.622826 -6.840002 -0.029036 -0.008588 -6.709243 -0.005393 -0.002210 0.000233 -0.000025 -0.000202 -12.244854 -0.021834 -6.920668 -8.066540 0.029397 -0.061084 -7.781344 -0.005452 -0.036934 0.000011 0.000010 0.000006 -14.436544 -0.031662 -11.737023 -8.975117 0.017115 -0.149769 -9.030931 -0.050623 -0.153917 -0.000798 0.000003 -0.000043 0.000000 0.000000 0.000000 0.000000 0.000000 0.000000 -3.914251 -9.342808 16.176033 -0.149371 -0.948434 6.671799 0.155267 -8.300504 16.099688 -1.136595 1.124343 -17.814331 0.000000 0.000000 0.000000 0.000000 0.000000 0.000000 0.000000 0.000000 0.000000 -0.443719 -3.822973 11.499328 0.092743 0.328939 11.668404 2.695976 1.749192 14.727730 0.257613 -0.460160 -20.045099 0.000000 0.000000 0.000000 0.000000 0.000000 0.000000 0.000000 0.000000 0.000000 
0.928049 88.233978 4.759242 0.097908 2.450247 -12.119012 0.563156 0.267852 8.058809 1.186692 -0.117712 1.996794 -1.606243 1.431696 7.143697 -0.874365 0.472075 4.485661 2.515903 -1.218673 2.113172 -0.072216 -0.392942 -4.717551 0.233217 -0.623710 -19.579271 0.000000 0.000000 0.000000 92.723770 -0.601079 10.508274 62.639709 -24.234009 2.061932 -0.419333 17.808294 58.940411 -9.840174 11.755675 -0.536391 9.071820 -1.698886 40.561096 -0.000009 0.000022 -22.255165 0.000004 0.000054 -15.498632 0.000018 0.000003 -0.000032 5.962531 0.046735 -4.775481 5.107299 -0.078667 0.134883 5.122570 -0.040862 0.110535 -0.000011 0.000024 -0.000019 6.245900 0.007142 -7.199505 4.942251 -0.040233 0.045391 4.906222 -0.017201 0.049753 0.000012 -0.000014 0.000008 8.507820 -0.037713 -9.804372 5.719193 0.060708 -0.099168 5.683943 0.026442 -0.065063 -0.000015 0.000485 0.000006 10.116695 -0.052764 -13.703356 6.451119 0.115817 -0.098594 6.351673 0.014888 -0.097761 0.000018 -0.000004 -0.000023 0.000000 0.000000 0.000000 0.000000 0.000000 0.000000 -88.915405 0.411725 4.413129 -69.424461 13.443592 -10.954910 -0.823031 -13.833121 83.988426 6.955168 -31.855928 0.648793 -9.197196 1.576263 40.596104 0.000025 0.000029 -22.412558 -0.000097 -0.000012 -15.577515 -0.000441 0.000009 0.002154 -9.416858 0.040442 -0.063581 -7.940481 -0.042232 0.056516 -8.038861 -0.008176 0.009434 0.000003 0.000156 -0.000006 -10.031587 0.037898 -3.156224 -7.881512 -0.028402 0.005476 -7.757143 -0.004813 0.009104 0.000212 -0.000025 -0.000192 -13.983211 -0.019900 -7.160290 -9.086631 0.029665 -0.080708 -8.809794 -0.005696 -0.051260 0.000096 0.000010 0.000006 -15.894906 -0.028267 -11.692491 -9.874230 0.017292 -0.204407 -9.935631 -0.050929 -0.194610 -0.000808 0.000003 -0.000044 0.000000 0.000000 0.000000 0.000000 0.000000 0.000000 -3.925188 -9.357552 16.187542 -0.149764 -0.949567 6.687785 0.163798 -8.328687 16.080193 -1.136486 1.130190 -17.800461 0.000000 0.000000 0.000000 0.000000 0.000000 0.000000 0.000000 0.000000 0.000000 -0.440485 -3.873737 11.474154 0.092030 0.324583 11.694094 2.688609 1.730873 14.730752 0.254646 -0.457596 -20.048594 0.000000 0.000000 0.000000 0.000000 0.000000 0.000000 0.000000 0.000000 0.000000 
0.922250 88.235664 4.758945 0.104572 2.510511 -12.109736 0.577376 0.272478 8.060276 1.167310 -0.107080 1.969290 -1.612254 1.480047 7.153152 -0.892655 0.500309 4.482494 2.605223 -1.291191 1.936463 -0.062020 -0.419790 -4.802461 0.243264 -0.627232 -19.515219 0.000000 0.000000 0.000000 92.628777 -0.579199 10.554589 62.794556 -24.253231 1.946285 -0.399683 17.841423 59.324192 -9.204349 12.340263 -0.720100 9.249595 -1.721778 40.477524 -0.000009 0.000023 -22.676205 0.000004 0.000054 -15.789398 0.000018 0.000003 -0.000032 6.895570 0.045287 -5.029967 5.516075 -0.087318 0.142684 5.531321 -0.049501 0.117308 -0.000011 0.000024 -0.000020 7.119210 0.006136 -7.368718 5.325562 -0.043568 0.048763 5.291387 -0.020088 0.052380 0.000011 -0.000015 0.000008 9.263947 -0.036284 -9.893086 6.050547 0.066777 -0.104213 6.021802 0.030476 -0.068562 -0.000015 0.000489 0.000006 10.749761 -0.048793 -13.706278 6.718039 0.132336 -0.113524 6.619624 0.028504 -0.110615 0.000038 -0.000004 -0.000022 0.000000 0.000000 0.000000 0.000000 0.000000 0.000000 -88.840225 0.408424 4.407452 -69.714180 13.535075 -11.300129 -0.811552 -13.858003 84.518211 5.825372 -32.548851 0.671197 -9.528934 1.613479 40.443909 0.000025 0.000029 -23.234215 -0.000092 -0.000011 -16.146835 -0.000364 0.000009 0.002139 -11.078547 0.039865 -0.603668 -8.715867 -0.040206 0.085466 -8.817904 -0.006410 0.032814 0.000004 0.000084 -0.000006 -11.510535 0.037659 -3.533157 -8.648446 -0.027608 0.015804 -8.526765 -0.004148 0.017200 0.000181 -0.000024 -0.000181 -15.234754 -0.018189 -7.345071 -9.829571 0.029747 -0.094996 -9.557640 -0.006013 -0.061574 0.000169 0.000010 0.000006 -16.931526 -0.024404 -11.691664 -10.532295 0.016680 -0.243950 -10.596741 -0.051777 -0.222896 -0.000814 0.000003 -0.000044 0.000000 0.000000 0.000000 0.000000 0.000000 0.000000 -3.935990 -9.377889 16.196356 -0.149975 -0.950132 6.710610 0.175445 -8.357667 16.056402 -1.136676 1.135396 -17.787916 0.000000 0.000000 0.000000 0.000000 0.000000 0.000000 0.000000 0.000000 0.000000 -0.438489 -3.922935 11.439886 0.091831 0.321597 11.725291 2.682318 1.699187 14.744672 0.252475 -0.455490 -20.057261 0.000000 0.000000 0.000000 0.000000 0.000000 0.000000 0.000000 0.000000 0.000000 
0.915675 88.238350 4.757445 0.112679 2.574458 -12.102897 0.594762 0.276748 8.060642 1.146253 -0.095966 1.945938 -1.623877 1.524341 7.162636 -0.914147 0.524950 4.487519 2.671505 -1.351926 1.786854 -0.052664 -0.445649 -4.873036 0.250442 -0.633898 -19.463675 0.000000 0.000000 0.000000 92.532082 -0.559133 10.598713 62.978775 -24.332453 1.807274 -0.385358 17.824139 59.757252 -8.732394 12.865020 -0.815731 9.368129 -1.737459 40.421223 -0.000009 0.000023 -22.956741 0.000004 0.000054 -15.984363 0.000018 0.000003 -0.000032 7.541094 0.044359 -5.181028 5.761549 -0.093589 0.151070 5.775802 -0.056037 0.124746 -0.000011 0.000024 -0.000020 7.722302 0.005327 -7.464612 5.548506 -0.045979 0.052272 5.514747 -0.022260 0.055199 0.000010 -0.000016 0.000008 9.771393 -0.035034 -9.946804 6.226490 0.071432 -0.109092 6.204032 0.033534 -0.072000 -0.000014 0.000492 0.000006 11.169106 -0.045395 -13.709351 6.847206 0.144917 -0.126391 6.750086 0.038811 -0.121977 0.000050 -0.000004 -0.000020 0.000000 0.000000 0.000000 0.000000 0.000000 0.000000 -88.760117 0.404347 4.407786 -70.005066 13.665617 -11.628238 -0.793275 -13.848931 85.059624 4.917413 -33.059483 0.734022 -9.761675 1.638299 40.337456 0.000025 0.000029 -23.817488 -0.000087 -0.000011 -16.551943 -0.000280 0.000009 0.002129 -12.203239 0.039997 -0.947189 -9.237033 -0.038117 0.105426 -9.341901 -0.004547 0.048505 0.000004 0.000012 -0.000005 -12.512326 0.037660 -3.778463 -9.163668 -0.026742 0.022843 -9.040982 -0.003462 0.022565 0.000149 -0.000024 -0.000171 -16.064562 -0.016754 -7.484512 -10.319387 0.029681 -0.104672 -10.049459 -0.006396 -0.068431 0.000229 0.000010 0.000006 -17.602703 -0.020546 -11.727039 -10.969386 0.015476 -0.270868 -11.033882 -0.053029 -0.240860 -0.000820 0.000003 -0.000045 0.000000 0.000000 0.000000 0.000000 0.000000 0.000000 -3.947802 -9.406433 16.205162 -0.150060 -0.950351 6.735758 0.191949 -8.393986 16.030073 -1.137737 1.139923 -17.776848 0.000000 0.000000 0.000000 0.000000 0.000000 0.000000 0.000000 0.000000 0.000000 -0.438777 -3.972327 11.401086 0.092054 0.320196 11.758154 2.677419 1.654732 14.765243 0.251041 -0.454462 -20.068232 0.000000 0.000000 0.000000 0.000000 0.000000 0.000000 0.000000 0.000000 0.000000 
0.908302 88.242058 4.754909 0.122240 2.642168 -12.099351 0.612474 0.280827 8.060764 1.124807 -0.084417 1.926894 -1.639078 1.562853 7.176341 -0.935638 0.545780 4.497977 2.716007 -1.399955 1.664711 -0.043369 -0.467627 -4.928720 0.254975 -0.643235 -19.422525 0.000000 0.000000 0.000000 92.444405 -0.542706 10.638700 63.177429 -24.466597 1.664323 -0.375774 17.763601 60.155617 -8.414396 13.314136 -0.836579 9.443332 -1.747823 40.384907 -0.000009 0.000024 -23.135374 0.000004 0.000054 -16.109676 0.000017 0.000002 -0.000032 7.982109 0.043889 -5.263517 5.893376 -0.097682 0.158770 5.906096 -0.060582 0.131561 -0.000010 0.000024 -0.000021 8.132183 0.004679 -7.511619 5.660929 -0.047534 0.055338 5.626614 -0.023743 0.057721 0.000010 -0.000017 0.000008 10.098423 -0.033971 -9.974615 6.298651 0.074706 -0.113079 6.281850 0.035653 -0.074771 -0.000014 0.000492 0.000006 11.430267 -0.042834 -13.703718 6.886393 0.153656 -0.135564 6.790809 0.045944 -0.130111 0.000056 -0.000004 -0.000019 0.000000 0.000000 0.000000 0.000000 0.000000 0.000000 -88.682137 0.399162 4.412027 -70.285393 13.829920 -11.912730 -0.770274 -13.814263 85.545845 4.216291 -33.426529 0.826670 -9.918135 1.654012 40.266098 0.000024 0.000029 -24.216080 -0.000081 -0.000010 -16.829922 -0.000191 0.000009 0.002122 -12.929609 0.040689 -1.152820 -9.563043 -0.036113 0.118514 -9.670506 -0.002744 0.058588 0.000004 -0.000054 -0.000005 -13.161102 0.037861 -3.930766 -9.486875 -0.025883 0.027407 -9.360281 -0.002816 0.025956 0.000125 -0.000024 -0.000161 -16.586697 -0.015637 -7.589232 -10.618299 0.029536 -0.110875 -10.348390 -0.006813 -0.072734 0.000281 0.000010 0.000006 -18.010271 -0.017322 -11.779633 -11.239515 0.013945 -0.288359 -11.301722 -0.054443 -0.251347 -0.000826 0.000004 -0.000045 0.000000 0.000000 0.000000 0.000000 0.000000 0.000000 -3.962203 -9.446249 16.218134 -0.150076 -0.950501 6.757295 0.213234 -8.440885 16.002531 -1.140102 1.143824 -17.767458 0.000000 0.000000 0.000000 0.000000 0.000000 0.000000 0.000000 0.000000 0.000000 -0.440711 -4.020192 11.363459 0.092525 0.320258 11.788332 2.673833 1.600722 14.787127 0.250303 -0.454758 -20.077940 0.000000 0.000000 0.000000 0.000000 0.000000 0.000000 0.000000 0.000000 0.000000 
0.899877 88.246887 4.751358 0.132877 2.712795 -12.100058 0.627720 0.284623 8.062080 1.103262 -0.072558 1.912294 -1.653878 1.594055 7.196107 -0.954895 0.562782 4.510808 2.742867 -1.436253 1.565482 -0.034160 -0.484942 -4.971610 0.257738 -0.654023 -19.389130 0.000000 0.000000 0.000000 92.370384 -0.530896 10.673489 63.372124 -24.642221 1.538680 -0.369907 17.675644 60.473175 -8.222116 13.677817 -0.815013 9.489828 -1.754641 40.361881 -0.000009 0.000024 -23.246326 0.000004 0.000054 -16.188549 0.000017 0.000002 -0.000032 8.287012 0.043645 -5.311723 5.957450 -0.100097 0.164923 5.968578 -0.063541 0.136906 -0.000010 0.000024 -0.000021 8.413846 0.004132 -7.534823 5.708925 -0.048432 0.057654 5.673750 -0.024685 0.059665 0.000010 -0.000017 0.000008 10.307911 -0.033048 -9.988544 6.314708 0.076871 -0.115904 6.302621 0.037040 -0.076648 -0.000013 0.000487 0.000006 11.588077 -0.041068 -13.688216 6.879614 0.159326 -0.140910 6.785715 0.050620 -0.134700 0.000055 -0.000004 -0.000018 0.000000 0.000000 0.000000 0.000000 0.000000 0.000000 -88.608765 0.392070 4.419557 -70.546486 14.015230 -12.134431 -0.743376 -13.762493 85.930298 3.690525 -33.674988 0.930379 -10.019590 1.663471 40.219860 0.000024 0.000029 -24.480495 -0.000076 -0.000010 -17.015551 -0.000104 0.000009 0.002112 -13.379403 0.041628 -1.276278 -9.751684 -0.034275 0.126766 -9.862184 -0.001099 0.064903 0.000004 -0.000112 -0.000005 -13.566220 0.038190 -4.027099 -9.676862 -0.025074 0.030257 -9.544679 -0.002242 0.028021 0.000111 -0.000024 -0.000152 -16.905191 -0.014785 -7.670513 -10.789441 0.029340 -0.114699 -10.518147 -0.007246 -0.075339 0.000328 0.000010 0.000006 -18.250916 -0.014904 -11.834873 -11.399436 0.012234 -0.299444 -11.457986 -0.055853 -0.256938 -0.000829 0.000004 -0.000045 0.000000 0.000000 0.000000 0.000000 0.000000 0.000000 -3.979390 -9.497634 16.236629 -0.150075 -0.950724 6.773041 0.237592 -8.497914 15.975173 -1.143776 1.147200 -17.759842 0.000000 0.000000 0.000000 0.000000 0.000000 0.000000 0.000000 0.000000 0.000000 -0.442873 -4.064618 11.330896 0.093074 0.321501 11.812422 2.671090 1.540089 14.806731 0.250254 -0.456250 -20.083067 0.000000 0.000000 0.000000 0.000000 0.000000 0.000000 0.000000 0.000000 0.000000 
0.889917 88.252823 4.746596 0.143448 2.783659 -12.104215 0.639093 0.287923 8.065557 1.082591 -0.061113 1.900375 -1.664963 1.616908 7.220591 -0.971050 0.575744 4.523405 2.755697 -1.462949 1.483436 -0.025468 -0.498334 -5.004081 0.259277 -0.665318 -19.361086 0.000000 0.000000 0.000000 92.307518 -0.523570 10.702997 63.548553 -24.850084 1.445567 -0.367341 17.569651 60.700497 -8.120445 13.943278 -0.784264 9.513616 -1.758912 40.349102 -0.000009 0.000025 -23.303135 0.000004 0.000054 -16.230225 0.000016 0.000002 -0.000032 8.481261 0.043409 -5.341251 5.969616 -0.101501 0.170100 5.979407 -0.065518 0.141310 -0.000010 0.000024 -0.000022 8.591875 0.003649 -7.546896 5.708704 -0.048942 0.059495 5.673033 -0.025293 0.061219 0.000010 -0.000016 0.000008 10.427963 -0.032186 -9.996492 6.292909 0.078322 -0.117926 6.284551 0.037979 -0.077918 -0.000013 0.000480 0.000006 11.670892 -0.039782 -13.668311 6.844820 0.162986 -0.143694 6.752497 0.053762 -0.136798 0.000047 -0.000004 -0.000017 0.000000 0.000000 0.000000 0.000000 0.000000 0.000000 -88.539246 0.382213 4.431184 -70.786819 14.202635 -12.290840 -0.713253 -13.701032 86.209633 3.277900 -33.825951 1.039019 -10.078458 1.668490 40.192734 0.000023 0.000029 -24.640230 -0.000071 -0.000010 -17.129129 -0.000024 0.000009 0.002098 -13.622334 0.042553 -1.351251 -9.837173 -0.032742 0.131083 -9.951649 0.000245 0.068177 0.000003 -0.000161 -0.000004 -13.788723 0.038567 -4.091575 -9.768724 -0.024374 0.031717 -9.630346 -0.001776 0.029015 0.000105 -0.000024 -0.000145 -17.077417 -0.014086 -7.739803 -10.871297 0.029144 -0.116736 -10.597466 -0.007652 -0.076687 0.000371 0.000010 0.000006 -18.377998 -0.013045 -11.893591 -11.484303 0.010547 -0.305789 -11.538449 -0.057077 -0.259016 -0.000828 0.000003 -0.000045 0.000000 0.000000 0.000000 0.000000 0.000000 0.000000 -3.997360 -9.557539 16.258135 -0.150087 -0.950939 6.783781 0.262465 -8.563263 15.950799 -1.148358 1.150145 -17.754505 0.000000 0.000000 0.000000 0.000000 0.000000 0.000000 0.000000 0.000000 0.000000 -0.444093 -4.105724 11.304674 0.093550 0.323477 11.827360 2.668343 1.474417 14.823881 0.250751 -0.458660 -20.082293 0.000000 0.000000 0.000000 0.000000 0.000000 0.000000 0.000000 0.000000 0.000000 
0.878617 88.259621 4.740514 0.153807 2.851525 -12.109672 0.645638 0.290321 8.071459 1.063490 -0.050905 1.888580 -1.670930 1.630463 7.247023 -0.984127 0.584450 4.534430 2.757497 -1.482046 1.413350 -0.017849 -0.508339 -5.028159 0.259648 -0.676411 -19.335920 0.000000 0.000000 0.000000 92.251709 -0.520430 10.725792 63.694767 -25.089705 1.395835 -0.367161 17.447922 60.846851 -8.071164 14.091144 -0.771499 9.517335 -1.761134 40.345154 -0.000009 0.000025 -23.311987 0.000005 0.000053 -16.238680 0.000016 0.000002 -0.000032 8.577096 0.043081 -5.356364 5.937022 -0.102395 0.174913 5.945997 -0.066962 0.145370 -0.000010 0.000024 -0.000022 8.676711 0.003219 -7.551208 5.666962 -0.049269 0.061180 5.631539 -0.025733 0.062632 0.000010 -0.000015 0.000008 10.467932 -0.031377 -10.000383 6.238848 0.079369 -0.119635 6.233715 0.038694 -0.078983 -0.000013 0.000473 0.000005 11.686394 -0.038782 -13.646830 6.786283 0.165505 -0.145654 6.695431 0.056118 -0.137957 0.000034 -0.000004 -0.000016 0.000000 0.000000 0.000000 0.000000 0.000000 0.000000 -88.470612 0.368892 4.445867 -71.006721 14.383474 -12.393606 -0.680087 -13.634673 86.400665 2.922566 -33.892422 1.145981 -10.103220 1.670258 40.180687 0.000023 0.000029 -24.715506 -0.000066 -0.000010 -17.184475 0.000046 0.000008 0.002080 -13.702693 0.043355 -1.393860 -9.842197 -0.031544 0.132181 -9.961642 0.001256 0.068956 0.000003 -0.000205 -0.000004 -13.866305 0.038961 -4.136178 -9.784968 -0.023801 0.032029 -9.640429 -0.001423 0.029121 0.000102 -0.000024 -0.000140 -17.135199 -0.013482 -7.803018 -10.887109 0.028994 -0.117309 -10.609711 -0.007992 -0.077014 0.000412 0.000010 0.000006 -18.418261 -0.011511 -11.957715 -11.514009 0.009069 -0.307987 -11.563587 -0.057985 -0.258161 -0.000824 0.000003 -0.000046 0.000000 0.000000 0.000000 0.000000 0.000000 0.000000 -4.014938 -9.621579 16.279739 -0.150113 -0.951102 6.789191 0.285684 -8.632526 15.930647 -1.153466 1.152794 -17.751987 0.000000 0.000000 0.000000 0.000000 0.000000 0.000000 0.000000 0.000000 0.000000 -0.443903 -4.142432 11.284339 0.093857 0.325694 11.831061 2.664261 1.404920 14.839868 0.251399 -0.461761 -20.076426 0.000000 0.000000 0.000000 0.000000 0.000000 0.000000 0.000000 0.000000 0.000000 
0.866431 88.266960 4.733207 0.164180 2.913768 -12.114631 0.647630 0.291690 8.079978 1.046230 -0.042262 1.874992 -1.672389 1.635709 7.273086 -0.994516 0.589527 4.542651 2.750623 -1.495891 1.352277 -0.011626 -0.516182 -5.045276 0.258987 -0.687065 -19.312067 0.000000 0.000000 0.000000 92.198982 -0.520600 10.741780 63.805397 -25.363554 1.391573 -0.368591 17.313122 60.930885 -8.043959 14.114486 -0.789672 9.502721 -1.761490 40.349232 -0.000009 0.000025 -23.277363 0.000005 0.000053 -16.216927 0.000016 0.000002 -0.000033 8.583074 0.042657 -5.356287 5.866005 -0.103028 0.179706 5.874715 -0.068102 0.149441 -0.000010 0.000024 -0.000022 8.675277 0.002852 -7.547273 5.589172 -0.049517 0.062894 5.554896 -0.026085 0.064052 0.000010 -0.000014 0.000008 10.432508 -0.030627 -10.000522 6.155676 0.080166 -0.121313 6.153623 0.039286 -0.080087 -0.000012 0.000467 0.000005 11.637218 -0.037986 -13.626631 6.705155 0.167340 -0.147674 6.615617 0.058055 -0.139095 0.000017 -0.000004 -0.000014 0.000000 0.000000 0.000000 0.000000 0.000000 0.000000 -88.400368 0.351738 4.462299 -71.205467 14.559218 -12.457735 -0.643994 -13.567094 86.531479 2.586189 -33.878197 1.246349 -10.097449 1.669181 40.182167 0.000023 0.000029 -24.714712 -0.000062 -0.000010 -17.187283 0.000108 0.000008 0.002059 -13.635966 0.044043 -1.404255 -9.775512 -0.030677 0.130376 -9.900704 0.001953 0.067379 0.000003 -0.000245 -0.000004 -13.811137 0.039367 -4.161923 -9.733455 -0.023354 0.031290 -9.583018 -0.001179 0.028394 0.000097 -0.000024 -0.000135 -17.085218 -0.012949 -7.862247 -10.843638 0.028938 -0.116484 -10.561689 -0.008239 -0.076356 0.000452 0.000011 0.000006 -18.374594 -0.010119 -12.032003 -11.493388 0.007942 -0.306010 -11.538571 -0.058509 -0.254399 -0.000817 0.000003 -0.000046 0.000000 0.000000 0.000000 0.000000 0.000000 0.000000 -4.031531 -9.685392 16.299652 -0.150118 -0.951146 6.788619 0.305488 -8.699991 15.915351 -1.158663 1.155196 -17.752298 0.000000 0.000000 0.000000 0.000000 0.000000 0.000000 0.000000 0.000000 0.000000 -0.442779 -4.174139 11.268124 0.093953 0.327791 11.824647 2.658225 1.334181 14.856250 0.251829 -0.465393 -20.067335 0.000000 0.000000 0.000000 0.000000 0.000000 0.000000 0.000000 0.000000 0.000000 
0.854096 88.274445 4.724919 0.175690 2.969721 -12.118037 0.645648 0.292116 8.091409 1.030463 -0.034942 1.858881 -1.671189 1.634802 7.297826 -1.002973 0.592038 4.547395 2.736686 -1.506357 1.298932 -0.007036 -0.523459 -5.056365 0.257575 -0.697257 -19.288340 0.000000 0.000000 0.000000 92.147629 -0.523290 10.751060 63.881145 -25.670897 1.427137 -0.370747 17.170149 60.970280 -8.017056 14.024678 -0.843973 9.472349 -1.760107 40.360275 -0.000009 0.000025 -23.205805 0.000005 0.000053 -16.169350 0.000016 0.000002 -0.000033 8.513508 0.042188 -5.341006 5.767018 -0.103497 0.184446 5.775980 -0.069026 0.153499 -0.000010 0.000024 -0.000022 8.599882 0.002569 -7.534759 5.484611 -0.049724 0.064662 5.452365 -0.026378 0.065501 0.000010 -0.000013 0.000008 10.329947 -0.029973 -9.996958 6.049428 0.080792 -0.123082 6.050451 0.039794 -0.081336 -0.000012 0.000461 0.000005 11.527494 -0.037437 -13.608556 6.604356 0.168761 -0.150269 6.516034 0.059762 -0.140772 -0.000003 -0.000004 -0.000013 0.000000 0.000000 0.000000 0.000000 0.000000 0.000000 -88.327171 0.330798 4.478418 -71.381119 14.738004 -12.496209 -0.604834 -13.500365 86.622589 2.262712 -33.784866 1.327150 -10.064756 1.665480 40.195831 0.000022 0.000029 -24.646429 -0.000059 -0.000011 -17.143286 0.000163 0.000008 0.002035 -13.436126 0.044667 -1.380121 -9.646174 -0.030035 0.126371 -9.777561 0.002456 0.063935 0.000002 -0.000282 -0.000004 -13.635108 0.039800 -4.166741 -9.621780 -0.022999 0.029741 -9.465768 -0.001010 0.027012 0.000086 -0.000023 -0.000132 -16.933903 -0.012499 -7.916009 -10.746230 0.028995 -0.114425 -10.458812 -0.008393 -0.074830 0.000493 0.000011 0.000006 -18.249411 -0.008793 -12.115917 -11.425533 0.007216 -0.300080 -11.466800 -0.058672 -0.247920 -0.000805 0.000003 -0.000046 0.000000 0.000000 0.000000 0.000000 0.000000 0.000000 -4.048066 -9.745418 16.317080 -0.150064 -0.951092 6.782205 0.320999 -8.759912 15.904050 -1.163655 1.157335 -17.755285 0.000000 0.000000 0.000000 0.000000 0.000000 0.000000 0.000000 0.000000 0.000000 -0.442045 -4.200054 11.253655 0.093856 0.329664 11.811652 2.649987 1.264996 14.873612 0.251774 -0.469555 -20.057035 0.000000 0.000000 0.000000 0.000000 0.000000 0.000000 0.000000 0.000000 0.000000 
0.842071 88.281761 4.715914 0.188973 3.020184 -12.119650 0.640558 0.291890 8.105556 1.016066 -0.028571 1.840995 -1.669575 1.630771 7.320244 -1.010105 0.593201 4.548393 2.716845 -1.514945 1.253042 -0.003983 -0.531743 -5.062313 0.255767 -0.707148 -19.263884 0.000000 0.000000 0.000000 92.095695 -0.527430 10.755444 63.927502 -26.007277 1.492352 -0.373380 17.024202 60.985710 -7.981678 13.846642 -0.928930 9.428139 -1.756997 40.377655 -0.000009 0.000026 -23.101919 0.000006 0.000053 -16.099270 0.000015 0.000002 -0.000033 8.379516 0.041760 -5.309397 5.647729 -0.103800 0.189190 5.657272 -0.069744 0.157585 -0.000010 0.000025 -0.000022 8.460460 0.002402 -7.512986 5.360044 -0.049882 0.066523 5.330658 -0.026612 0.066996 0.000009 -0.000011 0.000009 10.168245 -0.029433 -9.990742 5.924828 0.081250 -0.125003 5.928831 0.040210 -0.082780 -0.000012 0.000456 0.000005 11.363496 -0.037151 -13.595156 6.486774 0.169805 -0.153578 6.399528 0.061230 -0.143223 -0.000023 -0.000004 -0.000012 0.000000 0.000000 0.000000 0.000000 0.000000 0.000000 -88.250145 0.306310 4.493351 -71.533821 14.925913 -12.519263 -0.562760 -13.435177 86.695145 1.954652 -33.615955 1.385544 -10.006452 1.659067 40.221436 0.000022 0.000028 -24.513475 -0.000056 -0.000011 -17.054407 0.000212 0.000007 0.002008 -13.105385 0.045316 -1.315595 -9.455783 -0.029522 0.120496 -9.593416 0.002877 0.058788 0.000002 -0.000316 -0.000004 -13.339793 0.040274 -4.146388 -9.450179 -0.022701 0.027500 -9.288964 -0.000887 0.025048 0.000070 -0.000023 -0.000129 -16.678335 -0.012138 -7.963190 -10.592801 0.029159 -0.111204 -10.299144 -0.008472 -0.072471 0.000534 0.000011 0.000007 -18.036837 -0.007480 -12.211390 -11.307437 0.006869 -0.290411 -11.345359 -0.058557 -0.238839 -0.000791 0.000003 -0.000046 0.000000 0.000000 0.000000 0.000000 0.000000 0.000000 -4.065438 -9.799795 16.331467 -0.149934 -0.950929 6.771686 0.332116 -8.809026 15.896271 -1.168165 1.159126 -17.760923 0.000000 0.000000 0.000000 0.000000 0.000000 0.000000 0.000000 0.000000 0.000000 -0.443064 -4.220867 11.238604 0.093608 0.331306 11.796455 2.640034 1.199274 14.892542 0.251125 -0.474204 -20.047438 0.000000 0.000000 0.000000 0.000000 0.000000 0.000000 0.000000 0.000000 0.000000 
0.830619 88.288773 4.706501 0.204451 3.066582 -12.119456 0.632767 0.291266 8.121099 1.002678 -0.022916 1.822894 -1.668862 1.625714 7.339310 -1.016417 0.593752 4.546061 2.691939 -1.522635 1.213386 -0.002213 -0.541767 -5.064662 0.253970 -0.716711 -19.237480 0.000000 0.000000 0.000000 92.042091 -0.532280 10.757183 63.949028 -26.365612 1.577982 -0.376467 16.877359 60.998634 -7.936561 13.601596 -1.035132 9.372430 -1.752226 40.400578 -0.000009 0.000026 -22.970976 0.000006 0.000053 -16.010441 0.000015 0.000002 -0.000033 8.192478 0.041446 -5.261244 5.515018 -0.103862 0.193811 5.525417 -0.070200 0.161578 -0.000010 0.000025 -0.000022 8.267646 0.002367 -7.481827 5.221796 -0.049959 0.068448 5.195935 -0.026767 0.068500 0.000009 -0.000010 0.000009 9.955860 -0.029016 -9.983377 5.786691 0.081501 -0.127073 5.793539 0.040499 -0.084415 -0.000011 0.000451 0.000004 11.152565 -0.037152 -13.588903 6.356059 0.170392 -0.157590 6.269826 0.062359 -0.146458 -0.000041 -0.000004 -0.000012 0.000000 0.000000 0.000000 0.000000 0.000000 0.000000 -88.167984 0.278840 4.506498 -71.664391 15.124848 -12.532475 -0.518311 -13.369816 86.764221 1.669695 -33.370274 1.424806 -9.923459 1.649801 40.258900 0.000022 0.000028 -24.317610 -0.000053 -0.000011 -16.922049 0.000256 0.000007 0.001976 -12.643895 0.046082 -1.205933 -9.203485 -0.029082 0.112787 -9.347035 0.003282 0.051912 0.000002 -0.000349 -0.000003 -12.925079 0.040802 -4.097552 -9.216726 -0.022444 0.024584 -9.050712 -0.000789 0.022510 0.000050 -0.000023 -0.000126 -16.314674 -0.011880 -8.003487 -10.379456 0.029412 -0.106821 -10.078952 -0.008488 -0.069273 0.000576 0.000011 0.000007 -17.730494 -0.006176 -12.320619 -11.134771 0.006835 -0.277136 -11.169965 -0.058262 -0.227228 -0.000775 0.000003 -0.000046 0.000000 0.000000 0.000000 0.000000 0.000000 0.000000 -4.084525 -9.849136 16.342525 -0.149749 -0.950709 6.759296 0.339504 -8.846925 15.891457 -1.172034 1.160516 -17.769489 0.000000 0.000000 0.000000 0.000000 0.000000 0.000000 0.000000 0.000000 0.000000 -0.446819 -4.237663 11.221896 0.093244 0.332724 11.781754 2.629206 1.137430 14.913916 0.249885 -0.479112 -20.040258 0.000000 0.000000 0.000000 0.000000 0.000000 0.000000 0.000000 0.000000 0.000000 
0.819870 88.295464 4.697129 0.222095 3.110099 -12.117884 0.622659 0.290489 8.136472 0.989825 -0.017840 1.805956 -1.669255 1.620671 7.354925 -1.021970 0.594061 4.541466 2.662256 -1.529548 1.178605 -0.001602 -0.553313 -5.064929 0.252474 -0.725599 -19.208691 0.000000 0.000000 0.000000 91.987534 -0.537196 10.758101 63.950230 -26.736628 1.676091 -0.380202 16.729828 61.023125 -7.884124 13.305777 -1.152604 9.308418 -1.746065 40.427727 -0.000009 0.000026 -22.820515 0.000007 0.000053 -15.908106 0.000015 0.000002 -0.000033 7.967649 0.041245 -5.197992 5.377260 -0.103651 0.198057 5.388995 -0.070378 0.165220 -0.000010 0.000025 -0.000023 8.036167 0.002448 -7.441615 5.078090 -0.049936 0.070334 5.056101 -0.026831 0.069923 0.000009 -0.000008 0.000009 9.704598 -0.028713 -9.974759 5.642101 0.081538 -0.129173 5.651693 0.040646 -0.086131 -0.000011 0.000447 0.000004 10.904355 -0.037463 -13.588649 6.218172 0.170541 -0.161939 6.133099 0.063142 -0.150115 -0.000056 -0.000004 -0.000011 0.000000 0.000000 0.000000 0.000000 0.000000 0.000000 -88.080788 0.249492 4.517539 -71.772591 15.332116 -12.536907 -0.472090 -13.301099 86.835320 1.418532 -33.046059 1.447329 -9.817909 1.637788 40.307369 0.000022 0.000028 -24.063847 -0.000051 -0.000011 -16.749802 0.000297 0.000007 0.001939 -12.060684 0.047000 -1.051307 -8.892927 -0.028741 0.103158 -9.041668 0.003644 0.043238 0.000001 -0.000380 -0.000003 -12.399025 0.041366 -4.019704 -8.924238 -0.022234 0.020966 -8.753809 -0.000721 0.019382 0.000026 -0.000023 -0.000123 -15.847681 -0.011716 -8.035987 -10.107438 0.029761 -0.101251 -9.799610 -0.008434 -0.065231 0.000621 0.000011 0.000007 -17.332159 -0.004900 -12.441984 -10.907907 0.007103 -0.260365 -10.940891 -0.057801 -0.213155 -0.000758 0.000003 -0.000046 0.000000 0.000000 0.000000 0.000000 0.000000 0.000000 -4.105270 -9.894458 16.350636 -0.149543 -0.950476 6.746979 0.343957 -8.874400 15.888679 -1.175181 1.161498 -17.780666 0.000000 0.000000 0.000000 0.000000 0.000000 0.000000 0.000000 0.000000 0.000000 -0.453401 -4.250640 11.203989 0.092788 0.333932 11.768900 2.618010 1.080325 14.938196 0.248208 -0.484032 -20.036388 0.000000 0.000000 0.000000 0.000000 0.000000 0.000000 0.000000 0.000000 0.000000 
0.809870 88.301720 4.688160 0.241259 3.151499 -12.115652 0.610879 0.289706 8.150555 0.977204 -0.013291 1.790903 -1.670214 1.615975 7.367204 -1.026741 0.594223 4.536046 2.628573 -1.535542 1.148044 -0.001936 -0.565771 -5.063975 0.251301 -0.733516 -19.177771 0.000000 0.000000 0.000000 91.932808 -0.541783 10.759165 63.934155 -27.111929 1.781255 -0.384799 16.583633 61.068951 -7.828225 12.971421 -1.273615 9.238667 -1.738820 40.457932 -0.000009 0.000026 -22.656590 0.000007 0.000053 -15.796468 0.000015 0.000002 -0.000032 7.716946 0.041140 -5.122178 5.239711 -0.103209 0.201840 5.253299 -0.070326 0.168425 -0.000010 0.000025 -0.000023 7.777946 0.002622 -7.393723 4.934294 -0.049820 0.072133 4.916298 -0.026813 0.071229 0.000009 -0.000006 0.000009 9.425746 -0.028501 -9.965032 5.496570 0.081387 -0.131199 5.508795 0.040658 -0.087836 -0.000011 0.000444 0.000004 10.628935 -0.038058 -13.593210 6.078390 0.170310 -0.166241 5.994681 0.063610 -0.153867 -0.000068 -0.000004 -0.000010 0.000000 0.000000 0.000000 0.000000 0.000000 0.000000 -87.989990 0.219430 4.527096 -71.858597 15.544610 -12.532462 -0.424821 -13.227324 86.910309 1.209412 -32.643589 1.456359 -9.691793 1.623229 40.365883 0.000022 0.000028 -23.757200 -0.000048 -0.000012 -16.541180 0.000331 0.000007 0.001900 -11.365572 0.048063 -0.854962 -8.528359 -0.028561 0.091416 -8.681361 0.003897 0.032587 0.000001 -0.000408 -0.000003 -11.769874 0.041946 -3.914560 -8.576443 -0.022091 0.016577 -8.402029 -0.000697 0.015611 -0.000000 -0.000023 -0.000121 -15.282570 -0.011628 -8.060566 -9.779288 0.030224 -0.094465 -9.463787 -0.008293 -0.060328 0.000669 0.000011 0.000007 -16.844551 -0.003618 -12.573579 -10.628779 0.007699 -0.240182 -10.659934 -0.057151 -0.196633 -0.000741 0.000003 -0.000046 0.000000 0.000000 0.000000 0.000000 0.000000 0.000000 -4.126994 -9.936220 16.356276 -0.149335 -0.950223 6.736311 0.346194 -8.892890 15.887202 -1.177604 1.162118 -17.793879 0.000000 0.000000 0.000000 0.000000 0.000000 0.000000 0.000000 0.000000 0.000000 -0.462089 -4.260336 11.186039 0.092286 0.335001 11.758035 2.606597 1.027688 14.965035 0.246267 -0.488850 -20.035873 0.000000 0.000000 0.000000 0.000000 0.000000 0.000000 0.000000 0.000000 0.000000 
0.800676 88.307396 4.679876 0.261243 3.191263 -12.113476 0.598109 0.289023 8.162871 0.964678 -0.009203 1.777966 -1.671096 1.611526 7.376909 -1.030756 0.594195 4.531192 2.591747 -1.540311 1.121216 -0.003006 -0.578489 -5.062352 0.250295 -0.740337 -19.145369 0.000000 0.000000 0.000000 91.878952 -0.545892 10.760511 63.903561 -27.483513 1.889410 -0.390427 16.441206 61.139561 -7.772443 12.610790 -1.393092 9.165157 -1.730778 40.490208 -0.000009 0.000026 -22.483849 0.000007 0.000053 -15.678748 0.000015 0.000002 -0.000032 7.449350 0.041103 -5.036879 5.105296 -0.102597 0.205168 5.121183 -0.070104 0.171197 -0.000010 0.000025 -0.000023 7.502267 0.002873 -7.339943 4.793567 -0.049625 0.073822 4.779571 -0.026728 0.072406 0.000009 -0.000004 0.000009 9.129120 -0.028348 -9.954291 5.353847 0.081084 -0.133072 5.368554 0.040555 -0.089463 -0.000011 0.000444 0.000004 10.335593 -0.038875 -13.601126 5.940620 0.169770 -0.170186 5.858474 0.063811 -0.157462 -0.000077 -0.000004 -0.000009 0.000000 0.000000 0.000000 0.000000 0.000000 0.000000 -87.898026 0.189752 4.535858 -71.923607 15.758444 -12.519291 -0.377285 -13.148688 86.989723 1.047750 -32.170261 1.453533 -9.547944 1.606441 40.433041 0.000022 0.000027 -23.404882 -0.000046 -0.000012 -16.301102 0.000360 0.000007 0.001858 -10.572909 0.049230 -0.623460 -8.117400 -0.028582 0.077599 -8.273709 0.003991 0.019991 0.000001 -0.000435 -0.000003 -11.049934 0.042515 -3.786035 -8.180740 -0.022025 0.011431 -8.002819 -0.000727 0.011207 -0.000028 -0.000023 -0.000119 -14.629098 -0.011590 -8.077769 -9.401481 0.030806 -0.086547 -9.078098 -0.008057 -0.054620 0.000721 0.000011 0.000007 -16.275183 -0.002291 -12.712857 -10.303098 0.008626 -0.216913 -10.332685 -0.056296 -0.177852 -0.000724 0.000003 -0.000045 0.000000 0.000000 0.000000 0.000000 0.000000 0.000000 -4.148990 -9.974315 16.359766 -0.149147 -0.949952 6.728699 0.346920 -8.903639 15.886073 -1.179367 1.162479 -17.808331 0.000000 0.000000 0.000000 0.000000 0.000000 0.000000 0.000000 0.000000 0.000000 -0.472000 -4.267033 11.169315 0.091778 0.336049 11.748743 2.594893 0.978938 14.993339 0.244273 -0.493570 -20.038158 0.000000 0.000000 0.000000 0.000000 0.000000 0.000000 0.000000 0.000000 0.000000 
0.792287 88.312378 4.672467 0.281052 3.229485 -12.112203 0.585067 0.288541 8.173544 0.952306 -0.005515 1.767400 -1.671324 1.607269 7.384697 -1.034022 0.594026 4.527452 2.552816 -1.543700 1.097756 -0.004619 -0.591102 -5.060379 0.249328 -0.746045 -19.112013 0.000000 0.000000 0.000000 91.826256 -0.549172 10.763143 63.861786 -27.843807 1.997520 -0.397166 16.304031 61.235538 -7.719925 12.236238 -1.508633 9.088957 -1.722080 40.524067 -0.000009 0.000026 -22.304701 0.000007 0.000053 -15.556694 0.000014 0.000002 -0.000032 7.168807 0.041117 -4.944429 4.974419 -0.101839 0.208123 4.992842 -0.069731 0.173616 -0.000010 0.000025 -0.000023 7.213755 0.003188 -7.281998 4.656580 -0.049352 0.075401 4.646541 -0.026582 0.073463 0.000008 -0.000002 0.000009 8.820806 -0.028217 -9.943764 5.215362 0.080640 -0.134738 5.232322 0.040337 -0.090963 -0.000011 0.000444 0.000004 10.031450 -0.039808 -13.613223 5.806944 0.168907 -0.173469 5.726458 0.063724 -0.160648 -0.000084 -0.000004 -0.000009 0.000000 0.000000 0.000000 0.000000 0.000000 0.000000 -87.807037 0.161198 4.545311 -71.970474 15.969326 -12.497439 -0.330116 -13.065843 87.073898 0.933171 -31.639545 1.440722 -9.388188 1.587588 40.507942 0.000022 0.000027 -23.011679 -0.000043 -0.000012 -16.032881 0.000382 0.000007 0.001816 -9.691974 0.050460 -0.361862 -7.665517 -0.028829 0.061677 -7.824221 0.003894 0.005424 0.000001 -0.000460 -0.000003 -10.247297 0.043055 -3.637550 -7.742628 -0.022044 0.005521 -7.561617 -0.000815 0.006163 -0.000056 -0.000023 -0.000117 -13.893849 -0.011573 -8.088983 -8.978876 0.031501 -0.077564 -8.647593 -0.007731 -0.048144 0.000774 0.000011 0.000008 -15.629302 -0.000860 -12.859664 -9.935506 0.009863 -0.190859 -9.963649 -0.055251 -0.156956 -0.000709 0.000003 -0.000045 0.000000 0.000000 0.000000 0.000000 0.000000 0.000000 -4.170410 -10.008898 16.361526 -0.148985 -0.949643 6.725036 0.346876 -8.907741 15.884637 -1.180525 1.162686 -17.823135 0.000000 0.000000 0.000000 0.000000 0.000000 0.000000 0.000000 0.000000 0.000000 -0.482234 -4.271188 11.154841 0.091297 0.337157 11.740721 2.583121 0.933487 15.021940 0.242406 -0.498192 -20.042515 0.000000 0.000000 0.000000 0.000000 0.000000 0.000000 0.000000 0.000000 0.000000 
0.784773 88.316589 4.666113 0.300161 3.266057 -12.112359 0.572244 0.288294 8.182714 0.940104 -0.002145 1.758963 -1.670436 1.602831 7.391572 -1.036698 0.593648 4.525356 2.512053 -1.545280 1.077044 -0.006671 -0.603100 -5.058305 0.248188 -0.750757 -19.078163 0.000000 0.000000 0.000000 91.775299 -0.551661 10.767279 63.811298 -28.187193 2.103519 -0.404956 16.171696 61.353058 -7.671919 11.857707 -1.620641 9.010825 -1.712877 40.559074 -0.000009 0.000026 -22.120842 0.000007 0.000052 -15.431477 0.000014 0.000002 -0.000032 6.877510 0.041176 -4.846529 4.846001 -0.100975 0.210782 4.867080 -0.069242 0.175748 -0.000010 0.000025 -0.000023 6.915294 0.003553 -7.220917 4.522508 -0.049011 0.076871 4.516336 -0.026384 0.074409 0.000008 -0.000001 0.000010 8.504692 -0.028086 -9.933728 5.080745 0.080082 -0.136177 5.099733 0.040022 -0.092307 -0.000011 0.000447 0.000004 9.721194 -0.040788 -13.629193 5.677491 0.167766 -0.175969 5.598752 0.063381 -0.163296 -0.000089 -0.000003 -0.000008 0.000000 0.000000 0.000000 0.000000 0.000000 0.000000 -87.718864 0.134345 4.556214 -72.001724 16.173176 -12.466994 -0.284036 -12.979938 87.160942 0.863393 -31.067287 1.416876 -9.215582 1.566993 40.589088 0.000022 0.000027 -22.585426 -0.000041 -0.000013 -15.741860 0.000397 0.000007 0.001773 -8.738422 0.051722 -0.077036 -7.182738 -0.029290 0.043989 -7.343062 0.003603 -0.010795 0.000001 -0.000484 -0.000003 -9.375993 0.043553 -3.473409 -7.272233 -0.022142 -0.001029 -7.088463 -0.000957 0.000586 -0.000085 -0.000023 -0.000115 -13.089621 -0.011559 -8.095149 -8.521016 0.032290 -0.067723 -8.181973 -0.007325 -0.041049 0.000827 0.000011 0.000008 -14.918210 0.000694 -13.012114 -9.534547 0.011373 -0.162616 -9.561260 -0.054039 -0.134367 -0.000694 0.000003 -0.000045 0.000000 0.000000 0.000000 0.000000 0.000000 0.000000 -4.190867 -10.040096 16.362070 -0.148856 -0.949314 6.725666 0.346716 -8.906342 15.882185 -1.181184 1.162805 -17.837605 0.000000 0.000000 0.000000 0.000000 0.000000 0.000000 0.000000 0.000000 0.000000 -0.492327 -4.273144 11.143538 0.090857 0.338381 11.733378 2.571420 0.890687 15.049793 0.240789 -0.502726 -20.048264 0.000000 0.000000 0.000000 0.000000 0.000000 0.000000 0.000000 0.000000 0.000000 
0.778211 88.319977 4.660964 0.318335 3.300726 -12.114232 0.560025 0.288293 8.190672 0.927996 0.001082 1.752121 -1.668194 1.597963 7.398818 -1.038944 0.593065 4.525208 2.469173 -1.544423 1.058651 -0.009117 -0.613967 -5.056180 0.246680 -0.754630 -19.044384 0.000000 0.000000 0.000000 91.727058 -0.553574 10.772584 63.754589 -28.508984 2.205639 -0.413646 16.043953 61.484123 -7.628628 11.484565 -1.730217 8.931490 -1.703344 40.594833 -0.000009 0.000026 -21.933901 0.000007 0.000052 -15.304163 0.000014 0.000002 -0.000032 6.577442 0.041261 -4.744931 4.719099 -0.100060 0.213212 4.742926 -0.068684 0.177637 -0.000010 0.000024 -0.000022 6.609470 0.003951 -7.157592 4.390625 -0.048623 0.078226 4.388184 -0.026152 0.075252 0.000008 0.000001 0.000010 8.184103 -0.027938 -9.923797 4.949573 0.079450 -0.137363 4.970393 0.039636 -0.093461 -0.000011 0.000451 0.000004 9.408537 -0.041778 -13.647583 5.552138 0.166436 -0.177595 5.475253 0.062854 -0.165284 -0.000093 -0.000003 -0.000008 0.000000 0.000000 0.000000 0.000000 0.000000 0.000000 -87.635147 0.109594 4.568651 -72.019455 16.366505 -12.428215 -0.239729 -12.892760 87.246887 0.835586 -30.470827 1.379453 -9.034317 1.545124 40.674416 0.000022 0.000026 -22.136824 -0.000038 -0.000013 -15.435309 0.000406 0.000007 0.001731 -7.734794 0.052968 0.222400 -6.683518 -0.029928 0.025190 -6.844868 0.003145 -0.028052 0.000000 -0.000506 -0.000003 -8.456450 0.043996 -3.298699 -6.784082 -0.022304 -0.007981 -6.597804 -0.001142 -0.005320 -0.000112 -0.000023 -0.000113 -12.235854 -0.011528 -8.096559 -8.042073 0.033149 -0.057358 -7.695541 -0.006857 -0.033585 0.000878 0.000011 0.000008 -14.159645 0.002358 -13.166192 -9.112745 0.013095 -0.133093 -9.137970 -0.052688 -0.110775 -0.000680 0.000003 -0.000045 0.000000 0.000000 0.000000 0.000000 0.000000 0.000000 -4.210205 -10.067880 16.362047 -0.148759 -0.948988 6.730407 0.346846 -8.900450 15.878104 -1.181448 1.162878 -17.851082 0.000000 0.000000 0.000000 0.000000 0.000000 0.000000 0.000000 0.000000 0.000000 -0.502148 -4.273138 11.136002 0.090459 0.339739 11.726338 2.559904 0.850515 15.075946 0.239522 -0.507191 -20.054718 0.000000 0.000000 0.000000 0.000000 0.000000 0.000000 0.000000 0.000000 0.000000 
0.772643 88.322517 4.657053 0.335411 3.333326 -12.118087 0.548660 0.288522 8.197891 0.915934 0.004311 1.746321 -1.664491 1.592519 7.407436 -1.041006 0.592287 4.526837 2.424383 -1.540565 1.042021 -0.011840 -0.623206 -5.054034 0.244658 -0.757820 -19.010696 0.000000 0.000000 0.000000 91.682297 -0.555154 10.779030 63.693314 -28.805952 2.303210 -0.422926 15.921363 61.622421 -7.590128 11.123134 -1.838391 8.851418 -1.693583 40.631065 -0.000009 0.000026 -21.744833 0.000007 0.000052 -15.175358 0.000014 0.000002 -0.000032 6.268903 0.041369 -4.641473 4.592770 -0.099131 0.215452 4.619330 -0.068081 0.179314 -0.000010 0.000024 -0.000022 6.297124 0.004374 -7.093368 4.260076 -0.048199 0.079463 4.261221 -0.025896 0.075994 0.000008 0.000002 0.000010 7.860823 -0.027765 -9.914746 4.821213 0.078769 -0.138294 4.843676 0.039194 -0.094413 -0.000011 0.000455 0.000004 9.096074 -0.042744 -13.668833 5.430604 0.164958 -0.178326 5.355645 0.062178 -0.166565 -0.000095 -0.000003 -0.000008 0.000000 0.000000 0.000000 0.000000 0.000000 0.000000 -87.556786 0.087050 4.583013 -72.026237 16.547056 -12.381068 -0.197621 -12.806250 87.327263 0.846991 -29.865993 1.327085 -8.848063 1.522383 40.762173 0.000022 0.000026 -21.675283 -0.000036 -0.000013 -15.119655 0.000410 0.000007 0.001688 -6.700599 0.054169 0.529185 -6.180522 -0.030682 0.005925 -6.342538 0.002568 -0.045769 0.000000 -0.000527 -0.000003 -7.506658 0.044382 -3.117847 -6.290897 -0.022508 -0.015108 -6.102334 -0.001355 -0.011358 -0.000138 -0.000023 -0.000112 -11.350152 -0.011475 -8.093874 -7.554609 0.034045 -0.046791 -7.201003 -0.006350 -0.025980 0.000926 0.000011 0.000008 -13.370041 0.004102 -13.319033 -8.681252 0.014963 -0.103148 -8.704902 -0.051251 -0.086819 -0.000667 0.000003 -0.000045 0.000000 0.000000 0.000000 0.000000 0.000000 0.000000 -4.228462 -10.092559 16.362164 -0.148680 -0.948655 6.738855 0.347408 -8.891309 15.872170 -1.181389 1.162913 -17.863234 0.000000 0.000000 0.000000 0.000000 0.000000 0.000000 0.000000 0.000000 0.000000 -0.511771 -4.271982 11.132635 0.090098 0.341228 11.719217 2.548900 0.812740 15.099763 0.238617 -0.511605 -20.061346 0.000000 0.000000 0.000000 0.000000 0.000000 0.000000 0.000000 0.000000 0.000000 
0.768022 88.324196 4.654279 0.351118 3.363576 -12.123910 0.538346 0.288941 8.204727 0.904116 0.007574 1.741242 -1.659519 1.586568 7.417872 -1.043009 0.591414 4.529721 2.378302 -1.533569 1.026312 -0.014763 -0.630491 -5.052123 0.242060 -0.760472 -18.976891 0.000000 0.000000 0.000000 91.640717 -0.556457 10.787244 63.630135 -29.075809 2.395407 -0.432515 15.803710 61.763580 -7.556163 10.777860 -1.946444 8.770446 -1.683604 40.667843 -0.000009 0.000026 -21.553171 0.000007 0.000052 -15.044751 0.000014 0.000002 -0.000032 5.950264 0.041513 -4.536971 4.465432 -0.098193 0.217581 4.494586 -0.067438 0.180867 -0.000010 0.000024 -0.000022 5.977061 0.004817 -7.028981 4.129353 -0.047743 0.080594 4.133917 -0.025616 0.076654 0.000008 0.000003 0.000010 7.534390 -0.027562 -9.907431 4.694337 0.078038 -0.138986 4.718246 0.038698 -0.095170 -0.000010 0.000461 0.000004 8.784504 -0.043635 -13.694182 5.311988 0.163314 -0.178132 5.238941 0.061332 -0.167092 -0.000097 -0.000003 -0.000007 0.000000 0.000000 0.000000 0.000000 0.000000 0.000000 -87.484047 0.066614 4.600073 -72.025497 16.711939 -12.326610 -0.157858 -12.721798 87.401360 0.893658 -29.265600 1.261759 -8.659012 1.499026 40.851280 0.000022 0.000026 -21.206438 -0.000034 -0.000013 -14.798759 0.000409 0.000007 0.001647 -5.648233 0.055322 0.839243 -5.681633 -0.031513 -0.013467 -5.844092 0.001905 -0.063639 -0.000000 -0.000546 -0.000003 -6.538251 0.044713 -2.933361 -5.800701 -0.022741 -0.022290 -5.610034 -0.001583 -0.017424 -0.000162 -0.000023 -0.000111 -10.444229 -0.011387 -8.087524 -7.066751 0.034953 -0.036206 -6.706595 -0.005823 -0.018364 0.000969 0.000011 0.000008 -12.560438 0.005917 -13.469339 -8.247335 0.016930 -0.073289 -8.269273 -0.049768 -0.062875 -0.000654 0.000003 -0.000045 0.000000 0.000000 0.000000 0.000000 0.000000 0.000000 -4.245536 -10.114595 16.362946 -0.148603 -0.948293 6.750179 0.348481 -8.879968 15.864669 -1.181040 1.162895 -17.873894 0.000000 0.000000 0.000000 0.000000 0.000000 0.000000 0.000000 0.000000 0.000000 -0.521273 -4.270537 11.133460 0.089771 0.342816 11.711597 2.538754 0.776952 15.121057 0.238042 -0.515974 -20.067848 0.000000 0.000000 0.000000 0.000000 0.000000 0.000000 0.000000 0.000000 0.000000 
0.764308 88.325050 4.652529 0.365520 3.391223 -12.131433 0.529151 0.289496 8.211444 0.892506 0.010990 1.736512 -1.653560 1.580165 7.430782 -1.045111 0.590503 4.533517 2.331048 -1.523652 1.010804 -0.017905 -0.635910 -5.050693 0.238944 -0.762751 -18.942921 0.000000 0.000000 0.000000 91.602737 -0.557748 10.797100 63.567524 -29.317165 2.481218 -0.442159 15.690161 61.900108 -7.525178 10.453901 -2.055109 8.688938 -1.673503 40.704948 -0.000009 0.000026 -21.359667 0.000007 0.000052 -14.912826 0.000014 0.000003 -0.000032 5.622530 0.041697 -4.432701 4.336423 -0.097253 0.219631 4.368031 -0.066761 0.182326 -0.000010 0.000024 -0.000022 5.650330 0.005270 -6.965043 3.997832 -0.047263 0.081624 4.005606 -0.025317 0.077238 0.000008 0.000004 0.000010 7.205566 -0.027331 -9.901489 4.568135 0.077270 -0.139455 4.593346 0.038160 -0.095734 -0.000010 0.000467 0.000004 8.474722 -0.044448 -13.722496 5.195553 0.161528 -0.177067 5.124423 0.060336 -0.166837 -0.000097 -0.000003 -0.000007 0.000000 0.000000 0.000000 0.000000 0.000000 0.000000 -87.417488 0.048201 4.619623 -72.019409 16.858328 -12.265966 -0.120605 -12.640605 87.467751 0.972182 -28.681007 1.184850 -8.470769 1.475486 40.940033 0.000022 0.000025 -20.739368 -0.000032 -0.000014 -14.478810 0.000406 0.000007 0.001606 -4.597737 0.056414 1.146419 -5.199036 -0.032348 -0.032354 -5.361828 0.001219 -0.081079 -0.000000 -0.000562 -0.000003 -5.569632 0.044990 -2.748709 -5.325758 -0.022976 -0.029300 -5.133124 -0.001807 -0.023326 -0.000184 -0.000022 -0.000109 -9.535902 -0.011264 -8.077318 -6.590641 0.035837 -0.025902 -6.224558 -0.005301 -0.010961 0.001007 0.000011 0.000008 -11.747195 0.007741 -13.613388 -7.821506 0.018906 -0.044297 -7.841602 -0.048300 -0.039565 -0.000641 0.000003 -0.000045 0.000000 0.000000 0.000000 0.000000 0.000000 0.000000 -4.261583 -10.134200 16.364872 -0.148525 -0.947923 6.763435 0.350115 -8.867100 15.855588 -1.180458 1.162818 -17.882839 0.000000 0.000000 0.000000 0.000000 0.000000 0.000000 0.000000 0.000000 0.000000 -0.530937 -4.269036 11.138242 0.089464 0.344471 11.703333 2.529691 0.743317 15.139626 0.237772 -0.520306 -20.073980 0.000000 0.000000 0.000000 0.000000 0.000000 0.000000 0.000000 0.000000 0.000000 
0.761405 88.325111 4.651613 0.378584 3.416063 -12.140414 0.521141 0.290115 8.218342 0.881059 0.014632 1.731929 -1.646939 1.573601 7.446193 -1.047387 0.589693 4.537760 2.283168 -1.511289 0.995164 -0.021231 -0.639667 -5.049780 0.235433 -0.764784 -18.908680 0.000000 0.000000 0.000000 91.568115 -0.559151 10.808722 63.508106 -29.530123 2.559673 -0.451637 15.580641 62.028191 -7.496370 10.153987 -2.165082 8.607004 -1.663330 40.742298 -0.000009 0.000026 -21.164518 0.000007 0.000052 -14.779722 0.000014 0.000003 -0.000032 5.285991 0.041931 -4.329871 4.205099 -0.096316 0.221632 4.238961 -0.066054 0.183732 -0.000010 0.000024 -0.000022 5.317208 0.005729 -6.902501 3.864833 -0.046764 0.082557 3.875595 -0.025000 0.077757 0.000008 0.000005 0.000010 6.874399 -0.027080 -9.897503 4.441771 0.076469 -0.139722 4.468140 0.037585 -0.096121 -0.000010 0.000473 0.000004 8.166939 -0.045178 -13.754128 5.080540 0.159601 -0.175196 5.011271 0.059188 -0.165819 -0.000096 -0.000003 -0.000007 0.000000 0.000000 0.000000 0.000000 0.000000 0.000000 -87.356934 0.031465 4.641673 -72.010582 16.985279 -12.200710 -0.085712 -12.563287 87.526596 1.078663 -28.119095 1.099042 -8.285742 1.452084 41.027271 0.000022 0.000025 -20.280176 -0.000030 -0.000014 -14.163985 0.000400 0.000007 0.001566 -3.563191 0.057443 1.446859 -4.740837 -0.033125 -0.050276 -4.903959 0.000566 -0.097671 -0.000001 -0.000577 -0.000003 -4.613724 0.045221 -2.566191 -4.874235 -0.023189 -0.035975 -4.679766 -0.002012 -0.028928 -0.000204 -0.000022 -0.000108 -8.637464 -0.011108 -8.063432 -6.134368 0.036667 -0.016103 -5.763060 -0.004805 -0.003931 0.001038 0.000011 0.000009 -10.941506 0.009527 -13.749158 -7.410645 0.020830 -0.016753 -7.428837 -0.046897 -0.017341 -0.000627 0.000003 -0.000045 0.000000 0.000000 0.000000 0.000000 0.000000 0.000000 -4.276754 -10.151702 16.368389 -0.148436 -0.947540 6.777540 0.352264 -8.853235 15.845256 -1.179673 1.162665 -17.889994 0.000000 0.000000 0.000000 0.000000 0.000000 0.000000 0.000000 0.000000 0.000000 -0.540949 -4.267933 11.146471 0.089170 0.346145 11.694449 2.521998 0.711801 15.155521 0.237725 -0.524609 -20.079617 0.000000 0.000000 0.000000 0.000000 0.000000 0.000000 0.000000 0.000000 0.000000 
0.759197 88.324417 4.651315 0.390380 3.437971 -12.150498 0.514277 0.290709 8.225560 0.869624 0.018557 1.727514 -1.640018 1.567124 7.463743 -1.049885 0.589102 4.541971 2.235328 -1.497327 0.978942 -0.024712 -0.642148 -5.049568 0.231714 -0.766695 -18.873999 0.000000 0.000000 0.000000 91.536285 -0.560794 10.822196 63.454277 -29.715555 2.630128 -0.460773 15.474539 62.144936 -7.468555 9.879395 -2.276923 8.524984 -1.653154 40.779720 -0.000009 0.000026 -20.968456 0.000007 0.000052 -14.645951 0.000013 0.000003 -0.000031 4.942182 0.042228 -4.229875 4.071371 -0.095355 0.223549 4.107268 -0.065300 0.185070 -0.000009 0.000024 -0.000022 4.979088 0.006191 -6.842411 3.730195 -0.046246 0.083382 3.743717 -0.024661 0.078205 0.000007 0.000006 0.000010 6.541592 -0.026816 -9.896063 4.314756 0.075624 -0.139804 4.342150 0.036971 -0.096340 -0.000010 0.000478 0.000004 7.861731 -0.045828 -13.789247 4.966366 0.157506 -0.172607 4.898866 0.057864 -0.164065 -0.000094 -0.000003 -0.000007 0.000000 0.000000 0.000000 0.000000 0.000000 0.000000 -87.301910 0.015954 4.666097 -72.001320 17.092817 -12.132718 -0.052953 -12.489675 87.579475 1.209343 -27.582270 1.007232 -8.105813 1.429072 41.112099 0.000022 0.000025 -19.833563 -0.000028 -0.000014 -13.857537 0.000393 0.000007 0.001528 -2.555685 0.058415 1.737845 -4.313056 -0.033779 -0.066835 -4.476569 0.000007 -0.113052 -0.000001 -0.000588 -0.000003 -3.680600 0.045415 -2.387519 -4.452218 -0.023358 -0.042168 -4.256017 -0.002177 -0.034111 -0.000222 -0.000022 -0.000107 -7.758122 -0.010923 -8.046199 -5.703794 0.037412 -0.006993 -5.328021 -0.004358 0.002586 0.001063 0.000011 0.000009 -10.151477 0.011224 -13.875359 -7.019581 0.022627 0.008877 -7.035858 -0.045620 0.003422 -0.000613 0.000003 -0.000045 0.000000 0.000000 0.000000 0.000000 0.000000 0.000000 -4.291321 -10.167457 16.373796 -0.148336 -0.947156 6.791402 0.355002 -8.838616 15.833957 -1.178726 1.162429 -17.895355 0.000000 0.000000 0.000000 0.000000 0.000000 0.000000 0.000000 0.000000 0.000000 -0.551518 -4.267460 11.157473 0.088881 0.347795 11.685038 2.515927 0.682127 15.168949 0.237806 -0.528866 -20.084806 0.000000 0.000000 0.000000 0.000000 0.000000 0.000000 0.000000 0.000000 0.000000 
0.757417 88.323128 4.651040 0.400400 3.456665 -12.161197 0.508730 0.291125 8.232732 0.858285 0.022535 1.724653 -1.633274 1.561269 7.479836 -1.052716 0.589179 4.544696 2.190492 -1.483896 0.960995 -0.027952 -0.643423 -5.050977 0.228048 -0.768760 -18.837883 0.000000 0.000000 0.000000 91.501335 -0.562189 10.840159 63.410450 -29.876883 2.691974 -0.469475 15.369981 62.265976 -7.444313 9.618442 -2.393687 8.440528 -1.642629 40.818367 -0.000009 0.000026 -20.765730 0.000007 0.000052 -14.507905 0.000013 0.000003 -0.000031 4.580663 0.042673 -4.130996 3.930038 -0.094230 0.225339 3.967435 -0.064380 0.186399 -0.000009 0.000024 -0.000022 4.625925 0.006678 -6.785478 3.588528 -0.045675 0.084112 3.604642 -0.024261 0.078592 0.000007 0.000006 0.000010 6.196885 -0.026547 -9.902460 4.181234 0.074631 -0.139795 4.209362 0.036260 -0.096485 -0.000010 0.000482 0.000004 7.551113 -0.046292 -13.837420 4.847635 0.154955 -0.169509 4.781485 0.056106 -0.161782 -0.000090 -0.000003 -0.000007 0.000000 0.000000 0.000000 0.000000 0.000000 0.000000 -87.248985 0.000572 4.695243 -71.998650 17.181658 -12.066369 -0.021235 -12.417953 87.643570 1.363066 -27.051493 0.920689 -7.925899 1.405881 41.196781 0.000022 0.000024 -19.387066 -0.000026 -0.000014 -13.551136 0.000384 0.000007 0.001493 -1.549845 0.059416 2.029706 -3.901516 -0.034326 -0.082822 -4.065593 -0.000469 -0.127934 -0.000001 -0.000598 -0.000003 -2.746309 0.045599 -2.207397 -4.045701 -0.023489 -0.048174 -3.847816 -0.002312 -0.039135 -0.000236 -0.000022 -0.000106 -6.872643 -0.010709 -8.027637 -5.283876 0.038091 0.001792 -4.904541 -0.003945 0.008866 0.001080 0.000011 0.000009 -9.352503 0.012892 -14.000937 -6.634085 0.024356 0.033615 -6.648393 -0.044445 0.023546 -0.000597 0.000003 -0.000045 0.000000 0.000000 0.000000 0.000000 0.000000 0.000000 -4.305513 -10.183146 16.381117 -0.148229 -0.946764 6.803238 0.358982 -8.823986 15.823525 -1.177624 1.162109 -17.899485 0.000000 0.000000 0.000000 0.000000 0.000000 0.000000 0.000000 0.000000 0.000000 -0.562877 -4.269489 11.170079 0.088611 0.349327 11.674347 2.512329 0.651657 15.181501 0.237720 -0.532968 -20.090235 0.000000 0.000000 0.000000 0.000000 0.000000 0.000000 0.000000 0.000000 0.000000 
0.756095 88.321548 4.650519 0.409786 3.472095 -12.171361 0.504168 0.291327 8.238949 0.846427 0.026519 1.722848 -1.627013 1.556022 7.493431 -1.056313 0.589881 4.545992 2.147964 -1.472829 0.941196 -0.031122 -0.644648 -5.053968 0.224792 -0.771229 -18.800777 0.000000 0.000000 0.000000 91.462708 -0.563866 10.861208 63.374329 -30.018993 2.745179 -0.478178 15.261071 62.395401 -7.418197 9.364201 -2.517504 8.352866 -1.631732 40.858475 -0.000009 0.000025 -20.554745 0.000006 0.000052 -14.364348 0.000013 0.000003 -0.000031 4.197602 0.043264 -4.031335 3.778053 -0.092949 0.226839 3.816501 -0.063309 0.187595 -0.000009 0.000024 -0.000022 4.253227 0.007161 -6.730412 3.436634 -0.045072 0.084721 3.455135 -0.023808 0.078892 0.000007 0.000007 0.000010 5.832158 -0.026275 -9.916533 4.036565 0.073519 -0.139790 4.065304 0.035488 -0.096624 -0.000010 0.000483 0.000004 7.224882 -0.046593 -13.899318 4.718885 0.152093 -0.166512 4.653893 0.054057 -0.159360 -0.000084 -0.000003 -0.000007 0.000000 0.000000 0.000000 0.000000 0.000000 0.000000 -87.196442 -0.014862 4.727623 -72.002937 17.252361 -12.004460 0.010171 -12.345427 87.725975 1.536469 -26.510561 0.840344 -7.746090 1.382554 41.281158 0.000023 0.000024 -18.941280 -0.000024 -0.000014 -13.245176 0.000376 0.000007 0.001464 -0.546194 0.060413 2.323836 -3.508839 -0.034766 -0.097909 -3.673748 -0.000877 -0.141961 -0.000002 -0.000605 -0.000003 -1.810167 0.045768 -2.024800 -3.657290 -0.023584 -0.053885 -3.457783 -0.002416 -0.043902 -0.000247 -0.000022 -0.000105 -5.978117 -0.010473 -8.007649 -4.875904 0.038717 0.010173 -4.493873 -0.003549 0.014829 0.001090 0.000011 0.000009 -8.540484 0.014522 -14.126023 -6.254001 0.026064 0.057471 -6.266551 -0.043303 0.042924 -0.000580 0.000003 -0.000044 0.000000 0.000000 0.000000 0.000000 0.000000 0.000000 -4.320547 -10.198935 16.390675 -0.148164 -0.946540 6.811363 0.364665 -8.809558 15.813540 -1.176548 1.161799 -17.902582 0.000000 0.000000 0.000000 0.000000 0.000000 0.000000 0.000000 0.000000 0.000000 -0.576434 -4.275244 11.183889 0.088343 0.350685 11.661518 2.511341 0.620255 15.193999 0.237276 -0.536847 -20.096567 0.000000 0.000000 0.000000 0.000000 0.000000 0.000000 0.000000 0.000000 0.000000 
0.755126 88.319916 4.649690 0.418963 3.484364 -12.180339 0.500777 0.291316 8.243526 0.833304 0.030639 1.721533 -1.620928 1.551897 7.503043 -1.060719 0.591528 4.545896 2.107672 -1.466195 0.921728 -0.034272 -0.647653 -5.057270 0.222478 -0.774269 -18.764309 0.000000 0.000000 0.000000 91.420303 -0.565869 10.883218 63.342720 -30.146206 2.789508 -0.487416 15.147186 62.537201 -7.385515 9.108762 -2.649058 8.261464 -1.620381 40.900318 -0.000008 0.000025 -20.334394 0.000006 0.000052 -14.214335 0.000013 0.000003 -0.000031 3.789336 0.043977 -3.929022 3.615423 -0.091597 0.227913 3.654562 -0.062181 0.188534 -0.000009 0.000024 -0.000021 3.856301 0.007608 -6.676306 3.274176 -0.044483 0.085173 3.294841 -0.023328 0.079077 0.000007 0.000007 0.000010 5.439018 -0.025998 -9.938795 3.878943 0.072357 -0.139845 3.908275 0.034708 -0.096793 -0.000010 0.000482 0.000004 6.871125 -0.046758 -13.976280 4.576849 0.149164 -0.164096 4.513033 0.051942 -0.157170 -0.000077 -0.000003 -0.000007 0.000000 0.000000 0.000000 0.000000 0.000000 0.000000 -87.143089 -0.030550 4.761188 -72.013191 17.310781 -11.949624 0.042182 -12.271824 87.829681 1.723527 -25.940685 0.764895 -7.567040 1.359129 41.364933 0.000023 0.000024 -18.498396 -0.000023 -0.000014 -12.941029 0.000369 0.000007 0.001440 0.450633 0.061335 2.619463 -3.141315 -0.035082 -0.111445 -3.307513 -0.001210 -0.154532 -0.000002 -0.000609 -0.000003 -0.874950 0.045906 -1.840134 -3.292891 -0.023638 -0.059064 -3.091932 -0.002486 -0.048207 -0.000254 -0.000021 -0.000105 -5.074541 -0.010224 -7.986346 -4.484840 0.039303 0.017900 -4.100846 -0.003167 0.020275 0.001092 0.000012 0.000009 -7.714078 0.016122 -14.249577 -5.882630 0.027783 0.079915 -5.893914 -0.042142 0.061066 -0.000563 0.000004 -0.000044 0.000000 0.000000 0.000000 0.000000 0.000000 0.000000 -4.336638 -10.214197 16.403122 -0.148157 -0.946579 6.814195 0.371742 -8.794923 15.803810 -1.175592 1.161639 -17.904613 0.000000 0.000000 0.000000 0.000000 0.000000 0.000000 0.000000 0.000000 0.000000 -0.592793 -4.286399 11.198809 0.088083 0.351811 11.646235 2.512912 0.588739 15.206635 0.236347 -0.540445 -20.104029 0.000000 0.000000 0.000000 0.000000 0.000000 0.000000 0.000000 0.000000 0.000000 
0.754198 88.318443 4.648664 0.427835 3.493707 -12.187884 0.498756 0.291060 8.245549 0.818275 0.034993 1.720671 -1.614080 1.549615 7.506573 -1.065777 0.594679 4.544292 2.070213 -1.466481 0.905528 -0.037283 -0.654747 -5.059206 0.221875 -0.777976 -18.730589 0.000000 0.000000 0.000000 91.373566 -0.567987 10.904169 63.310040 -30.260338 2.826114 -0.497637 15.029341 62.695633 -7.341171 8.842644 -2.791497 8.165681 -1.608342 40.944416 -0.000008 0.000025 -20.102842 0.000006 0.000052 -14.056461 0.000013 0.000003 -0.000031 3.349878 0.044809 -3.821379 3.443586 -0.090255 0.228405 3.483197 -0.061081 0.189066 -0.000009 0.000024 -0.000021 3.427928 0.007996 -6.621869 3.102136 -0.043952 0.085425 3.124716 -0.022845 0.079110 0.000008 0.000008 0.000010 5.006071 -0.025719 -9.970452 3.707309 0.071206 -0.140007 3.737334 0.033962 -0.097028 -0.000010 0.000477 0.000004 6.474642 -0.046821 -14.071122 4.418388 0.146412 -0.162782 4.356038 0.049975 -0.155668 -0.000068 -0.000002 -0.000007 0.000000 0.000000 0.000000 0.000000 0.000000 0.000000 -87.087265 -0.046757 4.793726 -72.027634 17.365141 -11.904160 0.075606 -12.198467 87.957848 1.916179 -25.316217 0.690003 -7.388390 1.335372 41.448402 0.000023 0.000024 -18.057796 -0.000021 -0.000015 -12.638192 0.000364 0.000007 0.001423 1.442247 0.062127 2.916952 -2.804980 -0.035258 -0.122818 -2.973059 -0.001458 -0.165108 -0.000003 -0.000608 -0.000003 0.062641 0.045998 -1.653476 -2.957850 -0.023648 -0.063490 -2.755711 -0.002516 -0.051856 -0.000258 -0.000021 -0.000104 -4.155421 -0.009978 -7.964784 -4.114641 0.039861 0.024743 -3.729241 -0.002791 0.025019 0.001087 0.000012 0.000009 -6.865841 0.017688 -14.372549 -5.522028 0.029533 0.100426 -5.532857 -0.040922 0.077497 -0.000546 0.000004 -0.000044 0.000000 0.000000 0.000000 0.000000 0.000000 0.000000 -4.353014 -10.228404 16.419270 -0.148225 -0.946961 6.810624 0.379614 -8.779550 15.793966 -1.174780 1.161816 -17.905573 0.000000 0.000000 0.000000 0.000000 0.000000 0.000000 0.000000 0.000000 0.000000 -0.611699 -4.304418 11.215240 0.087833 0.352572 11.628133 2.517027 0.557820 15.219368 0.234888 -0.543566 -20.112587 0.000000 0.000000 0.000000 0.000000 0.000000 0.000000 0.000000 0.000000 0.000000 
0.752956 88.317177 4.647652 0.436072 3.500680 -12.194091 0.498188 0.290516 8.244319 0.800938 0.039667 1.720617 -1.605359 1.549938 7.502122 -1.071234 0.599924 4.541430 2.035279 -1.475300 0.895781 -0.040057 -0.667960 -5.057651 0.223704 -0.782159 -18.701626 0.000000 0.000000 0.000000 91.322449 -0.569958 10.922303 63.269863 -30.362268 2.855839 -0.509074 14.910186 62.870213 -7.279652 8.559015 -2.949047 8.064292 -1.595310 40.991592 -0.000008 0.000025 -19.856653 0.000006 0.000052 -13.888099 0.000013 0.000003 -0.000030 2.870554 0.045776 -3.703826 3.262696 -0.089037 0.228369 3.302687 -0.060136 0.189183 -0.000009 0.000024 -0.000021 2.958081 0.008324 -6.563805 2.920249 -0.043530 0.085512 2.944352 -0.022396 0.079019 0.000008 0.000008 0.000010 4.519509 -0.025457 -10.010489 3.519477 0.070152 -0.140374 3.550458 0.033301 -0.097396 -0.000010 0.000468 0.000004 6.017940 -0.046876 -14.184213 4.239330 0.144146 -0.163185 4.178996 0.048409 -0.155425 -0.000058 -0.000002 -0.000007 0.000000 0.000000 0.000000 0.000000 0.000000 0.000000 -87.027466 -0.063670 4.822551 -72.042824 17.426662 -11.868787 0.111074 -12.127097 88.107048 2.110113 -24.608614 0.609283 -7.208790 1.310866 41.532471 0.000024 0.000023 -17.616211 -0.000020 -0.000015 -12.334291 0.000362 0.000007 0.001413 2.436290 0.062760 3.218492 -2.505965 -0.035275 -0.131536 -2.676575 -0.001599 -0.173280 -0.000003 -0.000603 -0.000003 1.011786 0.046040 -1.463295 -2.657362 -0.023610 -0.066991 -2.454346 -0.002503 -0.054695 -0.000258 -0.000021 -0.000104 -3.208362 -0.009759 -7.942595 -3.768372 0.040409 0.030538 -3.381969 -0.002419 0.028926 0.001074 0.000012 0.000009 -5.982734 0.019208 -14.494306 -5.172752 0.031329 0.118654 -5.184228 -0.039616 0.091906 -0.000530 0.000004 -0.000044 0.000000 0.000000 0.000000 0.000000 0.000000 0.000000 -4.368286 -10.241082 16.439165 -0.148367 -0.947673 6.800793 0.387417 -8.763069 15.783675 -1.174050 1.162437 -17.905834 0.000000 0.000000 0.000000 0.000000 0.000000 0.000000 0.000000 0.000000 0.000000 -0.632017 -4.330066 11.233411 0.087594 0.352852 11.607344 2.523479 0.527646 15.232023 0.232931 -0.545977 -20.122025 0.000000 0.000000 0.000000 0.000000 0.000000 0.000000 0.000000 0.000000 0.000000 
0.751050 88.315987 4.646760 0.442974 3.506345 -12.199390 0.499063 0.289688 8.239564 0.781424 0.044771 1.722836 -1.594352 1.553892 7.487267 -1.076591 0.607892 4.538071 2.001904 -1.493566 0.895153 -0.042424 -0.688888 -5.050621 0.228612 -0.786370 -18.678669 0.000000 0.000000 0.000000 91.266029 -0.571147 10.937498 63.220543 -30.451006 2.877917 -0.521628 14.794305 63.055191 -7.197678 8.254107 -3.125712 7.954765 -1.580845 41.043194 -0.000008 0.000025 -19.589205 0.000005 0.000052 -13.704481 0.000013 0.000003 -0.000030 2.338333 0.046918 -3.569175 3.069350 -0.088058 0.228202 3.109786 -0.059482 0.189160 -0.000009 0.000024 -0.000020 2.432950 0.008611 -6.496503 2.724964 -0.043262 0.085579 2.749903 -0.022023 0.078927 0.000008 0.000009 0.000011 3.963545 -0.025245 -10.055717 3.310820 0.069280 -0.141117 3.343071 0.032764 -0.098016 -0.000009 0.000454 0.000004 5.483476 -0.047047 -14.313954 4.034073 0.142612 -0.165897 3.976267 0.047425 -0.157050 -0.000046 -0.000002 -0.000008 0.000000 0.000000 0.000000 0.000000 0.000000 0.000000 -86.961815 -0.081554 4.845535 -72.057053 17.505566 -11.842963 0.148962 -12.058722 88.269325 2.311774 -23.788918 0.517408 -7.024436 1.284858 41.619171 0.000024 0.000023 -17.164074 -0.000019 -0.000015 -12.022550 0.000361 0.000007 0.001407 3.453583 0.063262 3.531084 -2.248180 -0.035098 -0.137384 -2.422021 -0.001580 -0.178902 -0.000004 -0.000594 -0.000003 1.994222 0.046051 -1.264316 -2.394370 -0.023512 -0.069499 -2.190711 -0.002436 -0.056657 -0.000252 -0.000020 -0.000103 -2.208597 -0.009600 -7.916707 -3.446143 0.040959 0.035239 -3.059121 -0.002055 0.031950 0.001052 0.000012 0.000009 -5.039910 0.020650 -14.612504 -4.831929 0.033149 0.134511 -4.845373 -0.038236 0.104259 -0.000515 0.000004 -0.000044 0.000000 0.000000 0.000000 0.000000 0.000000 0.000000 -4.381003 -10.252410 16.461933 -0.148568 -0.948567 6.786271 0.394725 -8.745426 15.772919 -1.173272 1.163451 -17.905846 0.000000 0.000000 0.000000 0.000000 0.000000 0.000000 0.000000 0.000000 0.000000 -0.651860 -4.362859 11.252584 0.087379 0.352607 11.585225 2.531987 0.497323 15.244379 0.230623 -0.547433 -20.131895 0.000000 0.000000 0.000000 0.000000 0.000000 0.000000 0.000000 0.000000 0.000000 
0.748275 88.314606 4.645964 0.448309 3.512236 -12.204052 0.500905 0.288654 8.231090 0.760029 0.050373 1.729201 -1.581370 1.561572 7.459504 -1.081602 0.618729 4.535715 1.968831 -1.521539 0.904754 -0.044179 -0.718186 -5.037217 0.236963 -0.790253 -18.661768 0.000000 0.000000 0.000000 91.203178 -0.570995 10.950354 63.166336 -30.522047 2.891348 -0.534763 14.685919 63.242023 -7.094670 7.928546 -3.324704 7.834744 -1.564603 41.100407 -0.000008 0.000025 -19.294239 0.000005 0.000052 -13.501251 0.000012 0.000003 -0.000029 1.742348 0.048269 -3.410408 2.859211 -0.087359 0.228250 2.900464 -0.059185 0.189228 -0.000009 0.000024 -0.000020 1.842115 0.008892 -6.413998 2.512277 -0.043159 0.085737 2.536942 -0.021750 0.078937 0.000008 0.000010 0.000011 3.327944 -0.025117 -10.101207 3.077357 0.068633 -0.142350 3.111095 0.032362 -0.098959 -0.000009 0.000438 0.000004 4.861308 -0.047450 -14.456259 3.798649 0.141927 -0.171215 3.743630 0.047096 -0.160886 -0.000032 -0.000002 -0.000008 0.000000 0.000000 0.000000 0.000000 0.000000 0.000000 -86.888618 -0.100636 4.861561 -72.072395 17.604433 -11.825111 0.189132 -11.993053 88.432243 2.542707 -22.836578 0.404671 -6.829865 1.256425 41.711243 0.000024 0.000022 -16.687414 -0.000018 -0.000015 -11.693245 0.000362 0.000007 0.001402 4.526185 0.063701 3.866426 -2.032841 -0.034657 -0.140260 -2.210712 -0.001305 -0.181923 -0.000004 -0.000580 -0.000003 3.041590 0.046067 -1.047261 -2.169573 -0.023318 -0.070972 -1.965364 -0.002288 -0.057710 -0.000236 -0.000020 -0.000104 -1.123029 -0.009530 -7.881020 -3.145919 0.041489 0.038819 -2.758752 -0.001730 0.034063 0.001020 0.000012 0.000009 -4.005276 0.021967 -14.722834 -4.494818 0.034881 0.147895 -4.511702 -0.036880 0.114551 -0.000503 0.000004 -0.000044 0.000000 0.000000 0.000000 0.000000 0.000000 0.000000 -4.390986 -10.263806 16.486177 -0.148876 -0.949613 6.769220 0.402537 -8.727305 15.760971 -1.172497 1.164752 -17.905901 0.000000 0.000000 0.000000 0.000000 0.000000 0.000000 0.000000 0.000000 0.000000 -0.669928 -4.401259 11.271025 0.087206 0.351970 11.563448 2.542334 0.464462 15.255694 0.228174 -0.547762 -20.141428 0.000000 0.000000 0.000000 0.000000 0.000000 0.000000 0.000000 0.000000 0.000000 
0.744814 88.312668 4.645235 0.452591 3.519756 -12.208232 0.502740 0.287561 8.219227 0.736878 0.056429 1.741017 -1.567352 1.571507 7.417441 -1.086315 0.631840 4.536100 1.933977 -1.558299 0.924115 -0.045443 -0.755083 -5.018092 0.248624 -0.793666 -18.650434 0.000000 0.000000 0.000000 91.133194 -0.569221 10.960382 63.117008 -30.564821 2.895325 -0.547798 14.588004 63.422127 -6.970357 7.593187 -3.543530 7.704354 -1.546720 41.163044 -0.000007 0.000024 -18.971605 0.000005 0.000053 -13.278497 0.000012 0.000003 -0.000029 1.083552 0.049768 -3.226557 2.631333 -0.086884 0.228465 2.674248 -0.059203 0.189293 -0.000009 0.000024 -0.000020 1.188536 0.009180 -6.313935 2.282345 -0.043190 0.085929 2.305218 -0.021572 0.079014 0.000008 0.000011 0.000011 2.619713 -0.025071 -10.140884 2.821280 0.068184 -0.143935 2.856617 0.032072 -0.100103 -0.000008 0.000421 0.000004 4.160789 -0.048118 -14.602764 3.536576 0.141997 -0.178508 3.484240 0.047337 -0.166483 -0.000018 -0.000002 -0.000009 0.000000 0.000000 0.000000 0.000000 0.000000 0.000000 -86.807999 -0.120981 4.870818 -72.096321 17.715149 -11.814262 0.230910 -11.930715 88.580879 2.830239 -21.755749 0.259542 -6.619587 1.224835 41.811226 0.000025 0.000022 -16.171944 -0.000016 -0.000015 -11.336493 0.000363 0.000007 0.001394 5.688593 0.064119 4.236823 -1.857990 -0.033881 -0.140260 -2.040757 -0.000675 -0.182439 -0.000005 -0.000563 -0.000003 4.186497 0.046114 -0.801408 -1.981664 -0.022978 -0.071409 -1.776905 -0.002029 -0.057880 -0.000207 -0.000020 -0.000104 0.078358 -0.009549 -7.826742 -2.866026 0.041940 0.041249 -2.479341 -0.001484 0.035249 0.000978 0.000012 0.000009 -2.852331 0.023136 -14.818441 -4.159180 0.036326 0.158556 -4.180918 -0.035708 0.122665 -0.000489 0.000004 -0.000044 0.000000 0.000000 0.000000 0.000000 0.000000 0.000000 -4.399726 -10.276918 16.510973 -0.149422 -0.950964 6.750857 0.412914 -8.709233 15.745986 -1.172041 1.166258 -17.905394 0.000000 0.000000 0.000000 0.000000 0.000000 0.000000 0.000000 0.000000 0.000000 -0.686032 -4.442517 11.286259 0.087091 0.351316 11.544032 2.554225 0.426373 15.264227 0.225878 -0.547066 -20.149443 0.000000 0.000000 0.000000 0.000000 0.000000 0.000000 0.000000 0.000000 0.000000 
0.741398 88.309799 4.644813 0.456961 3.529634 -12.213379 0.503234 0.286724 8.205390 0.711776 0.062696 1.758534 -1.553523 1.581670 7.362074 -1.090628 0.646078 4.541210 1.894849 -1.601538 0.953663 -0.046810 -0.797546 -4.994160 0.263276 -0.796346 -18.645060 0.000000 0.000000 0.000000 91.055733 -0.565915 10.965335 63.081894 -30.565495 2.890872 -0.560567 14.502656 63.591702 -6.824013 7.268121 -3.772750 7.566446 -1.527858 41.229420 -0.000007 0.000024 -18.628258 0.000004 0.000053 -13.041248 0.000012 0.000003 -0.000029 0.375828 0.051247 -3.024163 2.388641 -0.086564 0.228584 2.434623 -0.059461 0.189111 -0.000009 0.000023 -0.000019 0.488743 0.009460 -6.199503 2.039860 -0.043313 0.086017 2.059253 -0.021484 0.079052 0.000009 0.000012 0.000011 1.863515 -0.025073 -10.170250 2.551300 0.067872 -0.145556 2.588295 0.031866 -0.101208 -0.000008 0.000409 0.000004 3.410713 -0.048929 -14.744188 3.259310 0.142642 -0.186443 3.209141 0.048015 -0.172825 -0.000004 -0.000002 -0.000009 0.000000 0.000000 0.000000 0.000000 0.000000 0.000000 -86.722061 -0.142497 4.874842 -72.139549 17.824135 -11.809735 0.273170 -11.874621 88.702484 3.189816 -20.581993 0.075414 -6.389047 1.189706 41.920952 0.000025 0.000022 -15.605281 -0.000015 -0.000015 -10.943831 0.000363 0.000007 0.001380 6.970708 0.064485 4.651269 -1.717666 -0.032794 -0.137851 -1.906076 0.000310 -0.180869 -0.000005 -0.000539 -0.000002 5.455834 0.046188 -0.518379 -1.826471 -0.022471 -0.070935 -1.621241 -0.001651 -0.057316 -0.000164 -0.000020 -0.000105 1.415026 -0.009639 -7.745777 -2.605592 0.042256 0.042621 -2.220151 -0.001335 0.035593 0.000925 0.000012 0.000009 -1.568749 0.024155 -14.893795 -3.826911 0.037318 0.166353 -3.854676 -0.034841 0.128593 -0.000473 0.000004 -0.000043 0.000000 0.000000 0.000000 0.000000 0.000000 0.000000 -4.409626 -10.291796 16.537558 -0.150307 -0.952714 6.731118 0.427507 -8.690643 15.725152 -1.172256 1.167937 -17.902058 0.000000 0.000000 0.000000 0.000000 0.000000 0.000000 0.000000 0.000000 0.000000 -0.701073 -4.482973 11.296945 0.087045 0.351203 11.529572 2.566813 0.382908 15.267553 0.224148 -0.545861 -20.154364 0.000000 0.000000 0.000000 0.000000 0.000000 0.000000 0.000000 0.000000 0.000000 
0.739042 88.305511 4.645130 0.463413 3.541904 -12.222592 0.500681 0.286687 8.192334 0.684364 0.068619 1.780846 -1.541262 1.590324 7.297634 -1.094507 0.659846 4.553318 1.850945 -1.647090 0.995572 -0.048999 -0.842347 -4.965638 0.280798 -0.797479 -18.646894 0.000000 0.000000 0.000000 90.971008 -0.561740 10.962223 63.064716 -30.516504 2.880829 -0.573308 14.431009 63.753513 -6.660148 6.976241 -3.997857 7.425786 -1.508871 41.297001 -0.000007 0.000024 -18.276329 0.000004 0.000053 -12.797906 0.000012 0.000003 -0.000028 -0.354918 0.052543 -2.813720 2.137984 -0.086317 0.228395 2.188669 -0.059831 0.188497 -0.000010 0.000023 -0.000019 -0.230749 0.009726 -6.077410 1.793014 -0.043475 0.085914 1.807537 -0.021474 0.078970 0.000009 0.000014 0.000011 1.093738 -0.025075 -10.188578 2.279446 0.067618 -0.146945 2.318078 0.031718 -0.102090 -0.000007 0.000401 0.000004 2.648568 -0.049632 -14.874971 2.981793 0.143683 -0.193828 2.933151 0.048989 -0.179031 0.000006 -0.000002 -0.000009 0.000000 0.000000 0.000000 0.000000 0.000000 0.000000 -86.633865 -0.164802 4.875706 -72.208763 17.921686 -11.810682 0.314033 -11.828322 88.791313 3.612810 -19.385117 -0.142792 -6.139439 1.151461 42.039612 0.000025 0.000021 -14.988660 -0.000015 -0.000015 -10.516564 0.000363 0.000007 0.001360 8.370314 0.064705 5.107265 -1.605353 -0.031468 -0.133466 -1.799752 0.001595 -0.177622 -0.000006 -0.000507 -0.000002 6.844572 0.046233 -0.198820 -1.699415 -0.021794 -0.069693 -1.494036 -0.001162 -0.056173 -0.000110 -0.000020 -0.000106 2.872346 -0.009795 -7.635873 -2.366305 0.042382 0.043088 -1.982763 -0.001286 0.035239 0.000863 0.000012 0.000009 -0.176474 0.024996 -14.947735 -3.505314 0.037765 0.171301 -3.539992 -0.034355 0.132453 -0.000450 0.000005 -0.000043 0.000000 0.000000 0.000000 0.000000 0.000000 0.000000 -4.423193 -10.305592 16.568533 -0.151500 -0.954708 6.710136 0.446126 -8.669989 15.695792 -1.173270 1.169827 -17.893169 0.000000 0.000000 0.000000 0.000000 0.000000 0.000000 0.000000 0.000000 0.000000 -0.717609 -4.519260 11.305034 0.087092 0.352267 11.522295 2.578264 0.337567 15.263486 0.223320 -0.545083 -20.154741 0.000000 0.000000 0.000000 0.000000 0.000000 0.000000 0.000000 0.000000 0.000000 
0.738345 88.299538 4.646487 0.474554 3.556251 -12.239304 0.493265 0.287849 8.182986 0.654461 0.073547 1.806767 -1.532427 1.596221 7.230332 -1.098569 0.671547 4.575134 1.802737 -1.689855 1.050472 -0.052454 -0.886350 -4.932909 0.301080 -0.796248 -18.656078 0.000000 0.000000 0.000000 90.879684 -0.558083 10.949776 63.062046 -30.417980 2.869932 -0.586383 14.371803 63.915379 -6.489986 6.736885 -4.199198 7.287769 -1.490556 41.363075 -0.000007 0.000024 -17.929777 0.000004 0.000053 -12.557894 0.000013 0.000003 -0.000028 -1.077237 0.053560 -2.606096 1.887500 -0.086044 0.227732 1.944296 -0.060154 0.187304 -0.000010 0.000022 -0.000019 -0.939829 0.009988 -5.954523 1.550203 -0.043613 0.085597 1.559181 -0.021519 0.078709 0.000009 0.000015 0.000011 0.345504 -0.025048 -10.197322 2.016846 0.067361 -0.147971 2.057012 0.031619 -0.102682 -0.000007 0.000395 0.000004 1.910654 -0.049956 -14.992488 2.717849 0.145021 -0.200036 2.670290 0.050207 -0.184649 0.000011 -0.000002 -0.000010 0.000000 0.000000 0.000000 0.000000 0.000000 0.000000 -86.545937 -0.187380 4.875164 -72.302177 18.001699 -11.818116 0.350623 -11.794212 88.856079 4.063691 -18.259199 -0.376402 -5.879794 1.111504 42.162952 0.000025 0.000021 -14.342527 -0.000015 -0.000016 -10.069437 0.000363 0.000007 0.001332 9.840468 0.064610 5.588498 -1.515228 -0.029982 -0.127197 -1.715514 0.003102 -0.172789 -0.000006 -0.000469 -0.000002 8.303929 0.046151 0.145499 -1.596157 -0.020964 -0.067742 -1.391207 -0.000567 -0.054501 -0.000048 -0.000020 -0.000107 4.391618 -0.010021 -7.501740 -2.152043 0.042252 0.042723 -1.770520 -0.001347 0.034282 0.000794 0.000012 0.000010 1.261671 0.025592 -14.983177 -3.205778 0.037640 0.173387 -3.247867 -0.034289 0.134289 -0.000420 0.000005 -0.000043 0.000000 0.000000 0.000000 0.000000 0.000000 0.000000 -4.442920 -10.314248 16.606686 -0.152849 -0.956660 6.688678 0.466437 -8.645110 15.656753 -1.174969 1.172031 -17.877022 0.000000 0.000000 0.000000 0.000000 0.000000 0.000000 0.000000 0.000000 0.000000 -0.739432 -4.549483 11.315513 0.087262 0.354946 11.522855 2.586619 0.295161 15.251054 0.223519 -0.545707 -20.150076 0.000000 0.000000 0.000000 0.000000 0.000000 0.000000 0.000000 0.000000 0.000000 
0.738990 88.292000 4.649027 0.491985 3.572376 -12.265987 0.480175 0.289889 8.178707 0.622823 0.077058 1.835674 -1.529201 1.598496 7.166008 -1.104157 0.680213 4.609941 1.750961 -1.725427 1.114800 -0.057217 -0.928071 -4.897669 0.323265 -0.792419 -18.670481 0.000000 0.000000 0.000000 90.784531 -0.557025 10.929692 63.064484 -30.272547 2.863575 -0.599958 14.323274 64.090874 -6.329513 6.559020 -4.353007 7.156421 -1.473600 41.425499 -0.000006 0.000023 -17.599648 0.000003 0.000053 -12.328470 0.000013 0.000003 -0.000027 -1.765337 0.054310 -2.407833 1.642836 -0.085800 0.226787 1.706418 -0.060407 0.185737 -0.000010 0.000022 -0.000018 -1.613886 0.010281 -5.833990 1.316318 -0.043724 0.085224 1.319936 -0.021643 0.078363 0.000009 0.000017 0.000011 -0.352691 -0.024994 -10.196349 1.770523 0.067183 -0.148816 1.812100 0.031648 -0.103162 -0.000006 0.000392 0.000003 1.228014 -0.049825 -15.093821 2.477564 0.146876 -0.205376 2.430852 0.051916 -0.189910 0.000010 -0.000002 -0.000010 0.000000 0.000000 0.000000 0.000000 0.000000 0.000000 -86.460281 -0.209607 4.874193 -72.412445 18.051649 -11.833406 0.380291 -11.770306 88.918732 4.513310 -17.289316 -0.599638 -5.622825 1.071845 42.284756 0.000025 0.000021 -13.698059 -0.000015 -0.000016 -9.624295 0.000364 0.000008 0.001294 11.308517 0.064037 6.072332 -1.440629 -0.028498 -0.119503 -1.646419 0.004632 -0.166745 -0.000007 -0.000427 -0.000002 9.760219 0.045871 0.497092 -1.510581 -0.020059 -0.065322 -1.306858 0.000090 -0.052455 0.000016 -0.000020 -0.000106 5.891321 -0.010325 -7.351328 -1.964030 0.041893 0.041830 -1.584051 -0.001469 0.033019 0.000726 0.000012 0.000010 2.664514 0.025879 -15.003114 -2.936727 0.037214 0.173604 -2.986342 -0.034445 0.134861 -0.000386 0.000005 -0.000043 0.000000 0.000000 0.000000 0.000000 0.000000 0.000000 -4.470534 -10.316153 16.654160 -0.154191 -0.958420 6.668483 0.484932 -8.614807 15.609618 -1.176948 1.174564 -17.854294 0.000000 0.000000 0.000000 0.000000 0.000000 0.000000 0.000000 0.000000 0.000000 -0.768745 -4.573656 11.334632 0.087600 0.359269 11.529337 2.591261 0.258613 15.231051 0.224709 -0.548347 -20.141113 0.000000 0.000000 0.000000 0.000000 0.000000 0.000000 0.000000 0.000000 0.000000 
0.740223 88.283470 4.652803 0.515205 3.589853 -12.301877 0.462011 0.291782 8.177965 0.591504 0.078717 1.866504 -1.533156 1.596023 7.107709 -1.112111 0.685165 4.659914 1.696459 -1.750412 1.182985 -0.062847 -0.966256 -4.862748 0.345957 -0.785949 -18.688704 0.000000 0.000000 0.000000 90.693794 -0.560619 10.903960 63.060333 -30.084911 2.864200 -0.613460 14.288811 64.291924 -6.188031 6.438763 -4.443639 7.036812 -1.458694 41.481800 -0.000006 0.000023 -17.298803 0.000003 0.000054 -12.118479 0.000013 0.000003 -0.000027 -2.390354 0.054888 -2.221896 1.412718 -0.085606 0.226132 1.482757 -0.060564 0.184369 -0.000010 0.000021 -0.000018 -2.225469 0.010654 -5.716026 1.098788 -0.043810 0.085053 1.097832 -0.021854 0.078157 0.000009 0.000019 0.000011 -0.971366 -0.024965 -10.183011 1.549335 0.067158 -0.149852 1.592206 0.031858 -0.103838 -0.000006 0.000386 0.000003 0.633946 -0.049485 -15.173558 2.271399 0.149289 -0.210809 2.225312 0.054216 -0.195411 0.000004 -0.000002 -0.000010 0.000000 0.000000 0.000000 0.000000 0.000000 0.000000 -86.380905 -0.230152 4.870486 -72.527580 18.054384 -11.852896 0.400758 -11.750974 89.002541 4.957325 -16.540918 -0.791426 -5.383725 1.034869 42.397682 0.000025 0.000021 -13.093970 -0.000015 -0.000016 -9.208096 0.000367 0.000008 0.001250 12.684072 0.063007 6.528451 -1.377549 -0.027095 -0.111127 -1.588000 0.006060 -0.160097 -0.000007 -0.000384 -0.000001 11.123468 0.045412 0.832157 -1.438606 -0.019162 -0.062779 -1.236932 0.000759 -0.050283 0.000076 -0.000020 -0.000105 7.278710 -0.010708 -7.197568 -1.803507 0.041362 0.040805 -1.424290 -0.001614 0.031816 0.000662 0.000012 0.000010 3.944752 0.025754 -15.010011 -2.705379 0.036707 0.173327 -2.762241 -0.034672 0.135261 -0.000349 0.000005 -0.000043 0.000000 0.000000 0.000000 0.000000 0.000000 0.000000 -4.505197 -10.313459 16.709358 -0.155464 -0.960100 6.652716 0.498679 -8.580253 15.558342 -1.178648 1.177252 -17.827917 0.000000 0.000000 0.000000 0.000000 0.000000 0.000000 0.000000 0.000000 0.000000 -0.803779 -4.591947 11.365222 0.088152 0.364841 11.538297 2.593102 0.227529 15.207001 0.226639 -0.552701 -20.130217 0.000000 0.000000 0.000000 0.000000 0.000000 0.000000 0.000000 0.000000 0.000000 
0.741395 88.274796 4.657715 0.541758 3.607171 -12.342933 0.440367 0.292500 8.177370 0.562779 0.078155 1.897586 -1.543694 1.587462 7.055237 -1.121747 0.685668 4.724164 1.637990 -1.761661 1.249927 -0.068454 -0.997727 -4.831531 0.367587 -0.776993 -18.712378 0.000000 0.000000 0.000000 90.619156 -0.569904 10.872303 63.036774 -29.864943 2.873076 -0.625233 14.275404 64.523300 -6.062030 6.356475 -4.481274 6.934992 -1.446370 41.529488 -0.000006 0.000022 -17.041201 0.000002 0.000054 -11.938052 0.000014 0.000003 -0.000026 -2.921450 0.055391 -2.051316 1.209093 -0.085219 0.225970 1.284370 -0.060405 0.183447 -0.000010 0.000021 -0.000017 -2.746063 0.011138 -5.602130 0.908137 -0.043800 0.085111 0.903684 -0.022072 0.078181 0.000008 0.000022 0.000011 -1.484643 -0.025003 -10.156768 1.363053 0.067131 -0.151209 1.407168 0.032133 -0.104812 -0.000005 0.000369 0.000002 0.155424 -0.049209 -15.228973 2.106573 0.151646 -0.217030 2.060884 0.056620 -0.201427 -0.000004 -0.000002 -0.000011 0.000000 0.000000 0.000000 0.000000 0.000000 0.000000 -86.313736 -0.247076 4.857988 -72.628242 18.001629 -11.867379 0.409874 -11.732483 89.128189 5.382295 -16.049129 -0.945081 -5.178939 1.003140 42.493938 0.000025 0.000021 -12.572911 -0.000015 -0.000017 -8.850471 0.000371 0.000009 0.001206 13.865593 0.061770 6.916549 -1.326903 -0.025667 -0.102615 -1.540283 0.007458 -0.153277 -0.000008 -0.000342 -0.000001 12.293774 0.044866 1.118061 -1.380895 -0.018299 -0.060331 -1.181668 0.001420 -0.048157 0.000123 -0.000020 -0.000104 8.454945 -0.011157 -7.062945 -1.674324 0.040641 0.039819 -1.295166 -0.001822 0.030817 0.000607 0.000012 0.000010 5.013639 0.025139 -15.012186 -2.519889 0.035949 0.173166 -2.583220 -0.035103 0.135979 -0.000316 0.000005 -0.000043 0.000000 0.000000 0.000000 0.000000 0.000000 0.000000 -4.542684 -10.310430 16.766678 -0.156683 -0.961941 6.644626 0.506302 -8.544903 15.506327 -1.179609 1.179863 -17.801455 0.000000 0.000000 0.000000 0.000000 0.000000 0.000000 0.000000 0.000000 0.000000 -0.839441 -4.603457 11.405204 0.088867 0.370969 11.546523 2.593498 0.199576 15.183788 0.228777 -0.557521 -20.120855 0.000000 0.000000 0.000000 0.000000 0.000000 0.000000 0.000000 0.000000 0.000000 
0.742074 88.266861 4.663630 0.569436 3.621732 -12.386922 0.414964 0.291843 8.174532 0.541529 0.074765 1.927325 -1.562756 1.574455 7.007328 -1.131264 0.681721 4.798811 1.571495 -1.758517 1.315100 -0.073970 -1.022278 -4.803899 0.386290 -0.766857 -18.741291 0.000000 0.000000 0.000000 90.562706 -0.583447 10.835972 62.994812 -29.608292 2.887519 -0.635882 14.274175 64.790421 -5.950787 6.290375 -4.467622 6.849844 -1.436350 41.569332 -0.000006 0.000022 -16.823553 0.000002 0.000054 -11.785486 0.000014 0.000002 -0.000026 -3.363211 0.055820 -1.893809 1.032352 -0.084547 0.226233 1.111280 -0.059863 0.183029 -0.000010 0.000020 -0.000017 -3.181378 0.011694 -5.492250 0.744459 -0.043672 0.085422 0.737454 -0.022267 0.078480 0.000008 0.000025 0.000011 -1.905387 -0.025133 -10.120733 1.209232 0.067007 -0.153043 1.254933 0.032408 -0.106244 -0.000005 0.000343 0.000001 -0.223234 -0.049136 -15.265242 1.978509 0.153489 -0.225036 1.932979 0.058807 -0.208708 -0.000011 -0.000002 -0.000011 0.000000 0.000000 0.000000 0.000000 0.000000 0.000000 -86.259430 -0.260709 4.838412 -72.714951 17.876984 -11.885683 0.409228 -11.713167 89.316994 5.763120 -15.806553 -1.045215 -5.013306 0.977672 42.570881 0.000025 0.000021 -12.149364 -0.000015 -0.000017 -8.560896 0.000380 0.000009 0.001164 14.811562 0.060531 7.231353 -1.285028 -0.024227 -0.094974 -1.499456 0.008808 -0.147099 -0.000008 -0.000300 -0.000001 13.230914 0.044300 1.347970 -1.334475 -0.017496 -0.058318 -1.138035 0.002040 -0.046345 0.000155 -0.000020 -0.000102 9.384100 -0.011649 -6.954782 -1.574532 0.039750 0.039220 -1.195403 -0.002078 0.030313 0.000560 0.000012 0.000010 5.844545 0.024127 -15.016696 -2.379505 0.034955 0.174352 -2.448550 -0.035676 0.138014 -0.000287 0.000005 -0.000043 0.000000 0.000000 0.000000 0.000000 0.000000 0.000000 -4.579741 -10.310278 16.826763 -0.157860 -0.964188 6.640969 0.507362 -8.512566 15.456450 -1.180177 1.182658 -17.777044 0.000000 0.000000 0.000000 0.000000 0.000000 0.000000 0.000000 0.000000 0.000000 -0.872076 -4.610527 11.452284 0.089676 0.377211 11.553161 2.594187 0.171828 15.163857 0.230622 -0.562091 -20.114594 0.000000 0.000000 0.000000 0.000000 0.000000 0.000000 0.000000 0.000000 0.000000 
0.742343 88.260368 4.670424 0.596649 3.631446 -12.431387 0.386881 0.290300 8.167698 0.530953 0.069080 1.953961 -1.590708 1.559939 6.963764 -1.139907 0.674534 4.879636 1.494341 -1.740124 1.379680 -0.078577 -1.039298 -4.780188 0.400175 -0.757395 -18.776119 0.000000 0.000000 0.000000 90.523323 -0.598739 10.794510 62.940327 -29.318583 2.895576 -0.645307 14.285223 65.096161 -5.847981 6.237385 -4.400275 6.780586 -1.428290 41.602131 -0.000006 0.000021 -16.643372 0.000002 0.000054 -11.659196 0.000014 0.000002 -0.000025 -3.718529 0.056154 -1.746742 0.881894 -0.083391 0.226544 0.962364 -0.058791 0.182776 -0.000011 0.000020 -0.000017 -3.536167 0.012282 -5.385383 0.606893 -0.043346 0.085847 0.598230 -0.022361 0.078934 0.000008 0.000027 0.000010 -2.245254 -0.025355 -10.077861 1.084130 0.066616 -0.155222 1.131902 0.032562 -0.108038 -0.000004 0.000305 0.000001 -0.520716 -0.049300 -15.286419 1.880239 0.154240 -0.235032 1.834753 0.060362 -0.217448 -0.000016 -0.000002 -0.000012 0.000000 0.000000 0.000000 0.000000 0.000000 0.000000 -86.220589 -0.270600 4.809949 -72.786987 17.693075 -11.920301 0.400108 -11.703676 89.582024 6.045094 -15.811489 -1.072590 -4.891435 0.959121 42.626522 0.000025 0.000021 -11.836051 -0.000015 -0.000017 -8.347791 0.000395 0.000009 0.001125 15.487593 0.059424 7.474376 -1.251664 -0.022650 -0.088019 -1.465491 0.010242 -0.141343 -0.000007 -0.000255 -0.000000 13.901799 0.043763 1.521864 -1.299376 -0.016713 -0.056623 -1.105797 0.002649 -0.044745 0.000171 -0.000019 -0.000100 10.036346 -0.012213 -6.874555 -1.503291 0.038624 0.038806 -1.124573 -0.002442 0.030179 0.000524 0.000012 0.000010 6.414505 0.022622 -15.024795 -2.282527 0.033535 0.176573 -2.356895 -0.036513 0.141138 -0.000262 0.000006 -0.000043 0.000000 0.000000 0.000000 0.000000 0.000000 0.000000 -4.614092 -10.312836 16.889463 -0.158966 -0.967045 6.637942 0.502779 -8.485445 15.410258 -1.180987 1.185855 -17.755713 0.000000 0.000000 0.000000 0.000000 0.000000 0.000000 0.000000 0.000000 0.000000 -0.900252 -4.615576 11.503759 0.090546 0.383564 11.556967 2.595814 0.143832 15.147717 0.231850 -0.566167 -20.111931 0.000000 0.000000 0.000000 0.000000 0.000000 0.000000 0.000000 0.000000 0.000000 
0.742169 88.255554 4.677674 0.621935 3.635037 -12.472610 0.358813 0.288287 8.155645 0.530748 0.062578 1.976650 -1.624376 1.546007 6.924741 -1.147346 0.665574 4.961844 1.406042 -1.704927 1.442580 -0.080850 -1.046517 -4.761963 0.407784 -0.750180 -18.816372 0.000000 0.000000 0.000000 90.499199 -0.613702 10.747452 62.874744 -29.007429 2.884138 -0.652595 14.316921 65.434303 -5.739892 6.198957 -4.289211 6.725730 -1.421848 41.628746 -0.000005 0.000021 -16.497164 0.000001 0.000054 -11.556430 0.000014 0.000002 -0.000025 -3.996025 0.056442 -1.609182 0.755000 -0.081658 0.226627 0.834276 -0.057123 0.182420 -0.000011 0.000020 -0.000017 -3.819850 0.012897 -5.281517 0.492140 -0.042779 0.086251 0.482828 -0.022302 0.079440 0.000008 0.000030 0.000010 -2.515201 -0.025669 -10.030941 0.982394 0.065862 -0.157529 1.032526 0.032504 -0.110010 -0.000004 0.000257 -0.000000 -0.750629 -0.049677 -15.296164 1.803306 0.153505 -0.246623 1.757873 0.060927 -0.227365 -0.000020 -0.000002 -0.000012 0.000000 0.000000 0.000000 0.000000 0.000000 0.000000 -86.198593 -0.275814 4.766779 -72.836334 17.474295 -11.972206 0.383593 -11.716597 89.920677 6.157495 -16.059355 -1.022314 -4.820799 0.948691 42.657421 0.000024 0.000021 -11.653966 -0.000016 -0.000017 -8.225146 0.000421 0.000010 0.001083 15.843591 0.058590 7.628033 -1.229058 -0.020935 -0.081878 -1.440767 0.011761 -0.136041 -0.000007 -0.000208 0.000000 14.256305 0.043315 1.626130 -1.277432 -0.015974 -0.055246 -1.086268 0.003233 -0.043346 0.000171 -0.000019 -0.000098 10.359645 -0.012889 -6.831173 -1.462523 0.037283 0.038538 -1.084950 -0.002935 0.030377 0.000497 0.000012 0.000009 6.676289 0.020519 -15.038759 -2.230746 0.031649 0.179746 -2.310173 -0.037618 0.145212 -0.000241 0.000006 -0.000043 0.000000 0.000000 0.000000 0.000000 0.000000 0.000000 -4.643549 -10.317924 16.951288 -0.159926 -0.970510 6.633203 0.494032 -8.463168 15.368422 -1.182158 1.189348 -17.738607 0.000000 0.000000 0.000000 0.000000 0.000000 0.000000 0.000000 0.000000 0.000000 -0.922092 -4.618958 11.555719 0.091423 0.390044 11.556893 2.597553 0.116077 15.135255 0.232281 -0.569644 -20.113655 0.000000 0.000000 0.000000 0.000000 0.000000 0.000000 0.000000 0.000000 0.000000 
0.741241 88.252327 4.684966 0.644996 3.632183 -12.507293 0.332316 0.286340 8.138186 0.539643 0.056419 1.994095 -1.660988 1.534307 6.890946 -1.153317 0.655752 5.040537 1.307678 -1.652865 1.502876 -0.080133 -1.042316 -4.749271 0.408703 -0.746163 -18.859741 0.000000 0.000000 0.000000 90.486092 -0.626859 10.694709 62.803020 -28.680601 2.840906 -0.657830 14.373441 65.793640 -5.618555 6.179898 -4.141864 6.681901 -1.416673 41.650536 -0.000005 0.000020 -16.377962 0.000001 0.000054 -11.472048 0.000015 0.000002 -0.000025 -4.212469 0.056766 -1.481562 0.644923 -0.079400 0.226519 0.720109 -0.054914 0.182061 -0.000011 0.000020 -0.000017 -4.047794 0.013546 -5.181166 0.393359 -0.041989 0.086658 0.384089 -0.022082 0.080022 0.000008 0.000034 0.000010 -2.728456 -0.026079 -9.981075 0.896729 0.064772 -0.159846 0.949283 0.032220 -0.112065 -0.000003 0.000202 -0.000001 -0.925386 -0.050188 -15.296082 1.740054 0.151235 -0.259283 1.694762 0.060387 -0.238093 -0.000024 -0.000002 -0.000013 0.000000 0.000000 0.000000 0.000000 0.000000 0.000000 -86.190918 -0.276306 4.706829 -72.857796 17.232615 -12.037049 0.361777 -11.758328 90.319275 6.041175 -16.539034 -0.901817 -4.806198 0.947439 42.660946 0.000024 0.000021 -11.618073 -0.000017 -0.000017 -8.202504 0.000459 0.000010 0.001035 15.843465 0.058115 7.677204 -1.215266 -0.019265 -0.077326 -1.423337 0.013197 -0.131830 -0.000007 -0.000161 0.000001 14.257067 0.042967 1.649834 -1.266461 -0.015356 -0.054439 -1.077091 0.003739 -0.042372 0.000155 -0.000018 -0.000096 10.311753 -0.013673 -6.830204 -1.452779 0.035823 0.038738 -1.077075 -0.003502 0.031121 0.000479 0.000013 0.000009 6.589661 0.017924 -15.060362 -2.226676 0.029462 0.184515 -2.310845 -0.038830 0.150640 -0.000222 0.000006 -0.000043 0.000000 0.000000 0.000000 0.000000 0.000000 0.000000 -4.667374 -10.325131 17.009663 -0.160667 -0.974466 6.624121 0.481911 -8.442966 15.331358 -1.183607 1.193090 -17.725477 0.000000 0.000000 0.000000 0.000000 0.000000 0.000000 0.000000 0.000000 0.000000 -0.937001 -4.620568 11.604356 0.092232 0.396538 11.553289 2.598084 0.089030 15.125889 0.231799 -0.572689 -20.119398 0.000000 0.000000 0.000000 0.000000 0.000000 0.000000 0.000000 0.000000 0.000000 
0.739131 88.250237 4.692105 0.666277 3.623755 -12.531718 0.307941 0.285088 8.115719 0.554765 0.051300 2.003433 -1.696921 1.524605 6.863600 -1.157448 0.645139 5.110762 1.203927 -1.586066 1.559334 -0.075962 -1.024372 -4.741128 0.403264 -0.745523 -18.903196 0.000000 0.000000 0.000000 90.479088 -0.637255 10.635290 62.729580 -28.343918 2.755285 -0.661346 14.456849 66.168335 -5.485820 6.188925 -3.965598 6.648353 -1.412836 41.667473 -0.000005 0.000019 -16.285385 0.000002 0.000055 -11.405762 0.000015 0.000001 -0.000025 -4.374320 0.057264 -1.368163 0.547164 -0.076656 0.226419 0.615651 -0.052222 0.181895 -0.000011 0.000021 -0.000017 -4.222922 0.014241 -5.087399 0.305986 -0.040999 0.087112 0.297155 -0.021692 0.080711 0.000008 0.000038 0.000010 -2.883232 -0.026567 -9.928879 0.823193 0.063416 -0.162005 0.878077 0.031712 -0.114031 -0.000003 0.000145 -0.000001 -1.040834 -0.050688 -15.285402 1.687676 0.147598 -0.272048 1.642574 0.058715 -0.248852 -0.000026 -0.000002 -0.000013 0.000000 0.000000 0.000000 0.000000 0.000000 0.000000 -86.191887 -0.272853 4.630255 -72.847458 16.980785 -12.107327 0.335413 -11.832294 90.762756 5.645969 -17.233044 -0.727096 -4.851964 0.956105 42.634983 0.000024 0.000021 -11.740597 -0.000018 -0.000017 -8.287885 0.000507 0.000010 0.000980 15.466350 0.058059 7.609104 -1.209997 -0.017790 -0.074630 -1.412594 0.014432 -0.128931 -0.000007 -0.000117 0.000001 13.880986 0.042708 1.584733 -1.265611 -0.014904 -0.054270 -1.077309 0.004136 -0.041900 0.000123 -0.000017 -0.000096 9.863797 -0.014561 -6.875749 -1.476043 0.034329 0.039510 -1.102505 -0.004110 0.032409 0.000466 0.000013 0.000009 6.125018 0.014949 -15.092347 -2.275038 0.027085 0.190742 -2.362956 -0.040089 0.157118 -0.000204 0.000006 -0.000043 0.000000 0.000000 0.000000 0.000000 0.000000 0.000000 -4.685491 -10.333496 17.060728 -0.161138 -0.978649 6.609350 0.467707 -8.421146 15.299787 -1.185101 1.196942 -17.715776 0.000000 0.000000 0.000000 0.000000 0.000000 0.000000 0.000000 0.000000 0.000000 -0.945056 -4.619472 11.644494 0.092909 0.402785 11.548751 2.595896 0.063050 15.119120 0.230252 -0.575350 -20.128281 0.000000 0.000000 0.000000 0.000000 0.000000 0.000000 0.000000 0.000000 0.000000 
0.735296 88.248993 4.698915 0.685622 3.610995 -12.544588 0.285722 0.284819 8.090121 0.573361 0.047328 2.003998 -1.729165 1.515419 6.842060 -1.159006 0.633262 5.168737 1.101787 -1.508972 1.609178 -0.068774 -0.993149 -4.736508 0.392583 -0.747773 -18.943239 0.000000 0.000000 0.000000 90.472519 -0.644228 10.570778 62.663383 -27.994410 2.620100 -0.664089 14.563250 66.560715 -5.351946 6.237749 -3.761410 6.622147 -1.410368 41.680229 -0.000005 0.000019 -16.213989 0.000002 0.000055 -11.353780 0.000015 0.000001 -0.000024 -4.495256 0.058136 -1.270683 0.452352 -0.073808 0.227142 0.511993 -0.049424 0.182652 -0.000012 0.000021 -0.000017 -4.355015 0.015009 -5.002291 0.220896 -0.039955 0.087906 0.212466 -0.021235 0.081717 0.000008 0.000042 0.000010 -2.983816 -0.027132 -9.875382 0.753946 0.062082 -0.164090 0.811084 0.031130 -0.115950 -0.000003 0.000092 -0.000002 -1.098130 -0.051141 -15.265896 1.641341 0.143368 -0.284542 1.596376 0.056402 -0.259409 -0.000027 -0.000002 -0.000014 0.000000 0.000000 0.000000 0.000000 0.000000 0.000000 -86.194687 -0.267644 4.544073 -72.811966 16.716770 -12.179036 0.305357 -11.938124 91.224174 4.956061 -18.131371 -0.515874 -4.957531 0.974676 42.579533 0.000024 0.000021 -12.021008 -0.000018 -0.000017 -8.480359 0.000561 0.000010 0.000919 14.722254 0.058471 7.422163 -1.214207 -0.016674 -0.073636 -1.409444 0.015330 -0.127220 -0.000006 -0.000076 0.000001 13.135634 0.042536 1.431473 -1.275818 -0.014656 -0.054641 -1.088064 0.004400 -0.041877 0.000079 -0.000017 -0.000096 9.017908 -0.015544 -6.965006 -1.536281 0.032907 0.040707 -1.164636 -0.004697 0.034070 0.000457 0.000013 0.000009 5.280638 0.011698 -15.134603 -2.381836 0.024781 0.197642 -2.471987 -0.041239 0.163905 -0.000186 0.000006 -0.000043 0.000000 0.000000 0.000000 0.000000 0.000000 0.000000 -4.697158 -10.342367 17.102694 -0.161323 -0.982795 6.588602 0.451270 -8.396217 15.275068 -1.186379 1.200786 -17.708508 0.000000 0.000000 0.000000 0.000000 0.000000 0.000000 0.000000 0.000000 0.000000 -0.946294 -4.615684 11.673293 0.093432 0.408323 11.546522 2.591280 0.038030 15.114680 0.227501 -0.577617 -20.138973 0.000000 0.000000 0.000000 0.000000 0.000000 0.000000 0.000000 0.000000 0.000000 
0.729481 88.248413 4.705284 0.702124 3.594463 -12.547475 0.266485 0.285360 8.063909 0.592040 0.044519 1.998319 -1.754774 1.504066 6.824542 -1.157463 0.619488 5.213241 1.008293 -1.426520 1.650826 -0.059224 -0.950478 -4.734122 0.377834 -0.752225 -18.977997 0.000000 0.000000 0.000000 90.463097 -0.647985 10.502616 62.606953 -27.626337 2.440131 -0.666050 14.689155 66.967949 -5.218255 6.346551 -3.531073 6.603077 -1.409499 41.688469 -0.000004 0.000018 -16.163958 0.000002 0.000055 -11.316304 0.000015 0.000001 -0.000024 -4.581176 0.059614 -1.188435 0.354063 -0.071335 0.229671 0.403171 -0.046992 0.185140 -0.000012 0.000021 -0.000017 -4.446754 0.015881 -4.926675 0.131619 -0.039051 0.089362 0.123263 -0.020861 0.083267 0.000009 0.000045 0.000010 -3.028134 -0.027753 -9.821574 0.683496 0.061129 -0.166272 0.743160 0.030695 -0.117906 -0.000002 0.000044 -0.000003 -1.092749 -0.051515 -15.240444 1.598231 0.139607 -0.296777 1.553278 0.054213 -0.269795 -0.000026 -0.000002 -0.000014 0.000000 0.000000 0.000000 0.000000 0.000000 0.000000 -86.195663 -0.262972 4.454978 -72.759148 16.436979 -12.247118 0.270996 -12.077804 91.666054 3.978856 -19.227167 -0.284783 -5.118836 1.002140 42.496811 0.000023 0.000021 -12.447316 -0.000018 -0.000016 -8.771715 0.000614 0.000010 0.000857 13.654634 0.059341 7.125144 -1.235991 -0.015945 -0.073008 -1.422179 0.015874 -0.125511 -0.000006 -0.000037 0.000002 12.061929 0.042447 1.198356 -1.305316 -0.014603 -0.055019 -1.117519 0.004540 -0.041875 0.000025 -0.000016 -0.000099 7.810696 -0.016628 -7.091973 -1.642901 0.031607 0.041577 -1.272283 -0.005246 0.035488 0.000448 0.000013 0.000008 4.086099 0.008136 -15.187271 -2.556426 0.022662 0.202735 -2.646841 -0.042250 0.168990 -0.000165 0.000006 -0.000043 0.000000 0.000000 0.000000 0.000000 0.000000 0.000000 -4.701002 -10.352341 17.135235 -0.161242 -0.986756 6.564176 0.431945 -8.369505 15.257632 -1.187015 1.204428 -17.702271 0.000000 0.000000 0.000000 0.000000 0.000000 0.000000 0.000000 0.000000 0.000000 -0.940382 -4.609753 11.691041 0.093811 0.412718 11.548731 2.585947 0.014707 15.112307 0.223677 -0.579402 -20.150675 0.000000 0.000000 0.000000 0.000000 0.000000 0.000000 0.000000 0.000000 0.000000 
0.721975 88.248466 4.711175 0.714500 3.573867 -12.544152 0.251575 0.286392 8.039748 0.608176 0.042831 1.990255 -1.772648 1.489289 6.809680 -1.152983 0.603761 5.244981 0.928008 -1.342502 1.687575 -0.048259 -0.899229 -4.731325 0.360091 -0.758242 -19.008747 0.000000 0.000000 0.000000 90.450958 -0.648933 10.432158 62.553867 -27.235268 2.234200 -0.666486 14.832234 67.376572 -5.077817 6.544967 -3.280890 6.594370 -1.410688 41.690643 -0.000004 0.000018 -16.142944 0.000002 0.000055 -11.298800 0.000015 0.000000 -0.000024 -4.625256 0.061771 -1.120779 0.252832 -0.069567 0.234337 0.290109 -0.045255 0.189541 -0.000012 0.000022 -0.000017 -4.490063 0.016839 -4.861654 0.038576 -0.038423 0.091521 0.029745 -0.020673 0.085359 0.000009 0.000048 0.000009 -3.007421 -0.028360 -9.769051 0.612514 0.060808 -0.168490 0.675325 0.030588 -0.119788 -0.000002 -0.000000 -0.000003 -1.017337 -0.051749 -15.212444 1.559920 0.137187 -0.308301 1.514936 0.052815 -0.279585 -0.000024 -0.000002 -0.000015 0.000000 0.000000 0.000000 0.000000 0.000000 0.000000 -86.196121 -0.260070 4.367212 -72.693611 16.139681 -12.305857 0.231095 -12.250621 92.052452 2.742853 -20.511208 -0.041685 -5.328075 1.036653 42.391289 0.000023 0.000021 -12.996058 -0.000017 -0.000016 -9.146239 0.000663 0.000010 0.000797 12.334363 0.060531 6.737114 -1.289863 -0.015510 -0.070539 -1.465619 0.016150 -0.121820 -0.000006 -0.000001 0.000002 10.729520 0.042403 0.900655 -1.369095 -0.014689 -0.054531 -1.180326 0.004602 -0.041163 -0.000038 -0.000015 -0.000102 6.311859 -0.017787 -7.248746 -1.810129 0.030404 0.040907 -1.439171 -0.005794 0.035710 0.000434 0.000012 0.000008 2.602866 0.004177 -15.251223 -2.810812 0.020643 0.202247 -2.899106 -0.043248 0.169402 -0.000138 0.000006 -0.000043 0.000000 0.000000 0.000000 0.000000 0.000000 0.000000 -4.695737 -10.364090 17.159380 -0.160924 -0.990442 6.540608 0.409434 -8.343400 15.246580 -1.186569 1.207675 -17.695459 0.000000 0.000000 0.000000 0.000000 0.000000 0.000000 0.000000 0.000000 0.000000 -0.926564 -4.602222 11.699996 0.094110 0.415741 11.557160 2.581340 -0.004550 15.111583 0.219193 -0.580641 -20.163458 0.000000 0.000000 0.000000 0.000000 0.000000 0.000000 0.000000 0.000000 0.000000 
0.713416 88.249092 4.716364 0.721735 3.548600 -12.537418 0.241859 0.287541 8.019011 0.619575 0.042030 1.982017 -1.781724 1.471081 6.797032 -1.145881 0.586924 5.266076 0.863816 -1.260307 1.724646 -0.036823 -0.842024 -4.725268 0.340507 -0.764979 -19.038071 0.000000 0.000000 0.000000 90.436989 -0.647231 10.360074 62.488796 -26.823809 2.030586 -0.664902 14.986606 67.770027 -4.931066 6.845669 -3.028795 6.601322 -1.414231 41.684914 -0.000004 0.000018 -16.162252 0.000003 0.000055 -11.309583 0.000015 -0.000000 -0.000024 -4.615392 0.064380 -1.067312 0.156873 -0.068306 0.240264 0.181386 -0.044036 0.194960 -0.000012 0.000023 -0.000017 -4.474833 0.017796 -4.808394 -0.050039 -0.038007 0.093940 -0.059714 -0.020600 0.087598 0.000009 0.000051 0.000009 -2.917753 -0.028872 -9.720204 0.548581 0.060985 -0.170306 0.615186 0.030744 -0.121193 -0.000002 -0.000041 -0.000003 -0.872839 -0.051693 -15.185207 1.532668 0.135968 -0.317925 1.487859 0.052079 -0.287662 -0.000022 -0.000001 -0.000015 0.000000 0.000000 0.000000 0.000000 0.000000 0.000000 -86.197662 -0.259139 4.281600 -72.617020 15.828740 -12.350985 0.184699 -12.448110 92.369263 1.292096 -21.953865 0.213376 -5.577977 1.076184 42.267689 0.000023 0.000021 -13.643909 -0.000016 -0.000015 -9.588705 0.000708 0.000010 0.000739 10.828734 0.061757 6.276008 -1.400480 -0.014970 -0.063259 -1.564515 0.016550 -0.113503 -0.000005 0.000035 0.000002 9.209261 0.042338 0.551349 -1.492595 -0.014738 -0.052003 -1.301581 0.004724 -0.038744 -0.000110 -0.000014 -0.000105 4.602253 -0.018924 -7.431015 -2.060764 0.029051 0.036991 -1.687976 -0.006536 0.033442 0.000415 0.000012 0.000008 0.907950 -0.000090 -15.328115 -3.162704 0.018036 0.191160 -3.246117 -0.044831 0.161178 -0.000108 0.000006 -0.000043 0.000000 0.000000 0.000000 0.000000 0.000000 0.000000 -4.680994 -10.377975 17.174650 -0.160387 -0.993609 6.523268 0.384687 -8.318531 15.240612 -1.184702 1.210341 -17.687635 0.000000 0.000000 0.000000 0.000000 0.000000 0.000000 0.000000 0.000000 0.000000 -0.903809 -4.592375 11.700656 0.094429 0.417395 11.575313 2.576776 -0.017644 15.111741 0.214582 -0.581186 -20.178465 0.000000 0.000000 0.000000 0.000000 0.000000 0.000000 0.000000 0.000000 0.000000 
0.704154 88.250298 4.720279 0.723175 3.518009 -12.528376 0.237620 0.288380 8.002028 0.623990 0.042070 1.974344 -1.779619 1.448869 6.785854 -1.136470 0.570147 5.278646 0.817071 -1.183511 1.760504 -0.025827 -0.781887 -4.716450 0.320150 -0.771538 -19.066376 0.000000 0.000000 0.000000 90.420074 -0.643171 10.287384 62.398685 -26.396715 1.854449 -0.661558 15.142410 68.135788 -4.789082 7.234279 -2.797097 6.624520 -1.419837 41.671600 -0.000003 0.000017 -16.222160 0.000003 0.000055 -11.349002 0.000015 -0.000001 -0.000024 -4.554915 0.067059 -1.024228 0.072075 -0.067272 0.246408 0.083268 -0.043088 0.200420 -0.000012 0.000023 -0.000017 -4.408623 0.018642 -4.765632 -0.128080 -0.037692 0.096146 -0.138696 -0.020551 0.089561 0.000009 0.000053 0.000009 -2.775930 -0.029265 -9.677488 0.497073 0.061416 -0.171346 0.567890 0.031007 -0.121810 -0.000002 -0.000074 -0.000003 -0.681292 -0.051221 -15.162633 1.519984 0.135371 -0.324835 1.475742 0.051547 -0.293256 -0.000020 -0.000001 -0.000016 0.000000 0.000000 0.000000 0.000000 0.000000 0.000000 -86.198097 -0.259814 4.198633 -72.532646 15.506264 -12.383013 0.132200 -12.656443 92.621895 -0.308881 -23.507139 0.482140 -5.862183 1.119162 42.129890 0.000023 0.000022 -14.371799 -0.000014 -0.000014 -10.086201 0.000748 0.000011 0.000688 9.179598 0.062722 5.753961 -1.597998 -0.013852 -0.048536 -1.749345 0.017533 -0.098247 -0.000004 0.000068 0.000003 7.552073 0.042179 0.158784 -1.706528 -0.014545 -0.046376 -1.512181 0.005070 -0.033729 -0.000193 -0.000014 -0.000109 2.751589 -0.019918 -7.635593 -2.421692 0.027248 0.028261 -2.045764 -0.007685 0.027503 0.000391 0.000012 0.000008 -0.925729 -0.004432 -15.414680 -3.630637 0.014037 0.165084 -3.706662 -0.047646 0.140789 -0.000079 0.000006 -0.000043 0.000000 0.000000 0.000000 0.000000 0.000000 0.000000 -4.657118 -10.393106 17.180227 -0.159625 -0.995953 6.514888 0.359418 -8.294261 15.239623 -1.181300 1.212366 -17.679981 0.000000 0.000000 0.000000 0.000000 0.000000 0.000000 0.000000 0.000000 0.000000 -0.872239 -4.580175 11.692881 0.094853 0.417850 11.605738 2.570361 -0.024555 15.112361 0.210228 -0.580854 -20.196970 0.000000 0.000000 0.000000 0.000000 0.000000 0.000000 0.000000 0.000000 0.000000 
0.694522 88.252403 4.722380 0.719516 3.481222 -12.520270 0.238645 0.288919 7.988687 0.622394 0.043016 1.970819 -1.768178 1.425792 6.774235 -1.126811 0.555149 5.284607 0.783367 -1.113018 1.793346 -0.016424 -0.723182 -4.706069 0.300144 -0.777680 -19.094618 0.000000 0.000000 0.000000 90.399216 -0.637746 10.217503 62.278290 -25.951855 1.724086 -0.656302 15.294944 68.460587 -4.649999 7.692550 -2.596424 6.658314 -1.426756 41.653305 -0.000003 0.000017 -16.308889 0.000004 0.000055 -11.407190 0.000015 -0.000001 -0.000024 -4.463218 0.069636 -0.984556 -0.003170 -0.066650 0.252737 -0.005597 -0.042604 0.205992 -0.000012 0.000024 -0.000017 -4.314913 0.019360 -4.729668 -0.196814 -0.037543 0.098211 -0.208757 -0.020595 0.091313 0.000009 0.000055 0.000009 -2.611133 -0.029558 -9.643303 0.455431 0.062144 -0.171951 0.530580 0.031445 -0.121958 -0.000002 -0.000098 -0.000003 -0.474567 -0.050381 -15.151011 1.518004 0.135540 -0.330280 1.474457 0.051459 -0.297381 -0.000016 -0.000001 -0.000016 0.000000 0.000000 0.000000 0.000000 0.000000 0.000000 -86.198776 -0.260538 4.120881 -72.441200 15.162929 -12.401587 0.076845 -12.864731 92.814758 -1.992592 -25.119864 0.762807 -6.170349 1.164258 41.982327 0.000023 0.000022 -15.154234 -0.000011 -0.000013 -10.620721 0.000782 0.000011 0.000646 7.427392 0.063262 5.186953 -1.896951 -0.012102 -0.026072 -2.035544 0.019144 -0.075928 -0.000004 0.000099 0.000003 5.806459 0.041896 -0.265573 -2.025371 -0.014078 -0.037554 -1.827427 0.005659 -0.026058 -0.000283 -0.000013 -0.000111 0.823922 -0.020713 -7.856025 -2.902861 0.024971 0.014618 -2.522620 -0.009218 0.017852 0.000361 0.000012 0.000007 -2.829863 -0.008590 -15.505217 -4.216094 0.008661 0.123820 -4.283636 -0.051611 0.108244 -0.000049 0.000006 -0.000043 0.000000 0.000000 0.000000 0.000000 0.000000 0.000000 -4.626310 -10.408333 17.180056 -0.158710 -0.997601 6.514935 0.334777 -8.270359 15.242805 -1.176766 1.213982 -17.672981 0.000000 0.000000 0.000000 0.000000 0.000000 0.000000 0.000000 0.000000 0.000000 -0.834599 -4.566804 11.681003 0.095359 0.417256 11.646883 2.561954 -0.024835 15.113751 0.206215 -0.579580 -20.218245 0.000000 0.000000 0.000000 0.000000 0.000000 0.000000 0.000000 0.000000 0.000000 
0.685188 88.255264 4.722538 0.711659 3.437272 -12.514105 0.244276 0.289037 7.978513 0.615966 0.044709 1.972164 -1.748701 1.402420 6.760413 -1.117877 0.542537 5.284970 0.759612 -1.047917 1.823706 -0.009171 -0.665988 -4.693766 0.280280 -0.783374 -19.121948 0.000000 0.000000 0.000000 90.375298 -0.631618 10.151165 62.125561 -25.503042 1.646190 -0.649106 15.440552 68.747795 -4.510264 8.187613 -2.434278 6.701419 -1.434452 41.631218 -0.000003 0.000017 -16.417458 0.000004 0.000055 -11.480906 0.000015 -0.000001 -0.000024 -4.344103 0.072007 -0.942152 -0.061831 -0.066155 0.258513 -0.077707 -0.042313 0.211051 -0.000012 0.000025 -0.000017 -4.199837 0.019950 -4.694999 -0.249901 -0.037464 0.099949 -0.263522 -0.020661 0.092736 0.000009 0.000056 0.000009 -2.436805 -0.029764 -9.614915 0.426082 0.062974 -0.172278 0.505321 0.031966 -0.121780 -0.000002 -0.000112 -0.000003 -0.268936 -0.049210 -15.148402 1.525133 0.136106 -0.335208 1.482113 0.051600 -0.300803 -0.000011 -0.000001 -0.000016 0.000000 0.000000 0.000000 0.000000 0.000000 0.000000 -86.199554 -0.260243 4.047582 -72.345909 14.802691 -12.407865 0.021584 -13.067501 92.955658 -3.682945 -26.717480 1.040151 -6.493632 1.210119 41.829174 0.000022 0.000022 -15.968744 -0.000009 -0.000012 -11.177207 0.000809 0.000011 0.000611 5.616941 0.063291 4.592999 -2.301825 -0.009621 0.003461 -2.428241 0.021474 -0.047319 -0.000003 0.000127 0.000003 4.020288 0.041498 -0.707450 -2.451621 -0.013303 -0.025897 -2.250224 0.006498 -0.016046 -0.000372 -0.000013 -0.000113 -1.120485 -0.021273 -8.084111 -3.495142 0.022228 -0.003208 -3.109983 -0.011099 0.005029 0.000323 0.000011 0.000007 -4.739032 -0.012315 -15.592070 -4.900095 0.001943 0.069897 -4.958770 -0.056649 0.065646 -0.000022 0.000006 -0.000043 0.000000 0.000000 0.000000 0.000000 0.000000 0.000000 -4.590509 -10.422501 17.176376 -0.157712 -0.998656 6.521032 0.312351 -8.246737 15.249449 -1.171539 1.215341 -17.667604 0.000000 0.000000 0.000000 0.000000 0.000000 0.000000 0.000000 0.000000 0.000000 -0.792648 -4.552342 11.666924 0.095910 0.415797 11.698024 2.551420 -0.018450 15.115115 0.202331 -0.577500 -20.241398 0.000000 0.000000 0.000000 0.000000 0.000000 0.000000 0.000000 0.000000 0.000000 
0.676678 88.258690 4.720624 0.700699 3.385548 -12.510039 0.253919 0.288614 7.971553 0.607092 0.046828 1.978499 -1.723792 1.379059 6.743489 -1.111141 0.532449 5.280420 0.741683 -0.985211 1.849697 -0.004411 -0.609429 -4.680572 0.259793 -0.788836 -19.147078 0.000000 0.000000 0.000000 90.348740 -0.625149 10.089801 61.943153 -25.057074 1.616398 -0.639863 15.578170 69.012383 -4.356433 8.694563 -2.309123 6.750813 -1.442409 41.606899 -0.000003 0.000017 -16.539644 0.000004 0.000056 -11.564475 0.000015 -0.000002 -0.000023 -4.204852 0.074198 -0.894835 -0.099202 -0.065740 0.263405 -0.128143 -0.042138 0.215360 -0.000012 0.000026 -0.000018 -4.070876 0.020441 -4.659341 -0.283288 -0.037436 0.101362 -0.298835 -0.020746 0.093861 0.000009 0.000058 0.000010 -2.262236 -0.029895 -9.591714 0.410103 0.063872 -0.172616 0.492891 0.032572 -0.121530 -0.000002 -0.000120 -0.000003 -0.073127 -0.047788 -15.155094 1.539466 0.137137 -0.340611 1.496451 0.052082 -0.304407 -0.000004 -0.000001 -0.000017 0.000000 0.000000 0.000000 0.000000 0.000000 0.000000 -86.200638 -0.258542 3.979666 -72.248787 14.424385 -12.404166 -0.029991 -13.262097 93.048302 -5.316856 -28.244997 1.301031 -6.819681 1.255340 41.675629 0.000022 0.000022 -16.786121 -0.000006 -0.000011 -11.735679 0.000827 0.000011 0.000581 3.809598 0.062855 3.993835 -2.795048 -0.006692 0.037348 -2.910491 0.024231 -0.014987 -0.000002 0.000152 0.000004 2.252914 0.041036 -1.150199 -2.965482 -0.012337 -0.012559 -2.761209 0.007476 -0.004666 -0.000453 -0.000013 -0.000114 -3.017010 -0.021596 -8.310510 -4.167125 0.019273 -0.023378 -3.777202 -0.013127 -0.009589 0.000276 0.000011 0.000007 -6.588039 -0.015348 -15.670233 -5.645502 -0.005376 0.009130 -5.695520 -0.062145 0.017683 0.000005 0.000006 -0.000043 0.000000 0.000000 0.000000 0.000000 0.000000 0.000000 -4.551601 -10.434404 17.171001 -0.156710 -0.999328 6.529648 0.293102 -8.223094 15.259187 -1.166127 1.216587 -17.664875 0.000000 0.000000 0.000000 0.000000 0.000000 0.000000 0.000000 0.000000 0.000000 -0.748253 -4.536924 11.651899 0.096447 0.413653 11.757324 2.539138 -0.005685 15.115629 0.198257 -0.574845 -20.264887 0.000000 0.000000 0.000000 0.000000 0.000000 0.000000 0.000000 0.000000 0.000000 
0.669296 88.262642 4.716826 0.687302 3.325786 -12.506980 0.267235 0.287527 7.966951 0.597890 0.048985 1.988905 -1.695662 1.355893 6.722791 -1.106950 0.525068 5.271670 0.726306 -0.923059 1.871337 -0.002152 -0.552711 -4.667646 0.237840 -0.794432 -19.169716 0.000000 0.000000 0.000000 90.318253 -0.618206 10.033648 61.742393 -24.617548 1.621788 -0.629139 15.706369 69.272591 -4.179706 9.189032 -2.213318 6.805248 -1.450295 41.581203 -0.000003 0.000017 -16.671669 0.000005 0.000056 -11.655241 0.000015 -0.000002 -0.000023 -4.045222 0.076262 -0.839216 -0.109660 -0.065280 0.267275 -0.150964 -0.041945 0.218801 -0.000012 0.000026 -0.000018 -3.926949 0.020866 -4.618317 -0.291697 -0.037414 0.102454 -0.309336 -0.020813 0.094716 0.000009 0.000058 0.000010 -2.087200 -0.029991 -9.569016 0.411259 0.064763 -0.173126 0.496849 0.033213 -0.121360 -0.000002 -0.000123 -0.000003 0.113081 -0.046240 -15.165181 1.562789 0.138502 -0.346949 1.519077 0.052828 -0.308651 0.000004 -0.000001 -0.000018 0.000000 0.000000 0.000000 0.000000 0.000000 0.000000 -86.201782 -0.255240 3.916807 -72.155701 14.028198 -12.398926 -0.075833 -13.448518 93.104393 -6.854903 -29.665487 1.547780 -7.140781 1.299065 41.524921 0.000022 0.000022 -17.588552 -0.000003 -0.000011 -12.283885 0.000835 0.000011 0.000553 2.042128 0.062078 3.406638 -3.360662 -0.003528 0.073183 -3.466724 0.027197 0.018871 -0.000002 0.000173 0.000004 0.539315 0.040566 -1.580412 -3.549073 -0.011268 0.001452 -3.342716 0.008508 0.007245 -0.000518 -0.000013 -0.000115 -4.827224 -0.021716 -8.525624 -4.891464 0.016314 -0.044334 -4.497627 -0.015152 -0.024836 0.000220 0.000011 0.000007 -8.338502 -0.017703 -15.732129 -6.420887 -0.012731 -0.053463 -6.462809 -0.067641 -0.031663 0.000030 0.000006 -0.000043 0.000000 0.000000 0.000000 0.000000 0.000000 0.000000 -4.510327 -10.441853 17.164181 -0.155725 -0.999657 6.538039 0.277224 -8.199334 15.272148 -1.160799 1.217608 -17.665356 0.000000 0.000000 0.000000 0.000000 0.000000 0.000000 0.000000 0.000000 0.000000 -0.702259 -4.519742 11.636200 0.096913 0.410973 11.821944 2.524819 0.014884 15.115568 0.194059 -0.571822 -20.287796 0.000000 0.000000 0.000000 0.000000 0.000000 0.000000 0.000000 0.000000 0.000000 
0.662993 88.267105 4.711369 0.672410 3.258560 -12.503480 0.283898 0.285718 7.963526 0.590404 0.050731 2.002251 -1.666461 1.334008 6.697961 -1.106057 0.520683 5.259932 0.709995 -0.860314 1.889143 -0.002227 -0.496235 -4.655882 0.214226 -0.800502 -19.190487 0.000000 0.000000 0.000000 90.282791 -0.610866 9.982503 61.533615 -24.181435 1.647887 -0.617532 15.825964 69.545662 -3.969095 9.658636 -2.136500 6.863901 -1.457968 41.554531 -0.000003 0.000017 -16.811436 0.000005 0.000056 -11.751698 0.000015 -0.000002 -0.000023 -3.863046 0.078311 -0.775578 -0.091231 -0.064759 0.270329 -0.144064 -0.041706 0.221584 -0.000012 0.000027 -0.000018 -3.764545 0.021265 -4.571195 -0.273067 -0.037390 0.103341 -0.292836 -0.020854 0.095417 0.000009 0.000059 0.000010 -1.905773 -0.030100 -9.545247 0.432199 0.065626 -0.173996 0.519753 0.033868 -0.121445 -0.000002 -0.000122 -0.000003 0.297132 -0.044704 -15.175805 1.597736 0.140134 -0.354562 1.552491 0.053795 -0.313901 0.000013 -0.000001 -0.000018 0.000000 0.000000 0.000000 0.000000 0.000000 0.000000 -86.204071 -0.250316 3.858300 -72.070045 13.613460 -12.400559 -0.114728 -13.626713 93.136513 -8.282674 -30.967606 1.789425 -7.450257 1.340613 41.379810 0.000022 0.000022 -18.360868 0.000000 -0.000010 -12.811408 0.000835 0.000011 0.000525 0.345559 0.061153 2.845899 -3.973803 -0.000358 0.108659 -4.072232 0.030149 0.052166 -0.000001 0.000189 0.000004 -1.092894 0.040151 -1.987390 -4.176659 -0.010189 0.015205 -3.969143 0.009514 0.018904 -0.000565 -0.000012 -0.000115 -6.524557 -0.021702 -8.722547 -5.638361 0.013538 -0.064701 -5.241796 -0.017047 -0.039686 0.000158 0.000011 0.000007 -9.966470 -0.019503 -15.774099 -7.197124 -0.019606 -0.113643 -7.231908 -0.072741 -0.079059 0.000054 0.000006 -0.000043 0.000000 0.000000 0.000000 0.000000 0.000000 0.000000 -4.467546 -10.443456 17.155651 -0.154780 -0.999733 6.544260 0.264434 -8.174984 15.288383 -1.155897 1.218267 -17.669022 0.000000 0.000000 0.000000 0.000000 0.000000 0.000000 0.000000 0.000000 0.000000 -0.655643 -4.499822 11.620088 0.097282 0.407922 11.888192 2.508136 0.044079 15.115320 0.189882 -0.568594 -20.309048 0.000000 0.000000 0.000000 0.000000 0.000000 0.000000 0.000000 0.000000 0.000000 
0.657591 88.272034 4.704487 0.656709 3.184949 -12.497937 0.303636 0.283031 7.960317 0.585731 0.051595 2.016884 -1.637540 1.313576 6.668612 -1.108841 0.519088 5.246431 0.690232 -0.795975 1.904337 -0.004280 -0.439784 -4.645317 0.188832 -0.807292 -19.209869 0.000000 0.000000 0.000000 90.243050 -0.603511 9.934631 61.323681 -23.745419 1.683121 -0.605849 15.936613 69.843338 -3.716468 10.098648 -2.068826 6.927702 -1.465592 41.526440 -0.000003 0.000017 -16.961451 0.000005 0.000056 -11.855529 0.000015 -0.000002 -0.000024 -3.649419 0.080418 -0.707346 -0.042633 -0.064166 0.272677 -0.106126 -0.041402 0.223805 -0.000012 0.000028 -0.000018 -3.573493 0.021659 -4.519888 -0.225968 -0.037357 0.104063 -0.247697 -0.020860 0.096008 0.000008 0.000059 0.000010 -1.705192 -0.030256 -9.520267 0.475884 0.066444 -0.175261 0.564602 0.034508 -0.121826 -0.000002 -0.000119 -0.000003 0.492508 -0.043295 -15.184664 1.647902 0.141932 -0.363424 1.600292 0.054899 -0.320183 0.000022 -0.000001 -0.000019 0.000000 0.000000 0.000000 0.000000 0.000000 0.000000 -86.209091 -0.243813 3.802123 -71.994904 13.180709 -12.417036 -0.146999 -13.795921 93.158707 -9.600017 -32.153706 2.036746 -7.744725 1.379671 41.241707 0.000021 0.000022 -19.095230 0.000003 -0.000009 -13.312970 0.000826 0.000011 0.000494 -1.263889 0.060254 2.319477 -4.610724 0.002670 0.142243 -4.703181 0.032945 0.083537 -0.000000 0.000201 0.000004 -2.630936 0.039829 -2.365755 -4.824404 -0.009162 0.028109 -4.616587 0.010448 0.029810 -0.000593 -0.000012 -0.000116 -8.099773 -0.021615 -8.898872 -6.384004 0.011059 -0.083647 -5.985917 -0.018741 -0.053537 0.000090 0.000011 0.000006 -11.465535 -0.020910 -15.796359 -7.953717 -0.025706 -0.168964 -7.982400 -0.077233 -0.122650 0.000076 0.000005 -0.000043 0.000000 0.000000 0.000000 0.000000 0.000000 0.000000 -4.423999 -10.439009 17.144606 -0.153872 -0.999624 6.547376 0.254347 -8.149548 15.307896 -1.151694 1.218420 -17.675638 0.000000 0.000000 0.000000 0.000000 0.000000 0.000000 0.000000 0.000000 0.000000 -0.608953 -4.476205 11.603354 0.097555 0.404675 11.953097 2.488721 0.081808 15.115011 0.185874 -0.565285 -20.328047 0.000000 0.000000 0.000000 0.000000 0.000000 0.000000 0.000000 0.000000 0.000000 
0.652945 88.277397 4.696405 0.640637 3.106472 -12.489398 0.326258 0.279395 7.956634 0.584439 0.051224 2.031315 -1.609778 1.294960 6.634875 -1.114996 0.520012 5.231571 0.665854 -0.729753 1.919544 -0.007804 -0.382922 -4.635281 0.161731 -0.814965 -19.228762 0.000000 0.000000 0.000000 90.199989 -0.596279 9.888724 61.121796 -23.305115 1.717829 -0.595025 16.039890 70.171127 -3.419861 10.509679 -2.001966 6.997728 -1.473347 41.496387 -0.000003 0.000017 -17.124588 0.000005 0.000056 -11.968704 0.000015 -0.000002 -0.000024 -3.396259 0.082594 -0.638000 0.036500 -0.063432 0.274344 -0.036736 -0.040968 0.225488 -0.000012 0.000028 -0.000018 -3.344438 0.022052 -4.466564 -0.149626 -0.037287 0.104597 -0.173001 -0.020799 0.096487 0.000008 0.000060 0.000010 -1.473796 -0.030474 -9.493835 0.544919 0.067152 -0.176835 0.634077 0.035081 -0.122450 -0.000003 -0.000115 -0.000003 0.711559 -0.042062 -15.189505 1.716950 0.143649 -0.373177 1.666199 0.055931 -0.327248 0.000031 -0.000000 -0.000019 0.000000 0.000000 0.000000 0.000000 0.000000 0.000000 -86.218399 -0.235774 3.746624 -71.935516 12.731067 -12.456091 -0.173545 -13.956211 93.189079 -10.820425 -33.230824 2.303444 -8.022639 1.416155 41.111271 0.000021 0.000022 -19.787960 0.000007 -0.000009 -13.786164 0.000811 0.000011 0.000462 -2.780099 0.059493 1.831060 -5.250637 0.005495 0.172910 -5.338569 0.035540 0.112101 0.000000 0.000208 0.000004 -4.071773 0.039615 -2.713575 -5.472132 -0.008205 0.039803 -5.264731 0.011293 0.039650 -0.000606 -0.000012 -0.000116 -9.554517 -0.021492 -9.054467 -7.110966 0.008906 -0.100696 -6.712391 -0.020220 -0.066052 0.000019 0.000011 0.000006 -12.840035 -0.022070 -15.800909 -8.677772 -0.030968 -0.218147 -8.701344 -0.081080 -0.161491 0.000096 0.000005 -0.000044 0.000000 0.000000 0.000000 0.000000 0.000000 0.000000 -4.380066 -10.428920 17.131042 -0.152984 -0.999311 6.546453 0.246378 -8.122737 15.330340 -1.148387 1.217971 -17.684147 0.000000 0.000000 0.000000 0.000000 0.000000 0.000000 0.000000 0.000000 0.000000 -0.562088 -4.447978 11.585519 0.097751 0.401416 12.014817 2.466153 0.127711 15.114935 0.182250 -0.561994 -20.344528 0.000000 0.000000 0.000000 0.000000 0.000000 0.000000 0.000000 0.000000 0.000000 
0.648793 88.283066 4.687227 0.624547 3.024617 -12.477405 0.351416 0.274768 7.952072 0.586616 0.049392 2.044445 -1.583538 1.278342 6.597371 -1.124225 0.522885 5.215508 0.635958 -0.661102 1.936825 -0.012171 -0.325186 -4.624705 0.133272 -0.823499 -19.247730 0.000000 0.000000 0.000000 90.154854 -0.589195 9.844363 60.933426 -22.857208 1.745742 -0.585701 16.136389 70.533005 -3.081131 10.898407 -1.931122 7.074535 -1.481435 41.463913 -0.000003 0.000016 -17.302818 0.000005 0.000056 -12.092518 0.000014 -0.000002 -0.000023 -3.099335 0.084812 -0.573480 0.144759 -0.062559 0.275298 0.062693 -0.040397 0.226599 -0.000012 0.000028 -0.000018 -3.071760 0.022436 -4.415938 -0.045074 -0.037175 0.104912 -0.069621 -0.020666 0.096841 0.000008 0.000060 0.000010 -1.203123 -0.030739 -9.468622 0.640067 0.067733 -0.178598 0.729010 0.035564 -0.123236 -0.000003 -0.000110 -0.000003 0.964277 -0.041001 -15.191515 1.806869 0.145188 -0.383385 1.752286 0.056804 -0.334751 0.000037 -0.000000 -0.000020 0.000000 0.000000 0.000000 0.000000 0.000000 0.000000 -86.232201 -0.226551 3.691005 -71.894745 12.266492 -12.520450 -0.195210 -14.107221 93.240433 -11.959396 -34.208858 2.595704 -8.280641 1.449769 40.989952 0.000021 0.000022 -20.430773 0.000011 -0.000009 -14.225533 0.000789 0.000011 0.000427 -4.184066 0.058939 1.386137 -5.866565 0.007992 0.199607 -5.951100 0.037826 0.136967 0.000001 0.000213 0.000004 -5.401340 0.039505 -3.028321 -6.093772 -0.007367 0.049925 -5.887248 0.012015 0.048114 -0.000609 -0.000012 -0.000116 -10.881949 -0.021358 -9.190798 -7.797145 0.007131 -0.115369 -7.398822 -0.021449 -0.076884 -0.000054 0.000011 0.000006 -14.088198 -0.023056 -15.794141 -9.353627 -0.035241 -0.259978 -9.372935 -0.084177 -0.194673 0.000114 0.000005 -0.000044 0.000000 0.000000 0.000000 0.000000 0.000000 0.000000 -4.336136 -10.415070 17.115482 -0.152106 -0.998822 6.540477 0.239991 -8.094609 15.355193 -1.146154 1.216934 -17.693390 0.000000 0.000000 0.000000 0.000000 0.000000 0.000000 0.000000 0.000000 0.000000 -0.514813 -4.414697 11.566226 0.097907 0.398313 12.071986 2.440390 0.180127 15.115415 0.179121 -0.558775 -20.358305 0.000000 0.000000 0.000000 0.000000 0.000000 0.000000 0.000000 0.000000 0.000000 
0.644774 88.288841 4.677060 0.608379 2.940408 -12.461679 0.378680 0.269203 7.946469 0.591783 0.046074 2.055707 -1.559039 1.263122 6.555965 -1.135643 0.527009 5.198493 0.601015 -0.589249 1.957113 -0.016633 -0.265425 -4.612974 0.103606 -0.832806 -19.266724 0.000000 0.000000 0.000000 90.108337 -0.582074 9.800872 60.762527 -22.403505 1.764129 -0.578376 16.224537 70.928513 -2.707181 11.271191 -1.853018 7.158961 -1.490088 41.428440 -0.000003 0.000016 -17.498817 0.000004 0.000056 -12.228748 0.000014 -0.000003 -0.000023 -2.755127 0.086967 -0.520550 0.282351 -0.061546 0.275270 0.192400 -0.039669 0.226879 -0.000012 0.000029 -0.000018 -2.750189 0.022765 -4.373070 0.088132 -0.037010 0.104869 0.063015 -0.020452 0.096955 0.000007 0.000059 0.000010 -0.885303 -0.031026 -9.446756 0.763188 0.068164 -0.180274 0.851414 0.035929 -0.123974 -0.000003 -0.000105 -0.000003 1.259507 -0.040082 -15.190744 1.920544 0.146439 -0.393147 1.861494 0.057419 -0.341962 0.000042 -0.000000 -0.000020 0.000000 0.000000 0.000000 0.000000 0.000000 0.000000 -86.249634 -0.216621 3.634107 -71.872612 11.792221 -12.609669 -0.213043 -14.247452 93.323303 -13.026725 -35.094898 2.914504 -8.517538 1.480477 40.878326 0.000020 0.000023 -21.020441 0.000014 -0.000008 -14.628933 0.000763 0.000012 0.000392 -5.468066 0.058595 0.984751 -6.441646 0.010086 0.221978 -6.523672 0.039735 0.157876 0.000002 0.000214 0.000004 -6.615191 0.039465 -3.310977 -6.673060 -0.006669 0.058377 -6.467659 0.012599 0.055125 -0.000605 -0.000012 -0.000115 -12.083749 -0.021214 -9.310673 -8.430110 0.005758 -0.127543 -8.032496 -0.022414 -0.085958 -0.000126 0.000011 0.000006 -15.215427 -0.023903 -15.781336 -9.973703 -0.038458 -0.294276 -9.989174 -0.086479 -0.222135 0.000127 0.000005 -0.000044 0.000000 0.000000 0.000000 0.000000 0.000000 0.000000 -4.292437 -10.399304 17.098091 -0.151230 -0.998173 6.528899 0.234788 -8.064796 15.382282 -1.145016 1.215392 -17.702480 0.000000 0.000000 0.000000 0.000000 0.000000 0.000000 0.000000 0.000000 0.000000 -0.466761 -4.376331 11.544744 0.098056 0.395487 12.124492 2.411120 0.237880 15.116135 0.176598 -0.555713 -20.369463 0.000000 0.000000 0.000000 0.000000 0.000000 0.000000 0.000000 0.000000 0.000000 
0.640479 88.294609 4.666073 0.591980 2.854695 -12.443005 0.407718 0.262912 7.940049 0.599983 0.041299 2.064901 -1.536579 1.249159 6.511096 -1.148589 0.531836 5.180780 0.560626 -0.513303 1.980575 -0.020724 -0.202872 -4.599903 0.072861 -0.842859 -19.286024 0.000000 0.000000 0.000000 90.060326 -0.574522 9.758543 60.611450 -21.947908 1.771076 -0.573198 16.303743 71.355614 -2.304878 11.635891 -1.767122 7.251280 -1.499397 41.389713 -0.000004 0.000016 -17.713631 0.000004 0.000056 -12.378115 0.000014 -0.000003 -0.000023 -2.365256 0.088942 -0.485153 0.448984 -0.060405 0.274015 0.352078 -0.038770 0.226100 -0.000012 0.000029 -0.000018 -2.379896 0.022982 -4.342578 0.249882 -0.036785 0.104347 0.224865 -0.020155 0.096732 0.000007 0.000059 0.000010 -0.518144 -0.031281 -9.430905 0.915028 0.068426 -0.181617 1.002221 0.036157 -0.124482 -0.000003 -0.000100 -0.000002 1.600588 -0.039205 -15.188532 2.059713 0.147302 -0.401639 1.995609 0.057691 -0.348231 0.000044 0.000000 -0.000021 0.000000 0.000000 0.000000 0.000000 0.000000 0.000000 -86.269730 -0.206076 3.575793 -71.865517 11.310326 -12.719486 -0.227894 -14.376501 93.443184 -14.036471 -35.901154 3.260336 -8.733845 1.508395 40.776253 0.000020 0.000023 -21.558029 0.000018 -0.000008 -14.997046 0.000733 0.000012 0.000360 -6.632894 0.058399 0.622827 -6.968792 0.011750 0.240167 -7.049192 0.041239 0.174995 0.000002 0.000214 0.000004 -7.715422 0.039445 -3.565381 -7.203347 -0.006121 0.065238 -6.999258 0.013041 0.060755 -0.000601 -0.000012 -0.000115 -13.166416 -0.021030 -9.418161 -9.006278 0.004776 -0.137347 -8.609624 -0.023120 -0.093367 -0.000196 0.000011 0.000006 -16.230932 -0.024552 -15.767410 -10.537703 -0.040631 -0.321544 -10.549391 -0.087993 -0.244295 0.000138 0.000005 -0.000044 0.000000 0.000000 0.000000 0.000000 0.000000 0.000000 -4.248739 -10.382716 17.079742 -0.150346 -0.997344 6.511840 0.230165 -8.032936 15.411038 -1.144959 1.213466 -17.710703 0.000000 0.000000 0.000000 0.000000 0.000000 0.000000 0.000000 0.000000 0.000000 -0.417525 -4.332985 11.521275 0.098211 0.392972 12.172882 2.378193 0.300424 15.116674 0.174756 -0.552841 -20.377716 0.000000 0.000000 0.000000 0.000000 0.000000 0.000000 0.000000 0.000000 0.000000 
0.635546 88.300232 4.654526 0.575242 2.768136 -12.422240 0.438058 0.256140 7.933276 0.611207 0.035192 2.071443 -1.516619 1.235603 6.464001 -1.162283 0.536788 5.162676 0.514696 -0.431921 2.006000 -0.023976 -0.135914 -4.585858 0.040929 -0.853706 -19.305109 0.000000 0.000000 0.000000 90.010765 -0.566285 9.717970 60.482079 -21.498281 1.765240 -0.570085 16.373169 71.810730 -1.886156 11.994762 -1.678083 7.352345 -1.509481 41.347321 -0.000004 0.000016 -17.949369 0.000004 0.000056 -12.542115 0.000013 -0.000003 -0.000023 -1.927961 0.090580 -0.474710 0.647430 -0.059112 0.270978 0.544478 -0.037645 0.223739 -0.000011 0.000029 -0.000018 -1.958546 0.023017 -4.329613 0.442891 -0.036481 0.103108 0.418726 -0.019764 0.095976 0.000007 0.000058 0.000010 -0.098821 -0.031437 -9.423505 1.098048 0.068484 -0.182314 1.183975 0.036219 -0.124515 -0.000003 -0.000096 -0.000002 1.989754 -0.038282 -15.185125 2.226574 0.147690 -0.407992 2.156928 0.057545 -0.352853 0.000045 0.000000 -0.000021 0.000000 0.000000 0.000000 0.000000 0.000000 0.000000 -86.291153 -0.194822 3.516540 -71.867950 10.826668 -12.844134 -0.240791 -14.494861 93.602440 -14.990922 -36.641380 3.625309 -8.931897 1.533807 40.682823 0.000020 0.000023 -22.049040 0.000022 -0.000008 -15.333632 0.000699 0.000012 0.000333 -7.689071 0.058258 0.292039 -7.449429 0.013041 0.254930 -7.529118 0.042398 0.189011 0.000003 0.000212 0.000004 -8.712633 0.039391 -3.797729 -7.686304 -0.005698 0.070795 -7.483723 0.013364 0.065257 -0.000599 -0.000012 -0.000114 -14.143567 -0.020753 -9.517637 -9.529415 0.004137 -0.145178 -9.133887 -0.023603 -0.099387 -0.000263 0.000011 0.000006 -17.149504 -0.024924 -15.755151 -11.050889 -0.041855 -0.342909 -11.058420 -0.088806 -0.262033 0.000143 0.000005 -0.000045 0.000000 0.000000 0.000000 0.000000 0.000000 0.000000 -4.204947 -10.365784 17.061573 -0.149462 -0.996358 6.489188 0.226106 -7.999460 15.440728 -1.145996 1.211354 -17.717596 0.000000 0.000000 0.000000 0.000000 0.000000 0.000000 0.000000 0.000000 0.000000 -0.366886 -4.285008 11.495607 0.098376 0.390790 12.218266 2.341530 0.366772 15.116426 0.173642 -0.550259 -20.382797 0.000000 0.000000 0.000000 0.000000 0.000000 0.000000 0.000000 0.000000 0.000000 
0.629586 88.305595 4.642843 0.557783 2.680965 -12.400370 0.469315 0.249228 7.926612 0.624681 0.028270 2.074850 -1.499231 1.220415 6.417422 -1.174345 0.541389 5.144194 0.466812 -0.344251 2.032736 -0.025429 -0.061943 -4.571378 0.007582 -0.865549 -19.323334 0.000000 0.000000 0.000000 89.958931 -0.557033 9.680062 60.387604 -21.064941 1.744115 -0.568956 16.433405 72.286674 -1.474849 12.346487 -1.590983 7.463499 -1.520461 41.300705 -0.000004 0.000016 -18.209238 0.000004 0.000056 -12.722893 0.000013 -0.000003 -0.000023 -1.435242 0.091667 -0.495140 0.885381 -0.057581 0.265384 0.777439 -0.036182 0.219063 -0.000011 0.000029 -0.000018 -1.478459 0.022783 -4.336730 0.674478 -0.036053 0.100780 0.651895 -0.019240 0.094390 0.000006 0.000057 0.000010 0.377669 -0.031438 -9.421489 1.318101 0.068263 -0.181869 1.402483 0.036045 -0.123700 -0.000003 -0.000090 -0.000002 2.427624 -0.037278 -15.172778 2.425187 0.147393 -0.410881 2.349749 0.056806 -0.354760 0.000043 0.000000 -0.000022 0.000000 0.000000 0.000000 0.000000 0.000000 0.000000 -86.312218 -0.182818 3.458116 -71.878059 10.357968 -12.981153 -0.252363 -14.602958 93.809967 -15.873281 -37.325665 3.999259 -9.115721 1.557309 40.596142 0.000019 0.000023 -22.503376 0.000027 -0.000008 -15.645249 0.000662 0.000012 0.000321 -8.662420 0.058023 -0.019697 -7.893974 0.014108 0.267433 -7.973914 0.043374 0.200986 0.000003 0.000209 0.000004 -9.630864 0.039237 -4.015254 -8.132419 -0.005333 0.075509 -7.931589 0.013615 0.069031 -0.000605 -0.000012 -0.000112 -15.039889 -0.020313 -9.609692 -10.011374 0.003744 -0.151608 -9.617170 -0.023936 -0.104423 -0.000324 0.000011 0.000006 -17.994259 -0.025081 -15.739132 -11.524373 -0.042370 -0.359857 -11.526671 -0.089091 -0.276493 0.000143 0.000004 -0.000045 0.000000 0.000000 0.000000 0.000000 0.000000 0.000000 -4.160480 -10.346933 17.045378 -0.148600 -0.995157 6.459596 0.222920 -7.965188 15.470465 -1.147960 1.209207 -17.722258 0.000000 0.000000 0.000000 0.000000 0.000000 0.000000 0.000000 0.000000 0.000000 -0.314187 -4.232369 11.466418 0.098555 0.389024 12.262058 2.300299 0.436479 15.115099 0.173492 -0.548285 -20.385141 0.000000 0.000000 0.000000 0.000000 0.000000 0.000000 0.000000 0.000000 0.000000 
0.622164 88.310638 4.631049 0.540086 2.593958 -12.380103 0.500772 0.242609 7.921084 0.640633 0.021136 2.075682 -1.482967 1.203999 6.376052 -1.184456 0.545430 5.125134 0.417239 -0.250674 2.060834 -0.024760 0.017490 -4.555450 -0.025946 -0.877919 -19.339622 0.000000 0.000000 0.000000 89.904388 -0.546464 9.649174 60.332561 -20.652523 1.703610 -0.568714 16.492310 72.782768 -1.080028 12.706867 -1.509182 7.582329 -1.532068 41.250835 -0.000004 0.000016 -18.487722 0.000004 0.000055 -12.916495 0.000012 -0.000003 -0.000023 -0.897720 0.092172 -0.550845 1.159318 -0.055967 0.257399 1.047247 -0.034518 0.212182 -0.000011 0.000029 -0.000018 -0.950729 0.022269 -4.367404 0.941111 -0.035553 0.097470 0.920714 -0.018642 0.092059 0.000006 0.000056 0.000010 0.900041 -0.031224 -9.427018 1.570970 0.067855 -0.180327 1.653369 0.035705 -0.122097 -0.000003 -0.000081 -0.000002 2.901994 -0.036170 -15.152738 2.651262 0.146655 -0.410322 2.570023 0.055728 -0.354014 0.000039 0.000001 -0.000022 0.000000 0.000000 0.000000 0.000000 0.000000 0.000000 -86.330421 -0.169951 3.405559 -71.892082 9.917369 -13.122286 -0.261417 -14.705881 94.058350 -16.683640 -37.977989 4.373200 -9.283543 1.578681 40.516968 0.000019 0.000023 -22.917635 0.000031 -0.000008 -15.929178 0.000624 0.000013 0.000321 -9.544447 0.057602 -0.312203 -8.298360 0.014947 0.277780 -8.379918 0.044168 0.210974 0.000004 0.000202 0.000004 -10.462758 0.038967 -4.217662 -8.537867 -0.005035 0.079418 -8.339305 0.013788 0.072107 -0.000619 -0.000013 -0.000109 -15.850613 -0.019709 -9.692421 -10.448732 0.003578 -0.156614 -10.056014 -0.024116 -0.108415 -0.000376 0.000011 0.000006 -18.763144 -0.024974 -15.717617 -11.955232 -0.042126 -0.372306 -11.951922 -0.088818 -0.287446 0.000135 0.000004 -0.000045 0.000000 0.000000 0.000000 0.000000 0.000000 0.000000 -4.114328 -10.323743 17.033987 -0.147718 -0.993691 6.423723 0.219069 -7.931255 15.498842 -1.150688 1.207203 -17.724365 0.000000 0.000000 0.000000 0.000000 0.000000 0.000000 0.000000 0.000000 0.000000 -0.259058 -4.175889 11.436326 0.098783 0.387681 12.302655 2.255093 0.507466 15.114281 0.174221 -0.547013 -20.384317 0.000000 0.000000 0.000000 0.000000 0.000000 0.000000 0.000000 0.000000 0.000000 
0.613251 88.315239 4.618762 0.522925 2.508056 -12.362131 0.531902 0.236645 7.916636 0.658276 0.014554 2.074197 -1.465825 1.186677 6.344635 -1.192048 0.549118 5.106270 0.372352 -0.154625 2.093336 -0.021238 0.099806 -4.535329 -0.058001 -0.889837 -19.352537 0.000000 0.000000 0.000000 89.850258 -0.535043 9.627768 60.328400 -20.263449 1.640356 -0.568070 16.559799 73.279282 -0.707909 13.092316 -1.434616 7.706993 -1.544219 41.198284 -0.000004 0.000016 -18.781004 0.000003 0.000055 -13.119846 0.000012 -0.000003 -0.000023 -0.320837 0.092155 -0.641547 1.464548 -0.054578 0.247512 1.349294 -0.032955 0.203441 -0.000011 0.000029 -0.000018 -0.382097 0.021498 -4.420382 1.238102 -0.035101 0.093383 1.220094 -0.018074 0.089134 0.000005 0.000055 0.000010 1.458166 -0.030789 -9.435606 1.851208 0.067479 -0.177865 1.931046 0.035338 -0.119831 -0.000003 -0.000069 -0.000003 3.397815 -0.035096 -15.118493 2.898719 0.146061 -0.406812 2.812178 0.054846 -0.351011 0.000032 0.000001 -0.000022 0.000000 0.000000 0.000000 0.000000 0.000000 0.000000 -86.346771 -0.155440 3.363045 -71.911209 9.529667 -13.263509 -0.266262 -14.805674 94.335953 -17.399555 -38.599365 4.729601 -9.435353 1.597972 40.445187 0.000019 0.000023 -23.292665 0.000036 -0.000008 -16.185637 0.000586 0.000013 0.000334 -10.340910 0.056933 -0.587638 -8.664782 0.015525 0.286126 -8.749557 0.044748 0.219126 0.000004 0.000192 0.000004 -11.213120 0.038580 -4.405272 -8.905018 -0.004833 0.082579 -8.709355 0.013867 0.074554 -0.000639 -0.000013 -0.000105 -16.580708 -0.018965 -9.760943 -10.844017 0.003651 -0.160269 -10.452837 -0.024133 -0.111393 -0.000415 0.000011 0.000006 -19.459602 -0.024714 -15.681779 -12.344390 -0.041074 -0.380504 -12.335837 -0.087933 -0.294976 0.000121 0.000004 -0.000046 0.000000 0.000000 0.000000 0.000000 0.000000 0.000000 -4.066061 -10.293697 17.028534 -0.146760 -0.991958 6.382092 0.213281 -7.899457 15.524828 -1.153765 1.205412 -17.724272 0.000000 0.000000 0.000000 0.000000 0.000000 0.000000 0.000000 0.000000 0.000000 -0.201858 -4.117288 11.406598 0.099155 0.386984 12.336525 2.206100 0.576004 15.116685 0.175687 -0.546729 -20.381029 0.000000 0.000000 0.000000 0.000000 0.000000 0.000000 0.000000 0.000000 0.000000 
0.603248 88.319130 4.605045 0.507968 2.426012 -12.345077 0.561333 0.231601 7.912264 0.677414 0.008567 2.070375 -1.446379 1.171011 6.325471 -1.197892 0.552875 5.090685 0.336280 -0.061070 2.133502 -0.014731 0.180330 -4.507802 -0.086286 -0.899439 -19.361389 0.000000 0.000000 0.000000 89.800499 -0.524010 9.615734 60.377838 -19.898411 1.552396 -0.566391 16.647001 73.748756 -0.356843 13.516002 -1.367704 7.835092 -1.556818 41.143883 -0.000004 0.000016 -19.083773 0.000003 0.000055 -13.329354 0.000012 -0.000003 -0.000023 0.284166 0.091814 -0.767102 1.790986 -0.053733 0.236657 1.673646 -0.031827 0.193656 -0.000011 0.000029 -0.000019 0.215826 0.020548 -4.496560 1.555925 -0.034833 0.088968 1.540246 -0.017652 0.085965 0.000004 0.000053 0.000009 2.040513 -0.030189 -9.447881 2.150362 0.067353 -0.174959 2.227039 0.035101 -0.117267 -0.000003 -0.000056 -0.000003 3.903797 -0.034267 -15.071894 3.160158 0.146111 -0.401661 3.069069 0.054638 -0.346806 0.000026 0.000001 -0.000021 0.000000 0.000000 0.000000 0.000000 0.000000 0.000000 -86.362572 -0.138038 3.331759 -71.937256 9.212182 -13.403898 -0.264808 -14.899833 94.629135 -18.014071 -39.173237 5.051500 -9.569704 1.615004 40.381454 0.000018 0.000023 -23.625614 0.000040 -0.000008 -16.412678 0.000555 0.000013 0.000348 -11.049585 0.056146 -0.848503 -8.991747 0.015784 0.292028 -9.081516 0.045024 0.224966 0.000005 0.000177 0.000004 -11.879291 0.038127 -4.580304 -9.232910 -0.004773 0.084819 -9.041112 0.013823 0.076232 -0.000665 -0.000013 -0.000101 -17.228159 -0.018122 -9.816450 -11.197576 0.003988 -0.162406 -10.807951 -0.023959 -0.113218 -0.000435 0.000011 0.000006 -20.080799 -0.024318 -15.631585 -12.691669 -0.039175 -0.384351 -12.679324 -0.086400 -0.298921 0.000101 0.000004 -0.000046 0.000000 0.000000 0.000000 0.000000 0.000000 0.000000 -4.015962 -10.256361 17.026855 -0.145673 -0.989937 6.338275 0.203206 -7.871687 15.548753 -1.156848 1.203752 -17.722929 0.000000 0.000000 0.000000 0.000000 0.000000 0.000000 0.000000 0.000000 0.000000 -0.143764 -4.059080 11.377166 0.099751 0.387024 12.360814 2.154672 0.636483 15.125425 0.177432 -0.547312 -20.375380 0.000000 0.000000 0.000000 0.000000 0.000000 0.000000 0.000000 0.000000 0.000000 
0.592994 88.322014 4.589201 0.496670 2.351995 -12.324840 0.587069 0.227316 7.905704 0.697488 0.002552 2.062729 -1.424510 1.158133 6.317920 -1.201928 0.556943 5.083749 0.311379 0.025242 2.180447 -0.005080 0.255925 -4.472411 -0.109194 -0.905057 -19.365864 0.000000 0.000000 0.000000 89.757942 -0.514715 9.609295 60.479630 -19.563969 1.446069 -0.564663 16.749096 74.140381 -0.047471 13.976964 -1.316564 7.967828 -1.570334 41.086723 -0.000004 0.000016 -19.399475 0.000003 0.000055 -13.547677 0.000011 -0.000003 -0.000023 0.923615 0.091231 -0.927457 2.136970 -0.053587 0.224877 2.019254 -0.031309 0.182838 -0.000011 0.000029 -0.000019 0.848433 0.019489 -4.596100 1.893425 -0.034823 0.084331 1.880006 -0.017434 0.082611 0.000004 0.000052 0.000009 2.650030 -0.029546 -9.461716 2.468250 0.067583 -0.171674 2.541564 0.035071 -0.114454 -0.000003 -0.000044 -0.000003 4.420804 -0.034129 -15.009658 3.435248 0.147053 -0.395503 3.340702 0.055357 -0.341802 0.000022 0.000001 -0.000021 0.000000 0.000000 0.000000 0.000000 0.000000 0.000000 -86.376236 -0.117440 3.309480 -71.973915 8.972986 -13.544950 -0.256180 -14.976466 94.920723 -18.501196 -39.673004 5.307065 -9.687965 1.629988 40.325050 0.000018 0.000023 -23.920031 0.000043 -0.000009 -16.613213 0.000531 0.000013 0.000364 -11.682122 0.055505 -1.101876 -9.283967 0.015697 0.295425 -9.380074 0.044929 0.228414 0.000005 0.000160 0.000004 -12.471999 0.037684 -4.747648 -9.527011 -0.004861 0.086118 -9.339959 0.013636 0.077146 -0.000692 -0.000013 -0.000096 -17.803604 -0.017209 -9.862638 -11.517022 0.004632 -0.163098 -11.129034 -0.023566 -0.113967 -0.000433 0.000011 0.000006 -20.635242 -0.023914 -15.567760 -13.004399 -0.036418 -0.384269 -12.989587 -0.084198 -0.299761 0.000076 0.000004 -0.000046 0.000000 0.000000 0.000000 0.000000 0.000000 0.000000 -3.965795 -10.216244 17.022844 -0.144542 -0.987767 6.297375 0.188020 -7.850436 15.572361 -1.159746 1.202026 -17.721642 0.000000 0.000000 0.000000 0.000000 0.000000 0.000000 0.000000 0.000000 0.000000 -0.085983 -4.002649 11.343907 0.100573 0.387650 12.375543 2.102489 0.683352 15.142064 0.179022 -0.548529 -20.367571 0.000000 0.000000 0.000000 0.000000 0.000000 0.000000 0.000000 0.000000 0.000000 
0.583223 88.323532 4.570853 0.489681 2.290253 -12.298747 0.607564 0.223437 7.896622 0.718450 -0.003953 2.048912 -1.401390 1.148018 6.321151 -1.204023 0.560960 5.088453 0.296952 0.102888 2.227159 0.008117 0.326710 -4.432617 -0.127294 -0.906691 -19.364046 0.000000 0.000000 0.000000 89.723030 -0.507841 9.605228 60.623009 -19.266087 1.333328 -0.563837 16.850788 74.404900 0.199022 14.459839 -1.293857 8.107547 -1.585098 41.025700 -0.000004 0.000016 -19.733767 0.000003 0.000054 -13.779320 0.000011 -0.000003 -0.000024 1.605614 0.090405 -1.121812 2.503208 -0.053950 0.211851 2.387109 -0.031246 0.170754 -0.000011 0.000028 -0.000019 1.521863 0.018387 -4.718870 2.251550 -0.034997 0.079431 2.240466 -0.017367 0.079002 0.000003 0.000050 0.000009 3.291094 -0.028957 -9.477272 2.807062 0.068064 -0.167968 2.877309 0.035199 -0.111362 -0.000003 -0.000038 -0.000003 4.954585 -0.034913 -14.931210 3.726999 0.148627 -0.388790 3.630165 0.056805 -0.336248 0.000023 0.000001 -0.000020 0.000000 0.000000 0.000000 0.000000 0.000000 0.000000 -86.386162 -0.094897 3.295129 -72.022194 8.807416 -13.683276 -0.241000 -15.025990 95.185432 -18.844929 -40.087093 5.474688 -9.793091 1.643118 40.274864 0.000017 0.000024 -24.182438 0.000046 -0.000009 -16.792280 0.000511 0.000013 0.000382 -12.250264 0.055227 -1.351091 -9.548014 0.015395 0.296802 -9.651210 0.044554 0.229949 0.000006 0.000142 0.000004 -13.001781 0.037327 -4.910040 -9.794639 -0.005042 0.086677 -9.612969 0.013351 0.077470 -0.000716 -0.000013 -0.000092 -18.316235 -0.016234 -9.903704 -11.811122 0.005518 -0.162755 -11.425100 -0.023003 -0.113953 -0.000414 0.000011 0.000006 -21.130510 -0.023489 -15.494053 -13.292054 -0.033076 -0.381438 -13.275831 -0.081539 -0.298543 0.000052 0.000004 -0.000046 0.000000 0.000000 0.000000 0.000000 0.000000 0.000000 -3.918908 -10.179906 17.010719 -0.143491 -0.985543 6.264907 0.169170 -7.838717 15.597287 -1.162664 1.200106 -17.721439 0.000000 0.000000 0.000000 0.000000 0.000000 0.000000 0.000000 0.000000 0.000000 -0.030869 -3.950991 11.303000 0.101554 0.388633 12.383884 2.052446 0.711799 15.164510 0.180074 -0.550244 -20.356627 0.000000 0.000000 0.000000 0.000000 0.000000 0.000000 0.000000 0.000000 0.000000 
0.574222 88.323647 4.550392 0.486257 2.243099 -12.268585 0.622779 0.219488 7.887543 0.739861 -0.010584 2.027648 -1.378691 1.139713 6.336519 -1.204229 0.564287 5.103392 0.293257 0.173657 2.263617 0.025212 0.395539 -4.394502 -0.142794 -0.905892 -19.353247 0.000000 0.000000 0.000000 89.695496 -0.503714 9.603346 60.794411 -19.009064 1.229251 -0.563644 16.934622 74.509972 0.378238 14.939525 -1.307947 8.255647 -1.601217 40.960209 -0.000005 0.000017 -20.089920 0.000003 0.000054 -14.026908 0.000011 -0.000003 -0.000024 2.336213 0.089291 -1.347759 2.887591 -0.054664 0.197852 2.774897 -0.031502 0.157752 -0.000011 0.000028 -0.000020 2.239573 0.017293 -4.862864 2.628055 -0.035289 0.074387 2.619462 -0.017410 0.075193 0.000002 0.000048 0.000009 3.966118 -0.028462 -9.494430 3.166296 0.068727 -0.164033 3.234074 0.035453 -0.108134 -0.000003 -0.000034 -0.000004 5.511642 -0.036529 -14.835638 4.037045 0.150704 -0.382204 3.938952 0.058863 -0.330604 0.000028 0.000001 -0.000019 0.000000 0.000000 0.000000 0.000000 0.000000 0.000000 -86.394379 -0.072352 3.290950 -72.079567 8.710596 -13.808653 -0.221144 -15.048021 95.390923 -19.046225 -40.417042 5.554506 -9.888904 1.654768 40.229481 0.000017 0.000024 -24.420685 0.000047 -0.000010 -16.955442 0.000490 0.000013 0.000404 -12.769997 0.055318 -1.598213 -9.791018 0.014930 0.296383 -9.901454 0.043939 0.229910 0.000006 0.000125 0.000004 -13.482368 0.037100 -5.069399 -10.043037 -0.005304 0.086593 -9.866999 0.012990 0.077291 -0.000729 -0.000013 -0.000087 -18.776648 -0.015211 -9.941617 -12.087668 0.006625 -0.161662 -11.704201 -0.022296 -0.113384 -0.000379 0.000011 0.000006 -21.573687 -0.023014 -15.411600 -13.562778 -0.029278 -0.376548 -13.545960 -0.078535 -0.295840 0.000032 0.000004 -0.000047 0.000000 0.000000 0.000000 0.000000 0.000000 0.000000 -3.878874 -10.151965 16.989956 -0.142562 -0.983140 6.243222 0.149758 -7.839651 15.623850 -1.165998 1.197917 -17.722445 0.000000 0.000000 0.000000 0.000000 0.000000 0.000000 0.000000 0.000000 0.000000 0.019013 -3.907951 11.255191 0.102603 0.389933 12.389659 2.007412 0.720395 15.188033 0.180560 -0.552611 -20.341318 0.000000 0.000000 0.000000 0.000000 0.000000 0.000000 0.000000 0.000000 0.000000 
0.565683 88.322891 4.528525 0.484687 2.211475 -12.239017 0.633395 0.215149 7.881906 0.760955 -0.016658 2.001514 -1.357940 1.132602 6.363214 -1.203539 0.566282 5.123662 0.299204 0.240104 2.280176 0.045739 0.464360 -4.364341 -0.157101 -0.904236 -19.332674 0.000000 0.000000 0.000000 89.672638 -0.501935 9.605883 60.983006 -18.786333 1.142372 -0.562575 16.992626 74.461700 0.518846 15.394035 -1.354132 8.410414 -1.618436 40.890919 -0.000005 0.000018 -20.463648 0.000003 0.000054 -14.287591 0.000010 -0.000003 -0.000024 3.107709 0.088033 -1.604568 3.284876 -0.055689 0.183705 3.176813 -0.032053 0.144701 -0.000011 0.000028 -0.000020 2.994207 0.016293 -5.029515 3.017534 -0.035679 0.069468 3.011849 -0.017554 0.071398 0.000002 0.000045 0.000008 4.673154 -0.028091 -9.520928 3.542909 0.069551 -0.160179 3.608946 0.035820 -0.105011 -0.000004 -0.000033 -0.000004 6.100973 -0.038688 -14.735174 4.365342 0.153250 -0.376077 4.266336 0.061425 -0.325118 0.000038 0.000001 -0.000018 0.000000 0.000000 0.000000 0.000000 0.000000 0.000000 -86.401169 -0.051465 3.299590 -72.146133 8.670690 -13.910539 -0.198914 -15.050726 95.517387 -19.153240 -40.675808 5.573494 -9.976384 1.665117 40.188648 0.000017 0.000024 -24.635582 0.000047 -0.000010 -17.103237 0.000461 0.000013 0.000432 -13.246017 0.055800 -1.844215 -10.013544 0.014307 0.294055 -10.131183 0.043118 0.228180 0.000006 0.000108 0.000004 -13.918637 0.037063 -5.228701 -10.272555 -0.005656 0.085828 -10.102005 0.012574 0.076552 -0.000730 -0.000013 -0.000083 -19.189646 -0.014187 -9.982512 -12.347259 0.007942 -0.159901 -11.967193 -0.021463 -0.112283 -0.000340 0.000011 0.000006 -21.967339 -0.022456 -15.330138 -13.817671 -0.025022 -0.369975 -13.800939 -0.075293 -0.291811 0.000020 0.000004 -0.000047 0.000000 0.000000 0.000000 0.000000 0.000000 0.000000 -3.846730 -10.132509 16.964491 -0.141745 -0.980249 6.230903 0.131227 -7.852957 15.653119 -1.169852 1.195344 -17.724360 0.000000 0.000000 0.000000 0.000000 0.000000 0.000000 0.000000 0.000000 0.000000 0.062359 -3.876176 11.204920 0.103636 0.391471 12.394846 1.969939 0.711137 15.209601 0.180648 -0.555409 -20.321199 0.000000 0.000000 0.000000 0.000000 0.000000 0.000000 0.000000 0.000000 0.000000 
0.557064 88.321930 4.505868 0.482991 2.194997 -12.213655 0.640306 0.210520 7.881382 0.780997 -0.021850 1.975083 -1.339667 1.125972 6.395560 -1.203136 0.566402 5.144241 0.313130 0.300908 2.272049 0.068383 0.530759 -4.345725 -0.169562 -0.902631 -19.303581 0.000000 0.000000 0.000000 89.650505 -0.501486 9.614035 61.182156 -18.586840 1.072340 -0.559303 17.024851 74.294228 0.663844 15.809601 -1.420585 8.568937 -1.636261 40.819263 -0.000005 0.000018 -20.847527 0.000004 0.000054 -14.556133 0.000010 -0.000004 -0.000024 3.902930 0.086816 -1.888560 3.692200 -0.056909 0.169902 3.589478 -0.032803 0.132144 -0.000011 0.000028 -0.000020 3.771395 0.015449 -5.218785 3.416675 -0.036123 0.064766 3.414623 -0.017763 0.067708 0.000001 0.000043 0.000008 5.405411 -0.027838 -9.564455 3.934898 0.070435 -0.156438 4.000160 0.036220 -0.102027 -0.000004 -0.000036 -0.000004 6.726739 -0.040974 -14.645577 4.711982 0.155940 -0.369740 4.611697 0.064129 -0.319268 0.000050 0.000001 -0.000017 0.000000 0.000000 0.000000 0.000000 0.000000 0.000000 -86.403091 -0.033306 3.321902 -72.228256 8.665133 -13.987450 -0.176656 -15.047551 95.580711 -19.251253 -40.875568 5.578054 -10.053670 1.674081 40.153229 0.000016 0.000024 -24.821722 0.000046 -0.000010 -17.231997 0.000424 0.000013 0.000469 -13.670195 0.056687 -2.086316 -10.210486 0.013523 0.289575 -10.335397 0.042138 0.224414 0.000007 0.000093 0.000004 -14.304439 0.037231 -5.389412 -10.477968 -0.006093 0.084289 -10.312392 0.012118 0.075141 -0.000718 -0.000013 -0.000078 -19.553371 -0.013204 -10.033902 -12.585083 0.009407 -0.157452 -12.209394 -0.020528 -0.110594 -0.000307 0.000011 0.000007 -22.310942 -0.021748 -15.265407 -14.053477 -0.020404 -0.361964 -14.036928 -0.071985 -0.286487 0.000019 0.000004 -0.000047 0.000000 0.000000 0.000000 0.000000 0.000000 0.000000 -3.821274 -10.118743 16.938667 -0.141056 -0.976704 6.224427 0.114234 -7.874461 15.685445 -1.173888 1.192525 -17.726538 0.000000 0.000000 0.000000 0.000000 0.000000 0.000000 0.000000 0.000000 0.000000 0.098463 -3.856844 11.156908 0.104610 0.393236 12.397812 1.941221 0.687344 15.228944 0.180547 -0.558328 -20.297661 0.000000 0.000000 0.000000 0.000000 0.000000 0.000000 0.000000 0.000000 0.000000 
0.547971 88.321190 4.482814 0.480171 2.191896 -12.192637 0.644541 0.206139 7.884587 0.799419 -0.026127 1.950848 -1.324035 1.119996 6.426013 -1.204061 0.564653 5.161438 0.334203 0.349743 2.242078 0.091553 0.587766 -4.337946 -0.178103 -0.901553 -19.267010 0.000000 0.000000 0.000000 89.626839 -0.500965 9.628092 61.387020 -18.409464 1.011157 -0.553914 17.034811 74.050087 0.848311 16.182894 -1.497104 8.728295 -1.654099 40.746815 -0.000005 0.000019 -21.234308 0.000004 0.000054 -14.827271 0.000010 -0.000004 -0.000024 4.701244 0.085722 -2.190226 4.108263 -0.058102 0.156200 4.011310 -0.033541 0.119919 -0.000010 0.000029 -0.000021 4.553956 0.014754 -5.424668 3.823647 -0.036531 0.060087 3.825975 -0.017951 0.063991 0.000001 0.000041 0.000008 6.150672 -0.027644 -9.625525 4.340161 0.071190 -0.152497 4.405750 0.036505 -0.098945 -0.000004 -0.000045 -0.000004 7.381657 -0.042958 -14.575618 5.075441 0.158233 -0.361763 4.973262 0.066464 -0.311952 0.000065 0.000002 -0.000016 0.000000 0.000000 0.000000 0.000000 0.000000 0.000000 -86.394821 -0.018471 3.357069 -72.333412 8.673849 -14.046072 -0.156511 -15.051526 95.622795 -19.414371 -41.021656 5.609894 -10.116327 1.681213 40.125244 0.000016 0.000024 -24.968416 0.000044 -0.000010 -17.334623 0.000380 0.000013 0.000513 -14.018205 0.057912 -2.310916 -10.369066 0.012520 0.282499 -10.501418 0.040969 0.218151 0.000007 0.000079 0.000004 -14.618986 0.037536 -5.544348 -10.646556 -0.006636 0.081806 -10.485082 0.011618 0.072914 -0.000699 -0.000013 -0.000075 -19.854635 -0.012283 -10.096746 -12.788989 0.010969 -0.154160 -12.418442 -0.019498 -0.108187 -0.000289 0.000011 0.000007 -22.597126 -0.020814 -15.229354 -14.261386 -0.015567 -0.352385 -14.244333 -0.068718 -0.279690 0.000030 0.000004 -0.000048 0.000000 0.000000 0.000000 0.000000 0.000000 0.000000 -3.802027 -10.108459 16.915419 -0.140546 -0.972745 6.219804 0.100459 -7.898872 15.718385 -1.177795 1.190015 -17.727699 0.000000 0.000000 0.000000 0.000000 0.000000 0.000000 0.000000 0.000000 0.000000 0.125363 -3.852220 11.113184 0.105522 0.395284 12.395078 1.921359 0.652609 15.247445 0.180331 -0.561292 -20.273680 0.000000 0.000000 0.000000 0.000000 0.000000 0.000000 0.000000 0.000000 0.000000 
0.538677 88.320656 4.459663 0.476684 2.200157 -12.173973 0.647982 0.202248 7.889242 0.814478 -0.028869 1.928346 -1.310306 1.115499 6.452688 -1.206609 0.562241 5.174154 0.361951 0.379774 2.198723 0.113477 0.628209 -4.337265 -0.181095 -0.901197 -19.224182 0.000000 0.000000 0.000000 89.605934 -0.499362 9.648335 61.595688 -18.273788 0.947786 -0.548329 17.022890 73.751793 1.075051 16.522161 -1.575797 8.885309 -1.671462 40.675137 -0.000006 0.000020 -21.617027 0.000005 0.000053 -15.095516 0.000010 -0.000004 -0.000025 5.487319 0.084734 -2.491056 4.528318 -0.059215 0.142429 4.437576 -0.034232 0.107742 -0.000010 0.000029 -0.000021 5.326695 0.014137 -5.630675 4.233250 -0.036877 0.055272 4.240156 -0.018079 0.060121 0.000000 0.000038 0.000007 6.888972 -0.027473 -9.690388 4.750903 0.071803 -0.148155 4.817902 0.036627 -0.095564 -0.000005 -0.000055 -0.000004 8.039663 -0.044660 -14.514399 5.446760 0.160125 -0.351542 5.342684 0.068436 -0.302627 0.000080 0.000002 -0.000015 0.000000 0.000000 0.000000 0.000000 0.000000 0.000000 -86.374313 -0.007492 3.400024 -72.458290 8.693892 -14.090169 -0.138288 -15.067653 95.664474 -19.648207 -41.118832 5.675115 -10.162361 1.686335 40.105434 0.000015 0.000024 -25.072552 0.000042 -0.000010 -17.408850 0.000339 0.000012 0.000557 -14.277642 0.059347 -2.501869 -10.482078 0.011187 0.272765 -10.621774 0.039493 0.209480 0.000007 0.000064 0.000003 -14.852765 0.037902 -5.680046 -10.770399 -0.007323 0.078356 -10.611506 0.011045 0.069903 -0.000678 -0.000012 -0.000071 -20.087074 -0.011449 -10.159315 -12.949767 0.012699 -0.149839 -12.584598 -0.018330 -0.104979 -0.000281 0.000011 0.000007 -22.822649 -0.019773 -15.213025 -14.433234 -0.010408 -0.340407 -14.414579 -0.065291 -0.270971 0.000047 0.000004 -0.000048 0.000000 0.000000 0.000000 0.000000 0.000000 0.000000 -3.790107 -10.102861 16.895767 -0.140225 -0.968857 6.214859 0.091515 -7.921220 15.746459 -1.181488 1.188242 -17.726130 0.000000 0.000000 0.000000 0.000000 0.000000 0.000000 0.000000 0.000000 0.000000 0.141683 -3.860964 11.072418 0.106368 0.397528 12.386552 1.909368 0.613289 15.265434 0.180007 -0.564545 -20.252600 0.000000 0.000000 0.000000 0.000000 0.000000 0.000000 0.000000 0.000000 0.000000 
0.529108 88.320198 4.436574 0.472848 2.218947 -12.157033 0.652491 0.199193 7.893775 0.824534 -0.029260 1.907852 -1.297399 1.114118 6.475309 -1.210603 0.560561 5.182334 0.394376 0.388728 2.150108 0.133002 0.648760 -4.340139 -0.178461 -0.901666 -19.177795 0.000000 0.000000 0.000000 89.590660 -0.495919 9.676553 61.804707 -18.191545 0.874481 -0.543599 16.998867 73.425560 1.341770 16.837927 -1.651539 9.035847 -1.687778 40.606266 -0.000006 0.000020 -21.985563 0.000005 0.000053 -15.353610 0.000010 -0.000004 -0.000025 6.240806 0.083922 -2.780525 4.941838 -0.060092 0.128633 4.857505 -0.034745 0.095580 -0.000010 0.000029 -0.000021 6.069615 0.013587 -5.828841 4.635092 -0.037089 0.050271 4.646422 -0.018088 0.056086 -0.000000 0.000035 0.000007 7.600496 -0.027330 -9.754863 5.155441 0.072173 -0.143304 5.224648 0.036500 -0.091776 -0.000005 -0.000067 -0.000004 8.679282 -0.046174 -14.460895 5.814101 0.161330 -0.338634 5.708191 0.069786 -0.291041 0.000096 0.000002 -0.000015 0.000000 0.000000 0.000000 0.000000 0.000000 0.000000 -86.341957 -0.000197 3.447039 -72.594337 8.727977 -14.118747 -0.121151 -15.095440 95.718857 -19.933689 -41.163555 5.765096 -10.188251 1.689022 40.095291 0.000015 0.000024 -25.127201 0.000039 -0.000010 -17.449808 0.000307 0.000012 0.000592 -14.428154 0.060986 -2.645520 -10.536675 0.009641 0.260673 -10.683444 0.037808 0.198682 0.000007 0.000048 0.000003 -14.988383 0.038311 -5.785966 -10.835987 -0.008104 0.074063 -10.677940 0.010435 0.066224 -0.000657 -0.000012 -0.000068 -20.234547 -0.010740 -10.215015 -13.052239 0.014549 -0.144519 -12.692322 -0.017078 -0.101021 -0.000279 0.000011 0.000007 -22.974558 -0.018731 -15.213561 -14.554844 -0.005112 -0.325954 -14.533600 -0.061801 -0.260281 0.000064 0.000004 -0.000048 0.000000 0.000000 0.000000 0.000000 0.000000 0.000000 -3.785338 -10.102479 16.880461 -0.140044 -0.965332 6.208806 0.087826 -7.937497 15.767042 -1.184830 1.187329 -17.720909 0.000000 0.000000 0.000000 0.000000 0.000000 0.000000 0.000000 0.000000 0.000000 0.148484 -3.880363 11.033406 0.107183 0.399847 12.373904 1.904094 0.572471 15.284182 0.179612 -0.568126 -20.236347 0.000000 0.000000 0.000000 0.000000 0.000000 0.000000 0.000000 0.000000 0.000000 
0.518959 88.319733 4.413456 0.468823 2.247461 -12.141479 0.659101 0.197011 7.897258 0.828643 -0.027034 1.890291 -1.284146 1.116047 6.494042 -1.215783 0.560140 5.186640 0.428833 0.376972 2.101712 0.149386 0.648813 -4.344373 -0.170876 -0.903103 -19.130615 0.000000 0.000000 0.000000 89.582550 -0.490864 9.713261 62.008648 -18.164330 0.789368 -0.540359 16.969471 73.095451 1.640723 17.135450 -1.721314 9.175915 -1.702600 40.542149 -0.000006 0.000021 -22.329561 0.000005 0.000053 -15.594426 0.000010 -0.000004 -0.000025 6.942783 0.083362 -3.049839 5.334474 -0.060554 0.115106 5.256427 -0.034935 0.083677 -0.000010 0.000030 -0.000022 6.763256 0.013119 -6.013179 5.015442 -0.037101 0.045171 5.030811 -0.017933 0.051967 -0.000000 0.000033 0.000007 8.265652 -0.027240 -9.817147 5.539349 0.072193 -0.138010 5.611297 0.036061 -0.087623 -0.000005 -0.000082 -0.000004 9.280845 -0.047596 -14.416159 6.163649 0.161542 -0.323239 6.056073 0.070238 -0.277452 0.000112 0.000002 -0.000014 0.000000 0.000000 0.000000 0.000000 0.000000 0.000000 -86.300507 0.003634 3.495535 -72.730476 8.774623 -14.128611 -0.104334 -15.132071 95.792953 -20.245417 -41.147289 5.869442 -10.192176 1.689115 40.095539 0.000015 0.000024 -25.128839 0.000036 -0.000009 -17.454960 0.000285 0.000012 0.000612 -14.458854 0.062846 -2.734989 -10.524117 0.008078 0.246758 -10.677438 0.036089 0.186256 0.000007 0.000031 0.000003 -15.016187 0.038765 -5.857202 -10.834352 -0.008895 0.069138 -10.675457 0.009845 0.062050 -0.000636 -0.000012 -0.000065 -20.285223 -0.010182 -10.262183 -13.085779 0.016413 -0.138409 -12.730766 -0.015834 -0.096489 -0.000282 0.000011 0.000007 -23.041471 -0.017778 -15.231497 -14.615638 0.000014 -0.309528 -14.591138 -0.058467 -0.248001 0.000080 0.000004 -0.000049 0.000000 0.000000 0.000000 0.000000 0.000000 0.000000 -3.787184 -10.108522 16.869349 -0.139987 -0.962406 6.201509 0.089559 -7.946584 15.779837 -1.187771 1.187239 -17.712717 0.000000 0.000000 0.000000 0.000000 0.000000 0.000000 0.000000 0.000000 0.000000 0.147943 -3.906398 10.994786 0.107982 0.402216 12.359007 1.904313 0.529123 15.304838 0.179157 -0.572000 -20.225870 0.000000 0.000000 0.000000 0.000000 0.000000 0.000000 0.000000 0.000000 0.000000 
0.507823 88.319420 4.390133 0.464711 2.284243 -12.127045 0.668043 0.195600 7.899566 0.826849 -0.022418 1.876093 -1.269560 1.120544 6.508714 -1.221959 0.560849 5.186878 0.462699 0.346609 2.056846 0.162344 0.629612 -4.348491 -0.159257 -0.905688 -19.084881 0.000000 0.000000 0.000000 89.581779 -0.485073 9.757389 62.199730 -18.183624 0.696680 -0.538954 16.937895 72.782249 1.963969 17.411322 -1.783719 9.302404 -1.715655 40.484268 -0.000006 0.000022 -22.640699 0.000006 0.000053 -15.812398 0.000009 -0.000004 -0.000025 7.577715 0.083099 -3.293003 5.692978 -0.060515 0.102160 5.620664 -0.034731 0.072361 -0.000010 0.000030 -0.000022 7.391047 0.012740 -6.180242 5.361775 -0.036896 0.040114 5.380713 -0.017601 0.047877 -0.000000 0.000030 0.000007 8.866899 -0.027213 -9.877814 5.889630 0.071815 -0.132445 5.964581 0.035313 -0.083248 -0.000005 -0.000098 -0.000004 9.826766 -0.048969 -14.383546 6.482959 0.160651 -0.306010 6.374012 0.069691 -0.262457 0.000129 0.000002 -0.000014 0.000000 0.000000 0.000000 0.000000 0.000000 0.000000 -86.253410 0.004076 3.544510 -72.856613 8.827705 -14.116600 -0.087205 -15.175721 95.890762 -20.565666 -41.060211 5.980564 -10.173273 1.686624 40.106380 0.000014 0.000024 -25.075676 0.000033 -0.000009 -17.423012 0.000275 0.000011 0.000613 -14.363793 0.064898 -2.768092 -10.439111 0.006617 0.231454 -10.598316 0.034442 0.172603 0.000006 0.000013 0.000002 -14.930190 0.039263 -5.893239 -10.760457 -0.009648 0.063739 -10.599288 0.009306 0.057506 -0.000615 -0.000011 -0.000061 -20.229498 -0.009772 -10.303629 -13.044064 0.018216 -0.131706 -12.693467 -0.014655 -0.091542 -0.000293 0.000011 0.000007 -23.013037 -0.016919 -15.271887 -14.609026 0.004771 -0.291658 -14.581005 -0.055437 -0.234522 0.000091 0.000004 -0.000049 0.000000 0.000000 0.000000 0.000000 0.000000 0.000000 -3.794833 -10.121819 16.862143 -0.140055 -0.960222 6.192524 0.096258 -7.949763 15.786467 -1.190352 1.187868 -17.703253 0.000000 0.000000 0.000000 0.000000 0.000000 0.000000 0.000000 0.000000 0.000000 0.142059 -3.935919 10.955674 0.108738 0.404609 12.342803 1.909100 0.481327 15.328483 0.178588 -0.576014 -20.221197 0.000000 0.000000 0.000000 0.000000 0.000000 0.000000 0.000000 0.000000 0.000000 
0.495222 88.319786 4.366688 0.460385 2.326917 -12.113368 0.679293 0.194873 7.900403 0.820538 -0.016090 1.864326 -1.252617 1.126664 6.518416 -1.229180 0.562478 5.182125 0.494133 0.299887 2.018397 0.172174 0.593312 -4.350744 -0.144445 -0.909690 -19.042675 0.000000 0.000000 0.000000 89.587288 -0.479563 9.806805 62.368729 -18.233364 0.604692 -0.539579 16.904558 72.503639 2.309901 17.654594 -1.843426 9.412964 -1.726794 40.433643 -0.000006 0.000022 -22.912844 0.000006 0.000053 -16.003450 0.000009 -0.000004 -0.000026 8.132140 0.083143 -3.506836 6.007002 -0.060077 0.090103 5.939439 -0.034226 0.061992 -0.000010 0.000030 -0.000022 7.938671 0.012447 -6.329063 5.664444 -0.036538 0.035288 5.686594 -0.017142 0.043950 -0.000000 0.000028 0.000006 9.388258 -0.027224 -9.939786 6.196175 0.071106 -0.126898 6.274296 0.034345 -0.078898 -0.000005 -0.000116 -0.000004 10.300218 -0.050247 -14.369390 6.761954 0.158915 -0.288063 6.652113 0.068382 -0.247058 0.000145 0.000003 -0.000014 0.000000 0.000000 0.000000 0.000000 0.000000 0.000000 -86.203468 0.001296 3.594530 -72.966141 8.877017 -14.080595 -0.069365 -15.228086 96.019920 -20.891947 -40.885998 6.092787 -10.127488 1.681197 40.129574 0.000014 0.000024 -24.957754 0.000031 -0.000009 -17.347223 0.000274 0.000011 0.000598 -14.118919 0.067093 -2.738368 -10.268305 0.005120 0.214248 -10.432643 0.032725 0.157262 0.000006 -0.000006 0.000002 -14.706976 0.039794 -5.892300 -10.601812 -0.010420 0.057654 -10.437220 0.008769 0.052416 -0.000591 -0.000011 -0.000058 -20.042370 -0.009489 -10.345185 -12.914065 0.020029 -0.124162 -12.567236 -0.013487 -0.085990 -0.000312 0.000011 0.000007 -22.866131 -0.016012 -15.347673 -14.523604 0.009329 -0.271623 -14.492067 -0.052550 -0.219261 0.000097 0.000005 -0.000049 0.000000 0.000000 0.000000 0.000000 0.000000 0.000000 -3.806643 -10.141861 16.859255 -0.140256 -0.958810 6.180405 0.106746 -7.950169 15.789655 -1.192717 1.189091 -17.694670 0.000000 0.000000 0.000000 0.000000 0.000000 0.000000 0.000000 0.000000 0.000000 0.132296 -3.967885 10.916346 0.109387 0.406935 12.324834 1.917796 0.428766 15.356122 0.177808 -0.579866 -20.221579 0.000000 0.000000 0.000000 0.000000 0.000000 0.000000 0.000000 0.000000 0.000000 
0.480947 88.321472 4.343442 0.455934 2.372807 -12.099591 0.692754 0.194648 7.899125 0.811607 -0.008607 1.852640 -1.232148 1.134098 6.523735 -1.237777 0.565587 5.171286 0.522007 0.237778 1.990663 0.179445 0.542109 -4.348338 -0.126863 -0.915234 -19.006954 0.000000 0.000000 0.000000 89.598892 -0.475211 9.858157 62.508835 -18.293974 0.520815 -0.542365 16.867697 72.268166 2.682983 17.855381 -1.911792 9.506188 -1.735988 40.390751 -0.000006 0.000022 -23.142715 0.000006 0.000053 -16.165230 0.000009 -0.000004 -0.000026 8.597312 0.083544 -3.688622 6.269902 -0.059463 0.079205 6.205868 -0.033645 0.052893 -0.000010 0.000031 -0.000022 8.395947 0.012243 -6.458226 5.917394 -0.036146 0.030884 5.942576 -0.016641 0.040324 0.000000 0.000027 0.000006 9.814236 -0.027264 -10.004226 6.451619 0.070231 -0.121740 6.533366 0.033308 -0.074862 -0.000005 -0.000135 -0.000004 10.681403 -0.051500 -14.376811 6.992244 0.156922 -0.270900 6.882381 0.066839 -0.232493 0.000160 0.000003 -0.000014 0.000000 0.000000 0.000000 0.000000 0.000000 0.000000 -86.153404 -0.004926 3.644730 -73.053505 8.913424 -14.018678 -0.049815 -15.293973 96.182503 -21.231846 -40.611736 6.200612 -10.049492 1.672228 40.167400 0.000014 0.000024 -24.762526 0.000028 -0.000009 -17.219023 0.000282 0.000011 0.000571 -13.692098 0.069418 -2.633712 -9.998139 0.003307 0.194331 -10.166753 0.030658 0.139560 0.000005 -0.000027 0.000002 -14.315157 0.040372 -5.848538 -10.346023 -0.011322 0.050546 -10.176709 0.008137 0.046517 -0.000560 -0.000010 -0.000055 -19.689964 -0.009335 -10.389720 -12.682144 0.022033 -0.115281 -12.338257 -0.012197 -0.079468 -0.000340 0.000011 0.000007 -22.569069 -0.014883 -15.470002 -14.346973 0.014131 -0.247668 -14.312228 -0.049401 -0.200900 0.000097 0.000005 -0.000049 0.000000 0.000000 0.000000 0.000000 0.000000 0.000000 -3.820394 -10.167958 16.861471 -0.140606 -0.958182 6.162631 0.119030 -7.950591 15.791331 -1.195079 1.190813 -17.688698 0.000000 0.000000 0.000000 0.000000 0.000000 0.000000 0.000000 0.000000 0.000000 0.119806 -4.001438 10.877231 0.109829 0.408872 12.304349 1.930012 0.374588 15.388104 0.176740 -0.583086 -20.225811 0.000000 0.000000 0.000000 0.000000 0.000000 0.000000 0.000000 0.000000 0.000000 
0.465444 88.324646 4.320720 0.452739 2.420663 -12.085019 0.707469 0.194761 7.895637 0.801172 -0.000063 1.839277 -1.207951 1.143997 6.526626 -1.247479 0.571457 5.153843 0.544866 0.162911 1.980075 0.184199 0.479287 -4.337634 -0.106910 -0.921236 -18.981550 0.000000 0.000000 0.000000 89.616341 -0.472082 9.907924 62.619232 -18.351694 0.447863 -0.546398 16.828918 72.078476 3.085880 18.016319 -2.002241 9.580894 -1.743248 40.355949 -0.000006 0.000023 -23.327814 0.000006 0.000053 -16.295593 0.000009 -0.000003 -0.000026 8.967675 0.084386 -3.836611 6.476970 -0.058874 0.069813 6.415263 -0.033210 0.045368 -0.000010 0.000031 -0.000021 8.756615 0.012136 -6.566397 6.116319 -0.035829 0.027093 6.144334 -0.016177 0.037181 0.000001 0.000026 0.000006 10.135086 -0.027356 -10.070173 6.650147 0.069394 -0.117358 6.736056 0.032359 -0.071419 -0.000005 -0.000151 -0.000003 10.956911 -0.052902 -14.404538 7.166867 0.155335 -0.256056 7.058068 0.065596 -0.219949 0.000174 0.000003 -0.000014 0.000000 0.000000 0.000000 0.000000 0.000000 0.000000 -86.104355 -0.015286 3.691207 -73.112694 8.939281 -13.928020 -0.027131 -15.374686 96.366104 -21.581381 -40.241207 6.286822 -9.939357 1.659690 40.219524 0.000014 0.000023 -24.491026 0.000026 -0.000009 -17.038780 0.000301 0.000010 0.000543 -13.083289 0.071882 -2.453384 -9.633716 0.001092 0.172109 -9.805644 0.028164 0.119878 0.000005 -0.000047 0.000001 -13.754104 0.041020 -5.761020 -9.998376 -0.012383 0.042519 -9.822750 0.007372 0.039892 -0.000518 -0.000010 -0.000052 -19.167868 -0.009329 -10.435113 -12.352102 0.024330 -0.104982 -12.009989 -0.010723 -0.071945 -0.000372 0.000011 0.000007 -22.117281 -0.013486 -15.635620 -14.080610 0.019432 -0.218968 -14.043464 -0.045735 -0.178895 0.000090 0.000005 -0.000049 0.000000 0.000000 0.000000 0.000000 0.000000 0.000000 -3.833812 -10.198660 16.867025 -0.141072 -0.958255 6.139282 0.129833 -7.951482 15.791925 -1.197413 1.192694 -17.686205 0.000000 0.000000 0.000000 0.000000 0.000000 0.000000 0.000000 0.000000 0.000000 0.106316 -4.033458 10.838561 0.109965 0.409919 12.280152 1.944397 0.324483 15.425040 0.175481 -0.585221 -20.232422 0.000000 0.000000 0.000000 0.000000 0.000000 0.000000 0.000000 0.000000 0.000000 
0.449301 88.329315 4.298904 0.451427 2.471205 -12.071043 0.722760 0.195345 7.889817 0.788945 0.009689 1.825252 -1.179167 1.157573 6.526733 -1.257656 0.580809 5.129894 0.559663 0.078807 1.990973 0.186231 0.407450 -4.316458 -0.084800 -0.925761 -18.968342 0.000000 0.000000 0.000000 89.638046 -0.469515 9.955711 62.695389 -18.388506 0.394698 -0.550211 16.795126 71.934761 3.524901 18.148991 -2.123717 9.634359 -1.748174 40.330658 -0.000007 0.000023 -23.461412 0.000005 0.000053 -16.389585 0.000009 -0.000003 -0.000025 9.228353 0.085719 -3.946027 6.621615 -0.058448 0.062388 6.561350 -0.033096 0.039744 -0.000010 0.000031 -0.000021 9.007101 0.012156 -6.650722 6.254559 -0.035658 0.024125 6.285409 -0.015813 0.034722 0.000001 0.000026 0.000006 10.338329 -0.027508 -10.138439 6.785290 0.068741 -0.114160 6.875697 0.031614 -0.068873 -0.000005 -0.000165 -0.000003 11.115419 -0.054529 -14.456117 7.279159 0.154648 -0.244945 7.172405 0.065062 -0.210613 0.000186 0.000003 -0.000014 0.000000 0.000000 0.000000 0.000000 0.000000 0.000000 -86.054413 -0.030117 3.732394 -73.139801 8.952563 -13.800597 -0.001269 -15.473385 96.564270 -21.939278 -39.766369 6.334430 -9.788504 1.642374 40.290062 0.000015 0.000023 -24.121784 0.000025 -0.000009 -16.791582 0.000332 0.000010 0.000514 -12.243592 0.074467 -2.187676 -9.150978 -0.001751 0.146269 -9.325314 0.025045 0.097016 0.000004 -0.000064 0.000001 -12.980657 0.041737 -5.624612 -9.534573 -0.013692 0.033078 -9.350739 0.006396 0.032105 -0.000463 -0.000010 -0.000049 -18.438873 -0.009468 -10.482196 -11.900160 0.027090 -0.092373 -11.558140 -0.008951 -0.062827 -0.000405 0.000011 0.000007 -21.481871 -0.011690 -15.851866 -13.704256 0.025654 -0.182839 -13.665537 -0.041173 -0.151217 0.000076 0.000005 -0.000049 0.000000 0.000000 0.000000 0.000000 0.000000 0.000000 -3.844563 -10.232717 16.874445 -0.141527 -0.958611 6.113166 0.136748 -7.954220 15.792027 -1.199534 1.194123 -17.687391 0.000000 0.000000 0.000000 0.000000 0.000000 0.000000 0.000000 0.000000 0.000000 0.093362 -4.061632 10.803102 0.109788 0.409826 12.249383 1.960917 0.281633 15.468486 0.174275 -0.585832 -20.240299 0.000000 0.000000 0.000000 0.000000 0.000000 0.000000 0.000000 0.000000 0.000000 
0.433181 88.335121 4.278066 0.451577 2.525717 -12.059750 0.737823 0.196485 7.881784 0.774581 0.020647 1.813369 -1.146489 1.175367 6.523132 -1.266743 0.593478 5.100374 0.563005 -0.010654 2.025429 0.184593 0.328757 -4.284998 -0.060867 -0.926696 -18.968161 0.000000 0.000000 0.000000 89.661049 -0.466299 10.002167 62.737469 -18.389719 0.369442 -0.552283 16.768959 71.830276 4.003796 18.275997 -2.273835 9.663565 -1.750313 40.316601 -0.000007 0.000023 -23.535749 0.000005 0.000053 -16.441685 0.000008 -0.000003 -0.000025 9.366114 0.087505 -4.009746 6.696795 -0.058237 0.057374 6.637679 -0.033402 0.036261 -0.000010 0.000031 -0.000021 9.136279 0.012324 -6.705095 6.324635 -0.035652 0.022154 6.358429 -0.015583 0.033108 0.000002 0.000026 0.000006 10.415426 -0.027713 -10.204826 6.850389 0.068383 -0.112442 6.945338 0.031138 -0.067449 -0.000005 -0.000173 -0.000002 11.150905 -0.056373 -14.528348 7.322950 0.155188 -0.238579 7.218957 0.065495 -0.205258 0.000198 0.000004 -0.000014 0.000000 0.000000 0.000000 0.000000 0.000000 0.000000 -86.001305 -0.049070 3.768074 -73.134666 8.947529 -13.629597 0.027237 -15.587754 96.764641 -22.292284 -39.183319 6.326970 -9.590321 1.619299 40.382259 0.000015 0.000023 -23.637671 0.000024 -0.000010 -16.465160 0.000372 0.000010 0.000486 -11.138376 0.077111 -1.830232 -8.534896 -0.005282 0.116135 -8.710649 0.021292 0.070352 0.000003 -0.000078 0.000001 -11.964650 0.042485 -5.434093 -8.938364 -0.015255 0.022000 -8.744038 0.005196 0.022923 -0.000391 -0.000009 -0.000046 -17.477587 -0.009711 -10.526634 -11.309738 0.030373 -0.076879 -10.965856 -0.006849 -0.051780 -0.000435 0.000011 0.000007 -20.641659 -0.009403 -16.116495 -13.202694 0.033002 -0.137614 -13.162749 -0.035542 -0.116658 0.000056 0.000004 -0.000048 0.000000 0.000000 0.000000 0.000000 0.000000 0.000000 -3.851522 -10.268880 16.882542 -0.141823 -0.958654 6.087247 0.139567 -7.959865 15.793707 -1.201140 1.194277 -17.692633 0.000000 0.000000 0.000000 0.000000 0.000000 0.000000 0.000000 0.000000 0.000000 0.082163 -4.083679 10.773221 0.109368 0.408736 12.211081 1.979766 0.245310 15.519126 0.173336 -0.584892 -20.249216 0.000000 0.000000 0.000000 0.000000 0.000000 0.000000 0.000000 0.000000 0.000000 
0.418016 88.341057 4.258447 0.454096 2.584807 -12.052775 0.750389 0.198251 7.873170 0.758718 0.032149 1.803813 -1.113230 1.195575 6.518257 -1.272518 0.607726 5.067106 0.553836 -0.100218 2.084564 0.178928 0.247170 -4.244857 -0.036013 -0.923177 -18.982285 0.000000 0.000000 0.000000 89.683243 -0.460732 10.046222 62.755871 -18.356474 0.374750 -0.552259 16.748579 71.757408 4.508446 18.419603 -2.435835 9.668718 -1.749757 40.313801 -0.000007 0.000022 -23.550539 0.000005 0.000053 -16.451874 0.000008 -0.000003 -0.000025 9.385630 0.089534 -4.027089 6.703563 -0.058143 0.054456 6.645905 -0.034014 0.034466 -0.000010 0.000031 -0.000021 9.150447 0.012602 -6.726679 6.327391 -0.035739 0.021011 6.364122 -0.015458 0.032214 0.000003 0.000027 0.000006 10.377090 -0.027888 -10.261660 6.847274 0.068318 -0.111941 6.946386 0.030922 -0.066928 -0.000004 -0.000172 -0.000002 11.076128 -0.058264 -14.609119 7.300792 0.156928 -0.236269 7.200000 0.066819 -0.203152 0.000206 0.000004 -0.000014 0.000000 0.000000 0.000000 0.000000 0.000000 0.000000 -85.946350 -0.071669 3.799174 -73.101440 8.923366 -13.415429 0.057645 -15.707911 96.944557 -22.622799 -38.509293 6.256604 -9.352221 1.591279 40.492714 0.000015 0.000022 -23.056213 0.000023 -0.000010 -16.070774 0.000416 0.000010 0.000461 -9.813786 0.079621 -1.398513 -7.818893 -0.009178 0.083770 -7.994903 0.017266 0.041708 0.000002 -0.000089 0.000001 -10.747764 0.043160 -5.195738 -8.241061 -0.016907 0.010058 -8.034163 0.003895 0.012941 -0.000306 -0.000009 -0.000044 -16.321255 -0.009961 -10.560077 -10.609430 0.033966 -0.059338 -10.261977 -0.004567 -0.039459 -0.000462 0.000011 0.000006 -19.625975 -0.006677 -16.407513 -12.597797 0.041113 -0.085507 -12.556476 -0.029167 -0.077005 0.000036 0.000004 -0.000048 0.000000 0.000000 0.000000 0.000000 0.000000 0.000000 -3.856932 -10.305529 16.889893 -0.141968 -0.958141 6.064708 0.140237 -7.967237 15.795886 -1.202323 1.192844 -17.700840 0.000000 0.000000 0.000000 0.000000 0.000000 0.000000 0.000000 0.000000 0.000000 0.071925 -4.096239 10.750346 0.108778 0.407147 12.166521 1.999666 0.211619 15.573949 0.172771 -0.583233 -20.257786 0.000000 0.000000 0.000000 0.000000 0.000000 0.000000 0.000000 0.000000 0.000000 
0.405267 88.346046 4.240618 0.462159 2.648320 -12.050010 0.756664 0.200621 7.866821 0.742336 0.043025 1.793112 -1.084723 1.213686 6.517097 -1.273251 0.620174 5.032273 0.533251 -0.182662 2.164541 0.170182 0.169655 -4.199597 -0.011642 -0.915915 -19.010660 0.000000 0.000000 0.000000 89.704376 -0.452092 10.084482 62.763847 -18.314880 0.406836 -0.551149 16.733688 71.701500 5.006431 18.573637 -2.594929 9.654737 -1.747257 40.319965 -0.000007 0.000022 -23.517286 0.000005 0.000053 -16.428352 0.000008 -0.000003 -0.000024 9.312896 0.091426 -4.006453 6.654140 -0.057704 0.051985 6.598646 -0.034393 0.032733 -0.000010 0.000031 -0.000020 9.075508 0.012882 -6.718853 6.274923 -0.035693 0.020002 6.314427 -0.015282 0.031466 0.000003 0.000029 0.000006 10.254398 -0.027911 -10.302041 6.788332 0.068233 -0.111603 6.890843 0.030763 -0.066491 -0.000004 -0.000157 -0.000002 10.922621 -0.059925 -14.683228 7.224852 0.158946 -0.234996 7.127706 0.068236 -0.201709 0.000207 0.000004 -0.000013 0.000000 0.000000 0.000000 0.000000 0.000000 0.000000 -85.891777 -0.097999 3.825863 -73.048927 8.898160 -13.167303 0.088447 -15.821197 97.078522 -22.910824 -37.771027 6.121463 -9.094723 1.560652 40.612011 0.000015 0.000022 -22.426836 0.000023 -0.000010 -15.641810 0.000464 0.000009 0.000439 -8.386299 0.081741 -0.934968 -7.075373 -0.012776 0.053132 -7.250613 0.013636 0.014645 0.000002 -0.000097 0.000000 -9.435462 0.043664 -4.930610 -7.513151 -0.018354 -0.001289 -7.292632 0.002716 0.003347 -0.000219 -0.000009 -0.000041 -15.067883 -0.010110 -10.576228 -9.868208 0.037400 -0.041745 -9.515688 -0.002420 -0.027293 -0.000486 0.000011 0.000006 -18.518333 -0.003715 -16.691561 -11.946918 0.048961 -0.032096 -11.903865 -0.022891 -0.036693 0.000021 0.000004 -0.000048 0.000000 0.000000 0.000000 0.000000 0.000000 0.000000 -3.866498 -10.341333 16.894619 -0.142089 -0.957168 6.048623 0.141225 -7.973797 15.794127 -1.203618 1.190131 -17.709152 0.000000 0.000000 0.000000 0.000000 0.000000 0.000000 0.000000 0.000000 0.000000 0.059227 -4.096531 10.734018 0.108060 0.405623 12.119051 2.018670 0.175179 15.627759 0.172527 -0.582057 -20.263435 0.000000 0.000000 0.000000 0.000000 0.000000 0.000000 0.000000 0.000000 0.000000 
0.394964 88.350037 4.225291 0.476015 2.714733 -12.055398 0.756151 0.203764 7.863110 0.724368 0.053232 1.781801 -1.061204 1.227523 6.522646 -1.269458 0.629152 5.001430 0.501493 -0.256401 2.264614 0.159621 0.097164 -4.149926 0.012108 -0.906312 -19.053177 0.000000 0.000000 0.000000 89.724106 -0.441031 10.116966 62.756115 -18.266405 0.473583 -0.550765 16.721560 71.656334 5.489337 18.729681 -2.742281 9.618393 -1.743052 40.335632 -0.000007 0.000022 -23.430132 0.000004 0.000053 -16.366728 0.000008 -0.000003 -0.000024 9.138494 0.092999 -3.940544 6.541067 -0.057303 0.050081 6.488965 -0.034836 0.031136 -0.000010 0.000031 -0.000020 8.901796 0.013150 -6.677805 6.160198 -0.035614 0.019190 6.202572 -0.015154 0.030872 0.000004 0.000031 0.000006 10.040199 -0.027709 -10.324824 6.668655 0.068296 -0.111294 6.774037 0.030763 -0.066056 -0.000003 -0.000128 -0.000001 10.685069 -0.061038 -14.752044 7.092653 0.161628 -0.233956 6.999823 0.070163 -0.200366 0.000201 0.000005 -0.000013 0.000000 0.000000 0.000000 0.000000 0.000000 0.000000 -85.839096 -0.128471 3.851901 -72.977806 8.869742 -12.886217 0.118647 -15.925420 97.140266 -23.194473 -36.980419 5.947464 -8.811734 1.527035 40.742390 0.000015 0.000021 -21.735287 0.000023 -0.000011 -15.168003 0.000518 0.000010 0.000409 -6.832977 0.083325 -0.425824 -6.303775 -0.016467 0.022949 -6.477514 0.009963 -0.011769 0.000001 -0.000106 0.000000 -8.003465 0.043940 -4.629716 -6.753917 -0.019729 -0.012508 -6.519293 0.001553 -0.006194 -0.000133 -0.000009 -0.000039 -13.693839 -0.010181 -10.569876 -9.084785 0.040811 -0.023719 -8.725946 -0.000270 -0.014913 -0.000508 0.000011 0.000006 -17.294378 -0.000556 -16.967802 -11.247890 0.057065 0.023587 -11.202922 -0.016246 0.005069 0.000015 0.000004 -0.000047 0.000000 0.000000 0.000000 0.000000 0.000000 0.000000 -3.883119 -10.378291 16.902937 -0.142200 -0.955760 6.039112 0.143103 -7.978400 15.782768 -1.205198 1.186582 -17.714033 0.000000 0.000000 0.000000 0.000000 0.000000 0.000000 0.000000 0.000000 0.000000 0.041676 -4.086814 10.730999 0.107251 0.404572 12.066129 2.038270 0.134184 15.677146 0.173093 -0.581981 -20.264814 0.000000 0.000000 0.000000 0.000000 0.000000 0.000000 0.000000 0.000000 0.000000 
0.387300 88.352493 4.212678 0.494795 2.781921 -12.068339 0.750295 0.207140 7.863027 0.702791 0.062531 1.769235 -1.042236 1.233317 6.533438 -1.262086 0.632965 4.978413 0.460046 -0.317977 2.381346 0.147704 0.033491 -4.097938 0.034437 -0.895445 -19.107847 0.000000 0.000000 0.000000 89.739792 -0.429231 10.140294 62.727669 -18.236607 0.570991 -0.551113 16.717510 71.616905 5.961078 18.866720 -2.882011 9.560312 -1.737189 40.360489 -0.000007 0.000021 -23.291018 0.000004 0.000054 -16.268251 0.000008 -0.000003 -0.000023 8.865399 0.094291 -3.824154 6.364175 -0.056607 0.048588 6.316389 -0.034961 0.029523 -0.000010 0.000031 -0.000019 8.630227 0.013472 -6.600446 5.982488 -0.035359 0.018467 6.028144 -0.014960 0.030330 0.000004 0.000033 0.000006 9.739511 -0.027313 -10.327630 6.487313 0.068191 -0.110645 6.595153 0.030713 -0.065383 -0.000003 -0.000092 -0.000001 10.373419 -0.061201 -14.814722 6.905085 0.163927 -0.231540 6.817111 0.071762 -0.198013 0.000187 0.000005 -0.000013 0.000000 0.000000 0.000000 0.000000 0.000000 0.000000 -85.788177 -0.162925 3.875838 -72.891815 8.858130 -12.585349 0.146381 -16.014803 97.118584 -23.469646 -36.157063 5.743416 -8.510702 1.491095 40.880898 0.000016 0.000021 -20.997488 0.000024 -0.000011 -14.660555 0.000579 0.000010 0.000369 -5.191997 0.084372 0.118968 -5.537865 -0.019791 -0.004780 -5.709748 0.006681 -0.035848 -0.000000 -0.000118 -0.000000 -6.484457 0.044005 -4.297517 -5.995920 -0.020863 -0.022872 -5.747532 0.000548 -0.015060 -0.000058 -0.000009 -0.000037 -12.231030 -0.010207 -10.537954 -8.290658 0.043851 -0.006502 -7.924518 0.001661 -0.003156 -0.000530 0.000011 0.000006 -15.983070 0.002705 -17.225073 -10.526423 0.064563 0.077567 -10.479733 -0.009967 0.045184 0.000021 0.000004 -0.000047 0.000000 0.000000 0.000000 0.000000 0.000000 0.000000 -3.907175 -10.413894 16.914209 -0.142187 -0.953642 6.035884 0.145509 -7.977455 15.761794 -1.206625 1.182436 -17.713717 0.000000 0.000000 0.000000 0.000000 0.000000 0.000000 0.000000 0.000000 0.000000 0.018735 -4.070353 10.741780 0.106457 0.404341 12.009753 2.058018 0.087146 15.719488 0.174408 -0.583487 -20.263105 0.000000 0.000000 0.000000 0.000000 0.000000 0.000000 0.000000 0.000000 0.000000 
0.382321 88.353386 4.203025 0.517451 2.847977 -12.088500 0.740677 0.210291 7.866577 0.676821 0.070432 1.755298 -1.028479 1.229644 6.546467 -1.253231 0.630524 4.966346 0.410589 -0.365188 2.510137 0.134997 -0.018606 -4.045609 0.054785 -0.884111 -19.170279 0.000000 0.000000 0.000000 89.746277 -0.418297 10.154569 62.677315 -18.236149 0.696018 -0.552744 16.722916 71.574013 6.416945 18.974243 -3.024836 9.474622 -1.729095 40.397106 -0.000007 0.000020 -23.086222 0.000004 0.000054 -16.123426 0.000008 -0.000002 -0.000023 8.467395 0.095347 -3.644691 6.107053 -0.055612 0.048750 6.064597 -0.034738 0.029068 -0.000010 0.000030 -0.000019 8.234223 0.013900 -6.481144 5.725913 -0.034943 0.018285 5.775167 -0.014703 0.030198 0.000004 0.000035 0.000006 9.328055 -0.026766 -10.311509 6.228492 0.067817 -0.110103 6.338392 0.030561 -0.064858 -0.000003 -0.000053 -0.000001 9.972279 -0.060026 -14.880917 6.650061 0.165367 -0.228256 6.567236 0.072694 -0.195295 0.000166 0.000005 -0.000012 0.000000 0.000000 0.000000 0.000000 0.000000 0.000000 -85.736389 -0.200773 3.899708 -72.799370 8.867715 -12.275503 0.169790 -16.082512 97.011208 -23.721302 -35.345474 5.520102 -8.193503 1.453004 41.026756 0.000016 0.000021 -20.216784 0.000026 -0.000012 -14.122044 0.000649 0.000010 0.000318 -3.473351 0.084967 0.700614 -4.795703 -0.022616 -0.029902 -4.965789 0.003911 -0.057517 -0.000001 -0.000136 -0.000000 -4.885575 0.043896 -3.932355 -5.256563 -0.021717 -0.032323 -4.995608 -0.000265 -0.023185 0.000001 -0.000009 -0.000034 -10.685079 -0.010193 -10.476715 -7.501479 0.046389 0.009491 -7.127400 0.003311 0.007734 -0.000557 0.000011 0.000006 -14.590364 0.006158 -17.457783 -9.794686 0.071060 0.128032 -9.746607 -0.004386 0.082414 0.000038 0.000004 -0.000047 0.000000 0.000000 0.000000 0.000000 0.000000 0.000000 -3.938686 -10.447809 16.929691 -0.141980 -0.950761 6.035692 0.147887 -7.969495 15.733786 -1.207766 1.178002 -17.706675 0.000000 0.000000 0.000000 0.000000 0.000000 0.000000 0.000000 0.000000 0.000000 -0.009988 -4.051337 10.764430 0.105758 0.405153 11.953754 2.078208 0.034111 15.753125 0.176106 -0.586624 -20.259731 0.000000 0.000000 0.000000 0.000000 0.000000 0.000000 0.000000 0.000000 0.000000 
0.379980 88.352699 4.196379 0.542721 2.911086 -12.115124 0.728738 0.212451 7.873034 0.647292 0.076086 1.738852 -1.020761 1.216363 6.559811 -1.245573 0.621291 4.966166 0.358420 -0.397017 2.643155 0.122119 -0.056672 -3.996252 0.072582 -0.872378 -19.234539 0.000000 0.000000 0.000000 89.739937 -0.410211 10.161537 62.599098 -18.280136 0.844560 -0.556320 16.737974 71.528717 6.835303 19.043152 -3.191713 9.352085 -1.717625 40.449913 -0.000007 0.000020 -22.793190 0.000004 0.000055 -15.916671 0.000008 -0.000002 -0.000022 7.902942 0.096224 -3.389930 5.746200 -0.054412 0.052526 5.710266 -0.034231 0.031658 -0.000011 0.000030 -0.000019 7.672312 0.014493 -6.315570 5.368311 -0.034439 0.019392 5.421172 -0.014420 0.031101 0.000004 0.000038 0.000006 8.764747 -0.026121 -10.281878 5.870162 0.067151 -0.110693 5.981642 0.030315 -0.065308 -0.000002 -0.000016 -0.000001 9.450906 -0.057305 -14.968038 6.309431 0.165712 -0.226500 6.231795 0.072835 -0.194339 0.000144 0.000006 -0.000012 0.000000 0.000000 0.000000 0.000000 0.000000 0.000000 -85.681160 -0.240404 3.925383 -72.711761 8.895514 -11.966328 0.187113 -16.121256 96.826691 -23.894547 -34.608593 5.272326 -7.860302 1.412646 41.179909 0.000016 0.000021 -19.393120 0.000028 -0.000012 -13.552991 0.000726 0.000010 0.000265 -1.678181 0.085239 1.320002 -4.088251 -0.024848 -0.052586 -4.256611 0.001754 -0.077103 -0.000002 -0.000157 -0.000001 -3.206661 0.043649 -3.532877 -4.546208 -0.022279 -0.040954 -4.274665 -0.000879 -0.030625 0.000040 -0.000009 -0.000032 -9.052159 -0.010134 -10.384414 -6.724637 0.048382 0.024181 -6.342325 0.004660 0.017748 -0.000593 0.000010 0.000006 -13.113605 0.009869 -17.662611 -9.057453 0.076317 0.174268 -9.008338 0.000280 0.116544 0.000066 0.000004 -0.000047 0.000000 0.000000 0.000000 0.000000 0.000000 0.000000 -3.976271 -10.479486 16.950710 -0.141522 -0.947201 6.034022 0.149694 -7.956010 15.703012 -1.208595 1.173690 -17.692867 0.000000 0.000000 0.000000 0.000000 0.000000 0.000000 0.000000 0.000000 0.000000 -0.043592 -4.033844 10.796657 0.105224 0.407174 11.900976 2.098812 -0.025200 15.777485 0.177377 -0.591208 -20.255993 0.000000 0.000000 0.000000 0.000000 0.000000 0.000000 0.000000 0.000000 0.000000 
0.379758 88.350410 4.192658 0.568689 2.969323 -12.147501 0.715918 0.212904 7.881429 0.617237 0.078807 1.718967 -1.019931 1.194975 6.573347 -1.240773 0.605638 4.976154 0.310385 -0.414450 2.769703 0.109426 -0.080630 -3.955147 0.087236 -0.860209 -19.294783 0.000000 0.000000 0.000000 89.720093 -0.406283 10.163921 62.484875 -18.381536 1.007528 -0.562367 16.762047 71.505394 7.179655 19.060492 -3.398820 9.182589 -1.701258 40.523983 -0.000007 0.000019 -22.386610 0.000004 0.000055 -15.630610 0.000008 -0.000002 -0.000021 7.124066 0.097010 -3.054273 5.259798 -0.053223 0.062137 5.231177 -0.033607 0.039464 -0.000011 0.000030 -0.000018 6.896702 0.015290 -6.104213 4.889525 -0.033960 0.022660 4.945619 -0.014177 0.033771 0.000004 0.000041 0.000006 8.002114 -0.025405 -10.249015 5.392702 0.066266 -0.113668 5.505199 0.030037 -0.067730 -0.000002 0.000015 -0.000001 8.771737 -0.053004 -15.096684 5.867234 0.165014 -0.229575 5.794499 0.072253 -0.197909 0.000125 0.000006 -0.000012 0.000000 0.000000 0.000000 0.000000 0.000000 0.000000 -85.622192 -0.279600 3.953062 -72.635544 8.928647 -11.669569 0.197962 -16.126270 96.588478 -23.936211 -34.017006 5.002903 -7.513509 1.370106 41.339191 0.000016 0.000020 -18.533344 0.000030 -0.000013 -12.958515 0.000805 0.000011 0.000220 0.178640 0.085271 1.969245 -3.426762 -0.026397 -0.072705 -3.593169 0.000326 -0.094719 -0.000003 -0.000179 -0.000001 -1.461274 0.043282 -3.104536 -3.876079 -0.022551 -0.048747 -3.596637 -0.001285 -0.037345 0.000060 -0.000009 -0.000029 -7.340770 -0.010021 -10.264560 -5.969229 0.049810 0.037482 -5.578942 0.005684 0.026902 -0.000634 0.000010 0.000006 -11.560218 0.013838 -17.839178 -8.322300 0.080186 0.215856 -8.272847 0.003858 0.147743 0.000099 0.000005 -0.000047 0.000000 0.000000 0.000000 0.000000 0.000000 0.000000 -4.016098 -10.507307 16.978086 -0.140817 -0.943294 6.027798 0.150222 -7.939327 15.672149 -1.208990 1.170102 -17.673527 0.000000 0.000000 0.000000 0.000000 0.000000 0.000000 0.000000 0.000000 0.000000 -0.078754 -4.020280 10.838296 0.104936 0.410522 11.850619 2.119129 -0.090483 15.793425 0.177652 -0.596903 -20.253092 0.000000 0.000000 0.000000 0.000000 0.000000 0.000000 0.000000 0.000000 0.000000 
0.381138 88.346443 4.191438 0.594708 3.020784 -12.182674 0.701948 0.211306 7.889827 0.590672 0.077857 1.694564 -1.027689 1.166293 6.589007 -1.237756 0.583519 4.993473 0.269355 -0.416930 2.881906 0.097160 -0.088833 -3.925864 0.097346 -0.847870 -19.347296 0.000000 0.000000 0.000000 89.689835 -0.407688 10.160891 62.335705 -18.545080 1.173101 -0.572266 16.789425 71.528603 7.416018 19.012756 -3.647442 8.965055 -1.679295 40.620365 -0.000007 0.000018 -21.862471 0.000005 0.000056 -15.262907 0.000008 -0.000002 -0.000020 6.121339 0.097640 -2.646243 4.652224 -0.051981 0.077865 4.631604 -0.032798 0.052868 -0.000011 0.000030 -0.000018 5.897688 0.016236 -5.855011 4.294850 -0.033505 0.028196 4.353687 -0.013943 0.038312 0.000004 0.000044 0.000006 7.026971 -0.024627 -10.222413 4.800601 0.065107 -0.119369 4.913774 0.029688 -0.072379 -0.000002 0.000038 -0.000001 7.922692 -0.047272 -15.277353 5.326646 0.163113 -0.238991 5.258650 0.070817 -0.207086 0.000112 0.000006 -0.000012 0.000000 0.000000 0.000000 0.000000 0.000000 0.000000 -85.560760 -0.316002 3.981137 -72.576775 8.958000 -11.397545 0.202000 -16.097569 96.321014 -23.818800 -33.618073 4.721471 -7.161318 1.326008 41.501030 0.000017 0.000020 -17.658182 0.000032 -0.000014 -12.353217 0.000883 0.000011 0.000190 2.052587 0.085079 2.628812 -2.831237 -0.027078 -0.089263 -2.995098 -0.000171 -0.109558 -0.000003 -0.000200 -0.000001 0.308632 0.042798 -2.660643 -3.267267 -0.022488 -0.055306 -2.982675 -0.001440 -0.043006 0.000065 -0.000009 -0.000025 -5.588651 -0.009825 -10.124102 -5.256721 0.050579 0.048817 -4.858997 0.006289 0.034820 -0.000674 0.000010 0.000006 -9.963356 0.018010 -17.986938 -7.609581 0.082271 0.251103 -7.560287 0.006014 0.175048 0.000136 0.000005 -0.000047 0.000000 0.000000 0.000000 0.000000 0.000000 0.000000 -4.055853 -10.530373 17.010246 -0.139960 -0.939352 6.016006 0.149975 -7.921593 15.642377 -1.209007 1.167592 -17.650919 0.000000 0.000000 0.000000 0.000000 0.000000 0.000000 0.000000 0.000000 0.000000 -0.112854 -4.011082 10.885731 0.104897 0.415229 11.802806 2.137628 -0.161148 15.802723 0.176606 -0.603470 -20.252666 0.000000 0.000000 0.000000 0.000000 0.000000 0.000000 0.000000 0.000000 0.000000 
0.383261 88.340942 4.192458 0.619921 3.063443 -12.218618 0.686704 0.207638 7.896254 0.570280 0.073230 1.666163 -1.043573 1.131010 6.608561 -1.233817 0.555508 5.016107 0.236365 -0.404402 2.975935 0.085875 -0.080564 -3.909474 0.101568 -0.836016 -19.390301 0.000000 0.000000 0.000000 89.653915 -0.414857 10.150476 62.157909 -18.762840 1.331224 -0.586991 16.814085 71.625832 7.524595 18.883497 -3.922880 8.704911 -1.651793 40.736958 -0.000006 0.000017 -21.232756 0.000005 0.000056 -14.822215 0.000008 -0.000001 -0.000020 4.913053 0.098060 -2.185869 3.949443 -0.050669 0.098688 3.937088 -0.031796 0.071020 -0.000011 0.000029 -0.000017 4.692947 0.017253 -5.582618 3.609813 -0.033071 0.035616 3.671059 -0.013689 0.044422 0.000004 0.000047 0.000006 5.853602 -0.023799 -10.212117 4.118392 0.063659 -0.127486 4.232170 0.029229 -0.078984 -0.000002 0.000050 -0.000001 6.913757 -0.040472 -15.513885 4.707762 0.159998 -0.254620 4.644451 0.068497 -0.221569 0.000106 0.000006 -0.000013 0.000000 0.000000 0.000000 0.000000 0.000000 0.000000 -85.498337 -0.347471 4.006569 -72.539566 8.976242 -11.157728 0.199386 -16.041231 96.046326 -23.547028 -33.432709 4.446172 -6.814688 1.281412 41.660530 0.000017 0.000020 -16.795792 0.000033 -0.000014 -11.756535 0.000959 0.000011 0.000179 3.884181 0.084689 3.270512 -2.321287 -0.026831 -0.101518 -2.481791 0.000318 -0.120952 -0.000004 -0.000216 -0.000001 2.045997 0.042216 -2.221727 -2.740907 -0.022097 -0.060292 -2.453583 -0.001340 -0.047332 0.000061 -0.000009 -0.000022 -3.852951 -0.009547 -9.974105 -4.612619 0.050668 0.057704 -4.208450 0.006421 0.041169 -0.000705 0.000010 0.000006 -8.375501 0.022216 -18.107624 -6.945639 0.082374 0.278602 -6.896837 0.006589 0.197518 0.000174 0.000005 -0.000047 0.000000 0.000000 0.000000 0.000000 0.000000 0.000000 -4.093033 -10.548682 17.045353 -0.139043 -0.935568 6.001173 0.149284 -7.905228 15.613919 -1.208566 1.166042 -17.628092 0.000000 0.000000 0.000000 0.000000 0.000000 0.000000 0.000000 0.000000 0.000000 -0.143016 -4.005615 10.936939 0.105068 0.421229 11.756783 2.152809 -0.235949 15.807739 0.174441 -0.610664 -20.256014 0.000000 0.000000 0.000000 0.000000 0.000000 0.000000 0.000000 0.000000 0.000000 
0.385093 88.334213 4.195702 0.643664 3.095198 -12.254837 0.670135 0.202168 7.899432 0.556812 0.065514 1.635565 -1.064913 1.089483 6.633532 -1.226359 0.522920 5.042934 0.210699 -0.378450 3.050032 0.076234 -0.057279 -3.905143 0.099464 -0.825439 -19.423292 0.000000 0.000000 0.000000 89.616928 -0.427136 10.131335 61.960125 -19.013578 1.476243 -0.606786 16.831797 71.822128 7.512248 18.661049 -4.198363 8.414314 -1.619688 40.868301 -0.000006 0.000017 -20.526808 0.000005 0.000056 -14.329055 0.000009 -0.000001 -0.000019 3.549047 0.098255 -1.700643 3.197181 -0.049224 0.122276 3.192675 -0.030573 0.091866 -0.000011 0.000029 -0.000017 3.331637 0.018252 -5.304852 2.878476 -0.032626 0.044070 2.941977 -0.013373 0.051415 0.000004 0.000050 0.000006 4.527412 -0.022962 -10.225451 3.389010 0.061910 -0.137104 3.503626 0.028607 -0.086805 -0.000002 0.000054 -0.000001 5.780386 -0.033089 -15.801555 4.046973 0.155731 -0.274793 3.988289 0.065324 -0.239800 0.000108 0.000006 -0.000013 0.000000 0.000000 0.000000 0.000000 0.000000 0.000000 -85.436279 -0.372948 4.026471 -72.526237 8.974980 -10.952922 0.191415 -15.968025 95.783936 -23.151976 -33.449974 4.190784 -6.483163 1.237376 41.813438 0.000018 0.000020 -15.970881 0.000034 -0.000015 -11.185299 0.001030 0.000012 0.000183 5.624637 0.084134 3.871368 -1.906822 -0.025717 -0.109294 -2.063128 0.001699 -0.128698 -0.000004 -0.000226 -0.000001 3.702692 0.041562 -1.805875 -2.308352 -0.021430 -0.063574 -2.020136 -0.001011 -0.050240 0.000054 -0.000008 -0.000019 -2.186604 -0.009218 -9.825733 -4.055319 0.050135 0.064006 -3.646075 0.006096 0.045839 -0.000722 0.000010 0.000007 -6.847338 0.026256 -18.206541 -6.352058 0.080538 0.297981 -6.304048 0.005649 0.214773 0.000212 0.000005 -0.000047 0.000000 0.000000 0.000000 0.000000 0.000000 0.000000 -4.125376 -10.562461 17.082397 -0.138126 -0.932033 5.987455 0.147683 -7.891912 15.586105 -1.207506 1.165008 -17.607500 0.000000 0.000000 0.000000 0.000000 0.000000 0.000000 0.000000 0.000000 0.000000 -0.166877 -4.002198 10.993033 0.105388 0.428337 11.710027 2.163510 -0.313349 15.810476 0.171699 -0.618239 -20.263172 0.000000 0.000000 0.000000 0.000000 0.000000 0.000000 0.000000 0.000000 0.000000 
0.385664 88.326607 4.201474 0.665560 3.114025 -12.293880 0.652743 0.195543 7.899498 0.549799 0.055702 1.606652 -1.088440 1.043648 6.664506 -1.214780 0.488150 5.073916 0.190143 -0.342471 3.103418 0.068494 -0.023691 -3.911458 0.091915 -0.816725 -19.446983 0.000000 0.000000 0.000000 89.580353 -0.442598 10.106060 61.750999 -19.267094 1.607188 -0.631015 16.844362 72.139633 7.411435 18.345135 -4.440452 8.108578 -1.584518 41.007225 -0.000006 0.000016 -19.782431 0.000006 0.000056 -13.809505 0.000009 -0.000001 -0.000018 2.095426 0.098319 -1.216630 2.444780 -0.047656 0.146129 2.446765 -0.029190 0.113199 -0.000012 0.000029 -0.000016 1.879329 0.019185 -5.036568 2.147955 -0.032169 0.052702 2.213439 -0.012998 0.058594 0.000004 0.000053 0.000006 3.111890 -0.022180 -10.264723 2.658834 0.059946 -0.147272 2.774802 0.027848 -0.095096 -0.000002 0.000052 -0.000001 4.573364 -0.025665 -16.129181 3.385112 0.150686 -0.297688 3.330594 0.061592 -0.260176 0.000116 0.000006 -0.000014 0.000000 0.000000 0.000000 0.000000 0.000000 0.000000 -85.376427 -0.392710 4.041029 -72.535851 8.942495 -10.781887 0.180849 -15.893299 95.551010 -22.689350 -33.636578 3.967450 -6.172681 1.194813 41.956913 0.000018 0.000020 -15.198998 0.000033 -0.000015 -10.649861 0.001095 0.000012 0.000198 7.246305 0.083434 4.421324 -1.583634 -0.023914 -0.112999 -1.735218 0.003744 -0.133131 -0.000004 -0.000230 -0.000001 5.250568 0.040881 -1.422841 -1.966279 -0.020578 -0.065290 -1.678682 -0.000506 -0.051892 0.000047 -0.000008 -0.000016 -0.624564 -0.008919 -9.687340 -3.588670 0.049114 0.068021 -3.175907 0.005414 0.049032 -0.000725 0.000011 0.000007 -5.414381 0.029905 -18.291986 -5.837342 0.077125 0.310229 -5.791064 0.003526 0.227359 0.000251 0.000005 -0.000046 0.000000 0.000000 0.000000 0.000000 0.000000 0.000000 -4.150936 -10.571550 17.122927 -0.137239 -0.928901 5.978553 0.143275 -7.881948 15.557113 -1.205745 1.164233 -17.589272 0.000000 0.000000 0.000000 0.000000 0.000000 0.000000 0.000000 0.000000 0.000000 -0.182944 -3.998632 11.059429 0.105809 0.436240 11.658620 2.169555 -0.390483 15.812171 0.169041 -0.625912 -20.272387 0.000000 0.000000 0.000000 0.000000 0.000000 0.000000 0.000000 0.000000 0.000000 
0.384637 88.318527 4.209275 0.684975 3.119040 -12.332649 0.635025 0.188177 7.896301 0.547203 0.044730 1.580855 -1.111849 0.993817 6.699566 -1.198424 0.452924 5.106492 0.173866 -0.297075 3.137937 0.063215 0.020812 -3.925288 0.079252 -0.809820 -19.462860 0.000000 0.000000 0.000000 89.546432 -0.459248 10.073082 61.546810 -19.497797 1.722883 -0.659309 16.856882 72.578156 7.248379 17.961208 -4.615047 7.816573 -1.549285 41.141079 -0.000006 0.000015 -19.069023 0.000006 0.000057 -13.311866 0.000009 -0.000001 -0.000017 0.676906 0.098109 -0.769590 1.771074 -0.045490 0.165748 1.778319 -0.027245 0.130899 -0.000012 0.000029 -0.000016 0.461174 0.019957 -4.795114 1.494776 -0.031529 0.059822 1.561977 -0.012426 0.064577 0.000003 0.000055 0.000006 1.728234 -0.021526 -10.321264 2.002964 0.057643 -0.156102 2.121134 0.026838 -0.102350 -0.000002 0.000045 -0.000002 3.393495 -0.018855 -16.464846 2.788051 0.144745 -0.319296 2.737435 0.057209 -0.279289 0.000128 0.000005 -0.000014 0.000000 0.000000 0.000000 0.000000 0.000000 0.000000 -85.321861 -0.406599 4.047528 -72.569954 8.887597 -10.652009 0.169517 -15.829245 95.369873 -22.194986 -33.949585 3.769372 -5.894441 1.155198 42.086212 0.000018 0.000020 -14.506516 0.000032 -0.000016 -10.168905 0.001154 0.000012 0.000218 8.704833 0.082479 4.903443 -1.347559 -0.021495 -0.112456 -1.494084 0.006373 -0.133985 -0.000004 -0.000227 -0.000002 6.642883 0.040187 -1.085088 -1.712037 -0.019562 -0.065322 -1.425761 0.000169 -0.052203 0.000040 -0.000007 -0.000015 0.774515 -0.008675 -9.564907 -3.218570 0.047634 0.069664 -2.803307 0.004396 0.050584 -0.000716 0.000011 0.000007 -4.138108 0.032957 -18.365789 -5.414872 0.072162 0.315062 -5.370817 0.000281 0.234613 0.000289 0.000005 -0.000046 0.000000 0.000000 0.000000 0.000000 0.000000 0.000000 -4.167660 -10.574717 17.163727 -0.136337 -0.925870 5.974246 0.134833 -7.875718 15.528540 -1.203296 1.163161 -17.573732 0.000000 0.000000 0.000000 0.000000 0.000000 0.000000 0.000000 0.000000 0.000000 -0.190805 -3.992417 11.131770 0.106304 0.444499 11.605208 2.169774 -0.462698 15.813161 0.166868 -0.633312 -20.282658 0.000000 0.000000 0.000000 0.000000 0.000000 0.000000 0.000000 0.000000 0.000000 
0.381722 88.310570 4.218605 0.701651 3.111369 -12.368076 0.618181 0.180349 7.889678 0.546416 0.033725 1.558398 -1.134291 0.942647 6.734380 -1.178510 0.419079 5.137864 0.159762 -0.242643 3.160090 0.060460 0.075801 -3.941714 0.062339 -0.804336 -19.474155 0.000000 0.000000 0.000000 89.513588 -0.474981 10.031601 61.366009 -19.683001 1.819409 -0.692019 16.873352 73.129387 7.035228 17.532425 -4.699462 7.556399 -1.516267 41.261707 -0.000005 0.000015 -18.430916 0.000007 0.000057 -12.866984 0.000010 -0.000000 -0.000017 -0.620605 0.097539 -0.378328 1.221913 -0.042705 0.178960 1.233709 -0.024760 0.142892 -0.000012 0.000029 -0.000016 -0.836276 0.020546 -4.587837 0.963681 -0.030685 0.064597 1.032265 -0.011655 0.068669 0.000003 0.000057 0.000007 0.462385 -0.021092 -10.384171 1.467166 0.055101 -0.162571 1.588092 0.025607 -0.107758 -0.000002 0.000038 -0.000002 2.313882 -0.013188 -16.782232 2.297517 0.138237 -0.337162 2.250330 0.052464 -0.295207 0.000141 0.000005 -0.000015 0.000000 0.000000 0.000000 0.000000 0.000000 0.000000 -85.275650 -0.415600 4.043868 -72.627434 8.825186 -10.571309 0.158708 -15.782642 95.261887 -21.719904 -34.352444 3.604268 -5.656956 1.120330 42.197014 0.000019 0.000020 -13.915222 0.000030 -0.000016 -9.757257 0.001209 0.000012 0.000241 9.954766 0.081252 5.298854 -1.183294 -0.018766 -0.108614 -1.324576 0.009283 -0.131968 -0.000005 -0.000216 -0.000002 7.832924 0.039493 -0.806984 -1.531669 -0.018469 -0.063967 -1.247114 0.000937 -0.051400 0.000030 -0.000006 -0.000015 1.955015 -0.008522 -9.464283 -2.939596 0.045851 0.069269 -2.522164 0.003166 0.050663 -0.000696 0.000011 0.000007 -3.075206 0.035236 -18.429379 -5.087401 0.066102 0.313422 -5.045454 -0.003685 0.236930 0.000320 0.000005 -0.000046 0.000000 0.000000 0.000000 0.000000 0.000000 0.000000 -4.174493 -10.570798 17.202686 -0.135305 -0.922469 5.972005 0.121135 -7.874257 15.503067 -1.200308 1.161220 -17.560566 0.000000 0.000000 0.000000 0.000000 0.000000 0.000000 0.000000 0.000000 0.000000 -0.191836 -3.982574 11.205198 0.106878 0.452766 11.552013 2.163590 -0.525844 15.813748 0.165632 -0.640022 -20.292496 0.000000 0.000000 0.000000 0.000000 0.000000 0.000000 0.000000 0.000000 0.000000 
0.376482 88.303062 4.229039 0.716102 3.092056 -12.402022 0.602904 0.172173 7.881041 0.547260 0.022916 1.541020 -1.155557 0.891859 6.765681 -1.158399 0.386990 5.167803 0.142083 -0.180303 3.168755 0.059525 0.136688 -3.960435 0.042754 -0.800346 -19.481583 0.000000 0.000000 0.000000 89.479088 -0.489604 9.986009 61.201954 -19.807003 1.900097 -0.727930 16.892002 73.790909 6.791672 17.065031 -4.684248 7.332007 -1.486368 41.367020 -0.000005 0.000014 -17.877909 0.000007 0.000057 -12.481642 0.000010 -0.000000 -0.000016 -1.771929 0.096967 -0.039865 0.790458 -0.039578 0.186870 0.805423 -0.021998 0.150214 -0.000012 0.000029 -0.000015 -1.989050 0.021101 -4.409841 0.547301 -0.029726 0.067518 0.616929 -0.010794 0.071246 0.000003 0.000058 0.000007 -0.658231 -0.020958 -10.446563 1.046505 0.052542 -0.167152 1.170306 0.024300 -0.111723 -0.000002 0.000036 -0.000002 1.360405 -0.008899 -17.071922 1.911920 0.131662 -0.352275 1.867030 0.047729 -0.308878 0.000156 0.000005 -0.000016 0.000000 0.000000 0.000000 0.000000 0.000000 0.000000 -85.238991 -0.422282 4.035316 -72.697067 8.747255 -10.536569 0.149074 -15.756357 95.228386 -21.311110 -34.825848 3.484322 -5.462392 1.091259 42.287781 0.000019 0.000020 -13.431596 0.000027 -0.000016 -9.419171 0.001256 0.000012 0.000258 10.980277 0.079945 5.607064 -1.066621 -0.015899 -0.102581 -1.202957 0.012274 -0.128093 -0.000004 -0.000198 -0.000002 8.804704 0.038884 -0.591544 -1.401559 -0.017371 -0.061677 -1.119607 0.001755 -0.049876 0.000016 -0.000006 -0.000016 2.899784 -0.008558 -9.391077 -2.731534 0.043877 0.067410 -2.312240 0.001830 0.049699 -0.000671 0.000011 0.000006 -2.241037 0.036654 -18.490261 -4.839739 0.059472 0.307120 -4.800444 -0.008030 0.235607 0.000346 0.000005 -0.000046 0.000000 0.000000 0.000000 0.000000 0.000000 0.000000 -4.172872 -10.560517 17.240732 -0.134146 -0.918883 5.972152 0.102056 -7.877166 15.480734 -1.197144 1.158509 -17.549068 0.000000 0.000000 0.000000 0.000000 0.000000 0.000000 0.000000 0.000000 0.000000 -0.187807 -3.967741 11.282350 0.107526 0.460706 11.496833 2.153532 -0.579601 15.814455 0.165253 -0.645714 -20.300051 0.000000 0.000000 0.000000 0.000000 0.000000 0.000000 0.000000 0.000000 0.000000 
0.369064 88.296211 4.239810 0.727998 3.061911 -12.433542 0.589430 0.163613 7.871749 0.550372 0.011906 1.528001 -1.176711 0.840454 6.792091 -1.139428 0.355554 5.194756 0.119433 -0.111134 3.160693 0.060173 0.202305 -3.982536 0.020768 -0.798249 -19.484325 0.000000 0.000000 0.000000 89.446037 -0.504048 9.936921 61.036472 -19.861542 1.971149 -0.765586 16.907681 74.542564 6.541992 16.592651 -4.559558 7.150734 -1.460908 41.453613 -0.000005 0.000014 -17.426933 0.000007 0.000057 -12.167851 0.000010 0.000000 -0.000016 -2.741774 0.096656 0.246150 0.466991 -0.036101 0.190297 0.483037 -0.018913 0.153610 -0.000012 0.000030 -0.000015 -2.960813 0.021712 -4.257621 0.236178 -0.028640 0.068893 0.306558 -0.009857 0.072553 0.000003 0.000060 0.000007 -1.593473 -0.021113 -10.499637 0.733855 0.050022 -0.170087 0.860658 0.022957 -0.114418 -0.000002 0.000038 -0.000002 0.571850 -0.006035 -17.320616 1.627874 0.125095 -0.364828 1.584072 0.042999 -0.320493 0.000169 0.000005 -0.000016 0.000000 0.000000 0.000000 0.000000 0.000000 0.000000 -85.213135 -0.427979 4.025796 -72.770096 8.647666 -10.548392 0.139583 -15.749857 95.257614 -20.989235 -35.365520 3.410903 -5.312798 1.068514 42.357674 0.000019 0.000020 -13.059910 0.000024 -0.000017 -9.158332 0.001289 0.000012 0.000267 11.779025 0.078680 5.839514 -0.979351 -0.012940 -0.095043 -1.111292 0.015279 -0.122925 -0.000004 -0.000173 -0.000002 9.553793 0.038424 -0.431751 -1.304555 -0.016294 -0.058746 -1.025935 0.002611 -0.047888 0.000001 -0.000005 -0.000018 3.601954 -0.008839 -9.345283 -2.577723 0.041741 0.064468 -2.156861 0.000419 0.047955 -0.000650 0.000011 0.000006 -1.641775 0.037193 -18.552423 -4.659406 0.052505 0.297174 -4.623304 -0.012684 0.231264 0.000367 0.000006 -0.000046 0.000000 0.000000 0.000000 0.000000 0.000000 0.000000 -4.164343 -10.546420 17.275784 -0.132926 -0.915340 5.975426 0.079098 -7.883319 15.461785 -1.193981 1.155264 -17.538948 0.000000 0.000000 0.000000 0.000000 0.000000 0.000000 0.000000 0.000000 0.000000 -0.179336 -3.947692 11.360511 0.108243 0.467975 11.441749 2.142364 -0.623732 15.814915 0.165395 -0.650258 -20.305479 0.000000 0.000000 0.000000 0.000000 0.000000 0.000000 0.000000 0.000000 0.000000 
0.360008 88.290291 4.250092 0.737051 3.022289 -12.460685 0.578018 0.154761 7.862611 0.556188 0.000411 1.517735 -1.199541 0.788280 6.812762 -1.122103 0.324010 5.216596 0.094247 -0.037633 3.134626 0.062315 0.271812 -4.008704 -0.003406 -0.798267 -19.481873 0.000000 0.000000 0.000000 89.417236 -0.518469 9.884440 60.852837 -19.837994 2.038554 -0.803980 16.918089 75.356712 6.308725 16.167347 -4.318942 7.013786 -1.440644 41.520512 -0.000004 0.000014 -17.081173 0.000007 0.000057 -11.927830 0.000010 0.000000 -0.000016 -3.518780 0.096709 0.481325 0.233938 -0.032512 0.190616 0.248659 -0.015694 0.154312 -0.000012 0.000030 -0.000015 -3.737783 0.022414 -4.128933 0.013882 -0.027514 0.069201 0.084688 -0.008921 0.072981 0.000003 0.000060 0.000007 -2.325065 -0.021485 -10.538126 0.515082 0.047714 -0.171799 0.644958 0.021707 -0.116141 -0.000002 0.000041 -0.000003 -0.031462 -0.004427 -17.521563 1.435288 0.118917 -0.375223 1.391416 0.038533 -0.330397 0.000179 0.000005 -0.000017 0.000000 0.000000 0.000000 0.000000 0.000000 0.000000 -85.198250 -0.432758 4.016945 -72.842155 8.524072 -10.610367 0.128709 -15.758923 95.341835 -20.778868 -35.983349 3.400146 -5.206341 1.052168 42.407356 0.000019 0.000020 -12.795637 0.000021 -0.000017 -8.971965 0.001305 0.000012 0.000266 12.361231 0.077523 6.007703 -0.905999 -0.010158 -0.087364 -1.034155 0.018036 -0.117560 -0.000004 -0.000142 -0.000002 10.088782 0.038125 -0.319651 -1.226191 -0.015335 -0.055703 -0.951306 0.003428 -0.045871 -0.000013 -0.000004 -0.000021 4.068549 -0.009359 -9.324491 -2.463310 0.039603 0.061085 -2.041067 -0.000958 0.045894 -0.000633 0.000011 0.000006 -1.270440 0.036917 -18.617708 -4.534541 0.045726 0.285286 -4.501761 -0.017313 0.225121 0.000384 0.000006 -0.000046 0.000000 0.000000 0.000000 0.000000 0.000000 0.000000 -4.150723 -10.530965 17.305393 -0.131695 -0.911952 5.981309 0.053866 -7.890589 15.447626 -1.190856 1.151699 -17.529894 0.000000 0.000000 0.000000 0.000000 0.000000 0.000000 0.000000 0.000000 0.000000 -0.166875 -3.923403 11.434502 0.109020 0.474333 11.390863 2.132192 -0.656595 15.814950 0.165821 -0.653607 -20.309786 0.000000 0.000000 0.000000 0.000000 0.000000 0.000000 0.000000 0.000000 0.000000 
0.349851 88.285652 4.259341 0.743124 2.975033 -12.481782 0.569348 0.145878 7.853198 0.564451 -0.011363 1.509561 -1.225127 0.736827 6.826247 -1.107056 0.292800 5.231737 0.070031 0.036459 3.092405 0.065643 0.343056 -4.038871 -0.028989 -0.800395 -19.474720 0.000000 0.000000 0.000000 89.391975 -0.531818 9.829768 60.644627 -19.723963 2.105893 -0.842077 16.923136 76.208771 6.104094 15.841206 -3.967624 6.916723 -1.425289 41.569576 -0.000004 0.000013 -16.830198 0.000007 0.000057 -11.754389 0.000011 0.000000 -0.000016 -4.119629 0.097133 0.672321 0.071781 -0.029031 0.189297 0.082943 -0.012524 0.153639 -0.000012 0.000030 -0.000014 -4.334799 0.023191 -4.019573 -0.138007 -0.026426 0.068960 -0.067325 -0.008046 0.072968 0.000003 0.000061 0.000007 -2.866383 -0.021988 -10.560202 0.371791 0.045744 -0.172858 0.504620 0.020649 -0.117306 -0.000002 0.000045 -0.000003 -0.459202 -0.003769 -17.675772 1.318244 0.113435 -0.384343 1.273273 0.034544 -0.339296 0.000186 0.000005 -0.000018 0.000000 0.000000 0.000000 0.000000 0.000000 0.000000 -85.193634 -0.435847 4.008442 -72.911537 8.374490 -10.724589 0.115184 -15.777556 95.480606 -20.711380 -36.699566 3.478868 -5.139546 1.041807 42.438412 0.000019 0.000020 -12.630007 0.000018 -0.000017 -8.854132 0.001307 0.000012 0.000256 12.743782 0.076501 6.121181 -0.836439 -0.007760 -0.080594 -0.961327 0.020357 -0.112794 -0.000004 -0.000104 -0.000003 10.425792 0.037955 -0.247814 -1.156688 -0.014561 -0.052939 -0.885563 0.004141 -0.044136 -0.000024 -0.000003 -0.000025 4.316813 -0.010063 -9.324570 -2.376949 0.037600 0.057751 -1.953305 -0.002219 0.043873 -0.000621 0.000011 0.000006 -1.110010 0.035955 -18.686026 -4.454676 0.039526 0.272862 -4.424805 -0.021639 0.218270 0.000397 0.000006 -0.000046 0.000000 0.000000 0.000000 0.000000 0.000000 0.000000 -4.133514 -10.515243 17.328028 -0.130487 -0.908789 5.988309 0.027728 -7.895930 15.439949 -1.187733 1.147964 -17.521452 0.000000 0.000000 0.000000 0.000000 0.000000 0.000000 0.000000 0.000000 0.000000 -0.150677 -3.896102 11.499679 0.109875 0.479669 11.348069 2.123829 -0.675588 15.814466 0.166518 -0.655765 -20.313868 0.000000 0.000000 0.000000 0.000000 0.000000 0.000000 0.000000 0.000000 0.000000 
0.338923 88.282562 4.267363 0.745816 2.922163 -12.495734 0.564503 0.137245 7.841892 0.574205 -0.022899 1.503611 -1.252931 0.688152 6.831038 -1.094801 0.263149 5.239390 0.049404 0.107856 3.039329 0.069677 0.413897 -4.071635 -0.055038 -0.804440 -19.464340 0.000000 0.000000 0.000000 89.367104 -0.542731 9.774394 60.415615 -19.508293 2.175023 -0.878721 16.924026 77.078674 5.929914 15.654266 -3.525184 6.852732 -1.414034 41.603928 -0.000004 0.000013 -16.657892 0.000007 0.000057 -11.636349 0.000011 0.000000 -0.000015 -4.572125 0.097844 0.828122 -0.036069 -0.025829 0.187535 -0.030171 -0.009562 0.152645 -0.000012 0.000030 -0.000014 -4.778804 0.023997 -3.924162 -0.235517 -0.025440 0.068589 -0.165676 -0.007276 0.072868 0.000003 0.000061 0.000007 -3.245948 -0.022562 -10.565309 0.286412 0.044192 -0.173786 0.421819 0.019844 -0.118300 -0.000002 0.000045 -0.000003 -0.736943 -0.003748 -17.787003 1.259733 0.108907 -0.393266 1.212861 0.031216 -0.348000 0.000190 0.000005 -0.000018 0.000000 0.000000 0.000000 0.000000 0.000000 0.000000 -85.198166 -0.436313 3.998500 -72.976997 8.197207 -10.888326 0.098090 -15.800935 95.678406 -20.821043 -37.526859 3.670907 -5.109510 1.036969 42.452251 0.000018 0.000021 -12.555612 0.000015 -0.000017 -8.799665 0.001299 0.000012 0.000242 12.938003 0.075601 6.183498 -0.766617 -0.005885 -0.075264 -0.888461 0.022141 -0.108973 -0.000004 -0.000063 -0.000003 10.576113 0.037859 -0.212872 -1.091723 -0.014000 -0.050644 -0.823942 0.004708 -0.042808 -0.000031 -0.000002 -0.000028 4.360281 -0.010882 -9.342303 -2.313054 0.035834 0.054719 -1.887670 -0.003310 0.042069 -0.000611 0.000011 0.000006 -1.147339 0.034400 -18.756355 -4.413960 0.034160 0.260744 -4.385891 -0.025459 0.211386 0.000404 0.000006 -0.000046 0.000000 0.000000 0.000000 0.000000 0.000000 0.000000 -4.113204 -10.499340 17.343283 -0.129319 -0.905861 5.994488 0.001820 -7.896575 15.439845 -1.184472 1.144111 -17.513250 0.000000 0.000000 0.000000 0.000000 0.000000 0.000000 0.000000 0.000000 0.000000 -0.130229 -3.866596 11.553001 0.110838 0.483979 11.315661 2.116583 -0.678518 15.813328 0.167667 -0.656800 -20.318258 0.000000 0.000000 0.000000 0.000000 0.000000 0.000000 0.000000 0.000000 0.000000 
0.327495 88.281029 4.274086 0.744887 2.865830 -12.502507 0.564325 0.129005 7.827042 0.584198 -0.033765 1.500175 -1.281057 0.643788 6.826915 -1.085440 0.236162 5.239652 0.033255 0.174599 2.982962 0.074043 0.483221 -4.104207 -0.080797 -0.810166 -19.452871 0.000000 0.000000 0.000000 89.339836 -0.550421 9.719543 60.173702 -19.185720 2.248462 -0.913023 16.923960 77.951248 5.782718 15.623130 -3.019453 6.814794 -1.405964 41.626785 -0.000004 0.000013 -16.547752 0.000007 0.000057 -11.562131 0.000011 0.000000 -0.000015 -4.903519 0.098734 0.958806 -0.102381 -0.022987 0.186106 -0.102737 -0.006903 0.152010 -0.000012 0.000030 -0.000014 -5.097769 0.024782 -3.837014 -0.291364 -0.024592 0.068355 -0.223089 -0.006625 0.072910 0.000003 0.000060 0.000006 -3.496202 -0.023181 -10.553694 0.244235 0.043077 -0.174986 0.381610 0.019307 -0.119424 -0.000002 0.000041 -0.000003 -0.895766 -0.004121 -17.860268 1.244330 0.105443 -0.403100 1.195129 0.028624 -0.357334 0.000193 0.000005 -0.000019 0.000000 0.000000 0.000000 0.000000 0.000000 0.000000 -85.211311 -0.433638 3.985072 -73.035439 7.990489 -11.091386 0.077101 -15.827229 95.937347 -21.140139 -38.459202 3.991861 -5.114326 1.037339 42.449802 0.000018 0.000021 -12.567476 0.000011 -0.000017 -8.804989 0.001287 0.000012 0.000227 12.947259 0.074793 6.192828 -0.697776 -0.004572 -0.071409 -0.816453 0.023380 -0.106044 -0.000004 -0.000020 -0.000003 10.543663 0.037776 -0.215876 -1.032060 -0.013641 -0.048824 -0.766827 0.005119 -0.041849 -0.000033 -0.000002 -0.000032 4.206006 -0.011751 -9.377060 -2.272229 0.034343 0.052012 -1.844475 -0.004221 0.040479 -0.000604 0.000011 0.000006 -1.375351 0.032316 -18.828072 -4.412355 0.029686 0.249168 -4.384288 -0.028696 0.204641 0.000405 0.000005 -0.000046 0.000000 0.000000 0.000000 0.000000 0.000000 0.000000 -4.090011 -10.483377 17.352249 -0.128192 -0.903091 5.998078 -0.023088 -7.890687 15.447119 -1.180914 1.140102 -17.505041 0.000000 0.000000 0.000000 0.000000 0.000000 0.000000 0.000000 0.000000 0.000000 -0.104882 -3.835452 11.593367 0.111919 0.487361 11.294183 2.109120 -0.665188 15.811195 0.169430 -0.656851 -20.322927 0.000000 0.000000 0.000000 0.000000 0.000000 0.000000 0.000000 0.000000 0.000000 
0.315855 88.280869 4.279263 0.740874 2.808029 -12.503902 0.568540 0.121112 7.808325 0.594071 -0.044013 1.500365 -1.307766 0.603809 6.814091 -1.079414 0.212182 5.233831 0.018915 0.236693 2.927643 0.078377 0.550303 -4.134834 -0.105771 -0.817399 -19.442045 0.000000 0.000000 0.000000 89.308647 -0.554641 9.666893 59.920357 -18.755383 2.330955 -0.944535 16.926350 78.822296 5.672194 15.755004 -2.466151 6.795959 -1.400303 41.641090 -0.000004 0.000013 -16.483809 0.000007 0.000057 -11.520263 0.000011 -0.000000 -0.000016 -5.139421 0.099846 1.071104 -0.138636 -0.020769 0.185723 -0.145840 -0.004820 0.152404 -0.000012 0.000030 -0.000014 -5.318553 0.025536 -3.756197 -0.317250 -0.023995 0.068562 -0.251100 -0.006170 0.073346 0.000003 0.000059 0.000006 -3.647006 -0.023844 -10.531366 0.232107 0.042549 -0.176937 0.370854 0.019135 -0.121033 -0.000002 0.000030 -0.000003 -0.964179 -0.004750 -17.907492 1.258318 0.103501 -0.415335 1.206615 0.027127 -0.368398 0.000195 0.000005 -0.000019 0.000000 0.000000 0.000000 0.000000 0.000000 0.000000 -85.232430 -0.428309 3.968787 -73.080345 7.747447 -11.315179 0.053260 -15.857161 96.241318 -21.699253 -39.486370 4.455999 -5.149295 1.042336 42.433113 0.000018 0.000021 -12.654161 0.000008 -0.000016 -8.861892 0.001272 0.000012 0.000211 12.787996 0.074109 6.152723 -0.630872 -0.003901 -0.068970 -0.746297 0.024008 -0.103948 -0.000003 0.000021 -0.000003 10.345363 0.037690 -0.254844 -0.978203 -0.013511 -0.047479 -0.714670 0.005348 -0.041243 -0.000030 -0.000001 -0.000036 3.875659 -0.012660 -9.428644 -2.254693 0.033211 0.049716 -1.823946 -0.004897 0.039154 -0.000600 0.000011 0.000006 -1.772195 0.029766 -18.902847 -4.448651 0.026349 0.238556 -4.418845 -0.031151 0.198343 0.000402 0.000005 -0.000046 0.000000 0.000000 0.000000 0.000000 0.000000 0.000000 -4.064801 -10.467916 17.356773 -0.127154 -0.900619 5.999003 -0.046695 -7.876575 15.460632 -1.177174 1.136090 -17.496964 0.000000 0.000000 0.000000 0.000000 0.000000 0.000000 0.000000 0.000000 0.000000 -0.074842 -3.803321 11.622434 0.113084 0.489872 11.283034 2.101148 -0.637213 15.807333 0.171535 -0.655932 -20.326992 0.000000 0.000000 0.000000 0.000000 0.000000 0.000000 0.000000 0.000000 0.000000 
0.304316 88.282249 4.282838 0.734177 2.750141 -12.502975 0.577344 0.113649 7.785060 0.605064 -0.053932 1.507119 -1.333591 0.570576 6.790101 -1.078405 0.192233 5.224132 0.003117 0.291732 2.878047 0.081948 0.611253 -4.162074 -0.128764 -0.826118 -19.435257 0.000000 0.000000 0.000000 89.268959 -0.554138 9.618917 59.660038 -18.206379 2.426703 -0.973115 16.929251 79.691467 5.620593 16.070574 -1.866812 6.790556 -1.396477 41.649132 -0.000003 0.000013 -16.452906 0.000006 0.000057 -11.500990 0.000012 -0.000000 -0.000016 -5.304502 0.101312 1.170412 -0.153464 -0.019589 0.186908 -0.167632 -0.003744 0.154285 -0.000012 0.000030 -0.000014 -5.465233 0.026283 -3.680974 -0.321792 -0.023823 0.069452 -0.258428 -0.006036 0.074362 0.000003 0.000058 0.000006 -3.722695 -0.024547 -10.506710 0.240045 0.042880 -0.180009 0.379876 0.019517 -0.123390 -0.000002 0.000010 -0.000003 -0.966233 -0.005650 -17.944275 1.291428 0.103923 -0.431065 1.237207 0.027412 -0.381981 0.000197 0.000005 -0.000020 0.000000 0.000000 0.000000 0.000000 0.000000 0.000000 -85.259399 -0.421396 3.953694 -73.110703 7.452877 -11.540063 0.029155 -15.891648 96.564270 -22.522600 -40.600254 5.078755 -5.204730 1.050610 42.406487 0.000018 0.000021 -12.791886 0.000005 -0.000016 -8.953612 0.001250 0.000013 0.000190 12.509191 0.073629 6.083600 -0.564316 -0.004042 -0.067782 -0.677003 0.023857 -0.102522 -0.000003 0.000062 -0.000003 10.028843 0.037613 -0.315516 -0.928490 -0.013674 -0.046577 -0.665848 0.005349 -0.040963 -0.000020 -0.000001 -0.000040 3.419721 -0.013657 -9.490675 -2.257225 0.032582 0.047914 -1.822943 -0.005241 0.038140 -0.000600 0.000011 0.000006 -2.290994 0.026720 -18.983225 -4.517218 0.024588 0.229264 -4.484830 -0.032472 0.192754 0.000399 0.000005 -0.000046 0.000000 0.000000 0.000000 0.000000 0.000000 0.000000 -4.037790 -10.454277 17.359760 -0.126337 -0.898931 5.998063 -0.069644 -7.853368 15.478774 -1.173497 1.132569 -17.488670 0.000000 0.000000 0.000000 0.000000 0.000000 0.000000 0.000000 0.000000 0.000000 -0.040608 -3.773298 11.643930 0.114275 0.491429 11.280270 2.093308 -0.594780 15.801804 0.173757 -0.653832 -20.329140 0.000000 0.000000 0.000000 0.000000 0.000000 0.000000 0.000000 0.000000 0.000000 
0.293005 88.284889 4.284905 0.722301 2.692885 -12.499438 0.592364 0.106560 7.756576 0.615363 -0.063230 1.521330 -1.356021 0.543103 6.752377 -1.081133 0.176776 5.211895 -0.009302 0.337608 2.842618 0.084781 0.665942 -4.183215 -0.149670 -0.836098 -19.433548 0.000000 0.000000 0.000000 89.222160 -0.549013 9.572457 59.401100 -17.556078 2.539809 -0.997726 16.932810 80.535995 5.633460 16.561201 -1.252930 6.800353 -1.394671 41.650253 -0.000003 0.000013 -16.458935 0.000006 0.000057 -11.506790 0.000012 -0.000000 -0.000016 -5.394690 0.102967 1.259981 -0.144210 -0.019328 0.188856 -0.165160 -0.003551 0.156820 -0.000012 0.000030 -0.000013 -5.532425 0.026961 -3.608951 -0.302571 -0.024032 0.070655 -0.242700 -0.006173 0.075610 0.000003 0.000056 0.000005 -3.720370 -0.025263 -10.476969 0.269419 0.043979 -0.183722 0.410206 0.020386 -0.126087 -0.000002 -0.000024 -0.000003 -0.903764 -0.006829 -17.968437 1.343233 0.106645 -0.448984 1.286935 0.029398 -0.397034 0.000198 0.000005 -0.000020 0.000000 0.000000 0.000000 0.000000 0.000000 0.000000 -85.291031 -0.412777 3.935686 -73.127632 7.113577 -11.752276 0.005491 -15.929739 96.900787 -23.569897 -41.747341 5.832976 -5.277020 1.061398 42.371998 0.000018 0.000021 -12.970301 0.000002 -0.000016 -9.073711 0.001221 0.000013 0.000172 12.137328 0.073259 5.994756 -0.504957 -0.004955 -0.067006 -0.615361 0.022992 -0.101032 -0.000003 0.000102 -0.000003 9.619206 0.037483 -0.390450 -0.889118 -0.014105 -0.045823 -0.626142 0.005145 -0.040715 -0.000003 -0.000000 -0.000045 2.864801 -0.014691 -9.558579 -2.283246 0.032439 0.046257 -1.844787 -0.005282 0.037124 -0.000602 0.000011 0.000006 -2.906136 0.023173 -19.066324 -4.618144 0.024269 0.220243 -4.582415 -0.032726 0.186917 0.000395 0.000005 -0.000046 0.000000 0.000000 0.000000 0.000000 0.000000 0.000000 -4.006720 -10.442807 17.360100 -0.125750 -0.897880 5.995788 -0.091815 -7.820998 15.501847 -1.169177 1.129440 -17.481667 0.000000 0.000000 0.000000 0.000000 0.000000 0.000000 0.000000 0.000000 0.000000 0.000341 -3.747536 11.655657 0.115535 0.492354 11.287893 2.083424 -0.539381 15.793653 0.176333 -0.650931 -20.331059 0.000000 0.000000 0.000000 0.000000 0.000000 0.000000 0.000000 0.000000 0.000000 
0.282128 88.287842 4.285063 0.704037 2.637449 -12.492483 0.612847 0.099809 7.725292 0.622077 -0.071561 1.541457 -1.371276 0.517551 6.701934 -1.084448 0.164510 5.197014 -0.014582 0.376078 2.827842 0.087515 0.717101 -4.195644 -0.169062 -0.846883 -19.435865 0.000000 0.000000 0.000000 89.172592 -0.540264 9.525186 59.149170 -16.843245 2.671691 -1.018077 16.943762 81.337296 5.704477 17.170525 -0.660451 6.823558 -1.394730 41.645164 -0.000003 0.000013 -16.498241 0.000006 0.000057 -11.534964 0.000012 -0.000000 -0.000016 -5.412129 0.104546 1.343648 -0.113167 -0.019689 0.191080 -0.140865 -0.003929 0.159608 -0.000012 0.000030 -0.000013 -5.524593 0.027481 -3.538189 -0.262589 -0.024496 0.071948 -0.206575 -0.006480 0.076880 0.000003 0.000054 0.000005 -3.648218 -0.025958 -10.438927 0.317184 0.045573 -0.187718 0.458649 0.021556 -0.128890 -0.000002 -0.000072 -0.000003 -0.785296 -0.008050 -17.976732 1.410185 0.110919 -0.467935 1.352309 0.032471 -0.412757 0.000196 0.000005 -0.000021 0.000000 0.000000 0.000000 0.000000 0.000000 0.000000 -85.325111 -0.402983 3.910225 -73.132912 6.738698 -11.940539 -0.017362 -15.972898 97.250572 -24.798031 -42.864964 6.699303 -5.364815 1.074616 42.330208 0.000018 0.000022 -13.185966 -0.000000 -0.000016 -9.220161 0.001189 0.000013 0.000163 11.676555 0.072899 5.879850 -0.461481 -0.006453 -0.066534 -0.569679 0.021613 -0.099484 -0.000003 0.000137 -0.000003 9.122236 0.037247 -0.484344 -0.867528 -0.014725 -0.045182 -0.603289 0.004790 -0.040443 0.000014 0.000000 -0.000049 2.223447 -0.015640 -9.634177 -2.338015 0.032659 0.044697 -1.894926 -0.005102 0.036076 -0.000607 0.000011 0.000006 -3.600753 0.019475 -19.148783 -4.753651 0.024979 0.211406 -4.713648 -0.032192 0.180721 0.000389 0.000005 -0.000046 0.000000 0.000000 0.000000 0.000000 0.000000 0.000000 -3.971395 -10.433936 17.356550 -0.125269 -0.896819 5.991700 -0.112370 -7.781341 15.529997 -1.163765 1.126414 -17.477186 0.000000 0.000000 0.000000 0.000000 0.000000 0.000000 0.000000 0.000000 0.000000 0.048731 -3.725358 11.653776 0.116903 0.493101 11.309332 2.069720 -0.475996 15.781539 0.179205 -0.647916 -20.334566 0.000000 0.000000 0.000000 0.000000 0.000000 0.000000 0.000000 0.000000 0.000000 
0.271911 88.290894 4.283321 0.680955 2.584985 -12.484141 0.637274 0.093803 7.693594 0.625374 -0.078597 1.565755 -1.379206 0.494579 6.641899 -1.088726 0.155001 5.179668 -0.016195 0.406983 2.836005 0.089755 0.761770 -4.198425 -0.186199 -0.858361 -19.444252 0.000000 0.000000 0.000000 89.119400 -0.526997 9.481187 58.910946 -16.083923 2.821197 -1.034472 16.964930 82.088188 5.840517 17.865362 -0.097807 6.854958 -1.396215 41.635738 -0.000003 0.000013 -16.559893 0.000006 0.000057 -11.577588 0.000012 -0.000000 -0.000016 -5.373319 0.105987 1.423584 -0.068916 -0.020791 0.194142 -0.103350 -0.005026 0.163169 -0.000013 0.000030 -0.000013 -5.460450 0.027841 -3.469182 -0.210681 -0.025242 0.073544 -0.158766 -0.006989 0.078350 0.000003 0.000052 0.000005 -3.525216 -0.026586 -10.396809 0.375187 0.047670 -0.192144 0.516994 0.023050 -0.131962 -0.000002 -0.000127 -0.000003 -0.627645 -0.009105 -17.975636 1.485364 0.116731 -0.487953 1.426132 0.036661 -0.429237 0.000191 0.000005 -0.000022 0.000000 0.000000 0.000000 0.000000 0.000000 0.000000 -85.360321 -0.392859 3.881326 -73.128212 6.322048 -12.092553 -0.038672 -16.023500 97.590897 -26.205095 -43.933762 7.683651 -5.462376 1.089665 42.283401 0.000017 0.000022 -13.426126 -0.000002 -0.000016 -9.383607 0.001159 0.000014 0.000164 11.149714 0.072523 5.743750 -0.434092 -0.008578 -0.066965 -0.540451 0.019659 -0.098438 -0.000002 0.000165 -0.000003 8.563410 0.036897 -0.594140 -0.862925 -0.015553 -0.044878 -0.597197 0.004265 -0.040336 0.000023 0.000001 -0.000053 1.528112 -0.016452 -9.715045 -2.418143 0.033267 0.043508 -1.970301 -0.004663 0.035259 -0.000613 0.000011 0.000006 -4.340829 0.015922 -19.229017 -4.917619 0.026813 0.203836 -4.873215 -0.030757 0.175097 0.000382 0.000005 -0.000046 0.000000 0.000000 0.000000 0.000000 0.000000 0.000000 -3.932996 -10.428216 17.351568 -0.124878 -0.895695 5.985992 -0.131466 -7.737455 15.560757 -1.157757 1.123663 -17.474085 0.000000 0.000000 0.000000 0.000000 0.000000 0.000000 0.000000 0.000000 0.000000 0.102117 -3.706323 11.641946 0.118318 0.493760 11.341424 2.053378 -0.407154 15.766174 0.182357 -0.644841 -20.338148 0.000000 0.000000 0.000000 0.000000 0.000000 0.000000 0.000000 0.000000 0.000000 
0.262545 88.294151 4.279997 0.654784 2.535659 -12.475305 0.664819 0.088846 7.662395 0.625238 -0.083963 1.592031 -1.380341 0.475017 6.575620 -1.094678 0.148028 5.160693 -0.015666 0.428101 2.869256 0.091261 0.796488 -4.190567 -0.200176 -0.870554 -19.460230 0.000000 0.000000 0.000000 89.063454 -0.509271 9.442718 58.691799 -15.295866 2.987215 -1.047066 16.995916 82.774101 6.045833 18.622326 0.424732 6.895403 -1.399216 41.621552 -0.000003 0.000013 -16.646158 0.000006 0.000057 -11.636164 0.000012 -0.000000 -0.000016 -5.274209 0.107263 1.499920 -0.011996 -0.022501 0.197950 -0.052961 -0.006754 0.167363 -0.000013 0.000030 -0.000013 -5.336852 0.028053 -3.401865 -0.147670 -0.026214 0.075385 -0.099991 -0.007660 0.079976 0.000003 0.000050 0.000005 -3.349368 -0.027107 -10.351408 0.442803 0.050165 -0.196858 0.584699 0.024813 -0.135205 -0.000002 -0.000185 -0.000003 -0.429780 -0.009855 -17.965439 1.568015 0.123864 -0.508525 1.507741 0.041818 -0.446075 0.000183 0.000005 -0.000022 0.000000 0.000000 0.000000 0.000000 0.000000 0.000000 -85.396080 -0.382667 3.851252 -73.119255 5.865753 -12.200348 -0.058882 -16.081696 97.900787 -27.750664 -44.934380 8.762331 -5.567003 1.105898 42.233089 0.000017 0.000022 -13.683541 -0.000002 -0.000015 -9.559254 0.001133 0.000014 0.000171 10.575809 0.072093 5.595458 -0.425578 -0.011219 -0.068033 -0.530581 0.017219 -0.097688 -0.000002 0.000188 -0.000003 7.962653 0.036435 -0.712760 -0.877176 -0.016548 -0.044829 -0.609773 0.003604 -0.040323 0.000025 0.000001 -0.000057 0.802504 -0.017113 -9.796473 -2.521449 0.034213 0.042598 -2.068864 -0.003999 0.034609 -0.000620 0.000011 0.000006 -5.101888 0.012628 -19.303499 -5.104427 0.029608 0.197553 -5.055885 -0.028513 0.170097 0.000373 0.000005 -0.000046 0.000000 0.000000 0.000000 0.000000 0.000000 0.000000 -3.893042 -10.426896 17.346977 -0.124581 -0.894554 5.979262 -0.149100 -7.692965 15.592115 -1.151407 1.121206 -17.471785 0.000000 0.000000 0.000000 0.000000 0.000000 0.000000 0.000000 0.000000 0.000000 0.158159 -3.690618 11.623603 0.119713 0.494395 11.379859 2.035856 -0.335187 15.749615 0.185863 -0.641803 -20.341099 0.000000 0.000000 0.000000 0.000000 0.000000 0.000000 0.000000 0.000000 0.000000 
0.253868 88.297409 4.275239 0.626778 2.488784 -12.465916 0.694739 0.084911 7.633176 0.620619 -0.087212 1.618114 -1.374683 0.457145 6.506638 -1.102625 0.142724 5.140410 -0.013171 0.439844 2.924490 0.092202 0.820870 -4.172862 -0.211080 -0.883439 -19.481829 0.000000 0.000000 0.000000 89.007103 -0.487941 9.410419 58.491886 -14.505907 3.167765 -1.055993 17.036034 83.386581 6.314353 19.412331 0.892604 6.945781 -1.403950 41.602066 -0.000003 0.000013 -16.758965 0.000006 0.000057 -11.712057 0.000012 -0.000000 -0.000016 -5.111950 0.108307 1.567907 0.059063 -0.024753 0.202085 0.011650 -0.009023 0.171762 -0.000013 0.000030 -0.000013 -5.151106 0.028107 -3.339384 -0.072190 -0.027373 0.077304 -0.028594 -0.008472 0.081615 0.000003 0.000047 0.000005 -3.116696 -0.027477 -10.304216 0.521814 0.052978 -0.201577 0.663480 0.026797 -0.138424 -0.000002 -0.000242 -0.000003 -0.187484 -0.010220 -17.946255 1.659270 0.132193 -0.528807 1.598241 0.047838 -0.462627 0.000172 0.000005 -0.000023 0.000000 0.000000 0.000000 0.000000 0.000000 0.000000 -85.430199 -0.373224 3.820322 -73.110214 5.381993 -12.261995 -0.078626 -16.147242 98.165863 -29.362404 -45.854027 9.887179 -5.676746 1.122942 42.180225 0.000017 0.000022 -13.953504 -0.000002 -0.000015 -9.744243 0.001110 0.000015 0.000181 9.970834 0.071579 5.439001 -0.435626 -0.014293 -0.069551 -0.539660 0.014359 -0.097137 -0.000001 0.000205 -0.000003 7.335502 0.035876 -0.836739 -0.909103 -0.017687 -0.045004 -0.639882 0.002830 -0.040371 0.000016 0.000001 -0.000060 0.063334 -0.017603 -9.876503 -2.642835 0.035483 0.041984 -2.185922 -0.003125 0.034151 -0.000627 0.000011 0.000006 -5.866422 0.009757 -19.369926 -5.306121 0.033350 0.192925 -5.254035 -0.025462 0.166073 0.000365 0.000005 -0.000046 0.000000 0.000000 0.000000 0.000000 0.000000 0.000000 -3.852967 -10.430557 17.343136 -0.124382 -0.893522 5.971215 -0.164352 -7.650105 15.623035 -1.144816 1.119157 -17.470999 0.000000 0.000000 0.000000 0.000000 0.000000 0.000000 0.000000 0.000000 0.000000 0.215230 -3.677915 11.600137 0.121081 0.495264 11.422229 2.017713 -0.264013 15.733092 0.189682 -0.639077 -20.343807 0.000000 0.000000 0.000000 0.000000 0.000000 0.000000 0.000000 0.000000 0.000000 
0.245470 88.300652 4.269441 0.597437 2.443176 -12.456417 0.726767 0.081953 7.607523 0.611740 -0.088185 1.642257 -1.362952 0.440460 6.438297 -1.113296 0.138676 5.119399 -0.009921 0.443076 2.995796 0.092313 0.834062 -4.147592 -0.219060 -0.897017 -19.507401 0.000000 0.000000 0.000000 88.951187 -0.463512 9.384327 58.308659 -13.732804 3.358101 -1.061182 17.080582 83.922714 6.646892 20.224459 1.306123 7.005875 -1.410478 41.577213 -0.000003 0.000012 -16.897846 0.000006 0.000057 -11.805040 0.000012 -0.000000 -0.000016 -4.892525 0.109044 1.621267 0.143625 -0.027595 0.206344 0.089507 -0.011843 0.176153 -0.000013 0.000030 -0.000013 -4.908477 0.027983 -3.286363 0.015382 -0.028720 0.079234 0.055205 -0.009436 0.083191 0.000003 0.000046 0.000005 -2.829367 -0.027655 -10.258557 0.612740 0.056092 -0.206099 0.753997 0.028998 -0.141485 -0.000002 -0.000295 -0.000003 0.098016 -0.010186 -17.920687 1.760107 0.141707 -0.547946 1.698483 0.054732 -0.478306 0.000159 0.000006 -0.000023 0.000000 0.000000 0.000000 0.000000 0.000000 0.000000 -85.460754 -0.364970 3.789196 -73.102379 4.876936 -12.281064 -0.098210 -16.218830 98.375648 -31.001957 -46.701962 11.036194 -5.788390 1.140384 42.126213 0.000017 0.000022 -14.228642 -0.000002 -0.000015 -9.933557 0.001091 0.000015 0.000191 9.356866 0.070941 5.279461 -0.458778 -0.017887 -0.071903 -0.562352 0.010976 -0.097194 -0.000001 0.000218 -0.000003 6.703564 0.035219 -0.962152 -0.952758 -0.019015 -0.045567 -0.681789 0.001918 -0.040619 -0.000001 0.000001 -0.000063 -0.668765 -0.017907 -9.953107 -2.773845 0.037139 0.041894 -2.313424 -0.001995 0.034084 -0.000633 0.000011 0.000006 -6.616263 0.007425 -19.427877 -5.513489 0.038237 0.190738 -5.458931 -0.021448 0.163704 0.000357 0.000005 -0.000046 0.000000 0.000000 0.000000 0.000000 0.000000 0.000000 -3.813215 -10.438282 17.340281 -0.124256 -0.892669 5.961916 -0.176989 -7.608796 15.652743 -1.138008 1.117699 -17.471979 0.000000 0.000000 0.000000 0.000000 0.000000 0.000000 0.000000 0.000000 0.000000 0.272392 -3.668348 11.573778 0.122422 0.496559 11.466765 1.999023 -0.195156 15.716922 0.193813 -0.636822 -20.346098 0.000000 0.000000 0.000000 0.000000 0.000000 0.000000 0.000000 0.000000 0.000000 
0.237126 88.303772 4.263124 0.567905 2.397748 -12.446713 0.759112 0.079840 7.586507 0.599101 -0.087344 1.664261 -1.346289 0.423539 6.372437 -1.125091 0.135163 5.098337 -0.004419 0.439492 3.078173 0.092309 0.837925 -4.117361 -0.224688 -0.911300 -19.534994 0.000000 0.000000 0.000000 88.898773 -0.438047 9.362276 58.140316 -13.001845 3.555699 -1.062857 17.125994 84.379425 7.028751 21.025875 1.665484 7.074981 -1.418529 41.547665 -0.000003 0.000012 -17.060240 0.000006 0.000057 -11.913506 0.000012 -0.000000 -0.000016 -4.623742 0.109398 1.659234 0.241033 -0.030726 0.210546 0.180000 -0.014897 0.180433 -0.000013 0.000030 -0.000013 -4.617521 0.027674 -3.243668 0.114079 -0.030139 0.081092 0.150668 -0.010465 0.084653 0.000003 0.000044 0.000005 -2.495414 -0.027647 -10.214307 0.714701 0.059265 -0.210308 0.855533 0.031252 -0.144333 -0.000002 -0.000340 -0.000003 0.422934 -0.009704 -17.888672 1.870005 0.151625 -0.565461 1.807793 0.061873 -0.492803 0.000146 0.000006 -0.000023 0.000000 0.000000 0.000000 0.000000 0.000000 0.000000 -85.486168 -0.357954 3.755593 -73.100395 4.357194 -12.263150 -0.118543 -16.295782 98.535965 -32.623798 -47.472603 12.196445 -5.900861 1.157944 42.071800 0.000017 0.000022 -14.505570 -0.000000 -0.000015 -10.125077 0.001075 0.000015 0.000204 8.743107 0.070169 5.114885 -0.496446 -0.021816 -0.075212 -0.599908 0.007255 -0.098094 -0.000000 0.000225 -0.000003 6.075555 0.034477 -1.090394 -1.008714 -0.020469 -0.046585 -0.736128 0.000909 -0.041150 -0.000029 0.000001 -0.000066 -1.384387 -0.018003 -10.028220 -2.912906 0.039084 0.042430 -2.449773 -0.000677 0.034503 -0.000639 0.000011 0.000005 -7.342438 0.005706 -19.477797 -5.723813 0.043921 0.191208 -5.667498 -0.016749 0.163273 0.000352 0.000005 -0.000046 0.000000 0.000000 0.000000 0.000000 0.000000 0.000000 -3.775707 -10.449820 17.337971 -0.124163 -0.891754 5.951899 -0.186664 -7.570044 15.681293 -1.131069 1.116672 -17.474936 0.000000 0.000000 0.000000 0.000000 0.000000 0.000000 0.000000 0.000000 0.000000 0.328157 -3.660485 11.544338 0.123712 0.498356 11.514386 1.979758 -0.130613 15.700852 0.198042 -0.635236 -20.348574 0.000000 0.000000 0.000000 0.000000 0.000000 0.000000 0.000000 0.000000 0.000000 
0.228731 88.307022 4.256887 0.539845 2.352293 -12.437293 0.790747 0.078694 7.570215 0.584758 -0.085052 1.683760 -1.326917 0.408448 6.311335 -1.137867 0.132628 5.077188 0.002088 0.430264 3.166738 0.092071 0.832528 -4.084675 -0.227924 -0.926069 -19.564423 0.000000 0.000000 0.000000 88.849648 -0.412170 9.345304 57.987717 -12.326536 3.753484 -1.060987 17.169582 84.759132 7.453223 21.810030 1.975753 7.150192 -1.427648 41.514763 -0.000003 0.000012 -17.239204 0.000006 0.000056 -12.032749 0.000011 -0.000000 -0.000016 -4.321270 0.109304 1.680340 0.347300 -0.034028 0.214854 0.279158 -0.018080 0.184782 -0.000013 0.000030 -0.000013 -4.294122 0.027181 -3.213199 0.220124 -0.031582 0.082942 0.253945 -0.011531 0.086075 0.000003 0.000043 0.000005 -2.129000 -0.027438 -10.174322 0.824460 0.062384 -0.214237 0.964783 0.033489 -0.147021 -0.000002 -0.000374 -0.000003 0.777653 -0.008707 -17.854277 1.986614 0.161546 -0.581184 1.923641 0.068978 -0.506004 0.000131 0.000006 -0.000024 0.000000 0.000000 0.000000 0.000000 0.000000 0.000000 -85.505913 -0.351772 3.720165 -73.108002 3.825380 -12.214058 -0.139853 -16.379379 98.648895 -34.220222 -48.180561 13.370193 -6.010484 1.175099 42.018578 0.000016 0.000022 -14.775829 0.000001 -0.000014 -10.312797 0.001066 0.000015 0.000221 8.148438 0.069205 4.948076 -0.542356 -0.026056 -0.080040 -0.646056 0.003213 -0.100395 0.000000 0.000225 -0.000003 5.469471 0.033656 -1.219344 -1.070359 -0.022044 -0.048268 -0.796428 -0.000201 -0.042172 -0.000067 0.000001 -0.000067 -2.066529 -0.017874 -10.100765 -3.052220 0.041292 0.043864 -2.587063 0.000819 0.035645 -0.000645 0.000011 0.000005 -8.031809 0.004696 -19.520493 -5.929891 0.050302 0.195016 -5.872564 -0.011441 0.165471 0.000348 0.000005 -0.000046 0.000000 0.000000 0.000000 0.000000 0.000000 0.000000 -3.741417 -10.464027 17.336443 -0.124086 -0.890717 5.942175 -0.194025 -7.534311 15.707476 -1.124303 1.115912 -17.478798 0.000000 0.000000 0.000000 0.000000 0.000000 0.000000 0.000000 0.000000 0.000000 0.380651 -3.653584 11.513658 0.124907 0.500476 11.563892 1.960398 -0.069308 15.685544 0.202297 -0.634159 -20.350792 0.000000 0.000000 0.000000 0.000000 0.000000 0.000000 0.000000 0.000000 0.000000 
0.220263 88.310669 4.251159 0.514755 2.307089 -12.427806 0.820708 0.078519 7.557786 0.570751 -0.081857 1.700798 -1.307042 0.397419 6.255655 -1.151241 0.131692 5.056278 0.009545 0.415640 3.259110 0.091455 0.817890 -4.050548 -0.228495 -0.940808 -19.595737 0.000000 0.000000 0.000000 88.802597 -0.386492 9.333975 57.852627 -11.719867 3.944758 -1.055807 17.207804 85.065964 7.914984 22.573246 2.240219 7.229997 -1.437510 41.479359 -0.000003 0.000012 -17.430887 0.000006 0.000056 -12.160187 0.000011 -0.000000 -0.000016 -3.992612 0.108739 1.684453 0.460943 -0.037314 0.219268 0.385677 -0.021229 0.189227 -0.000013 0.000031 -0.000012 -3.946060 0.026517 -3.195425 0.332236 -0.032984 0.084783 0.363580 -0.012584 0.087484 0.000003 0.000043 0.000005 -1.738058 -0.027041 -10.139968 0.940902 0.065321 -0.217877 1.080506 0.035624 -0.149552 -0.000002 -0.000396 -0.000003 1.156573 -0.007192 -17.819645 2.109131 0.171036 -0.595009 2.045085 0.075733 -0.517785 0.000117 0.000006 -0.000024 0.000000 0.000000 0.000000 0.000000 0.000000 0.000000 -85.519020 -0.346347 3.683468 -73.131798 3.285779 -12.141057 -0.162141 -16.470379 98.717911 -35.776783 -48.833263 14.549489 -6.114306 1.191342 41.967899 0.000016 0.000022 -15.032204 0.000004 -0.000014 -10.491713 0.001064 0.000015 0.000240 7.587860 0.068019 4.784081 -0.591748 -0.030512 -0.086605 -0.695900 -0.001059 -0.104313 0.000001 0.000218 -0.000003 4.899203 0.032768 -1.344976 -1.132807 -0.023705 -0.050697 -0.857715 -0.001397 -0.043777 -0.000115 0.000001 -0.000067 -2.702035 -0.017536 -10.167993 -3.185736 0.043696 0.046336 -2.718938 0.002454 0.037612 -0.000650 0.000011 0.000005 -8.674453 0.004381 -19.555264 -6.125774 0.057168 0.202450 -6.068027 -0.005685 0.170603 0.000345 0.000005 -0.000046 0.000000 0.000000 0.000000 0.000000 0.000000 0.000000 -3.711011 -10.480028 17.335363 -0.124027 -0.889527 5.933604 -0.199497 -7.502432 15.730375 -1.117964 1.115259 -17.482521 0.000000 0.000000 0.000000 0.000000 0.000000 0.000000 0.000000 0.000000 0.000000 0.428424 -3.647250 11.482285 0.125971 0.502700 11.613994 1.941288 -0.010107 15.672162 0.206498 -0.633477 -20.352798 0.000000 0.000000 0.000000 0.000000 0.000000 0.000000 0.000000 0.000000 0.000000 
0.211710 88.314972 4.246136 0.493843 2.263037 -12.417890 0.848267 0.079257 7.547868 0.558534 -0.078210 1.716035 -1.288169 0.392563 6.205443 -1.165046 0.133103 5.036713 0.018046 0.395327 3.355067 0.090168 0.793751 -4.014565 -0.226036 -0.954836 -19.629560 0.000000 0.000000 0.000000 88.755890 -0.361458 9.328614 57.737389 -11.190512 4.123649 -1.047890 17.238478 85.307304 8.414219 23.315628 2.466614 7.313142 -1.447929 41.442020 -0.000003 0.000011 -17.632421 0.000006 0.000056 -12.293761 0.000011 -0.000001 -0.000016 -3.639955 0.107725 1.673307 0.581226 -0.040501 0.223842 0.499109 -0.024299 0.193803 -0.000013 0.000031 -0.000012 -3.575632 0.025720 -3.189299 0.449969 -0.034319 0.086632 0.478969 -0.013607 0.088915 0.000002 0.000043 0.000005 -1.325227 -0.026484 -10.111341 1.063977 0.068032 -0.221241 1.202481 0.037623 -0.151932 -0.000002 -0.000408 -0.000003 1.557619 -0.005238 -17.785685 2.237680 0.179890 -0.606960 2.172097 0.082028 -0.528127 0.000103 0.000007 -0.000024 0.000000 0.000000 0.000000 0.000000 0.000000 0.000000 -85.524628 -0.341721 3.645957 -73.179810 2.743684 -12.051118 -0.184951 -16.569788 98.747147 -37.280254 -49.434158 15.724068 -6.209493 1.206262 41.921005 0.000016 0.000022 -15.267920 0.000006 -0.000014 -10.657042 0.001071 0.000015 0.000262 7.072600 0.066610 4.628350 -0.639889 -0.035131 -0.095067 -0.744583 -0.005513 -0.109968 0.000001 0.000201 -0.000003 4.374968 0.031841 -1.463015 -1.191377 -0.025428 -0.053922 -0.915192 -0.002671 -0.046024 -0.000168 0.000001 -0.000067 -3.281613 -0.017037 -10.226665 -3.308106 0.046251 0.049950 -2.839700 0.004205 0.040463 -0.000653 0.000011 0.000005 -9.263619 0.004627 -19.580854 -6.306038 0.064389 0.213745 -6.248371 0.000439 0.178885 0.000341 0.000005 -0.000046 0.000000 0.000000 0.000000 0.000000 0.000000 0.000000 -3.684712 -10.497277 17.334591 -0.123979 -0.888161 5.926770 -0.203582 -7.475525 15.749254 -1.112248 1.114579 -17.485142 0.000000 0.000000 0.000000 0.000000 0.000000 0.000000 0.000000 0.000000 0.000000 0.470633 -3.641261 11.450880 0.126884 0.504839 11.662737 1.922820 0.048003 15.662081 0.210653 -0.633092 -20.354622 0.000000 0.000000 0.000000 0.000000 0.000000 0.000000 0.000000 0.000000 0.000000 
0.202883 88.320038 4.241871 0.477759 2.221226 -12.407334 0.873266 0.080683 7.539119 0.548357 -0.074283 1.729475 -1.270432 0.394278 6.161484 -1.180155 0.137239 5.020378 0.026116 0.369799 3.453459 0.087676 0.760355 -3.976351 -0.220571 -0.967666 -19.665716 0.000000 0.000000 0.000000 88.708664 -0.337622 9.328605 57.638241 -10.741565 4.287233 -1.037582 17.259054 85.494110 8.955521 24.039787 2.664958 7.399689 -1.458990 41.402546 -0.000003 0.000011 -17.844465 0.000006 0.000056 -12.433990 0.000010 -0.000001 -0.000016 -3.258528 0.106356 1.644849 0.709858 -0.043681 0.228489 0.621317 -0.027391 0.198399 -0.000013 0.000031 -0.000012 -3.177590 0.024837 -3.196166 0.575424 -0.035626 0.088486 0.602116 -0.014637 0.090361 0.000002 0.000044 0.000005 -0.885157 -0.025794 -10.089853 1.196419 0.070594 -0.224329 1.333249 0.039540 -0.154146 -0.000002 -0.000413 -0.000003 1.983930 -0.003009 -17.753307 2.374578 0.188342 -0.617191 2.306837 0.088084 -0.537139 0.000089 0.000007 -0.000024 0.000000 0.000000 0.000000 0.000000 0.000000 0.000000 -85.523033 -0.337827 3.607459 -73.252357 2.207530 -11.950422 -0.207969 -16.676825 98.734657 -38.708370 -49.991081 16.870180 -6.293833 1.219597 41.878803 0.000016 0.000022 -15.477874 0.000009 -0.000014 -10.805208 0.001085 0.000015 0.000281 6.612700 0.065027 4.487387 -0.680233 -0.039946 -0.105415 -0.785505 -0.010191 -0.117312 0.000002 0.000177 -0.000003 3.906034 0.030907 -1.568496 -1.239718 -0.027228 -0.057927 -0.962435 -0.004032 -0.048913 -0.000220 0.000001 -0.000065 -3.796983 -0.016448 -10.273643 -3.412581 0.048978 0.054743 -2.942436 0.006086 0.044195 -0.000655 0.000011 0.000005 -9.792374 0.005271 -19.596598 -6.463920 0.072051 0.229003 -6.406955 0.007005 0.190351 0.000338 0.000005 -0.000046 0.000000 0.000000 0.000000 0.000000 0.000000 0.000000 -3.662687 -10.515198 17.334015 -0.123939 -0.886753 5.921772 -0.206141 -7.453305 15.763580 -1.107308 1.113911 -17.486408 0.000000 0.000000 0.000000 0.000000 0.000000 0.000000 0.000000 0.000000 0.000000 0.507083 -3.635817 11.420922 0.127666 0.506869 11.707573 1.905145 0.104692 15.655720 0.214739 -0.632955 -20.355928 0.000000 0.000000 0.000000 0.000000 0.000000 0.000000 0.000000 0.000000 0.000000 
0.193601 88.325691 4.238302 0.466565 2.183137 -12.395535 0.894340 0.082512 7.530708 0.539532 -0.070410 1.742842 -1.253880 0.400447 6.121220 -1.195141 0.143603 5.009248 0.035767 0.341128 3.554763 0.084742 0.721596 -3.934967 -0.213057 -0.978882 -19.702408 0.000000 0.000000 0.000000 88.660858 -0.315677 9.330999 57.552338 -10.379795 4.438714 -1.026152 17.268366 85.636597 9.522825 24.722733 2.840931 7.489993 -1.470657 41.360920 -0.000003 0.000011 -18.067652 0.000006 0.000056 -12.581337 0.000010 -0.000001 -0.000016 -2.844074 0.104704 1.599652 0.850453 -0.046675 0.232777 0.756296 -0.030345 0.202633 -0.000013 0.000031 -0.000012 -2.747592 0.023898 -3.215419 0.712117 -0.036843 0.090184 0.736558 -0.015629 0.091701 0.000002 0.000045 0.000006 -0.414382 -0.025032 -10.073537 1.341752 0.072910 -0.227008 1.476238 0.041297 -0.156076 -0.000002 -0.000410 -0.000003 2.437870 -0.000701 -17.719433 2.522842 0.196025 -0.625501 2.452032 0.093627 -0.544649 0.000077 0.000007 -0.000024 0.000000 0.000000 0.000000 0.000000 0.000000 0.000000 -85.512695 -0.335354 3.566422 -73.351120 1.688383 -11.844638 -0.230879 -16.788755 98.689880 -40.020779 -50.493519 17.958323 -6.367840 1.231423 41.841152 0.000016 0.000022 -15.663001 0.000011 -0.000014 -10.936781 0.001105 0.000015 0.000296 6.201663 0.063377 4.358763 -0.714865 -0.044761 -0.117198 -0.820555 -0.014892 -0.125939 0.000002 0.000143 -0.000003 3.485893 0.030017 -1.662947 -1.279889 -0.029026 -0.062523 -1.001445 -0.005429 -0.052300 -0.000270 0.000001 -0.000063 -4.254536 -0.015829 -10.309422 -3.501638 0.051765 0.060497 -3.029441 0.008018 0.048620 -0.000655 0.000011 0.000005 -10.265044 0.006123 -19.600824 -6.600912 0.079807 0.247488 -6.544865 0.013740 0.204393 0.000334 0.000005 -0.000046 0.000000 0.000000 0.000000 0.000000 0.000000 0.000000 -3.645264 -10.533602 17.332634 -0.123891 -0.885242 5.918112 -0.206440 -7.436156 15.774333 -1.103236 1.113294 -17.486643 0.000000 0.000000 0.000000 0.000000 0.000000 0.000000 0.000000 0.000000 0.000000 0.538073 -3.630325 11.390406 0.128352 0.508859 11.749804 1.888068 0.158080 15.652414 0.218656 -0.633124 -20.357105 0.000000 0.000000 0.000000 0.000000 0.000000 0.000000 0.000000 0.000000 0.000000 
0.183715 88.331810 4.235435 0.460284 2.150882 -12.382472 0.910378 0.084523 7.521987 0.530731 -0.066610 1.758029 -1.238547 0.409321 6.081813 -1.208440 0.151595 5.004813 0.047882 0.312298 3.659518 0.082180 0.681955 -3.889356 -0.204679 -0.988248 -19.738482 0.000000 0.000000 0.000000 88.612633 -0.295937 9.333204 57.477173 -10.112356 4.580381 -1.015334 17.266123 85.746696 10.095895 25.341301 2.996846 7.584036 -1.482949 41.317127 -0.000003 0.000011 -18.302288 0.000006 0.000056 -12.736078 0.000010 -0.000001 -0.000016 -2.393235 0.102801 1.538154 1.005026 -0.049325 0.236224 0.906432 -0.033033 0.206038 -0.000013 0.000031 -0.000012 -2.282188 0.022924 -3.246544 0.861837 -0.037908 0.091531 0.884135 -0.016541 0.092786 0.000001 0.000047 0.000006 0.090180 -0.024242 -10.060158 1.502087 0.074906 -0.229050 1.633373 0.042824 -0.157536 -0.000001 -0.000398 -0.000003 2.921515 0.001571 -17.680414 2.684242 0.202613 -0.631407 2.609242 0.098436 -0.550233 0.000066 0.000007 -0.000024 0.000000 0.000000 0.000000 0.000000 0.000000 0.000000 -85.492821 -0.334653 3.521426 -73.475937 1.199064 -11.737155 -0.253526 -16.901817 98.624390 -41.181480 -50.931282 18.958038 -6.432631 1.241967 41.807590 0.000015 0.000022 -15.825990 0.000014 -0.000014 -11.053185 0.001133 0.000015 0.000307 5.829580 0.061724 4.236797 -0.746198 -0.049372 -0.129794 -0.852007 -0.019420 -0.135270 0.000002 0.000101 -0.000003 3.105148 0.029214 -1.749904 -1.314208 -0.030739 -0.067436 -1.034619 -0.006804 -0.055962 -0.000316 0.000001 -0.000059 -4.664618 -0.015218 -10.334696 -3.578670 0.054481 0.066839 -3.103909 0.009913 0.053436 -0.000651 0.000011 0.000005 -10.690241 0.007063 -19.590794 -6.720006 0.087268 0.267967 -6.664608 0.020352 0.219984 0.000328 0.000005 -0.000047 0.000000 0.000000 0.000000 0.000000 0.000000 0.000000 -3.632395 -10.551812 17.330183 -0.123773 -0.883448 5.915016 -0.204414 -7.424608 15.782466 -1.100113 1.112482 -17.485992 0.000000 0.000000 0.000000 0.000000 0.000000 0.000000 0.000000 0.000000 0.000000 0.563237 -3.624498 11.358068 0.128937 0.510761 11.790540 1.872102 0.207227 15.651859 0.222444 -0.633436 -20.358608 0.000000 0.000000 0.000000 0.000000 0.000000 0.000000 0.000000 0.000000 0.000000 
0.172928 88.338043 4.233267 0.458340 2.125659 -12.368638 0.922127 0.086394 7.513431 0.520532 -0.062553 1.773052 -1.222825 0.418190 6.044477 -1.220305 0.160191 5.006417 0.059482 0.286220 3.763438 0.080040 0.645052 -3.840458 -0.196841 -0.996355 -19.771679 0.000000 0.000000 0.000000 88.566078 -0.278814 9.333463 57.398502 -9.941063 4.712402 -1.005054 17.251156 85.846855 10.668986 25.892643 3.129782 7.684147 -1.496128 41.270008 -0.000003 0.000011 -18.554028 0.000007 0.000056 -12.902757 0.000010 -0.000001 -0.000016 -1.897237 0.100736 1.447030 1.178767 -0.051622 0.238139 1.076517 -0.035418 0.207941 -0.000013 0.000031 -0.000013 -1.771530 0.021923 -3.299282 1.030110 -0.038813 0.092274 1.050361 -0.017369 0.093398 0.000001 0.000049 0.000006 0.639948 -0.023414 -10.056386 1.683723 0.076605 -0.230174 1.810686 0.044121 -0.158287 -0.000001 -0.000381 -0.000004 3.443584 0.003791 -17.639347 2.863926 0.208259 -0.634402 2.783646 0.102616 -0.553468 0.000057 0.000007 -0.000024 0.000000 0.000000 0.000000 0.000000 0.000000 0.000000 -85.466232 -0.335414 3.472512 -73.609863 0.753080 -11.632822 -0.276273 -17.010899 98.531776 -42.154243 -51.320580 19.821796 -6.490263 1.251502 41.777348 0.000015 0.000022 -15.971927 0.000017 -0.000015 -11.157682 0.001163 0.000015 0.000308 5.492876 0.060098 4.119756 -0.773109 -0.053697 -0.142368 -0.878618 -0.023702 -0.144580 0.000003 0.000053 -0.000003 2.760776 0.028510 -1.830396 -1.341682 -0.032341 -0.072302 -1.061216 -0.008120 -0.059635 -0.000356 0.000001 -0.000055 -5.031878 -0.014627 -10.350538 -3.643349 0.057080 0.073314 -3.165813 0.011734 0.058278 -0.000644 0.000011 0.000005 -11.071408 0.008152 -19.567368 -6.821230 0.094374 0.289004 -6.766386 0.026742 0.235883 0.000322 0.000006 -0.000047 0.000000 0.000000 0.000000 0.000000 0.000000 0.000000 -3.623074 -10.568547 17.326590 -0.123566 -0.881577 5.912226 -0.199642 -7.416681 15.787047 -1.098010 1.111370 -17.484465 0.000000 0.000000 0.000000 0.000000 0.000000 0.000000 0.000000 0.000000 0.000000 0.582441 -3.618390 11.325598 0.129427 0.512570 11.827903 1.857594 0.251188 15.653022 0.226047 -0.633693 -20.359451 0.000000 0.000000 0.000000 0.000000 0.000000 0.000000 0.000000 0.000000 0.000000 
0.161051 88.344193 4.231813 0.459184 2.107589 -12.354299 0.930499 0.087810 7.505781 0.509034 -0.058542 1.786712 -1.205748 0.424868 6.008841 -1.230441 0.168425 5.012691 0.069695 0.264331 3.863683 0.078502 0.613396 -3.789368 -0.190425 -1.003742 -19.800941 0.000000 0.000000 0.000000 88.522415 -0.264442 9.329918 57.311253 -9.858315 4.833055 -0.995636 17.221111 85.958054 11.234985 26.375866 3.245281 7.793567 -1.510430 41.218323 -0.000003 0.000011 -18.829981 0.000007 0.000057 -13.086712 0.000010 -0.000001 -0.000016 -1.346397 0.098552 1.319179 1.378846 -0.053472 0.237766 1.273426 -0.037383 0.207654 -0.000013 0.000031 -0.000013 -1.206047 0.020899 -3.378604 1.224233 -0.039525 0.092125 1.242560 -0.018070 0.093295 0.000001 0.000051 0.000006 1.243635 -0.022540 -10.065420 1.893941 0.077953 -0.230064 2.015779 0.045142 -0.158069 -0.000001 -0.000362 -0.000004 4.009375 0.005863 -17.597120 3.068410 0.212882 -0.633853 2.981999 0.106070 -0.553839 0.000049 0.000007 -0.000023 0.000000 0.000000 0.000000 0.000000 0.000000 0.000000 -85.435730 -0.337313 3.420890 -73.740921 0.348504 -11.536259 -0.298926 -17.111355 98.410629 -42.931442 -51.669754 20.534206 -6.543473 1.260406 41.749390 0.000015 0.000022 -16.107143 0.000020 -0.000015 -11.254504 0.001188 0.000015 0.000297 5.182262 0.058524 4.003641 -0.797835 -0.057704 -0.154556 -0.902654 -0.027706 -0.153562 0.000003 0.000001 -0.000003 2.445091 0.027905 -1.908171 -1.364922 -0.033826 -0.076949 -1.084087 -0.009357 -0.063188 -0.000389 0.000001 -0.000049 -5.364354 -0.014057 -10.361033 -3.699520 0.059532 0.079639 -3.219299 0.013460 0.062922 -0.000633 0.000011 0.000005 -11.414964 0.009387 -19.534220 -6.909225 0.101066 0.309568 -6.854750 0.032815 0.251186 0.000316 0.000006 -0.000047 0.000000 0.000000 0.000000 0.000000 0.000000 0.000000 -3.615360 -10.583671 17.321875 -0.123235 -0.879627 5.909325 -0.192413 -7.411736 15.788072 -1.096827 1.109979 -17.481972 0.000000 0.000000 0.000000 0.000000 0.000000 0.000000 0.000000 0.000000 0.000000 0.596811 -3.611786 11.293360 0.129807 0.514223 11.861609 1.844888 0.290082 15.655110 0.229348 -0.633814 -20.358971 0.000000 0.000000 0.000000 0.000000 0.000000 0.000000 0.000000 0.000000 0.000000 
0.147999 88.350204 4.230975 0.461637 2.096272 -12.338651 0.936249 0.088605 7.498781 0.496469 -0.054907 1.799086 -1.187578 0.429132 5.972825 -1.238043 0.176064 5.022384 0.080961 0.247174 3.959874 0.078081 0.589213 -3.736526 -0.185900 -1.010622 -19.826767 0.000000 0.000000 0.000000 88.481537 -0.252763 9.321111 57.221226 -9.854476 4.938667 -0.988065 17.175779 86.092636 11.781468 26.784639 3.346177 7.913922 -1.525962 41.161522 -0.000002 0.000011 -19.133554 0.000007 0.000057 -13.290359 0.000009 -0.000001 -0.000016 -0.736753 0.096259 1.156516 1.610126 -0.054773 0.234474 1.502075 -0.038822 0.204626 -0.000013 0.000031 -0.000013 -0.582606 0.019859 -3.482690 1.448929 -0.040006 0.090816 1.465552 -0.018596 0.092263 0.000000 0.000054 0.000006 1.902569 -0.021640 -10.085446 2.136953 0.078890 -0.228394 2.253332 0.045827 -0.156630 -0.000001 -0.000343 -0.000004 4.618087 0.007689 -17.551867 3.301527 0.216309 -0.628993 3.208412 0.108630 -0.550680 0.000042 0.000007 -0.000023 0.000000 0.000000 0.000000 0.000000 0.000000 0.000000 -85.403458 -0.339795 3.366912 -73.865234 -0.017962 -11.451518 -0.321140 -17.199993 98.270325 -43.513561 -51.974102 21.093401 -6.594378 1.269016 41.722805 0.000015 0.000022 -16.236439 0.000023 -0.000015 -11.346790 0.001207 0.000015 0.000277 4.886889 0.057034 3.883656 -0.823677 -0.061364 -0.166113 -0.927457 -0.031398 -0.161977 0.000004 -0.000054 -0.000003 2.148922 0.027398 -1.987419 -1.387459 -0.035183 -0.081260 -1.106909 -0.010502 -0.066509 -0.000418 0.000001 -0.000044 -5.670809 -0.013518 -10.369892 -3.752053 0.061801 0.085567 -3.269310 0.015068 0.067182 -0.000620 0.000011 0.000005 -11.727807 0.010654 -19.494097 -6.989542 0.107227 0.328795 -6.934894 0.038461 0.265150 0.000311 0.000006 -0.000047 0.000000 0.000000 0.000000 0.000000 0.000000 0.000000 -3.607890 -10.597674 17.315571 -0.122747 -0.877460 5.905899 -0.183442 -7.409975 15.786441 -1.096368 1.108212 -17.478567 0.000000 0.000000 0.000000 0.000000 0.000000 0.000000 0.000000 0.000000 0.000000 0.607060 -3.604607 11.259756 0.130035 0.515531 11.892179 1.834199 0.324690 15.658569 0.232371 -0.633766 -20.357578 0.000000 0.000000 0.000000 0.000000 0.000000 0.000000 0.000000 0.000000 0.000000 
0.133746 88.356041 4.230636 0.465075 2.090929 -12.321600 0.940419 0.088827 7.492273 0.483882 -0.051852 1.808977 -1.168513 0.431830 5.937599 -1.243811 0.183185 5.033492 0.092496 0.234385 4.048952 0.078468 0.572772 -3.683688 -0.183461 -1.017287 -19.849548 0.000000 0.000000 0.000000 88.445526 -0.244197 9.307338 57.129200 -9.913037 5.026711 -0.982136 17.118401 86.260323 12.310637 27.120827 3.435354 8.046138 -1.542663 41.099358 -0.000002 0.000011 -19.466499 0.000007 0.000057 -13.515281 0.000009 -0.000002 -0.000016 -0.068078 0.093948 0.958755 1.876305 -0.055450 0.227893 1.766012 -0.039662 0.198566 -0.000013 0.000031 -0.000013 0.098093 0.018825 -3.612223 1.707996 -0.040237 0.088205 1.723277 -0.018914 0.090199 -0.000000 0.000056 0.000007 2.615310 -0.020712 -10.119716 2.416259 0.079370 -0.225047 2.527120 0.046146 -0.153877 -0.000001 -0.000326 -0.000004 5.268485 0.009286 -17.508368 3.566341 0.218471 -0.619662 3.466303 0.110195 -0.543795 0.000036 0.000007 -0.000022 0.000000 0.000000 0.000000 0.000000 0.000000 0.000000 -85.374420 -0.341592 3.311271 -73.974617 -0.351083 -11.379840 -0.342458 -17.275576 98.113594 -43.913242 -52.237022 21.504641 -6.643608 1.277333 41.697479 0.000014 0.000022 -16.360992 0.000025 -0.000015 -11.435379 0.001218 0.000015 0.000247 4.607354 0.055649 3.759393 -0.849742 -0.064674 -0.176965 -0.952185 -0.034778 -0.169786 0.000004 -0.000110 -0.000003 1.873355 0.026993 -2.069637 -1.408827 -0.036418 -0.085186 -1.129409 -0.011549 -0.069582 -0.000441 0.000001 -0.000038 -5.949699 -0.013000 -10.381193 -3.801257 0.063872 0.090997 -3.316329 0.016543 0.070980 -0.000604 0.000011 0.000005 -12.007344 0.012022 -19.453148 -7.063424 0.112834 0.346257 -7.008316 0.043617 0.277459 0.000306 0.000006 -0.000047 0.000000 0.000000 0.000000 0.000000 0.000000 0.000000 -3.599922 -10.611547 17.308416 -0.122119 -0.875131 5.902372 -0.173228 -7.410921 15.781790 -1.096551 1.106027 -17.474218 0.000000 0.000000 0.000000 0.000000 0.000000 0.000000 0.000000 0.000000 0.000000 0.613594 -3.597582 11.226067 0.130085 0.516397 11.917653 1.826051 0.354445 15.663831 0.235112 -0.633466 -20.354759 0.000000 0.000000 0.000000 0.000000 0.000000 0.000000 0.000000 0.000000 0.000000 
0.118266 88.361488 4.230512 0.468585 2.090460 -12.301856 0.943747 0.088449 7.486499 0.472276 -0.049653 1.815517 -1.149093 0.433257 5.903371 -1.247554 0.189885 5.043578 0.104833 0.226161 4.126913 0.079692 0.565194 -3.633122 -0.183578 -1.023950 -19.868422 0.000000 0.000000 0.000000 88.416061 -0.238572 9.289144 57.037033 -10.016916 5.096200 -0.977878 17.051317 86.464722 12.824519 27.385050 3.511656 8.190144 -1.560392 41.032032 -0.000002 0.000011 -19.827967 0.000007 0.000057 -13.761003 0.000009 -0.000002 -0.000016 0.654603 0.091663 0.726155 2.180105 -0.055463 0.217607 2.067779 -0.039837 0.189151 -0.000013 0.000032 -0.000013 0.830358 0.017788 -3.767334 2.004109 -0.040210 0.084140 2.018622 -0.018997 0.086984 -0.000001 0.000057 0.000007 3.375216 -0.019761 -10.170297 2.733392 0.079367 -0.219934 2.839034 0.046074 -0.149747 -0.000001 -0.000314 -0.000004 5.954747 0.010646 -17.470423 3.863846 0.219358 -0.605777 3.756994 0.110702 -0.533034 0.000030 0.000007 -0.000022 0.000000 0.000000 0.000000 0.000000 0.000000 0.000000 -85.351349 -0.342083 3.254369 -74.064629 -0.655744 -11.323517 -0.362280 -17.338036 97.952156 -44.147491 -52.456951 21.775936 -6.691738 1.285409 41.673256 0.000014 0.000022 -16.481823 0.000028 -0.000015 -11.521080 0.001219 0.000016 0.000210 4.342978 0.054385 3.629472 -0.875894 -0.067641 -0.187041 -0.976640 -0.037843 -0.176947 0.000004 -0.000165 -0.000003 1.617666 0.026691 -2.156918 -1.429309 -0.037541 -0.088711 -1.151896 -0.012494 -0.072387 -0.000462 0.000001 -0.000033 -6.202079 -0.012478 -10.399060 -3.847914 0.065758 0.095859 -3.361358 0.017883 0.074281 -0.000588 0.000011 0.000005 -12.253757 0.013545 -19.417223 -7.132459 0.117930 0.361740 -7.076598 0.048267 0.287963 0.000303 0.000006 -0.000048 0.000000 0.000000 0.000000 0.000000 0.000000 0.000000 -3.590757 -10.625970 17.299984 -0.121382 -0.872677 5.898960 -0.161681 -7.413724 15.774543 -1.097248 1.103478 -17.469469 0.000000 0.000000 0.000000 0.000000 0.000000 0.000000 0.000000 0.000000 0.000000 0.617525 -3.590586 11.190892 0.129955 0.516764 11.938848 1.820027 0.378795 15.670627 0.237515 -0.632978 -20.350719 0.000000 0.000000 0.000000 0.000000 0.000000 0.000000 0.000000 0.000000 0.000000 
0.101689 88.366447 4.230485 0.471296 2.094232 -12.279591 0.947399 0.087475 7.481462 0.462527 -0.048433 1.818708 -1.130139 0.435360 5.870902 -1.249436 0.196815 5.051325 0.118471 0.221677 4.192864 0.081389 0.565800 -3.586254 -0.186142 -1.030582 -19.884764 0.000000 0.000000 0.000000 88.391373 -0.234904 9.268571 56.952293 -10.153007 5.143017 -0.976090 16.977345 86.712502 13.328852 27.585667 3.576020 8.344348 -1.578835 40.960461 -0.000003 0.000012 -20.213505 0.000007 0.000057 -14.024523 0.000009 -0.000002 -0.000016 1.420023 0.089398 0.465109 2.520214 -0.054794 0.203600 2.405977 -0.039319 0.176413 -0.000013 0.000032 -0.000013 1.602780 0.016729 -3.943512 2.336212 -0.039921 0.078613 2.350524 -0.018824 0.082617 -0.000001 0.000058 0.000007 4.170715 -0.018790 -10.236097 3.086327 0.078868 -0.213101 3.187209 0.045601 -0.144284 -0.000001 -0.000308 -0.000004 6.667658 0.011788 -17.440226 4.192352 0.218956 -0.587464 4.078866 0.110133 -0.518450 0.000025 0.000007 -0.000022 0.000000 0.000000 0.000000 0.000000 0.000000 0.000000 -85.335197 -0.340819 3.196420 -74.138618 -0.938314 -11.284748 -0.379670 -17.390661 97.804688 -44.262455 -52.633560 21.940071 -6.737669 1.293077 41.650578 0.000014 0.000022 -16.596157 0.000031 -0.000015 -11.602033 0.001211 0.000016 0.000170 4.100106 0.053218 3.497164 -0.899474 -0.070296 -0.196479 -0.998233 -0.040626 -0.183566 0.000005 -0.000218 -0.000002 1.386860 0.026477 -2.247379 -1.446665 -0.038562 -0.091906 -1.172094 -0.013345 -0.074965 -0.000482 0.000001 -0.000028 -6.425241 -0.011942 -10.423578 -3.890037 0.067465 0.100244 -3.402494 0.019098 0.077171 -0.000572 0.000011 0.000005 -12.466942 0.015188 -19.389503 -7.196084 0.122585 0.375586 -7.139285 0.052460 0.296953 0.000299 0.000006 -0.000048 0.000000 0.000000 0.000000 0.000000 0.000000 0.000000 -3.579250 -10.641342 17.290672 -0.120555 -0.870059 5.895540 -0.149411 -7.417966 15.764812 -1.098399 1.100677 -17.463625 0.000000 0.000000 0.000000 0.000000 0.000000 0.000000 0.000000 0.000000 0.000000 0.620155 -3.583564 11.152844 0.129646 0.516520 11.957604 1.815733 0.399302 15.678630 0.239703 -0.632314 -20.345776 0.000000 0.000000 0.000000 0.000000 0.000000 0.000000 0.000000 0.000000 0.000000 
0.084155 88.370834 4.230516 0.473306 2.101870 -12.254161 0.951837 0.085845 7.476965 0.454315 -0.047977 1.818337 -1.112493 0.439598 5.840719 -1.249044 0.204518 5.056772 0.137541 0.219650 4.249324 0.083911 0.574335 -3.542345 -0.190810 -1.037057 -19.900425 0.000000 0.000000 0.000000 88.368759 -0.232622 9.246540 56.883797 -10.314740 5.164883 -0.977827 16.900005 87.003990 13.823258 27.728531 3.623642 8.507814 -1.597890 40.885090 -0.000003 0.000012 -20.620653 0.000007 0.000057 -14.303911 0.000009 -0.000002 -0.000016 2.225679 0.087137 0.182621 2.897527 -0.053497 0.185861 2.781716 -0.038151 0.160350 -0.000013 0.000032 -0.000013 2.412113 0.015636 -4.134852 2.705169 -0.039388 0.071612 2.719820 -0.018398 0.077077 -0.000001 0.000058 0.000007 4.996986 -0.017834 -10.312037 3.474765 0.077926 -0.204550 3.571321 0.044742 -0.137506 -0.000001 -0.000307 -0.000004 7.402246 0.012666 -17.413841 4.551101 0.217387 -0.564815 4.431247 0.108590 -0.500113 0.000020 0.000007 -0.000022 0.000000 0.000000 0.000000 0.000000 0.000000 0.000000 -85.325188 -0.337856 3.136436 -74.203751 -1.198769 -11.266965 -0.394343 -17.436068 97.693390 -44.290016 -52.767227 22.021683 -6.781672 1.300405 41.629253 0.000013 0.000022 -16.704435 0.000034 -0.000015 -11.678529 0.001196 0.000016 0.000132 3.873502 0.052152 3.364712 -0.921614 -0.072625 -0.205025 -1.018110 -0.043102 -0.189367 0.000005 -0.000269 -0.000002 1.175265 0.026345 -2.338715 -1.462027 -0.039468 -0.094705 -1.191068 -0.014094 -0.077230 -0.000503 0.000001 -0.000023 -6.625620 -0.011413 -10.451952 -3.928881 0.068995 0.104087 -3.440810 0.020188 0.079607 -0.000556 0.000010 0.000005 -12.654051 0.016757 -19.367697 -7.255674 0.126818 0.387888 -7.197530 0.056237 0.304499 0.000293 0.000006 -0.000048 0.000000 0.000000 0.000000 0.000000 0.000000 0.000000 -3.565568 -10.657213 17.281134 -0.119656 -0.867234 5.891382 -0.136769 -7.423816 15.752749 -1.100032 1.097693 -17.455999 0.000000 0.000000 0.000000 0.000000 0.000000 0.000000 0.000000 0.000000 0.000000 0.621406 -3.576233 11.110413 0.129153 0.515569 11.974977 1.812300 0.417507 15.687732 0.241900 -0.631696 -20.340254 0.000000 0.000000 0.000000 0.000000 0.000000 0.000000 0.000000 0.000000 0.000000 
0.065711 88.374535 4.230695 0.475379 2.113566 -12.226713 0.956583 0.083655 7.473857 0.447576 -0.047971 1.813545 -1.096433 0.445587 5.815004 -1.246537 0.212827 5.059626 0.163597 0.219456 4.295518 0.087591 0.590850 -3.501658 -0.197462 -1.043515 -19.914812 0.000000 0.000000 0.000000 88.349350 -0.232223 9.223523 56.831360 -10.490993 5.165196 -0.982565 16.826035 87.336082 14.310328 27.820818 3.653889 8.680214 -1.617449 40.806061 -0.000003 0.000012 -21.048466 0.000007 0.000056 -14.598574 0.000008 -0.000003 -0.000016 3.072667 0.084980 -0.122487 3.314688 -0.051589 0.164387 3.197604 -0.036343 0.140975 -0.000013 0.000032 -0.000013 3.258302 0.014530 -4.342041 3.113328 -0.038629 0.063171 3.128952 -0.017729 0.070376 -0.000002 0.000057 0.000007 5.852807 -0.016921 -10.398579 3.900025 0.076565 -0.194398 3.992527 0.043515 -0.129514 -0.000001 -0.000310 -0.000004 8.157360 0.013273 -17.391354 4.940238 0.214749 -0.538335 4.814404 0.106134 -0.478489 0.000016 0.000007 -0.000021 0.000000 0.000000 0.000000 0.000000 0.000000 0.000000 -85.321960 -0.333160 3.074468 -74.259315 -1.434390 -11.270269 -0.406398 -17.476170 97.627388 -44.246914 -52.869183 22.033970 -6.825020 1.307480 41.608761 0.000013 0.000022 -16.809422 0.000036 -0.000015 -11.752510 0.001174 0.000016 0.000099 3.654945 0.051242 3.231402 -0.945520 -0.074542 -0.212248 -1.039503 -0.045176 -0.193991 0.000005 -0.000317 -0.000002 0.974744 0.026321 -2.430985 -1.478513 -0.040232 -0.096971 -1.212062 -0.014720 -0.079086 -0.000524 0.000001 -0.000019 -6.810144 -0.010902 -10.483895 -3.967368 0.070325 0.107244 -3.479290 0.021122 0.081496 -0.000540 0.000010 0.000005 -12.820452 0.018214 -19.350828 -7.313246 0.130578 0.398417 -7.253526 0.059534 0.310504 0.000285 0.000006 -0.000048 0.000000 0.000000 0.000000 0.000000 0.000000 0.000000 -3.550956 -10.672843 17.273333 -0.118727 -0.864271 5.886437 -0.123639 -7.431199 15.737827 -1.102294 1.094589 -17.446690 0.000000 0.000000 0.000000 0.000000 0.000000 0.000000 0.000000 0.000000 0.000000 0.620557 -3.568596 11.065577 0.128496 0.514036 11.990006 1.809462 0.432127 15.696835 0.244137 -0.631310 -20.333229 0.000000 0.000000 0.000000 0.000000 0.000000 0.000000 0.000000 0.000000 0.000000 
0.046464 88.377747 4.231397 0.478017 2.129910 -12.200232 0.961912 0.080958 7.472746 0.442725 -0.048343 1.805652 -1.082323 0.454511 5.795746 -1.243374 0.221964 5.060621 0.193502 0.219727 4.331834 0.091731 0.612284 -3.464919 -0.204997 -1.049846 -19.929426 0.000000 0.000000 0.000000 88.331490 -0.233682 9.201017 56.802204 -10.667609 5.140893 -0.990058 16.759960 87.715927 14.796301 27.880886 3.679782 8.859873 -1.637253 40.724159 -0.000003 0.000012 -21.492901 0.000007 0.000056 -14.905634 0.000008 -0.000003 -0.000016 3.953747 0.083003 -0.447278 3.767740 -0.049163 0.139836 3.649740 -0.033993 0.118865 -0.000013 0.000032 -0.000013 4.134120 0.013445 -4.563407 3.556721 -0.037681 0.053566 3.573935 -0.016845 0.062725 -0.000002 0.000057 0.000007 6.731927 -0.016045 -10.496403 4.357796 0.074831 -0.182974 4.446475 0.041970 -0.120565 -0.000001 -0.000316 -0.000004 8.928775 0.013612 -17.375320 5.355977 0.211170 -0.508837 5.224444 0.102879 -0.454297 0.000012 0.000007 -0.000021 0.000000 0.000000 0.000000 0.000000 0.000000 0.000000 -85.325142 -0.326620 3.011232 -74.308304 -1.649082 -11.293824 -0.415381 -17.513935 97.615250 -44.174618 -52.948578 22.011919 -6.867742 1.314212 41.589153 0.000012 0.000022 -16.911228 0.000039 -0.000015 -11.823971 0.001147 0.000016 0.000069 3.442875 0.050511 3.097839 -0.973676 -0.076050 -0.218147 -1.065110 -0.046857 -0.197462 0.000006 -0.000362 -0.000003 0.783513 0.026412 -2.523797 -1.498353 -0.040860 -0.098715 -1.237368 -0.015227 -0.080566 -0.000548 0.000001 -0.000015 -6.980711 -0.010427 -10.518776 -4.007055 0.071458 0.109778 -3.519486 0.021910 0.082888 -0.000524 0.000010 0.000006 -12.969533 0.019474 -19.338881 -7.369785 0.133918 0.407367 -7.308777 0.062392 0.315222 0.000276 0.000005 -0.000049 0.000000 0.000000 0.000000 0.000000 0.000000 0.000000 -3.535836 -10.688063 17.270994 -0.117770 -0.861164 5.881026 -0.110960 -7.440554 15.719177 -1.105245 1.091492 -17.434719 0.000000 0.000000 0.000000 0.000000 0.000000 0.000000 0.000000 0.000000 0.000000 0.617697 -3.560911 11.022599 0.127689 0.511998 12.002031 1.807685 0.443779 15.705683 0.246438 -0.631032 -20.323896 0.000000 0.000000 0.000000 0.000000 0.000000 0.000000 0.000000 0.000000 0.000000 
0.026602 88.380806 4.232855 0.482167 2.151348 -12.176667 0.968456 0.077541 7.472945 0.439168 -0.049072 1.796843 -1.070502 0.467841 5.783175 -1.240641 0.232213 5.061685 0.225802 0.218458 4.362996 0.095832 0.634995 -3.431035 -0.211654 -1.055599 -19.947756 0.000000 0.000000 0.000000 88.311043 -0.236901 9.179655 56.810097 -10.835371 5.085478 -1.000914 16.703508 88.149208 15.280678 27.927662 3.713099 9.045082 -1.657126 40.640148 -0.000003 0.000013 -21.949993 0.000007 0.000056 -15.221858 0.000008 -0.000003 -0.000016 4.862700 0.081233 -0.782619 4.252357 -0.046433 0.113116 4.134388 -0.031331 0.094801 -0.000013 0.000033 -0.000013 5.033103 0.012416 -4.791929 4.031085 -0.036622 0.043141 4.050368 -0.015814 0.054391 -0.000003 0.000055 0.000007 7.627532 -0.015230 -10.600446 4.843263 0.072858 -0.170619 4.928385 0.040208 -0.110927 -0.000001 -0.000326 -0.000004 9.709741 0.013591 -17.362661 5.793850 0.207021 -0.477215 5.656956 0.099152 -0.428282 0.000008 0.000007 -0.000021 0.000000 0.000000 0.000000 0.000000 0.000000 0.000000 -85.333183 -0.318366 2.946412 -74.358101 -1.846704 -11.338649 -0.421190 -17.550871 97.665718 -44.100914 -53.008030 21.984413 -6.910141 1.320618 41.570175 0.000012 0.000022 -17.010654 0.000041 -0.000015 -11.893309 0.001119 0.000016 0.000043 3.231832 0.049976 2.965542 -1.010521 -0.077227 -0.222749 -1.099450 -0.048231 -0.199779 0.000006 -0.000401 -0.000003 0.596274 0.026610 -2.615202 -1.525305 -0.041369 -0.099966 -1.270489 -0.015641 -0.081680 -0.000573 0.000001 -0.000012 -7.142548 -0.010044 -10.552523 -4.050395 0.072437 0.111802 -3.563505 0.022597 0.083843 -0.000506 0.000010 0.000006 -13.108132 0.020260 -19.327053 -7.426434 0.137007 0.415191 -7.364473 0.064991 0.319034 0.000265 0.000005 -0.000049 0.000000 0.000000 0.000000 0.000000 0.000000 0.000000 -3.520845 -10.702741 17.276838 -0.116778 -0.857889 5.874833 -0.100019 -7.452757 15.696548 -1.108837 1.088462 -17.418839 0.000000 0.000000 0.000000 0.000000 0.000000 0.000000 0.000000 0.000000 0.000000 0.612504 -3.552765 10.984447 0.126723 0.509419 12.009994 1.806628 0.455071 15.715776 0.248893 -0.630843 -20.312586 0.000000 0.000000 0.000000 0.000000 0.000000 0.000000 0.000000 0.000000 0.000000 
0.006202 88.383705 4.234761 0.488502 2.178455 -12.156718 0.975394 0.073557 7.474273 0.436382 -0.050114 1.788404 -1.061759 0.483669 5.776715 -1.238573 0.242818 5.062759 0.257493 0.215158 4.386699 0.100071 0.657752 -3.401387 -0.216717 -1.060588 -19.967627 0.000000 0.000000 0.000000 88.290466 -0.242327 9.161493 56.848610 -10.987988 5.009634 -1.013758 16.660725 88.616409 15.766578 27.974670 3.759014 9.234891 -1.676745 40.554680 -0.000004 0.000013 -22.416882 0.000007 0.000056 -15.545053 0.000007 -0.000003 -0.000016 5.795877 0.079761 -1.128475 4.770821 -0.043390 0.084338 4.654091 -0.028341 0.068866 -0.000013 0.000033 -0.000013 5.949926 0.011478 -5.027033 4.538248 -0.035450 0.031979 4.560169 -0.014644 0.045441 -0.000003 0.000054 0.000007 8.531516 -0.014500 -10.709919 5.357031 0.070668 -0.157555 5.438829 0.038263 -0.100762 -0.000002 -0.000338 -0.000004 10.492496 0.013180 -17.352919 6.252732 0.202470 -0.444492 6.111218 0.095069 -0.401212 0.000004 0.000007 -0.000021 0.000000 0.000000 0.000000 0.000000 0.000000 0.000000 -85.344940 -0.308735 2.882117 -74.402176 -2.021348 -11.399183 -0.424199 -17.585737 97.760895 -44.011909 -53.054825 21.939720 -6.954133 1.326719 41.551197 0.000011 0.000022 -17.112038 0.000042 -0.000015 -11.963807 0.001088 0.000016 0.000020 3.013851 0.049673 2.829713 -1.062788 -0.077963 -0.225580 -1.149039 -0.049185 -0.200615 0.000006 -0.000436 -0.000003 0.404544 0.026936 -2.708119 -1.565886 -0.041715 -0.100561 -1.317388 -0.015932 -0.082315 -0.000599 0.000001 -0.000008 -7.303113 -0.009746 -10.585760 -4.102752 0.073239 0.113225 -3.616827 0.023155 0.084301 -0.000486 0.000009 0.000006 -13.242206 0.020603 -19.312702 -7.486993 0.139813 0.421743 -7.424217 0.067265 0.321922 0.000254 0.000005 -0.000049 0.000000 0.000000 0.000000 0.000000 0.000000 0.000000 -3.507668 -10.718039 17.290787 -0.115826 -0.854628 5.867857 -0.090348 -7.468391 15.671156 -1.113004 1.085584 -17.399944 0.000000 0.000000 0.000000 0.000000 0.000000 0.000000 0.000000 0.000000 0.000000 0.605269 -3.543579 10.952459 0.125666 0.506456 12.013410 1.806071 0.464237 15.727592 0.251231 -0.630751 -20.300253 0.000000 0.000000 0.000000 0.000000 0.000000 0.000000 0.000000 0.000000 0.000000 
-0.014816 88.386497 4.236784 0.496019 2.211869 -12.141560 0.982022 0.069618 7.476430 0.435827 -0.051860 1.782874 -1.057476 0.501631 5.773118 -1.238549 0.253110 5.064832 0.278162 0.209773 4.397887 0.103844 0.676376 -3.378870 -0.219622 -1.065009 -19.986614 0.000000 0.000000 0.000000 88.272209 -0.249423 9.150348 56.908779 -11.118142 4.921026 -1.027550 16.629562 89.101593 16.266886 28.039104 3.836852 9.424242 -1.695418 40.470234 -0.000004 0.000013 -22.881062 0.000007 0.000055 -15.866491 0.000007 -0.000003 -0.000016 6.727748 0.078734 -1.476317 5.307171 -0.040040 0.054472 5.192606 -0.025041 0.041931 -0.000012 0.000033 -0.000013 6.859961 0.010678 -5.263645 5.062323 -0.034149 0.020468 5.087646 -0.013346 0.036192 -0.000003 0.000052 0.000008 9.421140 -0.013841 -10.825647 5.884389 0.068266 -0.144295 5.963371 0.036174 -0.090439 -0.000002 -0.000353 -0.000004 11.260304 0.012494 -17.352636 6.720916 0.197592 -0.412059 6.575475 0.090681 -0.374109 -0.000002 0.000007 -0.000021 0.000000 0.000000 0.000000 0.000000 0.000000 0.000000 -85.358734 -0.298093 2.821475 -74.430504 -2.173941 -11.468809 -0.423626 -17.615284 97.881744 -43.941204 -53.083675 21.896070 -7.000288 1.332382 41.532104 0.000011 0.000022 -17.217167 0.000044 -0.000014 -12.036950 0.001055 0.000016 -0.000006 2.790950 0.049665 2.687727 -1.133058 -0.078215 -0.226755 -1.216532 -0.049693 -0.200136 0.000007 -0.000467 -0.000003 0.209732 0.027397 -2.806159 -1.622868 -0.041883 -0.100515 -1.380357 -0.016083 -0.082499 -0.000623 0.000001 -0.000005 -7.461071 -0.009512 -10.623938 -4.166792 0.073857 0.114111 -3.682622 0.023584 0.084334 -0.000465 0.000009 0.000006 -13.370976 0.020679 -19.301718 -7.554825 0.142408 0.427075 -7.491686 0.069187 0.323975 0.000243 0.000004 -0.000050 0.000000 0.000000 0.000000 0.000000 0.000000 0.000000 -3.496694 -10.737599 17.312473 -0.114961 -0.851520 5.861543 -0.081526 -7.488066 15.644144 -1.117526 1.083143 -17.378933 0.000000 0.000000 0.000000 0.000000 0.000000 0.000000 0.000000 0.000000 0.000000 0.597851 -3.534930 10.927491 0.124606 0.503166 12.013637 1.807481 0.469107 15.741753 0.252958 -0.630313 -20.288147 0.000000 0.000000 0.000000 0.000000 0.000000 0.000000 0.000000 0.000000 0.000000 
-0.036281 88.389336 4.238515 0.503947 2.251178 -12.129633 0.988440 0.065817 7.478751 0.437269 -0.054426 1.780150 -1.057946 0.520947 5.769340 -1.240055 0.262800 5.068250 0.289236 0.201095 4.399105 0.107557 0.689108 -3.362479 -0.220121 -1.069038 -20.004627 0.000000 0.000000 0.000000 88.256134 -0.256935 9.147392 56.990612 -11.230408 4.826134 -1.042761 16.607054 89.584175 16.772738 28.130041 3.947933 9.609276 -1.712886 40.388439 -0.000004 0.000013 -23.333467 0.000007 0.000055 -16.179548 0.000006 -0.000002 -0.000016 7.639200 0.078134 -1.810374 5.848968 -0.036664 0.024495 5.737741 -0.021698 0.014853 -0.000012 0.000034 -0.000013 7.745323 0.010015 -5.489277 5.591262 -0.032822 0.008955 5.620476 -0.012008 0.026917 -0.000003 0.000050 0.000008 10.278252 -0.013280 -10.936803 6.413407 0.065869 -0.131232 6.490275 0.034090 -0.080252 -0.000003 -0.000368 -0.000005 11.995859 0.011482 -17.354033 7.188416 0.192973 -0.381011 7.039882 0.086491 -0.347897 -0.000009 0.000007 -0.000021 0.000000 0.000000 0.000000 0.000000 0.000000 0.000000 -85.374641 -0.286985 2.765730 -74.444733 -2.303084 -11.546836 -0.419836 -17.639143 98.022606 -43.903465 -53.095661 21.871202 -7.048976 1.337791 41.512527 0.000010 0.000022 -17.327341 0.000045 -0.000014 -12.113576 0.001022 0.000016 -0.000033 2.561488 0.049940 2.541607 -1.222126 -0.078168 -0.226562 -1.302912 -0.049934 -0.198494 0.000007 -0.000491 -0.000004 0.010328 0.027947 -2.907113 -1.697328 -0.041921 -0.099943 -1.460038 -0.016136 -0.082276 -0.000646 0.000000 -0.000002 -7.619383 -0.009363 -10.664635 -4.243751 0.074416 0.114609 -3.762050 0.023970 0.084051 -0.000442 0.000009 0.000006 -13.498715 0.020316 -19.290945 -7.631626 0.145116 0.431801 -7.568090 0.071045 0.325534 0.000232 0.000004 -0.000050 0.000000 0.000000 0.000000 0.000000 0.000000 0.000000 -3.487771 -10.762075 17.339911 -0.114223 -0.848650 5.854134 -0.073309 -7.511914 15.617427 -1.122317 1.081368 -17.356205 0.000000 0.000000 0.000000 0.000000 0.000000 0.000000 0.000000 0.000000 0.000000 0.590870 -3.527768 10.906268 0.123572 0.499576 12.012992 1.810030 0.471422 15.758748 0.253965 -0.629628 -20.277563 0.000000 0.000000 0.000000 0.000000 0.000000 0.000000 0.000000 0.000000 0.000000 
-0.058020 88.392426 4.239608 0.511842 2.295524 -12.120354 0.995266 0.062432 7.480635 0.440060 -0.057424 1.779807 -1.062337 0.542317 5.763339 -1.243291 0.272052 5.073690 0.293085 0.187835 4.397057 0.111301 0.693884 -3.348962 -0.217854 -1.072522 -20.022799 0.000000 0.000000 0.000000 88.240433 -0.263557 9.154290 57.092548 -11.330366 4.732117 -1.059740 16.589266 90.046913 17.284195 28.252251 4.094615 9.781452 -1.728465 40.312969 -0.000005 0.000013 -23.753780 0.000007 0.000055 -16.470083 0.000006 -0.000002 -0.000016 8.488398 0.077970 -2.108047 6.363826 -0.033530 -0.003664 6.257050 -0.018591 -0.010663 -0.000012 0.000034 -0.000013 8.566532 0.009517 -5.688361 6.093824 -0.031570 -0.001881 6.127056 -0.010724 0.018172 -0.000004 0.000048 0.000007 11.066205 -0.012813 -11.035044 6.914485 0.063676 -0.119074 6.989903 0.032159 -0.070742 -0.000004 -0.000382 -0.000005 12.668427 0.010289 -17.356295 7.630918 0.189051 -0.352710 7.480003 0.082887 -0.323745 -0.000019 0.000008 -0.000021 0.000000 0.000000 0.000000 0.000000 0.000000 0.000000 -85.392937 -0.275742 2.716625 -74.446060 -2.406691 -11.628992 -0.413086 -17.656311 98.172165 -43.922153 -53.087349 21.887501 -7.098385 1.342802 41.493073 0.000010 0.000022 -17.438869 0.000045 -0.000014 -12.191133 0.000992 0.000016 -0.000061 2.334118 0.050500 2.398421 -1.324724 -0.077987 -0.225558 -1.403204 -0.050074 -0.196098 0.000007 -0.000509 -0.000004 -0.185715 0.028552 -3.005865 -1.784585 -0.041876 -0.099035 -1.551493 -0.016133 -0.081769 -0.000668 0.000000 0.000000 -7.771157 -0.009310 -10.704905 -4.329332 0.074994 0.114912 -3.850801 0.024362 0.083597 -0.000418 0.000009 0.000006 -13.619446 0.019502 -19.279463 -7.714025 0.148101 0.436513 -7.649910 0.073023 0.327004 0.000221 0.000003 -0.000050 0.000000 0.000000 0.000000 0.000000 0.000000 0.000000 -3.480352 -10.791512 17.372379 -0.113597 -0.845987 5.844509 -0.066023 -7.539882 15.592303 -1.127295 1.080304 -17.331850 0.000000 0.000000 0.000000 0.000000 0.000000 0.000000 0.000000 0.000000 0.000000 0.584393 -3.524373 10.887379 0.122584 0.495747 12.011957 1.813527 0.473080 15.779163 0.254341 -0.628723 -20.268545 0.000000 0.000000 0.000000 0.000000 0.000000 0.000000 0.000000 0.000000 0.000000 
-0.079815 88.395905 4.239781 0.519563 2.343930 -12.113100 1.002667 0.059629 7.481995 0.442802 -0.060294 1.780002 -1.069295 0.564798 5.755451 -1.247580 0.281020 5.080073 0.294645 0.169182 4.397344 0.115366 0.690978 -3.335203 -0.212963 -1.075255 -20.040724 0.000000 0.000000 0.000000 88.226112 -0.268640 9.171892 57.206139 -11.426180 4.654007 -1.078008 16.574118 90.466011 17.799805 28.401495 4.266035 9.934829 -1.741848 40.246170 -0.000005 0.000013 -24.127779 0.000007 0.000054 -16.728260 0.000006 -0.000002 -0.000016 9.247176 0.078205 -2.355908 6.828409 -0.030820 -0.028936 6.727080 -0.015900 -0.033681 -0.000012 0.000034 -0.000013 9.296665 0.009196 -5.851555 6.547421 -0.030471 -0.011660 6.584562 -0.009577 0.010275 -0.000004 0.000046 0.000007 11.759008 -0.012445 -11.114511 7.365492 0.061837 -0.108239 7.439972 0.030493 -0.062228 -0.000004 -0.000393 -0.000005 13.255479 0.009017 -17.357708 8.028960 0.186174 -0.328004 7.876494 0.080157 -0.302411 -0.000030 0.000008 -0.000021 0.000000 0.000000 0.000000 0.000000 0.000000 0.000000 -85.414383 -0.264873 2.675997 -74.434219 -2.478328 -11.706729 -0.404307 -17.666229 98.311707 -43.985191 -53.058453 21.935854 -7.146200 1.347261 41.474545 0.000009 0.000022 -17.546503 0.000045 -0.000013 -12.266156 0.000969 0.000016 -0.000089 2.118934 0.051329 2.263638 -1.433227 -0.077772 -0.224005 -1.509802 -0.050198 -0.193148 0.000007 -0.000519 -0.000004 -0.369688 0.029201 -3.098402 -1.878004 -0.041776 -0.097897 -1.647777 -0.016100 -0.081034 -0.000686 0.000000 0.000003 -7.909284 -0.009333 -10.742924 -4.417647 0.075641 0.115083 -3.942913 0.024781 0.083032 -0.000394 0.000009 0.000006 -13.726146 0.018336 -19.266937 -7.796687 0.151392 0.441419 -7.731515 0.075190 0.328545 0.000209 0.000003 -0.000050 0.000000 0.000000 0.000000 0.000000 0.000000 0.000000 -3.474360 -10.824903 17.408718 -0.113089 -0.843475 5.831794 -0.059648 -7.571665 15.570327 -1.132384 1.079798 -17.306927 0.000000 0.000000 0.000000 0.000000 0.000000 0.000000 0.000000 0.000000 0.000000 0.578367 -3.525749 10.870207 0.121658 0.491851 12.010469 1.817401 0.474398 15.802350 0.254254 -0.627789 -20.260784 0.000000 0.000000 0.000000 0.000000 0.000000 0.000000 0.000000 0.000000 0.000000 
-0.101529 88.399849 4.238977 0.526730 2.395765 -12.108075 1.010972 0.057531 7.483071 0.444329 -0.062522 1.779235 -1.077231 0.587919 5.747326 -1.252443 0.290108 5.086037 0.298004 0.145113 4.404650 0.119799 0.681146 -3.318733 -0.205632 -1.077022 -20.058565 0.000000 0.000000 0.000000 88.212585 -0.271616 9.199888 57.326527 -11.525570 4.602097 -1.097219 16.559486 90.829788 18.312305 28.572119 4.448896 10.062334 -1.752747 40.190777 -0.000005 0.000013 -24.438581 0.000007 0.000054 -16.942448 0.000005 -0.000002 -0.000016 9.881395 0.078757 -2.542073 7.213672 -0.028781 -0.049915 7.118528 -0.013865 -0.052970 -0.000012 0.000034 -0.000013 9.903388 0.009051 -5.971716 6.923823 -0.029629 -0.019869 6.964635 -0.008664 0.003653 -0.000004 0.000043 0.000007 12.327455 -0.012160 -11.172153 7.738929 0.060514 -0.099271 7.812823 0.029221 -0.055141 -0.000005 -0.000400 -0.000005 13.733469 0.007824 -17.359766 8.358833 0.184686 -0.307895 8.205557 0.078596 -0.284845 -0.000042 0.000008 -0.000021 0.000000 0.000000 0.000000 0.000000 0.000000 0.000000 -85.438454 -0.255148 2.645175 -74.412109 -2.512889 -11.772705 -0.394144 -17.669716 98.427521 -44.085976 -53.012894 22.008461 -7.188387 1.350884 41.458435 0.000009 0.000022 -17.641232 0.000045 -0.000013 -12.332410 0.000955 0.000017 -0.000117 1.933370 0.052394 2.144325 -1.536333 -0.077639 -0.222374 -1.611506 -0.050408 -0.190053 0.000007 -0.000522 -0.000004 -0.526165 0.029878 -3.180136 -1.967364 -0.041663 -0.096725 -1.738571 -0.016069 -0.080200 -0.000701 0.000000 0.000005 -8.021406 -0.009403 -10.777146 -4.499437 0.076392 0.115263 -4.029055 0.025250 0.082491 -0.000373 0.000008 0.000006 -13.808775 0.016989 -19.255033 -7.871713 0.154998 0.446802 -7.804954 0.077603 0.330454 0.000199 0.000003 -0.000050 0.000000 0.000000 0.000000 0.000000 0.000000 0.000000 -3.469115 -10.860765 17.448393 -0.112672 -0.840982 5.815657 -0.054552 -7.606447 15.552155 -1.137467 1.079703 -17.282108 0.000000 0.000000 0.000000 0.000000 0.000000 0.000000 0.000000 0.000000 0.000000 0.573220 -3.532323 10.855368 0.120800 0.488072 12.008162 1.820932 0.475912 15.826903 0.254053 -0.626915 -20.253254 0.000000 0.000000 0.000000 0.000000 0.000000 0.000000 0.000000 0.000000 0.000000 
-0.123101 88.404305 4.237339 0.533078 2.450911 -12.106127 1.020439 0.056227 7.483804 0.443851 -0.063702 1.776798 -1.084605 0.611585 5.741021 -1.257958 0.299718 5.090918 0.305466 0.116367 4.422080 0.124423 0.665290 -3.298020 -0.196011 -1.077631 -20.077044 0.000000 0.000000 0.000000 88.197914 -0.272359 9.236997 57.449871 -11.635638 4.582828 -1.117099 16.542435 91.137230 18.807339 28.755487 4.625180 10.156643 -1.760906 40.149590 -0.000006 0.000014 -24.668756 0.000007 0.000054 -17.100630 0.000005 -0.000002 -0.000016 10.355499 0.079526 -2.656881 7.488641 -0.027709 -0.065038 7.400190 -0.012779 -0.067157 -0.000012 0.000034 -0.000013 10.352882 0.009078 -6.044012 7.192842 -0.029163 -0.025914 7.237041 -0.008104 -0.001207 -0.000004 0.000041 0.000007 12.741499 -0.011923 -11.207925 8.005391 0.059895 -0.092801 8.078950 0.028486 -0.049987 -0.000005 -0.000403 -0.000005 14.078329 0.006892 -17.367109 8.595166 0.184992 -0.293629 8.441683 0.078551 -0.272207 -0.000055 0.000008 -0.000021 0.000000 0.000000 0.000000 0.000000 0.000000 0.000000 -85.463760 -0.247172 2.624994 -74.382645 -2.506416 -11.821051 -0.383351 -17.667690 98.509323 -44.216927 -52.954956 22.092209 -7.219377 1.353195 41.446861 0.000008 0.000022 -17.710293 0.000045 -0.000013 -12.381043 0.000954 0.000017 -0.000147 1.802276 0.053650 2.049251 -1.620021 -0.077711 -0.221218 -1.694397 -0.050824 -0.187312 0.000007 -0.000519 -0.000005 -0.632660 0.030570 -3.245813 -2.039623 -0.041584 -0.095763 -1.810856 -0.016081 -0.079433 -0.000711 0.000000 0.000006 -8.088455 -0.009495 -10.806496 -4.562375 0.077279 0.115633 -4.096705 0.025798 0.082151 -0.000355 0.000008 0.000006 -13.852139 0.015659 -19.247490 -7.928547 0.158923 0.453002 -7.859815 0.080322 0.333138 0.000191 0.000003 -0.000051 0.000000 0.000000 0.000000 0.000000 0.000000 0.000000 -3.463901 -10.897914 17.491743 -0.112300 -0.838357 5.796216 -0.051186 -7.643960 15.537540 -1.142451 1.079887 -17.257738 0.000000 0.000000 0.000000 0.000000 0.000000 0.000000 0.000000 0.000000 0.000000 0.569276 -3.544387 10.844599 0.120003 0.484574 12.003607 1.823730 0.477593 15.851675 0.254100 -0.626100 -20.244526 0.000000 0.000000 0.000000 0.000000 0.000000 0.000000 0.000000 0.000000 0.000000 
-0.144426 88.408997 4.235104 0.538100 2.509596 -12.108088 1.030693 0.055751 7.484783 0.440785 -0.063529 1.770971 -1.090366 0.633821 5.739172 -1.263506 0.309597 5.093579 0.319018 0.084543 4.448112 0.129080 0.646216 -3.273592 -0.185159 -1.077296 -20.094570 0.000000 0.000000 0.000000 88.184227 -0.271550 9.280242 57.564140 -11.765557 4.604088 -1.136549 16.523060 91.384094 19.265043 28.933138 4.764555 10.213717 -1.766246 40.124092 -0.000006 0.000014 -24.808382 0.000008 0.000054 -17.196085 0.000005 -0.000002 -0.000016 10.647918 0.080502 -2.703002 7.636148 -0.027737 -0.073763 7.554371 -0.012761 -0.075759 -0.000012 0.000034 -0.000014 10.624466 0.009281 -6.071686 7.337446 -0.029137 -0.029551 7.384849 -0.007965 -0.004115 -0.000004 0.000039 0.000007 12.983280 -0.011709 -11.225610 8.147870 0.060059 -0.089097 8.221232 0.028354 -0.046994 -0.000005 -0.000403 -0.000005 14.275655 0.006395 -17.384634 8.722218 0.187256 -0.285809 8.569161 0.080131 -0.265166 -0.000066 0.000008 -0.000021 0.000000 0.000000 0.000000 0.000000 0.000000 0.000000 -85.489983 -0.241143 2.615289 -74.343636 -2.447734 -11.847415 -0.373108 -17.660517 98.550125 -44.331104 -52.883289 22.136848 -7.235277 1.353824 41.441494 0.000008 0.000022 -17.744390 0.000044 -0.000013 -12.405766 0.000966 0.000017 -0.000177 1.746309 0.055052 1.982230 -1.673946 -0.077919 -0.220211 -1.747971 -0.051362 -0.184751 0.000007 -0.000511 -0.000005 -0.670305 0.031275 -3.293690 -2.085270 -0.041528 -0.094952 -1.855285 -0.016117 -0.078672 -0.000714 0.000000 0.000008 -8.093931 -0.009571 -10.832755 -4.597311 0.078239 0.115984 -4.136734 0.026377 0.081914 -0.000341 0.000008 0.000006 -13.841880 0.014622 -19.249294 -7.958929 0.162917 0.459209 -7.888102 0.083146 0.336161 0.000186 0.000003 -0.000051 0.000000 0.000000 0.000000 0.000000 0.000000 0.000000 -3.458516 -10.934764 17.538210 -0.111937 -0.835552 5.774372 -0.049228 -7.684004 15.525999 -1.147182 1.080163 -17.234951 0.000000 0.000000 0.000000 0.000000 0.000000 0.000000 0.000000 0.000000 0.000000 0.566836 -3.562015 10.839293 0.119294 0.481617 11.996387 1.825704 0.476623 15.874635 0.254571 -0.625430 -20.233955 0.000000 0.000000 0.000000 0.000000 0.000000 0.000000 0.000000 0.000000 0.000000 
-0.165275 88.413254 4.232589 0.540500 2.572369 -12.114803 1.041098 0.055949 7.488097 0.435496 -0.061942 1.758925 -1.094544 0.651850 5.744646 -1.267411 0.319010 5.092505 0.340112 0.051697 4.477089 0.133578 0.627679 -3.247880 -0.175004 -1.076717 -20.107376 0.000000 0.000000 0.000000 88.177208 -0.269995 9.325165 57.656307 -11.923397 4.669572 -1.154073 16.503765 91.563469 19.660807 29.086994 4.833819 10.230907 -1.768647 40.115391 -0.000006 0.000014 -24.850666 0.000008 0.000054 -17.224504 0.000005 -0.000002 -0.000016 10.741739 0.081743 -2.692178 7.644944 -0.028864 -0.076008 7.568797 -0.013780 -0.078694 -0.000012 0.000034 -0.000014 10.703026 0.009647 -6.064049 7.346027 -0.029562 -0.030706 7.396518 -0.008267 -0.005026 -0.000003 0.000037 0.000006 13.041904 -0.011475 -11.231783 8.154987 0.060976 -0.088236 8.228189 0.028813 -0.046234 -0.000005 -0.000396 -0.000005 14.318194 0.006531 -17.417528 8.729373 0.191366 -0.284549 8.577251 0.083192 -0.263957 -0.000075 0.000008 -0.000020 0.000000 0.000000 0.000000 0.000000 0.000000 0.000000 -85.517265 -0.236927 2.614413 -74.291809 -2.321052 -11.852277 -0.363907 -17.647196 98.556305 -44.360405 -52.791538 22.075600 -7.236256 1.352813 41.442383 0.000008 0.000022 -17.743841 0.000044 -0.000013 -12.406914 0.000983 0.000017 -0.000202 1.769089 0.056557 1.939660 -1.697475 -0.078017 -0.218201 -1.771337 -0.051759 -0.181525 0.000007 -0.000502 -0.000005 -0.635646 0.031979 -3.326581 -2.103838 -0.041425 -0.093914 -1.871830 -0.016104 -0.077623 -0.000711 0.000000 0.000009 -8.034837 -0.009574 -10.859176 -4.603786 0.079117 0.115728 -4.148966 0.026871 0.081398 -0.000331 0.000008 0.000006 -13.773973 0.014167 -19.263384 -7.961874 0.166523 0.463425 -7.889185 0.085645 0.338120 0.000186 0.000003 -0.000051 0.000000 0.000000 0.000000 0.000000 0.000000 0.000000 -3.452587 -10.969570 17.586533 -0.111547 -0.832631 5.751678 -0.047594 -7.725732 15.516632 -1.151428 1.080335 -17.215170 0.000000 0.000000 0.000000 0.000000 0.000000 0.000000 0.000000 0.000000 0.000000 0.566885 -3.584854 10.839254 0.118737 0.479473 11.988794 1.826678 0.468685 15.892767 0.255471 -0.625035 -20.221989 0.000000 0.000000 0.000000 0.000000 0.000000 0.000000 0.000000 0.000000 0.000000 
-0.185037 88.416786 4.229812 0.541829 2.640938 -12.125564 1.050070 0.056354 7.495745 0.429424 -0.059449 1.740159 -1.099842 0.666735 5.760152 -1.268475 0.327600 5.087389 0.373436 0.019356 4.509748 0.138371 0.612825 -3.220484 -0.165606 -1.076198 -20.115471 0.000000 0.000000 0.000000 88.174591 -0.268250 9.366562 57.736958 -12.111417 4.770803 -1.169803 16.485577 91.680977 19.945976 29.213951 4.808878 10.203539 -1.767825 40.125496 -0.000006 0.000014 -24.784534 0.000008 0.000054 -17.178482 0.000005 -0.000002 -0.000016 10.614694 0.083109 -2.626985 7.496036 -0.031149 -0.070925 7.424438 -0.015883 -0.075215 -0.000012 0.000034 -0.000014 10.568659 0.010123 -6.024723 7.199813 -0.030480 -0.029048 7.252861 -0.009036 -0.003690 -0.000003 0.000035 0.000006 12.901102 -0.011173 -11.229010 8.008211 0.062654 -0.090545 8.081151 0.029875 -0.048005 -0.000006 -0.000377 -0.000005 14.194277 0.007402 -17.467686 8.600581 0.197214 -0.290542 8.449621 0.087662 -0.269228 -0.000081 0.000008 -0.000020 0.000000 0.000000 0.000000 0.000000 0.000000 0.000000 -85.544060 -0.234169 2.619190 -74.234245 -2.118682 -11.844848 -0.355788 -17.625671 98.546883 -44.258812 -52.683746 21.875368 -7.223392 1.350369 41.449032 0.000008 0.000022 -17.711117 0.000044 -0.000013 -12.385819 0.001007 0.000017 -0.000217 1.860497 0.058080 1.918802 -1.696343 -0.077932 -0.214889 -1.770164 -0.051918 -0.177438 0.000007 -0.000492 -0.000005 -0.538459 0.032625 -3.344541 -2.100111 -0.041258 -0.092573 -1.865729 -0.016026 -0.076243 -0.000707 0.000000 0.000010 -7.920694 -0.009478 -10.881991 -4.586365 0.079850 0.114748 -4.137286 0.027237 0.080505 -0.000321 0.000008 0.000006 -13.657234 0.014277 -19.283220 -7.940835 0.169499 0.465011 -7.866027 0.087644 0.338553 0.000191 0.000003 -0.000051 0.000000 0.000000 0.000000 0.000000 0.000000 0.000000 -3.447706 -11.001072 17.637157 -0.111068 -0.829495 5.726137 -0.045993 -7.768692 15.509103 -1.155487 1.080205 -17.198278 0.000000 0.000000 0.000000 0.000000 0.000000 0.000000 0.000000 0.000000 0.000000 0.567203 -3.609900 10.841166 0.118259 0.478124 11.982916 1.825608 0.453963 15.905802 0.256711 -0.625143 -20.208183 0.000000 0.000000 0.000000 0.000000 0.000000 0.000000 0.000000 0.000000 0.000000 
-0.203178 88.419342 4.226604 0.544999 2.717518 -12.140134 1.056098 0.056570 7.508430 0.422271 -0.056097 1.716458 -1.108150 0.679432 5.788244 -1.266633 0.334464 5.080060 0.423083 -0.010787 4.548555 0.144181 0.605049 -3.190458 -0.156431 -1.075738 -20.120306 0.000000 0.000000 0.000000 88.172783 -0.267717 9.398782 57.815979 -12.326505 4.896126 -1.184064 16.472309 91.751411 20.073685 29.304127 4.674186 10.129863 -1.763676 40.155094 -0.000006 0.000014 -24.606365 0.000009 0.000054 -17.055477 0.000006 -0.000002 -0.000016 10.263716 0.084427 -2.511485 7.185422 -0.034660 -0.058212 7.117561 -0.019151 -0.065082 -0.000012 0.000034 -0.000014 10.218322 0.010656 -5.957563 6.894876 -0.031934 -0.024439 6.949536 -0.010294 -0.000023 -0.000003 0.000032 0.000006 12.556762 -0.010769 -11.219794 7.703872 0.065119 -0.096119 7.776114 0.031556 -0.052425 -0.000006 -0.000339 -0.000006 13.898676 0.008957 -17.534454 8.331969 0.204812 -0.304164 8.182338 0.093592 -0.281269 -0.000084 0.000009 -0.000020 0.000000 0.000000 0.000000 0.000000 0.000000 0.000000 -85.569572 -0.231675 2.624573 -74.168640 -1.835256 -11.830692 -0.349526 -17.593079 98.534882 -43.980011 -52.546528 21.499987 -7.198093 1.346740 41.460739 0.000008 0.000022 -17.649511 0.000044 -0.000014 -12.344444 0.001041 0.000018 -0.000224 2.003819 0.059537 1.915396 -1.676971 -0.077688 -0.210398 -1.750678 -0.051860 -0.172616 0.000007 -0.000484 -0.000005 -0.393448 0.033168 -3.349488 -2.079142 -0.041050 -0.091002 -1.842523 -0.015911 -0.074614 -0.000704 0.000000 0.000010 -7.762246 -0.009279 -10.899106 -4.549735 0.080421 0.113127 -4.105527 0.027479 0.079271 -0.000309 0.000008 0.000006 -13.499000 0.014813 -19.302902 -7.898505 0.171743 0.464000 -7.821048 0.089130 0.337516 0.000199 0.000003 -0.000051 0.000000 0.000000 0.000000 0.000000 0.000000 0.000000 -3.446187 -11.028685 17.690777 -0.110423 -0.826049 5.697719 -0.044714 -7.813409 15.501935 -1.159543 1.079434 -17.184126 0.000000 0.000000 0.000000 0.000000 0.000000 0.000000 0.000000 0.000000 0.000000 0.563699 -3.634600 10.843691 0.117733 0.477501 11.978555 1.822487 0.433541 15.915299 0.258205 -0.625784 -20.192621 0.000000 0.000000 0.000000 0.000000 0.000000 0.000000 0.000000 0.000000 0.000000 
-0.219789 88.420250 4.222877 0.550390 2.803375 -12.159051 1.058800 0.056396 7.526403 0.413006 -0.051790 1.689437 -1.118618 0.687667 5.830040 -1.261637 0.337874 5.073326 0.490231 -0.037501 4.592687 0.151562 0.607483 -3.158180 -0.148063 -1.075552 -20.121296 0.000000 0.000000 0.000000 88.173294 -0.270202 9.415703 57.892986 -12.556626 5.030597 -1.196527 16.468735 91.788498 20.025597 29.334042 4.427085 10.014850 -1.756494 40.202030 -0.000006 0.000014 -24.328596 0.000009 0.000054 -16.864119 0.000006 -0.000002 -0.000017 9.716336 0.085688 -2.358225 6.732862 -0.039310 -0.038770 6.667636 -0.023501 -0.049117 -0.000012 0.000034 -0.000014 9.678715 0.011209 -5.870240 6.450452 -0.033887 -0.017197 6.505641 -0.011996 0.005683 -0.000003 0.000030 0.000006 12.031905 -0.010237 -11.207563 7.261693 0.068313 -0.104561 7.332624 0.033792 -0.059171 -0.000006 -0.000282 -0.000006 13.446612 0.011005 -17.614384 7.940373 0.214047 -0.324555 7.792047 0.100891 -0.299246 -0.000083 0.000009 -0.000019 0.000000 0.000000 0.000000 0.000000 0.000000 0.000000 -85.594307 -0.228384 2.625500 -74.082893 -1.470302 -11.811861 -0.344878 -17.546549 98.530945 -43.480228 -52.332714 20.904758 -7.165018 1.342484 41.475594 0.000008 0.000022 -17.570072 0.000044 -0.000014 -12.290503 0.001082 0.000018 -0.000225 2.172471 0.060914 1.923243 -1.648420 -0.077254 -0.204442 -1.721741 -0.051572 -0.166804 0.000007 -0.000479 -0.000005 -0.223018 0.033581 -3.346590 -2.048890 -0.040814 -0.089086 -1.810700 -0.015767 -0.072668 -0.000700 0.000000 0.000011 -7.574336 -0.008994 -10.914166 -4.501245 0.080782 0.110711 -4.061044 0.027572 0.077563 -0.000289 0.000008 0.000006 -13.306440 0.015639 -19.322979 -7.839671 0.173157 0.459824 -7.759588 0.090039 0.334516 0.000210 0.000003 -0.000051 0.000000 0.000000 0.000000 0.000000 0.000000 0.000000 -3.447702 -11.052519 17.746069 -0.109549 -0.822345 5.671011 -0.043907 -7.860698 15.493151 -1.163221 1.077753 -17.173763 0.000000 0.000000 0.000000 0.000000 0.000000 0.000000 0.000000 0.000000 0.000000 0.554910 -3.659328 10.847079 0.117097 0.477561 11.976574 1.818476 0.407225 15.921783 0.259778 -0.626675 -20.176769 0.000000 0.000000 0.000000 0.000000 0.000000 0.000000 0.000000 0.000000 0.000000 
-0.235138 88.418961 4.218499 0.557134 2.899030 -12.181451 1.058211 0.055984 7.549175 0.402180 -0.046880 1.660522 -1.129877 0.688695 5.883468 -1.253627 0.336499 5.069005 0.572403 -0.061646 4.640317 0.160834 0.620126 -3.124161 -0.141012 -1.076089 -20.116970 0.000000 0.000000 0.000000 88.178635 -0.276447 9.414415 57.970154 -12.785919 5.155256 -1.206502 16.479450 91.804619 19.802166 29.284008 4.079675 9.870099 -1.746946 40.261524 -0.000006 0.000014 -23.979338 0.000010 0.000054 -16.624203 0.000006 -0.000002 -0.000017 9.028180 0.086888 -2.182102 6.178735 -0.044530 -0.014960 6.114737 -0.028382 -0.029397 -0.000011 0.000034 -0.000015 9.004646 0.011750 -5.770245 5.905969 -0.036105 -0.008235 5.960768 -0.013932 0.012681 -0.000004 0.000027 0.000006 11.376970 -0.009577 -11.193054 6.721512 0.071860 -0.114832 6.790468 0.036306 -0.067403 -0.000006 -0.000209 -0.000006 12.878435 0.013285 -17.699959 7.461066 0.223982 -0.349203 7.313673 0.108824 -0.320938 -0.000081 0.000009 -0.000019 0.000000 0.000000 0.000000 0.000000 0.000000 0.000000 -85.619453 -0.223893 2.619757 -73.968468 -1.034235 -11.790592 -0.339457 -17.486258 98.547279 -42.741077 -51.992615 20.075092 -7.130788 1.338327 41.490871 0.000008 0.000022 -17.488457 0.000045 -0.000014 -12.235106 0.001124 0.000018 -0.000222 2.336492 0.062243 1.937388 -1.619325 -0.076464 -0.196613 -1.692302 -0.050928 -0.159624 0.000007 -0.000478 -0.000005 -0.053862 0.033874 -3.339944 -2.017523 -0.040495 -0.086601 -1.778912 -0.015551 -0.070269 -0.000694 -0.000000 0.000011 -7.377847 -0.008635 -10.930542 -4.449079 0.080823 0.107287 -4.012521 0.027445 0.075196 -0.000255 0.000007 0.000006 -13.093495 0.016642 -19.344841 -7.771245 0.173534 0.451920 -7.689288 0.090176 0.328949 0.000221 0.000003 -0.000052 0.000000 0.000000 0.000000 0.000000 0.000000 0.000000 -3.450864 -11.074340 17.800373 -0.108472 -0.818588 5.650616 -0.044137 -7.911513 15.482093 -1.166322 1.075181 -17.168242 0.000000 0.000000 0.000000 0.000000 0.000000 0.000000 0.000000 0.000000 0.000000 0.541401 -3.685622 10.850130 0.116334 0.478168 11.978596 1.815263 0.374223 15.925289 0.261010 -0.627363 -20.161495 0.000000 0.000000 0.000000 0.000000 0.000000 0.000000 0.000000 0.000000 0.000000 
-0.249359 88.415489 4.213335 0.564179 3.004368 -12.205625 1.054398 0.055796 7.575727 0.391929 -0.041826 1.631557 -1.141205 0.681615 5.943862 -1.243033 0.330395 5.066916 0.663294 -0.084360 4.684157 0.171815 0.640013 -3.091532 -0.135855 -1.077481 -20.103666 0.000000 0.000000 0.000000 88.190964 -0.285664 9.399194 58.049316 -13.001662 5.255280 -1.212355 16.505392 91.806671 19.428627 29.152140 3.660096 9.710373 -1.735941 40.327503 -0.000006 0.000014 -23.594088 0.000010 0.000054 -16.360620 0.000007 -0.000002 -0.000017 8.268184 0.088059 -2.002825 5.574606 -0.049540 0.009961 5.510171 -0.033022 -0.008751 -0.000011 0.000034 -0.000015 8.264813 0.012269 -5.667310 5.311969 -0.038255 0.001166 5.365743 -0.015814 0.019952 -0.000004 0.000025 0.000006 10.657638 -0.008829 -11.176067 6.134235 0.075253 -0.125488 6.200584 0.038708 -0.075959 -0.000007 -0.000124 -0.000006 12.250315 0.015450 -17.781534 6.939701 0.233302 -0.374344 6.792614 0.116318 -0.343071 -0.000079 0.000009 -0.000019 0.000000 0.000000 0.000000 0.000000 0.000000 0.000000 -85.645439 -0.218321 2.610360 -73.822746 -0.546018 -11.769022 -0.329101 -17.412634 98.594055 -41.777493 -51.492092 19.034851 -7.101627 1.335045 41.503780 0.000008 0.000022 -17.419876 0.000045 -0.000014 -12.188998 0.001159 0.000018 -0.000217 2.467979 0.063586 1.952433 -1.595050 -0.075085 -0.186494 -1.668306 -0.049720 -0.150702 0.000007 -0.000477 -0.000005 0.087273 0.034092 -3.333079 -1.990628 -0.039989 -0.083267 -1.752906 -0.015187 -0.067252 -0.000684 -0.000000 0.000012 -7.196774 -0.008216 -10.949665 -4.399254 0.080430 0.102655 -3.966795 0.027014 0.072000 -0.000206 0.000007 0.000007 -12.878656 0.017717 -19.367517 -7.699071 0.172704 0.439910 -7.616564 0.089313 0.320322 0.000231 0.000003 -0.000052 0.000000 0.000000 0.000000 0.000000 0.000000 0.000000 -3.454542 -11.095676 17.851215 -0.107294 -0.815026 5.638477 -0.045269 -7.966131 15.470201 -1.168930 1.071900 -17.167927 0.000000 0.000000 0.000000 0.000000 0.000000 0.000000 0.000000 0.000000 0.000000 0.524426 -3.715401 10.851272 0.115450 0.479060 11.985389 1.815297 0.333220 15.926737 0.261186 -0.627415 -20.146822 0.000000 0.000000 0.000000 0.000000 0.000000 0.000000 0.000000 0.000000 0.000000 
-0.262069 88.410599 4.207068 0.571689 3.118297 -12.228778 1.047477 0.056147 7.604477 0.384946 -0.037079 1.605461 -1.153199 0.668568 6.005092 -1.230795 0.321098 5.066061 0.756997 -0.106455 4.714653 0.184027 0.663329 -3.064885 -0.133002 -1.079312 -20.078026 0.000000 0.000000 0.000000 88.209282 -0.295640 9.377876 58.137802 -13.193261 5.320039 -1.212456 16.542599 91.796471 18.940346 28.958078 3.205245 9.550608 -1.724509 40.393864 -0.000006 0.000014 -23.208796 0.000011 0.000054 -16.098255 0.000007 -0.000002 -0.000017 7.506376 0.089176 -1.841021 4.977345 -0.053778 0.032888 4.911265 -0.036862 0.010167 -0.000011 0.000034 -0.000015 7.528955 0.012785 -5.571934 4.724517 -0.040092 0.009800 4.776879 -0.017432 0.026547 -0.000004 0.000024 0.000005 9.941322 -0.008047 -11.154816 5.555273 0.078142 -0.135183 5.618481 0.040723 -0.083773 -0.000007 -0.000032 -0.000007 11.621345 0.017129 -17.846895 6.425749 0.241097 -0.396462 6.278534 0.122613 -0.362631 -0.000080 0.000009 -0.000018 0.000000 0.000000 0.000000 0.000000 0.000000 0.000000 -85.672981 -0.211527 2.602969 -73.653954 -0.033958 -11.751781 -0.310341 -17.328220 98.680031 -40.642311 -50.831131 17.851206 -7.081336 1.333242 41.512459 0.000009 0.000022 -17.374043 0.000046 -0.000014 -12.158792 0.001183 0.000018 -0.000208 2.547147 0.065001 1.963428 -1.579086 -0.073058 -0.174134 -1.653822 -0.047871 -0.140059 0.000007 -0.000474 -0.000005 0.180210 0.034286 -3.328082 -1.972396 -0.039242 -0.078981 -1.736637 -0.014631 -0.063596 -0.000668 -0.000000 0.000013 -7.051858 -0.007755 -10.969013 -4.356520 0.079597 0.096819 -3.929008 0.026259 0.067962 -0.000145 0.000007 0.000007 -12.680264 0.018725 -19.385614 -7.628355 0.170738 0.424121 -7.546540 0.087428 0.308669 0.000237 0.000003 -0.000052 0.000000 0.000000 0.000000 0.000000 0.000000 0.000000 -3.459528 -11.117643 17.896849 -0.106166 -0.811849 5.632603 -0.046202 -8.023295 15.460027 -1.171435 1.068224 -17.172049 0.000000 0.000000 0.000000 0.000000 0.000000 0.000000 0.000000 0.000000 0.000000 0.503939 -3.749604 10.847771 0.114413 0.479931 11.996502 1.821018 0.282900 15.928188 0.259671 -0.626697 -20.132023 0.000000 0.000000 0.000000 0.000000 0.000000 0.000000 0.000000 0.000000 0.000000 
-0.272596 88.405182 4.199034 0.579973 3.238390 -12.248224 1.037886 0.056982 7.634468 0.382699 -0.032938 1.585603 -1.166098 0.651463 6.061198 -1.217864 0.310217 5.064450 0.850862 -0.128224 4.722289 0.197333 0.688289 -3.048913 -0.132893 -1.081010 -20.036469 0.000000 0.000000 0.000000 88.232231 -0.303688 9.357191 58.242111 -13.351864 5.346598 -1.205174 16.587515 91.774986 18.375881 28.727272 2.751659 9.404916 -1.713646 40.454903 -0.000006 0.000014 -22.857161 0.000011 0.000054 -15.860160 0.000007 -0.000002 -0.000017 6.805991 0.090139 -1.717684 4.443786 -0.056822 0.050970 4.375631 -0.039489 0.024900 -0.000011 0.000034 -0.000015 6.859332 0.013313 -5.495810 4.199476 -0.041443 0.016572 4.250259 -0.018636 0.031601 -0.000004 0.000023 0.000005 9.288657 -0.007270 -11.128473 5.038600 0.080275 -0.142704 5.098317 0.042163 -0.089905 -0.000007 0.000062 -0.000007 11.046297 0.018150 -17.885309 5.966688 0.246716 -0.412523 5.819380 0.127176 -0.377073 -0.000085 0.000009 -0.000017 0.000000 0.000000 0.000000 0.000000 0.000000 0.000000 -85.701584 -0.203196 2.603186 -73.477158 0.469151 -11.739828 -0.282160 -17.239305 98.811066 -39.400742 -50.038624 16.602747 -7.071709 1.333126 41.516140 0.000009 0.000022 -17.355314 0.000046 -0.000014 -12.147215 0.001193 0.000019 -0.000192 2.568542 0.066507 1.962652 -1.575222 -0.070388 -0.159691 -1.653036 -0.045353 -0.127816 0.000007 -0.000469 -0.000005 0.218115 0.034501 -3.328700 -1.967382 -0.038230 -0.073711 -1.734415 -0.013863 -0.059315 -0.000645 -0.000000 0.000014 -6.953762 -0.007247 -10.986198 -4.326475 0.078344 0.089728 -3.904757 0.025180 0.063033 -0.000076 0.000007 0.000007 -12.511184 0.019677 -19.393524 -7.565687 0.167698 0.404633 -7.485409 0.084520 0.293941 0.000240 0.000003 -0.000052 0.000000 0.000000 0.000000 0.000000 0.000000 0.000000 -3.467296 -11.140019 17.935591 -0.105234 -0.809155 5.630458 -0.045356 -8.080751 15.453350 -1.174115 1.064496 -17.179985 0.000000 0.000000 0.000000 0.000000 0.000000 0.000000 0.000000 0.000000 0.000000 0.479932 -3.788472 10.836424 0.113234 0.480652 12.011909 1.833783 0.221170 15.930975 0.256244 -0.625382 -20.116762 0.000000 0.000000 0.000000 0.000000 0.000000 0.000000 0.000000 0.000000 0.000000 
-0.280515 88.399788 4.188851 0.587797 3.361214 -12.263040 1.027497 0.058045 7.664543 0.385336 -0.029395 1.575687 -1.178133 0.632161 6.106640 -1.205244 0.299375 5.061784 0.943804 -0.148227 4.703751 0.211765 0.714644 -3.045610 -0.135780 -1.081935 -19.978817 0.000000 0.000000 0.000000 88.255920 -0.306735 9.341543 58.369087 -13.474083 5.334813 -1.190609 16.636564 91.758133 17.769403 28.484417 2.331036 9.279211 -1.703683 40.508400 -0.000006 0.000015 -22.553448 0.000011 0.000054 -15.655790 0.000008 -0.000002 -0.000017 6.191934 0.090811 -1.640137 4.005089 -0.058609 0.063087 3.935180 -0.040878 0.034506 -0.000011 0.000034 -0.000016 6.280302 0.013856 -5.444124 3.767394 -0.042276 0.021058 3.816608 -0.019395 0.034794 -0.000004 0.000023 0.000005 8.725413 -0.006497 -11.099253 4.613770 0.081609 -0.147506 4.669753 0.042994 -0.093950 -0.000007 0.000151 -0.000006 10.551738 0.018630 -17.896912 5.588807 0.250022 -0.421094 5.441640 0.129912 -0.385174 -0.000093 0.000009 -0.000017 0.000000 0.000000 0.000000 0.000000 0.000000 0.000000 -85.728851 -0.193027 2.613616 -73.312454 0.931643 -11.728339 -0.245928 -17.152452 98.992577 -38.148174 -49.174797 15.390521 -7.067921 1.333989 41.517090 0.000009 0.000022 -17.352278 0.000047 -0.000014 -12.145927 0.001191 0.000019 -0.000164 2.559393 0.068086 1.947350 -1.578455 -0.067291 -0.144262 -1.660993 -0.042360 -0.114936 0.000007 -0.000466 -0.000005 0.225591 0.034743 -3.336205 -1.970764 -0.037028 -0.067847 -1.741105 -0.012939 -0.054729 -0.000612 -0.000000 0.000015 -6.884416 -0.006681 -11.000046 -4.305217 0.076796 0.081746 -3.889796 0.023872 0.057488 -0.000003 0.000007 0.000007 -12.362292 0.020706 -19.390692 -7.509618 0.163872 0.382491 -7.431438 0.080836 0.277044 0.000240 0.000003 -0.000052 0.000000 0.000000 0.000000 0.000000 0.000000 0.000000 -3.476782 -11.162145 17.965702 -0.104576 -0.806892 5.632133 -0.042002 -8.135197 15.448994 -1.176908 1.061184 -17.189896 0.000000 0.000000 0.000000 0.000000 0.000000 0.000000 0.000000 0.000000 0.000000 0.454655 -3.831838 10.816429 0.112011 0.481256 12.030622 1.853131 0.148143 15.934686 0.251416 -0.623730 -20.100311 0.000000 0.000000 0.000000 0.000000 0.000000 0.000000 0.000000 0.000000 0.000000 
-0.285861 88.394516 4.176820 0.592485 3.482962 -12.273908 1.019233 0.059042 7.692520 0.392238 -0.026378 1.578521 -1.186677 0.611941 6.136564 -1.193754 0.289815 5.060650 1.032464 -0.163313 4.663500 0.226995 0.742212 -3.053305 -0.141371 -1.081747 -19.909224 0.000000 0.000000 0.000000 88.273804 -0.302636 9.332397 58.524261 -13.562200 5.287590 -1.171142 16.682451 91.771011 17.146933 28.243505 1.965139 9.172154 -1.694339 40.555164 -0.000006 0.000015 -22.294559 0.000011 0.000054 -15.482737 0.000008 -0.000003 -0.000018 5.656378 0.091110 -1.597695 3.662542 -0.059282 0.069869 3.591780 -0.041216 0.039592 -0.000010 0.000034 -0.000016 5.783801 0.014396 -5.411656 3.429141 -0.042633 0.023498 3.477122 -0.019742 0.036337 -0.000005 0.000024 0.000005 8.246385 -0.005720 -11.070022 4.281687 0.082195 -0.149712 4.333975 0.043243 -0.096024 -0.000007 0.000228 -0.000006 10.137269 0.018866 -17.890985 5.293128 0.251111 -0.422359 5.146133 0.130915 -0.387074 -0.000103 0.000008 -0.000016 0.000000 0.000000 0.000000 0.000000 0.000000 0.000000 -85.750122 -0.181271 2.633645 -73.179222 1.334423 -11.710886 -0.204828 -17.070024 99.229210 -36.996956 -48.316628 14.319880 -7.058975 1.334176 41.520489 0.000010 0.000023 -17.338001 0.000047 -0.000014 -12.136223 0.001178 0.000019 -0.000122 2.578037 0.069723 1.928164 -1.570646 -0.064075 -0.129657 -1.659224 -0.039199 -0.103076 0.000006 -0.000465 -0.000005 0.256766 0.034995 -3.344293 -1.964034 -0.035756 -0.062120 -1.737534 -0.011962 -0.050391 -0.000569 -0.000000 0.000017 -6.797823 -0.006052 -11.010465 -4.274837 0.075127 0.073636 -3.865750 0.022476 0.051916 0.000068 0.000007 0.000007 -12.201399 0.021960 -19.385279 -7.446592 0.159625 0.359523 -7.370801 0.076707 0.259631 0.000238 0.000003 -0.000052 0.000000 0.000000 0.000000 0.000000 0.000000 0.000000 -3.484672 -11.183951 17.985474 -0.104146 -0.804774 5.640380 -0.036609 -8.183680 15.444049 -1.179408 1.058693 -17.198904 0.000000 0.000000 0.000000 0.000000 0.000000 0.000000 0.000000 0.000000 0.000000 0.432122 -3.878916 10.790211 0.110894 0.481787 12.050668 1.877161 0.067102 15.937783 0.246091 -0.621960 -20.081989 0.000000 0.000000 0.000000 0.000000 0.000000 0.000000 0.000000 0.000000 0.000000 
-0.288827 88.389236 4.163580 0.592178 3.599936 -12.281795 1.015368 0.059813 7.716692 0.402674 -0.023967 1.594742 -1.191055 0.591016 6.149349 -1.183864 0.281684 5.063662 1.110193 -0.170115 4.611219 0.242148 0.770479 -3.068056 -0.148924 -1.081117 -19.833836 0.000000 0.000000 0.000000 88.281822 -0.291193 9.328932 58.709366 -13.624599 5.212412 -1.150288 16.716604 91.827156 16.524269 28.013247 1.670835 9.082376 -1.685542 40.595737 -0.000006 0.000015 -22.077002 0.000011 0.000054 -15.338614 0.000008 -0.000003 -0.000018 5.193800 0.091026 -1.572755 3.404913 -0.058977 0.072671 3.334532 -0.040671 0.041375 -0.000010 0.000033 -0.000016 5.363440 0.014903 -5.387675 3.173236 -0.042554 0.024389 3.220719 -0.019716 0.036641 -0.000005 0.000024 0.000004 7.846510 -0.004948 -11.039084 4.031461 0.082078 -0.149705 4.080603 0.042941 -0.096453 -0.000007 0.000291 -0.000006 9.800974 0.019073 -17.872131 5.070257 0.250076 -0.417276 4.923345 0.130252 -0.383586 -0.000114 0.000008 -0.000016 0.000000 0.000000 0.000000 0.000000 0.000000 0.000000 -85.761383 -0.168872 2.661609 -73.089363 1.672233 -11.678884 -0.162508 -16.992102 99.511772 -36.026344 -47.539131 13.469225 -7.035753 1.332223 41.530872 0.000010 0.000023 -17.288717 0.000046 -0.000015 -12.102013 0.001158 0.000018 -0.000070 2.675949 0.071376 1.922791 -1.533245 -0.060965 -0.117438 -1.628810 -0.036099 -0.093692 0.000006 -0.000463 -0.000005 0.358505 0.035240 -3.341527 -1.928628 -0.034511 -0.057182 -1.704310 -0.011012 -0.046778 -0.000512 -0.000000 0.000018 -6.655901 -0.005391 -11.015284 -4.218365 0.073463 0.066129 -3.815154 0.021100 0.046870 0.000129 0.000007 0.000007 -12.003501 0.023464 -19.384644 -7.364531 0.155164 0.337226 -7.290869 0.072329 0.243100 0.000234 0.000003 -0.000052 0.000000 0.000000 0.000000 0.000000 0.000000 0.000000 -3.488990 -11.205949 17.993542 -0.103843 -0.802462 5.658124 -0.030208 -8.224863 15.436022 -1.181223 1.057173 -17.204889 0.000000 0.000000 0.000000 0.000000 0.000000 0.000000 0.000000 0.000000 0.000000 0.414736 -3.928429 10.761497 0.110006 0.482402 12.070518 1.903434 -0.017428 15.938618 0.241008 -0.620403 -20.062355 0.000000 0.000000 0.000000 0.000000 0.000000 0.000000 0.000000 0.000000 0.000000 
-0.289714 88.383728 4.149765 0.588035 3.708374 -12.287720 1.016044 0.060311 7.737555 0.415772 -0.022277 1.620894 -1.192400 0.569308 6.150672 -1.175452 0.274227 5.071448 1.170855 -0.165676 4.560423 0.256198 0.799290 -3.083702 -0.157517 -1.081010 -19.759342 0.000000 0.000000 0.000000 88.283226 -0.274026 9.330108 58.918793 -13.675163 5.120525 -1.131512 16.736799 91.912727 15.911352 27.808432 1.455294 9.009503 -1.677681 40.629723 -0.000006 0.000016 -21.900087 0.000011 0.000054 -15.222749 0.000008 -0.000003 -0.000018 4.807589 0.090537 -1.551054 3.216915 -0.058046 0.073237 3.148342 -0.039572 0.041345 -0.000010 0.000033 -0.000017 5.020363 0.015317 -5.362235 2.985259 -0.042166 0.024360 3.032941 -0.019433 0.036203 -0.000005 0.000025 0.000004 7.525873 -0.004193 -11.000005 3.849888 0.081458 -0.148077 3.896896 0.042232 -0.095706 -0.000007 0.000340 -0.000006 9.541865 0.019244 -17.835381 4.909466 0.247428 -0.407482 4.763017 0.128338 -0.376061 -0.000126 0.000008 -0.000015 0.000000 0.000000 0.000000 0.000000 0.000000 0.000000 -85.762596 -0.156840 2.696258 -73.045067 1.942601 -11.618722 -0.122181 -16.919271 99.804642 -35.250778 -46.907005 12.871294 -6.995096 1.327623 41.549873 0.000011 0.000023 -17.195150 0.000044 -0.000015 -12.037069 0.001130 0.000018 -0.000020 2.871926 0.072887 1.944769 -1.459563 -0.058197 -0.108544 -1.562739 -0.033301 -0.087637 0.000006 -0.000459 -0.000006 0.546782 0.035441 -3.317128 -1.858561 -0.033391 -0.053463 -1.635127 -0.010165 -0.044193 -0.000445 -0.000000 0.000020 -6.449885 -0.004753 -11.007504 -4.132544 0.071930 0.059839 -3.734054 0.019853 0.042781 0.000176 0.000008 0.000007 -11.767811 0.025074 -19.384079 -7.263317 0.150724 0.317019 -7.190948 0.067980 0.228652 0.000227 0.000003 -0.000052 0.000000 0.000000 0.000000 0.000000 0.000000 0.000000 -3.490821 -11.228269 17.990589 -0.103556 -0.799812 5.686246 -0.023667 -8.259866 15.422895 -1.182381 1.056595 -17.206760 0.000000 0.000000 0.000000 0.000000 0.000000 0.000000 0.000000 0.000000 0.000000 0.401066 -3.979117 10.734103 0.109361 0.483336 12.089316 1.929270 -0.099693 15.936384 0.236608 -0.619687 -20.042351 0.000000 0.000000 0.000000 0.000000 0.000000 0.000000 0.000000 0.000000 0.000000 
-0.289617 88.377625 4.135931 0.581571 3.804716 -12.292559 1.020367 0.060609 7.756850 0.430461 -0.021260 1.649930 -1.192170 0.548050 6.148892 -1.168494 0.266947 5.082098 1.210738 -0.147898 4.520980 0.268077 0.828122 -3.094743 -0.166493 -1.081437 -19.689859 0.000000 0.000000 0.000000 88.283928 -0.253405 9.336469 59.140331 -13.729448 5.023133 -1.116052 16.745096 91.995926 15.322582 27.643131 1.312635 8.951820 -1.671126 40.657093 -0.000006 0.000016 -21.760397 0.000010 0.000054 -15.132434 0.000009 -0.000003 -0.000018 4.495304 0.089670 -1.526126 3.081295 -0.057014 0.073232 3.015705 -0.038390 0.040949 -0.000010 0.000032 -0.000017 4.749837 0.015576 -5.331219 2.849547 -0.041669 0.024038 2.897716 -0.019066 0.035535 -0.000005 0.000025 0.000004 7.278149 -0.003479 -10.949916 3.722835 0.080658 -0.145542 3.768750 0.041350 -0.094319 -0.000008 0.000375 -0.000006 9.350381 0.019248 -17.778481 4.799492 0.244048 -0.394824 4.654328 0.125872 -0.366045 -0.000139 0.000008 -0.000014 0.000000 0.000000 0.000000 0.000000 0.000000 0.000000 -85.755745 -0.146003 2.737025 -73.037560 2.148938 -11.521690 -0.085439 -16.851009 100.062515 -34.641773 -46.444664 12.506310 -6.937360 1.320574 41.577034 0.000011 0.000023 -17.058117 0.000043 -0.000015 -11.942035 0.001096 0.000018 0.000018 3.162439 0.074116 2.000194 -1.350482 -0.056009 -0.103410 -1.461492 -0.031045 -0.085264 0.000006 -0.000451 -0.000006 0.817988 0.035554 -3.265971 -1.755178 -0.032501 -0.051225 -1.531676 -0.009502 -0.042788 -0.000375 -0.000000 0.000022 -6.184127 -0.004175 -10.982335 -4.020467 0.070674 0.055240 -3.625275 0.018843 0.039977 0.000208 0.000008 0.000007 -11.499686 0.026584 -19.377003 -7.146408 0.146661 0.300237 -7.074428 0.064034 0.217369 0.000219 0.000003 -0.000052 0.000000 0.000000 0.000000 0.000000 0.000000 0.000000 -3.490789 -11.249920 17.979807 -0.103142 -0.796755 5.722112 -0.017962 -8.291316 15.404571 -1.182874 1.056678 -17.204477 0.000000 0.000000 0.000000 0.000000 0.000000 0.000000 0.000000 0.000000 0.000000 0.389982 -4.030546 10.710611 0.108956 0.484797 12.106465 1.952092 -0.174961 15.931453 0.233097 -0.620376 -20.022785 0.000000 0.000000 0.000000 0.000000 0.000000 0.000000 0.000000 0.000000 0.000000 
-0.289752 88.370476 4.122217 0.573597 3.886563 -12.296206 1.027382 0.060531 7.776108 0.445681 -0.020935 1.674792 -1.191586 0.528095 6.150048 -1.163185 0.259433 5.093283 1.231672 -0.118190 4.496225 0.277168 0.856412 -3.098613 -0.175687 -1.081977 -19.626328 0.000000 0.000000 0.000000 88.288231 -0.231849 9.347130 59.362354 -13.804580 4.926747 -1.103133 16.743412 92.052238 14.768294 27.517086 1.224362 8.907029 -1.666066 40.678295 -0.000006 0.000017 -21.652704 0.000010 0.000054 -15.063829 0.000009 -0.000003 -0.000018 4.248550 0.088519 -1.496791 2.981881 -0.056205 0.073516 2.919875 -0.037408 0.040946 -0.000010 0.000032 -0.000017 4.541913 0.015673 -5.294476 2.751114 -0.041209 0.023791 2.799715 -0.018735 0.034943 -0.000005 0.000026 0.000003 7.092463 -0.002857 -10.888954 3.635769 0.079902 -0.142694 3.681272 0.040479 -0.092727 -0.000008 0.000394 -0.000005 9.213027 0.018923 -17.702805 4.727876 0.240600 -0.381004 4.584817 0.123364 -0.355033 -0.000153 0.000008 -0.000014 0.000000 0.000000 0.000000 0.000000 0.000000 0.000000 -85.743919 -0.137163 2.782334 -73.054031 2.300712 -11.390705 -0.052844 -16.790144 100.252464 -34.146111 -46.138088 12.313143 -6.868065 1.311979 41.609550 0.000012 0.000023 -16.891333 0.000041 -0.000015 -11.826457 0.001061 0.000017 0.000034 3.518165 0.075030 2.085075 -1.219619 -0.054407 -0.101296 -1.338366 -0.029353 -0.085776 0.000006 -0.000440 -0.000006 1.145743 0.035576 -3.190599 -1.631693 -0.031862 -0.050274 -1.407883 -0.009029 -0.042352 -0.000307 -0.000000 0.000024 -5.879532 -0.003677 -10.938807 -3.894571 0.069726 0.052201 -3.501497 0.018091 0.038334 0.000227 0.000008 0.000007 -11.214727 0.027762 -19.357407 -7.022969 0.143135 0.286905 -6.950922 0.060645 0.209155 0.000211 0.000003 -0.000051 0.000000 0.000000 0.000000 0.000000 0.000000 0.000000 -3.488945 -11.269898 17.965054 -0.102542 -0.793383 5.760724 -0.014117 -8.321515 15.382183 -1.182681 1.057129 -17.199230 0.000000 0.000000 0.000000 0.000000 0.000000 0.000000 0.000000 0.000000 0.000000 0.382164 -4.082151 10.690767 0.108811 0.487003 12.121954 1.969536 -0.242534 15.923805 0.230541 -0.622786 -20.004196 0.000000 0.000000 0.000000 0.000000 0.000000 0.000000 0.000000 0.000000 0.000000 
-0.291091 88.362083 4.108469 0.564243 3.953627 -12.298597 1.036289 0.059891 7.796147 0.460407 -0.021156 1.691784 -1.191682 0.510171 6.155718 -1.159127 0.251505 5.103070 1.238774 -0.080487 4.484137 0.283554 0.883097 -3.095845 -0.185065 -1.082354 -19.567507 0.000000 0.000000 0.000000 88.297096 -0.211192 9.360734 59.579983 -13.907740 4.834409 -1.091095 16.732973 92.074997 14.256837 27.426394 1.176129 8.873499 -1.662509 40.693935 -0.000006 0.000017 -21.572727 0.000010 0.000054 -15.014024 0.000009 -0.000003 -0.000018 4.060478 0.087227 -1.466565 2.908238 -0.055642 0.074134 2.849811 -0.036637 0.041375 -0.000010 0.000032 -0.000017 4.388997 0.015645 -5.255492 2.679742 -0.040821 0.023677 2.728674 -0.018463 0.034479 -0.000005 0.000027 0.000003 6.960881 -0.002371 -10.820784 3.578065 0.079230 -0.139809 3.623307 0.039676 -0.091118 -0.000008 0.000395 -0.000005 9.120802 0.018143 -17.612904 4.684905 0.237256 -0.366930 4.544330 0.120914 -0.343843 -0.000167 0.000008 -0.000013 0.000000 0.000000 0.000000 0.000000 0.000000 0.000000 -85.729210 -0.131237 2.830523 -73.082329 2.409642 -11.236496 -0.024237 -16.739346 100.361839 -33.717537 -45.957504 12.227015 -6.795269 1.302944 41.643661 0.000012 0.000023 -16.714314 0.000039 -0.000015 -11.703959 0.001025 0.000017 0.000028 3.896192 0.075718 2.189224 -1.087113 -0.053170 -0.100697 -1.213275 -0.028022 -0.087684 0.000006 -0.000426 -0.000007 1.491341 0.035542 -3.098647 -1.507126 -0.031396 -0.050076 -1.283333 -0.008684 -0.042427 -0.000247 -0.000000 0.000026 -5.566561 -0.003267 -10.879863 -3.771599 0.068992 0.050114 -3.379971 0.017521 0.037386 0.000239 0.000009 0.000007 -10.934755 0.028404 -19.322468 -6.904954 0.140022 0.275751 -6.832877 0.057673 0.202824 0.000204 0.000003 -0.000051 0.000000 0.000000 0.000000 0.000000 0.000000 0.000000 -3.485196 -11.287285 17.949751 -0.101775 -0.789827 5.796960 -0.012720 -8.350486 15.357403 -1.181766 1.057732 -17.192181 0.000000 0.000000 0.000000 0.000000 0.000000 0.000000 0.000000 0.000000 0.000000 0.379060 -4.132459 10.673048 0.108948 0.490027 12.136195 1.980527 -0.303666 15.913437 0.228927 -0.626861 -19.986977 0.000000 0.000000 0.000000 0.000000 0.000000 0.000000 0.000000 0.000000 0.000000 
-0.294026 88.352524 4.094429 0.554249 4.007187 -12.299906 1.045791 0.058592 7.817255 0.473659 -0.021771 1.700281 -1.192686 0.494511 6.165942 -1.155324 0.243088 5.110765 1.236968 -0.039438 4.480697 0.287554 0.906603 -3.088283 -0.194233 -1.082357 -19.511942 0.000000 0.000000 0.000000 88.311020 -0.192657 9.375698 59.791908 -14.034995 4.747515 -1.078962 16.713818 92.067589 13.791808 27.368156 1.155949 8.850448 -1.660419 40.704414 -0.000006 0.000017 -21.518147 0.000010 0.000053 -14.981428 0.000009 -0.000003 -0.000018 3.928554 0.085891 -1.440342 2.855509 -0.055265 0.074895 2.800476 -0.036016 0.042021 -0.000009 0.000032 -0.000017 4.288109 0.015526 -5.218140 2.630328 -0.040500 0.023646 2.679580 -0.018246 0.034107 -0.000005 0.000028 0.000003 6.879394 -0.002040 -10.748774 3.543677 0.078626 -0.137003 3.588505 0.038956 -0.089558 -0.000008 0.000377 -0.000005 9.069553 0.016868 -17.511789 4.664543 0.234041 -0.353176 4.526616 0.118539 -0.332903 -0.000181 0.000008 -0.000013 0.000000 0.000000 0.000000 0.000000 0.000000 0.000000 -85.712860 -0.129004 2.879684 -73.114212 2.482358 -11.068253 0.000668 -16.699034 100.388115 -33.312737 -45.874214 12.188385 -6.726748 1.294447 41.675919 0.000012 0.000023 -16.545580 0.000038 -0.000015 -11.587380 0.000991 0.000017 0.000002 4.255031 0.076261 2.300149 -0.972500 -0.052045 -0.100078 -1.105521 -0.026818 -0.089491 0.000005 -0.000411 -0.000007 1.816721 0.035481 -2.999026 -1.399965 -0.031006 -0.050039 -1.176693 -0.008389 -0.042529 -0.000195 -0.000000 0.000028 -5.277171 -0.002949 -10.808835 -3.667833 0.068349 0.048323 -3.277317 0.017036 0.036614 0.000248 0.000009 0.000007 -10.683869 0.028406 -19.269220 -6.804446 0.137110 0.265324 -6.732587 0.054912 0.197013 0.000200 0.000003 -0.000051 0.000000 0.000000 0.000000 0.000000 0.000000 0.000000 -3.480469 -11.301713 17.936153 -0.100926 -0.786302 5.827596 -0.013823 -8.376401 15.331106 -1.180172 1.058379 -17.183977 0.000000 0.000000 0.000000 0.000000 0.000000 0.000000 0.000000 0.000000 0.000000 0.380808 -4.178915 10.656547 0.109325 0.493749 12.149070 1.985119 -0.358720 15.900598 0.228201 -0.632376 -19.971378 0.000000 0.000000 0.000000 0.000000 0.000000 0.000000 0.000000 0.000000 0.000000 
-0.298518 88.342010 4.080011 0.544336 4.049114 -12.300653 1.054713 0.056670 7.839471 0.484634 -0.022653 1.701111 -1.193770 0.480907 6.180317 -1.150805 0.234303 5.116576 1.230333 0.001147 4.481365 0.289428 0.925722 -3.078188 -0.202725 -1.081719 -19.458584 0.000000 0.000000 0.000000 88.330383 -0.176900 9.390695 59.996254 -14.179323 4.666835 -1.066634 16.686890 92.037704 13.372967 27.334751 1.152120 8.836431 -1.659671 40.710354 -0.000006 0.000018 -21.485445 0.000009 0.000053 -14.963531 0.000009 -0.000003 -0.000018 3.847816 0.084584 -1.421366 2.819854 -0.055097 0.075833 2.768051 -0.035567 0.042865 -0.000009 0.000032 -0.000017 4.234355 0.015357 -5.184960 2.598772 -0.040261 0.023720 2.648536 -0.018095 0.033837 -0.000005 0.000030 0.000003 6.843228 -0.001867 -10.675513 3.528226 0.078106 -0.134356 3.572321 0.038339 -0.088097 -0.000008 0.000342 -0.000005 9.055934 0.015143 -17.402107 4.662490 0.231029 -0.340064 4.527308 0.116315 -0.322435 -0.000195 0.000008 -0.000013 0.000000 0.000000 0.000000 0.000000 0.000000 0.000000 -85.695755 -0.130917 2.928227 -73.145393 2.524530 -10.892568 0.022128 -16.669121 100.334999 -32.895782 -45.858753 12.148922 -6.666956 1.287082 41.704391 0.000013 0.000023 -16.395979 0.000037 -0.000015 -11.484165 0.000959 0.000016 -0.000037 4.569507 0.076736 2.407246 -0.886613 -0.050904 -0.098573 -1.025736 -0.025626 -0.090359 0.000005 -0.000394 -0.000007 2.098863 0.035417 -2.899467 -1.320430 -0.030636 -0.049811 -1.098131 -0.008106 -0.042384 -0.000152 -0.000000 0.000029 -5.031193 -0.002728 -10.729297 -3.592054 0.067730 0.046460 -3.202543 0.016581 0.035726 0.000256 0.000009 0.000007 -10.476864 0.027765 -19.196791 -6.727863 0.134316 0.254873 -6.656521 0.052278 0.190965 0.000198 0.000004 -0.000051 0.000000 0.000000 0.000000 0.000000 0.000000 0.000000 -3.475740 -11.312717 17.925278 -0.100080 -0.782976 5.851793 -0.017430 -8.397213 15.303970 -1.177919 1.058985 -17.174984 0.000000 0.000000 0.000000 0.000000 0.000000 0.000000 0.000000 0.000000 0.000000 0.386682 -4.219580 10.641508 0.109862 0.497978 12.160040 1.984031 -0.407157 15.885540 0.228337 -0.639074 -19.957275 0.000000 0.000000 0.000000 0.000000 0.000000 0.000000 0.000000 0.000000 0.000000 
-0.304345 88.330826 4.065349 0.534663 4.081423 -12.301725 1.062476 0.054289 7.862662 0.492927 -0.023659 1.696189 -1.193927 0.469096 6.197507 -1.145133 0.225515 5.120818 1.221587 0.038773 4.481467 0.289393 0.939843 -3.068243 -0.210222 -1.080257 -19.406601 0.000000 0.000000 0.000000 88.353966 -0.163842 9.405631 60.191319 -14.332835 4.593831 -1.054309 16.654039 91.992531 12.999260 27.317965 1.156849 8.829393 -1.660025 40.712746 -0.000006 0.000018 -21.469711 0.000009 0.000053 -14.956964 0.000009 -0.000003 -0.000018 3.809717 0.083396 -1.410778 2.797513 -0.055151 0.077111 2.748773 -0.035310 0.044029 -0.000009 0.000031 -0.000017 4.219903 0.015185 -5.157189 2.581130 -0.040107 0.023945 2.631795 -0.018011 0.033706 -0.000006 0.000031 0.000003 6.845938 -0.001844 -10.603320 3.528091 0.077668 -0.131907 3.571056 0.037819 -0.086755 -0.000008 0.000291 -0.000005 9.076248 0.013073 -17.287357 4.675498 0.228216 -0.327589 4.543012 0.114244 -0.312413 -0.000208 0.000008 -0.000013 0.000000 0.000000 0.000000 0.000000 0.000000 0.000000 -85.678795 -0.136901 2.975492 -73.173950 2.541894 -10.714859 0.040317 -16.649105 100.215050 -32.450729 -45.884331 12.082674 -6.616700 1.280978 41.728687 0.000013 0.000023 -16.267756 0.000036 -0.000015 -11.395925 0.000929 0.000016 -0.000085 4.833456 0.077232 2.504157 -0.830168 -0.049710 -0.096069 -0.974566 -0.024415 -0.090165 0.000005 -0.000374 -0.000007 2.332687 0.035376 -2.805380 -1.269134 -0.030267 -0.049311 -1.048091 -0.007822 -0.041949 -0.000113 -0.000001 0.000031 -4.832061 -0.002599 -10.645602 -3.544096 0.067113 0.044454 -3.155733 0.016136 0.034664 0.000266 0.000009 0.000007 -10.314703 0.026562 -19.108660 -6.674671 0.131642 0.244316 -6.604083 0.049746 0.184556 0.000199 0.000004 -0.000051 0.000000 0.000000 0.000000 0.000000 0.000000 0.000000 -3.471357 -11.319602 17.917118 -0.099289 -0.779890 5.870600 -0.023488 -8.411308 15.276900 -1.175002 1.059470 -17.165522 0.000000 0.000000 0.000000 0.000000 0.000000 0.000000 0.000000 0.000000 0.000000 0.395882 -4.253518 10.628735 0.110496 0.502531 12.168951 1.978447 -0.448664 15.868313 0.229296 -0.646615 -19.944294 0.000000 0.000000 0.000000 0.000000 0.000000 0.000000 0.000000 0.000000 0.000000 
-0.311029 88.319275 4.050649 0.525433 4.105891 -12.303729 1.068780 0.051643 7.886454 0.498418 -0.024688 1.687497 -1.192530 0.458374 6.216411 -1.138405 0.216899 5.123816 1.212065 0.072035 4.476614 0.287643 0.949041 -3.061130 -0.216647 -1.077990 -19.355200 0.000000 0.000000 0.000000 88.380157 -0.153192 9.420702 60.374218 -14.489008 4.530512 -1.042336 16.616652 91.937263 12.668847 27.308306 1.163933 8.827518 -1.661224 40.712482 -0.000006 0.000018 -21.466553 0.000009 0.000053 -14.958747 0.000009 -0.000003 -0.000018 3.805641 0.082403 -1.408506 2.785477 -0.055400 0.078780 2.739605 -0.035229 0.045555 -0.000009 0.000031 -0.000017 4.236912 0.015052 -5.134945 2.574216 -0.040023 0.024326 2.626323 -0.017981 0.033717 -0.000006 0.000032 0.000003 6.880716 -0.001945 -10.533532 3.540347 0.077288 -0.129634 3.581801 0.037373 -0.085516 -0.000009 0.000228 -0.000006 9.125834 0.010783 -17.170355 4.700812 0.225546 -0.315639 4.570897 0.112288 -0.302742 -0.000220 0.000008 -0.000013 0.000000 0.000000 0.000000 0.000000 0.000000 0.000000 -85.662544 -0.146433 3.021160 -73.198708 2.539246 -10.539351 0.055246 -16.638079 100.046135 -31.972206 -45.926769 11.976587 -6.575117 1.276016 41.749229 0.000013 0.000023 -16.159119 0.000035 -0.000015 -11.321531 0.000903 0.000015 -0.000134 5.051158 0.077812 2.587603 -0.799147 -0.048460 -0.092724 -0.948067 -0.023188 -0.089037 0.000006 -0.000351 -0.000007 2.523004 0.035381 -2.720078 -1.242287 -0.029894 -0.048561 -1.022593 -0.007535 -0.041269 -0.000077 -0.000001 0.000033 -4.674184 -0.002558 -10.561929 -3.519700 0.066492 0.042338 -3.132836 0.015696 0.033455 0.000277 0.000009 0.000007 -10.190701 0.024906 -19.010160 -6.641192 0.129110 0.233838 -6.571517 0.047320 0.177907 0.000201 0.000004 -0.000051 0.000000 0.000000 0.000000 0.000000 0.000000 0.000000 -3.467957 -11.322205 17.911297 -0.098600 -0.777077 5.885705 -0.031509 -8.417953 15.250369 -1.171521 1.059796 -17.155924 0.000000 0.000000 0.000000 0.000000 0.000000 0.000000 0.000000 0.000000 0.000000 0.407187 -4.280736 10.619063 0.111167 0.507242 12.175656 1.969728 -0.483662 15.848859 0.230987 -0.654645 -19.932154 0.000000 0.000000 0.000000 0.000000 0.000000 0.000000 0.000000 0.000000 0.000000 
-0.318135 88.307671 4.036142 0.516425 4.123909 -12.307192 1.073801 0.049019 7.910218 0.501383 -0.025603 1.677262 -1.189786 0.448244 6.235202 -1.131018 0.208632 5.125438 1.201715 0.100725 4.463080 0.284399 0.953975 -3.059375 -0.222211 -1.075116 -19.303751 0.000000 0.000000 0.000000 88.405678 -0.144177 9.437044 60.542923 -14.640506 4.480056 -1.030857 16.575752 91.876602 12.381483 27.299305 1.172081 8.829173 -1.663019 40.710361 -0.000006 0.000018 -21.472069 0.000009 0.000053 -14.966363 0.000009 -0.000003 -0.000018 3.827322 0.081669 -1.414865 2.781482 -0.055770 0.080739 2.738199 -0.035271 0.047359 -0.000009 0.000031 -0.000017 4.278169 0.014980 -5.118867 2.575526 -0.039978 0.024800 2.629666 -0.017976 0.033824 -0.000006 0.000034 0.000003 6.941027 -0.002141 -10.468092 3.562703 0.076921 -0.127456 3.602289 0.036961 -0.084312 -0.000009 0.000155 -0.000006 9.199318 0.008392 -17.054560 4.736091 0.222926 -0.303951 4.608453 0.110363 -0.293195 -0.000231 0.000008 -0.000013 0.000000 0.000000 0.000000 0.000000 0.000000 0.000000 -85.646812 -0.158504 3.065849 -73.218315 2.520429 -10.369779 0.066998 -16.633875 99.852219 -31.471939 -45.966206 11.832854 -6.540122 1.271926 41.766880 0.000012 0.000023 -16.065506 0.000034 -0.000015 -11.257949 0.000880 0.000015 -0.000179 5.232635 0.078525 2.656286 -0.786367 -0.047183 -0.088978 -0.939239 -0.021972 -0.087355 0.000006 -0.000327 -0.000008 2.680276 0.035446 -2.645785 -1.233031 -0.029524 -0.047685 -1.014609 -0.007252 -0.040473 -0.000041 -0.000001 0.000034 -4.546071 -0.002582 -10.482842 -3.511817 0.065880 0.040235 -3.127028 0.015267 0.032203 0.000290 0.000009 0.000007 -10.092721 0.022931 -18.908739 -6.621589 0.126765 0.223806 -6.552819 0.045014 0.171338 0.000206 0.000004 -0.000051 0.000000 0.000000 0.000000 0.000000 0.000000 0.000000 -3.465555 -11.320290 17.907217 -0.098026 -0.774483 5.898836 -0.040721 -8.417308 15.225088 -1.167591 1.059899 -17.146593 0.000000 0.000000 0.000000 0.000000 0.000000 0.000000 0.000000 0.000000 0.000000 0.419584 -4.302043 10.613050 0.111852 0.511977 12.180308 1.959316 -0.513278 15.827463 0.233276 -0.662765 -19.920853 0.000000 0.000000 0.000000 0.000000 0.000000 0.000000 0.000000 0.000000 0.000000 
-0.325087 88.296181 4.021941 0.508020 4.136204 -12.311536 1.077373 0.046632 7.933520 0.502499 -0.026423 1.666372 -1.186349 0.438345 6.253913 -1.123066 0.200669 5.125787 1.189481 0.124815 4.439596 0.279901 0.954917 -3.063960 -0.226965 -1.071901 -19.252617 0.000000 0.000000 0.000000 88.429893 -0.136171 9.454288 60.697006 -14.781239 4.440174 -1.020587 16.531260 91.813812 12.134140 27.287956 1.180167 8.833821 -1.665267 40.706726 -0.000006 0.000019 -21.485022 0.000010 0.000053 -14.978949 0.000009 -0.000003 -0.000018 3.870557 0.081170 -1.429119 2.785335 -0.056222 0.082821 2.744413 -0.035404 0.049282 -0.000009 0.000031 -0.000016 4.339670 0.014956 -5.108253 2.584666 -0.039956 0.025307 2.641335 -0.017984 0.033974 -0.000006 0.000035 0.000003 7.021473 -0.002392 -10.406783 3.593938 0.076560 -0.125330 3.631511 0.036574 -0.083111 -0.000009 0.000078 -0.000006 9.290516 0.005994 -16.940561 4.779693 0.220377 -0.292569 4.654226 0.108512 -0.283762 -0.000241 0.000008 -0.000013 0.000000 0.000000 0.000000 0.000000 0.000000 0.000000 -85.631172 -0.172276 3.109193 -73.233841 2.485960 -10.208585 0.076027 -16.634697 99.651733 -30.959541 -45.992996 11.655740 -6.510616 1.268495 41.782185 0.000012 0.000023 -15.984556 0.000033 -0.000015 -11.203480 0.000862 0.000015 -0.000220 5.385722 0.079329 2.710860 -0.787785 -0.045911 -0.085019 -0.944144 -0.020800 -0.085257 0.000006 -0.000301 -0.000008 2.812380 0.035547 -2.582335 -1.237598 -0.029163 -0.046727 -1.020232 -0.006980 -0.039604 -0.000007 -0.000001 0.000036 -4.440285 -0.002662 -10.409513 -3.516779 0.065289 0.038201 -3.134601 0.014860 0.030946 0.000305 0.000010 0.000007 -10.013499 0.020770 -18.807730 -6.613278 0.124631 0.214432 -6.545339 0.042867 0.164992 0.000211 0.000004 -0.000051 0.000000 0.000000 0.000000 0.000000 0.000000 0.000000 -3.464987 -11.315374 17.904303 -0.097581 -0.772182 5.910719 -0.050271 -8.409904 15.200700 -1.163424 1.059893 -17.137403 0.000000 0.000000 0.000000 0.000000 0.000000 0.000000 0.000000 0.000000 0.000000 0.431641 -4.318048 10.610447 0.112506 0.516559 12.183001 1.948135 -0.537647 15.804417 0.236004 -0.670754 -19.910700 0.000000 0.000000 0.000000 0.000000 0.000000 0.000000 0.000000 0.000000 0.000000 
-0.331527 88.284973 4.008100 0.500037 4.143178 -12.316223 1.079812 0.044692 7.956181 0.502388 -0.027044 1.655421 -1.183164 0.428875 6.272041 -1.114552 0.193147 5.124284 1.174768 0.144636 4.406491 0.274401 0.952376 -3.074895 -0.231023 -1.068558 -19.202379 0.000000 0.000000 0.000000 88.451576 -0.128465 9.472623 60.836975 -14.907343 4.408685 -1.011903 16.486105 91.751366 11.922625 27.271673 1.188076 8.840836 -1.667844 40.701939 -0.000006 0.000019 -21.503971 0.000010 0.000053 -14.995560 0.000009 -0.000003 -0.000018 3.931190 0.080866 -1.451214 2.796501 -0.056734 0.084901 2.757702 -0.035618 0.051207 -0.000009 0.000031 -0.000016 4.417442 0.014959 -5.103193 2.600907 -0.039948 0.025793 2.660496 -0.017996 0.034127 -0.000006 0.000036 0.000003 7.117201 -0.002667 -10.350005 3.632898 0.076204 -0.123213 3.668417 0.036205 -0.081880 -0.000009 -0.000001 -0.000006 9.393621 0.003661 -16.829336 4.830201 0.217919 -0.281434 4.706812 0.106762 -0.274399 -0.000249 0.000008 -0.000013 0.000000 0.000000 0.000000 0.000000 0.000000 0.000000 -85.615326 -0.186972 3.151734 -73.245842 2.440214 -10.058182 0.082809 -16.639948 99.459000 -30.447285 -46.002293 11.454015 -6.485368 1.265515 41.795677 0.000012 0.000023 -15.913722 0.000032 -0.000016 -11.156248 0.000847 0.000015 -0.000254 5.516887 0.080169 2.752547 -0.799847 -0.044679 -0.081068 -0.959383 -0.019701 -0.082948 0.000006 -0.000275 -0.000008 2.926008 0.035667 -2.528897 -1.252598 -0.028823 -0.045746 -1.036020 -0.006727 -0.038720 0.000027 -0.000002 0.000037 -4.350037 -0.002780 -10.342015 -3.531554 0.064736 0.036304 -3.152414 0.014488 0.029734 0.000320 0.000010 0.000007 -9.946362 0.018533 -18.708971 -6.614172 0.122737 0.205909 -6.546848 0.040916 0.159044 0.000217 0.000004 -0.000051 0.000000 0.000000 0.000000 0.000000 0.000000 0.000000 -3.466222 -11.308350 17.902233 -0.097233 -0.770126 5.921170 -0.059551 -8.396923 15.177671 -1.159161 1.059843 -17.128284 0.000000 0.000000 0.000000 0.000000 0.000000 0.000000 0.000000 0.000000 0.000000 0.442685 -4.329741 10.610445 0.113122 0.520876 12.184149 1.936844 -0.557111 15.780437 0.239047 -0.678502 -19.901962 0.000000 0.000000 0.000000 0.000000 0.000000 0.000000 0.000000 0.000000 0.000000 
-0.337191 88.274193 3.994581 0.492471 4.145009 -12.320690 1.081416 0.043352 7.977905 0.501591 -0.027402 1.644841 -1.181308 0.420236 6.289138 -1.105709 0.186158 5.120436 1.156781 0.161029 4.365239 0.268085 0.947093 -3.091479 -0.234532 -1.065263 -19.153494 0.000000 0.000000 0.000000 88.469826 -0.120540 9.492484 60.962959 -15.017106 4.383603 -1.005058 16.442211 91.692871 11.742351 27.248196 1.196355 8.849775 -1.670661 40.696209 -0.000006 0.000019 -21.527895 0.000010 0.000053 -15.015514 0.000009 -0.000003 -0.000018 4.005711 0.080712 -1.480607 2.814537 -0.057281 0.086766 2.777648 -0.035892 0.052939 -0.000009 0.000031 -0.000016 4.508156 0.014967 -5.103421 2.623657 -0.039948 0.026182 2.686412 -0.018005 0.034218 -0.000007 0.000037 0.000003 7.224055 -0.002944 -10.297879 3.678487 0.075857 -0.121047 3.711975 0.035847 -0.080570 -0.000009 -0.000077 -0.000006 9.503398 0.001432 -16.721727 4.886238 0.215578 -0.270490 4.764889 0.105136 -0.265067 -0.000255 0.000008 -0.000013 0.000000 0.000000 0.000000 0.000000 0.000000 0.000000 -85.599129 -0.201899 3.194114 -73.253899 2.387600 -9.919515 0.087756 -16.649012 99.284660 -29.947100 -45.990784 11.236510 -6.463710 1.262876 41.807610 0.000012 0.000023 -15.851745 0.000031 -0.000016 -11.115255 0.000836 0.000015 -0.000284 5.629602 0.080989 2.782251 -0.819920 -0.043511 -0.077207 -0.982432 -0.018691 -0.080519 0.000006 -0.000249 -0.000008 3.024677 0.035782 -2.484853 -1.275470 -0.028506 -0.044760 -1.059449 -0.006495 -0.037841 0.000058 -0.000002 0.000038 -4.271973 -0.002922 -10.280451 -3.554038 0.064237 0.034556 -3.178241 0.014160 0.028574 0.000338 0.000010 0.000007 -9.887998 0.016282 -18.613865 -6.622945 0.121098 0.198260 -6.555930 0.039185 0.153534 0.000222 0.000004 -0.000051 0.000000 0.000000 0.000000 0.000000 0.000000 0.000000 -3.469336 -11.300146 17.900839 -0.096950 -0.768285 5.929849 -0.067954 -8.379754 15.156358 -1.154908 1.059776 -17.119436 0.000000 0.000000 0.000000 0.000000 0.000000 0.000000 0.000000 0.000000 0.000000 0.452139 -4.338005 10.612138 0.113696 0.524865 12.184131 1.925972 -0.572212 15.756441 0.242283 -0.685943 -19.895021 0.000000 0.000000 0.000000 0.000000 0.000000 0.000000 0.000000 0.000000 0.000000 
-0.341846 88.263893 3.981188 0.485546 4.141642 -12.324236 1.082351 0.042642 7.998463 0.500484 -0.027498 1.634880 -1.181747 0.412811 6.305085 -1.096766 0.179684 5.113873 1.135014 0.174648 4.317998 0.261143 0.939711 -3.112460 -0.237517 -1.062142 -19.106108 0.000000 0.000000 0.000000 88.484474 -0.112257 9.513898 61.074879 -15.110314 4.362679 -1.000220 16.400742 91.641541 11.588102 27.215578 1.206391 8.860404 -1.673663 40.689720 -0.000005 0.000019 -21.556137 0.000010 0.000052 -15.038315 0.000009 -0.000003 -0.000019 4.091184 0.080669 -1.516349 2.839036 -0.057843 0.088237 2.803881 -0.036206 0.054312 -0.000009 0.000031 -0.000016 4.608914 0.014964 -5.108251 2.652343 -0.039951 0.026419 2.718413 -0.018007 0.034199 -0.000007 0.000038 0.000003 7.338403 -0.003209 -10.249925 3.729736 0.075516 -0.118792 3.761296 0.035497 -0.079151 -0.000009 -0.000149 -0.000006 9.615592 -0.000672 -16.617769 4.946716 0.213365 -0.259742 4.827461 0.103643 -0.255791 -0.000260 0.000008 -0.000013 0.000000 0.000000 0.000000 0.000000 0.000000 0.000000 -85.582474 -0.216696 3.236763 -73.257187 2.332445 -9.792497 0.091263 -16.661722 99.134026 -29.466814 -45.957375 11.011636 -6.445703 1.260568 41.817955 0.000012 0.000023 -15.798999 0.000029 -0.000016 -11.080647 0.000826 0.000014 -0.000310 5.723841 0.081732 2.800699 -0.846613 -0.042413 -0.073378 -1.011993 -0.017772 -0.077938 0.000006 -0.000225 -0.000008 3.108307 0.035876 -2.449499 -1.304850 -0.028213 -0.043744 -1.089234 -0.006282 -0.036946 0.000086 -0.000002 0.000039 -4.206490 -0.003083 -10.224311 -3.583390 0.063795 0.032927 -3.211112 0.013876 0.027437 0.000356 0.000010 0.000007 -9.838741 0.014036 -18.522362 -6.639348 0.119698 0.191383 -6.572258 0.037678 0.148397 0.000227 0.000004 -0.000051 0.000000 0.000000 0.000000 0.000000 0.000000 0.000000 -3.474724 -11.291886 17.899950 -0.096717 -0.766676 5.936375 -0.074871 -8.359740 15.136754 -1.150758 1.059730 -17.111137 0.000000 0.000000 0.000000 0.000000 0.000000 0.000000 0.000000 0.000000 0.000000 0.459428 -4.343546 10.614476 0.114223 0.528497 12.183153 1.915905 -0.583655 15.733243 0.245594 -0.693068 -19.890251 0.000000 0.000000 0.000000 0.000000 0.000000 0.000000 0.000000 0.000000 0.000000 
-0.345388 88.254089 3.967658 0.479385 4.133209 -12.326528 1.082792 0.042539 8.017827 0.499114 -0.027286 1.625950 -1.184868 0.406664 6.319726 -1.088051 0.173666 5.104428 1.109350 0.186520 4.266681 0.253730 0.930991 -3.136538 -0.240115 -1.059242 -19.060055 0.000000 0.000000 0.000000 88.495689 -0.103647 9.536864 61.171169 -15.187683 4.345773 -0.997234 16.362474 91.598976 11.455698 27.173620 1.220919 8.872398 -1.676785 40.682674 -0.000005 0.000019 -21.587740 0.000010 0.000052 -15.063264 0.000009 -0.000003 -0.000019 4.184278 0.080717 -1.557346 2.869286 -0.058414 0.089203 2.835657 -0.036549 0.055216 -0.000009 0.000031 -0.000016 4.716312 0.014945 -5.116999 2.686129 -0.039958 0.026473 2.755608 -0.018006 0.034041 -0.000007 0.000039 0.000003 7.456548 -0.003461 -10.205885 3.785634 0.075192 -0.116441 3.815398 0.035158 -0.077614 -0.000009 -0.000213 -0.000006 9.726235 -0.002655 -16.517664 5.010655 0.211312 -0.249245 4.893607 0.102310 -0.246655 -0.000264 0.000008 -0.000013 0.000000 0.000000 0.000000 0.000000 0.000000 0.000000 -85.565437 -0.231108 3.279967 -73.253532 2.278868 -9.675728 0.093808 -16.677412 99.007286 -29.013931 -45.903683 10.787441 -6.431855 1.258662 41.826427 0.000012 0.000023 -15.757009 0.000028 -0.000015 -11.053385 0.000818 0.000014 -0.000335 5.796946 0.082362 2.807055 -0.879034 -0.041376 -0.069443 -1.047299 -0.016927 -0.075119 0.000006 -0.000204 -0.000008 3.174142 0.035938 -2.423455 -1.339836 -0.027936 -0.042648 -1.124607 -0.006081 -0.035994 0.000111 -0.000002 0.000040 -4.156588 -0.003257 -10.174033 -3.619256 0.063404 0.031349 -3.250593 0.013631 0.026279 0.000376 0.000010 0.000007 -9.801429 0.011811 -18.434439 -6.663529 0.118512 0.185064 -6.595987 0.036373 0.143501 0.000230 0.000004 -0.000051 0.000000 0.000000 0.000000 0.000000 0.000000 0.000000 -3.482486 -11.284253 17.899260 -0.096513 -0.765274 5.940905 -0.080107 -8.337611 15.118981 -1.146712 1.059696 -17.103880 0.000000 0.000000 0.000000 0.000000 0.000000 0.000000 0.000000 0.000000 0.000000 0.464361 -4.347127 10.616686 0.114707 0.531784 12.181555 1.906953 -0.592200 15.711452 0.248858 -0.699851 -19.887819 0.000000 0.000000 0.000000 0.000000 0.000000 0.000000 0.000000 0.000000 0.000000 
-0.347969 88.244827 3.953776 0.473473 4.120118 -12.327857 1.083189 0.043032 8.035574 0.497699 -0.026752 1.619299 -1.190915 0.401834 6.331443 -1.080011 0.168192 5.092443 1.079862 0.197783 4.212238 0.245957 0.921667 -3.163227 -0.242651 -1.056658 -19.015234 0.000000 0.000000 0.000000 88.501244 -0.094388 9.562561 61.250252 -15.249186 4.335714 -0.995523 16.326191 91.564949 11.343390 27.124735 1.242936 8.885138 -1.679925 40.675388 -0.000005 0.000020 -21.621094 0.000010 0.000052 -15.089359 0.000009 -0.000003 -0.000019 4.280954 0.080861 -1.602610 2.904053 -0.058953 0.089554 2.871672 -0.036889 0.055544 -0.000009 0.000031 -0.000016 4.826446 0.014909 -5.129427 2.723656 -0.039957 0.026313 2.796583 -0.017992 0.033716 -0.000007 0.000039 0.000003 7.574422 -0.003705 -10.166548 3.844652 0.074873 -0.113997 3.872779 0.034824 -0.075955 -0.000009 -0.000270 -0.000006 9.831358 -0.004523 -16.422960 5.076468 0.209409 -0.239058 4.961663 0.101114 -0.237727 -0.000267 0.000007 -0.000013 0.000000 0.000000 0.000000 0.000000 0.000000 0.000000 -85.547394 -0.244677 3.324640 -73.240295 2.229255 -9.566888 0.095587 -16.694508 98.907387 -28.601736 -45.828384 10.573234 -6.422109 1.257208 41.832951 0.000012 0.000023 -15.725982 0.000026 -0.000015 -11.033495 0.000809 0.000014 -0.000357 5.847484 0.082882 2.799239 -0.915028 -0.040404 -0.065522 -1.086282 -0.016157 -0.072194 0.000007 -0.000184 -0.000008 3.220951 0.035971 -2.408951 -1.378203 -0.027678 -0.041520 -1.163431 -0.005893 -0.035030 0.000133 -0.000002 0.000041 -4.122951 -0.003434 -10.131909 -3.659763 0.063068 0.029852 -3.294821 0.013427 0.025132 0.000397 0.000010 0.000008 -9.776407 0.009613 -18.352449 -6.694012 0.117543 0.179349 -6.625612 0.035266 0.138938 0.000231 0.000004 -0.000051 0.000000 0.000000 0.000000 0.000000 0.000000 0.000000 -3.491629 -11.277166 17.898293 -0.096300 -0.763958 5.944102 -0.083821 -8.314308 15.104047 -1.142673 1.059516 -17.098442 0.000000 0.000000 0.000000 0.000000 0.000000 0.000000 0.000000 0.000000 0.000000 0.467693 -4.349071 10.618345 0.115189 0.534777 12.180072 1.899276 -0.599237 15.691521 0.251973 -0.706162 -19.887751 0.000000 0.000000 0.000000 0.000000 0.000000 0.000000 0.000000 0.000000 0.000000 
-0.349848 88.236320 3.939168 0.466784 4.102799 -12.328580 1.084290 0.044139 8.050223 0.496890 -0.026075 1.617397 -1.200536 0.398485 6.335796 -1.073344 0.163409 5.078424 1.046070 0.209608 4.154645 0.237920 0.912664 -3.193010 -0.245558 -1.054764 -18.971371 0.000000 0.000000 0.000000 88.495316 -0.083710 9.594138 61.309429 -15.294831 4.336409 -0.994686 16.284674 91.540192 11.254457 27.071253 1.277312 8.898136 -1.682921 40.668167 -0.000005 0.000020 -21.654860 0.000010 0.000052 -15.116053 0.000009 -0.000003 -0.000019 4.376497 0.081173 -1.651372 2.942623 -0.059288 0.088883 2.911023 -0.037087 0.054966 -0.000009 0.000031 -0.000015 4.934908 0.014857 -5.145351 2.763816 -0.039896 0.025797 2.840194 -0.017918 0.033105 -0.000007 0.000040 0.000003 7.686152 -0.003958 -10.133517 3.904792 0.074472 -0.111396 3.931602 0.034447 -0.074110 -0.000009 -0.000319 -0.000006 9.924772 -0.006234 -16.336752 5.141613 0.207471 -0.229143 5.028971 0.099882 -0.228952 -0.000268 0.000007 -0.000013 0.000000 0.000000 0.000000 0.000000 0.000000 0.000000 -85.525925 -0.256886 3.372948 -73.215584 2.181658 -9.463051 0.096553 -16.711012 98.849373 -28.256453 -45.714348 10.383297 -6.415671 1.256173 41.837769 0.000012 0.000023 -15.704229 0.000024 -0.000015 -11.019761 0.000796 0.000014 -0.000373 5.878731 0.083332 2.774894 -0.949680 -0.039519 -0.062080 -1.124093 -0.015490 -0.069566 0.000007 -0.000164 -0.000008 3.252699 0.035979 -2.409404 -1.414967 -0.027447 -0.040535 -1.200724 -0.005735 -0.034206 0.000155 -0.000003 0.000042 -4.100167 -0.003593 -10.102773 -3.699955 0.062808 0.028605 -3.339022 0.013283 0.024136 0.000419 0.000011 0.000008 -9.757641 0.007459 -18.283579 -6.726523 0.116833 0.174745 -6.656600 0.034387 0.135157 0.000230 0.000004 -0.000051 0.000000 0.000000 0.000000 0.000000 0.000000 0.000000 -3.500878 -11.270638 17.896955 -0.096038 -0.762622 5.945963 -0.085719 -8.291908 15.094034 -1.138582 1.058982 -17.096058 0.000000 0.000000 0.000000 0.000000 0.000000 0.000000 0.000000 0.000000 0.000000 0.470330 -4.349682 10.618793 0.115736 0.537483 12.179645 1.893418 -0.607105 15.674392 0.254702 -0.711710 -19.890675 0.000000 0.000000 0.000000 0.000000 0.000000 0.000000 0.000000 0.000000 0.000000 
-0.351044 88.228821 3.923405 0.459170 4.081256 -12.327750 1.086073 0.045899 8.059768 0.498203 -0.025749 1.620375 -1.214652 0.397936 6.330209 -1.068273 0.159426 5.062164 1.007926 0.220655 4.095648 0.229837 0.903372 -3.225135 -0.248465 -1.054068 -18.929384 0.000000 0.000000 0.000000 88.475563 -0.071257 9.633799 61.343987 -15.325383 4.343989 -0.995659 16.227589 91.521873 11.197717 27.014444 1.328144 8.912016 -1.685630 40.660961 -0.000005 0.000020 -21.690418 0.000010 0.000053 -15.144470 0.000009 -0.000003 -0.000019 4.468505 0.081737 -1.703423 2.985696 -0.059303 0.086905 2.954225 -0.037053 0.053265 -0.000009 0.000031 -0.000015 5.038678 0.014762 -5.164176 2.806997 -0.039750 0.024836 2.886769 -0.017752 0.032130 -0.000007 0.000040 0.000004 7.785501 -0.004218 -10.107507 3.964526 0.073919 -0.108646 3.990903 0.034006 -0.072089 -0.000008 -0.000357 -0.000006 9.998889 -0.007724 -16.261070 5.203988 0.205391 -0.219749 5.093684 0.098537 -0.220458 -0.000269 0.000007 -0.000013 0.000000 0.000000 0.000000 0.000000 0.000000 0.000000 -85.498253 -0.267409 3.426585 -73.179138 2.132097 -9.361250 0.096889 -16.725574 98.849884 -28.003237 -45.534603 10.230231 -6.412660 1.255375 41.840973 0.000012 0.000023 -15.691549 0.000021 -0.000015 -11.012236 0.000779 0.000014 -0.000383 5.896325 0.083720 2.734337 -0.980893 -0.038769 -0.059402 -1.158635 -0.014994 -0.067424 0.000007 -0.000140 -0.000008 3.275920 0.035942 -2.425596 -1.448130 -0.027276 -0.039800 -1.234511 -0.005632 -0.033600 0.000174 -0.000003 0.000043 -4.080786 -0.003749 -10.089008 -3.737796 0.062661 0.027728 -3.381198 0.013233 0.023388 0.000442 0.000011 0.000008 -9.737493 0.005381 -18.233444 -6.759551 0.116445 0.171711 -6.687378 0.033815 0.132458 0.000223 0.000004 -0.000051 0.000000 0.000000 0.000000 0.000000 0.000000 0.000000 -3.510394 -11.265920 17.897131 -0.095762 -0.761526 5.943501 -0.084788 -8.273679 15.090239 -1.134763 1.058360 -17.097145 0.000000 0.000000 0.000000 0.000000 0.000000 0.000000 0.000000 0.000000 0.000000 0.471941 -4.349595 10.617749 0.116355 0.539673 12.179806 1.889417 -0.615427 15.661276 0.256794 -0.716251 -19.897165 0.000000 0.000000 0.000000 0.000000 0.000000 0.000000 0.000000 0.000000 0.000000 
-0.351564 88.222458 3.906584 0.451421 4.055616 -12.324733 1.088017 0.048424 8.063629 0.502193 -0.025893 1.624654 -1.232256 0.402103 6.317662 -1.064382 0.156604 5.042476 0.968324 0.227403 4.040572 0.222379 0.891928 -3.256419 -0.250330 -1.054744 -18.892317 0.000000 0.000000 0.000000 88.448082 -0.057926 9.680197 61.347500 -15.347105 4.353356 -0.999159 16.154903 91.501106 11.182362 26.955368 1.392021 8.927402 -1.688013 40.653629 -0.000005 0.000020 -21.729351 0.000009 0.000053 -15.175141 0.000009 -0.000003 -0.000019 4.555559 0.082593 -1.761238 3.033080 -0.059207 0.084021 3.000915 -0.036964 0.050801 -0.000009 0.000031 -0.000015 5.135007 0.014600 -5.187601 2.853232 -0.039612 0.023579 2.936242 -0.017557 0.030913 -0.000007 0.000041 0.000004 7.869681 -0.004470 -10.089961 4.022939 0.073316 -0.105926 4.050340 0.033585 -0.070035 -0.000008 -0.000383 -0.000006 10.050492 -0.009045 -16.197382 5.262895 0.203454 -0.211304 5.155555 0.097308 -0.212575 -0.000268 0.000007 -0.000014 0.000000 0.000000 0.000000 0.000000 0.000000 0.000000 -85.465851 -0.275840 3.485492 -73.129318 2.087851 -9.257329 0.096811 -16.739719 98.901588 -27.836838 -45.277042 10.104474 -6.414353 1.254601 41.842400 0.000012 0.000022 -15.690255 0.000019 -0.000015 -11.012777 0.000759 0.000014 -0.000389 5.901512 0.084043 2.678923 -1.013499 -0.038244 -0.057254 -1.194618 -0.014759 -0.065552 0.000007 -0.000110 -0.000008 3.292672 0.035840 -2.455653 -1.482423 -0.027209 -0.039243 -1.269693 -0.005607 -0.033128 0.000183 -0.000003 0.000043 -4.062220 -0.003935 -10.088472 -3.778002 0.062708 0.027154 -3.425700 0.013321 0.022843 0.000466 0.000011 0.000008 -9.714475 0.003368 -18.199753 -6.797227 0.116541 0.170106 -6.722424 0.033681 0.130668 0.000211 0.000005 -0.000051 0.000000 0.000000 0.000000 0.000000 0.000000 0.000000 -3.520352 -11.263382 17.901783 -0.095559 -0.761062 5.933499 -0.081335 -8.262601 15.091941 -1.131646 1.058247 -17.100586 0.000000 0.000000 0.000000 0.000000 0.000000 0.000000 0.000000 0.000000 0.000000 0.471702 -4.350935 10.617145 0.116978 0.541043 12.177618 1.886305 -0.620788 15.652890 0.258258 -0.719832 -19.906229 0.000000 0.000000 0.000000 0.000000 0.000000 0.000000 0.000000 0.000000 0.000000 
-0.351864 88.217216 3.889199 0.443388 4.027103 -12.320452 1.090499 0.051756 8.062317 0.507463 -0.025953 1.627645 -1.250126 0.411538 6.301628 -1.061378 0.155824 5.018365 0.930969 0.227876 3.994327 0.216489 0.877594 -3.284085 -0.250667 -1.056752 -18.863733 0.000000 0.000000 0.000000 88.418327 -0.044563 9.731784 61.314190 -15.369557 4.367849 -1.004092 16.074863 91.465912 11.216381 26.902304 1.462667 8.943358 -1.689970 40.646652 -0.000005 0.000020 -21.769247 0.000009 0.000053 -15.205774 0.000008 -0.000003 -0.000019 4.633383 0.083792 -1.827783 3.083577 -0.059320 0.080971 3.049552 -0.037114 0.048229 -0.000009 0.000031 -0.000015 5.218377 0.014384 -5.218384 2.901583 -0.039607 0.022289 2.987625 -0.017428 0.029688 -0.000007 0.000041 0.000004 7.936040 -0.004714 -10.083230 4.079509 0.072851 -0.103497 4.109612 0.033305 -0.068153 -0.000007 -0.000397 -0.000006 10.078323 -0.010342 -16.147379 5.318329 0.202128 -0.204246 5.214727 0.096523 -0.205738 -0.000268 0.000007 -0.000014 0.000000 0.000000 0.000000 0.000000 0.000000 0.000000 -85.432533 -0.281937 3.548543 -73.060844 2.067124 -9.146471 0.096099 -16.757496 98.984009 -27.746862 -44.949505 9.992380 -6.420541 1.253633 41.842346 0.000012 0.000022 -15.699952 0.000017 -0.000015 -11.021200 0.000739 0.000014 -0.000392 5.895955 0.084358 2.608471 -1.050784 -0.038053 -0.055536 -1.235201 -0.014878 -0.063917 0.000007 -0.000077 -0.000008 3.305144 0.035685 -2.498846 -1.520964 -0.027292 -0.038849 -1.309416 -0.005683 -0.032773 0.000179 -0.000003 0.000044 -4.041063 -0.004175 -10.099626 -3.823471 0.063041 0.026888 -3.475041 0.013586 0.022523 0.000488 0.000011 0.000008 -9.687341 0.001365 -18.178720 -6.841841 0.117367 0.169923 -6.764368 0.034126 0.129838 0.000194 0.000005 -0.000050 0.000000 0.000000 0.000000 0.000000 0.000000 0.000000 -3.529087 -11.262152 17.911901 -0.095495 -0.761364 5.915556 -0.077384 -8.258673 15.098402 -1.129307 1.058956 -17.105398 0.000000 0.000000 0.000000 0.000000 0.000000 0.000000 0.000000 0.000000 0.000000 0.470347 -4.356098 10.619110 0.117546 0.541479 12.170217 1.883059 -0.621643 15.649083 0.259297 -0.722498 -19.915947 0.000000 0.000000 0.000000 0.000000 0.000000 0.000000 0.000000 0.000000 0.000000 
-0.352506 88.213051 3.871950 0.434522 3.997681 -12.316373 1.094190 0.055866 8.055891 0.512366 -0.025313 1.629330 -1.265148 0.426182 6.283641 -1.059162 0.158276 4.989799 0.897425 0.221820 3.958825 0.212882 0.860549 -3.307434 -0.249392 -1.059891 -18.846592 0.000000 0.000000 0.000000 88.387581 -0.031088 9.789345 61.242409 -15.395842 4.394512 -1.009141 15.993425 91.409760 11.309351 26.867538 1.537022 8.958210 -1.691272 40.640911 -0.000004 0.000019 -21.805485 0.000009 0.000053 -15.232827 0.000008 -0.000003 -0.000019 4.695543 0.085389 -1.903119 3.136065 -0.059862 0.078325 3.098837 -0.037723 0.046049 -0.000009 0.000030 -0.000014 5.281575 0.014130 -5.256881 2.951124 -0.039819 0.021174 3.039912 -0.017436 0.028635 -0.000007 0.000042 0.000004 7.978342 -0.004966 -10.088455 4.133184 0.072686 -0.101627 4.167762 0.033271 -0.066632 -0.000007 -0.000401 -0.000006 10.077718 -0.011738 -16.112114 5.369199 0.201850 -0.199207 5.270199 0.096492 -0.200474 -0.000269 0.000007 -0.000014 0.000000 0.000000 0.000000 0.000000 0.000000 0.000000 -85.401016 -0.286149 3.614590 -72.968689 2.082396 -9.023268 0.094036 -16.784025 99.088417 -27.747368 -44.562656 9.895819 -6.428664 1.252061 41.841984 0.000012 0.000022 -15.714893 0.000015 -0.000015 -11.033499 0.000721 0.000014 -0.000394 5.890409 0.084727 2.524056 -1.090066 -0.038317 -0.054607 -1.277529 -0.015469 -0.062821 0.000006 -0.000044 -0.000008 3.323730 0.035496 -2.554902 -1.561191 -0.027567 -0.038761 -1.350831 -0.005895 -0.032650 0.000165 -0.000003 0.000044 -4.006572 -0.004475 -10.123688 -3.871212 0.063742 0.027123 -3.525935 0.014067 0.022592 0.000508 0.000011 0.000008 -9.648612 -0.000649 -18.171959 -6.890805 0.119136 0.171782 -6.810788 0.035297 0.130506 0.000174 0.000005 -0.000050 0.000000 0.000000 0.000000 0.000000 0.000000 0.000000 -3.534743 -11.262194 17.926487 -0.095638 -0.762495 5.891106 -0.074828 -8.259562 15.109054 -1.127684 1.060501 -17.110929 0.000000 0.000000 0.000000 0.000000 0.000000 0.000000 0.000000 0.000000 0.000000 0.469365 -4.365304 10.624651 0.118003 0.540892 12.156562 1.879101 -0.617781 15.649386 0.260203 -0.724008 -19.925026 0.000000 0.000000 0.000000 0.000000 0.000000 0.000000 0.000000 0.000000 0.000000 
-0.353568 88.209816 3.855518 0.425026 3.969413 -12.314055 1.099286 0.060762 8.044548 0.515388 -0.023479 1.631104 -1.276118 0.445945 6.264126 -1.057826 0.164466 4.957264 0.866448 0.210098 3.935101 0.211463 0.841005 -3.326183 -0.246588 -1.063449 -18.842205 0.000000 0.000000 0.000000 88.356697 -0.017349 9.854766 61.134480 -15.423627 4.441105 -1.013334 15.916200 91.330070 11.472061 26.856575 1.613708 8.970213 -1.691736 40.637276 -0.000004 0.000019 -21.833033 0.000008 0.000053 -15.252575 0.000008 -0.000002 -0.000019 4.735104 0.087347 -1.984490 3.187866 -0.060883 0.076168 3.146323 -0.038868 0.044302 -0.000009 0.000030 -0.000014 5.317961 0.013836 -5.300746 2.999312 -0.040261 0.020273 3.090302 -0.017605 0.027794 -0.000006 0.000043 0.000004 7.988754 -0.005235 -10.103755 4.180750 0.072911 -0.100393 4.221531 0.033538 -0.065512 -0.000006 -0.000397 -0.000006 10.041159 -0.013335 -16.089424 5.411639 0.202870 -0.196510 5.318079 0.097390 -0.197003 -0.000268 0.000008 -0.000015 0.000000 0.000000 0.000000 0.000000 0.000000 0.000000 -85.372620 -0.289400 3.682964 -72.848969 2.137560 -8.881778 0.089716 -16.823406 99.212296 -27.853735 -44.123997 9.814902 -6.436877 1.249696 41.842007 0.000012 0.000022 -15.731038 0.000013 -0.000014 -11.046600 0.000706 0.000014 -0.000395 5.891158 0.085148 2.426879 -1.128639 -0.039069 -0.054699 -1.318753 -0.016555 -0.062422 0.000006 -0.000013 -0.000008 3.353891 0.035268 -2.623123 -1.600387 -0.028037 -0.039063 -1.390805 -0.006248 -0.032825 0.000142 -0.000003 0.000045 -3.953804 -0.004829 -10.160992 -3.918059 0.064823 0.028006 -3.574867 0.014769 0.023136 0.000521 0.000011 0.000007 -9.595073 -0.002656 -18.180338 -6.940921 0.121877 0.176202 -6.858429 0.037245 0.133037 0.000152 0.000005 -0.000050 0.000000 0.000000 0.000000 0.000000 0.000000 0.000000 -3.537162 -11.264264 17.943506 -0.096019 -0.764345 5.863304 -0.074527 -8.262368 15.123095 -1.126604 1.062591 -17.116747 0.000000 0.000000 0.000000 0.000000 0.000000 0.000000 0.000000 0.000000 0.000000 0.469957 -4.376858 10.633813 0.118295 0.539249 12.137715 1.874343 -0.609528 15.653667 0.261169 -0.724100 -19.933233 0.000000 0.000000 0.000000 0.000000 0.000000 0.000000 0.000000 0.000000 0.000000 
-0.354714 88.207153 3.840341 0.415534 3.944332 -12.314548 1.105430 0.066449 8.028679 0.515246 -0.020119 1.634413 -1.283381 0.469649 6.242702 -1.057488 0.173532 4.921651 0.835887 0.194114 3.924041 0.211805 0.819650 -3.339816 -0.242614 -1.066544 -18.850504 0.000000 0.000000 0.000000 88.327103 -0.003432 9.928862 60.993752 -15.445850 4.515149 -1.016406 15.850537 91.227303 11.711128 26.862583 1.692039 8.977730 -1.691285 40.636471 -0.000004 0.000019 -21.847153 0.000008 0.000053 -15.261682 0.000008 -0.000002 -0.000018 4.745993 0.089579 -2.066924 3.234482 -0.062290 0.074142 3.188126 -0.040493 0.042609 -0.000009 0.000030 -0.000013 5.322601 0.013500 -5.346544 3.041794 -0.040887 0.019449 3.134119 -0.017913 0.027069 -0.000006 0.000045 0.000004 7.959860 -0.005528 -10.126686 4.217339 0.073543 -0.099648 4.265823 0.034098 -0.064666 -0.000005 -0.000383 -0.000005 9.960487 -0.015213 -16.077087 5.439863 0.205241 -0.195993 5.352319 0.099248 -0.195137 -0.000266 0.000008 -0.000015 0.000000 0.000000 0.000000 0.000000 0.000000 0.000000 -85.347725 -0.293013 3.753857 -72.700020 2.229681 -8.717251 0.082569 -16.877659 99.354759 -28.070513 -43.639095 9.744167 -6.444443 1.246581 41.842548 0.000012 0.000021 -15.746992 0.000013 -0.000014 -11.059201 0.000692 0.000014 -0.000397 5.898841 0.085579 2.320396 -1.165457 -0.040206 -0.055602 -1.357872 -0.018016 -0.062498 0.000006 0.000013 -0.000008 3.395041 0.034991 -2.700593 -1.637235 -0.028649 -0.039656 -1.427702 -0.006707 -0.033216 0.000115 -0.000003 0.000045 -3.883976 -0.005230 -10.209937 -3.961939 0.066221 0.029464 -3.619475 0.015645 0.024053 0.000527 0.000011 0.000007 -9.527435 -0.004643 -18.202955 -6.989191 0.125407 0.183063 -6.904160 0.039872 0.137246 0.000127 0.000005 -0.000050 0.000000 0.000000 0.000000 0.000000 0.000000 0.000000 -3.537426 -11.269740 17.960752 -0.096654 -0.766715 5.836281 -0.075838 -8.265150 15.138932 -1.125871 1.064838 -17.122379 0.000000 0.000000 0.000000 0.000000 0.000000 0.000000 0.000000 0.000000 0.000000 0.472767 -4.388494 10.645525 0.118393 0.536623 12.115813 1.869347 -0.598447 15.661487 0.262266 -0.722594 -19.940540 0.000000 0.000000 0.000000 0.000000 0.000000 0.000000 0.000000 0.000000 0.000000 
-0.355628 88.204514 3.826626 0.406013 3.924271 -12.317972 1.112027 0.072868 8.008580 0.511218 -0.015140 1.639920 -1.287443 0.494866 6.218711 -1.058026 0.183892 4.884076 0.804135 0.173981 3.925157 0.213693 0.796951 -3.348320 -0.237643 -1.068620 -18.870884 0.000000 0.000000 0.000000 88.299255 0.010678 10.010970 60.824677 -15.450020 4.620374 -1.019110 15.800604 91.107208 12.023300 26.871515 1.770775 8.979219 -1.689909 40.639023 -0.000004 0.000018 -21.843918 0.000007 0.000053 -15.257524 0.000008 -0.000002 -0.000018 4.721707 0.091953 -2.143985 3.269619 -0.063905 0.071703 3.218781 -0.042447 0.040431 -0.000009 0.000030 -0.000013 5.290401 0.013124 -5.390594 3.072615 -0.041624 0.018485 3.165261 -0.018312 0.026298 -0.000005 0.000046 0.000004 7.883604 -0.005850 -10.156033 4.237101 0.074517 -0.099142 4.294604 0.034891 -0.063897 -0.000004 -0.000359 -0.000005 9.826858 -0.017403 -16.075596 5.447768 0.208837 -0.197163 5.366351 0.101974 -0.194431 -0.000262 0.000008 -0.000015 0.000000 0.000000 0.000000 0.000000 0.000000 0.000000 -85.325745 -0.298444 3.828532 -72.523514 2.348953 -8.526912 0.072952 -16.945026 99.515877 -28.394339 -43.115929 9.680412 -6.449513 1.242617 41.844189 0.000013 0.000021 -15.758586 0.000013 -0.000014 -11.068306 0.000678 0.000013 -0.000402 5.921362 0.085975 2.215405 -1.198329 -0.041575 -0.056982 -1.392966 -0.019676 -0.062716 0.000006 0.000034 -0.000007 3.453304 0.034653 -2.779290 -1.669560 -0.029324 -0.040390 -1.459117 -0.007219 -0.033693 0.000091 -0.000004 0.000044 -3.791704 -0.005671 -10.266677 -3.999514 0.067831 0.031319 -3.656402 0.016628 0.025172 0.000524 0.000012 0.000007 -9.439884 -0.006571 -18.239580 -7.031349 0.129432 0.191866 -6.943539 0.042976 0.142680 0.000103 0.000006 -0.000050 0.000000 0.000000 0.000000 0.000000 0.000000 0.000000 -3.536477 -11.280022 17.976711 -0.097556 -0.769387 5.813091 -0.076966 -8.266910 15.155074 -1.125305 1.066947 -17.127285 0.000000 0.000000 0.000000 0.000000 0.000000 0.000000 0.000000 0.000000 0.000000 0.478160 -4.398504 10.657554 0.118294 0.533219 12.093561 1.865226 -0.587257 15.670977 0.263534 -0.719419 -19.946234 0.000000 0.000000 0.000000 0.000000 0.000000 0.000000 0.000000 0.000000 0.000000 
-0.356090 88.201294 3.814342 0.395951 3.910597 -12.323545 1.118048 0.079931 7.984732 0.503241 -0.008740 1.647267 -1.289027 0.518323 6.191761 -1.059176 0.193760 4.845766 0.771019 0.148313 3.936743 0.217037 0.772813 -3.352560 -0.231453 -1.069539 -18.902603 0.000000 0.000000 0.000000 88.272980 0.024845 10.098615 60.633957 -15.425129 4.754215 -1.022324 15.765548 90.981461 12.391445 26.870983 1.847391 8.974184 -1.687766 40.644936 -0.000004 0.000018 -21.822392 0.000007 0.000054 -15.239742 0.000008 -0.000002 -0.000018 4.658703 0.094255 -2.210475 3.286952 -0.065424 0.068204 3.232670 -0.044435 0.037169 -0.000009 0.000030 -0.000013 5.219388 0.012698 -5.429997 3.086074 -0.042347 0.017126 3.178066 -0.018710 0.025280 -0.000005 0.000047 0.000004 7.757373 -0.006194 -10.190353 4.235246 0.075661 -0.098532 4.302927 0.035784 -0.062960 -0.000002 -0.000324 -0.000005 9.638288 -0.019840 -16.085173 5.431498 0.213220 -0.199087 5.355832 0.105243 -0.194119 -0.000255 0.000008 -0.000015 0.000000 0.000000 0.000000 0.000000 0.000000 0.000000 -85.305557 -0.306713 3.908204 -72.324036 2.482889 -8.310620 0.062375 -17.017773 99.692490 -28.804829 -42.573994 9.621064 -6.449899 1.237714 41.847721 0.000013 0.000020 -15.760818 0.000013 -0.000014 -11.070618 0.000661 0.000013 -0.000415 5.969870 0.086266 2.127294 -1.225614 -0.042945 -0.058311 -1.422850 -0.021281 -0.062612 0.000006 0.000052 -0.000007 3.537767 0.034241 -2.847603 -1.696191 -0.029952 -0.041045 -1.483821 -0.007706 -0.034076 0.000080 -0.000004 0.000042 -3.669667 -0.006122 -10.324845 -4.028412 0.069473 0.033267 -3.683546 0.017611 0.026259 0.000508 0.000012 0.000007 -9.325366 -0.008313 -18.288574 -7.064330 0.133470 0.201618 -6.973415 0.046189 0.148604 0.000079 0.000006 -0.000050 0.000000 0.000000 0.000000 0.000000 0.000000 0.000000 -3.535033 -11.295067 17.990028 -0.098733 -0.772144 5.794711 -0.075646 -8.266517 15.170981 -1.124743 1.068778 -17.131376 0.000000 0.000000 0.000000 0.000000 0.000000 0.000000 0.000000 0.000000 0.000000 0.485963 -4.406318 10.666781 0.118022 0.529470 12.073949 1.862772 -0.579316 15.679045 0.264986 -0.714738 -19.949093 0.000000 0.000000 0.000000 0.000000 0.000000 0.000000 0.000000 0.000000 0.000000 
-0.355814 88.197021 3.803470 0.385142 3.904198 -12.330404 1.122049 0.087722 7.957957 0.492418 -0.001432 1.655200 -1.289877 0.536981 6.162277 -1.060964 0.201533 4.809208 0.739333 0.115132 3.956810 0.221585 0.746691 -3.354410 -0.223714 -1.069521 -18.945612 0.000000 0.000000 0.000000 88.248138 0.038325 10.187068 60.430336 -15.371590 4.907832 -1.026495 15.740499 90.870537 12.777129 26.854753 1.920769 8.962977 -1.685187 40.653667 -0.000004 0.000017 -21.784103 0.000006 0.000054 -15.209850 0.000008 -0.000001 -0.000018 4.559144 0.096202 -2.264246 3.281629 -0.066504 0.063127 3.225082 -0.046089 0.032375 -0.000009 0.000030 -0.000012 5.112903 0.012209 -5.463384 3.078092 -0.042909 0.015179 3.168735 -0.019007 0.023843 -0.000004 0.000047 0.000004 7.588809 -0.006523 -10.227200 4.209630 0.076740 -0.097473 4.288289 0.036615 -0.061637 -0.000001 -0.000282 -0.000005 9.404588 -0.022364 -16.103714 5.390710 0.217723 -0.200645 5.320114 0.108537 -0.193373 -0.000247 0.000009 -0.000014 0.000000 0.000000 0.000000 0.000000 0.000000 0.000000 -85.286140 -0.317816 3.993527 -72.108841 2.622019 -8.069510 0.053184 -17.084856 99.874580 -29.257244 -42.043713 9.560928 -6.444036 1.232032 41.853527 0.000013 0.000020 -15.750352 0.000014 -0.000014 -11.064025 0.000641 0.000012 -0.000437 6.051013 0.086378 2.069200 -1.246913 -0.044049 -0.058884 -1.447547 -0.022552 -0.061620 0.000006 0.000066 -0.000007 3.653149 0.033745 -2.894733 -1.717552 -0.030413 -0.041345 -1.502550 -0.008077 -0.034155 0.000089 -0.000004 0.000040 -3.516616 -0.006547 -10.376913 -4.048723 0.070914 0.034931 -3.701446 0.018457 0.027068 0.000479 0.000012 0.000007 -9.183838 -0.009734 -18.345169 -7.088218 0.136925 0.210968 -6.993940 0.049037 0.154127 0.000060 0.000006 -0.000050 0.000000 0.000000 0.000000 0.000000 0.000000 0.000000 -3.534265 -11.312740 18.000034 -0.100186 -0.774804 5.779794 -0.069832 -8.263657 15.186992 -1.124262 1.070405 -17.134897 0.000000 0.000000 0.000000 0.000000 0.000000 0.000000 0.000000 0.000000 0.000000 0.494807 -4.413236 10.671197 0.117648 0.526109 12.059100 1.861933 -0.578112 15.681986 0.266596 -0.709099 -19.947834 0.000000 0.000000 0.000000 0.000000 0.000000 0.000000 0.000000 0.000000 0.000000 
-0.354439 88.191383 3.794152 0.373712 3.905678 -12.338421 1.122714 0.096384 7.929688 0.479860 0.006134 1.662203 -1.291058 0.548133 6.131917 -1.063362 0.205827 4.779440 0.714527 0.072605 3.985003 0.226955 0.717281 -3.355616 -0.214047 -1.068695 -19.000952 0.000000 0.000000 0.000000 88.225159 0.049739 10.269552 60.218105 -15.306117 5.069296 -1.031688 15.721597 90.799377 13.125896 26.815805 1.994351 8.944956 -1.682432 40.665016 -0.000003 0.000016 -21.728569 0.000006 0.000054 -15.167797 0.000008 -0.000001 -0.000017 4.425285 0.097550 -2.300369 3.248506 -0.066982 0.056629 3.190203 -0.047183 0.026162 -0.000009 0.000030 -0.000012 4.972391 0.011673 -5.487153 3.043716 -0.043220 0.012735 3.132975 -0.019162 0.022025 -0.000004 0.000047 0.000004 7.386432 -0.006801 -10.262545 4.157568 0.077601 -0.095883 4.247398 0.037281 -0.059936 -0.000000 -0.000236 -0.000005 9.136938 -0.024787 -16.127842 5.324675 0.221792 -0.201376 5.258599 0.111452 -0.192057 -0.000239 0.000009 -0.000014 0.000000 0.000000 0.000000 0.000000 0.000000 0.000000 -85.266167 -0.330967 4.083188 -71.886734 2.765094 -7.805044 0.047552 -17.138908 100.044983 -29.706776 -41.563488 9.507198 -6.431426 1.225945 41.861568 0.000013 0.000019 -15.726295 0.000014 -0.000014 -11.048006 0.000626 0.000012 -0.000469 6.162955 0.086246 2.045241 -1.262518 -0.044706 -0.058120 -1.467592 -0.023316 -0.059354 0.000006 0.000073 -0.000006 3.796210 0.033167 -2.916266 -1.734370 -0.030634 -0.041096 -1.516750 -0.008274 -0.033778 0.000117 -0.000004 0.000036 -3.340501 -0.006971 -10.417833 -4.061689 0.071948 0.036026 -3.711760 0.019054 0.027471 0.000438 0.000012 0.000007 -9.025407 -0.010913 -18.403080 -7.104863 0.139291 0.218681 -7.007320 0.051123 0.158529 0.000048 0.000007 -0.000050 0.000000 0.000000 0.000000 0.000000 0.000000 0.000000 -3.534968 -11.329513 18.006266 -0.101819 -0.777086 5.767382 -0.059049 -8.259957 15.203362 -1.124037 1.071982 -17.138027 0.000000 0.000000 0.000000 0.000000 0.000000 0.000000 0.000000 0.000000 0.000000 0.502516 -4.420808 10.671825 0.117269 0.523933 12.049345 1.862400 -0.585776 15.676223 0.268335 -0.703281 -19.941555 0.000000 0.000000 0.000000 0.000000 0.000000 0.000000 0.000000 0.000000 0.000000 
-0.351783 88.184418 3.786841 0.361903 3.915779 -12.348203 1.119519 0.105876 7.901596 0.465124 0.013485 1.666982 -1.291465 0.548902 6.103047 -1.066248 0.205612 4.762469 0.700162 0.020454 4.021402 0.232790 0.683481 -3.357564 -0.202079 -1.067096 -19.069572 0.000000 0.000000 0.000000 88.204483 0.057598 10.339689 59.995831 -15.251998 5.228766 -1.037227 15.707143 90.787834 13.390589 26.740023 2.072272 8.917892 -1.679557 40.679443 -0.000003 0.000016 -21.652178 0.000005 0.000054 -15.110820 0.000008 -0.000001 -0.000017 4.252997 0.098157 -2.312410 3.181370 -0.066937 0.049413 3.120917 -0.047728 0.019072 -0.000010 0.000029 -0.000011 4.792247 0.011116 -5.497124 2.976413 -0.043285 0.010069 3.065072 -0.019204 0.020016 -0.000003 0.000047 0.000004 7.151652 -0.007000 -10.293904 4.074437 0.078192 -0.093870 4.175036 0.037762 -0.058014 0.000001 -0.000196 -0.000005 8.839813 -0.026843 -16.156801 5.230351 0.225172 -0.201286 5.168650 0.113836 -0.190435 -0.000234 0.000009 -0.000014 0.000000 0.000000 0.000000 0.000000 0.000000 0.000000 -85.243011 -0.345331 4.174067 -71.665848 2.916211 -7.519695 0.045782 -17.177866 100.184441 -30.136610 -41.172188 9.484300 -6.412011 1.219747 41.871788 0.000013 0.000019 -15.687926 0.000015 -0.000014 -11.022144 0.000624 0.000012 -0.000512 6.301532 0.085798 2.050582 -1.272386 -0.044919 -0.055780 -1.482925 -0.023597 -0.055730 0.000006 0.000072 -0.000006 3.960588 0.032500 -2.914589 -1.746667 -0.030630 -0.040247 -1.527160 -0.008301 -0.032895 0.000159 -0.000004 0.000032 -3.155616 -0.007459 -10.445197 -4.069270 0.072467 0.036373 -3.716440 0.019357 0.027424 0.000388 0.000012 0.000007 -8.869336 -0.012119 -18.455301 -7.117428 0.140278 0.223665 -7.017056 0.052256 0.161141 0.000043 0.000007 -0.000050 0.000000 0.000000 0.000000 0.000000 0.000000 0.000000 -3.536897 -11.341905 18.009083 -0.103447 -0.778612 5.757308 -0.044604 -8.257758 15.219610 -1.124105 1.073539 -17.140396 0.000000 0.000000 0.000000 0.000000 0.000000 0.000000 0.000000 0.000000 0.000000 0.506853 -4.429143 10.672902 0.116973 0.523501 12.042090 1.863846 -0.601431 15.660129 0.270312 -0.697988 -19.930159 0.000000 0.000000 0.000000 0.000000 0.000000 0.000000 0.000000 0.000000 0.000000 
-0.348038 88.176582 3.782306 0.349269 3.935265 -12.360931 1.113305 0.115617 7.875000 0.447608 0.020125 1.669037 -1.289843 0.537230 6.076965 -1.069809 0.200521 4.761642 0.696952 -0.039160 4.066161 0.238721 0.646240 -3.360713 -0.188108 -1.065038 -19.150305 0.000000 0.000000 0.000000 88.184120 0.061263 10.393360 59.763653 -15.220776 5.378711 -1.042241 15.689610 90.848061 13.544959 26.622478 2.164709 8.877597 -1.676273 40.698463 -0.000003 0.000015 -21.546501 0.000005 0.000054 -15.032634 0.000008 -0.000001 -0.000017 4.024871 0.098071 -2.293761 3.072370 -0.066588 0.042373 3.008691 -0.047881 0.011909 -0.000010 0.000029 -0.000011 4.554727 0.010584 -5.489617 2.868032 -0.043178 0.007524 2.957358 -0.019196 0.018063 -0.000003 0.000047 0.000004 6.871964 -0.007090 -10.321827 3.953123 0.078532 -0.091669 4.063627 0.038104 -0.056120 0.000002 -0.000168 -0.000006 8.505453 -0.028178 -16.194452 5.102303 0.227849 -0.200578 5.045277 0.115735 -0.188837 -0.000231 0.000010 -0.000014 0.000000 0.000000 0.000000 0.000000 0.000000 0.000000 -85.213043 -0.360881 4.263736 -71.455582 3.069076 -7.220148 0.046709 -17.198771 100.282150 -30.554939 -40.909142 9.531878 -6.384933 1.213444 41.884731 0.000013 0.000019 -15.631828 0.000017 -0.000014 -10.984137 0.000641 0.000011 -0.000566 6.469806 0.084989 2.083160 -1.273614 -0.044823 -0.052050 -1.490314 -0.023540 -0.050994 0.000007 0.000056 -0.000006 4.145726 0.031729 -2.890290 -1.751701 -0.030467 -0.038891 -1.531408 -0.008197 -0.031575 0.000207 -0.000004 0.000028 -2.971692 -0.008055 -10.454799 -4.071134 0.072452 0.035925 -3.715138 0.019388 0.026948 0.000330 0.000012 0.000007 -8.731106 -0.013499 -18.494543 -7.127100 0.139856 0.225307 -7.024549 0.052439 0.161505 0.000049 0.000007 -0.000050 0.000000 0.000000 0.000000 0.000000 0.000000 0.000000 -3.538848 -11.349254 18.010763 -0.104874 -0.779076 5.748375 -0.029165 -8.257899 15.235242 -1.124314 1.074898 -17.141460 0.000000 0.000000 0.000000 0.000000 0.000000 0.000000 0.000000 0.000000 0.000000 0.507102 -4.438098 10.680007 0.116838 0.525093 12.033958 1.865833 -0.623066 15.633768 0.272779 -0.693739 -19.914696 0.000000 0.000000 0.000000 0.000000 0.000000 0.000000 0.000000 0.000000 0.000000 
-0.343492 88.168434 3.781253 0.335604 3.964027 -12.377030 1.105106 0.124625 7.850924 0.427556 0.025312 1.667339 -1.286414 0.511808 6.054242 -1.073852 0.190251 4.776349 0.705128 -0.102239 4.117924 0.244736 0.609537 -3.365220 -0.173057 -1.062970 -19.239742 0.000000 0.000000 0.000000 88.162117 0.060458 10.427886 59.526897 -15.213177 5.512732 -1.046015 15.661879 90.981682 13.581077 26.461954 2.277326 8.819902 -1.672003 40.724087 -0.000003 0.000014 -21.401587 0.000005 0.000054 -14.926272 0.000008 -0.000001 -0.000016 3.720619 0.097510 -2.238080 2.915511 -0.066084 0.036566 2.847274 -0.047751 0.005745 -0.000011 0.000029 -0.000010 4.239565 0.010143 -5.460696 2.712159 -0.042973 0.005529 2.803378 -0.019186 0.016516 -0.000003 0.000047 0.000004 6.528830 -0.007064 -10.346392 3.786606 0.078636 -0.089768 3.905917 0.038365 -0.054677 0.000002 -0.000154 -0.000006 8.120446 -0.028501 -16.244270 4.934311 0.229816 -0.200347 4.882610 0.117170 -0.188181 -0.000230 0.000010 -0.000014 0.000000 0.000000 0.000000 0.000000 0.000000 0.000000 -85.173843 -0.377614 4.350051 -71.266724 3.211078 -6.918311 0.048360 -17.197250 100.339630 -30.966990 -40.810352 9.683550 -6.349857 1.206910 41.900871 0.000013 0.000019 -15.555223 0.000019 -0.000014 -10.932204 0.000679 0.000011 -0.000626 6.670750 0.083867 2.143376 -1.262996 -0.044475 -0.047154 -1.485906 -0.023197 -0.045461 0.000007 0.000027 -0.000006 4.351636 0.030862 -2.842037 -1.746150 -0.030185 -0.037149 -1.526255 -0.007985 -0.029950 0.000253 -0.000004 0.000024 -2.793086 -0.008746 -10.442289 -4.065288 0.071908 0.034777 -3.705673 0.019178 0.026124 0.000263 0.000011 0.000007 -8.616819 -0.015021 -18.514763 -7.132234 0.138077 0.223694 -7.028134 0.051708 0.159656 0.000065 0.000008 -0.000050 0.000000 0.000000 0.000000 0.000000 0.000000 0.000000 -3.540029 -11.353128 18.013758 -0.106016 -0.778538 5.738745 -0.015629 -8.259570 15.250300 -1.124583 1.075900 -17.140678 0.000000 0.000000 0.000000 0.000000 0.000000 0.000000 0.000000 0.000000 0.000000 0.503766 -4.447261 10.696655 0.116911 0.528661 12.022550 1.867632 -0.649501 15.599174 0.275775 -0.690807 -19.897198 0.000000 0.000000 0.000000 0.000000 0.000000 0.000000 0.000000 0.000000 0.000000 
-0.338560 88.160316 3.784052 0.320521 4.000111 -12.397236 1.095829 0.131852 7.830673 0.406468 0.028283 1.661744 -1.282158 0.472823 6.034916 -1.077692 0.174851 4.803625 0.725254 -0.164351 4.171272 0.251006 0.577797 -3.372188 -0.158103 -1.061333 -19.333317 0.000000 0.000000 0.000000 88.139717 0.055234 10.442980 59.290337 -15.224576 5.626731 -1.048954 15.623242 91.182877 13.494072 26.255775 2.405372 8.741540 -1.665948 40.758339 -0.000003 0.000013 -21.208239 0.000005 0.000054 -14.785747 0.000008 -0.000001 -0.000016 3.325403 0.096788 -2.136468 2.710060 -0.065577 0.033377 2.635987 -0.047470 0.002009 -0.000011 0.000029 -0.000010 3.830486 0.009876 -5.403387 2.507381 -0.042767 0.004677 2.601231 -0.019234 0.015883 -0.000003 0.000046 0.000004 6.103062 -0.006952 -10.363520 3.571429 0.078588 -0.089015 3.698330 0.038637 -0.054360 0.000003 -0.000151 -0.000007 7.668719 -0.027843 -16.305197 4.722551 0.231204 -0.202997 4.676967 0.118278 -0.190377 -0.000226 0.000010 -0.000014 0.000000 0.000000 0.000000 0.000000 0.000000 0.000000 -85.127213 -0.395011 4.430935 -71.105080 3.329587 -6.629128 0.049630 -17.169950 100.368843 -31.360516 -40.888966 9.947953 -6.307519 1.200145 41.920086 0.000013 0.000018 -15.458638 0.000021 -0.000014 -10.866772 0.000732 0.000011 -0.000681 6.898858 0.082560 2.229319 -1.238098 -0.043934 -0.041699 -1.466384 -0.022608 -0.039833 0.000007 -0.000013 -0.000006 4.573158 0.029929 -2.771105 -1.726620 -0.029840 -0.035317 -1.508324 -0.007703 -0.028318 0.000288 -0.000004 0.000022 -2.620525 -0.009486 -10.408080 -4.047780 0.070939 0.033433 -3.683930 0.018806 0.025330 0.000189 0.000011 0.000007 -8.522368 -0.016585 -18.514973 -7.127748 0.135253 0.220471 -7.022771 0.050281 0.156875 0.000089 0.000008 -0.000049 0.000000 0.000000 0.000000 0.000000 0.000000 0.000000 -3.539465 -11.356421 18.020641 -0.106878 -0.777369 5.727272 -0.006939 -8.261406 15.264818 -1.124877 1.076626 -17.137367 0.000000 0.000000 0.000000 0.000000 0.000000 0.000000 0.000000 0.000000 0.000000 0.499394 -4.456014 10.724273 0.117192 0.533781 12.008215 1.868929 -0.680329 15.559079 0.278971 -0.689192 -19.880020 0.000000 0.000000 0.000000 0.000000 0.000000 0.000000 0.000000 0.000000 0.000000 
-0.333734 88.152267 3.790312 0.304190 4.040034 -12.421414 1.084657 0.136854 7.816245 0.386035 0.028537 1.652152 -1.277425 0.420198 6.019682 -1.080512 0.154277 4.838238 0.756923 -0.221655 4.216112 0.257631 0.554499 -3.384105 -0.144238 -1.060206 -19.425837 0.000000 0.000000 0.000000 88.120758 0.045992 10.440355 59.055431 -15.252187 5.720935 -1.052341 15.578904 91.444244 13.280047 25.986731 2.532030 8.643236 -1.657619 40.801567 -0.000003 0.000012 -20.966684 0.000005 0.000054 -14.611627 0.000008 -0.000001 -0.000015 2.842551 0.096098 -1.985233 2.464763 -0.065079 0.033615 2.383958 -0.047049 0.001565 -0.000011 0.000029 -0.000009 3.328903 0.009804 -5.313766 2.261830 -0.042601 0.005322 2.358643 -0.019351 0.016505 -0.000003 0.000046 0.000004 5.590972 -0.006804 -10.368131 3.313834 0.078426 -0.090048 3.447200 0.038959 -0.055628 0.000004 -0.000153 -0.000008 7.146459 -0.026468 -16.372845 4.471900 0.232034 -0.210654 4.433079 0.119085 -0.197081 -0.000218 0.000010 -0.000015 0.000000 0.000000 0.000000 0.000000 0.000000 0.000000 -85.076309 -0.412370 4.505661 -70.973076 3.420405 -6.367502 0.050518 -17.120600 100.383331 -31.727911 -41.128761 10.305854 -6.261270 1.193496 41.940773 0.000013 0.000018 -15.350542 0.000024 -0.000015 -10.793628 0.000791 0.000010 -0.000719 7.133075 0.081200 2.329549 -1.200746 -0.043212 -0.036280 -1.433043 -0.021772 -0.034722 0.000007 -0.000058 -0.000005 4.791566 0.028976 -2.687128 -1.694304 -0.029465 -0.033690 -1.478763 -0.007386 -0.026956 0.000307 -0.000004 0.000021 -2.465699 -0.010220 -10.360466 -4.020191 0.069664 0.032403 -3.651235 0.018336 0.024937 0.000111 0.000012 0.000007 -8.453214 -0.018067 -18.500633 -7.114980 0.131692 0.217459 -7.009597 0.048382 0.154635 0.000117 0.000008 -0.000049 0.000000 0.000000 0.000000 0.000000 0.000000 0.000000 -3.536823 -11.360556 18.032772 -0.107508 -0.776052 5.712824 -0.004521 -8.263333 15.279672 -1.125290 1.077445 -17.131897 0.000000 0.000000 0.000000 0.000000 0.000000 0.000000 0.000000 0.000000 0.000000 0.496722 -4.463128 10.760000 0.117633 0.539903 11.994564 1.870478 -0.715424 15.516119 0.281637 -0.688696 -19.865023 0.000000 0.000000 0.000000 0.000000 0.000000 0.000000 0.000000 0.000000 0.000000 
-0.329484 88.144386 3.799404 0.286902 4.080330 -12.450304 1.070662 0.139928 7.808041 0.368349 0.026214 1.641317 -1.273649 0.356657 6.008035 -1.082530 0.129722 4.875337 0.799401 -0.273331 4.244040 0.264477 0.539613 -3.403506 -0.131624 -1.059725 -19.513590 0.000000 0.000000 0.000000 88.105003 0.034224 10.424677 58.826962 -15.286184 5.795002 -1.058017 15.528207 91.762024 12.945195 25.650515 2.661590 8.528039 -1.646922 40.852787 -0.000003 0.000011 -20.684223 0.000005 0.000054 -14.409279 0.000008 -0.000000 -0.000014 2.290017 0.095466 -1.784646 2.193138 -0.064508 0.037291 2.105084 -0.046446 0.004525 -0.000012 0.000029 -0.000009 2.750600 0.009899 -5.190877 1.988578 -0.042462 0.007481 2.088421 -0.019500 0.018429 -0.000003 0.000046 0.000004 5.001005 -0.006663 -10.356847 3.025643 0.078145 -0.093041 3.164618 0.039318 -0.058577 0.000004 -0.000154 -0.000008 6.558778 -0.024590 -16.442461 4.193120 0.232239 -0.224076 4.161289 0.119544 -0.208841 -0.000205 0.000010 -0.000015 0.000000 0.000000 0.000000 0.000000 0.000000 0.000000 -85.024078 -0.429637 4.578412 -70.872520 3.479371 -6.141784 0.052180 -17.057095 100.390671 -32.112888 -41.510429 10.763754 -6.215470 1.187575 41.960526 0.000014 0.000018 -15.243399 0.000026 -0.000015 -10.720750 0.000852 0.000010 -0.000732 7.342402 0.079859 2.436424 -1.155075 -0.042319 -0.031525 -1.390113 -0.020700 -0.030580 0.000008 -0.000105 -0.000005 4.979546 0.028044 -2.598409 -1.653502 -0.029069 -0.032475 -1.441681 -0.007051 -0.026062 0.000312 -0.000004 0.000021 -2.348090 -0.010891 -10.307138 -3.988222 0.068170 0.031977 -3.613392 0.017803 0.025165 0.000032 0.000012 0.000007 -8.422783 -0.019286 -18.479437 -7.101028 0.127629 0.215810 -6.995334 0.046172 0.153920 0.000143 0.000008 -0.000049 0.000000 0.000000 0.000000 0.000000 0.000000 0.000000 -3.532597 -11.365996 18.051842 -0.107953 -0.774828 5.694154 -0.009193 -8.264232 15.296667 -1.125944 1.078753 -17.124382 0.000000 0.000000 0.000000 0.000000 0.000000 0.000000 0.000000 0.000000 0.000000 0.497854 -4.467557 10.800144 0.118190 0.546544 11.986741 1.873742 -0.754329 15.471322 0.283112 -0.688923 -19.852659 0.000000 0.000000 0.000000 0.000000 0.000000 0.000000 0.000000 0.000000 0.000000 
-0.326167 88.136841 3.810564 0.268713 4.116674 -12.483988 1.054019 0.141326 7.805390 0.353736 0.021907 1.631466 -1.270115 0.284341 5.999801 -1.084715 0.102393 4.912122 0.854165 -0.321132 4.249570 0.271394 0.530896 -3.432230 -0.119616 -1.060026 -19.594334 0.000000 0.000000 0.000000 88.093468 0.020729 10.399435 58.602943 -15.327538 5.850043 -1.066520 15.473605 92.132584 12.515997 25.253332 2.801931 8.403147 -1.634354 40.908939 -0.000003 0.000010 -20.378151 0.000005 0.000054 -14.190804 0.000009 -0.000000 -0.000014 1.700789 0.094881 -1.544284 1.912735 -0.063710 0.043857 1.817192 -0.045553 0.010405 -0.000012 0.000028 -0.000008 2.128111 0.010120 -5.039362 1.704869 -0.042300 0.010884 1.807817 -0.019621 0.021453 -0.000003 0.000047 0.000004 4.363058 -0.006552 -10.327540 2.723961 0.077685 -0.097689 2.868104 0.039651 -0.062915 0.000005 -0.000152 -0.000009 5.933475 -0.022345 -16.506954 3.902182 0.231620 -0.242510 3.877239 0.119479 -0.224930 -0.000187 0.000010 -0.000016 0.000000 0.000000 0.000000 0.000000 0.000000 0.000000 -84.973289 -0.446363 4.649966 -70.802719 3.511606 -5.955376 0.055018 -16.990000 100.391396 -32.551292 -42.005810 11.311370 -6.177243 1.183295 41.975880 0.000014 0.000018 -15.156076 0.000028 -0.000015 -10.660749 0.000910 0.000010 -0.000716 7.487564 0.078569 2.535497 -1.109194 -0.041215 -0.027457 -1.345816 -0.019375 -0.027310 0.000008 -0.000148 -0.000005 5.100605 0.027159 -2.517370 -1.612542 -0.028639 -0.031626 -1.404877 -0.006694 -0.025617 0.000305 -0.000004 0.000021 -2.300552 -0.011473 -10.257259 -3.961674 0.066500 0.032031 -3.580270 0.017193 0.025900 -0.000045 0.000012 0.000007 -8.459849 -0.020137 -18.456890 -7.097083 0.123129 0.215354 -6.990789 0.043673 0.154626 0.000166 0.000009 -0.000049 0.000000 0.000000 0.000000 0.000000 0.000000 0.000000 -3.527045 -11.372196 18.077539 -0.108296 -0.773941 5.672403 -0.020728 -8.262650 15.315927 -1.126726 1.080929 -17.115078 0.000000 0.000000 0.000000 0.000000 0.000000 0.000000 0.000000 0.000000 0.000000 0.504617 -4.468698 10.842376 0.118813 0.553254 11.987274 1.879929 -0.796270 15.425878 0.282909 -0.689479 -19.843437 0.000000 0.000000 0.000000 0.000000 0.000000 0.000000 0.000000 0.000000 0.000000 
-0.324126 88.129875 3.823012 0.249175 4.144055 -12.522241 1.036069 0.141235 7.807512 0.341727 0.016441 1.624960 -1.265610 0.206590 5.993650 -1.087535 0.073849 4.946872 0.923151 -0.367778 4.232066 0.278122 0.524657 -3.470181 -0.107487 -1.061375 -19.666338 0.000000 0.000000 0.000000 88.086716 0.006478 10.367974 58.376762 -15.378018 5.891926 -1.077289 15.417935 92.548470 12.035553 24.817528 2.968007 8.276965 -1.620623 40.966454 -0.000003 0.000010 -20.068405 0.000005 0.000054 -13.970172 0.000009 -0.000000 -0.000014 1.108825 0.094335 -1.280250 1.642420 -0.062570 0.052568 1.539138 -0.044296 0.018494 -0.000013 0.000028 -0.000008 1.496426 0.010423 -4.868811 1.429366 -0.042067 0.015160 1.535539 -0.019659 0.025266 -0.000004 0.000049 0.000004 3.713041 -0.006485 -10.281262 2.427781 0.076990 -0.103435 2.577041 0.039881 -0.068158 0.000005 -0.000147 -0.000009 5.306014 -0.019841 -16.560463 3.617027 0.229991 -0.264170 3.598607 0.118687 -0.243804 -0.000166 0.000011 -0.000017 0.000000 0.000000 0.000000 0.000000 0.000000 0.000000 -84.926376 -0.462469 4.718663 -70.760277 3.524220 -5.811239 0.059181 -16.928297 100.387985 -33.078503 -42.581425 11.945940 -6.153506 1.181523 41.983662 0.000014 0.000018 -15.106561 0.000029 -0.000015 -10.625711 0.000961 0.000010 -0.000671 7.535898 0.077323 2.610343 -1.071052 -0.039918 -0.024166 -1.308105 -0.017851 -0.024904 0.000009 -0.000184 -0.000005 5.124285 0.026337 -2.457906 -1.579531 -0.028188 -0.031086 -1.375933 -0.006318 -0.025581 0.000289 -0.000003 0.000023 -2.351822 -0.011956 -10.220998 -3.949758 0.064702 0.032377 -3.561355 0.016493 0.026979 -0.000116 0.000012 0.000007 -8.589493 -0.020559 -18.438898 -7.113187 0.118273 0.215538 -7.005870 0.040892 0.156303 0.000184 0.000009 -0.000049 0.000000 0.000000 0.000000 0.000000 0.000000 0.000000 -3.519340 -11.377725 18.107603 -0.108618 -0.773573 5.651041 -0.038580 -8.255863 15.336249 -1.127144 1.084246 -17.104267 0.000000 0.000000 0.000000 0.000000 0.000000 0.000000 0.000000 0.000000 0.000000 0.518801 -4.466236 10.886287 0.119471 0.559660 11.995974 1.889065 -0.839090 15.381027 0.281034 -0.690118 -19.837845 0.000000 0.000000 0.000000 0.000000 0.000000 0.000000 0.000000 0.000000 0.000000 
-0.323577 88.123863 3.835960 0.228249 4.157308 -12.564100 1.018024 0.139855 7.813554 0.332479 0.010266 1.623392 -1.260054 0.127989 5.988093 -1.090819 0.045701 4.978165 1.005438 -0.414767 4.192343 0.283958 0.517666 -3.516765 -0.095093 -1.064069 -19.728523 0.000000 0.000000 0.000000 88.084167 -0.007392 10.334134 58.141510 -15.436490 5.928059 -1.089551 15.360891 92.999298 11.553876 24.380178 3.181278 8.157351 -1.606516 41.021854 -0.000003 0.000009 -19.773785 0.000006 0.000054 -13.760642 0.000009 0.000000 -0.000013 0.544775 0.093867 -1.009502 1.398754 -0.061126 0.062961 1.287400 -0.042755 0.028331 -0.000013 0.000028 -0.000007 0.888376 0.010774 -4.689774 1.178684 -0.041768 0.020044 1.288164 -0.019613 0.029624 -0.000004 0.000051 0.000004 3.086699 -0.006463 -10.221031 2.154696 0.076104 -0.109793 2.309368 0.039998 -0.073887 0.000005 -0.000141 -0.000009 4.711901 -0.017148 -16.599134 3.354685 0.227428 -0.287286 3.342314 0.117157 -0.263946 -0.000145 0.000011 -0.000017 0.000000 0.000000 0.000000 0.000000 0.000000 0.000000 -84.884537 -0.478357 4.782907 -70.744255 3.519495 -5.711469 0.064513 -16.878363 100.384850 -33.734104 -43.204300 12.681106 -6.147700 1.182629 41.982460 0.000014 0.000018 -15.103419 0.000029 -0.000016 -10.621318 0.001003 0.000009 -0.000600 7.476197 0.076109 2.652970 -1.045250 -0.038544 -0.021874 -1.281615 -0.016275 -0.023481 0.000009 -0.000208 -0.000004 5.040737 0.025581 -2.427425 -1.559387 -0.027761 -0.030830 -1.359311 -0.005955 -0.025938 0.000267 -0.000003 0.000025 -2.510898 -0.012345 -10.205050 -3.957921 0.062862 0.032902 -3.562311 0.015722 0.028283 -0.000180 0.000012 0.000007 -8.818457 -0.020555 -18.431362 -7.154879 0.113239 0.215899 -7.046216 0.037918 0.158517 0.000199 0.000009 -0.000049 0.000000 0.000000 0.000000 0.000000 0.000000 0.000000 -3.509063 -11.381020 18.139391 -0.108971 -0.773751 5.633323 -0.061742 -8.241395 15.356667 -1.126742 1.088702 -17.092382 0.000000 0.000000 0.000000 0.000000 0.000000 0.000000 0.000000 0.000000 0.000000 0.540774 -4.459856 10.931979 0.120116 0.565447 12.011482 1.900453 -0.879801 15.337886 0.277732 -0.690750 -19.836117 0.000000 0.000000 0.000000 0.000000 0.000000 0.000000 0.000000 0.000000 0.000000 
-0.324655 88.119186 3.848612 0.206205 4.151630 -12.607827 1.000760 0.137288 7.823109 0.326875 0.003288 1.627218 -1.253941 0.053094 5.982095 -1.094166 0.019349 5.004646 1.097672 -0.461805 4.131017 0.287895 0.508008 -3.571346 -0.082990 -1.068208 -19.780586 0.000000 0.000000 0.000000 88.084816 -0.019744 10.301424 57.890636 -15.499249 5.967492 -1.102636 15.301348 93.478569 11.114992 23.983376 3.460602 8.050635 -1.592808 41.072231 -0.000003 0.000009 -19.509621 0.000006 0.000054 -13.573071 0.000009 0.000000 -0.000013 0.033052 0.093541 -0.745581 1.193233 -0.059597 0.075205 1.073323 -0.041189 0.040007 -0.000013 0.000028 -0.000007 0.330992 0.011154 -4.511322 0.964591 -0.041482 0.025535 1.077348 -0.019543 0.034493 -0.000004 0.000053 0.000004 2.515918 -0.006473 -10.151117 1.918164 0.075196 -0.116597 2.078724 0.040084 -0.079924 0.000006 -0.000133 -0.000010 4.183636 -0.014329 -16.622211 3.128869 0.224344 -0.310913 3.122016 0.115141 -0.284501 -0.000125 0.000010 -0.000018 0.000000 0.000000 0.000000 0.000000 0.000000 0.000000 -84.848106 -0.494427 4.840393 -70.757774 3.493284 -5.658476 0.070895 -16.844221 100.388329 -34.549046 -43.849934 13.538224 -6.159275 1.186391 41.972832 0.000014 0.000018 -15.144503 0.000029 -0.000016 -10.646082 0.001035 0.000009 -0.000507 7.319575 0.074914 2.664620 -1.033452 -0.037290 -0.020836 -1.268083 -0.014852 -0.023235 0.000010 -0.000220 -0.000004 4.861328 0.024884 -2.425946 -1.554105 -0.027431 -0.030888 -1.356662 -0.005654 -0.026710 0.000241 -0.000002 0.000027 -2.765876 -0.012662 -10.212388 -3.987566 0.061095 0.033600 -3.584583 0.014930 0.029770 -0.000237 0.000012 0.000007 -9.134395 -0.020194 -18.439816 -7.222688 0.108291 0.216207 -7.112693 0.034923 0.160987 0.000212 0.000009 -0.000049 0.000000 0.000000 0.000000 0.000000 0.000000 0.000000 -3.496165 -11.380641 18.170385 -0.109362 -0.774393 5.621495 -0.088650 -8.217938 15.377176 -1.125300 1.094028 -17.080595 0.000000 0.000000 0.000000 0.000000 0.000000 0.000000 0.000000 0.000000 0.000000 0.569773 -4.449080 10.979309 0.120692 0.570429 12.032662 1.912967 -0.914745 15.296916 0.273314 -0.691436 -19.838182 0.000000 0.000000 0.000000 0.000000 0.000000 0.000000 0.000000 0.000000 0.000000 
-0.327520 88.116203 3.860354 0.183139 4.123619 -12.652211 0.985824 0.133710 7.835877 0.326264 -0.004567 1.638390 -1.248068 -0.012349 5.973986 -1.097922 -0.003118 5.025939 1.194889 -0.508115 4.047732 0.288962 0.493533 -3.633944 -0.071866 -1.073871 -19.823355 0.000000 0.000000 0.000000 88.085899 -0.029006 10.273520 57.618797 -15.551981 6.019317 -1.116099 15.236422 93.992950 10.748329 23.665699 3.821916 7.960158 -1.580087 41.115913 -0.000003 0.000008 -19.284208 0.000006 0.000054 -13.413478 0.000009 0.000001 -0.000012 -0.413220 0.093467 -0.495372 1.030022 -0.058448 0.090276 0.900735 -0.040066 0.054360 -0.000013 0.000028 -0.000006 -0.160798 0.011563 -4.339533 0.791511 -0.041380 0.031986 0.907261 -0.019593 0.040135 -0.000004 0.000056 0.000004 2.020917 -0.006495 -10.078206 1.724018 0.074587 -0.124196 1.890731 0.040339 -0.086503 0.000006 -0.000123 -0.000010 3.742570 -0.011450 -16.635044 2.946378 0.221583 -0.335446 2.944295 0.113262 -0.305787 -0.000108 0.000010 -0.000019 0.000000 0.000000 0.000000 0.000000 0.000000 0.000000 -84.817062 -0.510722 4.888137 -70.801369 3.431128 -5.656053 0.079187 -16.826033 100.406357 -35.548405 -44.505363 14.547684 -6.183006 1.192025 41.957542 0.000014 0.000018 -15.215829 0.000029 -0.000015 -10.690369 0.001056 0.000009 -0.000401 7.100866 0.073728 2.658396 -1.031716 -0.036443 -0.021611 -1.263775 -0.013862 -0.024688 0.000011 -0.000220 -0.000004 4.620673 0.024243 -2.444894 -1.559784 -0.027309 -0.031451 -1.364068 -0.005492 -0.028053 0.000215 -0.000002 0.000030 -3.081082 -0.012922 -10.242091 -4.032430 0.059580 0.034719 -3.621994 0.014227 0.031614 -0.000288 0.000012 0.000006 -9.502642 -0.019523 -18.471004 -7.308478 0.103896 0.216905 -7.197958 0.032229 0.164053 0.000225 0.000009 -0.000049 0.000000 0.000000 0.000000 0.000000 0.000000 0.000000 -3.480462 -11.375491 18.198879 -0.109761 -0.775338 5.617004 -0.117608 -8.184466 15.398503 -1.122777 1.099814 -17.070229 0.000000 0.000000 0.000000 0.000000 0.000000 0.000000 0.000000 0.000000 0.000000 0.604634 -4.433047 11.028909 0.121179 0.574618 12.058729 1.925067 -0.939127 15.257401 0.268326 -0.692293 -19.843283 0.000000 0.000000 0.000000 0.000000 0.000000 0.000000 0.000000 0.000000 0.000000 
-0.332134 88.114868 3.870609 0.159307 4.071850 -12.693822 0.973544 0.128874 7.851198 0.331561 -0.013865 1.655413 -1.242801 -0.066681 5.962780 -1.102015 -0.021150 5.040825 1.291870 -0.551017 3.943418 0.286822 0.475444 -3.703468 -0.063061 -1.080614 -19.857252 0.000000 0.000000 0.000000 88.087006 -0.033919 10.251015 57.318275 -15.587966 6.094903 -1.130477 15.163088 94.556343 10.466916 23.438673 4.260198 7.889483 -1.569054 41.151123 -0.000003 0.000008 -19.106106 0.000007 0.000054 -13.287702 0.000009 0.000001 -0.000012 -0.779134 0.093648 -0.266239 0.910578 -0.057855 0.108348 0.771027 -0.039546 0.071486 -0.000013 0.000028 -0.000006 -0.570158 0.011953 -4.180500 0.661412 -0.041521 0.039483 0.779758 -0.019822 0.046596 -0.000004 0.000059 0.000004 1.622143 -0.006526 -10.007150 1.575815 0.074431 -0.132748 1.748516 0.040851 -0.093704 0.000007 -0.000113 -0.000009 3.409146 -0.008625 -16.640331 2.811344 0.219645 -0.361323 2.813079 0.111867 -0.328070 -0.000093 0.000010 -0.000019 0.000000 0.000000 0.000000 0.000000 0.000000 0.000000 -84.788528 -0.526731 4.921614 -70.883148 3.309116 -5.710685 0.088841 -16.824253 100.449753 -36.736057 -45.177620 15.722379 -6.214224 1.198822 41.938938 0.000014 0.000018 -15.304824 0.000028 -0.000015 -10.745799 0.001065 0.000008 -0.000293 6.853286 0.072526 2.645548 -1.035766 -0.036135 -0.024329 -1.264403 -0.013409 -0.027993 0.000011 -0.000212 -0.000004 4.349993 0.023662 -2.475187 -1.572479 -0.027427 -0.032621 -1.377614 -0.005498 -0.030015 0.000191 -0.000001 0.000033 -3.426989 -0.013133 -10.289186 -4.086980 0.058408 0.036402 -3.668805 0.013671 0.033893 -0.000337 0.000012 0.000006 -9.896809 -0.018572 -18.524714 -7.406021 0.100281 0.218262 -7.295876 0.029981 0.167810 0.000235 0.000009 -0.000048 0.000000 0.000000 0.000000 0.000000 0.000000 0.000000 -3.461680 -11.364529 18.222921 -0.110094 -0.776390 5.617315 -0.146433 -8.141680 15.423120 -1.119496 1.105614 -17.063623 0.000000 0.000000 0.000000 0.000000 0.000000 0.000000 0.000000 0.000000 0.000000 0.644144 -4.409655 11.078461 0.121586 0.578099 12.089255 1.934643 -0.947746 15.219187 0.263052 -0.693336 -19.851101 0.000000 0.000000 0.000000 0.000000 0.000000 0.000000 0.000000 0.000000 0.000000 
-0.338115 88.115044 3.879322 0.135087 3.998125 -12.729493 0.963679 0.122599 7.866479 0.343431 -0.025120 1.674744 -1.239507 -0.109547 5.947511 -1.106065 -0.035013 5.048575 1.381791 -0.586711 3.825373 0.282158 0.456909 -3.776469 -0.057991 -1.087539 -19.885365 0.000000 0.000000 0.000000 88.086937 -0.033477 10.234068 56.982101 -15.615707 6.202740 -1.147631 15.080644 95.177177 10.279099 23.278822 4.764931 7.839005 -1.559842 41.177715 -0.000003 0.000007 -18.977139 0.000007 0.000054 -13.196269 0.000009 0.000001 -0.000012 -1.057848 0.093980 -0.058341 0.834753 -0.057619 0.128923 0.684729 -0.039449 0.090923 -0.000013 0.000028 -0.000005 -0.889240 0.012277 -4.035332 0.574927 -0.041807 0.047853 0.695332 -0.020160 0.053757 -0.000004 0.000062 0.000004 1.326248 -0.006612 -9.940033 1.475881 0.074598 -0.142142 1.653732 0.041517 -0.101412 0.000007 -0.000101 -0.000009 3.190147 -0.005814 -16.640385 2.726376 0.218205 -0.388340 2.730489 0.110703 -0.351124 -0.000080 0.000010 -0.000020 0.000000 0.000000 0.000000 0.000000 0.000000 0.000000 -84.758614 -0.541581 4.939201 -71.013214 3.105282 -5.821403 0.096867 -16.841835 100.524994 -38.125458 -45.877811 17.074442 -6.250638 1.206370 41.918064 0.000013 0.000018 -15.405853 0.000027 -0.000015 -10.808637 0.001067 0.000008 -0.000187 6.590311 0.071305 2.629301 -1.044712 -0.036301 -0.029190 -1.269168 -0.013393 -0.033296 0.000012 -0.000197 -0.000004 4.061369 0.023143 -2.512938 -1.591763 -0.027727 -0.034527 -1.396872 -0.005655 -0.032650 0.000165 -0.000001 0.000036 -3.792178 -0.013289 -10.346221 -4.151681 0.057545 0.038808 -3.725149 0.013253 0.036690 -0.000383 0.000013 0.000006 -10.308551 -0.017324 -18.593185 -7.516248 0.097303 0.220687 -7.406666 0.028119 0.172435 0.000239 0.000009 -0.000048 0.000000 0.000000 0.000000 0.000000 0.000000 0.000000 -3.439449 -11.347207 18.241291 -0.110257 -0.777138 5.617885 -0.174420 -8.092769 15.454214 -1.116076 1.110816 -17.061026 0.000000 0.000000 0.000000 0.000000 0.000000 0.000000 0.000000 0.000000 0.000000 0.687134 -4.376201 11.124771 0.121924 0.580820 12.121986 1.940123 -0.934720 15.183668 0.257797 -0.694253 -19.860340 0.000000 0.000000 0.000000 0.000000 0.000000 0.000000 0.000000 0.000000 0.000000 
-0.344824 88.117065 3.886449 0.110771 3.907798 -12.758862 0.958976 0.115926 7.877293 0.361667 -0.037208 1.697245 -1.237243 -0.137589 5.925880 -1.111781 -0.043873 5.052864 1.460793 -0.620839 3.705596 0.275857 0.433497 -3.848528 -0.055364 -1.094850 -19.915419 0.000000 0.000000 0.000000 88.079369 -0.026781 10.225476 56.606213 -15.621516 6.329329 -1.168065 14.988334 95.884209 10.226087 23.159883 5.343660 7.807037 -1.552246 41.196507 -0.000003 0.000007 -18.893764 0.000007 0.000054 -13.136317 0.000008 0.000001 -0.000012 -1.251525 0.094531 0.138009 0.797462 -0.057752 0.151981 0.637266 -0.039813 0.112698 -0.000014 0.000029 -0.000005 -1.120770 0.012616 -3.901125 0.527910 -0.042235 0.057125 0.649726 -0.020610 0.061690 -0.000005 0.000065 0.000004 1.125833 -0.006768 -9.885847 1.419401 0.075048 -0.152565 1.600816 0.042341 -0.109821 0.000007 -0.000092 -0.000009 3.074347 -0.002718 -16.652386 2.685668 0.217285 -0.416907 2.690144 0.109890 -0.375578 -0.000069 0.000010 -0.000020 0.000000 0.000000 0.000000 0.000000 0.000000 0.000000 -84.725861 -0.553521 4.944809 -71.178001 2.808800 -5.974897 0.101024 -16.880564 100.603058 -39.728096 -46.592625 18.596058 -6.287421 1.213679 41.897575 0.000013 0.000018 -15.506045 0.000025 -0.000015 -10.870221 0.001068 0.000008 -0.000089 6.347666 0.070188 2.633775 -1.051291 -0.036872 -0.036367 -1.271810 -0.013717 -0.040751 0.000012 -0.000174 -0.000004 3.789273 0.022718 -2.540908 -1.610596 -0.028158 -0.037271 -1.414832 -0.005946 -0.036022 0.000141 -0.000000 0.000038 -4.141497 -0.013434 -10.401413 -4.216949 0.056974 0.042107 -3.781762 0.013002 0.040142 -0.000435 0.000013 0.000006 -10.705946 -0.015690 -18.674242 -7.627426 0.094940 0.224985 -7.519169 0.026713 0.178648 0.000238 0.000009 -0.000048 0.000000 0.000000 0.000000 0.000000 0.000000 0.000000 -3.413605 -11.324078 18.252611 -0.110249 -0.777186 5.620461 -0.202238 -8.040330 15.491165 -1.112919 1.114736 -17.059912 0.000000 0.000000 0.000000 0.000000 0.000000 0.000000 0.000000 0.000000 0.000000 0.732277 -4.332484 11.168783 0.122250 0.582976 12.150993 1.941606 -0.896659 15.151625 0.253391 -0.694699 -19.867125 0.000000 0.000000 0.000000 0.000000 0.000000 0.000000 0.000000 0.000000 0.000000 
-0.351976 88.120781 3.891510 0.086264 3.804126 -12.777022 0.958474 0.107991 7.882240 0.382810 -0.050458 1.715768 -1.234121 -0.160898 5.896798 -1.117003 -0.051610 5.052789 1.532598 -0.655185 3.597365 0.269548 0.407412 -3.912139 -0.054965 -1.102501 -19.949041 0.000000 0.000000 0.000000 88.067818 -0.015779 10.218615 56.200413 -15.607709 6.462307 -1.191578 14.892945 96.694504 10.332469 23.050203 5.984205 7.799871 -1.547168 41.204899 -0.000003 0.000007 -18.868622 0.000007 0.000054 -13.116496 0.000008 0.000001 -0.000012 -1.334289 0.095188 0.314354 0.803878 -0.057833 0.174972 0.634678 -0.040226 0.134431 -0.000014 0.000029 -0.000005 -1.235699 0.012916 -3.783479 0.527061 -0.042630 0.066275 0.649599 -0.021024 0.069534 -0.000005 0.000067 0.000004 1.048002 -0.006991 -9.843501 1.414731 0.075511 -0.162820 1.598197 0.043107 -0.117968 0.000008 -0.000093 -0.000009 3.081870 0.000574 -16.671833 2.696334 0.216308 -0.444155 2.699119 0.108924 -0.399042 -0.000060 0.000010 -0.000020 0.000000 0.000000 0.000000 0.000000 0.000000 0.000000 -84.688950 -0.563226 4.938275 -71.374298 2.413785 -6.168110 0.097369 -16.940985 100.655937 -41.441757 -47.328934 20.204205 -6.327543 1.220972 41.876411 0.000013 0.000018 -15.611200 0.000024 -0.000015 -10.935360 0.001065 0.000008 -0.000001 6.121564 0.069226 2.663881 -1.059834 -0.037478 -0.044104 -1.276404 -0.014009 -0.048741 0.000012 -0.000142 -0.000004 3.528171 0.022411 -2.550975 -1.633180 -0.028552 -0.040216 -1.435498 -0.006242 -0.039549 0.000115 0.000000 0.000040 -4.481143 -0.013588 -10.441936 -4.285778 0.056508 0.045495 -3.841731 0.012777 0.043579 -0.000496 0.000013 0.000006 -11.094274 -0.013847 -18.749512 -7.740581 0.092667 0.229332 -7.633757 0.025367 0.184770 0.000232 0.000009 -0.000048 0.000000 0.000000 0.000000 0.000000 0.000000 0.000000 -3.383539 -11.296830 18.252546 -0.110143 -0.776654 5.624302 -0.229988 -7.988338 15.532704 -1.110386 1.117239 -17.060078 0.000000 0.000000 0.000000 0.000000 0.000000 0.000000 0.000000 0.000000 0.000000 0.779144 -4.277489 11.204391 0.122604 0.584734 12.173798 1.939198 -0.837508 15.124217 0.249794 -0.694763 -19.870647 0.000000 0.000000 0.000000 0.000000 0.000000 0.000000 0.000000 0.000000 0.000000 
-0.359605 88.125938 3.894076 0.061619 3.690437 -12.782373 0.961375 0.098596 7.881189 0.402770 -0.064465 1.727285 -1.227384 -0.186695 5.860016 -1.118984 -0.060890 5.047052 1.599510 -0.687992 3.514779 0.264698 0.382121 -3.959275 -0.056925 -1.110365 -19.987339 0.000000 0.000000 0.000000 88.054268 -0.001364 10.211953 55.779785 -15.569169 6.593706 -1.217658 14.805223 97.603828 10.612150 22.923710 6.681163 7.816159 -1.544605 41.203514 -0.000003 0.000007 -18.897377 0.000007 0.000054 -13.133718 0.000007 0.000001 -0.000011 -1.314116 0.095891 0.467948 0.851174 -0.057725 0.196098 0.674866 -0.040537 0.154462 -0.000014 0.000029 -0.000004 -1.239864 0.013173 -3.686450 0.570488 -0.042907 0.074578 0.693104 -0.021332 0.076704 -0.000005 0.000069 0.000004 1.086656 -0.007243 -9.815331 1.460965 0.075830 -0.171931 1.644970 0.043682 -0.125118 0.000008 -0.000104 -0.000009 3.202991 0.004001 -16.702099 2.757260 0.214864 -0.467286 2.756028 0.107465 -0.419369 -0.000055 0.000010 -0.000021 0.000000 0.000000 0.000000 0.000000 0.000000 0.000000 -84.649040 -0.571688 4.924482 -71.592377 1.921848 -6.386978 0.084152 -17.027037 100.653015 -43.186195 -48.082680 21.832846 -6.369732 1.228166 41.854961 0.000012 0.000018 -15.718751 0.000025 -0.000015 -11.002541 0.001058 0.000009 0.000074 5.919349 0.068469 2.714082 -1.066359 -0.037992 -0.051570 -1.279058 -0.014165 -0.056511 0.000013 -0.000102 -0.000004 3.285374 0.022230 -2.545654 -1.654651 -0.028848 -0.043047 -1.454491 -0.006496 -0.042898 0.000086 0.000001 0.000041 -4.803197 -0.013756 -10.465814 -4.352944 0.056071 0.048512 -3.900562 0.012532 0.046674 -0.000567 0.000013 0.000006 -11.466494 -0.011939 -18.813168 -7.850547 0.090292 0.232767 -7.745193 0.023940 0.189972 0.000219 0.000009 -0.000048 0.000000 0.000000 0.000000 0.000000 0.000000 0.000000 -3.348570 -11.265788 18.238512 -0.109902 -0.775367 5.630596 -0.258448 -7.939071 15.577050 -1.108369 1.118155 -17.060316 0.000000 0.000000 0.000000 0.000000 0.000000 0.000000 0.000000 0.000000 0.000000 0.827699 -4.210011 11.228436 0.123007 0.586182 12.190150 1.934025 -0.760935 15.101474 0.247051 -0.694499 -19.869823 0.000000 0.000000 0.000000 0.000000 0.000000 0.000000 0.000000 0.000000 0.000000 
-0.367945 88.132401 3.893913 0.037205 3.569216 -12.774043 0.967325 0.087720 7.873894 0.418174 -0.078462 1.731916 -1.215032 -0.220966 5.817106 -1.116711 -0.073457 5.034212 1.659688 -0.715086 3.459321 0.261575 0.361669 -3.988799 -0.061451 -1.118543 -20.027100 0.000000 0.000000 0.000000 88.040237 0.015167 10.206121 55.363876 -15.495863 6.716529 -1.245147 14.730605 98.590675 11.052434 22.784718 7.415891 7.853349 -1.544620 41.193016 -0.000003 0.000007 -18.973722 0.000007 0.000053 -13.184015 0.000007 0.000001 -0.000011 -1.202735 0.096586 0.587632 0.931810 -0.057536 0.214033 0.750560 -0.040808 0.171533 -0.000014 0.000029 -0.000004 -1.143353 0.013363 -3.618614 0.651075 -0.043078 0.081537 0.773226 -0.021546 0.082768 -0.000006 0.000071 0.000004 1.232508 -0.007424 -9.805583 1.551113 0.076026 -0.179228 1.734102 0.044078 -0.130783 0.000009 -0.000124 -0.000009 3.423201 0.007504 -16.745277 2.861143 0.213167 -0.484493 2.853793 0.105655 -0.435118 -0.000053 0.000010 -0.000021 0.000000 0.000000 0.000000 0.000000 0.000000 0.000000 -84.608429 -0.579016 4.909501 -71.816132 1.349481 -6.616076 0.060608 -17.136723 100.569748 -44.861626 -48.869022 23.404024 -6.410344 1.234864 41.834805 0.000012 0.000018 -15.819889 0.000026 -0.000016 -11.065828 0.001047 0.000009 0.000128 5.761568 0.067828 2.776365 -1.060927 -0.038413 -0.057941 -1.269960 -0.014217 -0.063268 0.000013 -0.000056 -0.000005 3.081865 0.022144 -2.528927 -1.664187 -0.029052 -0.045431 -1.461505 -0.006685 -0.045732 0.000054 0.000001 0.000041 -5.088120 -0.013900 -10.473981 -4.406145 0.055665 0.050657 -3.946533 0.012263 0.049083 -0.000647 0.000013 0.000005 -11.806046 -0.010030 -18.863647 -7.945799 0.087907 0.234070 -7.841981 0.022444 0.193302 0.000198 0.000009 -0.000048 0.000000 0.000000 0.000000 0.000000 0.000000 0.000000 -3.309070 -11.229659 18.208794 -0.109552 -0.773475 5.639981 -0.286594 -7.891809 15.622635 -1.106681 1.117513 -17.060797 0.000000 0.000000 0.000000 0.000000 0.000000 0.000000 0.000000 0.000000 0.000000 0.877833 -4.129422 11.240225 0.123501 0.587505 12.199232 1.926723 -0.673943 15.083543 0.245104 -0.693881 -19.864954 0.000000 0.000000 0.000000 0.000000 0.000000 0.000000 0.000000 0.000000 0.000000 
-0.377303 88.140205 3.891078 0.013003 3.442250 -12.752290 0.976441 0.075809 7.859523 0.429135 -0.092187 1.731598 -1.196751 -0.265901 5.770693 -1.110667 -0.090114 5.015014 1.708189 -0.733619 3.425776 0.258997 0.348930 -4.004677 -0.069407 -1.127439 -20.065905 0.000000 0.000000 0.000000 88.025772 0.032622 10.200392 54.962849 -15.373375 6.829278 -1.273176 14.661130 99.626915 11.630555 22.663849 8.171895 7.907691 -1.547179 41.174412 -0.000003 0.000007 -19.089483 0.000007 0.000053 -13.262290 0.000007 0.000001 -0.000011 -1.016487 0.097242 0.663511 1.034637 -0.057461 0.228307 0.850364 -0.041166 0.185169 -0.000014 0.000029 -0.000004 -0.961510 0.013477 -3.587075 0.757708 -0.043206 0.087026 0.879111 -0.021724 0.087578 -0.000006 0.000072 0.000003 1.471229 -0.007407 -9.819735 1.672786 0.076202 -0.184574 1.853455 0.044402 -0.134883 0.000009 -0.000150 -0.000009 3.724059 0.011185 -16.805096 2.995470 0.211695 -0.495536 2.980594 0.103890 -0.446043 -0.000053 0.000010 -0.000021 0.000000 0.000000 0.000000 0.000000 0.000000 0.000000 -84.570000 -0.584202 4.900381 -72.030937 0.716372 -6.841173 0.026788 -17.260626 100.387032 -46.409580 -49.705097 24.875656 -6.444789 1.240429 41.818188 0.000011 0.000018 -15.902967 0.000028 -0.000016 -11.117346 0.001031 0.000010 0.000160 5.674702 0.067146 2.851143 -1.035395 -0.038893 -0.063090 -1.241339 -0.014337 -0.068805 0.000013 -0.000009 -0.000005 2.944329 0.022080 -2.499465 -1.653466 -0.029229 -0.047276 -1.448595 -0.006827 -0.047964 0.000020 0.000001 0.000041 -5.311996 -0.013973 -10.466331 -4.434427 0.055330 0.051802 -3.969076 0.012013 0.050715 -0.000734 0.000013 0.000005 -12.092393 -0.008003 -18.902582 -8.016005 0.085830 0.232948 -7.913662 0.021066 0.194468 0.000174 0.000008 -0.000048 0.000000 0.000000 0.000000 0.000000 0.000000 0.000000 -3.265314 -11.187419 18.163349 -0.109208 -0.771323 5.653131 -0.312802 -7.843773 15.668105 -1.105116 1.115540 -17.062572 0.000000 0.000000 0.000000 0.000000 0.000000 0.000000 0.000000 0.000000 0.000000 0.929806 -4.038553 11.241189 0.124147 0.588993 12.200413 1.916550 -0.582379 15.070052 0.244009 -0.692905 -19.856987 0.000000 0.000000 0.000000 0.000000 0.000000 0.000000 0.000000 0.000000 0.000000 
-0.387571 88.149231 3.886188 -0.010793 3.310507 -12.719385 0.987658 0.062779 7.838254 0.436049 -0.106022 1.727659 -1.174771 -0.322386 5.723076 -1.100725 -0.111216 4.991693 1.743196 -0.739532 3.411186 0.256370 0.348535 -4.009786 -0.081816 -1.136411 -20.102034 0.000000 0.000000 0.000000 88.013161 0.048475 10.190837 54.586342 -15.193185 6.942896 -1.301880 14.595287 100.668365 12.297407 22.586668 8.919814 7.974984 -1.552057 41.149143 -0.000003 0.000007 -19.235395 0.000007 0.000053 -13.362285 0.000006 0.000001 -0.000010 -0.769090 0.097736 0.697094 1.150537 -0.057537 0.238647 0.965002 -0.041630 0.195024 -0.000014 0.000028 -0.000004 -0.708804 0.013491 -3.588155 0.881013 -0.043312 0.090973 1.001581 -0.021886 0.091030 -0.000007 0.000074 0.000003 1.786381 -0.007162 -9.850853 1.816008 0.076382 -0.187945 1.993633 0.044687 -0.137412 0.000010 -0.000180 -0.000009 4.085951 0.014981 -16.872396 3.150625 0.210600 -0.500827 3.127756 0.102345 -0.452317 -0.000054 0.000010 -0.000020 0.000000 0.000000 0.000000 0.000000 0.000000 0.000000 -84.537117 -0.586100 4.897841 -72.235817 0.043796 -7.053964 -0.017306 -17.388651 100.112068 -47.781727 -50.609768 26.224281 -6.473310 1.244933 41.804840 0.000011 0.000018 -15.968903 0.000031 -0.000016 -11.157933 0.001010 0.000011 0.000175 5.644517 0.066290 2.929095 -0.995648 -0.039507 -0.067109 -1.198920 -0.014615 -0.073078 0.000013 0.000035 -0.000006 2.861219 0.021986 -2.461643 -1.628167 -0.029417 -0.048581 -1.421605 -0.006941 -0.049584 -0.000021 0.000002 0.000042 -5.484952 -0.013962 -10.442417 -4.443182 0.055088 0.052016 -3.973474 0.011809 0.051582 -0.000824 0.000013 0.000005 -12.333569 -0.005988 -18.923109 -8.065878 0.084185 0.229617 -7.964368 0.019936 0.193465 0.000147 0.000008 -0.000048 0.000000 0.000000 0.000000 0.000000 0.000000 0.000000 -3.218406 -11.139211 18.105253 -0.108920 -0.769167 5.668862 -0.336857 -7.793482 15.712646 -1.103388 1.112527 -17.066320 0.000000 0.000000 0.000000 0.000000 0.000000 0.000000 0.000000 0.000000 0.000000 0.983613 -3.940843 11.233625 0.124935 0.590764 12.194440 1.902814 -0.488962 15.060568 0.243843 -0.691763 -19.847618 0.000000 0.000000 0.000000 0.000000 0.000000 0.000000 0.000000 0.000000 0.000000 
-0.398441 88.159164 3.879845 -0.033580 3.174652 -12.678712 1.000586 0.048797 7.810796 0.439228 -0.119858 1.722072 -1.150717 -0.388487 5.677260 -1.087602 -0.136288 4.966787 1.764446 -0.730717 3.411059 0.253490 0.363124 -4.007781 -0.099210 -1.145120 -20.134716 0.000000 0.000000 0.000000 88.004570 0.060793 10.173550 54.238708 -14.956185 7.063156 -1.331429 14.533237 101.682701 13.007174 22.568832 9.634299 8.048330 -1.558561 41.119957 -0.000003 0.000007 -19.396072 0.000007 0.000053 -13.473431 0.000006 0.000001 -0.000010 -0.489680 0.098138 0.696899 1.265516 -0.057826 0.245737 1.079996 -0.042239 0.201669 -0.000014 0.000028 -0.000004 -0.414764 0.013435 -3.613652 1.006437 -0.043432 0.093661 1.126317 -0.022064 0.093345 -0.000008 0.000075 0.000003 2.149647 -0.006717 -9.893137 1.965836 0.076613 -0.189701 2.139841 0.044971 -0.138678 0.000010 -0.000210 -0.000009 4.484063 0.018887 -16.943348 3.312803 0.210001 -0.501582 3.282040 0.101143 -0.454812 -0.000057 0.000010 -0.000020 0.000000 0.000000 0.000000 0.000000 0.000000 0.000000 -84.513329 -0.583958 4.899773 -72.428467 -0.641257 -7.247311 -0.070828 -17.513433 99.752960 -48.965778 -51.588737 27.446648 -6.496315 1.248457 41.794376 0.000010 0.000018 -16.019573 0.000034 -0.000017 -11.188890 0.000989 0.000011 0.000178 5.659037 0.065257 3.005310 -0.945988 -0.040329 -0.070306 -1.147028 -0.015137 -0.076298 0.000013 0.000074 -0.000006 2.821881 0.021843 -2.417594 -1.592242 -0.029664 -0.049465 -1.384600 -0.007063 -0.050709 -0.000066 0.000002 0.000042 -5.616730 -0.013899 -10.402500 -4.436091 0.054983 0.051556 -3.963326 0.011685 0.051841 -0.000914 0.000013 0.000005 -12.537259 -0.004113 -18.922146 -8.098565 0.083128 0.224755 -7.997029 0.019189 0.190754 0.000118 0.000008 -0.000048 0.000000 0.000000 0.000000 0.000000 0.000000 0.000000 -3.170106 -11.085164 18.038555 -0.108746 -0.767296 5.686384 -0.358824 -7.738023 15.754857 -1.101334 1.108745 -17.072132 0.000000 0.000000 0.000000 0.000000 0.000000 0.000000 0.000000 0.000000 0.000000 1.037602 -3.841337 11.221377 0.125852 0.592836 12.181506 1.885345 -0.394625 15.054476 0.244687 -0.690605 -19.838057 0.000000 0.000000 0.000000 0.000000 0.000000 0.000000 0.000000 0.000000 0.000000 
-0.409534 88.169678 3.872451 -0.054983 3.035244 -12.634007 1.015370 0.034319 7.778707 0.439829 -0.133501 1.717041 -1.124923 -0.461473 5.636620 -1.073057 -0.164577 4.942588 1.771226 -0.708620 3.416109 0.249885 0.391113 -4.004255 -0.121628 -1.153883 -20.163389 0.000000 0.000000 0.000000 88.002724 0.068109 10.145570 53.912273 -14.666554 7.192080 -1.361764 14.469171 102.659958 13.733392 22.611958 10.307733 8.121125 -1.566000 41.089584 -0.000003 0.000007 -19.556803 0.000006 0.000053 -13.585545 0.000006 0.000001 -0.000010 -0.209016 0.098623 0.670847 1.365390 -0.058525 0.250921 1.180444 -0.043151 0.206367 -0.000014 0.000027 -0.000004 -0.110776 0.013362 -3.657773 1.119016 -0.043670 0.095640 1.238606 -0.022334 0.094989 -0.000008 0.000076 0.000003 2.531793 -0.006112 -9.947637 2.106637 0.077035 -0.190586 2.276568 0.045371 -0.139273 0.000011 -0.000238 -0.000008 4.894926 0.022928 -17.023846 3.467578 0.210289 -0.499987 3.429371 0.100597 -0.455259 -0.000058 0.000010 -0.000019 0.000000 0.000000 0.000000 0.000000 0.000000 0.000000 -84.501312 -0.577526 4.904943 -72.603035 -1.321000 -7.417633 -0.131886 -17.628384 99.303177 -49.977245 -52.628613 28.547619 -6.512537 1.250905 41.787296 0.000009 0.000019 -16.052620 0.000037 -0.000017 -11.208403 0.000971 0.000012 0.000175 5.721454 0.064123 3.083897 -0.885589 -0.041525 -0.073440 -1.085074 -0.016067 -0.079150 0.000013 0.000106 -0.000007 2.829551 0.021660 -2.365500 -1.544734 -0.030057 -0.050247 -1.336585 -0.007258 -0.051666 -0.000112 0.000002 0.000043 -5.703244 -0.013814 -10.349480 -4.411433 0.055144 0.050966 -3.936941 0.011727 0.051875 -0.001004 0.000013 0.000005 -12.698044 -0.002330 -18.905506 -8.112415 0.083026 0.219794 -8.010176 0.019081 0.187451 0.000091 0.000008 -0.000048 0.000000 0.000000 0.000000 0.000000 0.000000 0.000000 -3.121963 -11.026027 17.967402 -0.108736 -0.765956 5.706323 -0.378176 -7.674456 15.792521 -1.098872 1.104567 -17.079865 0.000000 0.000000 0.000000 0.000000 0.000000 0.000000 0.000000 0.000000 0.000000 1.089768 -3.745815 11.209394 0.126893 0.595319 12.161369 1.864927 -0.301111 15.050717 0.246406 -0.689618 -19.828945 0.000000 0.000000 0.000000 0.000000 0.000000 0.000000 0.000000 0.000000 0.000000 
-0.420399 88.180473 3.864635 -0.075055 2.893130 -12.588565 1.031847 0.019534 7.744201 0.438591 -0.146820 1.713831 -1.098825 -0.537890 5.602381 -1.057750 -0.194459 4.921079 1.765879 -0.673979 3.421618 0.245660 0.431247 -4.001770 -0.148585 -1.162485 -20.187332 0.000000 0.000000 0.000000 88.009865 0.069120 10.104818 53.607803 -14.333347 7.330961 -1.392993 14.403690 103.590813 14.431296 22.705172 10.929425 8.189718 -1.573872 41.059769 -0.000003 0.000007 -19.709322 0.000006 0.000053 -13.692678 0.000006 0.000000 -0.000010 0.056427 0.099200 0.630279 1.444579 -0.059692 0.255027 1.260386 -0.044413 0.209888 -0.000015 0.000027 -0.000004 0.185158 0.013281 -3.710763 1.212218 -0.044068 0.097236 1.331883 -0.022722 0.096253 -0.000009 0.000076 0.000003 2.913406 -0.005419 -10.006827 2.231461 0.077706 -0.191081 2.397185 0.045914 -0.139573 0.000011 -0.000260 -0.000008 5.301192 0.026914 -17.108673 3.608902 0.211545 -0.497585 3.563892 0.100781 -0.454887 -0.000059 0.000010 -0.000019 0.000000 0.000000 0.000000 0.000000 0.000000 0.000000 -84.503181 -0.566710 4.908647 -72.760712 -1.979842 -7.570683 -0.198063 -17.727524 98.777618 -50.818798 -53.709934 29.527985 -6.523429 1.252632 41.782688 0.000009 0.000019 -16.072556 0.000040 -0.000018 -11.219455 0.000958 0.000013 0.000167 5.813800 0.062950 3.159618 -0.819535 -0.043158 -0.077081 -1.018131 -0.017457 -0.082177 0.000013 0.000129 -0.000007 2.868843 0.021452 -2.309674 -1.490376 -0.030640 -0.051183 -1.282175 -0.007564 -0.052695 -0.000159 0.000002 0.000044 -5.755752 -0.013729 -10.287668 -4.374831 0.055659 0.050704 -3.899795 0.011987 0.052006 -0.001093 0.000013 0.000005 -12.823116 -0.000727 -18.874998 -8.112617 0.084028 0.215963 -8.009041 0.019746 0.184500 0.000064 0.000007 -0.000048 0.000000 0.000000 0.000000 0.000000 0.000000 0.000000 -3.075414 -10.962995 17.895451 -0.108825 -0.765113 5.728224 -0.394924 -7.601673 15.824328 -1.095863 1.100385 -17.088583 0.000000 0.000000 0.000000 0.000000 0.000000 0.000000 0.000000 0.000000 0.000000 1.139146 -3.657636 11.200725 0.128022 0.598144 12.135558 1.842247 -0.208500 15.048121 0.248869 -0.689110 -19.821169 0.000000 0.000000 0.000000 0.000000 0.000000 0.000000 0.000000 0.000000 0.000000 
-0.430690 88.191559 3.857226 -0.093921 2.749704 -12.545700 1.050518 0.005182 7.707584 0.438123 -0.160035 1.713545 -1.073022 -0.610402 5.576097 -1.042480 -0.223352 4.905007 1.748271 -0.630455 3.428701 0.240264 0.478716 -4.000717 -0.179143 -1.170699 -20.210697 0.000000 0.000000 0.000000 88.020851 0.065189 10.052870 53.334858 -13.954004 7.468886 -1.425817 14.327558 104.486732 15.097036 22.839350 11.514421 8.247851 -1.581289 41.033535 -0.000003 0.000008 -19.839357 0.000006 0.000053 -13.784609 0.000005 0.000000 -0.000010 0.277302 0.099893 0.590574 1.493967 -0.061425 0.259314 1.310807 -0.046145 0.213459 -0.000015 0.000026 -0.000004 0.442952 0.013244 -3.763735 1.276302 -0.044682 0.098936 1.396308 -0.023260 0.097585 -0.000009 0.000077 0.000002 3.262605 -0.004688 -10.071566 2.329152 0.078688 -0.191857 2.490812 0.046651 -0.140086 0.000011 -0.000281 -0.000008 5.674824 0.030839 -17.205830 3.726837 0.213882 -0.495961 3.675552 0.101819 -0.455077 -0.000058 0.000010 -0.000018 0.000000 0.000000 0.000000 0.000000 0.000000 0.000000 -84.516396 -0.551847 4.912338 -72.911926 -2.614582 -7.709709 -0.265908 -17.806664 98.187355 -51.552429 -54.790398 30.428600 -6.524389 1.253060 41.782536 0.000008 0.000019 -16.068708 0.000041 -0.000018 -11.214192 0.000952 0.000013 0.000159 5.953968 0.061810 3.239749 -0.742717 -0.045428 -0.082449 -0.941210 -0.019499 -0.086494 0.000013 0.000148 -0.000008 2.958425 0.021214 -2.248472 -1.423700 -0.031478 -0.052757 -1.215825 -0.008049 -0.054219 -0.000202 0.000002 0.000045 -5.752379 -0.013681 -10.221458 -4.320429 0.056635 0.051531 -3.845913 0.012556 0.052784 -0.001176 0.000013 0.000005 -12.892304 0.000682 -18.842712 -8.094021 0.086423 0.215484 -7.988650 0.021463 0.183637 0.000040 0.000007 -0.000049 0.000000 0.000000 0.000000 0.000000 0.000000 0.000000 -3.030174 -10.897593 17.826788 -0.108971 -0.764597 5.753879 -0.409632 -7.522118 15.849069 -1.092170 1.096568 -17.096447 0.000000 0.000000 0.000000 0.000000 0.000000 0.000000 0.000000 0.000000 0.000000 1.185828 -3.581643 11.198798 0.129211 0.601146 12.105273 1.818466 -0.116294 15.046233 0.252005 -0.689191 -19.814056 0.000000 0.000000 0.000000 0.000000 0.000000 0.000000 0.000000 0.000000 0.000000 
-0.440131 88.202866 3.850647 -0.111791 2.606622 -12.506098 1.071050 -0.008807 7.669483 0.438034 -0.172810 1.715786 -1.049402 -0.675859 5.556880 -1.026534 -0.249502 4.896648 1.725415 -0.580587 3.439806 0.234247 0.531837 -3.999498 -0.212182 -1.177813 -20.233841 0.000000 0.000000 0.000000 88.033180 0.056510 9.989586 53.103901 -13.545978 7.603390 -1.460207 14.247180 105.333588 15.702076 22.994795 12.044746 8.295493 -1.588084 41.011131 -0.000002 0.000008 -19.946941 0.000006 0.000053 -13.860895 0.000005 0.000000 -0.000010 0.456562 0.100590 0.561661 1.518719 -0.063665 0.263777 1.337168 -0.048331 0.217051 -0.000015 0.000026 -0.000003 0.663768 0.013223 -3.806541 1.315717 -0.045501 0.100710 1.435901 -0.023934 0.098973 -0.000010 0.000076 0.000002 3.575426 -0.004009 -10.129115 2.403470 0.080015 -0.192941 2.561408 0.047559 -0.140795 0.000012 -0.000299 -0.000008 6.008336 0.034432 -17.300886 3.824077 0.217322 -0.495462 3.767191 0.103733 -0.456044 -0.000053 0.000010 -0.000018 0.000000 0.000000 0.000000 0.000000 0.000000 0.000000 -84.538513 -0.533219 4.909045 -73.064575 -3.198838 -7.847417 -0.333676 -17.862642 97.563271 -52.159687 -55.839573 31.227337 -6.516036 1.252373 41.786301 0.000007 0.000019 -16.043045 0.000042 -0.000019 -11.193948 0.000957 0.000014 0.000155 6.126648 0.060715 3.318236 -0.658955 -0.048276 -0.089435 -0.857759 -0.022102 -0.092010 0.000013 0.000160 -0.000008 3.085843 0.020961 -2.185736 -1.347939 -0.032541 -0.054957 -1.140270 -0.008697 -0.056210 -0.000241 0.000002 0.000046 -5.700254 -0.013693 -10.152271 -4.252042 0.058061 0.053491 -3.778312 0.013405 0.054215 -0.001252 0.000013 0.000005 -12.908019 0.001725 -18.806641 -8.058845 0.090054 0.218644 -7.950734 0.024191 0.185120 0.000015 0.000007 -0.000049 0.000000 0.000000 0.000000 0.000000 0.000000 0.000000 -2.987223 -10.831210 17.762184 -0.109115 -0.764285 5.783487 -0.422128 -7.438313 15.866809 -1.087659 1.093257 -17.103117 0.000000 0.000000 0.000000 0.000000 0.000000 0.000000 0.000000 0.000000 0.000000 1.230119 -3.518330 11.201811 0.130430 0.604068 12.072967 1.793435 -0.024775 15.045561 0.255887 -0.690033 -19.808811 0.000000 0.000000 0.000000 0.000000 0.000000 0.000000 0.000000 0.000000 0.000000 
-0.448662 88.214043 3.844928 -0.127948 2.466257 -12.469525 1.092448 -0.022296 7.631525 0.437601 -0.184618 1.719911 -1.028916 -0.733759 5.544645 -1.009987 -0.272598 4.896188 1.702942 -0.526883 3.452491 0.228134 0.589162 -3.998205 -0.246666 -1.183833 -20.255201 0.000000 0.000000 0.000000 88.045563 0.043232 9.915677 52.920536 -13.128395 7.729212 -1.495387 14.169933 106.124542 16.225845 23.143023 12.507046 8.334241 -1.594044 40.992275 -0.000002 0.000008 -20.035498 0.000006 0.000053 -13.923925 0.000005 -0.000000 -0.000009 0.602106 0.101274 0.547448 1.530259 -0.066098 0.267949 1.350888 -0.050687 0.220309 -0.000015 0.000025 -0.000003 0.853143 0.013220 -3.835376 1.341025 -0.046410 0.102369 1.461176 -0.024654 0.100281 -0.000010 0.000076 0.000002 3.854240 -0.003433 -10.174624 2.463597 0.081535 -0.194155 2.618064 0.048525 -0.141566 0.000012 -0.000314 -0.000007 6.304152 0.037612 -17.388493 3.907890 0.221392 -0.495894 3.845789 0.106143 -0.457665 -0.000047 0.000009 -0.000018 0.000000 0.000000 0.000000 0.000000 0.000000 0.000000 -84.568306 -0.511516 4.894216 -73.220085 -3.702971 -7.998845 -0.399723 -17.897570 96.942078 -52.631065 -56.822239 31.901678 -6.500314 1.250855 41.793133 0.000007 0.000019 -16.000069 0.000043 -0.000019 -11.162051 0.000971 0.000014 0.000156 6.317684 0.059685 3.385804 -0.570972 -0.051433 -0.097323 -0.770447 -0.024981 -0.098154 0.000013 0.000164 -0.000008 3.238654 0.020715 -2.129630 -1.265797 -0.033724 -0.057518 -1.058076 -0.009435 -0.058469 -0.000277 0.000002 0.000046 -5.608147 -0.013736 -10.089101 -4.172952 0.059774 0.056246 -3.699922 0.014413 0.056074 -0.001320 0.000013 0.000005 -12.874811 0.002492 -18.774788 -8.009506 0.094415 0.224565 -7.897812 0.027558 0.188431 -0.000010 0.000007 -0.000049 0.000000 0.000000 0.000000 0.000000 0.000000 0.000000 -2.948645 -10.765835 17.702034 -0.109236 -0.764113 5.816205 -0.431456 -7.352537 15.877506 -1.082486 1.090444 -17.109352 0.000000 0.000000 0.000000 0.000000 0.000000 0.000000 0.000000 0.000000 0.000000 1.270920 -3.467392 11.206827 0.131635 0.606821 12.040575 1.767326 0.062242 15.046324 0.260411 -0.691623 -19.806032 0.000000 0.000000 0.000000 0.000000 0.000000 0.000000 0.000000 0.000000 0.000000 
-0.456366 88.224815 3.840189 -0.141727 2.331284 -12.435492 1.114188 -0.034934 7.594736 0.436786 -0.195113 1.726191 -1.011978 -0.783065 5.538381 -0.993664 -0.292218 4.902711 1.681143 -0.471304 3.463595 0.222087 0.648267 -3.997756 -0.281410 -1.188964 -20.274153 0.000000 0.000000 0.000000 88.055733 0.026212 9.833465 52.789944 -12.715409 7.838127 -1.530095 14.097794 106.859680 16.660751 23.266172 12.897449 8.365955 -1.599148 40.976391 -0.000002 0.000008 -20.109453 0.000006 0.000053 -13.976749 0.000005 -0.000000 -0.000009 0.722036 0.101895 0.545875 1.539282 -0.068561 0.271460 1.362600 -0.053067 0.222956 -0.000015 0.000025 -0.000003 1.017521 0.013216 -3.852567 1.362257 -0.047353 0.103779 1.482151 -0.025382 0.101422 -0.000010 0.000075 0.000002 4.103348 -0.002958 -10.210455 2.518070 0.083167 -0.195394 2.669198 0.049506 -0.142328 0.000012 -0.000321 -0.000007 6.566878 0.040396 -17.470446 3.985176 0.225879 -0.497165 3.917696 0.108906 -0.459914 -0.000040 0.000009 -0.000017 0.000000 0.000000 0.000000 0.000000 0.000000 0.000000 -84.604286 -0.487440 4.866760 -73.376030 -4.105386 -8.174998 -0.462014 -17.914070 96.361099 -52.985332 -57.704899 32.446285 -6.479185 1.248850 41.802067 0.000006 0.000019 -15.944538 0.000043 -0.000019 -11.121827 0.000991 0.000015 0.000161 6.513783 0.058713 3.433841 -0.481509 -0.054775 -0.105745 -0.682065 -0.028010 -0.104625 0.000013 0.000162 -0.000009 3.405106 0.020478 -2.088862 -1.180036 -0.034975 -0.060297 -0.972071 -0.010224 -0.060892 -0.000311 0.000002 0.000046 -5.486023 -0.013768 -10.042231 -4.086662 0.061683 0.059592 -3.614063 0.015527 0.058231 -0.001381 0.000013 0.000005 -12.800347 0.003125 -18.758060 -7.949060 0.099274 0.232666 -7.833333 0.031397 0.193216 -0.000035 0.000006 -0.000049 0.000000 0.000000 0.000000 0.000000 0.000000 0.000000 -2.915573 -10.703951 17.646282 -0.109321 -0.764031 5.851055 -0.437402 -7.266960 15.881644 -1.076905 1.088038 -17.115679 0.000000 0.000000 0.000000 0.000000 0.000000 0.000000 0.000000 0.000000 0.000000 1.307332 -3.427788 11.211249 0.132786 0.609324 12.009741 1.740713 0.142152 15.048821 0.265370 -0.693686 -19.805822 0.000000 0.000000 0.000000 0.000000 0.000000 0.000000 0.000000 0.000000 0.000000 
-0.463412 88.235008 3.836413 -0.152335 2.204447 -12.402487 1.135177 -0.046505 7.559570 0.435426 -0.204275 1.735182 -1.000007 -0.823123 5.534760 -0.977768 -0.308175 4.915314 1.660532 -0.414474 3.472079 0.216656 0.708149 -3.997977 -0.314994 -1.192984 -20.289980 0.000000 0.000000 0.000000 88.062622 0.005886 9.745652 52.716377 -12.326148 7.924571 -1.563228 14.034930 107.529099 16.995283 23.356300 13.205107 8.393775 -1.603531 40.962341 -0.000002 0.000008 -20.175875 0.000006 0.000053 -14.024269 0.000005 -0.000000 -0.000009 0.829608 0.102350 0.554819 1.556248 -0.070822 0.273735 1.382837 -0.055268 0.224482 -0.000015 0.000024 -0.000003 1.168678 0.013169 -3.859035 1.389467 -0.048249 0.104731 1.508728 -0.026060 0.102235 -0.000011 0.000073 0.000002 4.331768 -0.002587 -10.234421 2.575952 0.084800 -0.196450 2.723841 0.050435 -0.142935 0.000012 -0.000318 -0.000007 6.804729 0.042746 -17.541636 4.063895 0.230448 -0.498985 3.990559 0.111782 -0.462563 -0.000033 0.000009 -0.000017 0.000000 0.000000 0.000000 0.000000 0.000000 0.000000 -84.645477 -0.461527 4.824550 -73.529381 -4.389218 -8.385558 -0.519006 -17.914589 95.864845 -53.231003 -58.465309 32.852650 -6.457228 1.246979 41.810986 0.000005 0.000019 -15.887400 0.000043 -0.000019 -11.081083 0.001016 0.000015 0.000169 6.687007 0.057765 3.450920 -0.397995 -0.058097 -0.114052 -0.600049 -0.030996 -0.110838 0.000013 0.000151 -0.000009 3.559238 0.020240 -2.072668 -1.098186 -0.036217 -0.063059 -0.889792 -0.011012 -0.063281 -0.000348 0.000002 0.000047 -5.358828 -0.013746 -10.018613 -4.002596 0.063658 0.063178 -3.529678 0.016669 0.060444 -0.001437 0.000013 0.000005 -12.707170 0.003670 -18.759817 -7.886692 0.104246 0.241880 -7.766545 0.035445 0.198724 -0.000060 0.000006 -0.000049 0.000000 0.000000 0.000000 0.000000 0.000000 0.000000 -2.889264 -10.648005 17.593586 -0.109347 -0.763984 5.886412 -0.440360 -7.183712 15.880739 -1.071228 1.085871 -17.122440 0.000000 0.000000 0.000000 0.000000 0.000000 0.000000 0.000000 0.000000 0.000000 1.338191 -3.396543 11.210827 0.133807 0.611319 11.982861 1.714023 0.214487 15.053941 0.270467 -0.695895 -19.808706 0.000000 0.000000 0.000000 0.000000 0.000000 0.000000 0.000000 0.000000 0.000000 
-0.470162 88.244415 3.833466 -0.159151 2.088326 -12.368684 1.154390 -0.056767 7.526783 0.433496 -0.212079 1.746697 -0.993805 -0.854101 5.530770 -0.962691 -0.320619 4.931819 1.640500 -0.356510 3.473639 0.212356 0.767871 -3.999993 -0.346142 -1.195964 -20.300901 0.000000 0.000000 0.000000 88.067131 -0.017443 9.655885 52.696701 -11.980897 7.986237 -1.593269 13.986193 108.117516 17.224033 23.411762 13.416284 8.420605 -1.607369 40.949024 -0.000002 0.000008 -20.241013 0.000006 0.000053 -14.070950 0.000005 -0.000001 -0.000009 0.935559 0.102607 0.567768 1.589677 -0.072685 0.274186 1.419934 -0.057111 0.224372 -0.000015 0.000024 -0.000003 1.316166 0.013047 -3.859177 1.430913 -0.049028 0.105026 1.549130 -0.026643 0.102550 -0.000011 0.000072 0.000002 4.548351 -0.002312 -10.247600 2.644848 0.086327 -0.197081 2.789494 0.051253 -0.143226 0.000013 -0.000304 -0.000007 7.027134 0.044647 -17.599867 4.150784 0.234777 -0.500895 4.070899 0.114525 -0.465280 -0.000026 0.000009 -0.000017 0.000000 0.000000 0.000000 0.000000 0.000000 0.000000 -84.691422 -0.434404 4.766571 -73.673691 -4.544206 -8.636136 -0.569765 -17.902750 95.493088 -53.375984 -59.089615 33.115219 -6.439764 1.245925 41.817535 0.000004 0.000019 -15.841292 0.000043 -0.000019 -11.048855 0.001040 0.000016 0.000179 6.809839 0.056836 3.426074 -0.327489 -0.061172 -0.121388 -0.531581 -0.033730 -0.116059 0.000013 0.000131 -0.000009 3.674525 0.020005 -2.089580 -1.027568 -0.037371 -0.065496 -0.818848 -0.011739 -0.065379 -0.000390 0.000002 0.000047 -5.254197 -0.013633 -10.024580 -3.930584 0.065562 0.066551 -3.456295 0.017756 0.062408 -0.001488 0.000014 0.000005 -12.621739 0.004178 -18.782339 -7.832626 0.108971 0.250834 -7.707890 0.039412 0.203962 -0.000083 0.000006 -0.000050 0.000000 0.000000 0.000000 0.000000 0.000000 0.000000 -2.870490 -10.599712 17.542784 -0.109306 -0.763993 5.919618 -0.440792 -7.104093 15.876627 -1.065881 1.083746 -17.130100 0.000000 0.000000 0.000000 0.000000 0.000000 0.000000 0.000000 0.000000 0.000000 1.362309 -3.370222 11.201711 0.134638 0.612620 11.961556 1.687822 0.278561 15.062434 0.275382 -0.697900 -19.814865 0.000000 0.000000 0.000000 0.000000 0.000000 0.000000 0.000000 0.000000 0.000000 
-0.477126 88.253029 3.831368 -0.162226 1.985251 -12.333053 1.171537 -0.065362 7.496765 0.432229 -0.218718 1.760378 -0.993771 -0.874025 5.523984 -0.949023 -0.328810 4.949783 1.617942 -0.298260 3.465544 0.209130 0.824838 -4.004527 -0.373513 -1.197969 -20.306606 0.000000 0.000000 0.000000 88.069038 -0.042664 9.569507 52.728806 -11.692286 8.020237 -1.618628 13.953053 108.609451 17.354784 23.445948 13.523723 8.447349 -1.610717 40.936165 -0.000002 0.000008 -20.306507 0.000006 0.000052 -14.117982 0.000005 -0.000001 -0.000009 1.039768 0.102659 0.578411 1.641107 -0.074076 0.272581 1.475253 -0.058527 0.222409 -0.000015 0.000024 -0.000003 1.459587 0.012835 -3.858103 1.488177 -0.049665 0.104595 1.604896 -0.027115 0.102309 -0.000011 0.000070 0.000003 4.753574 -0.002102 -10.253901 2.726112 0.087690 -0.197175 2.867422 0.051939 -0.143130 0.000013 -0.000278 -0.000007 7.236403 0.046095 -17.647003 4.247404 0.238685 -0.502549 4.160090 0.116998 -0.467834 -0.000023 0.000009 -0.000017 0.000000 0.000000 0.000000 0.000000 0.000000 0.000000 -84.740906 -0.406730 4.694563 -73.804398 -4.571958 -8.925199 -0.613175 -17.881281 95.275780 -53.453617 -59.569302 33.255596 -6.430565 1.246078 41.820122 0.000004 0.000019 -15.815088 0.000044 -0.000019 -11.031422 0.001063 0.000016 0.000187 6.865383 0.055936 3.353634 -0.275235 -0.063864 -0.127193 -0.482080 -0.036108 -0.119811 0.000014 0.000104 -0.000009 3.734170 0.019770 -2.144298 -0.973518 -0.038390 -0.067407 -0.764988 -0.012376 -0.067023 -0.000440 0.000002 0.000048 -5.191807 -0.013407 -10.063283 -3.878148 0.067310 0.069418 -3.401316 0.018745 0.063938 -0.001537 0.000014 0.000005 -12.565354 0.004629 -18.826763 -7.795231 0.113267 0.258644 -7.666022 0.043146 0.208264 -0.000104 0.000006 -0.000050 0.000000 0.000000 0.000000 0.000000 0.000000 0.000000 -2.858230 -10.559865 17.493505 -0.109187 -0.764057 5.948456 -0.439889 -7.029418 15.871231 -1.061240 1.081509 -17.138548 0.000000 0.000000 0.000000 0.000000 0.000000 0.000000 0.000000 0.000000 0.000000 1.379671 -3.345757 11.181865 0.135235 0.613003 11.947128 1.663061 0.335589 15.074900 0.279874 -0.699312 -19.823860 0.000000 0.000000 0.000000 0.000000 0.000000 0.000000 0.000000 0.000000 0.000000 
-0.484898 88.260986 3.830152 -0.162199 1.897116 -12.295133 1.186894 -0.072069 7.469554 0.433621 -0.224470 1.775263 -1.000435 -0.879655 5.512928 -0.937343 -0.331356 4.967200 1.590293 -0.241463 3.446449 0.206542 0.875659 -4.011802 -0.395870 -1.198952 -20.307373 0.000000 0.000000 0.000000 88.067802 -0.068481 9.492185 52.809738 -11.467922 8.025664 -1.637702 13.935537 108.981163 17.403368 23.482800 13.518560 8.473590 -1.613574 40.923897 -0.000002 0.000009 -20.371195 0.000006 0.000052 -14.164505 0.000005 -0.000001 -0.000009 1.137251 0.102541 0.580872 1.707328 -0.075028 0.268891 1.545480 -0.059551 0.218549 -0.000015 0.000024 -0.000004 1.593962 0.012526 -3.860034 1.558269 -0.050172 0.103443 1.672933 -0.027484 0.101503 -0.000011 0.000069 0.000003 4.943212 -0.001926 -10.256435 2.816706 0.088902 -0.196712 2.954572 0.052515 -0.142622 0.000013 -0.000243 -0.000007 7.429074 0.047041 -17.683790 4.351200 0.242215 -0.503791 4.255678 0.119219 -0.470050 -0.000022 0.000009 -0.000016 0.000000 0.000000 0.000000 0.000000 0.000000 0.000000 -84.792389 -0.379029 4.610737 -73.916885 -4.478226 -9.247184 -0.648195 -17.849520 95.229408 -53.489140 -59.899437 33.293209 -6.431837 1.247598 41.817863 0.000003 0.000020 -15.813904 0.000044 -0.000019 -11.032363 0.001081 0.000016 0.000195 6.845487 0.055092 3.232615 -0.244646 -0.066103 -0.130995 -0.454894 -0.038088 -0.121691 0.000014 0.000070 -0.000009 3.729912 0.019538 -2.237166 -0.939360 -0.039252 -0.068626 -0.731804 -0.012908 -0.068074 -0.000500 0.000002 0.000048 -5.182400 -0.013062 -10.133466 -3.849873 0.068856 0.071567 -3.369221 0.019617 0.064892 -0.001581 0.000014 0.000005 -12.550215 0.004954 -18.890259 -7.779416 0.117087 0.264737 -7.646011 0.046590 0.211174 -0.000123 0.000006 -0.000050 0.000000 0.000000 0.000000 0.000000 0.000000 0.000000 -2.850508 -10.528170 17.446316 -0.108990 -0.764225 5.970528 -0.438797 -6.960419 15.866672 -1.057547 1.079054 -17.147764 0.000000 0.000000 0.000000 0.000000 0.000000 0.000000 0.000000 0.000000 0.000000 1.391350 -3.320668 11.150670 0.135580 0.612237 11.940090 1.640537 0.387272 15.092334 0.283770 -0.699853 -19.835421 0.000000 0.000000 0.000000 0.000000 0.000000 0.000000 0.000000 0.000000 0.000000 
-0.494044 88.268501 3.829920 -0.160097 1.825951 -12.255186 1.201094 -0.076839 7.445262 0.439945 -0.229539 1.789892 -1.014587 -0.867619 5.497077 -0.928268 -0.326613 4.982661 1.556807 -0.188715 3.416401 0.204130 0.916899 -4.021606 -0.412236 -1.198958 -20.303528 0.000000 0.000000 0.000000 88.063431 -0.093610 9.428658 52.936085 -11.311495 8.003136 -1.648624 13.934543 109.201012 17.387346 23.551529 13.390242 8.498323 -1.615872 40.912598 -0.000003 0.000009 -20.432562 0.000006 0.000052 -14.208649 0.000005 -0.000001 -0.000009 1.221193 0.102329 0.570487 1.783333 -0.075582 0.263109 1.625455 -0.060205 0.212781 -0.000015 0.000023 -0.000004 1.712641 0.012125 -3.867576 1.636385 -0.050557 0.101571 1.748350 -0.027751 0.100116 -0.000011 0.000067 0.000003 5.111483 -0.001753 -10.256201 2.911698 0.089984 -0.195697 3.046064 0.053002 -0.141681 0.000013 -0.000201 -0.000007 7.599845 0.047416 -17.708658 4.457778 0.245442 -0.504508 4.353491 0.121223 -0.471729 -0.000024 0.000009 -0.000016 0.000000 0.000000 0.000000 0.000000 0.000000 0.000000 -84.845062 -0.351608 4.516807 -74.005302 -4.269330 -9.594321 -0.673751 -17.805172 95.359032 -53.495430 -60.077362 33.240662 -6.445076 1.250526 41.810295 0.000002 0.000020 -15.841194 0.000045 -0.000019 -11.054133 0.001094 0.000016 0.000205 6.747158 0.054343 3.065007 -0.238211 -0.067817 -0.132237 -0.452215 -0.039616 -0.121242 0.000015 0.000030 -0.000009 3.658133 0.019309 -2.365660 -0.927507 -0.039929 -0.068958 -0.721781 -0.013312 -0.068369 -0.000569 0.000002 0.000049 -5.231956 -0.012599 -10.231022 -3.848814 0.070160 0.072773 -3.363145 0.020343 0.065121 -0.001619 0.000014 0.000005 -12.583257 0.005055 -18.967299 -7.788252 0.120418 0.268598 -7.651080 0.049689 0.212277 -0.000139 0.000006 -0.000050 0.000000 0.000000 0.000000 0.000000 0.000000 0.000000 -2.845173 -10.503877 17.402830 -0.108727 -0.764610 5.983009 -0.438555 -6.897138 15.864900 -1.054969 1.076343 -17.157871 0.000000 0.000000 0.000000 0.000000 0.000000 0.000000 0.000000 0.000000 0.000000 1.399247 -3.293250 11.108418 0.135687 0.610131 11.940807 1.620690 0.435061 15.115352 0.286943 -0.699393 -19.849428 0.000000 0.000000 0.000000 0.000000 0.000000 0.000000 0.000000 0.000000 0.000000 
-0.504929 88.275719 3.830766 -0.156912 1.775054 -12.213790 1.214543 -0.079769 7.424805 0.453028 -0.233943 1.802302 -1.037657 -0.836203 5.476600 -0.922056 -0.313410 4.994922 1.520725 -0.143435 3.374831 0.202218 0.946171 -4.034041 -0.422018 -1.198292 -20.293800 0.000000 0.000000 0.000000 88.058365 -0.116878 9.381659 53.105213 -11.219395 7.955922 -1.648568 13.955912 109.227905 17.319981 23.685057 13.128324 8.521671 -1.617631 40.902267 -0.000003 0.000009 -20.490290 0.000007 0.000052 -14.250086 0.000005 -0.000001 -0.000010 1.290990 0.102087 0.540975 1.866891 -0.075699 0.254886 1.712720 -0.060420 0.204787 -0.000015 0.000023 -0.000004 1.815338 0.011632 -3.883637 1.720400 -0.050797 0.098835 1.828961 -0.027894 0.098023 -0.000012 0.000065 0.000003 5.258532 -0.001547 -10.251352 3.008489 0.090923 -0.194029 3.139341 0.053392 -0.140211 0.000013 -0.000153 -0.000007 7.748219 0.047082 -17.715221 4.564573 0.248343 -0.504382 4.451214 0.122968 -0.472537 -0.000030 0.000009 -0.000017 0.000000 0.000000 0.000000 0.000000 0.000000 0.000000 -84.899391 -0.324381 4.414059 -74.060898 -3.949849 -9.958119 -0.688976 -17.746775 95.655212 -53.466740 -60.109547 33.097656 -6.472962 1.255056 41.796429 0.000002 0.000020 -15.903447 0.000046 -0.000019 -11.101365 0.001101 0.000016 0.000221 6.562083 0.053738 2.852689 -0.260886 -0.068842 -0.129936 -0.478717 -0.040529 -0.117646 0.000016 -0.000016 -0.000008 3.508881 0.019090 -2.526180 -0.943130 -0.040354 -0.068043 -0.740008 -0.013535 -0.067609 -0.000646 0.000002 0.000049 -5.353661 -0.012015 -10.348707 -3.881140 0.071145 0.072607 -3.389571 0.020857 0.064333 -0.001652 0.000014 0.000005 -12.678074 0.004815 -19.046818 -7.827928 0.123132 0.269193 -7.687533 0.052267 0.210758 -0.000156 0.000006 -0.000051 0.000000 0.000000 0.000000 0.000000 0.000000 0.000000 -2.841175 -10.486231 17.365534 -0.108420 -0.765345 5.981782 -0.439897 -6.839385 15.867943 -1.053752 1.073372 -17.169125 0.000000 0.000000 0.000000 0.000000 0.000000 0.000000 0.000000 0.000000 0.000000 1.405180 -3.263043 11.054749 0.135611 0.606661 11.950735 1.603461 0.478787 15.143145 0.289227 -0.698079 -19.865747 0.000000 0.000000 0.000000 0.000000 0.000000 0.000000 0.000000 0.000000 0.000000 
-0.517304 88.282959 3.832547 -0.152112 1.749978 -12.171606 1.227106 -0.080946 7.409435 0.474210 -0.237455 1.810638 -1.072337 -0.784169 5.453323 -0.918742 -0.290786 5.004669 1.490725 -0.110721 3.324401 0.202490 0.962138 -4.047610 -0.424599 -1.197466 -20.276747 0.000000 0.000000 0.000000 88.056480 -0.137142 9.350938 53.327442 -11.165048 7.881909 -1.633972 14.009356 109.018524 17.219065 23.933128 12.743163 8.544888 -1.619076 40.892353 -0.000003 0.000009 -20.546623 0.000007 0.000052 -14.290139 0.000005 -0.000001 -0.000010 1.356863 0.101855 0.487348 1.956227 -0.075311 0.243912 1.805437 -0.060100 0.194245 -0.000015 0.000023 -0.000004 1.913378 0.011059 -3.909630 1.808970 -0.050857 0.095046 1.913297 -0.027879 0.095092 -0.000012 0.000063 0.000004 5.395484 -0.001267 -10.235026 3.105716 0.091697 -0.191590 3.233087 0.053675 -0.138112 0.000013 -0.000102 -0.000007 7.883214 0.045866 -17.689768 4.670961 0.250795 -0.502776 4.548458 0.124380 -0.472034 -0.000038 0.000009 -0.000017 0.000000 0.000000 0.000000 0.000000 0.000000 0.000000 -84.957916 -0.296345 4.304206 -74.077385 -3.523146 -10.331029 -0.692429 -17.671326 96.092171 -53.396458 -60.015659 32.871296 -6.520126 1.261697 41.774273 0.000001 0.000020 -16.012283 0.000048 -0.000018 -11.182079 0.001099 0.000016 0.000245 6.268006 0.053342 2.599217 -0.323041 -0.068906 -0.122675 -0.544741 -0.040539 -0.109688 0.000016 -0.000066 -0.000008 3.257531 0.018885 -2.712705 -0.997384 -0.040410 -0.065326 -0.797446 -0.013482 -0.065333 -0.000733 0.000002 0.000049 -5.575398 -0.011322 -10.473702 -3.959985 0.071659 0.070359 -3.462169 0.021036 0.062009 -0.001679 0.000014 0.000005 -12.861356 0.004085 -19.109440 -7.911467 0.124876 0.264599 -7.768207 0.053963 0.205050 -0.000178 0.000005 -0.000051 0.000000 0.000000 0.000000 0.000000 0.000000 0.000000 -2.840543 -10.475868 17.337934 -0.108080 -0.766514 5.962622 -0.443659 -6.787402 15.876936 -1.054234 1.070099 -17.181231 0.000000 0.000000 0.000000 0.000000 0.000000 0.000000 0.000000 0.000000 0.000000 1.409049 -3.231984 10.988810 0.135401 0.602032 11.971426 1.588501 0.516981 15.173701 0.290441 -0.696524 -19.883648 0.000000 0.000000 0.000000 0.000000 0.000000 0.000000 0.000000 0.000000 0.000000 
-0.530795 88.290222 3.835313 -0.145544 1.754829 -12.131952 1.240430 -0.078460 7.394194 0.507123 -0.239729 1.815604 -1.111852 -0.703187 5.430761 -0.923397 -0.257185 5.018660 1.448991 -0.094672 3.277213 0.203317 0.956918 -4.056489 -0.420192 -1.197757 -20.263264 0.000000 0.000000 0.000000 88.049553 -0.152445 9.335153 53.608475 -11.092535 7.746944 -1.607499 14.067220 108.610153 17.165703 24.326580 12.306885 8.559310 -1.619688 40.885654 -0.000003 0.000010 -20.585501 0.000007 0.000052 -14.317971 0.000005 -0.000001 -0.000010 1.387401 0.101949 0.421884 2.030774 -0.075106 0.232660 1.883447 -0.059995 0.183653 -0.000014 0.000023 -0.000004 1.980458 0.010563 -3.948119 1.882704 -0.050974 0.091202 1.983201 -0.027894 0.092180 -0.000012 0.000061 0.000004 5.503086 -0.000850 -10.235801 3.188729 0.092605 -0.189400 3.311818 0.054095 -0.136130 0.000013 -0.000049 -0.000007 7.997123 0.044214 -17.678522 4.766057 0.253409 -0.501212 4.633446 0.126007 -0.471370 -0.000042 0.000009 -0.000017 0.000000 0.000000 0.000000 0.000000 0.000000 0.000000 -85.020218 -0.267279 4.193321 -74.053284 -3.023293 -10.687581 -0.679390 -17.564224 96.632599 -53.478809 -59.735916 32.711681 -6.571758 1.268725 41.750271 0.000001 0.000020 -16.133104 0.000050 -0.000018 -11.271292 0.001090 0.000015 0.000258 5.935604 0.053478 2.342962 -0.400920 -0.068637 -0.113170 -0.627088 -0.040396 -0.099751 0.000017 -0.000103 -0.000007 2.971054 0.018680 -2.905599 -1.067267 -0.040290 -0.061721 -0.870490 -0.013348 -0.062378 -0.000815 0.000002 0.000050 -5.825875 -0.010588 -10.611128 -4.059289 0.072042 0.067344 -3.556256 0.021164 0.059052 -0.001691 0.000014 0.000005 -13.065044 0.003211 -19.188984 -8.014005 0.126809 0.258401 -7.868957 0.055678 0.197845 -0.000205 0.000005 -0.000051 0.000000 0.000000 0.000000 0.000000 0.000000 0.000000 -2.845231 -10.483606 17.327345 -0.107838 -0.768284 5.930615 -0.448790 -6.743153 15.888754 -1.056667 1.066984 -17.189503 0.000000 0.000000 0.000000 0.000000 0.000000 0.000000 0.000000 0.000000 0.000000 1.410543 -3.209821 10.918982 0.134970 0.596249 11.998672 1.584082 0.545475 15.205241 0.289650 -0.694007 -19.897518 0.000000 0.000000 0.000000 0.000000 0.000000 0.000000 0.000000 0.000000 0.000000 
-0.544821 88.297867 3.838091 -0.139533 1.791952 -12.095371 1.254750 -0.073649 7.380743 0.549253 -0.241644 1.815009 -1.153321 -0.601578 5.412096 -0.932628 -0.215921 5.038406 1.401692 -0.100213 3.228486 0.206215 0.929073 -4.062251 -0.408456 -1.199152 -20.250217 0.000000 0.000000 0.000000 88.041847 -0.164071 9.331097 53.930042 -10.995289 7.566358 -1.571480 14.124099 107.991684 17.185429 24.879959 11.839960 8.569880 -1.619954 40.880283 -0.000003 0.000010 -20.617699 0.000007 0.000051 -14.340482 0.000005 -0.000001 -0.000010 1.400951 0.102172 0.348833 2.096152 -0.074970 0.220474 1.952666 -0.059945 0.172362 -0.000014 0.000023 -0.000005 2.031114 0.010091 -3.994414 1.947326 -0.051095 0.087083 2.044179 -0.027904 0.089008 -0.000012 0.000059 0.000004 5.582767 -0.000370 -10.245333 3.259594 0.093577 -0.187345 3.379016 0.054602 -0.134127 0.000012 -0.000009 -0.000008 8.081195 0.041977 -17.671074 4.848282 0.256264 -0.500223 4.706452 0.127903 -0.470873 -0.000041 0.000009 -0.000017 0.000000 0.000000 0.000000 0.000000 0.000000 0.000000 -85.077202 -0.239050 4.085191 -73.989265 -2.473041 -11.023045 -0.652339 -17.421276 97.252625 -53.750690 -59.292130 32.658695 -6.621844 1.275160 41.727577 0.000000 0.000019 -16.248812 0.000051 -0.000018 -11.357814 0.001068 0.000015 0.000262 5.608693 0.054100 2.104004 -0.479773 -0.068266 -0.102881 -0.710387 -0.040299 -0.089037 0.000018 -0.000129 -0.000007 2.690816 0.018497 -3.090536 -1.139102 -0.040052 -0.057801 -0.944123 -0.013183 -0.059135 -0.000881 0.000001 0.000050 -6.062656 -0.009826 -10.753582 -4.161774 0.072442 0.064118 -3.654423 0.021343 0.055887 -0.001694 0.000014 0.000005 -13.252172 0.002371 -19.284702 -8.120280 0.129245 0.252449 -7.973080 0.057642 0.190517 -0.000233 0.000005 -0.000052 0.000000 0.000000 0.000000 0.000000 0.000000 0.000000 -2.855301 -10.509961 17.336227 -0.107748 -0.770622 5.883741 -0.452179 -6.710637 15.903615 -1.060659 1.064937 -17.193693 0.000000 0.000000 0.000000 0.000000 0.000000 0.000000 0.000000 0.000000 0.000000 1.411865 -3.201236 10.843794 0.134488 0.589812 12.035285 1.589612 0.559457 15.236526 0.286611 -0.691402 -19.909964 0.000000 0.000000 0.000000 0.000000 0.000000 0.000000 0.000000 0.000000 0.000000 
-0.559087 88.306107 3.839766 -0.134493 1.862878 -12.063111 1.269992 -0.067216 7.371706 0.596302 -0.242702 1.808793 -1.196288 -0.486242 5.400113 -0.943716 -0.169906 5.063187 1.358560 -0.129413 3.174323 0.212427 0.879369 -4.067763 -0.388690 -1.200991 -20.233860 0.000000 0.000000 0.000000 88.032883 -0.172638 9.340183 54.273006 -10.881387 7.364091 -1.527957 14.181817 107.151131 17.286625 25.572609 11.348585 8.566219 -1.618827 40.880867 -0.000003 0.000010 -20.617794 0.000007 0.000051 -14.339570 0.000005 -0.000001 -0.000011 1.352620 0.102388 0.287934 2.124722 -0.075118 0.209218 1.984927 -0.060092 0.162013 -0.000014 0.000023 -0.000005 2.016430 0.009636 -4.033884 1.975719 -0.051277 0.083356 2.068549 -0.027977 0.086077 -0.000012 0.000057 0.000004 5.580205 0.000091 -10.252875 3.289084 0.094699 -0.186139 3.406338 0.055242 -0.132693 0.000012 0.000020 -0.000008 8.084049 0.039385 -17.663641 4.889781 0.259711 -0.501338 4.740296 0.130405 -0.471909 -0.000040 0.000010 -0.000018 0.000000 0.000000 0.000000 0.000000 0.000000 0.000000 -85.119804 -0.213916 3.985546 -73.891495 -1.894522 -11.324944 -0.614592 -17.252077 97.942085 -54.233658 -58.720139 32.754959 -6.659064 1.279977 41.710648 0.000000 0.000019 -16.333456 0.000052 -0.000018 -11.423228 0.001042 0.000015 0.000263 5.342303 0.055099 1.899061 -0.535764 -0.068224 -0.094621 -0.770288 -0.040626 -0.080061 0.000019 -0.000148 -0.000007 2.469980 0.018349 -3.256374 -1.189588 -0.039851 -0.054631 -0.994795 -0.013116 -0.056409 -0.000925 0.000001 0.000051 -6.233367 -0.009028 -10.894580 -4.242092 0.073086 0.061889 -3.731483 0.021731 0.053498 -0.001692 0.000014 0.000005 -13.376719 0.001761 -19.396488 -8.208284 0.132652 0.250061 -8.057524 0.060270 0.185813 -0.000263 0.000005 -0.000052 0.000000 0.000000 0.000000 0.000000 0.000000 0.000000 -2.870498 -10.549900 17.363899 -0.107733 -0.773041 5.821420 -0.452316 -6.693315 15.922529 -1.065497 1.064142 -17.194483 0.000000 0.000000 0.000000 0.000000 0.000000 0.000000 0.000000 0.000000 0.000000 1.411693 -3.210121 10.762274 0.134021 0.583183 12.081257 1.602860 0.558080 15.267371 0.281784 -0.689358 -19.923201 0.000000 0.000000 0.000000 0.000000 0.000000 0.000000 0.000000 0.000000 0.000000 
-0.573593 88.315414 3.839858 -0.128902 1.968457 -12.036353 1.286989 -0.058693 7.366237 0.645680 -0.241571 1.798404 -1.239821 -0.357690 5.396076 -0.957293 -0.119818 5.092844 1.323135 -0.183672 3.117139 0.222154 0.807447 -4.073219 -0.360222 -1.203164 -20.214357 0.000000 0.000000 0.000000 88.018387 -0.177788 9.366255 54.624928 -10.750792 7.153071 -1.479307 14.241154 106.096420 17.459293 26.370596 10.836510 8.537861 -1.615158 40.892029 -0.000003 0.000010 -20.560974 0.000007 0.000051 -14.298053 0.000005 -0.000001 -0.000011 1.196067 0.102601 0.259569 2.092348 -0.075758 0.200894 1.955775 -0.060641 0.154439 -0.000014 0.000023 -0.000006 1.888194 0.009216 -4.054086 1.944225 -0.051589 0.080715 2.032676 -0.028171 0.083943 -0.000012 0.000056 0.000004 5.445967 0.000535 -10.258015 3.253631 0.096021 -0.186447 3.370280 0.056055 -0.132367 0.000011 0.000043 -0.000008 7.961576 0.036916 -17.666651 4.868586 0.263955 -0.505533 4.713103 0.133698 -0.475349 -0.000039 0.000010 -0.000018 0.000000 0.000000 0.000000 0.000000 0.000000 0.000000 -85.144180 -0.193385 3.898060 -73.760315 -1.310772 -11.569249 -0.568573 -17.068356 98.697998 -54.927540 -58.027721 33.022541 -6.670197 1.281635 41.705055 0.000000 0.000019 -16.356901 0.000053 -0.000018 -11.446434 0.001022 0.000016 0.000253 5.202026 0.056385 1.755629 -0.542225 -0.068870 -0.090613 -0.780059 -0.041722 -0.074822 0.000019 -0.000162 -0.000006 2.372121 0.018224 -3.386517 -1.192231 -0.039830 -0.053020 -0.995940 -0.013258 -0.054853 -0.000942 0.000001 0.000053 -6.271660 -0.008192 -11.031210 -4.270186 0.074129 0.061592 -3.757522 0.022429 0.052641 -0.001683 0.000014 0.000005 -13.374909 0.001678 -19.535488 -8.248976 0.137334 0.253756 -8.093427 0.063879 0.185933 -0.000293 0.000005 -0.000052 0.000000 0.000000 0.000000 0.000000 0.000000 0.000000 -2.891794 -10.600995 17.408922 -0.107777 -0.775264 5.747606 -0.448817 -6.692066 15.944162 -1.070687 1.064292 -17.192589 0.000000 0.000000 0.000000 0.000000 0.000000 0.000000 0.000000 0.000000 0.000000 1.406144 -3.240744 10.676848 0.133541 0.576846 12.132122 1.623481 0.541825 15.298691 0.275781 -0.687979 -19.937136 0.000000 0.000000 0.000000 0.000000 0.000000 0.000000 0.000000 0.000000 0.000000 
-0.588109 88.325813 3.838412 -0.120086 2.109035 -12.014630 1.304678 -0.048150 7.364471 0.695276 -0.237608 1.784208 -1.286736 -0.218039 5.401649 -0.972244 -0.066875 5.123709 1.300616 -0.262243 3.062882 0.235156 0.716166 -4.077582 -0.322715 -1.205402 -20.191420 0.000000 0.000000 0.000000 88.000610 -0.180185 9.409618 54.973934 -10.610876 6.948082 -1.426326 14.308702 104.827881 17.658985 27.242407 10.284017 8.485144 -1.608657 40.914177 -0.000004 0.000010 -20.446236 0.000007 0.000051 -14.215420 0.000005 -0.000001 -0.000011 0.932477 0.102806 0.266877 2.003290 -0.076519 0.195402 1.869270 -0.061237 0.149531 -0.000014 0.000023 -0.000006 1.645023 0.008837 -4.051416 1.856963 -0.051904 0.079032 1.940762 -0.028376 0.082514 -0.000012 0.000056 0.000004 5.178010 0.000928 -10.255109 3.155919 0.097288 -0.187997 3.273307 0.056851 -0.132980 0.000010 0.000063 -0.000008 7.712269 0.034701 -17.673643 4.785432 0.268347 -0.511934 4.626171 0.137177 -0.480526 -0.000037 0.000011 -0.000018 0.000000 0.000000 0.000000 0.000000 0.000000 0.000000 -85.151558 -0.177879 3.822685 -73.598434 -0.735948 -11.741229 -0.517333 -16.881420 99.523209 -55.724998 -57.245842 33.397774 -6.654456 1.279775 41.711437 0.000000 0.000019 -16.316862 0.000053 -0.000017 -11.426072 0.001011 0.000016 0.000238 5.197873 0.057845 1.685553 -0.501362 -0.069910 -0.090147 -0.741647 -0.043231 -0.072805 0.000019 -0.000176 -0.000006 2.404989 0.018152 -3.470835 -1.149037 -0.039902 -0.052728 -0.949603 -0.013521 -0.054272 -0.000936 0.000001 0.000056 -6.169541 -0.007347 -11.154860 -4.244996 0.075382 0.062863 -3.731272 0.023272 0.053060 -0.001673 0.000014 0.000005 -13.238861 0.002115 -19.693354 -8.238470 0.142651 0.262328 -8.077170 0.067943 0.190130 -0.000327 0.000005 -0.000052 0.000000 0.000000 0.000000 0.000000 0.000000 0.000000 -2.921719 -10.659138 17.467411 -0.107925 -0.777242 5.665703 -0.441330 -6.707101 15.966388 -1.076143 1.064898 -17.189104 0.000000 0.000000 0.000000 0.000000 0.000000 0.000000 0.000000 0.000000 0.000000 1.391628 -3.292011 10.588206 0.133060 0.571209 12.184801 1.648414 0.511671 15.331445 0.269199 -0.687811 -19.952887 0.000000 0.000000 0.000000 0.000000 0.000000 0.000000 0.000000 0.000000 0.000000 
-0.602574 88.337067 3.835863 -0.105981 2.284646 -11.999066 1.322436 -0.035264 7.365783 0.744346 -0.230087 1.767107 -1.338607 -0.067100 5.418932 -0.988759 -0.011327 5.152370 1.292658 -0.363850 3.016680 0.250450 0.607323 -4.079852 -0.276740 -1.207814 -20.166239 0.000000 0.000000 0.000000 87.982986 -0.180260 9.470307 55.310341 -10.459510 6.756451 -1.369958 14.390815 103.361153 17.844013 28.159670 9.686481 8.411592 -1.599556 40.945858 -0.000004 0.000010 -20.281853 0.000007 0.000051 -14.097713 0.000005 -0.000001 -0.000011 0.580772 0.103035 0.306341 1.872117 -0.077140 0.192155 1.739907 -0.061663 0.146762 -0.000014 0.000023 -0.000006 1.304253 0.008521 -4.027907 1.728061 -0.052127 0.078006 1.807494 -0.028497 0.081551 -0.000012 0.000057 0.000004 4.794124 0.001290 -10.244451 3.010632 0.098304 -0.190260 3.129556 0.057486 -0.134149 0.000010 0.000085 -0.000008 7.352113 0.032823 -17.682222 4.652813 0.272371 -0.518982 4.491980 0.140342 -0.486128 -0.000036 0.000011 -0.000018 0.000000 0.000000 0.000000 0.000000 0.000000 0.000000 -85.146927 -0.167440 3.759676 -73.401672 -0.181758 -11.825952 -0.462091 -16.699356 100.414169 -56.522655 -56.384064 33.814468 -6.612472 1.274327 41.729710 0.000000 0.000019 -16.214993 0.000054 -0.000017 -11.363070 0.001013 0.000016 0.000221 5.329108 0.059394 1.697178 -0.419856 -0.071084 -0.092310 -0.661618 -0.044868 -0.073250 0.000019 -0.000193 -0.000006 2.567124 0.018148 -3.502384 -1.066458 -0.039993 -0.053369 -0.862435 -0.013824 -0.054381 -0.000910 0.000001 0.000060 -5.926091 -0.006512 -11.260008 -4.170793 0.076663 0.065195 -3.657009 0.024107 0.054367 -0.001662 0.000014 0.000005 -12.963889 0.003059 -19.864658 -8.177247 0.148093 0.274165 -8.010267 0.072033 0.197239 -0.000366 0.000005 -0.000053 0.000000 0.000000 0.000000 0.000000 0.000000 0.000000 -2.962602 -10.723914 17.538372 -0.108202 -0.778965 5.579946 -0.429871 -6.737021 15.985559 -1.081789 1.065396 -17.184563 0.000000 0.000000 0.000000 0.000000 0.000000 0.000000 0.000000 0.000000 0.000000 1.365744 -3.363297 10.500612 0.132580 0.566617 12.234640 1.676949 0.466267 15.366301 0.262496 -0.689048 -19.970663 0.000000 0.000000 0.000000 0.000000 0.000000 0.000000 0.000000 0.000000 0.000000 
-0.617184 88.348770 3.832550 -0.085944 2.494587 -11.990777 1.340220 -0.019920 7.369433 0.792771 -0.218835 1.748393 -1.394745 0.095198 5.447864 -1.007318 0.046818 5.176612 1.298669 -0.486669 2.984235 0.266738 0.481804 -4.078154 -0.222934 -1.210164 -20.141520 0.000000 0.000000 0.000000 87.967300 -0.178269 9.546674 55.626869 -10.291785 6.579010 -1.311715 14.489641 101.729141 17.977650 29.100075 9.049047 8.323445 -1.588436 40.984364 -0.000004 0.000010 -20.083158 0.000007 0.000052 -13.955890 0.000004 -0.000001 -0.000011 0.169909 0.103275 0.373244 1.718158 -0.077393 0.190283 1.587154 -0.061738 0.145365 -0.000014 0.000023 -0.000006 0.894130 0.008281 -3.986788 1.576478 -0.052169 0.077237 1.652468 -0.028445 0.080730 -0.000011 0.000059 0.000004 4.323438 0.001641 -10.227502 2.838270 0.098889 -0.192551 2.959127 0.057818 -0.135365 0.000009 0.000112 -0.000008 6.907248 0.031309 -17.690830 4.489705 0.275509 -0.524795 4.329268 0.142703 -0.490579 -0.000035 0.000012 -0.000018 0.000000 0.000000 0.000000 0.000000 0.000000 0.000000 -85.134613 -0.162298 3.709393 -73.165886 0.336493 -11.814562 -0.403062 -16.525009 101.368591 -57.243038 -55.445606 34.221664 -6.546028 1.265355 41.759323 0.000000 0.000019 -16.055260 0.000055 -0.000017 -11.259926 0.001025 0.000016 0.000202 5.590469 0.060980 1.794350 -0.306947 -0.072185 -0.096242 -0.549352 -0.046426 -0.075373 0.000018 -0.000213 -0.000006 2.853699 0.018207 -3.477683 -0.953646 -0.040041 -0.054569 -0.743783 -0.014100 -0.054893 -0.000866 0.000000 0.000064 -5.544178 -0.005703 -11.344075 -4.055414 0.077829 0.068090 -3.542582 0.024824 0.056164 -0.001648 0.000014 0.000005 -12.550424 0.004511 -20.046846 -8.070367 0.153285 0.287710 -7.898736 0.075841 0.206049 -0.000408 0.000005 -0.000053 0.000000 0.000000 0.000000 0.000000 0.000000 0.000000 -3.014671 -10.795486 17.621275 -0.108567 -0.780295 5.494241 -0.415280 -6.779936 15.998755 -1.087503 1.065379 -17.179192 0.000000 0.000000 0.000000 0.000000 0.000000 0.000000 0.000000 0.000000 0.000000 1.328202 -3.453114 10.418143 0.132093 0.563240 12.277752 1.709128 0.404040 15.403722 0.255860 -0.691685 -19.990013 0.000000 0.000000 0.000000 0.000000 0.000000 0.000000 0.000000 0.000000 0.000000 
-0.632270 88.360199 3.828484 -0.060091 2.737163 -11.989580 1.356684 -0.002629 7.375801 0.839424 -0.204427 1.729292 -1.454379 0.265067 5.486904 -1.026767 0.106351 5.194758 1.316584 -0.625470 2.971751 0.282720 0.343532 -4.070053 -0.162283 -1.211429 -20.120140 0.000000 0.000000 0.000000 87.956421 -0.175519 9.632903 55.920895 -10.112071 6.414992 -1.252408 14.609374 99.966042 18.031023 30.039513 8.373427 8.227929 -1.575979 41.026699 -0.000005 0.000010 -19.867012 0.000007 0.000052 -13.801828 0.000004 -0.000001 -0.000011 -0.271427 0.103429 0.462222 1.560067 -0.077037 0.188830 1.430070 -0.061253 0.144393 -0.000014 0.000023 -0.000007 0.443819 0.008120 -3.930860 1.420728 -0.051937 0.076302 1.494407 -0.028144 0.079723 -0.000011 0.000061 0.000004 3.799142 0.001932 -10.200990 2.658282 0.098865 -0.194146 2.781342 0.057704 -0.136114 0.000008 0.000144 -0.000008 6.409659 0.030033 -17.691841 4.314784 0.277155 -0.527590 4.156476 0.143709 -0.492461 -0.000034 0.000012 -0.000018 0.000000 0.000000 0.000000 0.000000 0.000000 0.000000 -85.117188 -0.162417 3.670799 -72.895134 0.804278 -11.708603 -0.340660 -16.362913 102.374397 -57.805008 -54.454903 34.556637 -6.463497 1.253827 41.796803 0.000001 0.000019 -15.856892 0.000056 -0.000017 -11.129449 0.001044 0.000016 0.000191 5.942441 0.062567 1.962441 -0.187760 -0.072905 -0.100422 -0.430187 -0.047578 -0.077846 0.000018 -0.000235 -0.000006 3.226324 0.018342 -3.403720 -0.835224 -0.039939 -0.055724 -0.618623 -0.014250 -0.055331 -0.000811 0.000000 0.000069 -5.065071 -0.004945 -11.402910 -3.924559 0.078712 0.070803 -3.413380 0.025295 0.057838 -0.001636 0.000014 0.000005 -12.039702 0.006291 -20.224976 -7.940568 0.157724 0.300534 -7.765475 0.078953 0.214588 -0.000453 0.000004 -0.000052 0.000000 0.000000 0.000000 0.000000 0.000000 0.000000 -3.076674 -10.871469 17.713417 -0.108956 -0.781024 5.411602 -0.398432 -6.835856 16.004536 -1.093201 1.064626 -17.173292 0.000000 0.000000 0.000000 0.000000 0.000000 0.000000 0.000000 0.000000 0.000000 1.280205 -3.557424 10.341458 0.131591 0.561017 12.313113 1.743744 0.323340 15.444152 0.249309 -0.695667 -20.010880 0.000000 0.000000 0.000000 0.000000 0.000000 0.000000 0.000000 0.000000 0.000000 
-0.648349 88.370392 3.823553 -0.029959 3.009634 -11.994892 1.370653 0.015818 7.385248 0.882220 -0.187531 1.710823 -1.514871 0.435842 5.534525 -1.046059 0.165214 5.205960 1.343876 -0.773304 2.982579 0.297444 0.198569 -4.054076 -0.097034 -1.210891 -20.103626 0.000000 0.000000 0.000000 87.955544 -0.173497 9.722028 56.189598 -9.930140 6.264145 -1.192066 14.753943 98.119667 17.989944 30.946882 7.667350 8.130614 -1.562801 41.070534 -0.000005 0.000010 -19.645786 0.000007 0.000052 -13.644419 0.000004 -0.000000 -0.000011 -0.723131 0.103418 0.566640 1.409390 -0.076003 0.187101 1.280425 -0.060152 0.143125 -0.000014 0.000023 -0.000007 -0.025802 0.008041 -3.863945 1.272170 -0.051408 0.074947 1.344586 -0.027582 0.078336 -0.000010 0.000065 0.000004 3.246352 0.002124 -10.163938 2.482745 0.098215 -0.194668 2.608039 0.057120 -0.136127 0.000007 0.000181 -0.000008 5.883799 0.028855 -17.681143 4.139459 0.277170 -0.526762 3.984722 0.143230 -0.491323 -0.000032 0.000012 -0.000018 0.000000 0.000000 0.000000 0.000000 0.000000 0.000000 -85.098061 -0.167083 3.641579 -72.593681 1.209736 -11.511766 -0.276058 -16.221075 103.399544 -58.153076 -53.444191 34.778698 -6.374229 1.241033 41.837978 0.000001 0.000018 -15.641867 0.000057 -0.000017 -10.986380 0.001070 0.000016 0.000194 6.340587 0.064118 2.181118 -0.081812 -0.073059 -0.103692 -0.323919 -0.048124 -0.079653 0.000017 -0.000259 -0.000007 3.640635 0.018559 -3.290825 -0.730212 -0.039630 -0.056383 -0.506419 -0.014217 -0.055347 -0.000750 -0.000000 0.000075 -4.538767 -0.004247 -11.432643 -3.799732 0.079215 0.072747 -3.290700 0.025454 0.058928 -0.001626 0.000014 0.000005 -11.481877 0.008220 -20.381802 -7.808304 0.161108 0.310702 -7.631031 0.081109 0.221297 -0.000497 0.000004 -0.000052 0.000000 0.000000 0.000000 0.000000 0.000000 0.000000 -3.145388 -10.950409 17.811371 -0.109310 -0.781082 5.335328 -0.380069 -6.905516 16.001429 -1.098777 1.063138 -17.167660 0.000000 0.000000 0.000000 0.000000 0.000000 0.000000 0.000000 0.000000 0.000000 1.224757 -3.672934 10.270444 0.131096 0.559860 12.340794 1.780106 0.220677 15.486737 0.242837 -0.700617 -20.033110 0.000000 0.000000 0.000000 0.000000 0.000000 0.000000 0.000000 0.000000 0.000000 
-0.666036 88.378685 3.817731 0.002409 3.307815 -12.006547 1.381970 0.034752 7.397213 0.920260 -0.168970 1.693334 -1.572157 0.601988 5.589251 -1.064881 0.221759 5.211296 1.377209 -0.924169 3.018133 0.310243 0.051925 -4.029052 -0.029631 -1.208347 -20.093788 0.000000 0.000000 0.000000 87.967415 -0.172751 9.809262 56.436684 -9.749902 6.121566 -1.131524 14.920580 96.252151 17.861025 31.803783 6.953053 8.034445 -1.549393 41.114399 -0.000006 0.000009 -19.426464 0.000007 0.000053 -13.488765 0.000004 -0.000000 -0.000011 -1.174696 0.103253 0.681628 1.269168 -0.074475 0.185186 1.141447 -0.058635 0.141637 -0.000014 0.000023 -0.000007 -0.502494 0.008057 -3.789350 1.133965 -0.050658 0.073258 1.206078 -0.026829 0.076629 -0.000010 0.000069 0.000004 2.681571 0.002223 -10.118811 2.316798 0.097100 -0.194173 2.444174 0.056171 -0.135442 0.000007 0.000223 -0.000007 5.346277 0.027754 -17.660492 3.969730 0.275913 -0.522649 3.819694 0.141558 -0.487415 -0.000031 0.000012 -0.000017 0.000000 0.000000 0.000000 0.000000 0.000000 0.000000 -85.080437 -0.175936 3.620785 -72.267365 1.537610 -11.226813 -0.210392 -16.104774 104.411179 -58.281666 -52.429523 34.891388 -6.282329 1.227690 41.880894 0.000002 0.000018 -15.420076 0.000058 -0.000017 -10.837344 0.001100 0.000016 0.000209 6.765877 0.065615 2.439274 0.007636 -0.072724 -0.106017 -0.233979 -0.048163 -0.080719 0.000016 -0.000284 -0.000007 4.077501 0.018847 -3.144654 -0.641732 -0.039157 -0.056523 -0.410545 -0.014025 -0.054939 -0.000685 -0.000000 0.000081 -3.988336 -0.003606 -11.431899 -3.685994 0.079386 0.073837 -3.179590 0.025338 0.059383 -0.001617 0.000014 0.000005 -10.899818 0.010267 -20.510035 -7.679702 0.163513 0.317886 -7.501614 0.082372 0.225904 -0.000539 0.000004 -0.000052 0.000000 0.000000 0.000000 0.000000 0.000000 0.000000 -3.216768 -11.032280 17.913206 -0.109562 -0.780425 5.268252 -0.361009 -6.989346 15.988514 -1.104113 1.060948 -17.163059 0.000000 0.000000 0.000000 0.000000 0.000000 0.000000 0.000000 0.000000 0.000000 1.164909 -3.798658 10.206629 0.130611 0.559718 12.359967 1.818346 0.092863 15.530488 0.236383 -0.706076 -20.056122 0.000000 0.000000 0.000000 0.000000 0.000000 0.000000 0.000000 0.000000 0.000000 
-0.685786 88.384872 3.811048 0.036149 3.626253 -12.024303 1.390424 0.053627 7.410803 0.953596 -0.149733 1.675871 -1.623462 0.760147 5.650288 -1.082250 0.274887 5.213028 1.412856 -1.074075 3.080905 0.320645 -0.093105 -3.993045 0.038513 -1.203494 -20.094051 0.000000 0.000000 0.000000 87.991837 -0.173576 9.891654 56.672367 -9.568955 5.980186 -1.072393 15.104578 94.417839 17.676695 32.611355 6.262149 7.941319 -1.536136 41.157162 -0.000006 0.000009 -19.214138 0.000007 0.000053 -13.338500 0.000004 -0.000000 -0.000011 -1.618220 0.102962 0.806272 1.138983 -0.072668 0.183731 1.013240 -0.056940 0.140522 -0.000014 0.000023 -0.000007 -0.975963 0.008192 -3.707828 1.006419 -0.049773 0.071502 1.079013 -0.025954 0.074820 -0.000009 0.000075 0.000004 2.119894 0.002229 -10.066493 2.163259 0.095685 -0.192874 2.292662 0.054959 -0.134200 0.000006 0.000271 -0.000007 4.813634 0.026755 -17.630875 3.810419 0.273722 -0.515657 3.666021 0.138958 -0.480951 -0.000028 0.000012 -0.000016 0.000000 0.000000 0.000000 0.000000 0.000000 0.000000 -85.065727 -0.188966 3.608207 -71.926071 1.770025 -10.858226 -0.144387 -16.016937 105.383270 -58.214130 -51.413029 34.918640 -6.189631 1.214103 41.924706 0.000003 0.000018 -15.195490 0.000059 -0.000017 -10.685134 0.001135 0.000016 0.000230 7.208779 0.067073 2.730845 0.078470 -0.072057 -0.107881 -0.162409 -0.047862 -0.081399 0.000015 -0.000308 -0.000007 4.527562 0.019196 -2.968428 -0.571778 -0.038581 -0.056322 -0.332917 -0.013722 -0.054271 -0.000618 -0.000000 0.000086 -3.424951 -0.003037 -11.399985 -3.586362 0.079297 0.074280 -3.082858 0.025010 0.059362 -0.001605 0.000014 0.000005 -10.303866 0.012424 -20.606344 -7.557989 0.165078 0.322686 -7.380136 0.082908 0.228840 -0.000575 0.000004 -0.000052 0.000000 0.000000 0.000000 0.000000 0.000000 0.000000 -3.287679 -11.116537 18.017971 -0.109660 -0.778937 5.211633 -0.342422 -7.087972 15.966308 -1.109166 1.058007 -17.159389 0.000000 0.000000 0.000000 0.000000 0.000000 0.000000 0.000000 0.000000 0.000000 1.102188 -3.933547 10.152034 0.130066 0.560409 12.368965 1.858050 -0.059799 15.576145 0.229925 -0.711783 -20.079489 0.000000 0.000000 0.000000 0.000000 0.000000 0.000000 0.000000 0.000000 0.000000 
-0.707747 88.388809 3.803694 0.071194 3.958665 -12.047471 1.395189 0.071700 7.425477 0.981847 -0.130831 1.656565 -1.668383 0.906789 5.717824 -1.096606 0.323085 5.213073 1.448481 -1.220744 3.171460 0.328342 -0.234064 -3.945512 0.106261 -1.196159 -20.106991 0.000000 0.000000 0.000000 88.030823 -0.176825 9.965991 56.903728 -9.385712 5.837216 -1.015821 15.303214 92.651505 17.481249 33.375927 5.629225 7.853435 -1.523358 41.197670 -0.000007 0.000009 -19.013918 0.000007 0.000054 -13.197249 0.000003 0.000000 -0.000011 -2.042348 0.102652 0.939437 1.019098 -0.070688 0.183332 0.896362 -0.055184 0.140298 -0.000014 0.000023 -0.000007 -1.433138 0.008488 -3.619330 0.890507 -0.048801 0.069924 0.964043 -0.024999 0.073108 -0.000009 0.000080 0.000003 1.578893 0.002115 -10.005205 2.024589 0.094082 -0.191004 2.156029 0.053556 -0.132552 0.000006 0.000324 -0.000006 4.304929 0.025832 -17.589136 3.665293 0.270818 -0.506319 3.527469 0.135574 -0.472245 -0.000025 0.000012 -0.000015 0.000000 0.000000 0.000000 0.000000 0.000000 0.000000 -85.055122 -0.205654 3.601838 -71.579834 1.896135 -10.415711 -0.079380 -15.960217 106.291672 -57.962982 -50.393490 34.870338 -6.099940 1.200777 41.967800 0.000003 0.000017 -14.976099 0.000061 -0.000017 -10.535525 0.001172 0.000016 0.000257 7.650745 0.068557 3.047516 0.125372 -0.071105 -0.109418 -0.114171 -0.047257 -0.081765 0.000014 -0.000332 -0.000007 4.972255 0.019629 -2.766828 -0.525542 -0.037922 -0.055853 -0.278485 -0.013325 -0.053423 -0.000549 -0.000001 0.000091 -2.868880 -0.002570 -11.336103 -3.507039 0.078968 0.074162 -3.006441 0.024485 0.058928 -0.001592 0.000014 0.000005 -9.712114 0.014600 -20.665281 -7.448794 0.165802 0.325335 -7.271918 0.082746 0.230257 -0.000601 0.000004 -0.000052 0.000000 0.000000 0.000000 0.000000 0.000000 0.000000 -3.356809 -11.201894 18.124401 -0.109617 -0.776662 5.166240 -0.324710 -7.201687 15.935682 -1.113913 1.054302 -17.156761 0.000000 0.000000 0.000000 0.000000 0.000000 0.000000 0.000000 0.000000 0.000000 1.037072 -4.076724 10.107752 0.129420 0.561725 12.367033 1.898482 -0.236176 15.624623 0.223498 -0.717617 -20.103817 0.000000 0.000000 0.000000 0.000000 0.000000 0.000000 0.000000 0.000000 0.000000 
-0.731683 88.389763 3.795969 0.107203 4.298006 -12.074549 1.394265 0.087996 7.442079 1.004303 -0.113412 1.634139 -1.709140 1.036150 5.791575 -1.105439 0.363937 5.210714 1.483881 -1.360514 3.283265 0.333631 -0.366025 -3.890565 0.171174 -1.186837 -20.130362 0.000000 0.000000 0.000000 88.091187 -0.183864 10.027408 57.127136 -9.211054 5.699608 -0.961483 15.510500 90.980476 17.293451 34.091213 5.077085 7.773630 -1.511245 41.235016 -0.000007 0.000008 -18.830576 0.000007 0.000055 -13.068702 0.000003 0.000000 -0.000011 -2.436652 0.102450 1.072672 0.912062 -0.068370 0.183746 0.792793 -0.053167 0.140747 -0.000015 0.000023 -0.000007 -1.862595 0.008952 -3.528021 0.788756 -0.047699 0.068531 0.863311 -0.023936 0.071503 -0.000008 0.000087 0.000003 1.073603 0.001845 -9.933387 1.902421 0.092281 -0.188787 2.035710 0.051975 -0.130667 0.000005 0.000381 -0.000005 3.837257 0.024893 -17.530235 3.535704 0.267127 -0.495749 3.405630 0.131335 -0.462151 -0.000023 0.000012 -0.000014 0.000000 0.000000 0.000000 0.000000 0.000000 0.000000 -85.051208 -0.224856 3.596903 -71.239342 1.919046 -9.919515 -0.017491 -15.933366 107.112366 -57.512131 -49.392361 34.734596 -6.021006 1.188800 42.006832 0.000004 0.000017 -14.779598 0.000063 -0.000017 -10.401017 0.001209 0.000015 0.000297 8.057193 0.070117 3.371970 0.142014 -0.069715 -0.109998 -0.095061 -0.046158 -0.081336 0.000013 -0.000354 -0.000007 5.376750 0.020182 -2.550477 -0.509171 -0.037142 -0.054939 -0.253618 -0.012793 -0.052279 -0.000475 -0.000001 0.000095 -2.359179 -0.002187 -11.240676 -3.456291 0.078328 0.073266 -2.958790 0.023709 0.057947 -0.001581 0.000014 0.000004 -9.162530 0.016683 -20.677591 -7.361163 0.165460 0.325126 -7.186158 0.081634 0.229564 -0.000618 0.000004 -0.000051 0.000000 0.000000 0.000000 0.000000 0.000000 0.000000 -3.424388 -11.286534 18.228600 -0.109511 -0.773946 5.134550 -0.306489 -7.329137 15.896191 -1.118192 1.049948 -17.156429 0.000000 0.000000 0.000000 0.000000 0.000000 0.000000 0.000000 0.000000 0.000000 0.970613 -4.226483 10.072367 0.128773 0.563699 12.357248 1.938313 -0.435555 15.673335 0.217223 -0.723552 -20.130293 0.000000 0.000000 0.000000 0.000000 0.000000 0.000000 0.000000 0.000000 0.000000 
-0.757452 88.387451 3.788203 0.143774 4.636611 -12.104998 1.387263 0.102251 7.460288 1.021192 -0.097988 1.608869 -1.745453 1.145617 5.869876 -1.108001 0.396422 5.206983 1.517347 -1.489793 3.408943 0.337505 -0.484949 -3.832524 0.230911 -1.176556 -20.161392 0.000000 0.000000 0.000000 88.174561 -0.194435 10.074752 57.343876 -9.045736 5.570336 -0.909640 15.719656 89.446518 17.122873 34.757999 4.625340 7.702981 -1.500009 41.268616 -0.000008 0.000008 -18.666519 0.000007 0.000055 -12.954717 0.000003 0.000000 -0.000010 -2.796887 0.102389 1.196468 0.817524 -0.065830 0.185044 0.701821 -0.050988 0.142009 -0.000015 0.000023 -0.000007 -2.257248 0.009544 -3.440604 0.700712 -0.046537 0.067471 0.776206 -0.022826 0.070154 -0.000008 0.000094 0.000003 0.615251 0.001471 -9.855345 1.797179 0.090436 -0.186622 1.931850 0.050348 -0.128865 0.000005 0.000441 -0.000005 3.423491 0.024056 -17.457397 3.423116 0.263019 -0.485267 3.301778 0.126612 -0.451734 -0.000019 0.000012 -0.000013 0.000000 0.000000 0.000000 0.000000 0.000000 0.000000 -85.056725 -0.245269 3.591008 -70.912300 1.839913 -9.385778 0.039741 -15.932237 107.830132 -56.885944 -48.428791 34.532108 -5.955381 1.178748 42.040348 0.000005 0.000017 -14.613009 0.000064 -0.000018 -10.286545 0.001245 0.000015 0.000346 8.413782 0.071701 3.693694 0.134903 -0.068041 -0.110172 -0.098525 -0.044729 -0.080654 0.000012 -0.000375 -0.000007 5.727677 0.020816 -2.327262 -0.515814 -0.036312 -0.053830 -0.251813 -0.012179 -0.051075 -0.000397 -0.000001 0.000099 -1.910973 -0.001833 -11.117902 -3.428131 0.077485 0.071925 -2.934274 0.022764 0.056694 -0.001570 0.000013 0.000004 -8.669586 0.018744 -20.644417 -7.291459 0.164286 0.322962 -7.119474 0.079756 0.227468 -0.000624 0.000004 -0.000051 0.000000 0.000000 0.000000 0.000000 0.000000 0.000000 -3.489584 -11.371017 18.327814 -0.109374 -0.770996 5.118927 -0.288127 -7.467058 15.847135 -1.121885 1.045009 -17.158360 0.000000 0.000000 0.000000 0.000000 0.000000 0.000000 0.000000 0.000000 0.000000 0.904209 -4.380556 10.046502 0.128185 0.566415 12.340676 1.976792 -0.653183 15.719874 0.211261 -0.729385 -20.157990 0.000000 0.000000 0.000000 0.000000 0.000000 0.000000 0.000000 0.000000 0.000000 
-0.784952 88.382050 3.780797 0.181073 4.966292 -12.138707 1.374514 0.114303 7.479318 1.033321 -0.085019 1.580844 -1.775913 1.234533 5.950374 -1.105008 0.420267 5.204048 1.546437 -1.606454 3.542739 0.340633 -0.589254 -3.773889 0.284295 -1.166061 -20.198875 0.000000 0.000000 0.000000 88.278061 -0.207657 10.108594 57.560474 -8.888072 5.446896 -0.861780 15.926158 88.084946 16.982513 35.384937 4.288351 7.642347 -1.489874 41.297852 -0.000008 0.000007 -18.524803 0.000007 0.000056 -12.857377 0.000003 0.000000 -0.000010 -3.116592 0.102539 1.306860 0.735474 -0.063271 0.187567 0.623404 -0.048865 0.144464 -0.000015 0.000024 -0.000007 -2.607911 0.010241 -3.360244 0.626517 -0.045417 0.066963 0.702909 -0.021749 0.069264 -0.000008 0.000101 0.000003 0.216279 0.001032 -9.774844 1.710796 0.088707 -0.184862 1.846352 0.048806 -0.127426 0.000004 0.000502 -0.000004 3.076346 0.023447 -17.375444 3.331084 0.258854 -0.475862 3.219144 0.121783 -0.441869 -0.000013 0.000012 -0.000012 0.000000 0.000000 0.000000 0.000000 0.000000 0.000000 -85.072350 -0.265932 3.582935 -70.609901 1.654929 -8.828951 0.091110 -15.954300 108.440125 -56.127865 -47.516598 34.291439 -5.902438 1.170677 42.068344 0.000005 0.000017 -14.475510 0.000065 -0.000018 -10.191645 0.001278 0.000015 0.000396 8.719446 0.073303 4.009213 0.113358 -0.066290 -0.110667 -0.115588 -0.043194 -0.080405 0.000011 -0.000395 -0.000008 6.025484 0.021497 -2.100772 -0.536116 -0.035513 -0.052851 -0.263947 -0.011551 -0.050095 -0.000312 -0.000001 0.000101 -1.523570 -0.001498 -10.973072 -3.413384 0.076577 0.070559 -2.923693 0.021760 0.055491 -0.001560 0.000013 0.000004 -8.233142 0.020859 -20.572578 -7.232665 0.162588 0.320042 -7.064777 0.077399 0.224916 -0.000621 0.000004 -0.000050 0.000000 0.000000 0.000000 0.000000 0.000000 0.000000 -3.551847 -11.455420 18.421049 -0.109210 -0.767865 5.120121 -0.270966 -7.612472 15.789018 -1.125083 1.039599 -17.161825 0.000000 0.000000 0.000000 0.000000 0.000000 0.000000 0.000000 0.000000 0.000000 0.838421 -4.537040 10.031211 0.127639 0.569874 12.317597 2.013664 -0.882802 15.763103 0.205506 -0.734984 -20.185003 0.000000 0.000000 0.000000 0.000000 0.000000 0.000000 0.000000 0.000000 0.000000 
-0.814069 88.373779 3.774013 0.218677 5.278937 -12.175493 1.357258 0.123798 7.498888 1.040648 -0.074741 1.550676 -1.798420 1.302107 6.030439 -1.097407 0.435525 5.202313 1.570066 -1.709721 3.679420 0.343559 -0.678040 -3.716946 0.330527 -1.155875 -20.240946 0.000000 0.000000 0.000000 88.397804 -0.222231 10.130481 57.776192 -8.739461 5.330894 -0.818963 16.127209 86.929108 16.882822 35.980900 4.071661 7.592404 -1.480895 41.322399 -0.000008 0.000007 -18.407312 0.000007 0.000056 -12.777884 0.000003 0.000001 -0.000010 -3.391268 0.102979 1.400714 0.666656 -0.060776 0.191429 0.558114 -0.046895 0.148236 -0.000016 0.000024 -0.000007 -2.908909 0.011034 -3.289519 0.566978 -0.044395 0.067124 0.644198 -0.020755 0.068963 -0.000007 0.000108 0.000003 -0.116667 0.000545 -9.695571 1.644608 0.087171 -0.183808 1.780547 0.047423 -0.126589 0.000004 0.000556 -0.000004 2.802145 0.023130 -17.289398 3.261300 0.254856 -0.468626 3.159207 0.117092 -0.433592 -0.000006 0.000012 -0.000010 0.000000 0.000000 0.000000 0.000000 0.000000 0.000000 -85.097351 -0.285667 3.571050 -70.341980 1.363408 -8.266012 0.135195 -15.999109 108.939423 -55.281559 -46.682037 34.035480 -5.861208 1.164452 42.091118 0.000006 0.000017 -14.365120 0.000066 -0.000019 -10.115119 0.001308 0.000015 0.000441 8.977628 0.074923 4.313899 0.084101 -0.064558 -0.111898 -0.139887 -0.041659 -0.081031 0.000011 -0.000410 -0.000008 6.274436 0.022220 -1.875768 -0.563322 -0.034784 -0.052230 -0.283452 -0.010949 -0.049534 -0.000222 -0.000001 0.000103 -1.192829 -0.001182 -10.813138 -3.404679 0.075704 0.069488 -2.919647 0.020774 0.054588 -0.001552 0.000013 0.000004 -7.851048 0.023091 -20.470310 -7.179014 0.160582 0.317318 -7.016057 0.074756 0.222734 -0.000606 0.000004 -0.000050 0.000000 0.000000 0.000000 0.000000 0.000000 0.000000 -3.609605 -11.538508 18.506886 -0.109038 -0.764664 5.137743 -0.256375 -7.762474 15.723115 -1.127838 1.033980 -17.166273 0.000000 0.000000 0.000000 0.000000 0.000000 0.000000 0.000000 0.000000 0.000000 0.774761 -4.693016 10.027031 0.127146 0.574020 12.288579 2.048335 -1.117604 15.801821 0.199832 -0.740198 -20.209955 0.000000 0.000000 0.000000 0.000000 0.000000 0.000000 0.000000 0.000000 0.000000 
-0.844754 88.363014 3.768016 0.256199 5.566290 -12.213864 1.335916 0.130223 7.519119 1.043047 -0.067635 1.518081 -1.813342 1.347099 6.108554 -1.084916 0.441868 5.200878 1.588207 -1.796491 3.815353 0.346691 -0.748203 -3.662767 0.368870 -1.145915 -20.285780 0.000000 0.000000 0.000000 88.529999 -0.237486 10.141074 57.989601 -8.609317 5.227333 -0.782886 16.319506 85.991348 16.834782 36.556805 3.972768 7.553200 -1.472936 41.342377 -0.000009 0.000007 -18.314264 0.000007 0.000057 -12.716187 0.000003 0.000001 -0.000010 -3.618828 0.103702 1.479890 0.612093 -0.058306 0.196477 0.506956 -0.045017 0.153167 -0.000016 0.000024 -0.000007 -3.157820 0.011898 -3.226314 0.523433 -0.043470 0.067940 0.601250 -0.019847 0.069269 -0.000007 0.000115 0.000002 -0.380877 -0.000010 -9.615571 1.599254 0.085806 -0.183539 1.735171 0.046202 -0.126415 0.000004 0.000600 -0.000004 2.603575 0.022977 -17.198473 3.214442 0.250969 -0.463930 3.122540 0.112557 -0.427304 0.000001 0.000012 -0.000010 0.000000 0.000000 0.000000 0.000000 0.000000 0.000000 -85.129028 -0.303759 3.554810 -70.123260 0.976167 -7.718568 0.170346 -16.067362 109.320366 -54.391937 -45.969833 33.787006 -5.831429 1.159932 42.108635 0.000006 0.000017 -14.281514 0.000066 -0.000020 -10.056926 0.001332 0.000015 0.000482 9.189056 0.076593 4.601730 0.049258 -0.062896 -0.114063 -0.169392 -0.040158 -0.082755 0.000010 -0.000421 -0.000008 6.474302 0.022996 -1.656934 -0.595780 -0.034137 -0.052115 -0.308818 -0.010399 -0.049501 -0.000127 -0.000001 0.000103 -0.922817 -0.000914 -10.642028 -3.401249 0.074909 0.068999 -2.921128 0.019850 0.054191 -0.001547 0.000013 0.000004 -7.532115 0.025361 -20.341038 -7.131651 0.158371 0.315591 -6.974033 0.071947 0.221535 -0.000585 0.000004 -0.000050 0.000000 0.000000 0.000000 0.000000 0.000000 0.000000 -3.660971 -11.617662 18.582806 -0.108888 -0.761459 5.169805 -0.245243 -7.915135 15.651985 -1.130272 1.028484 -17.170986 0.000000 0.000000 0.000000 0.000000 0.000000 0.000000 0.000000 0.000000 0.000000 0.714741 -4.845059 10.031762 0.126732 0.578722 12.256511 2.078511 -1.349365 15.834917 0.194428 -0.745061 -20.231804 0.000000 0.000000 0.000000 0.000000 0.000000 0.000000 0.000000 0.000000 0.000000 
-0.876930 88.350533 3.763174 0.293490 5.821056 -12.253539 1.312304 0.133674 7.538740 1.039946 -0.063249 1.484526 -1.819261 1.370901 6.182166 -1.069366 0.440044 5.200848 1.599770 -1.865644 3.948150 0.349863 -0.799718 -3.612346 0.399067 -1.136308 -20.332800 0.000000 0.000000 0.000000 88.668427 -0.252269 10.142487 58.195210 -8.502191 5.140033 -0.754279 16.501312 85.284370 16.849913 37.121407 3.991025 7.524335 -1.466076 41.357712 -0.000009 0.000007 -18.245708 0.000007 0.000058 -12.671846 0.000003 0.000001 -0.000009 -3.793308 0.104783 1.545719 0.571803 -0.056025 0.202840 0.469869 -0.043408 0.159317 -0.000016 0.000024 -0.000007 -3.348040 0.012847 -3.169242 0.495699 -0.042698 0.069484 0.573905 -0.019083 0.070246 -0.000007 0.000122 0.000002 -0.568557 -0.000629 -9.535248 1.575089 0.084716 -0.184138 1.710392 0.045223 -0.126960 0.000004 0.000632 -0.000004 2.486566 0.022939 -17.103748 3.190985 0.247521 -0.462034 3.109272 0.108498 -0.423342 0.000008 0.000012 -0.000009 0.000000 0.000000 0.000000 0.000000 0.000000 0.000000 -85.165718 -0.319053 3.533082 -69.957085 0.506712 -7.199237 0.194667 -16.161491 109.577507 -53.505753 -45.409584 33.564697 -5.811696 1.156984 42.121281 0.000007 0.000017 -14.222224 0.000066 -0.000020 -10.015263 0.001352 0.000015 0.000513 9.355293 0.078313 4.867066 0.013222 -0.061448 -0.117358 -0.199971 -0.038843 -0.085761 0.000009 -0.000424 -0.000008 6.626967 0.023816 -1.449562 -0.629120 -0.033617 -0.052616 -0.335835 -0.009944 -0.050076 -0.000030 -0.000001 0.000103 -0.713933 -0.000751 -10.466537 -3.399137 0.074275 0.069281 -2.923892 0.019059 0.054434 -0.001546 0.000013 0.000004 -7.278905 0.027499 -20.192396 -7.087658 0.156214 0.315438 -6.935744 0.069232 0.221764 -0.000557 0.000004 -0.000049 0.000000 0.000000 0.000000 0.000000 0.000000 0.000000 -3.704717 -11.690617 18.647062 -0.108796 -0.758380 5.216259 -0.239033 -8.066247 15.577422 -1.132373 1.023192 -17.175701 0.000000 0.000000 0.000000 0.000000 0.000000 0.000000 0.000000 0.000000 0.000000 0.659222 -4.990582 10.046439 0.126402 0.583832 12.220853 2.103173 -1.570351 15.862936 0.189556 -0.749338 -20.249598 0.000000 0.000000 0.000000 0.000000 0.000000 0.000000 0.000000 0.000000 0.000000 
-0.910674 88.336777 3.759305 0.329451 6.036503 -12.292156 1.287246 0.133841 7.558105 1.031364 -0.061703 1.450238 -1.816167 1.372346 6.249659 -1.051255 0.429942 5.199913 1.604532 -1.913624 4.071290 0.353089 -0.830341 -3.567875 0.420268 -1.127178 -20.378359 0.000000 0.000000 0.000000 88.809555 -0.266445 10.134295 58.384018 -8.431345 5.074781 -0.733446 16.665993 84.805725 16.915817 37.675354 4.109178 7.506907 -1.460450 41.367943 -0.000009 0.000007 -18.204159 0.000007 0.000058 -12.646449 0.000003 0.000001 -0.000009 -3.907706 0.106240 1.598116 0.547388 -0.053814 0.209838 0.448175 -0.041908 0.166039 -0.000017 0.000024 -0.000007 -3.472677 0.013868 -3.117021 0.485086 -0.042025 0.071517 0.563487 -0.018434 0.071690 -0.000008 0.000129 0.000002 -0.672827 -0.001342 -9.451433 1.572950 0.083811 -0.185315 1.706916 0.044424 -0.128009 0.000004 0.000650 -0.000004 2.456083 0.022833 -17.000912 3.191337 0.244269 -0.462383 3.119801 0.104747 -0.421388 0.000014 0.000011 -0.000008 0.000000 0.000000 0.000000 0.000000 0.000000 0.000000 -85.204826 -0.331591 3.505668 -69.848831 -0.028963 -6.724570 0.207024 -16.280485 109.704437 -52.639282 -45.049847 33.368141 -5.802583 1.155688 42.128674 0.000007 0.000017 -14.189173 0.000066 -0.000021 -9.991408 0.001364 0.000015 0.000538 9.473804 0.080109 5.102694 -0.021454 -0.060151 -0.121169 -0.229149 -0.037635 -0.089541 0.000008 -0.000421 -0.000009 6.729358 0.024692 -1.258797 -0.661411 -0.033193 -0.053531 -0.362894 -0.009558 -0.051072 0.000069 -0.000001 0.000101 -0.573789 -0.000740 -10.290582 -3.398254 0.073763 0.070104 -2.927692 0.018382 0.055142 -0.001550 0.000013 0.000004 -7.103198 0.029308 -20.026962 -7.049119 0.154056 0.316152 -6.902957 0.066546 0.222815 -0.000529 0.000005 -0.000049 0.000000 0.000000 0.000000 0.000000 0.000000 0.000000 -3.738964 -11.753707 18.696321 -0.108767 -0.755483 5.275403 -0.237980 -8.212620 15.502311 -1.134088 1.018196 -17.181318 0.000000 0.000000 0.000000 0.000000 0.000000 0.000000 0.000000 0.000000 0.000000 0.610124 -5.126337 10.067770 0.126228 0.589265 12.184744 2.120673 -1.774956 15.885127 0.185364 -0.752992 -20.263149 0.000000 0.000000 0.000000 0.000000 0.000000 0.000000 0.000000 0.000000 0.000000 
-0.945789 88.322800 3.756994 0.363959 6.208308 -12.330431 1.262591 0.131127 7.576063 1.017366 -0.062452 1.415291 -1.804390 1.355016 6.310429 -1.032749 0.412732 5.199187 1.601375 -1.940097 4.186075 0.355736 -0.840985 -3.527439 0.432814 -1.118523 -20.422817 0.000000 0.000000 0.000000 88.947479 -0.279466 10.117822 58.555248 -8.395144 5.031044 -0.720881 16.810616 84.533943 17.037489 38.228725 4.318778 7.500883 -1.456281 41.372696 -0.000008 0.000007 -18.190979 0.000007 0.000058 -12.640664 0.000003 0.000001 -0.000009 -3.954047 0.108082 1.641525 0.537394 -0.051821 0.217669 0.440957 -0.040699 0.173446 -0.000017 0.000024 -0.000007 -3.523269 0.014985 -3.066609 0.490113 -0.041498 0.074072 0.568513 -0.017935 0.073620 -0.000008 0.000134 0.000002 -0.685873 -0.002133 -9.363053 1.592366 0.083145 -0.186970 1.724241 0.043842 -0.129463 0.000004 0.000657 -0.000004 2.517275 0.022576 -16.889061 3.215752 0.241367 -0.464417 3.153969 0.101450 -0.421028 0.000017 0.000011 -0.000008 0.000000 0.000000 0.000000 0.000000 0.000000 0.000000 -85.245384 -0.340817 3.473355 -69.801201 -0.619125 -6.298893 0.206868 -16.426659 109.691071 -51.833374 -44.910007 33.215176 -5.801688 1.155659 42.131748 0.000007 0.000017 -14.177079 0.000066 -0.000022 -9.981679 0.001373 0.000015 0.000553 9.550797 0.082012 5.309819 -0.052956 -0.059138 -0.125710 -0.255389 -0.036674 -0.094202 0.000008 -0.000409 -0.000009 6.787478 0.025604 -1.084224 -0.691156 -0.032898 -0.054913 -0.388377 -0.009275 -0.052518 0.000166 -0.000001 0.000099 -0.497351 -0.000961 -10.116220 -3.397947 0.073411 0.071530 -2.931495 0.017857 0.056323 -0.001560 0.000013 0.000004 -7.001257 0.030516 -19.849165 -7.015734 0.152010 0.317830 -6.875132 0.064044 0.224688 -0.000501 0.000005 -0.000049 0.000000 0.000000 0.000000 0.000000 0.000000 0.000000 -3.762941 -11.805697 18.732306 -0.108787 -0.752626 5.345471 -0.243285 -8.352057 15.427751 -1.135481 1.013401 -17.186302 0.000000 0.000000 0.000000 0.000000 0.000000 0.000000 0.000000 0.000000 0.000000 0.568159 -5.250932 10.097950 0.126189 0.594886 12.147049 2.130843 -1.957028 15.902874 0.182292 -0.755979 -20.271708 0.000000 0.000000 0.000000 0.000000 0.000000 0.000000 0.000000 0.000000 0.000000 
-0.981594 88.309853 3.757000 0.398451 6.334689 -12.370642 1.240720 0.126179 7.590269 0.998226 -0.064905 1.379857 -1.785505 1.326057 6.362421 -1.017120 0.390357 5.202564 1.592486 -1.951566 4.304055 0.357412 -0.836845 -3.484267 0.438900 -1.110241 -20.470560 0.000000 0.000000 0.000000 89.072975 -0.290621 10.095778 58.711620 -8.380260 5.001031 -0.716870 16.931808 84.434402 17.249786 38.795013 4.622555 7.506651 -1.453652 41.371632 -0.000008 0.000007 -18.208265 0.000007 0.000059 -12.655651 0.000003 0.000001 -0.000009 -3.920706 0.110376 1.684625 0.541438 -0.050110 0.226939 0.448912 -0.039925 0.181987 -0.000017 0.000024 -0.000007 -3.488538 0.016281 -3.012973 0.510771 -0.041130 0.077254 0.588789 -0.017583 0.076119 -0.000008 0.000139 0.000002 -0.599628 -0.002983 -9.270499 1.633588 0.082714 -0.189074 1.762890 0.043474 -0.131248 0.000004 0.000654 -0.000004 2.674999 0.022277 -16.770401 3.265067 0.238845 -0.467568 3.212253 0.098604 -0.421789 0.000020 0.000011 -0.000008 0.000000 0.000000 0.000000 0.000000 0.000000 0.000000 -85.286064 -0.346555 3.437887 -69.820129 -1.258935 -5.924160 0.194334 -16.602034 109.520844 -51.138775 -44.978481 33.118328 -5.806341 1.156193 42.131977 0.000007 0.000017 -14.178688 0.000065 -0.000023 -9.981406 0.001385 0.000015 0.000546 9.598107 0.084135 5.502206 -0.083461 -0.058446 -0.131130 -0.281094 -0.036002 -0.099732 0.000007 -0.000387 -0.000009 6.812601 0.026538 -0.917142 -0.720730 -0.032721 -0.056754 -0.413891 -0.009094 -0.054398 0.000255 -0.000000 0.000096 -0.470945 -0.001525 -9.942014 -3.399341 0.073178 0.073542 -2.936027 0.017471 0.057903 -0.001572 0.000013 0.000004 -6.958201 0.030940 -19.665560 -6.987015 0.149962 0.320450 -6.851550 0.061738 0.227314 -0.000473 0.000005 -0.000049 0.000000 0.000000 0.000000 0.000000 0.000000 0.000000 -3.777339 -11.846014 18.759590 -0.108898 -0.749742 5.425775 -0.256514 -8.483873 15.352834 -1.136667 1.008874 -17.187424 0.000000 0.000000 0.000000 0.000000 0.000000 0.000000 0.000000 0.000000 0.000000 0.531623 -5.366112 10.141845 0.126197 0.600365 12.103730 2.134588 -2.109674 15.919494 0.180713 -0.758303 -20.274620 0.000000 0.000000 0.000000 0.000000 0.000000 0.000000 0.000000 0.000000 0.000000 
-1.017917 88.298103 3.758677 0.431227 6.415051 -12.409989 1.222433 0.118142 7.601268 0.972860 -0.069237 1.342710 -1.760202 1.282805 6.404659 -1.003666 0.362000 5.207267 1.583353 -1.948068 4.428324 0.358759 -0.815914 -3.435197 0.438616 -1.102094 -20.518671 0.000000 0.000000 0.000000 89.183792 -0.300858 10.066241 58.844933 -8.400646 4.987504 -0.720370 17.026609 84.463303 17.544456 39.364647 4.988392 7.525092 -1.452775 41.364372 -0.000007 0.000008 -18.257023 0.000007 0.000059 -12.692200 0.000003 0.000001 -0.000009 -3.804029 0.113019 1.726675 0.560139 -0.048545 0.236536 0.472674 -0.039386 0.190555 -0.000017 0.000025 -0.000007 -3.366283 0.017744 -2.955283 0.548108 -0.040838 0.080552 0.624928 -0.017314 0.078728 -0.000008 0.000143 0.000002 -0.414744 -0.003917 -9.169226 1.696890 0.082369 -0.190859 1.823070 0.043178 -0.132792 0.000003 0.000640 -0.000004 2.925946 0.021817 -16.638191 3.338523 0.236304 -0.469769 3.294251 0.095826 -0.422118 0.000020 0.000011 -0.000008 0.000000 0.000000 0.000000 0.000000 0.000000 0.000000 -85.325050 -0.350123 3.401494 -69.910255 -1.928917 -5.609343 0.169251 -16.802448 109.160309 -50.509506 -45.298134 33.033001 -5.817920 1.157327 42.128841 0.000006 0.000018 -14.197033 0.000065 -0.000023 -9.992828 0.001400 0.000016 0.000523 9.613644 0.086536 5.679585 -0.116818 -0.057840 -0.135991 -0.309644 -0.035347 -0.104816 0.000007 -0.000357 -0.000009 6.801339 0.027521 -0.755206 -0.754793 -0.032553 -0.058482 -0.443818 -0.008920 -0.056169 0.000336 -0.000000 0.000091 -0.501202 -0.002461 -9.761922 -3.407905 0.072889 0.075298 -2.946739 0.017091 0.059249 -0.001591 0.000013 0.000004 -6.983342 0.030448 -19.467777 -6.968905 0.147513 0.321686 -6.837363 0.059256 0.228835 -0.000444 0.000005 -0.000049 0.000000 0.000000 0.000000 0.000000 0.000000 0.000000 -3.779295 -11.869741 18.776598 -0.109039 -0.746573 5.512279 -0.277546 -8.606572 15.280268 -1.137418 1.004700 -17.185274 0.000000 0.000000 0.000000 0.000000 0.000000 0.000000 0.000000 0.000000 0.000000 0.502786 -5.470947 10.194489 0.126393 0.605724 12.058550 2.130034 -2.231776 15.934021 0.180691 -0.760330 -20.272982 0.000000 0.000000 0.000000 0.000000 0.000000 0.000000 0.000000 0.000000 0.000000 
-1.054387 88.287445 3.762128 0.460637 6.451769 -12.449796 1.209503 0.107494 7.608621 0.941077 -0.074213 1.305354 -1.728461 1.225829 6.437721 -0.993313 0.328146 5.212483 1.573677 -1.930106 4.557416 0.358832 -0.779240 -3.382329 0.431514 -1.094665 -20.564056 0.000000 0.000000 0.000000 89.280083 -0.310416 10.030430 58.943779 -8.459927 4.998000 -0.727070 17.097792 84.580902 17.904015 39.926273 5.387198 7.555126 -1.453720 41.351273 -0.000007 0.000008 -18.334187 0.000007 0.000059 -12.748430 0.000003 0.000001 -0.000009 -3.612874 0.115975 1.758031 0.592449 -0.047102 0.245704 0.510354 -0.038990 0.198382 -0.000017 0.000025 -0.000007 -3.164832 0.019369 -2.900935 0.600374 -0.040552 0.083588 0.675300 -0.017077 0.081106 -0.000009 0.000145 0.000001 -0.137617 -0.004874 -9.064555 1.781431 0.081993 -0.191694 1.903571 0.042841 -0.133653 0.000003 0.000616 -0.000004 3.264505 0.021356 -16.496508 3.435343 0.233465 -0.468833 3.398894 0.092819 -0.420427 0.000018 0.000010 -0.000009 0.000000 0.000000 0.000000 0.000000 0.000000 0.000000 -85.366364 -0.351111 3.368853 -70.046341 -2.604341 -5.345294 0.130752 -17.023039 108.577667 -49.912777 -45.894001 32.928997 -5.837061 1.159183 42.122036 0.000006 0.000018 -14.234871 0.000064 -0.000024 -10.017884 0.001422 0.000016 0.000488 9.595353 0.089110 5.834101 -0.154325 -0.057201 -0.139451 -0.342112 -0.034595 -0.108737 0.000007 -0.000325 -0.000009 6.752614 0.028533 -0.603791 -0.794263 -0.032357 -0.059667 -0.479605 -0.008694 -0.057456 0.000408 -0.000000 0.000086 -0.590283 -0.003702 -9.577167 -3.425369 0.072430 0.076093 -2.966290 0.016619 0.059904 -0.001613 0.000013 0.000004 -7.079432 0.029073 -19.253048 -6.963881 0.144480 0.319503 -6.835244 0.056338 0.227800 -0.000414 0.000006 -0.000049 0.000000 0.000000 0.000000 0.000000 0.000000 0.000000 -3.767682 -11.873472 18.783422 -0.109099 -0.742983 5.606547 -0.306074 -8.715082 15.208243 -1.137006 1.000517 -17.180506 0.000000 0.000000 0.000000 0.000000 0.000000 0.000000 0.000000 0.000000 0.000000 0.483598 -5.565980 10.257453 0.126977 0.611375 12.011216 2.117265 -2.325387 15.944294 0.182593 -0.762255 -20.267159 0.000000 0.000000 0.000000 0.000000 0.000000 0.000000 0.000000 0.000000 0.000000 
-1.090114 88.277832 3.767230 0.484670 6.449252 -12.490334 1.202190 0.094047 7.612755 0.904539 -0.079741 1.267349 -1.693354 1.153936 6.464715 -0.985309 0.288426 5.216827 1.560982 -1.893441 4.687930 0.356887 -0.723950 -3.327473 0.416403 -1.088132 -20.601976 0.000000 0.000000 0.000000 89.365067 -0.319619 9.986821 59.008991 -8.560434 5.033631 -0.735337 17.145477 84.736717 18.287962 40.475582 5.775917 7.596751 -1.456864 41.332024 -0.000006 0.000009 -18.439810 0.000007 0.000059 -12.824585 0.000004 0.000000 -0.000009 -3.350121 0.118998 1.769680 0.637337 -0.045911 0.253724 0.560488 -0.038769 0.204735 -0.000017 0.000025 -0.000007 -2.886083 0.021075 -2.855793 0.666203 -0.040273 0.086043 0.738693 -0.016875 0.082955 -0.000009 0.000146 0.000001 0.229215 -0.005813 -8.956975 1.886410 0.081561 -0.191078 2.003703 0.042406 -0.133495 0.000003 0.000585 -0.000005 3.686999 0.020801 -16.342819 3.554873 0.230275 -0.463210 3.525610 0.089512 -0.415510 0.000015 0.000010 -0.000009 0.000000 0.000000 0.000000 0.000000 0.000000 0.000000 -85.412514 -0.349123 3.344812 -70.216949 -3.266136 -5.126174 0.078814 -17.256874 107.745117 -49.300236 -46.818027 32.779652 -5.863246 1.161731 42.111748 0.000006 0.000018 -14.291717 0.000063 -0.000025 -10.056293 0.001448 0.000017 0.000443 9.545684 0.091732 5.962264 -0.198058 -0.056560 -0.141246 -0.380419 -0.033777 -0.111176 0.000007 -0.000296 -0.000010 6.667747 0.029552 -0.462146 -0.841720 -0.032151 -0.060105 -0.524028 -0.008409 -0.058038 0.000466 0.000000 0.000081 -0.741422 -0.005195 -9.379764 -3.456624 0.071803 0.075586 -3.000291 0.016043 0.059624 -0.001641 0.000013 0.000004 -7.255053 0.026734 -19.008148 -6.979353 0.140952 0.312829 -6.851863 0.052963 0.223296 -0.000383 0.000006 -0.000049 0.000000 0.000000 0.000000 0.000000 0.000000 0.000000 -3.741815 -11.856318 18.781931 -0.108898 -0.738651 5.704983 -0.339942 -8.808104 15.137129 -1.135249 0.996241 -17.173090 0.000000 0.000000 0.000000 0.000000 0.000000 0.000000 0.000000 0.000000 0.000000 0.476989 -5.650371 10.329241 0.128087 0.617709 11.964341 2.095704 -2.394730 15.947010 0.186551 -0.764649 -20.257431 0.000000 0.000000 0.000000 0.000000 0.000000 0.000000 0.000000 0.000000 0.000000 
-1.124018 88.269173 3.773613 0.502549 6.413223 -12.532019 1.200364 0.078123 7.613660 0.864919 -0.085350 1.229403 -1.657596 1.067721 6.489176 -0.979047 0.243071 5.220461 1.543803 -1.833546 4.818033 0.352602 -0.647116 -3.272288 0.392149 -1.082527 -20.628351 0.000000 0.000000 0.000000 89.442482 -0.328431 9.933966 59.047085 -8.702369 5.089262 -0.744062 17.174482 84.883636 18.659609 41.004169 6.113154 7.649272 -1.462525 41.306519 -0.000005 0.000009 -18.572905 0.000007 0.000060 -12.919984 0.000004 0.000000 -0.000010 -3.021445 0.121891 1.755023 0.692204 -0.045185 0.260469 0.620106 -0.038846 0.209444 -0.000018 0.000025 -0.000007 -2.534222 0.022796 -2.824190 0.742555 -0.040035 0.087831 0.812301 -0.016744 0.084190 -0.000010 0.000146 0.000001 0.682338 -0.006699 -8.846476 2.009467 0.081107 -0.188794 2.121158 0.041852 -0.132193 0.000003 0.000551 -0.000005 4.190029 0.020100 -16.174530 3.695414 0.226786 -0.451950 3.672639 0.085927 -0.406600 0.000010 0.000010 -0.000009 0.000000 0.000000 0.000000 0.000000 0.000000 0.000000 -85.466171 -0.343207 3.332018 -70.408485 -3.892407 -4.941069 0.013820 -17.494978 106.640274 -48.614109 -48.087234 32.543755 -5.896307 1.165106 42.097855 0.000005 0.000019 -14.368282 0.000062 -0.000026 -10.108362 0.001477 0.000017 0.000391 9.460485 0.094291 6.059459 -0.252227 -0.056003 -0.141498 -0.428849 -0.032992 -0.112191 0.000006 -0.000276 -0.000010 6.543074 0.030547 -0.330688 -0.901540 -0.031980 -0.059759 -0.581570 -0.008086 -0.057859 0.000504 0.000000 0.000077 -0.959519 -0.006888 -9.162205 -3.507565 0.071066 0.073731 -3.055272 0.015386 0.058363 -0.001671 0.000013 0.000004 -7.516185 0.023344 -18.718548 -7.022012 0.137151 0.301526 -6.893357 0.049271 0.215128 -0.000349 0.000006 -0.000049 0.000000 0.000000 0.000000 0.000000 0.000000 0.000000 -3.702875 -11.818331 18.774548 -0.108285 -0.733424 5.804181 -0.376241 -8.883205 15.067134 -1.132022 0.991748 -17.163454 0.000000 0.000000 0.000000 0.000000 0.000000 0.000000 0.000000 0.000000 0.000000 0.483761 -5.723360 10.409571 0.129758 0.625033 11.917796 2.065056 -2.444371 15.940269 0.192681 -0.767979 -20.243946 0.000000 0.000000 0.000000 0.000000 0.000000 0.000000 0.000000 0.000000 0.000000 
-1.155423 88.261017 3.780548 0.514409 6.349134 -12.575254 1.203173 0.060671 7.611937 0.824588 -0.090663 1.192265 -1.623072 0.969424 6.517410 -0.973740 0.193180 5.223031 1.523986 -1.751341 4.944402 0.346569 -0.550065 -3.219461 0.358561 -1.078180 -20.640247 0.000000 0.000000 0.000000 89.516617 -0.336960 9.872166 59.063725 -8.870053 5.158085 -0.751958 17.189056 84.988327 19.008337 41.499161 6.382400 7.710829 -1.470531 41.275551 -0.000005 0.000010 -18.728996 0.000007 0.000060 -13.031748 0.000004 -0.000000 -0.000010 -2.640901 0.124568 1.712126 0.755485 -0.044867 0.266015 0.687064 -0.039097 0.212653 -0.000018 0.000025 -0.000008 -2.124531 0.024481 -2.809082 0.826899 -0.039798 0.088981 0.894027 -0.016657 0.084860 -0.000011 0.000145 0.000001 1.203804 -0.007493 -8.737301 2.146567 0.080563 -0.185002 2.252144 0.041117 -0.129883 0.000003 0.000516 -0.000006 4.757477 0.019381 -15.996840 3.853157 0.222797 -0.435384 3.835753 0.081921 -0.393929 0.000006 0.000010 -0.000009 0.000000 0.000000 0.000000 0.000000 0.000000 0.000000 -85.530266 -0.333239 3.330916 -70.604286 -4.465891 -4.781668 -0.063043 -17.723186 105.266716 -47.836868 -49.622059 32.182384 -5.935982 1.169497 42.080563 0.000005 0.000019 -14.463621 0.000060 -0.000026 -10.173239 0.001504 0.000018 0.000333 9.337547 0.096709 6.119626 -0.317776 -0.055532 -0.140727 -0.488668 -0.032257 -0.112286 0.000007 -0.000266 -0.000010 6.380851 0.031479 -0.216728 -0.974176 -0.031857 -0.058787 -0.652822 -0.007741 -0.057083 0.000520 0.000000 0.000074 -1.232521 -0.008675 -8.932405 -3.577435 0.070254 0.070852 -3.131126 0.014677 0.056370 -0.001705 0.000013 0.000004 -7.842962 0.019150 -18.390528 -7.089553 0.133282 0.286750 -6.957446 0.045387 0.204145 -0.000312 0.000006 -0.000050 0.000000 0.000000 0.000000 0.000000 0.000000 0.000000 -3.653832 -11.761914 18.764021 -0.107263 -0.727616 5.901268 -0.412266 -8.937277 14.998275 -1.127259 0.987072 -17.152775 0.000000 0.000000 0.000000 0.000000 0.000000 0.000000 0.000000 0.000000 0.000000 0.502617 -5.785153 10.499410 0.131901 0.633423 11.868840 2.026006 -2.479923 15.922396 0.200758 -0.772381 -20.226702 0.000000 0.000000 0.000000 0.000000 0.000000 0.000000 0.000000 0.000000 0.000000 
-1.183812 88.253006 3.787288 0.520687 6.262068 -12.619936 1.209299 0.042459 7.609255 0.786390 -0.096121 1.155733 -1.592962 0.863189 6.556204 -0.968516 0.140378 5.224141 1.506214 -1.650516 5.066938 0.340247 -0.435754 -3.168968 0.316793 -1.075152 -20.637663 0.000000 0.000000 0.000000 89.587341 -0.345637 9.801592 59.077938 -9.040146 5.229554 -0.759980 17.194019 85.025627 19.329386 41.963509 6.582251 7.777730 -1.480301 41.240993 -0.000004 0.000011 -18.899216 0.000007 0.000060 -13.153868 0.000005 -0.000000 -0.000010 -2.228467 0.126907 1.646422 0.825395 -0.044884 0.270582 0.759478 -0.039434 0.214726 -0.000018 0.000026 -0.000008 -1.680452 0.026067 -2.808875 0.916697 -0.039551 0.089644 0.981495 -0.016604 0.085117 -0.000012 0.000144 0.000001 1.763228 -0.008160 -8.632810 2.292074 0.079922 -0.180192 2.391518 0.040217 -0.126922 0.000003 0.000481 -0.000006 5.359908 0.018753 -15.816442 4.022405 0.218337 -0.415250 4.008710 0.077597 -0.378860 0.000003 0.000009 -0.000009 0.000000 0.000000 0.000000 0.000000 0.000000 0.000000 -85.605392 -0.320265 3.338330 -70.804047 -4.973391 -4.650632 -0.149763 -17.928596 103.665054 -46.998402 -51.293339 31.687967 -5.979923 1.174767 42.061035 0.000004 0.000019 -14.570131 0.000058 -0.000027 -10.245522 0.001526 0.000018 0.000275 9.183571 0.098920 6.138684 -0.390706 -0.055233 -0.140027 -0.556271 -0.031676 -0.112421 0.000007 -0.000263 -0.000010 6.194196 0.032296 -0.129106 -1.054609 -0.031811 -0.057648 -0.732752 -0.007423 -0.056123 0.000518 0.000000 0.000070 -1.531609 -0.010439 -8.706846 -3.658509 0.069463 0.067738 -3.219925 0.014011 0.054212 -0.001739 0.000013 0.000004 -8.197096 0.014469 -18.045851 -7.172200 0.129704 0.271191 -7.034487 0.041643 0.192361 -0.000272 0.000007 -0.000050 0.000000 0.000000 0.000000 0.000000 0.000000 0.000000 -3.597898 -11.691237 18.753958 -0.105906 -0.721609 5.991446 -0.446951 -8.969245 14.932005 -1.121270 0.982589 -17.141462 0.000000 0.000000 0.000000 0.000000 0.000000 0.000000 0.000000 0.000000 0.000000 0.530978 -5.836322 10.597780 0.134326 0.642632 11.817499 1.979843 -2.505042 15.891782 0.210260 -0.777801 -20.205824 0.000000 0.000000 0.000000 0.000000 0.000000 0.000000 0.000000 0.000000 0.000000 
-1.208750 88.244774 3.793549 0.522519 6.157108 -12.666375 1.217627 0.024302 7.606828 0.752157 -0.102123 1.120427 -1.570087 0.754561 6.610041 -0.963030 0.086460 5.224221 1.494579 -1.536710 5.184758 0.334963 -0.308873 -3.121310 0.269157 -1.073175 -20.622381 0.000000 0.000000 0.000000 89.651733 -0.354966 9.725217 59.113312 -9.195841 5.292976 -0.769195 17.201069 84.984329 19.628593 42.412296 6.722046 7.844994 -1.490885 41.205498 -0.000003 0.000012 -19.071476 0.000008 0.000060 -13.277969 0.000005 -0.000001 -0.000011 -1.809794 0.128835 1.564434 0.899693 -0.045166 0.274507 0.835108 -0.039821 0.216164 -0.000018 0.000026 -0.000009 -1.230359 0.027502 -2.820559 1.009338 -0.039296 0.090046 1.071978 -0.016586 0.085151 -0.000012 0.000141 0.000000 2.326979 -0.008653 -8.536412 2.440469 0.079216 -0.174946 2.534091 0.039211 -0.123726 0.000002 0.000450 -0.000006 5.965292 0.018409 -15.641448 4.197453 0.213603 -0.393613 4.185276 0.073186 -0.362980 0.000002 0.000009 -0.000009 0.000000 0.000000 0.000000 0.000000 0.000000 0.000000 -85.691101 -0.305171 3.351096 -71.010284 -5.400190 -4.553935 -0.243994 -18.105038 101.899124 -46.143864 -52.982948 31.075317 -6.024904 1.180483 42.040901 0.000004 0.000020 -14.678184 0.000056 -0.000027 -10.318629 0.001543 0.000018 0.000228 9.009495 0.100847 6.113657 -0.466336 -0.055178 -0.140244 -0.627281 -0.031330 -0.113316 0.000007 -0.000266 -0.000010 5.999670 0.032935 -0.075375 -1.136838 -0.031864 -0.056759 -0.815419 -0.007183 -0.055347 0.000501 0.000000 0.000067 -1.825643 -0.012076 -8.502130 -3.741474 0.068756 0.065068 -3.311781 0.013470 0.052376 -0.001769 0.000013 0.000004 -8.539391 0.009617 -17.708565 -7.258189 0.126685 0.257219 -7.113420 0.038343 0.181660 -0.000231 0.000007 -0.000050 0.000000 0.000000 0.000000 0.000000 0.000000 0.000000 -3.538585 -11.610009 18.747711 -0.104344 -0.715831 6.071373 -0.480059 -8.979987 14.869410 -1.114476 0.978721 -17.129253 0.000000 0.000000 0.000000 0.000000 0.000000 0.000000 0.000000 0.000000 0.000000 0.564100 -5.878772 10.703128 0.136835 0.652264 11.765024 1.929558 -2.521019 15.848678 0.220659 -0.783933 -20.181896 0.000000 0.000000 0.000000 0.000000 0.000000 0.000000 0.000000 0.000000 0.000000 
-1.230266 88.235909 3.799321 0.520509 6.038671 -12.714393 1.227221 0.007080 7.605682 0.722372 -0.108596 1.087695 -1.554735 0.647492 6.680274 -0.956619 0.033007 5.222996 1.489592 -1.415804 5.288410 0.331175 -0.175515 -3.080901 0.218186 -1.071793 -20.594507 0.000000 0.000000 0.000000 89.709114 -0.365460 9.649227 59.183949 -9.335660 5.342320 -0.778996 17.222023 84.867157 19.915310 42.858044 6.815301 7.908931 -1.501411 41.171227 -0.000003 0.000013 -19.236532 0.000008 0.000060 -13.397465 0.000005 -0.000001 -0.000011 -1.405342 0.130348 1.469478 0.977845 -0.045637 0.278098 0.913152 -0.040228 0.217413 -0.000018 0.000027 -0.000009 -0.796358 0.028743 -2.841977 1.103778 -0.039040 0.090394 1.164424 -0.016602 0.085132 -0.000013 0.000138 0.000000 2.870271 -0.008947 -8.450240 2.588314 0.078484 -0.169781 2.676600 0.038167 -0.120666 0.000002 0.000424 -0.000006 6.550053 0.018535 -15.477573 4.373711 0.208844 -0.372358 4.360703 0.068912 -0.347667 0.000003 0.000009 -0.000009 0.000000 0.000000 0.000000 0.000000 0.000000 0.000000 -85.785400 -0.288575 3.368656 -71.219803 -5.731887 -4.497186 -0.342452 -18.251053 100.038803 -45.300163 -54.608463 30.357857 -6.069278 1.186365 42.021008 0.000003 0.000020 -14.782998 0.000053 -0.000027 -10.389493 0.001550 0.000018 0.000198 8.821023 0.102419 6.038637 -0.541559 -0.055357 -0.141670 -0.698675 -0.031226 -0.115217 0.000007 -0.000275 -0.000010 5.805938 0.033376 -0.063733 -1.216777 -0.032014 -0.056324 -0.896884 -0.007042 -0.054952 0.000475 0.000000 0.000063 -2.097301 -0.013478 -8.333489 -3.819847 0.068157 0.063149 -3.399764 0.013085 0.051100 -0.001793 0.000013 0.000005 -8.846467 0.004971 -17.399227 -7.338806 0.124327 0.245995 -7.186620 0.035624 0.173073 -0.000189 0.000007 -0.000050 0.000000 0.000000 0.000000 0.000000 0.000000 0.000000 -3.478250 -11.520715 18.746729 -0.102717 -0.710634 6.139398 -0.511087 -8.972680 14.811672 -1.107136 0.975682 -17.116508 0.000000 0.000000 0.000000 0.000000 0.000000 0.000000 0.000000 0.000000 0.000000 0.597783 -5.914129 10.812600 0.139281 0.661960 11.713834 1.878838 -2.528472 15.794854 0.231364 -0.790325 -20.156185 0.000000 0.000000 0.000000 0.000000 0.000000 0.000000 0.000000 0.000000 0.000000 
-1.248868 88.226120 3.804873 0.514418 5.909602 -12.763716 1.236978 -0.008141 7.606868 0.697082 -0.115152 1.059500 -1.545108 0.545161 6.764336 -0.948593 -0.018065 5.219740 1.486663 -1.293200 5.360619 0.328089 -0.043452 -3.055450 0.166209 -1.070461 -20.552917 0.000000 0.000000 0.000000 89.761734 -0.377156 9.582343 59.293484 -9.468712 5.374290 -0.787798 17.262619 84.692291 20.202366 43.307774 6.883737 7.968402 -1.511309 41.139198 -0.000002 0.000013 -19.390989 0.000008 0.000060 -13.509799 0.000005 -0.000001 -0.000012 -1.024598 0.131533 1.363452 1.062392 -0.046217 0.281622 0.995798 -0.040628 0.218837 -0.000018 0.000027 -0.000010 -0.388596 0.029770 -2.871405 1.201709 -0.038793 0.090863 1.260820 -0.016655 0.085219 -0.000014 0.000134 0.000000 3.381962 -0.009082 -8.375141 2.735422 0.077779 -0.165159 2.819091 0.037157 -0.118055 0.000001 0.000404 -0.000006 7.103263 0.019157 -15.328368 4.548984 0.204323 -0.353222 4.533058 0.064966 -0.334131 0.000006 0.000009 -0.000010 0.000000 0.000000 0.000000 0.000000 0.000000 0.000000 -85.885139 -0.271096 3.392608 -71.426880 -5.960894 -4.484853 -0.440291 -18.366480 98.161842 -44.488617 -56.114330 29.556925 -6.113158 1.192401 42.001278 0.000002 0.000021 -14.884908 0.000051 -0.000027 -10.458631 0.001546 0.000018 0.000188 8.618823 0.103635 5.907500 -0.613857 -0.055725 -0.144275 -0.767876 -0.031339 -0.118116 0.000008 -0.000289 -0.000010 5.613490 0.033662 -0.101294 -1.291383 -0.032254 -0.056399 -0.974368 -0.007006 -0.055024 0.000446 0.000000 0.000059 -2.344161 -0.014561 -8.213861 -3.890025 0.067697 0.062078 -3.480114 0.012865 0.050469 -0.001806 0.000013 0.000005 -9.112615 0.000877 -17.134541 -7.409349 0.122663 0.237845 -7.250757 0.033518 0.166950 -0.000146 0.000007 -0.000051 0.000000 0.000000 0.000000 0.000000 0.000000 0.000000 -3.417901 -11.425751 18.751682 -0.101155 -0.706292 6.194685 -0.539342 -8.952708 14.760173 -1.099455 0.973478 -17.103733 0.000000 0.000000 0.000000 0.000000 0.000000 0.000000 0.000000 0.000000 0.000000 0.630084 -5.942495 10.923165 0.141567 0.671405 11.666727 1.831035 -2.527276 15.732775 0.241771 -0.796457 -20.129734 0.000000 0.000000 0.000000 0.000000 0.000000 0.000000 0.000000 0.000000 0.000000 
-1.264663 88.215881 3.810657 0.503725 5.771229 -12.813725 1.246940 -0.020890 7.610879 0.677042 -0.121616 1.036706 -1.540312 0.453479 6.855958 -0.939379 -0.063945 5.216166 1.481394 -1.173194 5.392447 0.324187 0.080308 -3.048363 0.115058 -1.068610 -20.500463 0.000000 0.000000 0.000000 89.810478 -0.389788 9.529378 59.448616 -9.608132 5.384775 -0.796783 17.320217 84.482903 20.487576 43.769787 6.941574 8.024433 -1.520435 41.109245 -0.000001 0.000014 -19.537186 0.000009 0.000060 -13.616157 0.000006 -0.000001 -0.000012 -0.665125 0.132459 1.252418 1.157127 -0.047023 0.285354 1.087402 -0.041221 0.220694 -0.000018 0.000028 -0.000010 -0.003698 0.030599 -2.904070 1.306473 -0.038654 0.091608 1.364560 -0.016794 0.085545 -0.000014 0.000130 -0.000000 3.864473 -0.009165 -8.307505 2.884111 0.077291 -0.161486 2.964301 0.036330 -0.116129 0.000001 0.000389 -0.000006 7.624068 0.019964 -15.191339 4.723603 0.200653 -0.337943 4.703290 0.061848 -0.323582 0.000010 0.000008 -0.000010 0.000000 0.000000 0.000000 0.000000 0.000000 0.000000 -85.989090 -0.252218 3.420343 -71.635452 -6.083299 -4.527489 -0.532081 -18.453295 96.365479 -43.759861 -57.470242 28.733091 -6.156407 1.198571 41.981613 0.000001 0.000021 -14.984137 0.000048 -0.000027 -10.526309 0.001531 0.000018 0.000195 8.401134 0.104524 5.723161 -0.682242 -0.056334 -0.147813 -0.833999 -0.031733 -0.121731 0.000008 -0.000303 -0.000010 5.417890 0.033840 -0.186194 -1.359336 -0.032608 -0.056952 -1.046468 -0.007100 -0.055540 0.000414 0.000001 0.000056 -2.574796 -0.015361 -8.145912 -3.951402 0.067481 0.061878 -3.551545 0.012866 0.050432 -0.001806 0.000013 0.000005 -9.347749 -0.002739 -16.921488 -7.469125 0.121852 0.232996 -7.305938 0.032229 0.163355 -0.000106 0.000008 -0.000051 0.000000 0.000000 0.000000 0.000000 0.000000 0.000000 -3.357529 -11.328850 18.763147 -0.099734 -0.702982 6.237181 -0.564574 -8.927630 14.716458 -1.092049 0.972050 -17.090570 0.000000 0.000000 0.000000 0.000000 0.000000 0.000000 0.000000 0.000000 0.000000 0.660545 -5.962687 11.030872 0.143615 0.680255 11.627664 1.788204 -2.514665 15.665441 0.251633 -0.802018 -20.102783 0.000000 0.000000 0.000000 0.000000 0.000000 0.000000 0.000000 0.000000 0.000000 
-1.277923 88.205933 3.816827 0.487884 5.624027 -12.862685 1.257381 -0.030849 7.617293 0.662459 -0.127621 1.020903 -1.537923 0.377895 6.945780 -0.929839 -0.101846 5.213862 1.470246 -1.059474 5.376548 0.317506 0.188989 -3.062599 0.066348 -1.065306 -20.440437 0.000000 0.000000 0.000000 89.854286 -0.402372 9.493579 59.646671 -9.765486 5.371476 -0.806879 17.389112 84.279488 20.777710 44.232117 7.001122 8.079352 -1.528821 41.080669 -0.000000 0.000015 -19.680227 0.000009 0.000059 -13.719485 0.000006 -0.000002 -0.000012 -0.319910 0.133154 1.139321 1.269287 -0.048119 0.288991 1.195934 -0.042141 0.222662 -0.000017 0.000028 -0.000011 0.365680 0.031257 -2.938970 1.424794 -0.038690 0.092544 1.482305 -0.017041 0.086045 -0.000015 0.000126 -0.000000 4.323005 -0.009307 -8.249204 3.039431 0.077168 -0.158871 3.117674 0.035785 -0.114906 0.000001 0.000378 -0.000006 8.112221 0.020657 -15.070087 4.899764 0.198342 -0.327446 4.874199 0.059965 -0.316591 0.000013 0.000008 -0.000010 0.000000 0.000000 0.000000 0.000000 0.000000 0.000000 -86.094070 -0.231404 3.449114 -71.850716 -6.100412 -4.636608 -0.612207 -18.515511 94.754753 -43.193661 -58.640484 27.962555 -6.198982 1.204841 41.961933 0.000000 0.000021 -15.081365 0.000046 -0.000027 -10.592940 0.001511 0.000017 0.000212 8.165136 0.105103 5.491910 -0.748655 -0.057172 -0.151599 -0.899145 -0.032402 -0.125429 0.000009 -0.000312 -0.000010 5.212873 0.033961 -0.314348 -1.422209 -0.033072 -0.057770 -1.114647 -0.007320 -0.056304 0.000382 0.000001 0.000053 -2.800997 -0.015940 -8.130127 -4.006297 0.067564 0.062348 -3.615712 0.013101 0.050784 -0.001791 0.000013 0.000005 -9.565732 -0.005963 -16.764978 -7.519770 0.121951 0.231090 -7.354455 0.031873 0.161878 -0.000068 0.000008 -0.000051 0.000000 0.000000 0.000000 0.000000 0.000000 0.000000 -3.295354 -11.232330 18.780188 -0.098423 -0.700558 6.267447 -0.587205 -8.905478 14.682893 -1.085337 0.971034 -17.077620 0.000000 0.000000 0.000000 0.000000 0.000000 0.000000 0.000000 0.000000 0.000000 0.689884 -5.973634 11.131684 0.145392 0.688116 11.599288 1.751316 -2.488215 15.596883 0.260713 -0.806650 -20.076000 0.000000 0.000000 0.000000 0.000000 0.000000 0.000000 0.000000 0.000000 0.000000 
-1.289275 88.196915 3.822735 0.465441 5.469279 -12.905701 1.268636 -0.037912 7.625989 0.653258 -0.132761 1.012852 -1.535558 0.319543 7.023492 -0.920378 -0.130322 5.211810 1.453636 -0.954610 5.305499 0.306944 0.278611 -3.101253 0.021096 -1.059843 -20.373102 0.000000 0.000000 0.000000 89.893135 -0.413772 9.474367 59.869793 -9.950956 5.338193 -0.817069 17.463127 84.121361 21.053028 44.666298 7.056605 8.138126 -1.536734 41.051815 0.000000 0.000015 -19.830610 0.000009 0.000059 -13.826446 0.000006 -0.000002 -0.000013 0.028741 0.133615 1.022825 1.413364 -0.049299 0.291076 1.336231 -0.043192 0.223373 -0.000017 0.000029 -0.000011 0.735216 0.031764 -2.978400 1.569994 -0.038851 0.093168 1.627556 -0.017335 0.086301 -0.000015 0.000122 -0.000000 4.767062 -0.009625 -8.203453 3.211543 0.077349 -0.156969 3.289480 0.035471 -0.114086 0.000000 0.000366 -0.000006 8.569014 0.020945 -14.968048 5.082700 0.197392 -0.321555 5.051837 0.059319 -0.313089 0.000016 0.000008 -0.000010 0.000000 0.000000 0.000000 0.000000 0.000000 0.000000 -86.194107 -0.209276 3.476928 -72.077660 -6.010466 -4.821710 -0.676309 -18.560320 93.417717 -42.841705 -59.601612 27.298410 -6.243361 1.211444 41.941273 -0.000000 0.000022 -15.182777 0.000044 -0.000027 -10.662864 0.001486 0.000017 0.000231 7.901124 0.105379 5.219625 -0.818026 -0.058050 -0.154394 -0.968623 -0.033143 -0.128213 0.000010 -0.000312 -0.000010 4.983842 0.034079 -0.481706 -1.485321 -0.033571 -0.058419 -1.184022 -0.007597 -0.056936 0.000350 0.000001 0.000050 -3.044228 -0.016342 -8.165274 -4.062131 0.067904 0.063004 -3.679735 0.013503 0.051167 -0.001760 0.000013 0.000005 -9.791715 -0.008774 -16.666029 -7.568986 0.122780 0.230878 -7.404014 0.032264 0.161485 -0.000036 0.000008 -0.000051 0.000000 0.000000 0.000000 0.000000 0.000000 0.000000 -3.229145 -11.138080 18.798449 -0.097107 -0.698523 6.284609 -0.607907 -8.891133 14.663584 -1.079259 0.970047 -17.067396 0.000000 0.000000 0.000000 0.000000 0.000000 0.000000 0.000000 0.000000 0.000000 0.721631 -5.973533 11.218130 0.146991 0.694759 11.585417 1.719298 -2.449063 15.530613 0.268511 -0.810117 -20.052471 0.000000 0.000000 0.000000 0.000000 0.000000 0.000000 0.000000 0.000000 0.000000 
-1.298959 88.189247 3.827167 0.435022 5.310694 -12.935344 1.282052 -0.042615 7.637205 0.650265 -0.136946 1.009751 -1.534843 0.278685 7.082649 -0.911119 -0.148719 5.207883 1.439954 -0.860686 5.186697 0.293577 0.350417 -3.161063 -0.019838 -1.052344 -20.300665 0.000000 0.000000 0.000000 89.924950 -0.422941 9.466087 60.106133 -10.171271 5.286914 -0.826483 17.537617 84.015709 21.248148 45.060688 7.080555 8.204091 -1.544550 41.021282 0.000001 0.000015 -19.996096 0.000009 0.000059 -13.941903 0.000006 -0.000002 -0.000013 0.401646 0.133865 0.902428 1.596791 -0.050323 0.290389 1.516151 -0.044114 0.221707 -0.000017 0.000029 -0.000012 1.123790 0.032163 -3.023448 1.748830 -0.039049 0.093062 1.807023 -0.017600 0.085966 -0.000015 0.000118 0.000000 5.209482 -0.010185 -8.168639 3.405305 0.077722 -0.155390 3.484084 0.035299 -0.113361 0.000000 0.000356 -0.000006 9.002421 0.020487 -14.881165 5.275045 0.197549 -0.319318 5.239178 0.059726 -0.312554 0.000018 0.000007 -0.000011 0.000000 0.000000 0.000000 0.000000 0.000000 0.000000 -86.284180 -0.187037 3.498933 -72.327194 -5.806629 -5.089946 -0.722578 -18.598682 92.394218 -42.710140 -60.372414 26.781826 -6.294310 1.218953 41.917591 -0.000001 0.000022 -15.300514 0.000042 -0.000026 -10.744300 0.001452 0.000017 0.000247 7.585316 0.105406 4.916645 -0.899621 -0.058759 -0.155205 -1.052018 -0.033714 -0.129334 0.000011 -0.000307 -0.000010 4.702540 0.034210 -0.677929 -1.558830 -0.034006 -0.058557 -1.263989 -0.007838 -0.057127 0.000313 0.000001 0.000048 -3.338439 -0.016657 -8.238622 -4.131700 0.068417 0.063442 -3.755962 0.013973 0.051289 -0.001720 0.000013 0.000005 -10.064372 -0.011369 -16.611361 -7.630748 0.124071 0.231157 -7.467132 0.033110 0.161233 -0.000013 0.000008 -0.000051 0.000000 0.000000 0.000000 0.000000 0.000000 0.000000 -3.159075 -11.050588 18.811174 -0.095640 -0.696205 6.286584 -0.627278 -8.884399 14.663164 -1.073667 0.968891 -17.061827 0.000000 0.000000 0.000000 0.000000 0.000000 0.000000 0.000000 0.000000 0.000000 0.759696 -5.961186 11.279666 0.148563 0.699915 11.591258 1.689603 -2.399173 15.468966 0.274552 -0.812537 -20.036081 0.000000 0.000000 0.000000 0.000000 0.000000 0.000000 0.000000 0.000000 0.000000 
-1.306864 88.182747 3.829796 0.399194 5.153719 -12.949746 1.298130 -0.044283 7.648655 0.652681 -0.139360 1.011531 -1.536094 0.255486 7.119379 -0.904401 -0.157149 5.204206 1.431951 -0.780097 5.037580 0.278876 0.405769 -3.234595 -0.055887 -1.043899 -20.228411 0.000000 0.000000 0.000000 89.947189 -0.428484 9.466797 60.346207 -10.408975 5.215807 -0.833796 17.606268 83.966507 21.362692 45.398315 7.085562 8.276139 -1.552241 40.989307 0.000001 0.000016 -20.174845 0.000009 0.000058 -14.064466 0.000006 -0.000003 -0.000014 0.804974 0.134092 0.779862 1.816310 -0.051131 0.286917 1.733023 -0.044847 0.217628 -0.000017 0.000030 -0.000012 1.537616 0.032523 -3.073721 1.957892 -0.039234 0.092156 2.017045 -0.017807 0.085015 -0.000015 0.000114 0.000000 5.654624 -0.010958 -8.146264 3.617764 0.078273 -0.154007 3.698026 0.035263 -0.112599 0.000000 0.000354 -0.000006 9.417860 0.019281 -14.811737 5.474658 0.198797 -0.319851 5.433751 0.061167 -0.314221 0.000022 0.000007 -0.000011 0.000000 0.000000 0.000000 0.000000 0.000000 0.000000 -86.365059 -0.164740 3.514544 -72.599548 -5.507294 -5.426430 -0.751549 -18.636444 91.669716 -42.819798 -60.954975 26.461462 -6.352063 1.227356 41.890724 -0.000002 0.000023 -15.436628 0.000040 -0.000026 -10.838418 0.001417 0.000016 0.000250 7.214832 0.105359 4.599945 -0.993728 -0.059336 -0.154234 -1.149698 -0.034155 -0.129000 0.000011 -0.000296 -0.000010 4.363557 0.034358 -0.888738 -1.643821 -0.034369 -0.058190 -1.354992 -0.008033 -0.056897 0.000280 0.000001 0.000046 -3.689748 -0.016978 -8.336390 -4.216715 0.069064 0.063688 -3.846079 0.014469 0.051168 -0.001671 0.000013 0.000005 -10.389237 -0.013912 -16.590244 -7.707137 0.125746 0.232105 -7.545047 0.034362 0.161211 -0.000002 0.000008 -0.000051 0.000000 0.000000 0.000000 0.000000 0.000000 0.000000 -3.089144 -10.976183 18.815960 -0.094028 -0.693519 6.276124 -0.643964 -8.884387 14.679966 -1.068699 0.967339 -17.060183 0.000000 0.000000 0.000000 0.000000 0.000000 0.000000 0.000000 0.000000 0.000000 0.801745 -5.940987 11.315569 0.150080 0.703228 11.615482 1.662963 -2.337616 15.413289 0.278871 -0.813628 -20.026937 0.000000 0.000000 0.000000 0.000000 0.000000 0.000000 0.000000 0.000000 0.000000 
-1.313244 88.176735 3.830477 0.360751 5.003572 -12.948236 1.315872 -0.042916 7.658464 0.658788 -0.139948 1.016488 -1.539772 0.245657 7.134536 -0.900780 -0.158038 5.201796 1.431942 -0.715656 4.877134 0.264760 0.446091 -3.312631 -0.086535 -1.036014 -20.160456 0.000000 0.000000 0.000000 89.961403 -0.430824 9.471310 60.582020 -10.643932 5.127511 -0.838416 17.663069 83.961212 21.402664 45.665264 7.082675 8.355204 -1.560017 40.955261 0.000001 0.000016 -20.369059 0.000010 0.000058 -14.196322 0.000006 -0.000003 -0.000014 1.248636 0.134416 0.660110 2.068271 -0.051449 0.280643 1.983367 -0.045117 0.211180 -0.000017 0.000030 -0.000012 1.986247 0.032874 -3.125110 2.194183 -0.039273 0.090359 2.254505 -0.017870 0.083398 -0.000016 0.000111 0.000000 6.111248 -0.011899 -8.131928 3.847380 0.078788 -0.152553 3.929388 0.035233 -0.111621 0.000000 0.000365 -0.000006 9.826648 0.017402 -14.754287 5.681547 0.200506 -0.321847 5.635462 0.063100 -0.317045 0.000027 0.000007 -0.000011 0.000000 0.000000 0.000000 0.000000 0.000000 0.000000 -86.437996 -0.142803 3.522246 -72.890045 -5.151249 -5.807409 -0.766389 -18.674284 91.188248 -43.126842 -61.371918 26.332586 -6.417830 1.236681 41.860279 -0.000003 0.000023 -15.593971 0.000039 -0.000025 -10.947618 0.001383 0.000016 0.000234 6.794721 0.105374 4.284489 -1.095692 -0.059794 -0.152373 -1.256691 -0.034488 -0.127999 0.000012 -0.000279 -0.000010 3.971151 0.034542 -1.101108 -1.736642 -0.034649 -0.057569 -1.452826 -0.008181 -0.056477 0.000254 0.000001 0.000046 -4.090953 -0.017341 -8.445754 -4.313245 0.069783 0.063983 -3.946212 0.014950 0.051008 -0.001618 0.000012 0.000005 -10.757459 -0.016351 -16.591534 -7.795003 0.127617 0.234179 -7.633824 0.035852 0.161812 -0.000001 0.000008 -0.000051 0.000000 0.000000 0.000000 0.000000 0.000000 0.000000 -3.024187 -10.918660 18.809238 -0.092349 -0.690419 6.258869 -0.657485 -8.888210 14.710746 -1.064122 0.965346 -17.061964 0.000000 0.000000 0.000000 0.000000 0.000000 0.000000 0.000000 0.000000 0.000000 0.844676 -5.916565 11.327620 0.151511 0.704617 11.654093 1.639887 -2.267016 15.363726 0.281704 -0.813526 -20.024551 0.000000 0.000000 0.000000 0.000000 0.000000 0.000000 0.000000 0.000000 0.000000 
-1.318596 88.170517 3.829312 0.321944 4.865530 -12.932137 1.333496 -0.039100 7.666242 0.666099 -0.139023 1.021886 -1.545503 0.242522 7.133333 -0.899761 -0.154700 5.199735 1.441566 -0.666621 4.717012 0.253073 0.474719 -3.388833 -0.111896 -1.029729 -20.097994 0.000000 0.000000 0.000000 89.971771 -0.431002 9.474537 60.805462 -10.863157 5.027217 -0.839906 17.708797 83.980919 21.374264 45.856987 7.071546 8.441624 -1.568133 40.918713 0.000002 0.000016 -20.579018 0.000010 0.000058 -14.338566 0.000006 -0.000003 -0.000014 1.731891 0.134839 0.544274 2.346117 -0.051073 0.271466 2.260400 -0.044694 0.202364 -0.000016 0.000031 -0.000013 2.469247 0.033191 -3.176150 2.452824 -0.039059 0.087570 2.514184 -0.017725 0.081047 -0.000016 0.000108 0.000000 6.581893 -0.012946 -8.121593 4.091805 0.079057 -0.150677 4.175398 0.035074 -0.110222 0.000000 0.000386 -0.000005 10.235708 0.014935 -14.702671 5.895571 0.201997 -0.323762 5.844255 0.064919 -0.319834 0.000032 0.000007 -0.000012 0.000000 0.000000 0.000000 0.000000 0.000000 0.000000 -86.502930 -0.121966 3.521375 -73.189049 -4.778208 -6.207232 -0.771354 -18.712349 90.870850 -43.537968 -61.665668 26.333582 -6.491452 1.246968 41.826275 -0.000003 0.000023 -15.771940 0.000038 -0.000025 -11.071784 0.001351 0.000016 0.000202 6.339788 0.105534 3.978833 -1.196060 -0.060197 -0.150774 -1.363202 -0.034778 -0.127328 0.000013 -0.000261 -0.000010 3.540425 0.034768 -1.306800 -1.828581 -0.034869 -0.057078 -1.548840 -0.008304 -0.056208 0.000234 0.000001 0.000045 -4.524428 -0.017732 -8.556785 -4.412308 0.070559 0.064714 -4.047577 0.015422 0.051156 -0.001567 0.000012 0.000005 -11.152034 -0.018574 -16.603764 -7.886963 0.129604 0.238072 -7.725769 0.037473 0.163705 -0.000009 0.000008 -0.000051 0.000000 0.000000 0.000000 0.000000 0.000000 0.000000 -2.967352 -10.878529 18.789820 -0.090713 -0.687025 6.238503 -0.667559 -8.892451 14.750543 -1.059778 0.963114 -17.065826 0.000000 0.000000 0.000000 0.000000 0.000000 0.000000 0.000000 0.000000 0.000000 0.885935 -5.890081 11.319174 0.152834 0.704344 11.701757 1.620289 -2.192630 15.319558 0.283377 -0.812505 -20.027760 0.000000 0.000000 0.000000 0.000000 0.000000 0.000000 0.000000 0.000000 0.000000 
-1.323102 88.164124 3.826786 0.284064 4.743668 -12.906797 1.350407 -0.033552 7.672230 0.673052 -0.137123 1.026802 -1.550825 0.242164 7.121504 -0.901501 -0.149243 5.198810 1.458071 -0.628684 4.564469 0.244222 0.495726 -3.459681 -0.132718 -1.025152 -20.042423 0.000000 0.000000 0.000000 89.978401 -0.428470 9.477121 61.013542 -11.053040 4.918523 -0.839090 17.745773 84.020203 21.310591 45.985668 7.069733 8.531734 -1.576514 40.880871 0.000002 0.000016 -20.796196 0.000010 0.000058 -14.485797 0.000005 -0.000004 -0.000014 2.233360 0.135307 0.433239 2.636857 -0.050242 0.259920 2.550875 -0.043800 0.191649 -0.000016 0.000031 -0.000013 2.966830 0.033450 -3.226350 2.722933 -0.038667 0.083918 2.784781 -0.017441 0.078062 -0.000016 0.000106 0.000001 7.053446 -0.013988 -8.115774 4.343229 0.079150 -0.148298 4.428174 0.034840 -0.108359 0.000000 0.000413 -0.000005 10.637712 0.012071 -14.658769 6.111994 0.203387 -0.324818 6.055484 0.066686 -0.321876 0.000037 0.000007 -0.000012 0.000000 0.000000 0.000000 0.000000 0.000000 0.000000 -86.559341 -0.102576 3.515408 -73.489456 -4.419162 -6.599942 -0.770637 -18.751827 90.648880 -44.026722 -61.879208 26.447756 -6.566866 1.257679 41.791096 -0.000003 0.000023 -15.956139 0.000036 -0.000024 -11.200726 0.001324 0.000016 0.000158 5.886487 0.105846 3.690274 -1.277878 -0.060892 -0.151009 -1.452010 -0.035396 -0.128237 0.000013 -0.000246 -0.000010 3.107917 0.035017 -1.500821 -1.903157 -0.035168 -0.057277 -1.627052 -0.008514 -0.056546 0.000218 0.000000 0.000044 -4.954811 -0.018128 -8.665380 -4.497030 0.071542 0.066497 -4.133755 0.016018 0.052113 -0.001517 0.000012 0.000005 -11.541839 -0.020551 -16.624199 -7.968769 0.132120 0.245347 -7.807136 0.039573 0.168176 -0.000022 0.000008 -0.000051 0.000000 0.000000 0.000000 0.000000 0.000000 0.000000 -2.918567 -10.855555 18.762234 -0.089215 -0.683790 6.216791 -0.674165 -8.895082 14.793328 -1.055909 0.960957 -17.069321 0.000000 0.000000 0.000000 0.000000 0.000000 0.000000 0.000000 0.000000 0.000000 0.924429 -5.863544 11.297339 0.153989 0.702684 11.753252 1.604769 -2.117020 15.279950 0.284372 -0.810503 -20.033571 0.000000 0.000000 0.000000 0.000000 0.000000 0.000000 0.000000 0.000000 0.000000 
-1.326916 88.157845 3.822980 0.247402 4.640024 -12.875682 1.366042 -0.027375 7.677437 0.679621 -0.135349 1.029984 -1.554307 0.242411 7.103604 -0.904620 -0.142920 5.198551 1.480750 -0.598424 4.424001 0.238211 0.512113 -3.523139 -0.149147 -1.021747 -19.994772 0.000000 0.000000 0.000000 89.979027 -0.422806 9.480591 61.209946 -11.210738 4.803783 -0.837470 17.775415 84.070381 21.227160 46.069588 7.077558 8.622691 -1.584998 40.842846 0.000002 0.000016 -21.013727 0.000010 0.000058 -14.633610 0.000005 -0.000004 -0.000015 2.733778 0.135699 0.330207 2.929312 -0.049023 0.246386 2.843435 -0.042481 0.179404 -0.000016 0.000031 -0.000013 3.460037 0.033623 -3.273347 2.995284 -0.038120 0.079510 3.056844 -0.017034 0.074519 -0.000016 0.000104 0.000001 7.511596 -0.014958 -8.113197 4.594178 0.079025 -0.145319 4.680331 0.034499 -0.105994 0.000000 0.000441 -0.000005 11.022749 0.009016 -14.622868 6.325778 0.204451 -0.324314 6.264448 0.068189 -0.322560 0.000040 0.000007 -0.000012 0.000000 0.000000 0.000000 0.000000 0.000000 0.000000 -86.605377 -0.085426 3.507992 -73.791779 -4.093282 -6.969788 -0.767655 -18.792475 90.472321 -44.576195 -62.060905 26.668962 -6.639354 1.268279 41.756798 -0.000004 0.000023 -16.134436 0.000035 -0.000024 -11.325941 0.001302 0.000016 0.000105 5.462798 0.106263 3.423225 -1.331460 -0.062042 -0.153908 -1.512914 -0.036502 -0.131398 0.000014 -0.000233 -0.000010 2.702352 0.035263 -1.680497 -1.950854 -0.035613 -0.058499 -1.678260 -0.008865 -0.057752 0.000200 -0.000000 0.000044 -5.354939 -0.018496 -8.768676 -4.557119 0.072798 0.069685 -4.194670 0.016807 0.054182 -0.001470 0.000012 0.000005 -11.905039 -0.022270 -16.650339 -8.031978 0.135333 0.256853 -7.869642 0.042285 0.175973 -0.000036 0.000007 -0.000051 0.000000 0.000000 0.000000 0.000000 0.000000 0.000000 -2.876198 -10.846621 18.730000 -0.087870 -0.680850 6.193134 -0.678073 -8.895303 14.836757 -1.052629 0.959042 -17.071243 0.000000 0.000000 0.000000 0.000000 0.000000 0.000000 0.000000 0.000000 0.000000 0.960209 -5.837383 11.265788 0.154936 0.699827 11.805959 1.592515 -2.041834 15.245051 0.284872 -0.807756 -20.039967 0.000000 0.000000 0.000000 0.000000 0.000000 0.000000 0.000000 0.000000 0.000000 
-1.330168 88.152000 3.817834 0.211924 4.555570 -12.841320 1.379966 -0.021391 7.683260 0.685789 -0.134400 1.029952 -1.555337 0.241484 7.083964 -0.907558 -0.136441 5.197757 1.510121 -0.573785 4.295958 0.234982 0.526052 -3.578962 -0.161379 -1.018996 -19.954416 0.000000 0.000000 0.000000 89.974228 -0.414493 9.486165 61.394184 -11.339828 4.689282 -0.835775 17.801573 84.113091 21.127554 46.116150 7.079731 8.711352 -1.593347 40.805981 0.000002 0.000016 -21.223827 0.000010 0.000058 -14.776646 0.000005 -0.000004 -0.000015 3.214471 0.135925 0.238193 3.210902 -0.047431 0.231233 3.125239 -0.040735 0.165978 -0.000016 0.000032 -0.000013 3.929312 0.033702 -3.314943 3.258500 -0.037428 0.074473 3.319038 -0.016514 0.070510 -0.000016 0.000103 0.000001 7.939162 -0.015825 -8.112493 4.834009 0.078632 -0.141745 4.921330 0.034012 -0.103160 0.000000 0.000465 -0.000005 11.376476 0.005942 -14.594955 6.527876 0.204981 -0.321999 6.462449 0.069240 -0.321693 0.000041 0.000007 -0.000013 0.000000 0.000000 0.000000 0.000000 0.000000 0.000000 -86.640602 -0.070993 3.502263 -74.094299 -3.807521 -7.305848 -0.765309 -18.835978 90.300331 -45.161419 -62.246407 26.977188 -6.705711 1.278358 41.724846 -0.000004 0.000023 -16.298347 0.000034 -0.000024 -11.441489 0.001287 0.000016 0.000052 5.086664 0.106729 3.180186 -1.352924 -0.063625 -0.159453 -1.541579 -0.038062 -0.136799 0.000014 -0.000226 -0.000010 2.342472 0.035498 -1.844735 -1.967784 -0.036210 -0.060794 -1.698756 -0.009362 -0.059846 0.000175 -0.000001 0.000043 -5.707077 -0.018807 -8.865286 -4.587942 0.074303 0.074262 -4.225886 0.017785 0.057398 -0.001429 0.000011 0.000005 -12.227242 -0.023703 -16.680389 -8.072518 0.139162 0.272414 -7.909345 0.045524 0.187110 -0.000050 0.000007 -0.000052 0.000000 0.000000 0.000000 0.000000 0.000000 0.000000 -2.838814 -10.848149 18.696087 -0.086668 -0.678212 6.166164 -0.679844 -8.893786 14.880022 -1.049965 0.957423 -17.071243 0.000000 0.000000 0.000000 0.000000 0.000000 0.000000 0.000000 0.000000 0.000000 0.993349 -5.811467 11.226697 0.155660 0.696003 11.858511 1.582749 -1.968638 15.214777 0.284991 -0.804604 -20.045877 0.000000 0.000000 0.000000 0.000000 0.000000 0.000000 0.000000 0.000000 0.000000 
-1.332851 88.146965 3.811339 0.177565 4.490547 -12.806270 1.392299 -0.015993 7.690985 0.691683 -0.134444 1.025860 -1.554134 0.239298 7.066232 -0.909560 -0.129716 5.195759 1.546237 -0.554367 4.179767 0.234268 0.538364 -3.627390 -0.169550 -1.016629 -19.920454 0.000000 0.000000 0.000000 89.965149 -0.404012 9.495411 61.566597 -11.442563 4.582273 -0.834457 17.828949 84.122421 21.013510 46.131359 7.059378 8.792449 -1.601173 40.772339 0.000002 0.000016 -21.414263 0.000010 0.000058 -14.906196 0.000005 -0.000004 -0.000015 3.651375 0.135948 0.162243 3.462906 -0.045663 0.215500 3.377403 -0.038756 0.152273 -0.000016 0.000032 -0.000013 4.350186 0.033697 -3.347797 3.494479 -0.036671 0.069191 3.553472 -0.015941 0.066339 -0.000017 0.000102 0.000000 8.313290 -0.016548 -8.111970 5.045224 0.078058 -0.137930 5.133772 0.033439 -0.100133 0.000000 0.000482 -0.000005 11.679206 0.003047 -14.575341 6.703011 0.205172 -0.318518 6.634399 0.069991 -0.319792 0.000040 0.000007 -0.000013 0.000000 0.000000 0.000000 0.000000 0.000000 0.000000 -86.665718 -0.059238 3.500852 -74.395004 -3.560666 -7.600306 -0.765711 -18.885151 90.103867 -45.772015 -62.459835 27.362114 -6.762641 1.287480 41.696716 -0.000004 0.000023 -16.439726 0.000033 -0.000024 -11.541499 0.001280 0.000016 0.000005 4.771505 0.107180 2.965414 -1.341397 -0.065606 -0.167351 -1.536808 -0.040024 -0.144187 0.000014 -0.000225 -0.000010 2.041919 0.035705 -1.990994 -1.953018 -0.036953 -0.064090 -1.687575 -0.009998 -0.062753 0.000142 -0.000001 0.000041 -5.998369 -0.019041 -8.952801 -4.587973 0.076017 0.080054 -4.226003 0.018927 0.061658 -0.001393 0.000011 0.000005 -12.496967 -0.024849 -16.712406 -8.088451 0.143495 0.291434 -7.924479 0.049191 0.201224 -0.000066 0.000007 -0.000052 0.000000 0.000000 0.000000 0.000000 0.000000 0.000000 -2.805581 -10.857624 18.663733 -0.085594 -0.675875 6.134929 -0.679874 -8.891694 14.922526 -1.047944 0.956154 -17.069014 0.000000 0.000000 0.000000 0.000000 0.000000 0.000000 0.000000 0.000000 0.000000 1.023855 -5.785979 11.182636 0.156162 0.691446 11.909964 1.575261 -1.898176 15.188714 0.284954 -0.801350 -20.050531 0.000000 0.000000 0.000000 0.000000 0.000000 0.000000 0.000000 0.000000 0.000000 
-1.334835 88.143097 3.803783 0.144480 4.444123 -12.774093 1.404241 -0.011064 7.700706 0.697778 -0.135148 1.018521 -1.551016 0.238727 7.052708 -0.911154 -0.121710 5.193991 1.584737 -0.541037 4.075827 0.235188 0.547682 -3.668620 -0.173827 -1.014708 -19.892990 0.000000 0.000000 0.000000 89.950371 -0.390903 9.511410 61.731136 -11.511015 4.487119 -0.834212 17.860289 84.080132 20.904411 46.128410 7.018764 8.860085 -1.608091 40.744129 0.000002 0.000016 -21.572083 0.000011 0.000058 -15.012910 0.000005 -0.000004 -0.000015 4.020403 0.135792 0.108497 3.665656 -0.044099 0.200664 3.580300 -0.036941 0.139512 -0.000016 0.000032 -0.000013 4.699500 0.033635 -3.368290 3.683596 -0.036001 0.064191 3.740911 -0.015424 0.062416 -0.000017 0.000101 0.000000 8.612113 -0.017057 -8.112111 5.208768 0.077524 -0.134439 5.298783 0.032938 -0.097322 -0.000000 0.000490 -0.000005 11.911843 0.000590 -14.567492 6.834470 0.205650 -0.315066 6.763670 0.070956 -0.317727 0.000036 0.000007 -0.000014 0.000000 0.000000 0.000000 0.000000 0.000000 0.000000 -86.681099 -0.049851 3.506701 -74.691574 -3.349909 -7.844779 -0.769867 -18.941168 89.870613 -46.437271 -62.707409 27.844765 -6.804628 1.294858 41.674892 -0.000004 0.000023 -16.545328 0.000032 -0.000023 -11.616510 0.001283 0.000016 -0.000034 4.538084 0.107542 2.789073 -1.293648 -0.068036 -0.177375 -1.495067 -0.042441 -0.153313 0.000015 -0.000231 -0.000010 1.820240 0.035857 -2.112894 -1.903302 -0.037869 -0.068291 -1.641145 -0.010788 -0.066384 0.000103 -0.000002 0.000040 -6.210666 -0.019198 -9.028049 -4.553206 0.077929 0.086848 -4.191022 0.020220 0.066783 -0.001360 0.000011 0.000005 -12.696620 -0.025769 -16.747509 -8.074852 0.148337 0.313285 -7.910567 0.053319 0.217831 -0.000084 0.000007 -0.000052 0.000000 0.000000 0.000000 0.000000 0.000000 0.000000 -2.776231 -10.874521 18.637447 -0.084652 -0.673986 6.100205 -0.678376 -8.890063 14.962581 -1.046548 0.955314 -17.064005 0.000000 0.000000 0.000000 0.000000 0.000000 0.000000 0.000000 0.000000 0.000000 1.051476 -5.762769 11.138898 0.156435 0.686331 11.957799 1.570937 -1.830384 15.166885 0.285123 -0.798149 -20.053219 0.000000 0.000000 0.000000 0.000000 0.000000 0.000000 0.000000 0.000000 0.000000 
-1.336139 88.140320 3.795115 0.113412 4.415081 -12.744842 1.415585 -0.006963 7.713192 0.704028 -0.136359 1.007329 -1.548247 0.239526 7.045429 -0.912031 -0.112519 5.191326 1.624384 -0.535568 3.981483 0.237138 0.552094 -3.703354 -0.174225 -1.013357 -19.869896 0.000000 0.000000 0.000000 89.932335 -0.376297 9.533026 61.888298 -11.550744 4.411433 -0.835103 17.896505 83.956100 20.789724 46.109013 6.934385 8.913723 -1.614006 40.721565 0.000002 0.000016 -21.695959 0.000011 0.000058 -15.095940 0.000005 -0.000004 -0.000015 4.320417 0.135505 0.079684 3.813353 -0.042710 0.187355 3.728448 -0.035274 0.128211 -0.000016 0.000032 -0.000013 4.975495 0.033528 -3.373789 3.819638 -0.035423 0.059704 3.875497 -0.014956 0.058927 -0.000017 0.000100 0.000000 8.830810 -0.017381 -8.108356 5.317483 0.077016 -0.131537 5.409221 0.032502 -0.094942 -0.000000 0.000489 -0.000005 12.069418 -0.001386 -14.564519 6.915032 0.206372 -0.312419 6.843238 0.072071 -0.316067 0.000031 0.000008 -0.000014 0.000000 0.000000 0.000000 0.000000 0.000000 0.000000 -86.688309 -0.042821 3.519472 -74.980164 -3.169194 -8.041214 -0.778155 -18.997629 89.594299 -47.099083 -62.999218 28.369217 -6.833098 1.300313 41.659286 -0.000005 0.000023 -16.616972 0.000031 -0.000023 -11.667831 0.001294 0.000015 -0.000056 4.379904 0.107798 2.653645 -1.220656 -0.070516 -0.187736 -1.426889 -0.044867 -0.162684 0.000015 -0.000242 -0.000010 1.670927 0.035970 -2.207140 -1.829211 -0.038804 -0.072726 -1.569415 -0.011605 -0.070199 0.000061 -0.000002 0.000040 -6.348091 -0.019266 -9.086738 -4.492386 0.079813 0.093753 -4.129382 0.021484 0.072086 -0.001331 0.000011 0.000005 -12.827119 -0.026439 -16.779833 -8.036745 0.153073 0.335352 -7.872321 0.057368 0.234905 -0.000104 0.000007 -0.000052 0.000000 0.000000 0.000000 0.000000 0.000000 0.000000 -2.751851 -10.895997 18.617889 -0.083836 -0.672412 6.061647 -0.675203 -8.889811 15.001014 -1.045636 0.954777 -17.057425 0.000000 0.000000 0.000000 0.000000 0.000000 0.000000 0.000000 0.000000 0.000000 1.075690 -5.741550 11.096274 0.156515 0.680968 12.001393 1.569449 -1.768729 15.149477 0.285422 -0.795507 -20.054817 0.000000 0.000000 0.000000 0.000000 0.000000 0.000000 0.000000 0.000000 0.000000 
-1.336850 88.138390 3.785758 0.084658 4.401878 -12.720002 1.426909 -0.003444 7.727887 0.710096 -0.137425 0.993375 -1.546039 0.242563 7.045339 -0.912957 -0.101990 5.188555 1.661828 -0.539123 3.894370 0.239379 0.549891 -3.733040 -0.171654 -1.012922 -19.848694 0.000000 0.000000 0.000000 89.913284 -0.360213 9.559809 62.033894 -11.561420 4.359188 -0.836322 17.940517 83.737442 20.681240 46.077473 6.809875 8.952902 -1.619023 40.704552 0.000002 0.000016 -21.785364 0.000011 0.000058 -15.154912 0.000005 -0.000004 -0.000015 4.550820 0.135201 0.072474 3.905006 -0.041818 0.176425 3.820869 -0.034090 0.119032 -0.000016 0.000033 -0.000013 5.179413 0.033397 -3.366899 3.900923 -0.035070 0.056029 3.955924 -0.014634 0.056109 -0.000017 0.000099 -0.000000 8.971683 -0.017510 -8.101910 5.369918 0.076748 -0.129592 5.463527 0.032282 -0.093268 -0.000000 0.000481 -0.000005 12.154350 -0.002802 -14.565271 6.943008 0.207927 -0.311576 6.871287 0.073783 -0.315557 0.000025 0.000008 -0.000014 0.000000 0.000000 0.000000 0.000000 0.000000 0.000000 -86.689514 -0.037583 3.538627 -75.249153 -3.007977 -8.189169 -0.789837 -19.049534 89.280464 -47.729603 -63.317707 28.895514 -6.847801 1.303737 41.650215 -0.000005 0.000022 -16.653606 0.000031 -0.000023 -11.694564 0.001309 0.000015 -0.000061 4.296127 0.107975 2.561381 -1.128034 -0.072884 -0.197338 -1.337962 -0.047130 -0.171366 0.000015 -0.000258 -0.000011 1.592717 0.036052 -2.271725 -1.736111 -0.039697 -0.076940 -1.477440 -0.012387 -0.073843 0.000021 -0.000003 0.000039 -6.410456 -0.019249 -9.128082 -4.409468 0.081580 0.100094 -4.045112 0.022630 0.077031 -0.001304 0.000011 0.000005 -12.884189 -0.026866 -16.808727 -7.974484 0.157482 0.355574 -7.810607 0.061121 0.250831 -0.000128 0.000006 -0.000052 0.000000 0.000000 0.000000 0.000000 0.000000 0.000000 -2.732937 -10.921364 18.606306 -0.083190 -0.671292 6.021696 -0.669900 -8.891507 15.036182 -1.045037 0.954507 -17.050467 0.000000 0.000000 0.000000 0.000000 0.000000 0.000000 0.000000 0.000000 0.000000 1.096554 -5.723493 11.058075 0.156456 0.675792 12.038296 1.571339 -1.717624 15.136337 0.285930 -0.793545 -20.055828 0.000000 0.000000 0.000000 0.000000 0.000000 0.000000 0.000000 0.000000 0.000000 
-1.337204 88.136948 3.776073 0.058161 4.402390 -12.699250 1.437610 -0.000455 7.744421 0.716365 -0.138372 0.977575 -1.544803 0.247534 7.050899 -0.913889 -0.090651 5.185536 1.694064 -0.551136 3.811939 0.241262 0.540498 -3.759043 -0.167136 -1.013411 -19.827173 0.000000 0.000000 0.000000 89.895294 -0.343264 9.589060 62.164589 -11.550028 4.330474 -0.837115 17.990740 83.415146 20.577774 46.033001 6.643682 8.980996 -1.623414 40.691685 0.000001 0.000016 -21.848375 0.000011 0.000058 -15.195601 0.000005 -0.000004 -0.000015 4.723896 0.134927 0.081435 3.953255 -0.041522 0.167961 3.870498 -0.033508 0.111990 -0.000016 0.000033 -0.000013 5.325603 0.033243 -3.351071 3.939380 -0.035000 0.053199 3.994241 -0.014494 0.053995 -0.000017 0.000099 -0.000000 9.049994 -0.017496 -8.091845 5.377798 0.076808 -0.128694 5.473439 0.032336 -0.092380 -0.000001 0.000467 -0.000005 12.180737 -0.003754 -14.564692 6.928510 0.210478 -0.313061 6.857863 0.076207 -0.316628 0.000018 0.000008 -0.000014 0.000000 0.000000 0.000000 0.000000 0.000000 0.000000 -86.686531 -0.034014 3.561729 -75.491051 -2.859801 -8.295425 -0.803144 -19.092598 88.946762 -48.294807 -63.643158 29.378784 -6.851892 1.305449 41.646511 -0.000005 0.000022 -16.662338 0.000030 -0.000023 -11.701528 0.001323 0.000015 -0.000047 4.271571 0.108139 2.508182 -1.028223 -0.074925 -0.205060 -1.241189 -0.049007 -0.178425 0.000015 -0.000273 -0.000011 1.570689 0.036120 -2.308325 -1.636098 -0.040465 -0.080482 -1.377214 -0.013060 -0.076967 -0.000018 -0.000003 0.000039 -6.412082 -0.019167 -9.152361 -4.315547 0.083138 0.105311 -3.949351 0.023580 0.081157 -0.001278 0.000010 0.000005 -12.879387 -0.027108 -16.831669 -7.895710 0.161315 0.372230 -7.733110 0.064342 0.264205 -0.000152 0.000006 -0.000052 0.000000 0.000000 0.000000 0.000000 0.000000 0.000000 -2.719081 -10.948930 18.601601 -0.082727 -0.670594 5.982435 -0.662499 -8.896901 15.068044 -1.044689 0.954445 -17.044699 0.000000 0.000000 0.000000 0.000000 0.000000 0.000000 0.000000 0.000000 0.000000 1.114619 -5.708701 11.024210 0.156294 0.671107 12.068587 1.576245 -1.680779 15.126857 0.286464 -0.792281 -20.056433 0.000000 0.000000 0.000000 0.000000 0.000000 0.000000 0.000000 0.000000 0.000000 
-1.337442 88.135834 3.766194 0.034667 4.414282 -12.680711 1.446486 0.001941 7.762337 0.723227 -0.139352 0.960445 -1.546079 0.254912 7.060043 -0.914706 -0.079007 5.181890 1.722441 -0.570690 3.735600 0.242667 0.524359 -3.780843 -0.160663 -1.014128 -19.805716 0.000000 0.000000 0.000000 89.879379 -0.327167 9.617278 62.281597 -11.530998 4.324533 -0.837074 18.045706 82.968765 20.454594 45.971558 6.414941 9.001435 -1.627404 40.681580 0.000001 0.000016 -21.893524 0.000012 0.000058 -15.224004 0.000005 -0.000004 -0.000015 4.856332 0.134609 0.104072 3.973083 -0.041766 0.161715 3.893059 -0.033483 0.106816 -0.000016 0.000034 -0.000013 5.431221 0.033058 -3.327269 3.949708 -0.035199 0.051115 4.004992 -0.014528 0.052529 -0.000017 0.000098 -0.000001 9.082445 -0.017427 -8.073026 5.355924 0.077171 -0.128673 5.453749 0.032637 -0.092189 -0.000001 0.000452 -0.000005 12.164221 -0.004495 -14.552937 6.884949 0.213789 -0.316680 6.816362 0.079163 -0.319212 0.000010 0.000009 -0.000014 0.000000 0.000000 0.000000 0.000000 0.000000 0.000000 -86.681427 -0.031637 3.585066 -75.704086 -2.714500 -8.371544 -0.816322 -19.124979 88.604111 -48.748920 -63.968285 29.767435 -6.851068 1.306219 41.645554 -0.000005 0.000022 -16.657253 0.000030 -0.000023 -11.698255 0.001335 0.000015 -0.000014 4.271924 0.108337 2.482640 -0.939608 -0.076454 -0.210155 -1.155476 -0.050309 -0.183226 0.000015 -0.000287 -0.000011 1.572400 0.036193 -2.322862 -1.547158 -0.041025 -0.083048 -1.286671 -0.013572 -0.079333 -0.000059 -0.000004 0.000040 -6.384007 -0.019042 -9.158816 -4.228608 0.084412 0.109164 -3.859863 0.024289 0.084221 -0.001253 0.000010 0.000005 -12.841379 -0.027306 -16.840563 -7.815730 0.164354 0.384593 -7.654355 0.066871 0.274366 -0.000175 0.000006 -0.000052 0.000000 0.000000 0.000000 0.000000 0.000000 0.000000 -2.709804 -10.976465 18.601076 -0.082415 -0.670083 5.944802 -0.653895 -8.908050 15.097641 -1.044732 0.954463 -17.040838 0.000000 0.000000 0.000000 0.000000 0.000000 0.000000 0.000000 0.000000 0.000000 1.129556 -5.695946 10.992013 0.156004 0.666913 12.093781 1.582613 -1.658317 15.121020 0.286828 -0.791720 -20.056383 0.000000 0.000000 0.000000 0.000000 0.000000 0.000000 0.000000 0.000000 0.000000 
-1.338134 88.134941 3.756633 0.014690 4.435258 -12.664001 1.453662 0.004189 7.779517 0.730129 -0.139931 0.943037 -1.549461 0.266473 7.071822 -0.916265 -0.066974 5.178461 1.749021 -0.597639 3.667740 0.243535 0.501827 -3.798296 -0.152283 -1.014506 -19.785664 0.000000 0.000000 0.000000 89.865799 -0.313085 9.643859 62.382717 -11.512857 4.337954 -0.835134 18.105106 82.384468 20.309971 45.889408 6.118887 9.015849 -1.631080 40.673527 0.000001 0.000016 -21.925102 0.000012 0.000058 -15.243159 0.000005 -0.000004 -0.000016 4.957892 0.134290 0.137672 3.973941 -0.042526 0.157470 3.898281 -0.034000 0.103281 -0.000016 0.000034 -0.000013 5.506449 0.032880 -3.297230 3.941456 -0.035642 0.049678 3.997522 -0.014728 0.051627 -0.000016 0.000098 -0.000001 9.080665 -0.017345 -8.045910 5.315063 0.077823 -0.129307 5.414977 0.033161 -0.092536 -0.000001 0.000439 -0.000005 12.116445 -0.005183 -14.529154 6.822696 0.217734 -0.321788 6.756956 0.082534 -0.322859 0.000001 0.000009 -0.000014 0.000000 0.000000 0.000000 0.000000 0.000000 0.000000 -86.676208 -0.029371 3.606909 -75.880470 -2.557647 -8.420979 -0.828602 -19.147675 88.249962 -49.061657 -64.265411 30.018543 -6.847999 1.306477 41.645985 -0.000005 0.000022 -16.645607 0.000030 -0.000023 -11.689910 0.001345 0.000015 0.000035 4.278833 0.108651 2.478119 -0.868705 -0.077497 -0.212794 -1.087760 -0.051091 -0.185893 0.000015 -0.000297 -0.000012 1.580745 0.036281 -2.319896 -1.475927 -0.041383 -0.084660 -1.212477 -0.013929 -0.080956 -0.000101 -0.000005 0.000041 -6.342612 -0.018922 -9.149564 -4.155596 0.085399 0.111743 -3.783751 0.024766 0.086260 -0.001231 0.000010 0.000005 -12.784397 -0.027625 -16.834251 -7.740774 0.166611 0.392908 -7.580464 0.068746 0.281450 -0.000196 0.000005 -0.000052 0.000000 0.000000 0.000000 0.000000 0.000000 0.000000 -2.704012 -11.003477 18.603205 -0.082244 -0.669696 5.910923 -0.644845 -8.925193 15.124413 -1.045067 0.954413 -17.039396 0.000000 0.000000 0.000000 0.000000 0.000000 0.000000 0.000000 0.000000 0.000000 1.140722 -5.686668 10.962234 0.155558 0.663209 12.112344 1.589728 -1.649306 15.119642 0.287191 -0.791544 -20.055658 0.000000 0.000000 0.000000 0.000000 0.000000 0.000000 0.000000 0.000000 0.000000 
-1.339739 88.134132 3.747455 -0.001294 4.463825 -12.646800 1.458806 0.006089 7.795409 0.736426 -0.140068 0.924556 -1.556005 0.280623 7.086958 -0.919222 -0.055313 5.174534 1.778401 -0.632037 3.609155 0.243816 0.473422 -3.810824 -0.141702 -1.014050 -19.767277 0.000000 0.000000 0.000000 89.858887 -0.303804 9.665301 62.465027 -11.516011 4.372966 -0.829846 18.161234 81.617210 20.113138 45.772816 5.723691 9.026988 -1.634526 40.666569 0.000001 0.000016 -21.949343 0.000012 0.000059 -15.257619 0.000005 -0.000004 -0.000016 5.044042 0.134019 0.183407 3.964402 -0.043562 0.155025 3.895039 -0.034800 0.101172 -0.000016 0.000034 -0.000013 5.564709 0.032756 -3.257623 3.923453 -0.036224 0.048782 3.980287 -0.015030 0.051217 -0.000016 0.000097 -0.000001 9.055945 -0.017342 -8.001536 5.264265 0.078627 -0.130350 5.365941 0.033799 -0.093265 -0.000002 0.000430 -0.000004 12.046885 -0.006191 -14.479584 6.750164 0.221871 -0.327709 6.687912 0.085919 -0.327133 -0.000010 0.000009 -0.000013 0.000000 0.000000 0.000000 0.000000 0.000000 0.000000 -86.674164 -0.026292 3.625872 -76.012947 -2.373740 -8.449697 -0.839471 -19.157135 87.853142 -49.132980 -64.525734 30.027733 -6.849746 1.307053 41.644737 -0.000005 0.000022 -16.644329 0.000031 -0.000023 -11.688722 0.001350 0.000015 0.000098 4.260086 0.109204 2.486591 -0.828160 -0.077883 -0.212524 -1.050831 -0.051176 -0.186052 0.000015 -0.000302 -0.000012 1.565358 0.036438 -2.303375 -1.435488 -0.041467 -0.085121 -1.167491 -0.014082 -0.081674 -0.000148 -0.000005 0.000042 -6.316084 -0.018836 -9.122333 -4.109825 0.085989 0.112887 -3.734401 0.024946 0.087139 -0.001212 0.000010 0.000005 -12.733243 -0.028108 -16.803875 -7.683174 0.167779 0.396666 -7.523027 0.069707 0.284962 -0.000214 0.000005 -0.000052 0.000000 0.000000 0.000000 0.000000 0.000000 0.000000 -2.700782 -11.027418 18.603857 -0.082151 -0.669089 5.881270 -0.636139 -8.947676 15.150061 -1.045509 0.954008 -17.041752 0.000000 0.000000 0.000000 0.000000 0.000000 0.000000 0.000000 0.000000 0.000000 1.147904 -5.680323 10.932302 0.154962 0.660067 12.125633 1.595581 -1.652411 15.122997 0.287593 -0.791748 -20.055052 0.000000 0.000000 0.000000 0.000000 0.000000 0.000000 0.000000 0.000000 0.000000 
-1.342223 88.133316 3.738344 -0.012502 4.500036 -12.626002 1.461658 0.006983 7.810194 0.739764 -0.139459 0.904108 -1.565988 0.292842 7.109015 -0.924885 -0.045342 5.169492 1.820929 -0.676106 3.560587 0.244483 0.439898 -3.817497 -0.128040 -1.012524 -19.749575 0.000000 0.000000 0.000000 89.869606 -0.303922 9.674593 62.522873 -11.566751 4.437484 -0.819102 18.210588 80.578209 19.805330 45.597881 5.181196 9.040141 -1.638133 40.658463 0.000000 0.000016 -21.978382 0.000013 0.000059 -15.276118 0.000005 -0.000003 -0.000016 5.146643 0.133899 0.242853 3.960835 -0.044771 0.154590 3.900003 -0.035747 0.100591 -0.000017 0.000035 -0.000013 5.632078 0.032750 -3.202315 3.912179 -0.036897 0.048454 3.969248 -0.015420 0.051358 -0.000016 0.000097 -0.000001 9.027833 -0.017533 -7.922361 5.220191 0.079550 -0.131671 5.322780 0.034507 -0.094315 -0.000002 0.000430 -0.000004 11.969224 -0.008107 -14.375834 6.682198 0.226030 -0.334104 6.623819 0.089124 -0.332004 -0.000023 0.000009 -0.000013 0.000000 0.000000 0.000000 0.000000 0.000000 0.000000 -86.682930 -0.020758 3.639089 -76.084274 -2.140925 -8.456358 -0.848784 -19.149218 87.339569 -48.772587 -64.745193 29.612093 -6.869134 1.309690 41.636093 -0.000005 0.000022 -16.683861 0.000031 -0.000023 -11.716248 0.001345 0.000015 0.000179 4.155933 0.110169 2.496298 -0.837867 -0.077427 -0.208687 -1.064884 -0.050346 -0.183194 0.000016 -0.000302 -0.000012 1.471348 0.036750 -2.278740 -1.446448 -0.041205 -0.084151 -1.172185 -0.013980 -0.081275 -0.000201 -0.000006 0.000043 -6.352323 -0.018813 -9.070985 -4.113004 0.086073 0.112319 -3.733586 0.024756 0.086651 -0.001199 0.000010 0.000005 -12.726830 -0.028788 -16.730253 -7.662483 0.167491 0.394772 -7.500530 0.069414 0.283929 -0.000230 0.000005 -0.000052 0.000000 0.000000 0.000000 0.000000 0.000000 0.000000 -2.700477 -11.046125 18.597137 -0.082058 -0.667867 5.856658 -0.628654 -8.974197 15.177064 -1.045796 0.952842 -17.050175 0.000000 0.000000 0.000000 0.000000 0.000000 0.000000 0.000000 0.000000 0.000000 1.151155 -5.674143 10.898918 0.154243 0.657793 12.135024 1.597271 -1.667115 15.130820 0.288158 -0.792570 -20.055799 0.000000 0.000000 0.000000 0.000000 0.000000 0.000000 0.000000 0.000000 0.000000 
-1.346138 88.132492 3.730335 -0.019545 4.543925 -12.605520 1.463844 0.007765 7.821070 0.738066 -0.137104 0.884051 -1.575201 0.307402 7.140592 -0.935112 -0.035413 5.164594 1.881862 -0.732889 3.529713 0.246674 0.400401 -3.816560 -0.110311 -1.009037 -19.737204 0.000000 0.000000 0.000000 89.899704 -0.313339 9.676268 62.557468 -11.658194 4.523974 -0.802298 18.269436 79.217751 19.401501 45.358406 4.494740 9.054796 -1.642192 40.648766 0.000000 0.000017 -22.013321 0.000014 0.000059 -15.299201 0.000005 -0.000003 -0.000016 5.273026 0.133978 0.308799 3.968267 -0.046648 0.157009 3.918551 -0.037335 0.102322 -0.000017 0.000035 -0.000013 5.714986 0.032945 -3.138028 3.913821 -0.037799 0.048960 3.970388 -0.016028 0.052265 -0.000016 0.000097 -0.000002 9.005108 -0.017844 -7.817475 5.193325 0.080815 -0.133296 5.295322 0.035431 -0.095667 -0.000003 0.000435 -0.000004 11.891559 -0.010901 -14.227035 6.630990 0.230800 -0.340182 6.576018 0.092609 -0.336827 -0.000037 0.000009 -0.000013 0.000000 0.000000 0.000000 0.000000 0.000000 0.000000 -86.708344 -0.012000 3.648280 -76.074242 -1.851267 -8.417168 -0.858118 -19.128447 86.649841 -47.913544 -64.864876 28.706642 -6.902539 1.314620 41.620796 -0.000005 0.000022 -16.757650 0.000033 -0.000023 -11.768154 0.001339 0.000014 0.000262 3.966247 0.111626 2.507317 -0.884603 -0.076886 -0.204775 -1.117021 -0.049431 -0.180237 0.000016 -0.000296 -0.000012 1.303362 0.037184 -2.248951 -1.495928 -0.040884 -0.083022 -1.214137 -0.013870 -0.080784 -0.000254 -0.000007 0.000044 -6.440003 -0.018911 -8.998871 -4.153128 0.086011 0.111589 -3.769795 0.024481 0.085951 -0.001184 0.000010 0.000005 -12.748061 -0.029903 -16.615705 -7.668045 0.166793 0.391583 -7.502857 0.068776 0.281630 -0.000243 0.000004 -0.000052 0.000000 0.000000 0.000000 0.000000 0.000000 0.000000 -2.700186 -11.063969 18.586386 -0.081970 -0.666198 5.838345 -0.623834 -9.003117 15.202670 -1.045469 0.951183 -17.063446 0.000000 0.000000 0.000000 0.000000 0.000000 0.000000 0.000000 0.000000 0.000000 1.151580 -5.670351 10.869638 0.153379 0.656527 12.133739 1.594533 -1.690443 15.143956 0.289965 -0.793588 -20.056061 0.000000 0.000000 0.000000 0.000000 0.000000 0.000000 0.000000 0.000000 0.000000 
-1.352742 88.131248 3.724921 -0.025072 4.594965 -12.591821 1.466736 0.009616 7.826427 0.732590 -0.133092 0.865368 -1.580620 0.329557 7.180115 -0.950194 -0.023902 5.157747 1.952407 -0.802147 3.520298 0.249301 0.352299 -3.807435 -0.089170 -1.002683 -19.733990 0.000000 0.000000 0.000000 89.945641 -0.328613 9.680829 62.555691 -11.789151 4.620581 -0.779005 18.344772 77.540672 18.968750 45.025246 3.678941 9.068881 -1.646744 40.638031 0.000000 0.000017 -22.050957 0.000015 0.000060 -15.324490 0.000005 -0.000003 -0.000017 5.407113 0.134221 0.365356 3.973876 -0.049222 0.162305 3.937721 -0.039583 0.106565 -0.000017 0.000036 -0.000014 5.803319 0.033354 -3.081576 3.916734 -0.038882 0.050308 3.972083 -0.016820 0.053883 -0.000015 0.000096 -0.000002 8.987732 -0.018132 -7.712937 5.175212 0.082285 -0.135085 5.275092 0.036501 -0.097141 -0.000003 0.000436 -0.000004 11.819396 -0.013896 -14.067923 6.592115 0.235913 -0.344530 6.539268 0.096181 -0.340175 -0.000051 0.000009 -0.000012 0.000000 0.000000 0.000000 0.000000 0.000000 0.000000 -86.748100 -0.002935 3.661761 -75.968147 -1.514302 -8.312688 -0.869413 -19.095488 85.763939 -46.532867 -64.791367 27.267040 -6.937149 1.320339 41.604275 -0.000005 0.000022 -16.835831 0.000033 -0.000023 -11.824696 0.001338 0.000014 0.000335 3.755376 0.113595 2.529286 -0.935014 -0.076808 -0.203957 -1.173276 -0.049061 -0.179793 0.000016 -0.000284 -0.000012 1.125319 0.037685 -2.211949 -1.550155 -0.040701 -0.082905 -1.259957 -0.013929 -0.081089 -0.000299 -0.000008 0.000045 -6.515878 -0.019120 -8.915231 -4.194388 0.086034 0.111943 -3.808151 0.024317 0.085999 -0.001164 0.000010 0.000005 -12.736929 -0.031370 -16.481178 -7.667159 0.166476 0.390935 -7.499021 0.068478 0.280998 -0.000252 0.000004 -0.000053 0.000000 0.000000 0.000000 0.000000 0.000000 0.000000 -2.694101 -11.083621 18.579725 -0.081884 -0.664299 5.825201 -0.622822 -9.033326 15.222619 -1.043812 0.949552 -17.079704 0.000000 0.000000 0.000000 0.000000 0.000000 0.000000 0.000000 0.000000 0.000000 1.151675 -5.676072 10.853131 0.152402 0.656216 12.116965 1.589104 -1.720112 15.162432 0.293836 -0.794198 -20.054012 0.000000 0.000000 0.000000 0.000000 0.000000 0.000000 0.000000 0.000000 0.000000 
-1.362149 88.129295 3.721809 -0.030385 4.654072 -12.584598 1.469666 0.011778 7.829572 0.723669 -0.127972 0.847396 -1.581108 0.352978 7.227286 -0.968409 -0.012535 5.144363 2.025781 -0.881126 3.528865 0.251140 0.296636 -3.790831 -0.066373 -0.993378 -19.737509 0.000000 0.000000 0.000000 90.015678 -0.350820 9.685236 62.496296 -11.995716 4.730623 -0.747933 18.419889 75.547417 18.483332 44.529785 2.703362 9.085714 -1.651739 40.625530 0.000000 0.000018 -22.097042 0.000016 0.000060 -15.356093 0.000005 -0.000003 -0.000017 5.554586 0.134495 0.402988 3.975377 -0.051882 0.170281 3.954512 -0.041867 0.113140 -0.000017 0.000036 -0.000014 5.902075 0.033940 -3.040058 3.918050 -0.039924 0.052416 3.971200 -0.017628 0.056121 -0.000015 0.000095 -0.000003 8.980066 -0.018430 -7.610735 5.160930 0.083565 -0.137001 5.257375 0.037476 -0.098729 -0.000004 0.000427 -0.000003 11.757412 -0.016771 -13.898331 6.560730 0.240383 -0.347376 6.508461 0.099100 -0.342274 -0.000067 0.000009 -0.000012 0.000000 0.000000 0.000000 0.000000 0.000000 0.000000 -86.802628 0.003359 3.684451 -75.754761 -1.132994 -8.142264 -0.882338 -19.042458 84.655861 -44.430405 -64.450493 25.081367 -6.979678 1.327118 41.584538 -0.000005 0.000022 -16.931877 0.000033 -0.000023 -11.896377 0.001335 0.000014 0.000401 3.521573 0.116000 2.554761 -0.997178 -0.076557 -0.203721 -1.241038 -0.048561 -0.179800 0.000016 -0.000269 -0.000012 0.938091 0.038311 -2.173497 -1.616158 -0.040414 -0.082876 -1.316987 -0.013947 -0.081417 -0.000332 -0.000009 0.000044 -6.574726 -0.019352 -8.826617 -4.239470 0.085798 0.112077 -3.851910 0.024014 0.085870 -0.001142 0.000010 0.000005 -12.685715 -0.032513 -16.332563 -7.659230 0.165606 0.389185 -7.488805 0.067688 0.279098 -0.000259 0.000004 -0.000053 0.000000 0.000000 0.000000 0.000000 0.000000 0.000000 -2.680604 -11.100155 18.575499 -0.081737 -0.662064 5.817257 -0.626226 -9.065964 15.237530 -1.040404 0.947660 -17.100838 0.000000 0.000000 0.000000 0.000000 0.000000 0.000000 0.000000 0.000000 0.000000 1.153869 -5.689959 10.846444 0.151397 0.656918 12.090848 1.580506 -1.755380 15.183391 0.299322 -0.794364 -20.051323 0.000000 0.000000 0.000000 0.000000 0.000000 0.000000 0.000000 0.000000 0.000000 
-1.374556 88.126396 3.721458 -0.036933 4.723541 -12.586316 1.472310 0.014431 7.831910 0.709210 -0.120910 0.834075 -1.572161 0.374454 7.280396 -0.986571 -0.001188 5.122916 2.099040 -0.963924 3.556008 0.253203 0.239583 -3.767515 -0.044461 -0.981021 -19.748426 0.000000 0.000000 0.000000 90.112312 -0.378486 9.691913 62.360493 -12.297188 4.859501 -0.707736 18.504753 73.295242 17.941170 43.810883 1.561981 9.102438 -1.657029 40.612755 -0.000000 0.000019 -22.143793 0.000017 0.000061 -15.388243 0.000005 -0.000004 -0.000018 5.697722 0.134482 0.392021 3.969920 -0.054617 0.180240 3.965295 -0.044165 0.121543 -0.000018 0.000037 -0.000015 5.996383 0.034601 -3.041237 3.914293 -0.040907 0.055090 3.964073 -0.018449 0.058789 -0.000014 0.000094 -0.000003 8.975616 -0.018622 -7.536698 5.147738 0.084594 -0.138842 5.239097 0.038313 -0.100319 -0.000004 0.000408 -0.000003 11.705923 -0.018883 -13.744725 6.534595 0.244045 -0.348334 6.480381 0.101373 -0.342876 -0.000086 0.000010 -0.000011 0.000000 0.000000 0.000000 0.000000 0.000000 0.000000 -86.873459 0.004774 3.720482 -75.418724 -0.705935 -7.898263 -0.897403 -18.973242 83.330971 -41.513512 -63.737007 22.054474 -7.026689 1.334693 41.563023 -0.000005 0.000021 -17.038685 0.000033 -0.000024 -11.978010 0.001332 0.000014 0.000460 3.281687 0.118530 2.563444 -1.068138 -0.076046 -0.203438 -1.316509 -0.047848 -0.179862 0.000016 -0.000251 -0.000012 0.763161 0.038996 -2.151601 -1.687998 -0.039983 -0.082743 -1.380549 -0.013885 -0.081591 -0.000350 -0.000010 0.000042 -6.590716 -0.019452 -8.750086 -4.278777 0.085273 0.111510 -3.891976 0.023556 0.085295 -0.001116 0.000010 0.000005 -12.566968 -0.032735 -16.184700 -7.631805 0.164150 0.384993 -7.460757 0.066367 0.274989 -0.000268 0.000004 -0.000053 0.000000 0.000000 0.000000 0.000000 0.000000 0.000000 -2.658537 -11.112630 18.574579 -0.081513 -0.659614 5.815934 -0.634537 -9.102219 15.244375 -1.035218 0.945453 -17.124796 0.000000 0.000000 0.000000 0.000000 0.000000 0.000000 0.000000 0.000000 0.000000 1.160529 -5.708927 10.851490 0.150442 0.658555 12.057284 1.569350 -1.796775 15.203348 0.306522 -0.793775 -20.047663 0.000000 0.000000 0.000000 0.000000 0.000000 0.000000 0.000000 0.000000 0.000000 
-1.390032 88.122177 3.724205 -0.046043 4.806360 -12.599349 1.473431 0.018081 7.835210 0.688219 -0.111331 0.829698 -1.550086 0.390000 7.335135 -1.000916 0.010010 5.092310 2.166658 -1.043960 3.599072 0.256363 0.186973 -3.737944 -0.026259 -0.966113 -19.766111 0.000000 0.000000 0.000000 90.230515 -0.408927 9.704223 62.136395 -12.702498 5.009495 -0.658508 18.602402 70.877739 17.350475 42.802391 0.252803 9.116325 -1.662194 40.601639 -0.000000 0.000020 -22.182446 0.000018 0.000061 -15.415092 0.000005 -0.000004 -0.000018 5.810228 0.133947 0.302273 3.955472 -0.057045 0.190239 3.967420 -0.046088 0.130247 -0.000018 0.000037 -0.000015 6.064701 0.035206 -3.115084 3.902525 -0.041680 0.057631 3.948199 -0.019139 0.061318 -0.000014 0.000092 -0.000003 8.961649 -0.018561 -7.523050 5.132970 0.085050 -0.139895 5.217612 0.038784 -0.101425 -0.000004 0.000383 -0.000003 11.661115 -0.019570 -13.643641 6.510186 0.246002 -0.345801 6.450774 0.102371 -0.340626 -0.000108 0.000010 -0.000011 0.000000 0.000000 0.000000 0.000000 0.000000 0.000000 -86.957062 -0.001139 3.774543 -74.948212 -0.226659 -7.581096 -0.912622 -18.885614 81.828255 -37.778175 -62.502403 18.166929 -7.071105 1.341968 41.543087 -0.000005 0.000021 -17.140537 0.000032 -0.000024 -12.058503 0.001326 0.000013 0.000507 3.071286 0.120915 2.535627 -1.143280 -0.074942 -0.201844 -1.394379 -0.046601 -0.178992 0.000016 -0.000232 -0.000011 0.637368 0.039693 -2.164328 -1.757598 -0.039281 -0.082026 -1.443565 -0.013631 -0.081229 -0.000346 -0.000012 0.000040 -6.524302 -0.019214 -8.704111 -4.299658 0.084312 0.109444 -3.916546 0.022833 0.083766 -0.001081 0.000010 0.000005 -12.342175 -0.031344 -16.056643 -7.569053 0.161811 0.376398 -7.400235 0.064203 0.267325 -0.000281 0.000004 -0.000053 0.000000 0.000000 0.000000 0.000000 0.000000 0.000000 -2.627262 -11.120433 18.578690 -0.081199 -0.657141 5.822677 -0.647399 -9.145156 15.240221 -1.028605 0.943193 -17.148670 0.000000 0.000000 0.000000 0.000000 0.000000 0.000000 0.000000 0.000000 0.000000 1.173470 -5.730843 10.871159 0.149638 0.660997 12.016859 1.557713 -1.847740 15.218380 0.315371 -0.792227 -20.041786 0.000000 0.000000 0.000000 0.000000 0.000000 0.000000 0.000000 0.000000 0.000000 
-1.408243 88.116615 3.729490 -0.057674 4.905444 -12.622639 1.471393 0.023267 7.841156 0.661598 -0.099091 0.838070 -1.513888 0.396522 7.384437 -1.008327 0.020975 5.054559 2.224256 -1.116269 3.655620 0.261268 0.142263 -3.701124 -0.013522 -0.949327 -19.790365 0.000000 0.000000 0.000000 90.356491 -0.440057 9.723916 61.837101 -13.205636 5.176018 -0.602919 18.707603 68.390984 16.704309 41.431011 -1.232846 9.122947 -1.666632 40.594688 -0.000000 0.000020 -22.200766 0.000019 0.000062 -15.428440 0.000005 -0.000004 -0.000018 5.868430 0.132753 0.118910 3.928150 -0.058818 0.198459 3.956965 -0.047309 0.137785 -0.000018 0.000037 -0.000015 6.086388 0.035643 -3.279873 3.877945 -0.042114 0.059352 3.919688 -0.019566 0.063166 -0.000014 0.000090 -0.000004 8.921277 -0.018110 -7.593632 5.112280 0.084674 -0.139407 5.188838 0.038684 -0.101534 -0.000005 0.000360 -0.000003 11.610835 -0.018342 -13.624273 6.481923 0.245430 -0.338212 6.413535 0.101489 -0.334240 -0.000135 0.000010 -0.000010 0.000000 0.000000 0.000000 0.000000 0.000000 0.000000 -87.049049 -0.015989 3.848901 -74.336784 0.322640 -7.204685 -0.921749 -18.772734 80.206337 -33.317902 -60.546379 13.502456 -7.104836 1.347543 41.528584 -0.000004 0.000021 -17.220018 0.000031 -0.000024 -12.125238 0.001314 0.000013 0.000533 2.919351 0.122943 2.459059 -1.223321 -0.072857 -0.197357 -1.475106 -0.044427 -0.175778 0.000016 -0.000212 -0.000011 0.591541 0.040354 -2.224484 -1.822373 -0.038145 -0.080127 -1.503674 -0.013060 -0.079856 -0.000316 -0.000013 0.000037 -6.335889 -0.018431 -8.704412 -4.293895 0.082752 0.105106 -3.918110 0.021713 0.080744 -0.001040 0.000010 0.000005 -11.965993 -0.027508 -15.967457 -7.457296 0.158324 0.362076 -7.294192 0.060928 0.255151 -0.000303 0.000004 -0.000053 0.000000 0.000000 0.000000 0.000000 0.000000 0.000000 -2.587856 -11.122744 18.586031 -0.080763 -0.654734 5.838524 -0.664459 -9.197537 15.225584 -1.021317 0.941168 -17.170279 0.000000 0.000000 0.000000 0.000000 0.000000 0.000000 0.000000 0.000000 0.000000 1.192489 -5.751267 10.904535 0.149056 0.663955 11.970501 1.547758 -1.909831 15.226893 0.325645 -0.789646 -20.032551 0.000000 0.000000 0.000000 0.000000 0.000000 0.000000 0.000000 0.000000 0.000000 
-1.428388 88.110100 3.735336 -0.070003 5.022998 -12.650159 1.464723 0.030279 7.850375 0.630796 -0.084390 0.862944 -1.465005 0.392650 7.420262 -1.007490 0.031576 5.014406 2.271877 -1.177535 3.725491 0.269067 0.108227 -3.656367 -0.006837 -0.930867 -19.821648 0.000000 0.000000 0.000000 90.474106 -0.471322 9.750774 61.495373 -13.786329 5.343332 -0.545493 18.820486 65.918861 15.985708 39.612465 -2.897273 9.119632 -1.669710 40.593601 -0.000000 0.000021 -22.192316 0.000020 0.000063 -15.423997 0.000005 -0.000004 -0.000019 5.873695 0.130864 -0.159246 3.895882 -0.059360 0.202738 3.942096 -0.047359 0.142268 -0.000019 0.000038 -0.000015 6.060720 0.035838 -3.540542 3.847428 -0.042009 0.059420 3.886290 -0.019560 0.063672 -0.000013 0.000089 -0.000004 8.847567 -0.017169 -7.759217 5.092649 0.083127 -0.136436 5.159844 0.037747 -0.099999 -0.000005 0.000349 -0.000002 11.543886 -0.014731 -13.699345 6.453804 0.241209 -0.323942 6.372732 0.097896 -0.322551 -0.000167 0.000010 -0.000009 0.000000 0.000000 0.000000 0.000000 0.000000 0.000000 -87.151558 -0.038836 3.938435 -73.575348 0.965613 -6.789627 -0.914241 -18.624380 78.535637 -28.300852 -57.588600 8.249513 -7.122421 1.350325 41.522366 -0.000004 0.000020 -17.265749 0.000030 -0.000024 -12.169191 0.001288 0.000013 0.000526 2.826810 0.124425 2.325556 -1.315145 -0.069252 -0.188132 -1.565875 -0.040772 -0.168477 0.000016 -0.000190 -0.000011 0.633635 0.040899 -2.341860 -1.886437 -0.036344 -0.076339 -1.564641 -0.011998 -0.076913 -0.000254 -0.000014 0.000036 -5.996736 -0.016892 -8.765059 -4.259987 0.080341 0.097730 -3.895401 0.020011 0.075660 -0.000998 0.000010 0.000004 -11.389117 -0.020156 -15.933258 -7.286694 0.153213 0.341252 -7.132507 0.056150 0.237765 -0.000344 0.000004 -0.000053 0.000000 0.000000 0.000000 0.000000 0.000000 0.000000 -2.543988 -11.118981 18.588852 -0.080178 -0.652511 5.863981 -0.686108 -9.256351 15.204398 -1.014002 0.939502 -17.189505 0.000000 0.000000 0.000000 0.000000 0.000000 0.000000 0.000000 0.000000 0.000000 1.215034 -5.760257 10.946259 0.148729 0.667126 11.916397 1.540716 -1.980119 15.231838 0.337172 -0.785913 -20.020699 0.000000 0.000000 0.000000 0.000000 0.000000 0.000000 0.000000 0.000000 0.000000 
-1.449433 88.103165 3.739807 -0.080371 5.159576 -12.674630 1.452480 0.039078 7.861971 0.596778 -0.067878 0.906735 -1.407436 0.378665 7.436873 -0.999425 0.041605 4.976332 2.312746 -1.226693 3.804155 0.279988 0.085733 -3.606055 -0.005958 -0.910735 -19.857500 0.000000 0.000000 0.000000 90.574463 -0.503051 9.783492 61.142635 -14.415385 5.484743 -0.490709 18.943712 63.526501 15.218054 37.306789 -4.688465 9.107925 -1.671016 40.598000 -0.000000 0.000021 -22.162252 0.000020 0.000063 -15.405469 0.000005 -0.000005 -0.000019 5.855952 0.128471 -0.522661 3.881275 -0.058045 0.201279 3.945211 -0.045752 0.142070 -0.000019 0.000038 -0.000016 6.010957 0.035782 -3.888853 3.832485 -0.041141 0.057148 3.869827 -0.018950 0.062306 -0.000013 0.000091 -0.000004 8.748466 -0.015754 -8.017165 5.093695 0.080077 -0.130341 5.150321 0.035730 -0.096339 -0.000004 0.000358 -0.000002 11.455652 -0.008532 -13.865738 6.440370 0.232346 -0.302225 6.343862 0.090862 -0.305034 -0.000205 0.000010 -0.000008 0.000000 0.000000 0.000000 0.000000 0.000000 0.000000 -87.268700 -0.065997 4.034805 -72.664665 1.719390 -6.359303 -0.880676 -18.431816 76.893669 -23.092054 -53.392048 2.814004 -7.119482 1.349603 41.526733 -0.000003 0.000020 -17.267248 0.000030 -0.000024 -12.181891 0.001241 0.000013 0.000476 2.791228 0.125231 2.139912 -1.413193 -0.063781 -0.173645 -1.661658 -0.035272 -0.156608 0.000015 -0.000165 -0.000011 0.764815 0.041253 -2.515367 -1.944170 -0.033729 -0.070433 -1.620269 -0.010336 -0.072238 -0.000162 -0.000016 0.000036 -5.492878 -0.014530 -8.892000 -4.192691 0.076892 0.087205 -3.842871 0.017600 0.068437 -0.000958 0.000010 0.000004 -10.580045 -0.008733 -15.964038 -7.049362 0.145973 0.314384 -6.906849 0.049528 0.215426 -0.000409 0.000004 -0.000053 0.000000 0.000000 0.000000 0.000000 0.000000 0.000000 -2.500383 -11.107912 18.578051 -0.079424 -0.650638 5.899686 -0.711996 -9.314920 15.180326 -1.006634 0.938060 -17.207199 0.000000 0.000000 0.000000 0.000000 0.000000 0.000000 0.000000 0.000000 0.000000 1.236923 -5.748371 10.991374 0.148624 0.670458 11.848397 1.537135 -2.053083 15.239186 0.350010 -0.781007 -20.008078 0.000000 0.000000 0.000000 0.000000 0.000000 0.000000 0.000000 0.000000 0.000000 
-1.470149 88.096619 3.743769 -0.088223 5.312420 -12.695008 1.434669 0.048275 7.874694 0.558772 -0.051069 0.967919 -1.346193 0.354969 7.432308 -0.986906 0.050389 4.943398 2.352998 -1.271854 3.880011 0.291364 0.066075 -3.555800 -0.007261 -0.889455 -19.889786 0.000000 0.000000 0.000000 90.663628 -0.535477 9.821692 60.792873 -15.073159 5.580151 -0.441679 19.066021 61.229652 14.500614 34.633183 -6.448133 9.097439 -1.670985 40.603687 -0.000000 0.000021 -22.136005 0.000021 0.000063 -15.390172 0.000005 -0.000006 -0.000019 5.880737 0.125858 -0.946758 3.923722 -0.055018 0.195115 4.004817 -0.042683 0.137995 -0.000019 0.000038 -0.000016 5.990945 0.035540 -4.296917 3.870487 -0.039569 0.053035 3.907231 -0.017805 0.059541 -0.000013 0.000093 -0.000004 8.652978 -0.014138 -8.340592 5.145150 0.075720 -0.122319 5.190720 0.032820 -0.091370 -0.000004 0.000377 -0.000002 11.352607 -0.000636 -14.092034 6.463080 0.219631 -0.277381 6.350380 0.081072 -0.285114 -0.000240 0.000009 -0.000006 0.000000 0.000000 0.000000 0.000000 0.000000 0.000000 -87.391953 -0.092939 4.137435 -71.656754 2.590382 -5.943721 -0.824840 -18.196768 75.333305 -18.307703 -48.177425 -2.125525 -7.095661 1.345518 41.541828 -0.000003 0.000020 -17.219433 0.000032 -0.000024 -12.159594 0.001182 0.000012 0.000387 2.820723 0.125357 1.934668 -1.492810 -0.056840 -0.156200 -1.738281 -0.028293 -0.142541 0.000015 -0.000133 -0.000011 0.981093 0.041447 -2.717366 -1.976368 -0.030479 -0.063297 -1.650952 -0.008206 -0.066616 -0.000048 -0.000017 0.000036 -4.852810 -0.011709 -9.063771 -4.086465 0.072584 0.074951 -3.753638 0.014622 0.060134 -0.000912 0.000010 0.000004 -9.585859 0.005322 -16.044220 -6.755002 0.136584 0.283933 -6.626428 0.041182 0.190144 -0.000492 0.000004 -0.000053 0.000000 0.000000 0.000000 0.000000 0.000000 0.000000 -2.459440 -11.090046 18.554594 -0.078455 -0.648862 5.944878 -0.741037 -9.375515 15.156185 -0.998816 0.936479 -17.222946 0.000000 0.000000 0.000000 0.000000 0.000000 0.000000 0.000000 0.000000 0.000000 1.254840 -5.719459 11.037086 0.148617 0.674104 11.767421 1.538037 -2.125126 15.253292 0.363917 -0.775236 -19.995298 0.000000 0.000000 0.000000 0.000000 0.000000 0.000000 0.000000 0.000000 0.000000 
-1.489325 88.091240 3.749823 -0.095710 5.475307 -12.714553 1.411559 0.055443 7.887869 0.513645 -0.035489 1.040652 -1.283991 0.319123 7.408304 -0.971997 0.055984 4.916976 2.401224 -1.325237 3.941045 0.300491 0.037901 -3.511152 -0.005130 -0.867854 -19.908625 0.000000 0.000000 0.000000 90.756096 -0.568173 9.864218 60.449795 -15.753665 5.633623 -0.398950 19.172647 59.010181 13.937966 31.814487 -8.009245 9.106543 -1.671467 40.602058 0.000000 0.000021 -22.159378 0.000021 0.000064 -15.408998 0.000005 -0.000006 -0.000020 6.039994 0.123109 -1.406524 4.069299 -0.051135 0.186885 4.166119 -0.038934 0.132172 -0.000019 0.000038 -0.000016 6.082261 0.035194 -4.731123 4.005747 -0.037635 0.048245 4.042068 -0.016418 0.056403 -0.000012 0.000094 -0.000004 8.624308 -0.012740 -8.684796 5.283406 0.070737 -0.114478 5.318398 0.029570 -0.086556 -0.000004 0.000388 -0.000001 11.275443 0.007291 -14.322515 6.550633 0.205327 -0.256236 6.423347 0.070340 -0.268243 -0.000262 0.000009 -0.000005 0.000000 0.000000 0.000000 0.000000 0.000000 0.000000 -87.506599 -0.115502 4.253144 -70.638016 3.579521 -5.573851 -0.762403 -17.932020 73.856796 -14.378716 -42.598873 -6.093449 -7.063713 1.340125 41.561417 -0.000003 0.000020 -17.147259 0.000034 -0.000024 -12.119908 0.001127 0.000012 0.000275 2.874552 0.124879 1.728477 -1.546326 -0.049322 -0.138798 -1.788470 -0.020685 -0.129279 0.000015 -0.000088 -0.000011 1.224538 0.041605 -2.925115 -1.983431 -0.026992 -0.056127 -1.657222 -0.005897 -0.061082 0.000065 -0.000019 0.000036 -4.182143 -0.009003 -9.247822 -3.964592 0.067878 0.062740 -3.648887 0.011417 0.052026 -0.000852 0.000010 0.000004 -8.554418 0.019321 -16.135035 -6.452095 0.125558 0.252047 -6.338445 0.031642 0.163740 -0.000578 0.000003 -0.000053 0.000000 0.000000 0.000000 0.000000 0.000000 0.000000 -2.420552 -11.068999 18.528633 -0.077273 -0.646731 5.994420 -0.772061 -9.448296 15.135531 -0.990421 0.934669 -17.235447 0.000000 0.000000 0.000000 0.000000 0.000000 0.000000 0.000000 0.000000 0.000000 1.267751 -5.686603 11.079383 0.148526 0.677895 11.685025 1.544015 -2.195591 15.275044 0.377923 -0.769029 -19.981955 0.000000 0.000000 0.000000 0.000000 0.000000 0.000000 0.000000 0.000000 0.000000 
-1.506513 88.087296 3.759841 -0.106789 5.641192 -12.736980 1.385784 0.059510 7.900848 0.459684 -0.021305 1.119606 -1.221391 0.269262 7.369191 -0.956907 0.056819 4.897933 2.457956 -1.386972 3.982699 0.306768 0.002410 -3.473931 0.001741 -0.846872 -19.909643 0.000000 0.000000 0.000000 90.859093 -0.599466 9.908546 60.112663 -16.458435 5.659712 -0.359422 19.256016 56.861526 13.550354 29.015659 -9.305791 9.146760 -1.674244 40.587208 0.000001 0.000022 -22.260122 0.000021 0.000064 -15.480278 0.000005 -0.000007 -0.000020 6.372307 0.120277 -1.882188 4.327099 -0.047261 0.178457 4.437367 -0.035285 0.126115 -0.000019 0.000038 -0.000016 6.325685 0.034820 -5.165688 4.247782 -0.035688 0.043617 4.283208 -0.015077 0.053549 -0.000012 0.000094 -0.000004 8.710350 -0.011759 -9.014360 5.518333 0.065884 -0.108030 5.543459 0.026534 -0.082692 -0.000004 0.000379 -0.000001 11.269123 0.014153 -14.516856 6.714158 0.191746 -0.242272 6.574929 0.060472 -0.257143 -0.000269 0.000009 -0.000004 0.000000 0.000000 0.000000 0.000000 0.000000 0.000000 -87.606697 -0.131176 4.386353 -69.653732 4.671721 -5.257817 -0.706719 -17.658779 72.439835 -11.367228 -37.189636 -9.083650 -7.042424 1.336346 41.575848 -0.000003 0.000020 -17.096134 0.000035 -0.000024 -12.094210 0.001090 0.000011 0.000152 2.871592 0.123914 1.496264 -1.590749 -0.042200 -0.123564 -1.829147 -0.013442 -0.118485 0.000015 -0.000034 -0.000011 1.404002 0.041797 -3.150954 -1.987984 -0.023692 -0.049761 -1.662114 -0.003711 -0.056271 0.000164 -0.000020 0.000035 -3.612597 -0.006721 -9.436141 -3.870295 0.063285 0.051585 -3.570583 0.008362 0.044767 -0.000775 0.000011 0.000004 -7.649419 0.031429 -16.215580 -6.203263 0.114011 0.220154 -6.104705 0.021883 0.137316 -0.000654 0.000003 -0.000053 0.000000 0.000000 0.000000 0.000000 0.000000 0.000000 -2.381740 -11.052682 18.511679 -0.075986 -0.644365 6.038372 -0.802777 -9.535769 15.120016 -0.981587 0.933130 -17.243420 0.000000 0.000000 0.000000 0.000000 0.000000 0.000000 0.000000 0.000000 0.000000 1.277933 -5.660593 11.115839 0.148282 0.681547 11.612091 1.555175 -2.264492 15.301670 0.391191 -0.762614 -19.967632 0.000000 0.000000 0.000000 0.000000 0.000000 0.000000 0.000000 0.000000 0.000000 
-1.521826 88.084557 3.773907 -0.124107 5.803878 -12.762980 1.360056 0.060740 7.913595 0.398241 -0.008111 1.200745 -1.159175 0.204865 7.319854 -0.942706 0.051719 4.884512 2.515585 -1.446373 4.003348 0.310974 -0.030251 -3.444524 0.010473 -0.827279 -19.892672 0.000000 0.000000 0.000000 90.971825 -0.627598 9.950573 59.786629 -17.185883 5.666219 -0.319906 19.309540 54.795799 13.285494 26.311859 -10.345896 9.218556 -1.680028 40.558311 0.000001 0.000023 -22.437750 0.000020 0.000064 -15.603473 0.000006 -0.000007 -0.000020 6.854154 0.117445 -2.355501 4.666565 -0.043752 0.170429 4.787154 -0.032039 0.120284 -0.000018 0.000038 -0.000016 6.707598 0.034471 -5.582085 4.567821 -0.033876 0.039442 4.601713 -0.013899 0.051093 -0.000012 0.000092 -0.000004 8.916419 -0.011164 -9.308928 5.825971 0.061621 -0.103058 5.841671 0.024000 -0.079771 -0.000004 0.000352 -0.000001 11.348891 0.019638 -14.657637 6.937437 0.180199 -0.235270 6.788856 0.052436 -0.251471 -0.000265 0.000009 -0.000003 0.000000 0.000000 0.000000 0.000000 0.000000 0.000000 -87.693344 -0.139759 4.536661 -68.709564 5.841678 -4.987213 -0.664191 -17.394096 71.054802 -9.150123 -32.183105 -11.327837 -7.051832 1.336904 41.575130 -0.000003 0.000020 -17.118401 0.000037 -0.000023 -12.118392 0.001067 0.000011 0.000032 2.716902 0.122552 1.194745 -1.663529 -0.035960 -0.110307 -1.897715 -0.007100 -0.109465 0.000015 0.000025 -0.000010 1.423889 0.042022 -3.423370 -2.029181 -0.020798 -0.044162 -1.704946 -0.001799 -0.052047 0.000244 -0.000021 0.000033 -3.257514 -0.004863 -9.637348 -3.851560 0.059063 0.041278 -3.566528 0.005652 0.038132 -0.000689 0.000011 0.000004 -6.993933 0.041111 -16.281170 -6.061797 0.102884 0.188016 -5.978012 0.012646 0.110601 -0.000715 0.000003 -0.000053 0.000000 0.000000 0.000000 0.000000 0.000000 0.000000 -2.342474 -11.047506 18.509186 -0.074726 -0.642157 6.068121 -0.830342 -9.633267 15.110389 -0.972601 0.932332 -17.246880 0.000000 0.000000 0.000000 0.000000 0.000000 0.000000 0.000000 0.000000 0.000000 1.288184 -5.645521 11.145586 0.147879 0.684771 11.554054 1.571108 -2.330573 15.328542 0.403195 -0.756128 -19.951801 0.000000 0.000000 0.000000 0.000000 0.000000 0.000000 0.000000 0.000000 0.000000 
-1.535467 88.083321 3.790847 -0.148804 5.956781 -12.788613 1.335552 0.059332 7.926707 0.331576 0.004482 1.277965 -1.097861 0.126000 7.265607 -0.926633 0.039965 4.873463 2.567957 -1.492729 4.005333 0.315501 -0.049568 -3.422037 0.018426 -0.809519 -19.860941 0.000000 0.000000 0.000000 91.088997 -0.651376 9.986747 59.489204 -17.915672 5.667979 -0.279516 19.332720 52.816841 13.101927 23.784977 -11.155885 9.321825 -1.689477 40.514687 0.000002 0.000023 -22.690252 0.000020 0.000064 -15.777236 0.000006 -0.000008 -0.000021 7.465544 0.114440 -2.823725 5.058618 -0.040812 0.162575 5.186213 -0.029359 0.114339 -0.000018 0.000037 -0.000016 7.216855 0.034085 -5.974974 4.938255 -0.032299 0.035652 4.970038 -0.012955 0.048854 -0.000011 0.000090 -0.000003 9.246487 -0.010827 -9.555266 6.182050 0.058260 -0.099175 6.189073 0.022114 -0.077466 -0.000004 0.000313 -0.000001 11.525973 0.023728 -14.728367 7.202413 0.171501 -0.233971 7.047430 0.046840 -0.249996 -0.000259 0.000009 -0.000003 0.000000 0.000000 0.000000 0.000000 0.000000 0.000000 -87.770065 -0.141420 4.699648 -67.814354 7.065419 -4.752678 -0.638519 -17.142048 69.671593 -7.590314 -27.701296 -13.044785 -7.107390 1.343563 41.552166 -0.000003 0.000020 -17.253260 0.000039 -0.000023 -12.219425 0.001050 0.000011 -0.000083 2.330255 0.120803 0.789051 -1.805049 -0.030764 -0.097820 -2.034580 -0.001829 -0.100619 0.000016 0.000086 -0.000010 1.211199 0.042245 -3.764561 -2.145985 -0.018386 -0.038917 -1.824302 -0.000207 -0.048001 0.000307 -0.000022 0.000029 -3.187119 -0.003307 -9.856705 -3.943193 0.055344 0.031265 -3.671162 0.003384 0.031648 -0.000604 0.000011 0.000004 -6.653722 0.048442 -16.323874 -6.057323 0.092848 0.155056 -5.986439 0.004430 0.082994 -0.000759 0.000004 -0.000053 0.000000 0.000000 0.000000 0.000000 0.000000 0.000000 -2.301700 -11.055532 18.520653 -0.073587 -0.640299 6.077013 -0.853462 -9.734711 15.109328 -0.964143 0.932572 -17.245543 0.000000 0.000000 0.000000 0.000000 0.000000 0.000000 0.000000 0.000000 0.000000 1.301007 -5.639175 11.163878 0.147272 0.686817 11.516315 1.589058 -2.388508 15.352929 0.413586 -0.749533 -19.934233 0.000000 0.000000 0.000000 0.000000 0.000000 0.000000 0.000000 0.000000 0.000000 
-1.547825 88.083488 3.810037 -0.181019 6.093614 -12.813011 1.313700 0.056325 7.939200 0.262954 0.016701 1.349212 -1.037520 0.036590 7.210082 -0.907637 0.022728 4.863218 2.604402 -1.517553 3.989992 0.320406 -0.049011 -3.406946 0.022555 -0.793591 -19.818600 0.000000 0.000000 0.000000 91.208275 -0.671376 10.015508 59.221794 -18.640636 5.677590 -0.238160 19.322214 50.905357 12.972520 21.482975 -11.757041 9.449533 -1.702368 40.458851 0.000003 0.000024 -22.999582 0.000021 0.000063 -15.989244 0.000007 -0.000008 -0.000021 8.160699 0.111208 -3.286187 5.472416 -0.038785 0.155122 5.603744 -0.027572 0.108403 -0.000018 0.000037 -0.000016 7.816333 0.033610 -6.344132 5.329607 -0.031069 0.032330 5.358868 -0.012326 0.046800 -0.000011 0.000088 -0.000003 9.673461 -0.010597 -9.751900 6.560120 0.056096 -0.096165 6.559771 0.021019 -0.075606 -0.000004 0.000268 -0.000001 11.781671 0.026503 -14.727728 7.488707 0.166375 -0.237170 7.330003 0.044258 -0.251516 -0.000253 0.000009 -0.000003 0.000000 0.000000 0.000000 0.000000 0.000000 0.000000 -87.841751 -0.135792 4.867438 -66.960571 8.320872 -4.535750 -0.630008 -16.903852 68.269302 -6.569773 -23.774891 -14.388613 -7.218853 1.357331 41.502434 -0.000004 0.000020 -17.527126 0.000042 -0.000022 -12.415206 0.001035 0.000011 -0.000187 1.660130 0.118628 0.261331 -2.054592 -0.026632 -0.084351 -2.279240 0.002338 -0.090114 0.000016 0.000145 -0.000009 0.721019 0.042411 -4.184402 -2.375786 -0.016468 -0.033403 -2.057325 0.001057 -0.043578 0.000361 -0.000022 0.000024 -3.436639 -0.001952 -10.093655 -4.174133 0.052163 0.020803 -3.913949 0.001578 0.024732 -0.000528 0.000012 0.000004 -6.655614 0.053580 -16.333567 -6.207994 0.084337 0.120158 -6.147790 -0.002438 0.053606 -0.000790 0.000004 -0.000053 0.000000 0.000000 0.000000 0.000000 0.000000 0.000000 -2.258512 -11.075348 18.543549 -0.072617 -0.638913 6.066377 -0.871340 -9.832600 15.115382 -0.956292 0.933838 -17.239141 0.000000 0.000000 0.000000 0.000000 0.000000 0.000000 0.000000 0.000000 0.000000 1.318698 -5.639653 11.174634 0.146526 0.687759 11.495476 1.607014 -2.434703 15.371495 0.422844 -0.742882 -19.914221 0.000000 0.000000 0.000000 0.000000 0.000000 0.000000 0.000000 0.000000 0.000000 
-1.559032 88.084946 3.830454 -0.218784 6.208211 -12.834012 1.294366 0.052534 7.950109 0.195612 0.028439 1.412516 -0.979031 -0.058517 7.157572 -0.884374 0.001576 4.851434 2.619075 -1.516640 3.955326 0.325036 -0.027125 -3.402275 0.021068 -0.778729 -19.769403 0.000000 0.000000 0.000000 91.330338 -0.689616 10.037128 58.982937 -19.348816 5.711219 -0.197649 19.275663 49.037010 12.886744 19.443560 -12.173609 9.594803 -1.718210 40.393520 0.000004 0.000025 -23.348427 0.000021 0.000063 -16.227953 0.000008 -0.000009 -0.000021 8.901204 0.107702 -3.745170 5.887353 -0.037889 0.148211 6.019427 -0.026843 0.102552 -0.000018 0.000037 -0.000016 8.472829 0.033002 -6.692901 5.723089 -0.030251 0.029452 5.749529 -0.012046 0.044877 -0.000011 0.000086 -0.000003 10.169070 -0.010409 -9.900788 6.943546 0.055211 -0.093745 6.937694 0.020714 -0.073979 -0.000005 0.000221 -0.000001 12.093766 0.027917 -14.657192 7.784211 0.164922 -0.243273 7.624440 0.044720 -0.254546 -0.000249 0.000008 -0.000002 0.000000 0.000000 0.000000 0.000000 0.000000 0.000000 -87.914223 -0.122469 5.031422 -66.147926 9.583232 -4.323438 -0.637406 -16.671827 66.834892 -5.974650 -20.426075 -15.455162 -7.395377 1.379087 41.422039 -0.000004 0.000021 -17.963037 0.000044 -0.000022 -12.721300 0.001014 0.000010 -0.000272 0.657315 0.116010 -0.396948 -2.458312 -0.023340 -0.067313 -2.678255 0.005638 -0.075626 0.000017 0.000202 -0.000009 -0.087102 0.042480 -4.685457 -2.762648 -0.014955 -0.026685 -2.447980 0.002067 -0.038007 0.000411 -0.000023 0.000018 -4.029045 -0.000728 -10.342541 -4.576596 0.049450 0.008826 -4.327908 0.000149 0.016593 -0.000468 0.000012 0.000005 -7.009464 0.056655 -16.293859 -6.531106 0.077348 0.080990 -6.478872 -0.008038 0.020579 -0.000812 0.000004 -0.000053 0.000000 0.000000 0.000000 0.000000 0.000000 0.000000 -2.212395 -11.099299 18.571796 -0.071838 -0.637869 6.042131 -0.883771 -9.919165 15.127231 -0.948742 0.935854 -17.228603 0.000000 0.000000 0.000000 0.000000 0.000000 0.000000 0.000000 0.000000 0.000000 1.342155 -5.642674 11.182706 0.145656 0.687605 11.485178 1.621859 -2.465253 15.383105 0.431433 -0.736327 -19.891371 0.000000 0.000000 0.000000 0.000000 0.000000 0.000000 0.000000 0.000000 0.000000 
-1.569104 88.087753 3.851289 -0.260181 6.295230 -12.849894 1.277331 0.048718 7.957962 0.133033 0.039302 1.466931 -0.924228 -0.153832 7.111855 -0.855884 -0.021866 4.837271 2.609994 -1.488944 3.900265 0.328173 0.014494 -3.411040 0.012979 -0.763788 -19.717329 0.000000 0.000000 0.000000 91.456863 -0.708490 10.052095 58.769314 -20.026669 5.788215 -0.160662 19.189127 47.191620 12.830389 17.678501 -12.442971 9.744667 -1.735555 40.324608 0.000004 0.000026 -23.705557 0.000021 0.000063 -16.472219 0.000008 -0.000009 -0.000022 9.628691 0.103909 -4.194464 6.281173 -0.038360 0.142584 6.411652 -0.027355 0.097455 -0.000018 0.000037 -0.000017 9.130146 0.032247 -7.021284 6.098408 -0.029927 0.027208 6.121758 -0.012151 0.043245 -0.000011 0.000085 -0.000003 10.679050 -0.010253 -10.007962 7.313325 0.055591 -0.091988 7.304088 0.021154 -0.072648 -0.000005 0.000174 -0.000001 12.416054 0.027945 -14.529157 8.073555 0.166977 -0.251456 7.915260 0.048037 -0.258405 -0.000245 0.000008 -0.000002 0.000000 0.000000 0.000000 0.000000 0.000000 0.000000 -87.992271 -0.101693 5.184453 -65.382492 10.824697 -4.107179 -0.658120 -16.434275 65.362633 -5.707423 -17.654480 -16.310499 -7.634907 1.408459 41.312046 -0.000004 0.000021 -18.556183 0.000047 -0.000021 -13.134104 0.000985 0.000010 -0.000333 -0.672652 0.113049 -1.175785 -3.035361 -0.020741 -0.045543 -3.251073 0.008255 -0.056209 0.000017 0.000259 -0.000008 -1.203503 0.042438 -5.259410 -3.324175 -0.013778 -0.018335 -3.013828 0.002869 -0.030936 0.000459 -0.000024 0.000011 -4.938969 0.000418 -10.596806 -5.158312 0.047185 -0.005080 -4.921575 -0.000962 0.006918 -0.000428 0.000012 0.000005 -7.679876 0.057913 -16.197208 -7.023263 0.071892 0.036762 -6.975885 -0.012435 -0.016779 -0.000829 0.000004 -0.000053 0.000000 0.000000 0.000000 0.000000 0.000000 0.000000 -2.162621 -11.118774 18.599415 -0.071266 -0.636999 6.011561 -0.890757 -9.988632 15.143412 -0.940938 0.938298 -17.215578 0.000000 0.000000 0.000000 0.000000 0.000000 0.000000 0.000000 0.000000 0.000000 1.372481 -5.644182 11.193245 0.144693 0.686496 11.477926 1.630460 -2.478821 15.387802 0.439945 -0.730115 -19.866161 0.000000 0.000000 0.000000 0.000000 0.000000 0.000000 0.000000 0.000000 0.000000 
-1.578021 88.092262 3.872175 -0.304534 6.350881 -12.860620 1.263009 0.045499 7.961225 0.078576 0.048520 1.513006 -0.875148 -0.244407 7.074990 -0.821516 -0.046453 4.822021 2.577665 -1.436067 3.829785 0.328653 0.072510 -3.432652 -0.001692 -0.748002 -19.667206 0.000000 0.000000 0.000000 91.589012 -0.729099 10.060037 58.580391 -20.662832 5.923086 -0.129851 19.058846 45.358631 12.783118 16.168795 -12.613031 9.880657 -1.751846 40.261261 0.000005 0.000027 -24.027010 0.000021 0.000063 -16.691839 0.000009 -0.000010 -0.000022 10.267247 0.099850 -4.612887 6.632951 -0.040178 0.138863 6.760592 -0.029106 0.093680 -0.000018 0.000036 -0.000017 9.710150 0.031371 -7.320864 6.435529 -0.030094 0.025774 6.455633 -0.012623 0.042063 -0.000011 0.000084 -0.000003 11.121600 -0.010151 -10.082828 7.647407 0.057010 -0.091100 7.636916 0.022173 -0.071805 -0.000005 0.000129 -0.000001 12.674450 0.026699 -14.368991 8.334904 0.171888 -0.261655 8.180634 0.053677 -0.263259 -0.000241 0.000008 -0.000002 0.000000 0.000000 0.000000 0.000000 0.000000 0.000000 -88.077003 -0.074846 5.323145 -64.674255 12.024077 -3.881776 -0.687346 -16.179157 63.852524 -5.695078 -15.417652 -17.013470 -7.912712 1.442339 41.183807 -0.000004 0.000022 -19.245256 0.000050 -0.000020 -13.611465 0.000946 0.000009 -0.000370 -2.205531 0.109997 -2.025215 -3.732749 -0.018782 -0.020844 -3.944666 0.010269 -0.033591 0.000018 0.000315 -0.000007 -2.512551 0.042308 -5.873932 -4.006954 -0.012892 -0.008959 -3.701075 0.003482 -0.022879 0.000504 -0.000024 0.000003 -6.046097 0.001515 -10.848101 -5.860944 0.045395 -0.019982 -5.636733 -0.001765 -0.003612 -0.000404 0.000012 0.000005 -8.547041 0.057846 -16.057417 -7.626848 0.068016 -0.009744 -7.581103 -0.015630 -0.056360 -0.000842 0.000004 -0.000053 0.000000 0.000000 0.000000 0.000000 0.000000 0.000000 -2.108974 -11.129442 18.624140 -0.070928 -0.636308 5.979297 -0.892530 -10.039460 15.162401 -0.932516 0.940931 -17.201353 0.000000 0.000000 0.000000 0.000000 0.000000 0.000000 0.000000 0.000000 0.000000 1.410611 -5.642785 11.210732 0.143711 0.684797 11.467202 1.631207 -2.476716 15.386218 0.448966 -0.724522 -19.839476 0.000000 0.000000 0.000000 0.000000 0.000000 0.000000 0.000000 0.000000 0.000000 
-1.585807 88.098473 3.892952 -0.350961 6.373228 -12.867637 1.250862 0.043385 7.959586 0.034739 0.055019 1.550892 -0.833731 -0.327436 7.049782 -0.780540 -0.071875 4.806925 2.526569 -1.361690 3.750529 0.326038 0.142915 -3.464239 -0.022333 -0.731131 -19.622597 0.000000 0.000000 0.000000 91.728355 -0.751926 10.059566 58.412041 -21.254639 6.124113 -0.106936 18.882092 43.538910 12.733233 14.867352 -12.736264 9.986789 -1.764613 40.211891 0.000005 0.000027 -24.274790 0.000022 0.000063 -16.860687 0.000009 -0.000010 -0.000023 10.753836 0.095662 -4.978634 6.930524 -0.042928 0.136721 7.054999 -0.031704 0.091070 -0.000017 0.000037 -0.000018 10.145004 0.030454 -7.582459 6.721712 -0.030610 0.025064 6.738637 -0.013346 0.041277 -0.000012 0.000083 -0.000003 11.423814 -0.010139 -10.136497 7.928549 0.059027 -0.091105 7.918640 0.023482 -0.071540 -0.000005 0.000081 -0.000001 12.801566 0.024509 -14.206244 8.548500 0.178477 -0.273624 8.400616 0.060692 -0.269249 -0.000237 0.000008 -0.000002 0.000000 0.000000 0.000000 0.000000 0.000000 0.000000 -88.166222 -0.044709 5.448376 -64.032387 13.173316 -3.640693 -0.717549 -15.893568 62.300575 -5.874921 -13.639029 -17.626335 -8.191272 1.476239 41.054661 -0.000004 0.000022 -19.936731 0.000052 -0.000020 -14.089431 0.000892 0.000008 -0.000387 -3.744630 0.107175 -2.868863 -4.449420 -0.017478 0.002920 -4.657779 0.011700 -0.011440 0.000019 0.000370 -0.000006 -3.835130 0.042143 -6.481117 -4.710132 -0.012278 0.000053 -4.408383 0.003897 -0.015019 0.000544 -0.000025 -0.000006 -7.176952 0.002575 -11.087133 -6.582352 0.044120 -0.033879 -6.371010 -0.002232 -0.013490 -0.000390 0.000012 0.000005 -9.447386 0.057193 -15.902293 -8.249253 0.065748 -0.052872 -8.202289 -0.017611 -0.093761 -0.000852 0.000004 -0.000053 0.000000 0.000000 0.000000 0.000000 0.000000 0.000000 -2.052740 -11.129729 18.645697 -0.070816 -0.635785 5.949041 -0.889817 -10.073036 15.182709 -0.923238 0.943430 -17.187574 0.000000 0.000000 0.000000 0.000000 0.000000 0.000000 0.000000 0.000000 0.000000 1.456040 -5.639439 11.238907 0.142774 0.682860 11.449260 1.623425 -2.463548 15.378939 0.458787 -0.719842 -19.812424 0.000000 0.000000 0.000000 0.000000 0.000000 0.000000 0.000000 0.000000 0.000000 
-1.592354 88.105751 3.913745 -0.397941 6.363032 -12.873364 1.239680 0.043116 7.954590 0.003163 0.057880 1.579906 -0.801612 -0.400810 7.039019 -0.734244 -0.097710 4.791805 2.462571 -1.274231 3.665443 0.320205 0.218528 -3.503515 -0.046982 -0.713664 -19.583576 0.000000 0.000000 0.000000 91.876129 -0.776738 10.052337 58.255959 -21.819256 6.384239 -0.091832 18.659451 41.748432 12.675741 13.741200 -12.849541 10.059034 -1.773115 40.178970 0.000005 0.000028 -24.438971 0.000023 0.000063 -16.972351 0.000010 -0.000011 -0.000023 11.071841 0.091566 -5.283743 7.167120 -0.045924 0.135445 7.288393 -0.034478 0.089245 -0.000017 0.000037 -0.000018 10.415002 0.029569 -7.803438 6.948388 -0.031244 0.024909 6.962340 -0.014141 0.040811 -0.000012 0.000082 -0.000004 11.565929 -0.010191 -10.177477 8.142892 0.061128 -0.092001 8.134853 0.024788 -0.071945 -0.000006 0.000026 -0.000000 12.783740 0.021954 -14.060529 8.698888 0.185299 -0.287094 8.559023 0.067927 -0.276517 -0.000231 0.000009 -0.000001 0.000000 0.000000 0.000000 0.000000 0.000000 0.000000 -88.256477 -0.013799 5.564918 -63.458458 14.281090 -3.376754 -0.741894 -15.565505 60.706406 -6.184427 -12.241777 -18.202585 -8.444180 1.507074 40.937050 -0.000004 0.000022 -20.564447 0.000054 -0.000019 -14.523039 0.000823 0.000007 -0.000382 -5.143626 0.104800 -3.653197 -5.108605 -0.016712 0.022859 -5.313917 0.012644 0.007359 0.000020 0.000425 -0.000005 -5.038691 0.041986 -7.048110 -5.356691 -0.011880 0.007589 -5.058782 0.004138 -0.008331 0.000578 -0.000026 -0.000015 -8.204787 0.003645 -11.310522 -7.243850 0.043281 -0.045222 -7.045733 -0.002393 -0.021506 -0.000381 0.000012 0.000005 -10.264821 0.056787 -15.756806 -8.819566 0.064780 -0.088288 -8.769781 -0.018602 -0.125328 -0.000860 0.000004 -0.000053 0.000000 0.000000 0.000000 0.000000 0.000000 0.000000 -1.996554 -11.118965 18.664101 -0.070932 -0.635457 5.924935 -0.884495 -10.090268 15.201726 -0.913070 0.945762 -17.175117 0.000000 0.000000 0.000000 0.000000 0.000000 0.000000 0.000000 0.000000 0.000000 1.506704 -5.636400 11.280707 0.141923 0.681055 11.423515 1.606911 -2.442738 15.365290 0.469439 -0.716343 -19.785421 0.000000 0.000000 0.000000 0.000000 0.000000 0.000000 0.000000 0.000000 0.000000 
-1.597482 88.113342 3.934798 -0.444782 6.322765 -12.880391 1.229459 0.044659 7.949583 -0.016012 0.057095 1.598583 -0.778810 -0.462678 7.044303 -0.686134 -0.122783 4.775341 2.392739 -1.183452 3.576902 0.311608 0.292055 -3.547205 -0.072925 -0.696352 -19.548727 0.000000 0.000000 0.000000 92.029404 -0.801614 10.044961 58.112442 -22.384268 6.677700 -0.083646 18.400822 40.011360 12.622352 12.790743 -12.955144 10.104502 -1.778563 40.158852 0.000005 0.000028 -24.536846 0.000023 0.000063 -17.039032 0.000010 -0.000011 -0.000024 11.253719 0.087711 -5.532553 7.340410 -0.048804 0.135095 7.458482 -0.037108 0.088450 -0.000017 0.000037 -0.000018 10.552569 0.028731 -7.985865 7.111242 -0.031891 0.025357 7.122181 -0.014914 0.040766 -0.000012 0.000080 -0.000004 11.586253 -0.010223 -10.207813 8.283288 0.063097 -0.093834 8.277925 0.025996 -0.073098 -0.000006 -0.000037 0.000000 12.663851 0.019681 -13.933705 8.779373 0.191572 -0.301780 8.648284 0.074757 -0.285118 -0.000226 0.000009 -0.000002 0.000000 0.000000 0.000000 0.000000 0.000000 0.000000 -88.344322 0.016150 5.677140 -62.953869 15.357872 -3.089639 -0.757439 -15.189876 59.084145 -6.569153 -11.162020 -18.760586 -8.663733 1.534139 40.834576 -0.000004 0.000022 -21.109003 0.000055 -0.000018 -14.899261 0.000743 0.000006 -0.000359 -6.357727 0.102887 -4.363499 -5.682331 -0.016367 0.038181 -5.885683 0.013169 0.021880 0.000020 0.000481 -0.000005 -6.081383 0.041841 -7.565710 -5.917157 -0.011652 0.013280 -5.623101 0.004240 -0.003155 0.000604 -0.000026 -0.000025 -9.086353 0.004770 -11.518797 -7.811496 0.042787 -0.053596 -7.626648 -0.002294 -0.027311 -0.000369 0.000012 0.000005 -10.958466 0.057107 -15.631230 -9.304732 0.064754 -0.114709 -9.251927 -0.018796 -0.149595 -0.000864 0.000004 -0.000053 0.000000 0.000000 0.000000 0.000000 0.000000 0.000000 -1.941554 -11.096878 18.680981 -0.071229 -0.635385 5.908251 -0.879930 -10.092285 15.217365 -0.902446 0.948295 -17.163143 0.000000 0.000000 0.000000 0.000000 0.000000 0.000000 0.000000 0.000000 0.000000 1.560703 -5.634515 11.335582 0.141167 0.679503 11.394459 1.582016 -2.413274 15.343910 0.480760 -0.714073 -19.757013 0.000000 0.000000 0.000000 0.000000 0.000000 0.000000 0.000000 0.000000 0.000000 
-1.601205 88.120308 3.956155 -0.491782 6.255570 -12.890134 1.220810 0.047505 7.947567 -0.024537 0.053299 1.606796 -0.763646 -0.513534 7.065574 -0.639082 -0.146067 4.754832 2.325917 -1.097243 3.485561 0.300966 0.359043 -3.593032 -0.098069 -0.679576 -19.515461 0.000000 0.000000 0.000000 92.184158 -0.824471 10.043722 57.989712 -22.970654 6.975845 -0.080855 18.117329 38.353981 12.586390 12.009919 -13.040962 10.133746 -1.782493 40.146168 0.000005 0.000028 -24.594095 0.000024 0.000063 -17.078634 0.000011 -0.000011 -0.000024 11.348839 0.084228 -5.735482 7.457845 -0.051360 0.135861 7.572581 -0.039404 0.088951 -0.000017 0.000037 -0.000018 10.607385 0.027956 -8.134779 7.216429 -0.032491 0.026421 7.224010 -0.015600 0.041226 -0.000012 0.000078 -0.000004 11.540035 -0.010183 -10.227324 8.355899 0.064836 -0.096474 8.353584 0.027062 -0.074913 -0.000006 -0.000102 0.000000 12.498261 0.018065 -13.820457 8.796791 0.196866 -0.316893 8.674260 0.080771 -0.294550 -0.000223 0.000009 -0.000002 0.000000 0.000000 0.000000 0.000000 0.000000 0.000000 -88.427666 0.043538 5.788124 -62.527443 16.411821 -2.787898 -0.763727 -14.768789 57.458752 -6.977563 -10.344173 -19.293039 -8.851414 1.557802 40.746506 -0.000004 0.000023 -21.573864 0.000056 -0.000018 -15.220755 0.000659 0.000005 -0.000322 -7.392606 0.101377 -4.998328 -6.168178 -0.016358 0.049174 -6.370998 0.013339 0.032235 0.000021 0.000535 -0.000004 -6.967694 0.041705 -8.031760 -6.387876 -0.011573 0.017194 -6.097847 0.004227 0.000531 0.000622 -0.000027 -0.000034 -9.823805 0.005953 -11.709496 -8.278569 0.042557 -0.059180 -8.106711 -0.001991 -0.031003 -0.000350 0.000012 0.000005 -11.529427 0.058189 -15.524471 -9.696636 0.065334 -0.132728 -9.641427 -0.018404 -0.166634 -0.000864 0.000004 -0.000053 0.000000 0.000000 0.000000 0.000000 0.000000 0.000000 -1.886996 -11.062326 18.696682 -0.071599 -0.635499 5.898993 -0.878013 -10.079584 15.228360 -0.891571 0.951324 -17.150890 0.000000 0.000000 0.000000 0.000000 0.000000 0.000000 0.000000 0.000000 0.000000 1.617539 -5.632408 11.401144 0.140521 0.678305 11.366877 1.549298 -2.373552 15.313339 0.492595 -0.712995 -19.726429 0.000000 0.000000 0.000000 0.000000 0.000000 0.000000 0.000000 0.000000 0.000000 
-1.603750 88.126114 3.977613 -0.539527 6.164926 -12.902028 1.214387 0.050893 7.950217 -0.025418 0.047313 1.605355 -0.753750 -0.555687 7.101176 -0.594310 -0.167064 4.728528 2.271433 -1.020327 3.393932 0.289498 0.417999 -3.638303 -0.121202 -0.663233 -19.481197 0.000000 0.000000 0.000000 92.335007 -0.843803 10.052007 57.899818 -23.582178 7.262395 -0.081927 17.817995 36.787708 12.583386 11.382242 -13.094732 10.153730 -1.785861 40.137371 0.000005 0.000029 -24.627954 0.000024 0.000063 -17.102850 0.000011 -0.000011 -0.000025 11.392786 0.081151 -5.902141 7.529463 -0.053658 0.138023 7.640650 -0.041432 0.091001 -0.000017 0.000037 -0.000018 10.614934 0.027250 -8.255209 7.273379 -0.033070 0.028145 7.277102 -0.016218 0.042271 -0.000012 0.000075 -0.000004 11.465184 -0.010073 -10.235154 8.372491 0.066419 -0.099810 8.373322 0.028044 -0.077290 -0.000006 -0.000162 0.000001 12.322572 0.017135 -13.714248 8.763535 0.201334 -0.331903 8.648529 0.086018 -0.304421 -0.000222 0.000009 -0.000003 0.000000 0.000000 0.000000 0.000000 0.000000 0.000000 -88.504204 0.066893 5.898350 -62.195202 17.441414 -2.486279 -0.762055 -14.307502 55.851414 -7.372189 -9.739196 -19.781742 -9.009645 1.578478 40.671680 -0.000003 0.000023 -21.964642 0.000056 -0.000017 -15.491625 0.000576 0.000004 -0.000278 -8.260846 0.100182 -5.556643 -6.568148 -0.016744 0.056114 -6.772059 0.013109 0.038634 0.000022 0.000583 -0.000004 -7.708246 0.041566 -8.443822 -6.770228 -0.011673 0.019435 -6.484221 0.004077 0.002782 0.000629 -0.000027 -0.000044 -10.426319 0.007160 -11.877368 -8.645579 0.042600 -0.062147 -8.485905 -0.001488 -0.032697 -0.000324 0.000012 0.000006 -11.984669 0.059790 -15.430713 -9.994501 0.066453 -0.143043 -9.937690 -0.017455 -0.176867 -0.000860 0.000004 -0.000054 0.000000 0.000000 0.000000 0.000000 0.000000 0.000000 -1.831267 -11.015161 18.709581 -0.071909 -0.635535 5.897233 -0.879394 -10.053267 15.236179 -0.880504 0.954808 -17.139063 0.000000 0.000000 0.000000 0.000000 0.000000 0.000000 0.000000 0.000000 0.000000 1.677458 -5.626702 11.472832 0.139991 0.677375 11.345604 1.509463 -2.323486 15.274012 0.504757 -0.712852 -19.694731 0.000000 0.000000 0.000000 0.000000 0.000000 0.000000 0.000000 0.000000 0.000000 
-1.605366 88.130699 3.998820 -0.588089 6.054787 -12.914138 1.210801 0.054145 7.957901 -0.022436 0.040107 1.595652 -0.746103 -0.591745 7.149213 -0.552347 -0.185634 4.696771 2.236143 -0.955898 3.305841 0.278573 0.468278 -3.680409 -0.141464 -0.647041 -19.444351 0.000000 0.000000 0.000000 92.477409 -0.858995 10.070639 57.848270 -24.215187 7.532252 -0.085201 17.509880 35.311684 12.626601 10.889876 -13.109345 10.168130 -1.789052 40.130714 0.000005 0.000029 -24.647676 0.000025 0.000063 -17.117558 0.000012 -0.000011 -0.000025 11.404208 0.078426 -6.040548 7.564863 -0.055887 0.141732 7.672412 -0.043388 0.094664 -0.000017 0.000037 -0.000019 10.593559 0.026592 -8.352348 7.291833 -0.033695 0.030544 7.291102 -0.016830 0.043944 -0.000012 0.000071 -0.000003 11.378917 -0.009919 -10.232040 8.345721 0.067993 -0.103792 8.349674 0.029053 -0.080171 -0.000007 -0.000209 0.000001 12.150287 0.016679 -13.610846 8.692182 0.205447 -0.346916 8.583326 0.090839 -0.314779 -0.000222 0.000009 -0.000005 0.000000 0.000000 0.000000 0.000000 0.000000 0.000000 -88.572151 0.085634 6.004616 -61.968987 18.435820 -2.200057 -0.755455 -13.813504 54.278748 -7.733045 -9.307027 -20.211149 -9.141328 1.596477 40.608871 -0.000003 0.000023 -22.287748 0.000056 -0.000017 -15.716502 0.000498 0.000003 -0.000236 -8.976379 0.099196 -6.041342 -6.885334 -0.017595 0.059464 -7.092067 0.012431 0.041507 0.000022 0.000620 -0.000003 -8.314446 0.041395 -8.802840 -7.067280 -0.011985 0.020205 -6.784814 0.003765 0.003739 0.000622 -0.000028 -0.000053 -10.903339 0.008352 -12.019668 -8.915679 0.042947 -0.062756 -8.766607 -0.000773 -0.032584 -0.000293 0.000012 0.000006 -12.329982 0.061583 -15.344284 -10.200130 0.068145 -0.146499 -10.142427 -0.015905 -0.181032 -0.000853 0.000005 -0.000054 0.000000 0.000000 0.000000 0.000000 0.000000 0.000000 -1.773422 -10.957969 18.717588 -0.072069 -0.635272 5.903517 -0.883974 -10.015633 15.243170 -0.869376 0.958601 -17.128893 0.000000 0.000000 0.000000 0.000000 0.000000 0.000000 0.000000 0.000000 0.000000 1.740132 -5.614214 11.545272 0.139555 0.676447 11.334178 1.464131 -2.264579 15.228198 0.516952 -0.713139 -19.663948 0.000000 0.000000 0.000000 0.000000 0.000000 0.000000 0.000000 0.000000 0.000000 
-1.606216 88.134056 4.020435 -0.637343 5.929023 -12.925689 1.210785 0.056872 7.969686 -0.018472 0.032484 1.579331 -0.737200 -0.622916 7.205575 -0.515123 -0.201365 4.660980 2.213655 -0.903462 3.221850 0.267576 0.508890 -3.719084 -0.159004 -0.631190 -19.405899 0.000000 0.000000 0.000000 92.610390 -0.869853 10.098969 57.840347 -24.864887 7.773495 -0.089896 17.199936 33.934105 12.718538 10.517859 -13.075748 10.178806 -1.792112 40.125408 0.000005 0.000030 -24.657915 0.000026 0.000063 -17.125618 0.000012 -0.000011 -0.000026 11.392185 0.076037 -6.156758 7.572177 -0.058196 0.147176 7.676394 -0.045452 0.100071 -0.000017 0.000037 -0.000019 10.552292 0.025990 -8.431319 7.280708 -0.034408 0.033614 7.274985 -0.017477 0.046258 -0.000012 0.000067 -0.000003 11.288172 -0.009743 -10.222267 8.287628 0.069612 -0.108263 8.294727 0.030140 -0.083440 -0.000007 -0.000238 0.000001 11.987440 0.016590 -13.512943 8.595167 0.209374 -0.361613 8.491031 0.095371 -0.325282 -0.000224 0.000009 -0.000007 0.000000 0.000000 0.000000 0.000000 0.000000 0.000000 -88.633186 0.099777 6.104410 -61.855480 19.378773 -1.946232 -0.745796 -13.301552 52.770779 -8.049538 -9.025134 -20.567511 -9.250783 1.612137 40.556210 -0.000003 0.000024 -22.554260 0.000056 -0.000017 -15.903060 0.000430 0.000003 -0.000204 -9.557049 0.098381 -6.458432 -7.130577 -0.018894 0.059898 -7.341754 0.011313 0.041493 0.000022 0.000647 -0.000002 -8.803343 0.041186 -9.111318 -7.290928 -0.012497 0.019811 -7.011343 0.003289 0.003644 0.000604 -0.000028 -0.000062 -11.274313 0.009479 -12.135606 -9.103829 0.043559 -0.061507 -8.963195 0.000120 -0.031033 -0.000257 0.000012 0.000006 -12.584309 0.063325 -15.260725 -10.327989 0.070263 -0.144686 -10.269975 -0.013866 -0.180477 -0.000843 0.000005 -0.000054 0.000000 0.000000 0.000000 0.000000 0.000000 0.000000 -1.712995 -10.893799 18.720167 -0.072099 -0.634848 5.917043 -0.891497 -9.969830 15.248424 -0.858540 0.962592 -17.120001 0.000000 0.000000 0.000000 0.000000 0.000000 0.000000 0.000000 0.000000 0.000000 1.804620 -5.593602 11.616997 0.139234 0.675646 11.330502 1.416091 -2.197579 15.176881 0.529238 -0.713476 -19.634104 0.000000 0.000000 0.000000 0.000000 0.000000 0.000000 0.000000 0.000000 0.000000 
-1.606315 88.136322 4.043172 -0.687211 5.791315 -12.935543 1.215017 0.058559 7.984221 -0.015039 0.024786 1.557855 -0.724451 -0.649681 7.264666 -0.484150 -0.213987 4.623252 2.195620 -0.860799 3.140294 0.255461 0.539628 -3.755938 -0.174357 -0.615651 -19.369139 0.000000 0.000000 0.000000 92.732773 -0.876032 10.133751 57.883297 -25.519531 7.971010 -0.095848 16.894495 32.666885 12.860755 10.260253 -12.984125 10.187411 -1.795087 40.120880 0.000005 0.000030 -24.662525 0.000026 0.000063 -17.129356 0.000013 -0.000011 -0.000026 11.364117 0.073914 -6.251103 7.557949 -0.060702 0.154450 7.659522 -0.047784 0.107187 -0.000017 0.000037 -0.000019 10.498240 0.025448 -8.493228 7.247828 -0.035236 0.037274 7.236722 -0.018182 0.049130 -0.000013 0.000062 -0.000003 11.197115 -0.009579 -10.207625 8.209258 0.071286 -0.112973 8.219844 0.031307 -0.086902 -0.000007 -0.000244 0.000002 11.836477 0.016744 -13.421575 8.483824 0.213149 -0.375492 8.383325 0.099662 -0.335432 -0.000227 0.000009 -0.000009 0.000000 0.000000 0.000000 0.000000 0.000000 0.000000 -88.689240 0.109645 6.194084 -61.861210 20.246956 -1.743212 -0.734575 -12.788527 51.359554 -8.327293 -8.894099 -20.837351 -9.342492 1.625827 40.511681 -0.000003 0.000024 -22.775589 0.000054 -0.000016 -16.059013 0.000371 0.000002 -0.000186 -10.023793 0.097688 -6.813923 -7.316160 -0.020551 0.058400 -7.533157 0.009839 0.039537 0.000023 0.000665 -0.000002 -9.194917 0.040945 -9.371542 -7.454975 -0.013161 0.018691 -7.177255 0.002683 0.002872 0.000582 -0.000029 -0.000072 -11.562052 0.010495 -12.224549 -9.227004 0.044365 -0.059095 -9.092023 0.001130 -0.028584 -0.000217 0.000013 0.000006 -12.770263 0.064730 -15.175254 -10.394711 0.072574 -0.139691 -10.336363 -0.011518 -0.176984 -0.000830 0.000005 -0.000055 0.000000 0.000000 0.000000 0.000000 0.000000 0.000000 -1.649513 -10.824058 18.716991 -0.072013 -0.634435 5.935589 -0.902189 -9.918701 15.250426 -0.848396 0.966705 -17.111427 0.000000 0.000000 0.000000 0.000000 0.000000 0.000000 0.000000 0.000000 0.000000 1.870497 -5.564487 11.687061 0.139060 0.675159 11.331813 1.367484 -2.122395 15.120296 0.541612 -0.713696 -19.604549 0.000000 0.000000 0.000000 0.000000 0.000000 0.000000 0.000000 0.000000 0.000000 
-1.605667 88.137566 4.066653 -0.736945 5.645656 -12.941194 1.223061 0.059023 8.001169 -0.013360 0.017053 1.532082 -0.706956 -0.674434 7.322950 -0.459049 -0.224420 4.584732 2.180992 -0.826361 3.059694 0.242344 0.562001 -3.792135 -0.188015 -0.600317 -19.335150 0.000000 0.000000 0.000000 92.844330 -0.878067 10.169969 57.977615 -26.168610 8.119929 -0.102555 16.593489 31.511654 13.041805 10.105361 -12.837765 10.195633 -1.797948 40.116650 0.000006 0.000031 -24.665327 0.000027 0.000063 -17.131262 0.000014 -0.000011 -0.000026 11.326704 0.071949 -6.322587 7.529847 -0.063251 0.162790 7.629452 -0.050216 0.115224 -0.000017 0.000037 -0.000019 10.437388 0.024961 -8.537808 7.202218 -0.036107 0.041172 7.185501 -0.018900 0.052247 -0.000013 0.000056 -0.000003 11.108401 -0.009506 -10.186808 8.121636 0.072883 -0.117544 8.136180 0.032457 -0.090278 -0.000008 -0.000226 0.000002 11.696560 0.016836 -13.334002 8.368454 0.216508 -0.387964 8.271007 0.103500 -0.344728 -0.000233 0.000009 -0.000011 0.000000 0.000000 0.000000 0.000000 0.000000 0.000000 -88.740143 0.115320 6.270755 -61.987091 21.024601 -1.604384 -0.723512 -12.283066 50.059032 -8.566539 -8.917966 -21.020445 -9.420977 1.637967 40.473381 -0.000003 0.000025 -22.962498 0.000053 -0.000016 -16.191830 0.000317 0.000001 -0.000183 -10.398953 0.097093 -7.112411 -7.453079 -0.022332 0.056208 -7.677027 0.008243 0.036791 0.000023 0.000676 -0.000001 -9.510326 0.040691 -9.586022 -7.571913 -0.013881 0.017366 -7.294724 0.002022 0.001870 0.000554 -0.000029 -0.000082 -11.787665 0.011377 -12.286990 -9.300448 0.045237 -0.056236 -9.168222 0.002157 -0.025783 -0.000177 0.000013 0.000007 -12.906864 0.065630 -15.084320 -10.415202 0.074736 -0.133564 -10.355936 -0.009173 -0.172317 -0.000816 0.000005 -0.000055 0.000000 0.000000 0.000000 0.000000 0.000000 0.000000 -1.584022 -10.750029 18.706800 -0.071787 -0.633997 5.957235 -0.915418 -9.864541 15.250195 -0.838984 0.970876 -17.104105 0.000000 0.000000 0.000000 0.000000 0.000000 0.000000 0.000000 0.000000 0.000000 1.936449 -5.528599 11.752627 0.139008 0.675040 11.337761 1.319792 -2.040909 15.059730 0.553549 -0.713835 -19.576681 0.000000 0.000000 0.000000 0.000000 0.000000 0.000000 0.000000 0.000000 0.000000 
-1.604295 88.137871 4.091153 -0.785415 5.495861 -12.942533 1.234386 0.058604 8.020495 -0.013591 0.009325 1.502005 -0.685004 -0.697991 7.377680 -0.440425 -0.233203 4.545649 2.162830 -0.796199 2.977849 0.227931 0.578445 -3.829369 -0.201207 -0.585787 -19.305857 0.000000 0.000000 0.000000 92.945808 -0.876156 10.204458 58.131157 -26.794146 8.212224 -0.110539 16.299488 30.473236 13.241573 10.050524 -12.640558 10.203383 -1.800531 40.113022 0.000006 0.000031 -24.666067 0.000027 0.000063 -17.131420 0.000014 -0.000011 -0.000027 11.281729 0.070075 -6.372506 7.493777 -0.065635 0.171481 7.592024 -0.052534 0.123491 -0.000017 0.000037 -0.000019 10.371282 0.024543 -8.567177 7.150723 -0.036933 0.044993 7.128469 -0.019563 0.055320 -0.000013 0.000051 -0.000003 11.022078 -0.009568 -10.162127 8.033328 0.074230 -0.121582 8.052105 0.033464 -0.093293 -0.000008 -0.000188 0.000002 11.568290 0.016735 -13.253103 8.258076 0.219012 -0.397989 8.163278 0.106530 -0.352284 -0.000242 0.000009 -0.000014 0.000000 0.000000 0.000000 0.000000 0.000000 0.000000 -88.787697 0.116927 6.335691 -62.230743 21.695787 -1.536095 -0.712184 -11.795502 48.885983 -8.758828 -9.103411 -21.120996 -9.488307 1.648704 40.440395 -0.000003 0.000025 -23.121199 0.000051 -0.000016 -16.305553 0.000270 0.000001 -0.000193 -10.695522 0.096652 -7.357288 -7.552005 -0.024088 0.053794 -7.783687 0.006670 0.033764 0.000023 0.000681 -0.000001 -9.762422 0.040464 -9.756456 -7.653757 -0.014595 0.016045 -7.376099 0.001358 0.000823 0.000526 -0.000029 -0.000091 -11.965739 0.012112 -12.323996 -9.340098 0.046086 -0.053301 -9.208019 0.003127 -0.022916 -0.000136 0.000013 0.000007 -13.009539 0.066072 -14.987738 -10.406518 0.076532 -0.127379 -10.345546 -0.007053 -0.167388 -0.000802 0.000005 -0.000055 0.000000 0.000000 0.000000 0.000000 0.000000 0.000000 -1.518139 -10.672962 18.690098 -0.071474 -0.633700 5.979065 -0.930414 -9.809444 15.247639 -0.830669 0.975102 -17.097799 0.000000 0.000000 0.000000 0.000000 0.000000 0.000000 0.000000 0.000000 0.000000 2.000438 -5.489065 11.814370 0.139087 0.675566 11.346403 1.274217 -1.955047 14.994768 0.564943 -0.714006 -19.550562 0.000000 0.000000 0.000000 0.000000 0.000000 0.000000 0.000000 0.000000 0.000000 
-1.602407 88.137741 4.116911 -0.831640 5.344597 -12.941169 1.248798 0.057661 8.041842 -0.015301 0.001776 1.468823 -0.659521 -0.719128 7.427742 -0.428453 -0.240239 4.507591 2.135470 -0.767264 2.892817 0.212310 0.590629 -3.869549 -0.214694 -0.572577 -19.284239 0.000000 0.000000 0.000000 93.037460 -0.870289 10.235612 58.350876 -27.370682 8.241165 -0.120475 16.019239 29.555849 13.451109 10.103555 -12.396345 10.210584 -1.802791 40.110069 0.000006 0.000032 -24.664766 0.000027 0.000063 -17.130058 0.000015 -0.000011 -0.000027 11.232475 0.068231 -6.404945 7.453690 -0.067815 0.180281 7.551208 -0.054699 0.131658 -0.000017 0.000037 -0.000019 10.303845 0.024199 -8.585133 7.097665 -0.037687 0.048603 7.070154 -0.020153 0.058193 -0.000013 0.000046 -0.000002 10.941709 -0.009760 -10.137122 7.950196 0.075304 -0.124867 7.973293 0.034283 -0.095793 -0.000008 -0.000134 0.000002 11.456343 0.016484 -13.182024 8.159250 0.220564 -0.404904 8.066937 0.108691 -0.357461 -0.000253 0.000009 -0.000016 0.000000 0.000000 0.000000 0.000000 0.000000 0.000000 -88.834000 0.115361 6.389354 -62.582733 22.239731 -1.537168 -0.699882 -11.336959 47.849052 -8.908190 -9.446833 -21.143856 -9.544873 1.657981 40.412590 -0.000003 0.000025 -23.253490 0.000050 -0.000017 -16.400997 0.000233 -0.000000 -0.000213 -10.923141 0.096344 -7.555839 -7.621501 -0.025828 0.051175 -7.861271 0.005108 0.030614 0.000023 0.000682 -0.000001 -9.958679 0.040284 -9.887807 -7.709285 -0.015310 0.014746 -7.430349 0.000698 -0.000221 0.000501 -0.000029 -0.000099 -12.103247 0.012703 -12.338952 -9.356094 0.046927 -0.050396 -9.221638 0.004041 -0.020097 -0.000094 0.000013 0.000007 -13.084698 0.066171 -14.887999 -10.378896 0.078030 -0.121322 -10.315226 -0.005100 -0.162402 -0.000787 0.000005 -0.000056 0.000000 0.000000 0.000000 0.000000 0.000000 0.000000 -1.452819 -10.593287 18.668451 -0.071109 -0.633583 5.998833 -0.947406 -9.755403 15.243492 -0.823904 0.979276 -17.091814 0.000000 0.000000 0.000000 0.000000 0.000000 0.000000 0.000000 0.000000 0.000000 2.061011 -5.448448 11.873614 0.139303 0.676713 11.358419 1.231127 -1.865090 14.925259 0.575774 -0.714132 -19.526033 0.000000 0.000000 0.000000 0.000000 0.000000 0.000000 0.000000 0.000000 0.000000 
-1.600334 88.137512 4.142599 -0.874895 5.193965 -12.936526 1.265409 0.056337 8.065343 -0.018964 -0.005503 1.434177 -0.630911 -0.739735 7.474851 -0.420590 -0.246581 4.471784 2.104936 -0.739618 2.807638 0.197072 0.600550 -3.911102 -0.228179 -0.560561 -19.269117 0.000000 0.000000 0.000000 93.120728 -0.861655 10.261236 58.624714 -27.883301 8.213201 -0.131708 15.755205 28.753716 13.660179 10.263505 -12.117243 10.217053 -1.804655 40.107925 0.000006 0.000032 -24.661526 0.000028 0.000063 -17.127291 0.000015 -0.000011 -0.000027 11.178414 0.066380 -6.425883 7.411850 -0.069770 0.188736 7.508964 -0.056664 0.139252 -0.000017 0.000037 -0.000019 10.235729 0.023906 -8.595089 7.045604 -0.038366 0.051878 7.013045 -0.020679 0.060736 -0.000013 0.000042 -0.000002 10.867537 -0.010097 -10.110957 7.874840 0.076151 -0.127400 7.902189 0.034931 -0.097787 -0.000008 -0.000074 0.000002 11.358760 0.015913 -13.115925 8.073502 0.221363 -0.409136 7.984065 0.110167 -0.360591 -0.000267 0.000009 -0.000018 0.000000 0.000000 0.000000 0.000000 0.000000 0.000000 -88.877617 0.111591 6.430129 -63.025955 22.645864 -1.605092 -0.688978 -10.909699 46.938213 -9.019620 -9.937021 -21.097073 -9.592559 1.665885 40.389374 -0.000003 0.000026 -23.363157 0.000049 -0.000017 -16.480768 0.000207 -0.000001 -0.000240 -11.096213 0.096108 -7.719244 -7.667094 -0.027533 0.048608 -7.915006 0.003592 0.027657 0.000022 0.000678 -0.000001 -10.110260 0.040147 -9.988624 -7.743838 -0.016019 0.013566 -7.462593 0.000058 -0.001168 0.000477 -0.000030 -0.000106 -12.207583 0.013182 -12.336036 -9.353414 0.047770 -0.047659 -9.214096 0.004895 -0.017441 -0.000054 0.000013 0.000008 -13.137197 0.066051 -14.784649 -10.336684 0.079276 -0.115666 -10.269143 -0.003282 -0.157601 -0.000774 0.000006 -0.000056 0.000000 0.000000 0.000000 0.000000 0.000000 0.000000 -1.389085 -10.512334 18.641983 -0.070646 -0.633326 6.016502 -0.966394 -9.703577 15.241544 -0.818404 0.983160 -17.087767 0.000000 0.000000 0.000000 0.000000 0.000000 0.000000 0.000000 0.000000 0.000000 2.117081 -5.408612 11.926750 0.139635 0.678100 11.379066 1.191454 -1.771826 14.853907 0.585405 -0.714030 -19.505840 0.000000 0.000000 0.000000 0.000000 0.000000 0.000000 0.000000 0.000000 0.000000 
-1.598261 88.137215 4.167756 -0.914740 5.045710 -12.930131 1.283710 0.054977 8.091076 -0.024858 -0.012336 1.398576 -0.599648 -0.760459 7.521130 -0.416100 -0.252680 4.438426 2.070297 -0.710404 2.725771 0.182961 0.611372 -3.952199 -0.242114 -0.550040 -19.260260 0.000000 0.000000 0.000000 93.199318 -0.851351 10.280698 58.947937 -28.317108 8.127840 -0.144677 15.513423 28.064449 13.848493 10.526641 -11.811742 10.221267 -1.805944 40.107269 0.000007 0.000032 -24.653360 0.000028 0.000063 -17.121386 0.000016 -0.000011 -0.000027 11.117139 0.064573 -6.440139 7.369992 -0.071431 0.196535 7.466929 -0.058349 0.146044 -0.000018 0.000037 -0.000019 10.164904 0.023676 -8.600536 6.996364 -0.038946 0.054742 6.959028 -0.021118 0.062878 -0.000013 0.000039 -0.000002 10.798360 -0.010581 -10.085567 7.809022 0.076732 -0.129115 7.839990 0.035371 -0.099240 -0.000009 -0.000013 0.000002 11.276363 0.014954 -13.056609 8.002369 0.221332 -0.410457 7.916214 0.110890 -0.361412 -0.000282 0.000009 -0.000020 0.000000 0.000000 0.000000 0.000000 0.000000 0.000000 -88.920235 0.106042 6.460302 -63.543980 22.908007 -1.732833 -0.680284 -10.521429 46.153271 -9.083863 -10.566298 -20.991264 -9.631129 1.672407 40.370838 -0.000003 0.000026 -23.450281 0.000048 -0.000017 -16.544716 0.000194 -0.000001 -0.000269 -11.217155 0.095998 -7.853980 -7.692706 -0.029253 0.045608 -7.948292 0.002071 0.024513 0.000022 0.000670 -0.000000 -10.219396 0.040076 -10.064135 -7.761342 -0.016747 0.012319 -7.477293 -0.000579 -0.002177 0.000455 -0.000030 -0.000112 -12.282538 0.013553 -12.318556 -9.338408 0.048641 -0.044935 -9.192123 0.005702 -0.014825 -0.000014 0.000013 0.000008 -13.173008 0.065846 -14.679889 -10.287786 0.080360 -0.110042 -10.215498 -0.001564 -0.152626 -0.000763 0.000006 -0.000056 0.000000 0.000000 0.000000 0.000000 0.000000 0.000000 -1.327393 -10.431423 18.612597 -0.070138 -0.633104 6.031397 -0.986486 -9.654210 15.241293 -0.814109 0.986862 -17.085348 0.000000 0.000000 0.000000 0.000000 0.000000 0.000000 0.000000 0.000000 0.000000 2.167469 -5.372000 11.974816 0.140102 0.679820 11.407905 1.155568 -1.676296 14.780748 0.593878 -0.713779 -19.490458 0.000000 0.000000 0.000000 0.000000 0.000000 0.000000 0.000000 0.000000 0.000000 
-1.596357 88.136879 4.192092 -0.951737 4.900767 -12.923641 1.304002 0.053616 8.118651 -0.032710 -0.018570 1.363437 -0.566323 -0.780831 7.567517 -0.414525 -0.258192 4.408483 2.030565 -0.677620 2.649366 0.170273 0.625278 -3.991888 -0.256808 -0.541234 -19.258278 0.000000 0.000000 0.000000 93.274712 -0.840268 10.293760 59.318317 -28.658178 7.985440 -0.159479 15.300663 27.483513 13.998720 10.884254 -11.488291 10.222606 -1.806698 40.108154 0.000007 0.000032 -24.639427 0.000029 0.000063 -17.111933 0.000017 -0.000011 -0.000027 11.052202 0.062869 -6.449547 7.328921 -0.072872 0.203745 7.425892 -0.059828 0.152111 -0.000018 0.000037 -0.000019 10.094717 0.023517 -8.602418 6.950349 -0.039458 0.057248 6.908731 -0.021486 0.064658 -0.000014 0.000037 -0.000002 10.737462 -0.011200 -10.061305 7.753013 0.077103 -0.130084 7.786587 0.035632 -0.100192 -0.000009 0.000042 0.000002 11.212893 0.013634 -13.004745 7.945958 0.220626 -0.408985 7.863367 0.110988 -0.359946 -0.000298 0.000009 -0.000021 0.000000 0.000000 0.000000 0.000000 0.000000 0.000000 -88.963737 0.099281 6.480735 -64.121170 23.021198 -1.912085 -0.674078 -10.182963 45.491249 -9.098269 -11.325204 -20.834219 -9.660185 1.677595 40.356983 -0.000003 0.000027 -23.514587 0.000049 -0.000017 -16.592331 0.000196 -0.000002 -0.000294 -11.289769 0.096009 -7.963500 -7.702113 -0.031083 0.041822 -7.964585 0.000452 0.020895 0.000021 0.000658 -0.000000 -10.289487 0.040084 -10.116946 -7.765455 -0.017535 0.010845 -7.478396 -0.001239 -0.003377 0.000435 -0.000030 -0.000116 -12.333601 0.013816 -12.288370 -9.316498 0.049593 -0.042085 -9.161496 0.006496 -0.012165 0.000024 0.000013 0.000008 -13.199862 0.065604 -14.576115 -10.238895 0.081466 -0.104082 -10.161147 0.000169 -0.147164 -0.000753 0.000006 -0.000057 0.000000 0.000000 0.000000 0.000000 0.000000 0.000000 -1.267040 -10.350624 18.581692 -0.069609 -0.633050 6.042982 -1.007061 -9.605889 15.241980 -0.810832 0.990525 -17.083969 0.000000 0.000000 0.000000 0.000000 0.000000 0.000000 0.000000 0.000000 0.000000 2.212989 -5.339701 12.019435 0.140735 0.681940 11.443624 1.122667 -1.578825 14.705130 0.601413 -0.713545 -19.479574 0.000000 0.000000 0.000000 0.000000 0.000000 0.000000 0.000000 0.000000 0.000000 
-1.594819 88.136620 4.215243 -0.986674 4.759225 -12.918233 1.326527 0.052150 8.147116 -0.041778 -0.024154 1.330579 -0.531897 -0.799929 7.614594 -0.415274 -0.262523 4.383235 1.986043 -0.640366 2.579681 0.159232 0.643574 -4.029788 -0.272319 -0.534211 -19.263565 0.000000 0.000000 0.000000 93.347427 -0.829453 10.300743 59.728226 -28.898304 7.793184 -0.175658 15.123273 27.003696 14.098068 11.319921 -11.157932 10.221694 -1.807038 40.110176 0.000007 0.000032 -24.621620 0.000029 0.000063 -17.100367 0.000017 -0.000011 -0.000027 10.990923 0.061307 -6.456209 7.290250 -0.074111 0.210360 7.387538 -0.061128 0.157489 -0.000018 0.000037 -0.000019 10.032352 0.023416 -8.601432 6.908591 -0.039917 0.059438 6.863410 -0.021789 0.066118 -0.000014 0.000037 -0.000002 10.691069 -0.011937 -10.037528 7.707382 0.077305 -0.130417 7.742370 0.035736 -0.100704 -0.000009 0.000090 0.000002 11.173568 0.012029 -12.959032 7.904345 0.219392 -0.405071 7.825507 0.110574 -0.356404 -0.000316 0.000009 -0.000022 0.000000 0.000000 0.000000 0.000000 0.000000 0.000000 -89.009537 0.091976 6.491629 -64.738853 22.985022 -2.133204 -0.670574 -9.905523 44.947060 -9.065394 -12.196738 -20.634573 -9.679998 1.681493 40.347652 -0.000003 0.000027 -23.556942 0.000051 -0.000017 -16.623997 0.000213 -0.000002 -0.000312 -11.320273 0.096097 -8.050341 -7.699464 -0.033064 0.037209 -7.967818 -0.001303 0.016773 0.000021 0.000642 -0.000000 -10.326282 0.040167 -10.148829 -7.760121 -0.018401 0.009098 -7.469872 -0.001930 -0.004802 0.000417 -0.000030 -0.000118 -12.368210 0.013973 -12.246647 -9.292625 0.050645 -0.039047 -9.127476 0.007290 -0.009455 0.000060 0.000013 0.000008 -13.227024 0.065316 -14.475199 -10.195715 0.082699 -0.097603 -10.111917 0.001983 -0.141092 -0.000746 0.000006 -0.000057 0.000000 0.000000 0.000000 0.000000 0.000000 0.000000 -1.207079 -10.269666 18.550497 -0.069052 -0.633187 6.050640 -1.027715 -9.556942 15.243777 -0.808326 0.994231 -17.083467 0.000000 0.000000 0.000000 0.000000 0.000000 0.000000 0.000000 0.000000 0.000000 2.255092 -5.311726 12.061678 0.141533 0.684347 11.485320 1.091530 -1.479421 14.626979 0.608142 -0.713412 -19.472792 0.000000 0.000000 0.000000 0.000000 0.000000 0.000000 0.000000 0.000000 0.000000 
-1.593655 88.136543 4.236813 -1.019699 4.620584 -12.914539 1.351262 0.050522 8.174926 -0.050848 -0.029096 1.301138 -0.498651 -0.816291 7.663066 -0.418152 -0.265029 4.363513 1.937140 -0.598119 2.516318 0.149992 0.667282 -4.066502 -0.288642 -0.528944 -19.275867 0.000000 0.000000 0.000000 93.417496 -0.820260 10.302645 60.162148 -29.042004 7.565121 -0.192608 14.984100 26.617815 14.128870 11.800213 -10.837140 10.219496 -1.807157 40.112633 0.000007 0.000032 -24.602850 0.000029 0.000063 -17.088722 0.000018 -0.000011 -0.000027 10.941436 0.059927 -6.463403 7.255396 -0.075122 0.216143 7.353386 -0.062223 0.162048 -0.000018 0.000037 -0.000020 9.985573 0.023350 -8.599035 6.872161 -0.040325 0.061273 6.824486 -0.022020 0.067244 -0.000014 0.000038 -0.000002 10.665293 -0.012782 -10.013320 7.673086 0.077356 -0.130162 7.708210 0.035700 -0.100795 -0.000009 0.000128 0.000003 11.162736 0.010149 -12.916835 7.877998 0.217744 -0.399007 7.803029 0.109714 -0.350940 -0.000334 0.000009 -0.000022 0.000000 0.000000 0.000000 0.000000 0.000000 0.000000 -89.058922 0.084667 6.492813 -65.373161 22.811682 -2.384007 -0.670029 -9.695336 44.516270 -8.986528 -13.157222 -20.400698 -9.691491 1.684262 40.342293 -0.000003 0.000028 -23.579630 0.000053 -0.000018 -16.641256 0.000244 -0.000002 -0.000322 -11.318025 0.096224 -8.117925 -7.688570 -0.035210 0.031877 -7.961517 -0.003205 0.012233 0.000020 0.000621 -0.000001 -10.338931 0.040321 -10.162145 -7.749215 -0.019350 0.007096 -7.455523 -0.002652 -0.006447 0.000400 -0.000030 -0.000118 -12.397243 0.014029 -12.194857 -9.272114 0.051794 -0.035819 -9.095793 0.008076 -0.006740 0.000090 0.000013 0.000008 -13.267138 0.064899 -14.378336 -10.164390 0.084095 -0.090585 -10.074151 0.003889 -0.134452 -0.000742 0.000007 -0.000057 0.000000 0.000000 0.000000 0.000000 0.000000 0.000000 -1.147460 -10.188435 18.520889 -0.068452 -0.633530 6.052960 -1.047484 -9.506087 15.247046 -0.806285 0.997984 -17.084213 0.000000 0.000000 0.000000 0.000000 0.000000 0.000000 0.000000 0.000000 0.000000 2.294415 -5.287797 12.103368 0.142441 0.686889 11.529964 1.061096 -1.377839 14.547595 0.614188 -0.713412 -19.470026 0.000000 0.000000 0.000000 0.000000 0.000000 0.000000 0.000000 0.000000 0.000000 
-1.592435 88.137009 4.256396 -1.049557 4.483856 -12.912742 1.377571 0.048846 8.199636 -0.058469 -0.033241 1.275046 -0.470181 -0.827084 7.714779 -0.422446 -0.264998 4.350410 1.886781 -0.552808 2.458272 0.142806 0.696181 -4.103360 -0.304964 -0.524941 -19.294342 0.000000 0.000000 0.000000 93.484154 -0.813879 10.301839 60.591999 -29.112228 7.324197 -0.209558 14.878270 26.317640 14.067596 12.281279 -10.541208 10.216266 -1.807183 40.115082 0.000007 0.000032 -24.584673 0.000029 0.000063 -17.077866 0.000018 -0.000011 -0.000028 10.907141 0.058689 -6.476879 7.223334 -0.075885 0.220870 7.322690 -0.063106 0.165720 -0.000018 0.000036 -0.000020 9.957733 0.023250 -8.597428 6.840487 -0.040687 0.062724 6.791673 -0.022170 0.068030 -0.000014 0.000041 -0.000002 10.661094 -0.013729 -9.984663 7.650069 0.077282 -0.129355 7.684238 0.035555 -0.100477 -0.000009 0.000162 0.000003 11.179079 0.007936 -12.867958 7.866364 0.215875 -0.391182 7.795614 0.108511 -0.343720 -0.000351 0.000009 -0.000022 0.000000 0.000000 0.000000 0.000000 0.000000 0.000000 -89.111580 0.077871 6.482995 -65.989685 22.530865 -2.647057 -0.673232 -9.545757 44.191673 -8.867743 -14.174639 -20.132582 -9.696006 1.686120 40.340214 -0.000002 0.000028 -23.585058 0.000056 -0.000018 -16.646006 0.000284 -0.000002 -0.000329 -11.294220 0.096315 -8.176079 -7.670324 -0.037554 0.025806 -7.945986 -0.005280 0.007271 0.000020 0.000595 -0.000001 -10.337364 0.040517 -10.163836 -7.734234 -0.020383 0.004850 -7.436354 -0.003401 -0.008312 0.000383 -0.000031 -0.000116 -12.430068 0.014014 -12.137034 -9.256853 0.052992 -0.032433 -9.068410 0.008824 -0.004095 0.000115 0.000013 0.000008 -13.328678 0.064233 -14.285845 -10.146382 0.085574 -0.083062 -10.049482 0.005849 -0.127408 -0.000738 0.000007 -0.000058 0.000000 0.000000 0.000000 0.000000 0.000000 0.000000 -1.089801 -10.107482 18.495867 -0.067772 -0.633933 6.048329 -1.065297 -9.453548 15.252850 -0.804279 1.001486 -17.086651 0.000000 0.000000 0.000000 0.000000 0.000000 0.000000 0.000000 0.000000 0.000000 2.329579 -5.267118 12.146174 0.143304 0.689156 11.574244 1.031612 -1.271599 14.470980 0.619744 -0.713353 -19.471558 0.000000 0.000000 0.000000 0.000000 0.000000 0.000000 0.000000 0.000000 0.000000 
-1.590466 88.138229 4.273649 -1.074581 4.348125 -12.912847 1.404605 0.046984 8.219387 -0.062600 -0.036588 1.250726 -0.449803 -0.828579 7.769958 -0.429191 -0.261507 4.344794 1.834384 -0.506184 2.409123 0.137687 0.728432 -4.138698 -0.320293 -0.522022 -19.318140 0.000000 0.000000 0.000000 93.546120 -0.811219 10.301465 60.985374 -29.153297 7.091805 -0.226102 14.796007 26.091440 13.909605 12.708160 -10.286257 10.212378 -1.807188 40.117138 0.000007 0.000032 -24.568598 0.000029 0.000063 -17.068485 0.000019 -0.000011 -0.000028 10.891115 0.057556 -6.500209 7.195028 -0.076262 0.224126 7.296248 -0.063653 0.168313 -0.000018 0.000036 -0.000020 9.949896 0.023085 -8.599389 6.814340 -0.040954 0.063707 6.766054 -0.022201 0.068414 -0.000014 0.000043 -0.000002 10.675682 -0.014772 -9.950815 7.638722 0.077015 -0.127994 7.671144 0.035272 -0.099757 -0.000009 0.000197 0.000003 11.216959 0.005369 -12.807910 7.869247 0.213682 -0.382059 7.802900 0.106841 -0.335023 -0.000367 0.000009 -0.000022 0.000000 0.000000 0.000000 0.000000 0.000000 0.000000 -89.167305 0.071383 6.463390 -66.551369 22.195070 -2.904244 -0.678028 -9.448088 43.966805 -8.723675 -15.193211 -19.833902 -9.694098 1.687224 40.341042 -0.000002 0.000029 -23.574184 0.000059 -0.000018 -16.638905 0.000330 -0.000002 -0.000338 -11.254089 0.096339 -8.230559 -7.645787 -0.040004 0.018820 -7.921800 -0.007437 0.001696 0.000019 0.000564 -0.000001 -10.324553 0.040765 -10.159607 -7.715909 -0.021454 0.002318 -7.413204 -0.004143 -0.010458 0.000366 -0.000031 -0.000113 -12.463869 0.013940 -12.078245 -9.246730 0.054151 -0.028846 -9.045652 0.009480 -0.001497 0.000132 0.000013 0.000009 -13.404466 0.063300 -14.200338 -10.139466 0.087001 -0.074613 -10.036664 0.007736 -0.119768 -0.000734 0.000007 -0.000058 0.000000 0.000000 0.000000 0.000000 0.000000 0.000000 -1.036522 -10.028213 18.478083 -0.067009 -0.634316 6.036019 -1.081751 -9.400040 15.262294 -0.802244 1.004516 -17.091888 0.000000 0.000000 0.000000 0.000000 0.000000 0.000000 0.000000 0.000000 0.000000 2.358568 -5.248227 12.192006 0.144029 0.690917 11.613648 1.003132 -1.161705 14.400440 0.624848 -0.713186 -19.476265 0.000000 0.000000 0.000000 0.000000 0.000000 0.000000 0.000000 0.000000 0.000000 
-1.587493 88.140083 4.287781 -1.095160 4.214394 -12.913144 1.432089 0.044165 8.234781 -0.061281 -0.039588 1.227476 -0.436464 -0.820450 7.822479 -0.439569 -0.254116 4.345860 1.780858 -0.460597 2.380591 0.135097 0.760748 -4.164930 -0.333888 -0.520646 -19.345337 0.000000 0.000000 0.000000 93.601402 -0.812239 10.302335 61.316113 -29.209597 6.882516 -0.240940 14.729835 25.913811 13.699732 13.038568 -10.080324 10.210583 -1.807274 40.117836 0.000007 0.000032 -24.560795 0.000030 0.000063 -17.064396 0.000019 -0.000011 -0.000028 10.897921 0.056510 -6.525907 7.175239 -0.076103 0.225459 7.278002 -0.063734 0.169491 -0.000019 0.000037 -0.000021 9.963733 0.022906 -8.601949 6.796797 -0.041071 0.064136 6.750523 -0.022084 0.068319 -0.000014 0.000046 -0.000002 10.704331 -0.015867 -9.912723 7.638587 0.076489 -0.126247 7.669305 0.034831 -0.098781 -0.000009 0.000233 0.000003 11.263009 0.002609 -12.739381 7.883869 0.211017 -0.373043 7.821927 0.104651 -0.326292 -0.000382 0.000008 -0.000022 0.000000 0.000000 0.000000 0.000000 0.000000 0.000000 -89.225258 0.064883 6.435653 -67.037613 21.849567 -3.149919 -0.680846 -9.401644 43.829693 -8.588241 -16.139690 -19.515390 -9.689010 1.687778 40.343300 -0.000002 0.000029 -23.555538 0.000062 -0.000018 -16.625660 0.000376 -0.000001 -0.000349 -11.211343 0.096251 -8.271779 -7.623121 -0.042219 0.011719 -7.898166 -0.009329 -0.003877 0.000018 0.000534 -0.000001 -10.310198 0.041066 -10.145082 -7.700404 -0.022421 -0.000214 -7.392729 -0.004777 -0.012670 0.000347 -0.000031 -0.000111 -12.495870 0.013778 -12.016622 -9.243705 0.055136 -0.025335 -9.030126 0.009976 0.000899 0.000138 0.000013 0.000009 -13.482076 0.062276 -14.118760 -10.141544 0.088117 -0.065705 -10.034389 0.009301 -0.111978 -0.000729 0.000007 -0.000058 0.000000 0.000000 0.000000 0.000000 0.000000 0.000000 -0.988630 -9.953147 18.465647 -0.066165 -0.634456 6.019098 -1.099986 -9.345746 15.276851 -0.800494 1.007127 -17.101559 0.000000 0.000000 0.000000 0.000000 0.000000 0.000000 0.000000 0.000000 0.000000 2.383053 -5.228337 12.236950 0.144722 0.692244 11.649185 0.975367 -1.055046 14.336239 0.628785 -0.713095 -19.481371 0.000000 0.000000 0.000000 0.000000 0.000000 0.000000 0.000000 0.000000 0.000000 
-1.583834 88.142349 4.298537 -1.111911 4.085609 -12.913238 1.459833 0.040394 8.246717 -0.054993 -0.041872 1.206719 -0.428698 -0.803478 7.867190 -0.453360 -0.242539 4.351879 1.727047 -0.418008 2.377503 0.135174 0.790739 -4.178629 -0.345557 -0.521587 -19.375010 0.000000 0.000000 0.000000 93.648193 -0.816153 10.304347 61.578545 -29.298405 6.701789 -0.253141 14.674797 25.763578 13.481545 13.263235 -9.919278 10.213146 -1.807679 40.116299 0.000007 0.000032 -24.566387 0.000030 0.000063 -17.068922 0.000019 -0.000011 -0.000028 10.932595 0.055646 -6.551928 7.167216 -0.075445 0.224808 7.270779 -0.063377 0.169193 -0.000019 0.000037 -0.000021 10.004210 0.022767 -8.605999 6.789955 -0.041031 0.063983 6.746701 -0.021831 0.067732 -0.000014 0.000050 -0.000001 10.750986 -0.016953 -9.876366 7.649156 0.075735 -0.124184 7.678529 0.034255 -0.097586 -0.000009 0.000272 0.000003 11.317371 -0.000145 -12.671311 7.908437 0.207965 -0.364517 7.850430 0.102030 -0.318072 -0.000393 0.000008 -0.000021 0.000000 0.000000 0.000000 0.000000 0.000000 0.000000 -89.282066 0.058516 6.401527 -67.439148 21.519667 -3.377949 -0.679736 -9.399789 43.767097 -8.478962 -16.958969 -19.192118 -9.683645 1.688021 40.345722 -0.000002 0.000030 -23.536757 0.000064 -0.000018 -16.611565 0.000421 -0.000001 -0.000359 -11.179289 0.096045 -8.294612 -7.607936 -0.044014 0.005505 -7.881476 -0.010765 -0.008608 0.000018 0.000506 -0.000001 -10.305197 0.041398 -10.118711 -7.691730 -0.023208 -0.002368 -7.379192 -0.005244 -0.014635 0.000328 -0.000031 -0.000108 -12.530686 0.013515 -11.951910 -9.249116 0.055902 -0.022297 -9.023795 0.010287 0.002828 0.000128 0.000013 0.000009 -13.559375 0.061185 -14.040751 -10.151724 0.088854 -0.057513 -10.041986 0.010472 -0.104958 -0.000721 0.000007 -0.000058 0.000000 0.000000 0.000000 0.000000 0.000000 0.000000 -0.947209 -9.885219 18.458151 -0.065240 -0.634251 5.999256 -1.119938 -9.291248 15.296142 -0.799231 1.009337 -17.115236 0.000000 0.000000 0.000000 0.000000 0.000000 0.000000 0.000000 0.000000 0.000000 2.403844 -5.207168 12.277915 0.145461 0.693219 11.682271 0.948969 -0.957459 14.278811 0.631225 -0.713120 -19.485697 0.000000 0.000000 0.000000 0.000000 0.000000 0.000000 0.000000 0.000000 0.000000 
-1.579902 88.144730 4.305839 -1.125163 3.965628 -12.912753 1.487063 0.036130 8.256043 -0.046076 -0.042857 1.189661 -0.424845 -0.780393 7.902082 -0.468683 -0.227373 4.361083 1.676270 -0.381124 2.397889 0.137912 0.816530 -4.180505 -0.355123 -0.525280 -19.405384 0.000000 0.000000 0.000000 93.686630 -0.821959 10.306387 61.774681 -29.420441 6.549836 -0.262451 14.628158 25.635427 13.280787 13.396972 -9.791003 10.220736 -1.808558 40.112244 0.000007 0.000032 -24.586828 0.000030 0.000063 -17.083109 0.000019 -0.000011 -0.000028 10.996737 0.055053 -6.578085 7.172359 -0.074423 0.222346 7.275764 -0.062691 0.167537 -0.000019 0.000037 -0.000021 10.073899 0.022683 -8.611633 6.794890 -0.040864 0.063284 6.755247 -0.021482 0.066704 -0.000014 0.000053 -0.000001 10.819276 -0.017987 -9.844212 7.670043 0.074842 -0.121839 7.698406 0.033601 -0.096173 -0.000009 0.000314 0.000003 11.383037 -0.002784 -12.607207 7.941625 0.204783 -0.356421 7.886858 0.099189 -0.310375 -0.000402 0.000008 -0.000021 0.000000 0.000000 0.000000 0.000000 0.000000 0.000000 -89.333572 0.052598 6.361704 -67.751846 21.216671 -3.581093 -0.675116 -9.429906 43.765507 -8.396304 -17.624796 -18.875439 -9.680124 1.688160 40.347408 -0.000001 0.000030 -23.522915 0.000066 -0.000017 -16.600416 0.000464 -0.000001 -0.000365 -11.166278 0.095756 -8.297854 -7.601449 -0.045340 0.000958 -7.873126 -0.011708 -0.011855 0.000017 0.000480 -0.000001 -10.316822 0.041728 -10.080554 -7.690355 -0.023792 -0.003852 -7.372922 -0.005534 -0.016097 0.000305 -0.000031 -0.000106 -12.572978 0.013169 -11.883986 -9.261441 0.056452 -0.020036 -9.025642 0.010420 0.004089 0.000106 0.000013 0.000009 -13.637313 0.060024 -13.965339 -10.167657 0.089250 -0.051141 -10.056771 0.011261 -0.099535 -0.000714 0.000008 -0.000058 0.000000 0.000000 0.000000 0.000000 0.000000 0.000000 -0.913471 -9.826401 18.455067 -0.064262 -0.633679 5.977451 -1.139368 -9.236800 15.319657 -0.798362 1.011062 -17.131804 0.000000 0.000000 0.000000 0.000000 0.000000 0.000000 0.000000 0.000000 0.000000 2.420419 -5.185621 12.311765 0.146239 0.693809 11.715462 0.925278 -0.871786 14.228898 0.632068 -0.713199 -19.490110 0.000000 0.000000 0.000000 0.000000 0.000000 0.000000 0.000000 0.000000 0.000000 
-1.575658 88.146858 4.309756 -1.134892 3.858688 -12.911551 1.512436 0.031692 8.263730 -0.037700 -0.042239 1.175453 -0.422184 -0.755603 7.927727 -0.483034 -0.210208 4.372368 1.634406 -0.353274 2.439709 0.143441 0.837151 -4.171250 -0.362282 -0.531655 -19.434439 0.000000 0.000000 0.000000 93.719719 -0.828916 10.306848 61.905811 -29.569773 6.426623 -0.269427 14.588472 25.534063 13.106691 13.466626 -9.678530 10.232142 -1.809903 40.106136 0.000007 0.000032 -24.619093 0.000030 0.000063 -17.105118 0.000019 -0.000011 -0.000028 11.084586 0.054699 -6.600863 7.188850 -0.073219 0.218413 7.291118 -0.061832 0.164782 -0.000019 0.000038 -0.000021 10.167304 0.022636 -8.615212 6.809926 -0.040625 0.062143 6.774061 -0.021098 0.065334 -0.000014 0.000055 -0.000001 10.903479 -0.018971 -9.812740 7.698085 0.073928 -0.119348 7.725759 0.032946 -0.094622 -0.000009 0.000356 0.000003 11.454130 -0.005350 -12.542878 7.978856 0.201818 -0.349164 7.926927 0.096422 -0.303531 -0.000406 0.000008 -0.000021 0.000000 0.000000 0.000000 0.000000 0.000000 0.000000 -89.377716 0.047420 6.316981 -67.975670 20.943876 -3.751251 -0.668941 -9.478662 43.810932 -8.332244 -18.143055 -18.572239 -9.679664 1.688394 40.347893 -0.000001 0.000030 -23.516468 0.000068 -0.000017 -16.594219 0.000505 -0.000000 -0.000366 -11.174536 0.095478 -8.280156 -7.601542 -0.046208 -0.001587 -7.870843 -0.012179 -0.013350 0.000017 0.000455 -0.000001 -10.346510 0.042040 -10.029787 -7.693715 -0.024171 -0.004558 -7.371227 -0.005655 -0.016940 0.000279 -0.000031 -0.000104 -12.620943 0.012774 -11.811519 -9.275208 0.056813 -0.018682 -9.030362 0.010396 0.004637 0.000076 0.000013 0.000009 -13.711289 0.058841 -13.889048 -10.183139 0.089363 -0.047101 -10.071784 0.011696 -0.096055 -0.000707 0.000008 -0.000058 0.000000 0.000000 0.000000 0.000000 0.000000 0.000000 -0.888689 -9.778521 18.456127 -0.063298 -0.632804 5.954871 -1.156015 -9.183664 15.346471 -0.797819 1.012208 -17.149677 0.000000 0.000000 0.000000 0.000000 0.000000 0.000000 0.000000 0.000000 0.000000 2.431740 -5.163847 12.335898 0.146982 0.693980 11.751655 0.905887 -0.799106 14.186540 0.631374 -0.713300 -19.495029 0.000000 0.000000 0.000000 0.000000 0.000000 0.000000 0.000000 0.000000 0.000000 
-1.570660 88.149048 4.311159 -1.140790 3.766932 -12.913134 1.535413 0.027514 8.269669 -0.030834 -0.040022 1.164274 -0.420088 -0.729923 7.946306 -0.496438 -0.191984 4.385805 1.595977 -0.333674 2.499410 0.150598 0.852855 -4.153391 -0.367350 -0.540380 -19.465910 0.000000 0.000000 0.000000 93.748322 -0.836219 10.307459 61.985802 -29.722216 6.329179 -0.276049 14.559586 25.464802 12.948122 13.490098 -9.569534 10.244365 -1.811565 40.099178 0.000007 0.000032 -24.655804 0.000030 0.000063 -17.129990 0.000019 -0.000011 -0.000028 11.184220 0.054576 -6.616595 7.210639 -0.072068 0.213817 7.311494 -0.061049 0.161585 -0.000019 0.000038 -0.000022 10.272563 0.022630 -8.614614 6.829337 -0.040410 0.060815 6.797187 -0.020745 0.063852 -0.000014 0.000058 -0.000001 10.993875 -0.019894 -9.781755 7.727479 0.073119 -0.117005 7.754380 0.032384 -0.093109 -0.000009 0.000403 0.000003 11.525770 -0.007754 -12.481019 8.014902 0.199402 -0.343174 7.965754 0.094028 -0.297726 -0.000407 0.000008 -0.000021 0.000000 0.000000 0.000000 0.000000 0.000000 0.000000 -89.415604 0.043147 6.271779 -68.123695 20.691174 -3.876555 -0.661414 -9.544050 43.895149 -8.271605 -18.549143 -18.286564 -9.678387 1.688565 40.348591 -0.000000 0.000031 -23.508883 0.000070 -0.000017 -16.586718 0.000545 0.000000 -0.000369 -11.184798 0.095259 -8.242827 -7.600083 -0.046868 -0.003041 -7.866061 -0.012450 -0.013881 0.000017 0.000435 -0.000001 -10.377663 0.042332 -9.966784 -7.693835 -0.024442 -0.004839 -7.366412 -0.005693 -0.017464 0.000252 -0.000031 -0.000103 -12.664427 0.012336 -11.734435 -9.283277 0.057099 -0.017765 -9.030847 0.010313 0.004789 0.000042 0.000013 0.000009 -13.775290 0.057579 -13.813358 -10.192772 0.089473 -0.044111 -10.081469 0.012072 -0.093512 -0.000698 0.000008 -0.000058 0.000000 0.000000 0.000000 0.000000 0.000000 0.000000 -0.873147 -9.743993 18.465012 -0.062451 -0.632171 5.930302 -1.168420 -9.136280 15.373474 -0.798174 1.013049 -17.165941 0.000000 0.000000 0.000000 0.000000 0.000000 0.000000 0.000000 0.000000 0.000000 2.436500 -5.142965 12.356250 0.147657 0.693969 11.785478 0.891716 -0.740605 14.151202 0.629847 -0.713397 -19.498161 0.000000 0.000000 0.000000 0.000000 0.000000 0.000000 0.000000 0.000000 0.000000 
-1.564704 88.151344 4.310343 -1.143496 3.690509 -12.918484 1.555587 0.023687 8.273819 -0.025311 -0.036762 1.156355 -0.418216 -0.704948 7.959055 -0.508314 -0.173622 4.400629 1.558717 -0.320784 2.571727 0.158272 0.864701 -4.129737 -0.370816 -0.550721 -19.500645 0.000000 0.000000 0.000000 93.772995 -0.843544 10.309353 62.023571 -29.864151 6.258156 -0.283154 14.542923 25.431181 12.793601 13.480247 -9.460682 10.257450 -1.813485 40.091465 0.000007 0.000032 -24.696131 0.000030 0.000064 -17.157555 0.000019 -0.000011 -0.000028 11.293336 0.054606 -6.624512 7.236344 -0.070952 0.208737 7.335841 -0.060324 0.158029 -0.000019 0.000039 -0.000022 10.387543 0.022643 -8.608453 6.852124 -0.040213 0.059313 6.823606 -0.020413 0.062289 -0.000013 0.000059 -0.000001 11.088470 -0.020750 -9.749213 7.757389 0.072373 -0.114801 7.783566 0.031887 -0.091610 -0.000010 0.000452 0.000003 11.597082 -0.009878 -12.419631 8.049064 0.197379 -0.338168 8.003016 0.091931 -0.292664 -0.000404 0.000008 -0.000020 0.000000 0.000000 0.000000 0.000000 0.000000 0.000000 -89.448730 0.039741 6.228755 -68.207512 20.456772 -3.952136 -0.653106 -9.619392 44.007336 -8.199302 -18.861845 -18.018297 -9.674440 1.688503 40.350414 0.000000 0.000031 -23.495504 0.000071 -0.000017 -16.574820 0.000581 0.000001 -0.000374 -11.186408 0.095024 -8.186718 -7.594041 -0.047377 -0.003558 -7.855735 -0.012596 -0.013644 0.000016 0.000420 -0.000001 -10.400116 0.042577 -9.891388 -7.688074 -0.024628 -0.004781 -7.355577 -0.005673 -0.017738 0.000225 -0.000031 -0.000103 -12.695475 0.011893 -11.651764 -9.281942 0.057319 -0.017120 -9.023446 0.010195 0.004660 0.000006 0.000013 0.000009 -13.823973 0.056300 -13.736419 -10.192982 0.089557 -0.041682 -10.081905 0.012427 -0.091500 -0.000687 0.000008 -0.000058 0.000000 0.000000 0.000000 0.000000 0.000000 0.000000 -0.865370 -9.720763 18.481539 -0.061734 -0.631870 5.903028 -1.176488 -9.095897 15.400620 -0.799368 1.013705 -17.179485 0.000000 0.000000 0.000000 0.000000 0.000000 0.000000 0.000000 0.000000 0.000000 2.435212 -5.124674 12.375271 0.148243 0.693787 11.814778 0.882528 -0.695906 14.122740 0.627652 -0.713429 -19.499020 0.000000 0.000000 0.000000 0.000000 0.000000 0.000000 0.000000 0.000000 0.000000 
-1.557519 88.153603 4.307374 -1.143675 3.629009 -12.927410 1.572336 0.019969 8.277039 -0.021087 -0.033158 1.150222 -0.415947 -0.682920 7.966928 -0.518110 -0.156348 4.415828 1.523847 -0.313501 2.654967 0.165981 0.874250 -4.100646 -0.373028 -0.561958 -19.537506 0.000000 0.000000 0.000000 93.794785 -0.850930 10.312593 62.021412 -29.992405 6.217741 -0.291300 14.537721 25.433674 12.638423 13.451413 -9.346577 10.271263 -1.815622 40.083153 0.000007 0.000032 -24.738789 0.000030 0.000064 -17.187241 0.000019 -0.000011 -0.000028 11.409009 0.054679 -6.623434 7.264587 -0.069844 0.203146 7.362729 -0.059626 0.154051 -0.000019 0.000039 -0.000022 10.508947 0.022645 -8.595276 6.877020 -0.040020 0.057617 6.852051 -0.020092 0.060618 -0.000013 0.000060 -0.000001 11.183204 -0.021560 -9.712804 7.786561 0.071655 -0.112696 7.812402 0.031431 -0.090097 -0.000010 0.000498 0.000003 11.663821 -0.011693 -12.355464 8.079795 0.195601 -0.334129 8.037503 0.090072 -0.288353 -0.000399 0.000008 -0.000020 0.000000 0.000000 0.000000 0.000000 0.000000 0.000000 -89.477867 0.036867 6.189574 -68.237465 20.244076 -3.977376 -0.644796 -9.696951 44.136272 -8.106869 -19.102150 -17.762266 -9.667598 1.688191 40.353546 0.000001 0.000031 -23.475170 0.000071 -0.000016 -16.557903 0.000611 0.000001 -0.000379 -11.176799 0.094725 -8.113053 -7.582485 -0.047727 -0.003141 -7.839218 -0.012622 -0.012698 0.000016 0.000408 -0.000001 -10.410531 0.042766 -9.804222 -7.675787 -0.024732 -0.004416 -7.338010 -0.005605 -0.017766 0.000203 -0.000031 -0.000104 -12.709680 0.011468 -11.563078 -9.269291 0.057464 -0.016699 -9.006042 0.010047 0.004321 -0.000029 0.000013 0.000009 -13.853106 0.055109 -13.655280 -10.181382 0.089568 -0.039606 -10.070277 0.012738 -0.089817 -0.000675 0.000008 -0.000058 0.000000 0.000000 0.000000 0.000000 0.000000 0.000000 -0.864296 -9.707269 18.504391 -0.061119 -0.631742 5.873359 -1.181024 -9.062741 15.428824 -0.801157 1.014137 -17.190525 0.000000 0.000000 0.000000 0.000000 0.000000 0.000000 0.000000 0.000000 0.000000 2.429076 -5.109089 12.393451 0.148706 0.693437 11.839416 0.877924 -0.664162 14.100909 0.624855 -0.713361 -19.497673 0.000000 0.000000 0.000000 0.000000 0.000000 0.000000 0.000000 0.000000 0.000000 
-1.548883 88.156021 4.302698 -1.141399 3.581321 -12.941101 1.585338 0.016492 8.279882 -0.017599 -0.029612 1.145241 -0.413733 -0.663807 7.971397 -0.526653 -0.140709 4.430356 1.488098 -0.309321 2.747608 0.173105 0.882872 -4.066852 -0.374397 -0.573545 -19.577564 0.000000 0.000000 0.000000 93.813744 -0.858550 10.318559 61.982338 -30.103462 6.211900 -0.301074 14.545319 25.469215 12.476248 13.408394 -9.226091 10.284588 -1.817830 40.074863 0.000006 0.000031 -24.780222 0.000030 0.000064 -17.216717 0.000019 -0.000011 -0.000028 11.524687 0.054774 -6.614792 7.292351 -0.068746 0.197255 7.389241 -0.058955 0.149839 -0.000019 0.000039 -0.000022 10.630048 0.022632 -8.577206 6.900909 -0.039833 0.055806 6.879475 -0.019777 0.058908 -0.000013 0.000061 -0.000001 11.273192 -0.022330 -9.675759 7.812243 0.070947 -0.110767 7.838185 0.031009 -0.088629 -0.000010 0.000543 0.000003 11.724325 -0.013116 -12.293376 8.105136 0.193958 -0.331094 8.067345 0.088406 -0.284818 -0.000391 0.000008 -0.000020 0.000000 0.000000 0.000000 0.000000 0.000000 0.000000 -89.503113 0.034084 6.156977 -68.225243 20.053299 -3.950551 -0.636261 -9.774101 44.274635 -7.989772 -19.297272 -17.513107 -9.656102 1.687468 40.358734 0.000002 0.000032 -23.443733 0.000071 -0.000016 -16.533033 0.000635 0.000001 -0.000388 -11.146933 0.094326 -8.026004 -7.562066 -0.047995 -0.002236 -7.813439 -0.012614 -0.011494 0.000015 0.000402 -0.000002 -10.400807 0.042894 -9.708549 -7.654112 -0.024795 -0.003929 -7.311121 -0.005518 -0.017710 0.000185 -0.000031 -0.000105 -12.702743 0.011069 -11.471144 -9.243904 0.057557 -0.016260 -8.977078 0.009900 0.003961 -0.000061 0.000013 0.000009 -13.861491 0.054053 -13.572851 -10.157845 0.089552 -0.037229 -10.046518 0.013073 -0.087898 -0.000661 0.000008 -0.000057 0.000000 0.000000 0.000000 0.000000 0.000000 0.000000 -0.869418 -9.703000 18.533930 -0.060583 -0.631816 5.840974 -1.182860 -9.037834 15.458210 -0.803569 1.014459 -17.199022 0.000000 0.000000 0.000000 0.000000 0.000000 0.000000 0.000000 0.000000 0.000000 2.418355 -5.096739 12.414509 0.149030 0.693004 11.855983 0.877770 -0.644457 14.086012 0.621745 -0.713073 -19.493361 0.000000 0.000000 0.000000 0.000000 0.000000 0.000000 0.000000 0.000000 0.000000 
-1.538694 88.158394 4.296368 -1.136934 3.546391 -12.958551 1.594166 0.013204 8.283144 -0.015184 -0.026432 1.140393 -0.411289 -0.648908 7.973427 -0.533836 -0.127293 4.442734 1.452964 -0.307332 2.847335 0.179585 0.891429 -4.028913 -0.375247 -0.585037 -19.618732 0.000000 0.000000 0.000000 93.830803 -0.866610 10.326604 61.906544 -30.203690 6.242014 -0.312168 14.563154 25.535358 12.308643 13.356312 -9.099981 10.298161 -1.820161 40.066311 0.000006 0.000031 -24.821775 0.000030 0.000064 -17.247068 0.000019 -0.000011 -0.000028 11.642081 0.054855 -6.600964 7.320178 -0.067623 0.191072 7.415735 -0.058252 0.145386 -0.000019 0.000040 -0.000022 10.752539 0.022597 -8.556141 6.924186 -0.039631 0.053876 6.906293 -0.019452 0.057154 -0.000012 0.000061 -0.000001 11.360838 -0.023083 -9.639407 7.834952 0.070202 -0.108938 7.861601 0.030581 -0.087169 -0.000010 0.000584 0.000003 11.781507 -0.014154 -12.234454 8.125779 0.192273 -0.328669 8.093084 0.086806 -0.281793 -0.000380 0.000008 -0.000020 0.000000 0.000000 0.000000 0.000000 0.000000 0.000000 -89.524170 0.030925 6.131976 -68.177086 19.895266 -3.875823 -0.627983 -9.844804 44.415176 -7.846570 -19.452749 -17.270369 -9.640613 1.686392 40.365795 0.000003 0.000032 -23.402250 0.000071 -0.000016 -16.501169 0.000650 0.000002 -0.000397 -11.098657 0.093799 -7.926962 -7.533541 -0.048170 -0.000848 -7.779526 -0.012564 -0.010088 0.000015 0.000401 -0.000002 -10.371920 0.042955 -9.605983 -7.623846 -0.024821 -0.003347 -7.275666 -0.005418 -0.017576 0.000173 -0.000031 -0.000106 -12.674180 0.010702 -11.377660 -9.205928 0.057609 -0.015772 -8.936611 0.009764 0.003643 -0.000089 0.000013 0.000009 -13.848434 0.053208 -13.490024 -10.121978 0.089506 -0.034529 -10.010103 0.013409 -0.085680 -0.000644 0.000008 -0.000057 0.000000 0.000000 0.000000 0.000000 0.000000 0.000000 -0.879939 -9.705125 18.567884 -0.060086 -0.631909 5.806664 -1.182468 -9.020534 15.489738 -0.806313 1.014651 -17.205626 0.000000 0.000000 0.000000 0.000000 0.000000 0.000000 0.000000 0.000000 0.000000 2.403372 -5.088206 12.438026 0.149190 0.692393 11.864988 0.881671 -0.635005 14.078256 0.618227 -0.712480 -19.486969 0.000000 0.000000 0.000000 0.000000 0.000000 0.000000 0.000000 0.000000 0.000000 
-1.526825 88.160591 4.288543 -1.130183 3.523556 -12.978830 1.598526 0.010182 8.287539 -0.014117 -0.023808 1.134993 -0.408446 -0.639092 7.973983 -0.540043 -0.116668 4.451594 1.418334 -0.306148 2.951283 0.185215 0.900408 -3.987953 -0.375901 -0.595958 -19.659248 0.000000 0.000000 0.000000 93.846626 -0.875057 10.336712 61.794876 -30.300589 6.307449 -0.324057 14.588187 25.629269 12.138193 13.298721 -8.971133 10.311887 -1.822570 40.057556 0.000006 0.000031 -24.863190 0.000030 0.000064 -17.278124 0.000019 -0.000011 -0.000028 11.759494 0.054926 -6.584708 7.348002 -0.066490 0.184776 7.441948 -0.057506 0.140856 -0.000019 0.000040 -0.000022 10.874622 0.022540 -8.534572 6.946500 -0.039411 0.051897 6.932135 -0.019121 0.055416 -0.000012 0.000061 -0.000001 11.446076 -0.023830 -9.605957 7.854362 0.069406 -0.107203 7.882286 0.030142 -0.085743 -0.000010 0.000619 0.000003 11.836881 -0.014822 -12.181556 8.141829 0.190488 -0.326549 8.114485 0.085233 -0.279102 -0.000367 0.000008 -0.000020 0.000000 0.000000 0.000000 0.000000 0.000000 0.000000 -89.540565 0.027014 6.116260 -68.099289 19.779501 -3.758577 -0.620658 -9.904784 44.550999 -7.679703 -19.573931 -17.037981 -9.621173 1.684958 40.374714 0.000003 0.000032 -23.350695 0.000071 -0.000015 -16.462431 0.000656 0.000002 -0.000404 -11.029870 0.093152 -7.818543 -7.495598 -0.048310 0.000692 -7.736502 -0.012530 -0.008820 0.000014 0.000403 -0.000002 -10.321706 0.042948 -9.499357 -7.583500 -0.024841 -0.002811 -7.230316 -0.005331 -0.017472 0.000168 -0.000031 -0.000109 -12.621397 0.010371 -11.285442 -9.153747 0.057662 -0.015076 -8.882938 0.009669 0.003523 -0.000113 0.000013 0.000009 -13.811857 0.052655 -13.410007 -10.072197 0.089525 -0.031123 -9.959590 0.013801 -0.082834 -0.000626 0.000008 -0.000057 0.000000 0.000000 0.000000 0.000000 0.000000 0.000000 -0.895346 -9.711147 18.604160 -0.059607 -0.631917 5.771311 -1.180297 -9.009852 15.523392 -0.809285 1.014715 -17.210865 0.000000 0.000000 0.000000 0.000000 0.000000 0.000000 0.000000 0.000000 0.000000 2.384064 -5.083138 12.463645 0.149191 0.691535 11.866502 0.889336 -0.633630 14.077894 0.614297 -0.711445 -19.479296 0.000000 0.000000 0.000000 0.000000 0.000000 0.000000 0.000000 0.000000 0.000000 
-1.513064 88.162285 4.279556 -1.121480 3.512779 -13.000925 1.598419 0.007284 8.293811 -0.015054 -0.021873 1.127659 -0.404202 -0.635391 7.973608 -0.544947 -0.109352 4.456630 1.387838 -0.306484 3.060991 0.190229 0.909863 -3.943022 -0.376388 -0.605946 -19.697273 0.000000 0.000000 0.000000 93.862602 -0.883347 10.347688 61.652187 -30.400358 6.405403 -0.336354 14.615525 25.746584 11.972725 13.246027 -8.836620 10.325857 -1.825112 40.048527 0.000006 0.000030 -24.904703 0.000030 0.000064 -17.309937 0.000018 -0.000011 -0.000028 11.876577 0.054913 -6.565466 7.376045 -0.065425 0.178474 7.468046 -0.056782 0.136294 -0.000019 0.000041 -0.000022 10.995896 0.022437 -8.511744 6.967900 -0.039195 0.049900 6.956861 -0.018801 0.053686 -0.000011 0.000060 -0.000001 11.528319 -0.024588 -9.573506 7.870302 0.068601 -0.105517 7.900144 0.029707 -0.084335 -0.000010 0.000647 0.000003 11.888643 -0.015260 -12.131505 8.152719 0.188720 -0.324617 8.130885 0.083783 -0.276719 -0.000351 0.000008 -0.000020 0.000000 0.000000 0.000000 0.000000 0.000000 0.000000 -89.552734 0.022024 6.109809 -67.997734 19.712421 -3.604388 -0.615709 -9.950324 44.672066 -7.499227 -19.667591 -16.818563 -9.600082 1.683419 40.384422 0.000004 0.000032 -23.294222 0.000071 -0.000015 -16.420538 0.000655 0.000002 -0.000405 -10.951144 0.092414 -7.703664 -7.451545 -0.048450 0.002320 -7.687862 -0.012540 -0.007672 0.000014 0.000409 -0.000002 -10.259023 0.042878 -9.391108 -7.535664 -0.024868 -0.002340 -7.177775 -0.005269 -0.017382 0.000169 -0.000031 -0.000112 -12.549469 0.010080 -11.194853 -9.088595 0.057753 -0.014230 -8.816893 0.009637 0.003591 -0.000131 0.000013 0.000009 -13.753505 0.052395 -13.330807 -10.008210 0.089717 -0.027188 -9.894470 0.014305 -0.079527 -0.000606 0.000008 -0.000057 0.000000 0.000000 0.000000 0.000000 0.000000 0.000000 -0.914867 -9.719677 18.640820 -0.059145 -0.631672 5.737406 -1.176790 -9.005218 15.558219 -0.812368 1.014557 -17.215332 0.000000 0.000000 0.000000 0.000000 0.000000 0.000000 0.000000 0.000000 0.000000 2.361066 -5.080083 12.489170 0.149036 0.690345 11.863516 0.900473 -0.638179 14.083784 0.610027 -0.709879 -19.471203 0.000000 0.000000 0.000000 0.000000 0.000000 0.000000 0.000000 0.000000 0.000000 
-1.497333 88.163658 4.270333 -1.110349 3.513760 -13.026667 1.594269 0.004916 8.301587 -0.017390 -0.020426 1.119029 -0.398970 -0.635606 7.973700 -0.549805 -0.104844 4.457911 1.359237 -0.308369 3.176783 0.194433 0.918859 -3.895082 -0.376337 -0.614848 -19.736044 0.000000 0.000000 0.000000 93.878471 -0.891337 10.360941 61.485931 -30.501751 6.533256 -0.348954 14.645762 25.881350 11.813742 13.196173 -8.698613 10.338029 -1.827524 40.040241 0.000006 0.000030 -24.941498 0.000030 0.000063 -17.338814 0.000018 -0.000010 -0.000028 11.983935 0.054813 -6.544473 7.401657 -0.064477 0.172396 7.491761 -0.056137 0.131907 -0.000019 0.000041 -0.000022 11.107355 0.022297 -8.489742 6.985754 -0.039000 0.047982 6.977753 -0.018505 0.052032 -0.000011 0.000059 -0.000001 11.600559 -0.025327 -9.545506 7.879994 0.067820 -0.103998 7.912096 0.029313 -0.083029 -0.000010 0.000669 0.000003 11.932423 -0.015435 -12.089412 8.156021 0.187102 -0.323039 8.140032 0.082567 -0.274756 -0.000334 0.000008 -0.000020 0.000000 0.000000 0.000000 0.000000 0.000000 0.000000 -89.560814 0.015479 6.113539 -67.879425 19.685705 -3.411340 -0.612992 -9.984153 44.773243 -7.316888 -19.754641 -16.613651 -9.577181 1.681733 40.394920 0.000005 0.000033 -23.233110 0.000071 -0.000015 -16.375402 0.000650 0.000002 -0.000405 -10.861073 0.091609 -7.590380 -7.401666 -0.048684 0.003650 -7.633799 -0.012702 -0.006901 0.000013 0.000419 -0.000003 -10.183510 0.042733 -9.287361 -7.480672 -0.024938 -0.002052 -7.118701 -0.005260 -0.017403 0.000175 -0.000031 -0.000115 -12.462612 0.009837 -11.110204 -9.013113 0.057911 -0.013127 -8.740864 0.009692 0.003894 -0.000141 0.000013 0.000009 -13.679100 0.052391 -13.257505 -9.933767 0.090170 -0.022516 -9.818695 0.015031 -0.075620 -0.000585 0.000008 -0.000056 0.000000 0.000000 0.000000 0.000000 0.000000 0.000000 -0.938490 -9.731313 18.679819 -0.058718 -0.631368 5.705626 -1.172133 -9.008525 15.591841 -0.815853 1.014394 -17.218662 0.000000 0.000000 0.000000 0.000000 0.000000 0.000000 0.000000 0.000000 0.000000 2.333825 -5.079368 12.517855 0.148740 0.688839 11.854018 0.915646 -0.647897 14.095550 0.605757 -0.707591 -19.461782 0.000000 0.000000 0.000000 0.000000 0.000000 0.000000 0.000000 0.000000 0.000000 
-1.479926 88.164604 4.261087 -1.097201 3.525656 -13.055804 1.586457 0.003209 8.310597 -0.021103 -0.019306 1.110058 -0.392543 -0.639313 7.974811 -0.554471 -0.102786 4.455469 1.332670 -0.311988 3.295032 0.197797 0.926641 -3.846282 -0.375621 -0.622523 -19.775633 0.000000 0.000000 0.000000 93.894447 -0.899034 10.376151 61.302803 -30.608757 6.684039 -0.361355 14.677067 26.032694 11.661812 13.145348 -8.564188 10.349051 -1.829762 40.032570 0.000005 0.000030 -24.975008 0.000030 0.000063 -17.365583 0.000018 -0.000010 -0.000028 12.083887 0.054622 -6.523889 7.427103 -0.063556 0.166419 7.515398 -0.055476 0.127571 -0.000019 0.000041 -0.000022 11.211301 0.022118 -8.470154 7.002490 -0.038787 0.046073 6.997324 -0.018201 0.050401 -0.000010 0.000058 -0.000001 11.665729 -0.026042 -9.523098 7.886000 0.066985 -0.102507 7.920500 0.028903 -0.081726 -0.000010 0.000686 0.000003 11.971022 -0.015346 -12.056477 8.154079 0.185435 -0.321161 8.144182 0.081401 -0.272699 -0.000316 0.000008 -0.000020 0.000000 0.000000 0.000000 0.000000 0.000000 0.000000 -89.564667 0.007196 6.127066 -67.748528 19.700439 -3.185699 -0.612217 -10.006672 44.854637 -7.139120 -19.835852 -16.428755 -9.553144 1.679926 40.405899 0.000006 0.000033 -23.169153 0.000070 -0.000014 -16.328367 0.000641 0.000003 -0.000402 -10.761555 0.090725 -7.480879 -7.347798 -0.048981 0.004773 -7.576046 -0.012977 -0.006429 0.000013 0.000430 -0.000003 -10.097542 0.042514 -9.190227 -7.420548 -0.025036 -0.001894 -7.055014 -0.005294 -0.017496 0.000186 -0.000031 -0.000119 -12.364409 0.009653 -11.033564 -8.929974 0.058107 -0.011840 -8.657583 0.009808 0.004374 -0.000143 0.000013 0.000009 -13.592615 0.052644 -13.193101 -9.851521 0.090772 -0.017463 -9.734964 0.015885 -0.071377 -0.000564 0.000008 -0.000056 0.000000 0.000000 0.000000 0.000000 0.000000 0.000000 -0.965099 -9.743690 18.720308 -0.058315 -0.631021 5.676971 -1.166141 -9.019774 15.623409 -0.819554 1.014335 -17.221104 0.000000 0.000000 0.000000 0.000000 0.000000 0.000000 0.000000 0.000000 0.000000 2.302805 -5.082025 12.549509 0.148322 0.686954 11.838682 0.934519 -0.661277 14.112822 0.601430 -0.704591 -19.451744 0.000000 0.000000 0.000000 0.000000 0.000000 0.000000 0.000000 0.000000 0.000000 
-1.461171 88.165031 4.251824 -1.082512 3.547462 -13.087489 1.575475 0.002153 8.320890 -0.026020 -0.018444 1.101262 -0.384870 -0.646235 7.977013 -0.558811 -0.102927 4.449440 1.308058 -0.317252 3.412503 0.200279 0.932625 -3.798388 -0.374152 -0.628965 -19.815426 0.000000 0.000000 0.000000 93.910088 -0.906145 10.393307 61.110424 -30.724630 6.850486 -0.373182 14.707983 26.199871 11.518016 13.092723 -8.438134 10.359241 -1.831763 40.025475 0.000005 0.000029 -25.006027 0.000030 0.000063 -17.390636 0.000017 -0.000010 -0.000028 12.177929 0.054333 -6.504722 7.454334 -0.062621 0.160482 7.540779 -0.054746 0.123227 -0.000019 0.000042 -0.000022 11.309008 0.021896 -8.453432 7.020162 -0.038539 0.044140 7.017719 -0.017873 0.048764 -0.000010 0.000057 -0.000001 11.725450 -0.026722 -9.506001 7.890687 0.066060 -0.100938 7.927610 0.028449 -0.080361 -0.000011 0.000697 0.000003 12.005334 -0.015009 -12.032020 8.149175 0.183620 -0.318538 8.145467 0.080180 -0.270206 -0.000298 0.000008 -0.000021 0.000000 0.000000 0.000000 0.000000 0.000000 0.000000 -89.564224 -0.002761 6.149836 -67.610344 19.755957 -2.936633 -0.613014 -10.019649 44.918282 -6.972066 -19.910990 -16.266838 -9.528205 1.677983 40.417271 0.000006 0.000033 -23.103153 0.000070 -0.000014 -16.280092 0.000628 0.000003 -0.000395 -10.652616 0.089765 -7.375196 -7.290312 -0.049327 0.005661 -7.514908 -0.013339 -0.006283 0.000013 0.000443 -0.000003 -10.001687 0.042222 -9.099962 -7.355832 -0.025155 -0.001859 -6.987236 -0.005362 -0.017661 0.000200 -0.000031 -0.000123 -12.255798 0.009532 -10.965472 -8.840291 0.058317 -0.010392 -8.568166 0.009962 0.005017 -0.000137 0.000012 0.000009 -13.494980 0.053183 -13.139311 -9.762686 0.091454 -0.012167 -9.644593 0.016801 -0.066892 -0.000543 0.000008 -0.000056 0.000000 0.000000 0.000000 0.000000 0.000000 0.000000 -0.993702 -9.754946 18.760965 -0.057930 -0.630641 5.652218 -1.158857 -9.037681 15.652278 -0.823341 1.014441 -17.223066 0.000000 0.000000 0.000000 0.000000 0.000000 0.000000 0.000000 0.000000 0.000000 2.268741 -5.087983 12.582706 0.147813 0.684677 11.819180 0.956490 -0.676666 14.134946 0.596992 -0.700958 -19.441896 0.000000 0.000000 0.000000 0.000000 0.000000 0.000000 0.000000 0.000000 0.000000 
-1.441176 88.164787 4.242512 -1.066635 3.578322 -13.120770 1.561838 0.001619 8.332798 -0.031977 -0.017835 1.092373 -0.376323 -0.656173 7.979993 -0.562618 -0.105145 4.440018 1.286034 -0.324181 3.526550 0.202005 0.936677 -3.752566 -0.371925 -0.634490 -19.853539 0.000000 0.000000 0.000000 93.925522 -0.912569 10.411708 60.917027 -30.851040 7.025938 -0.384376 14.735977 26.381283 11.378119 13.039368 -8.322162 10.368732 -1.833554 40.018906 0.000005 0.000029 -25.034840 0.000030 0.000063 -17.414078 0.000017 -0.000010 -0.000028 12.266288 0.053924 -6.485788 7.483590 -0.061659 0.154514 7.567994 -0.053931 0.118825 -0.000019 0.000042 -0.000022 11.400476 0.021622 -8.438259 7.039246 -0.038251 0.042153 7.039577 -0.017518 0.047092 -0.000009 0.000055 -0.000001 11.780587 -0.027360 -9.491948 7.895367 0.065027 -0.099209 7.934630 0.027933 -0.078887 -0.000011 0.000701 0.000003 12.035578 -0.014521 -12.012842 8.142790 0.181574 -0.314941 8.145298 0.078819 -0.267119 -0.000282 0.000008 -0.000021 0.000000 0.000000 0.000000 0.000000 0.000000 0.000000 -89.559410 -0.014329 6.180427 -67.471497 19.850698 -2.674098 -0.615112 -10.024164 44.967121 -6.816684 -19.987993 -16.127018 -9.503219 1.676038 40.428532 0.000007 0.000033 -23.037508 0.000070 -0.000014 -16.232336 0.000611 0.000003 -0.000382 -10.538484 0.088754 -7.273306 -7.229733 -0.049690 0.006290 -7.450943 -0.013741 -0.006466 0.000012 0.000454 -0.000003 -9.900840 0.041875 -9.016196 -7.287417 -0.025284 -0.001937 -6.916324 -0.005451 -0.017889 0.000215 -0.000030 -0.000127 -12.142255 0.009475 -10.905083 -8.746248 0.058516 -0.008853 -8.474741 0.010130 0.005789 -0.000124 0.000012 0.000009 -13.391386 0.053981 -13.094879 -9.669810 0.092134 -0.006901 -9.550138 0.017677 -0.062345 -0.000524 0.000008 -0.000055 0.000000 0.000000 0.000000 0.000000 0.000000 0.000000 -1.024279 -9.764774 18.800711 -0.057571 -0.630240 5.632506 -1.149863 -9.060309 15.677527 -0.827044 1.014693 -17.225191 0.000000 0.000000 0.000000 0.000000 0.000000 0.000000 0.000000 0.000000 0.000000 2.232335 -5.096396 12.616019 0.147228 0.682133 11.797621 0.981062 -0.693208 14.160563 0.592446 -0.696978 -19.433176 0.000000 0.000000 0.000000 0.000000 0.000000 0.000000 0.000000 0.000000 0.000000 
-1.420108 88.163826 4.233304 -1.049322 3.617276 -13.155299 1.545869 0.001702 8.346322 -0.038881 -0.017313 1.083308 -0.367218 -0.668191 7.984352 -0.565962 -0.108991 4.428036 1.266575 -0.332657 3.635955 0.203092 0.938851 -3.709225 -0.368817 -0.639358 -19.889975 0.000000 0.000000 0.000000 93.940865 -0.918288 10.431282 60.730240 -30.986252 7.206010 -0.395180 14.760316 26.573059 11.240664 12.986000 -8.215029 10.377387 -1.835126 40.012909 0.000005 0.000029 -25.061312 0.000030 0.000063 -17.435743 0.000017 -0.000009 -0.000028 12.349031 0.053399 -6.467244 7.514118 -0.060653 0.148624 7.596416 -0.053016 0.114475 -0.000019 0.000042 -0.000021 11.485961 0.021299 -8.424633 7.059339 -0.037919 0.040142 7.062426 -0.017126 0.045412 -0.000009 0.000054 -0.000001 11.832176 -0.027949 -9.480155 7.900486 0.063878 -0.097309 7.941973 0.027345 -0.077294 -0.000011 0.000701 0.000003 12.063086 -0.013932 -11.997296 8.135939 0.179248 -0.310278 8.144694 0.077243 -0.263331 -0.000268 0.000008 -0.000021 0.000000 0.000000 0.000000 0.000000 0.000000 0.000000 -89.550957 -0.027114 6.217837 -67.337517 19.976168 -2.403910 -0.617775 -10.023376 45.004539 -6.675031 -20.072773 -16.007458 -9.478319 1.674112 40.439610 0.000008 0.000033 -22.972675 0.000070 -0.000014 -16.185402 0.000592 0.000002 -0.000364 -10.420158 0.087725 -7.175309 -7.165559 -0.050057 0.006531 -7.383586 -0.014151 -0.007067 0.000012 0.000464 -0.000004 -9.796500 0.041485 -8.938589 -7.215040 -0.025414 -0.002157 -6.842032 -0.005556 -0.018219 0.000228 -0.000030 -0.000130 -12.025898 0.009475 -10.852121 -8.648498 0.058689 -0.007198 -8.377775 0.010294 0.006696 -0.000107 0.000012 0.000009 -13.283880 0.054980 -13.059798 -9.574003 0.092747 -0.001654 -9.452663 0.018458 -0.057708 -0.000506 0.000008 -0.000055 0.000000 0.000000 0.000000 0.000000 0.000000 0.000000 -1.057369 -9.773239 18.839371 -0.057253 -0.629867 5.618335 -1.138660 -9.086867 15.698380 -0.830731 1.015087 -17.227379 0.000000 0.000000 0.000000 0.000000 0.000000 0.000000 0.000000 0.000000 0.000000 2.193113 -5.107154 12.648638 0.146551 0.679325 11.775656 1.008119 -0.710522 14.188832 0.587740 -0.692828 -19.425646 0.000000 0.000000 0.000000 0.000000 0.000000 0.000000 0.000000 0.000000 0.000000 
-1.398210 88.162369 4.224378 -1.030157 3.662933 -13.191085 1.528012 0.002567 8.360880 -0.046264 -0.016753 1.074683 -0.358785 -0.680769 7.990547 -0.569623 -0.113917 4.414182 1.246584 -0.341136 3.736671 0.203388 0.939361 -3.670323 -0.364971 -0.643769 -19.925459 0.000000 0.000000 0.000000 93.955574 -0.923743 10.452803 60.554016 -31.130301 7.387704 -0.405718 14.780964 26.774321 11.100543 12.926847 -8.121298 10.384878 -1.836439 40.007591 0.000005 0.000028 -25.084831 0.000029 0.000063 -17.455189 0.000017 -0.000009 -0.000028 12.425354 0.052787 -6.450981 7.545090 -0.059578 0.142914 7.625307 -0.051984 0.110296 -0.000019 0.000042 -0.000021 11.564797 0.020936 -8.414145 7.079825 -0.037537 0.038148 7.085710 -0.016694 0.043774 -0.000008 0.000053 -0.000001 11.881346 -0.028469 -9.472246 7.906215 0.062605 -0.095273 7.949669 0.026683 -0.075612 -0.000011 0.000699 0.000003 12.090594 -0.013202 -11.987498 8.129486 0.176599 -0.304523 8.144420 0.075388 -0.258796 -0.000255 0.000008 -0.000021 0.000000 0.000000 0.000000 0.000000 0.000000 0.000000 -89.539055 -0.040563 6.260994 -67.213043 20.122408 -2.131392 -0.620169 -10.019447 45.036594 -6.545657 -20.169216 -15.907851 -9.452114 1.672065 40.451088 0.000009 0.000033 -22.905634 0.000069 -0.000013 -16.137156 0.000571 0.000002 -0.000344 -10.290999 0.086690 -7.081899 -7.094311 -0.050432 0.006172 -7.309342 -0.014574 -0.008287 0.000012 0.000472 -0.000004 -9.683545 0.041057 -8.867728 -7.135748 -0.025548 -0.002586 -6.761425 -0.005675 -0.018734 0.000240 -0.000030 -0.000134 -11.904620 0.009544 -10.808482 -8.545729 0.058827 -0.005341 -8.275886 0.010445 0.007795 -0.000086 0.000012 0.000009 -13.172711 0.056181 -13.038050 -9.475292 0.093236 0.003765 -9.352346 0.019111 -0.052793 -0.000489 0.000008 -0.000055 0.000000 0.000000 0.000000 0.000000 0.000000 0.000000 -1.093588 -9.780253 18.877392 -0.056996 -0.629667 5.608938 -1.124839 -9.116582 15.714528 -0.834498 1.015685 -17.229414 0.000000 0.000000 0.000000 0.000000 0.000000 0.000000 0.000000 0.000000 0.000000 2.150474 -5.120822 12.681880 0.145776 0.676314 11.752054 1.037390 -0.728444 14.219676 0.582925 -0.688625 -19.418985 0.000000 0.000000 0.000000 0.000000 0.000000 0.000000 0.000000 0.000000 0.000000 
-1.375695 88.160645 4.215827 -1.009479 3.713509 -13.227656 1.509085 0.004120 8.375887 -0.053487 -0.016257 1.066706 -0.352392 -0.692978 7.998062 -0.574188 -0.119539 4.399173 1.223571 -0.348014 3.823939 0.202582 0.938663 -3.637977 -0.360854 -0.647932 -19.959322 0.000000 0.000000 0.000000 93.969101 -0.929318 10.476624 60.390671 -31.286036 7.567791 -0.416162 14.795994 26.986748 10.953031 12.858043 -8.045396 10.391914 -1.837616 40.002548 0.000004 0.000028 -25.107222 0.000029 0.000063 -17.473658 0.000016 -0.000009 -0.000028 12.498536 0.052083 -6.437599 7.576941 -0.058410 0.137308 7.654996 -0.050815 0.106231 -0.000019 0.000043 -0.000021 11.640343 0.020527 -8.406830 7.101227 -0.037098 0.036142 7.110068 -0.016218 0.042159 -0.000008 0.000051 -0.000000 11.932744 -0.028896 -9.468096 7.913645 0.061202 -0.093062 7.958773 0.025941 -0.073813 -0.000011 0.000695 0.000004 12.122743 -0.012307 -11.983452 8.124869 0.173588 -0.297498 8.145731 0.073195 -0.253359 -0.000245 0.000008 -0.000021 0.000000 0.000000 0.000000 0.000000 0.000000 0.000000 -89.523643 -0.054143 6.308467 -67.102646 20.282772 -1.864189 -0.621765 -10.012816 45.068729 -6.426279 -20.278423 -15.827245 -9.423307 1.669800 40.463551 0.000010 0.000033 -22.833456 0.000069 -0.000013 -16.085632 0.000547 0.000002 -0.000322 -10.144721 0.085623 -6.989967 -7.012192 -0.050825 0.005095 -7.224496 -0.015007 -0.010249 0.000011 0.000476 -0.000004 -9.557193 0.040589 -8.801264 -7.046239 -0.025684 -0.003266 -6.671150 -0.005806 -0.019480 0.000248 -0.000030 -0.000136 -11.775893 0.009690 -10.773788 -8.435740 0.058920 -0.003253 -8.166812 0.010574 0.009113 -0.000062 0.000012 0.000009 -13.057445 0.057595 -13.031436 -9.372542 0.093576 0.009430 -9.248144 0.019611 -0.047526 -0.000472 0.000008 -0.000054 0.000000 0.000000 0.000000 0.000000 0.000000 0.000000 -1.132771 -9.785372 18.914782 -0.056824 -0.629736 5.603185 -1.108149 -9.147803 15.726252 -0.838325 1.016521 -17.231396 0.000000 0.000000 0.000000 0.000000 0.000000 0.000000 0.000000 0.000000 0.000000 2.104904 -5.138056 12.716290 0.144930 0.673239 11.726505 1.067941 -0.746318 14.252422 0.578060 -0.684555 -19.413290 0.000000 0.000000 0.000000 0.000000 0.000000 0.000000 0.000000 0.000000 0.000000 
-1.352686 88.158928 4.207874 -0.987766 3.767016 -13.264929 1.490157 0.006168 8.390724 -0.059878 -0.015996 1.059244 -0.349029 -0.703852 8.006057 -0.580583 -0.125425 4.384295 1.194971 -0.352009 3.894868 0.200336 0.937145 -3.613474 -0.356970 -0.652141 -19.991840 0.000000 0.000000 0.000000 93.980690 -0.935308 10.503032 60.240360 -31.456253 7.743859 -0.427018 14.804825 27.214294 10.798734 12.776742 -7.988172 10.398866 -1.838781 39.997478 0.000004 0.000028 -25.129541 0.000029 0.000063 -17.491816 0.000016 -0.000009 -0.000028 12.570470 0.051279 -6.426364 7.609277 -0.057159 0.131763 7.684968 -0.049528 0.102259 -0.000019 0.000043 -0.000021 11.714775 0.020064 -8.401999 7.123122 -0.036608 0.034116 7.135118 -0.015704 0.040553 -0.000008 0.000050 -0.000000 11.989779 -0.029202 -9.467802 7.922683 0.059689 -0.090668 7.969258 0.025133 -0.071885 -0.000011 0.000688 0.000004 12.163053 -0.011199 -11.985982 8.122441 0.170262 -0.289177 8.148842 0.070681 -0.246981 -0.000236 0.000008 -0.000022 0.000000 0.000000 0.000000 0.000000 0.000000 0.000000 -89.504814 -0.067242 6.358651 -67.010551 20.447542 -1.607908 -0.622088 -10.005866 45.105434 -6.319340 -20.402750 -15.761849 -9.390001 1.667139 40.477863 0.000010 0.000033 -22.751667 0.000068 -0.000013 -16.027740 0.000518 0.000002 -0.000298 -9.971855 0.084511 -6.894572 -6.913747 -0.051296 0.003007 -7.123664 -0.015508 -0.013194 0.000011 0.000476 -0.000004 -9.409287 0.040082 -8.735401 -6.941362 -0.025839 -0.004305 -6.566109 -0.005962 -0.020550 0.000252 -0.000029 -0.000139 -11.633909 0.009918 -10.746912 -8.314376 0.058992 -0.000829 -8.046193 0.010700 0.010730 -0.000037 0.000012 0.000009 -12.934455 0.059222 -13.041840 -9.262837 0.093847 0.015676 -9.137179 0.020031 -0.041668 -0.000454 0.000008 -0.000054 0.000000 0.000000 0.000000 0.000000 0.000000 0.000000 -1.174756 -9.789023 18.952234 -0.056749 -0.630148 5.599170 -1.088625 -9.179026 15.734071 -0.842342 1.017630 -17.233191 0.000000 0.000000 0.000000 0.000000 0.000000 0.000000 0.000000 0.000000 0.000000 2.057000 -5.159285 12.752434 0.144041 0.670194 11.699063 1.098976 -0.763681 14.286181 0.573235 -0.680691 -19.408266 0.000000 0.000000 0.000000 0.000000 0.000000 0.000000 0.000000 0.000000 0.000000 
-1.329171 88.157211 4.200535 -0.965823 3.821833 -13.302068 1.471995 0.008391 8.405154 -0.065472 -0.016174 1.051987 -0.348465 -0.713768 8.013529 -0.588350 -0.131463 4.370988 1.162059 -0.353000 3.949832 0.196575 0.935364 -3.596226 -0.353777 -0.656504 -20.021669 0.000000 0.000000 0.000000 93.991112 -0.941637 10.530787 60.103237 -31.643469 7.913773 -0.438658 14.804539 27.459780 10.639323 12.690122 -7.944708 10.407330 -1.840192 39.991570 0.000004 0.000027 -25.155621 0.000029 0.000063 -17.512337 0.000016 -0.000008 -0.000028 12.647274 0.050351 -6.414663 7.643289 -0.055800 0.126096 7.716266 -0.048095 0.098200 -0.000019 0.000043 -0.000021 11.794322 0.019532 -8.396659 7.146841 -0.036057 0.031993 7.162121 -0.015147 0.038882 -0.000007 0.000049 0.000000 12.058441 -0.029388 -9.467692 7.934834 0.058057 -0.087968 7.982808 0.024244 -0.069736 -0.000011 0.000677 0.000004 12.215826 -0.009956 -11.990308 8.123708 0.166562 -0.279258 8.155134 0.067791 -0.239398 -0.000230 0.000008 -0.000022 0.000000 0.000000 0.000000 0.000000 0.000000 0.000000 -89.483139 -0.079482 6.409407 -66.939377 20.612766 -1.369780 -0.621308 -9.999171 45.148212 -6.224203 -20.541185 -15.708061 -9.351710 1.664033 40.494274 0.000011 0.000033 -22.658651 0.000068 -0.000013 -15.962580 0.000485 0.000002 -0.000272 -9.769506 0.083365 -6.788472 -6.795849 -0.051838 -0.000163 -7.003761 -0.016059 -0.017147 0.000011 0.000472 -0.000005 -9.237440 0.039545 -8.664223 -6.818067 -0.026008 -0.005726 -6.443151 -0.006141 -0.021946 0.000253 -0.000029 -0.000141 -11.475461 0.010215 -10.723310 -8.177973 0.059038 0.001908 -7.910153 0.010818 0.012645 -0.000012 0.000012 0.000009 -12.800460 0.061005 -13.065180 -9.142419 0.094033 0.022437 -9.015616 0.020344 -0.035306 -0.000436 0.000008 -0.000053 0.000000 0.000000 0.000000 0.000000 0.000000 0.000000 -1.218634 -9.791129 18.988638 -0.056784 -0.630822 5.597007 -1.066528 -9.208159 15.738393 -0.846439 1.018877 -17.234936 0.000000 0.000000 0.000000 0.000000 0.000000 0.000000 0.000000 0.000000 0.000000 2.007840 -5.184070 12.788478 0.143136 0.667239 11.672615 1.129624 -0.779006 14.319375 0.568462 -0.677178 -19.404583 0.000000 0.000000 0.000000 0.000000 0.000000 0.000000 0.000000 0.000000 0.000000 
-1.304968 88.155190 4.193627 -0.943812 3.877391 -13.337987 1.454363 0.010599 8.419498 -0.070827 -0.016936 1.044617 -0.349353 -0.724249 8.020365 -0.595800 -0.138041 4.360493 1.127464 -0.350522 3.993339 0.191561 0.934809 -3.583414 -0.351674 -0.660731 -20.047014 0.000000 0.000000 0.000000 94.002846 -0.947813 10.557964 59.978874 -31.846519 8.078567 -0.451429 14.791305 27.719790 10.477686 12.613240 -7.902193 10.418482 -1.842025 39.984173 0.000004 0.000027 -25.188202 0.000029 0.000063 -17.537251 0.000016 -0.000008 -0.000028 12.734027 0.049303 -6.399498 7.679471 -0.054318 0.120316 7.749374 -0.046495 0.094019 -0.000019 0.000043 -0.000020 11.883459 0.018932 -8.386984 7.173215 -0.035437 0.029765 7.191678 -0.014544 0.037127 -0.000007 0.000048 0.000000 12.141309 -0.029499 -9.461393 7.951143 0.056304 -0.084898 8.000685 0.023265 -0.067327 -0.000011 0.000662 0.000004 12.281731 -0.008792 -11.987023 8.129846 0.162450 -0.267690 8.165720 0.064501 -0.230511 -0.000227 0.000008 -0.000022 0.000000 0.000000 0.000000 0.000000 0.000000 0.000000 -89.459938 -0.090796 6.459450 -66.890511 20.775490 -1.156218 -0.620251 -9.992791 45.194901 -6.139755 -20.698235 -15.661293 -9.310054 1.660650 40.512100 0.000012 0.000033 -22.557625 0.000068 -0.000013 -15.892590 0.000450 0.000001 -0.000238 -9.545804 0.082257 -6.668396 -6.660952 -0.052364 -0.004248 -6.867255 -0.016562 -0.021904 0.000010 0.000464 -0.000005 -9.048734 0.039011 -8.584269 -6.678771 -0.026158 -0.007451 -6.304603 -0.006322 -0.023592 0.000251 -0.000029 -0.000143 -11.303565 0.010536 -10.697371 -8.027408 0.059012 0.004808 -7.759347 0.010894 0.014767 0.000010 0.000012 0.000009 -12.655958 0.062863 -13.092324 -9.010750 0.093988 0.029279 -8.882814 0.020410 -0.028825 -0.000418 0.000008 -0.000053 0.000000 0.000000 0.000000 0.000000 0.000000 0.000000 -1.263483 -9.791479 19.021551 -0.056942 -0.631548 5.598907 -1.042713 -9.233492 15.739058 -0.850467 1.019967 -17.236612 0.000000 0.000000 0.000000 0.000000 0.000000 0.000000 0.000000 0.000000 0.000000 1.957974 -5.210175 12.820846 0.142212 0.664320 11.651785 1.159499 -0.789946 14.350410 0.563669 -0.674106 -19.403034 0.000000 0.000000 0.000000 0.000000 0.000000 0.000000 0.000000 0.000000 0.000000 
-1.280088 88.153503 4.188004 -0.920362 3.932826 -13.376174 1.437805 0.013118 8.432506 -0.074744 -0.018127 1.038221 -0.352396 -0.731336 8.027239 -0.606366 -0.143911 4.353996 1.083875 -0.343807 4.026089 0.185306 0.933938 -3.575943 -0.350247 -0.665218 -20.075624 0.000000 0.000000 0.000000 94.013298 -0.954286 10.587169 59.863373 -32.055691 8.239430 -0.465889 14.774965 28.002836 10.321455 12.528953 -7.862031 10.427991 -1.843751 39.977360 0.000004 0.000027 -25.217436 0.000029 0.000062 -17.559587 0.000015 -0.000008 -0.000028 12.812709 0.048255 -6.383581 7.712399 -0.052918 0.115082 7.779209 -0.044964 0.090368 -0.000019 0.000043 -0.000020 11.964789 0.018328 -8.378597 7.196610 -0.034834 0.027771 7.218207 -0.013971 0.035543 -0.000007 0.000047 0.000001 12.224467 -0.029494 -9.461089 7.965681 0.054593 -0.081967 8.016666 0.022329 -0.065045 -0.000011 0.000646 0.000004 12.353276 -0.007412 -11.994651 8.135876 0.158420 -0.255979 8.175815 0.061211 -0.221556 -0.000225 0.000008 -0.000022 0.000000 0.000000 0.000000 0.000000 0.000000 0.000000 -89.435349 -0.100802 6.508093 -66.868225 20.907295 -0.961058 -0.618165 -9.996148 45.248997 -6.078720 -20.889814 -15.614805 -9.258945 1.656225 40.534286 0.000013 0.000033 -22.434189 0.000067 -0.000013 -15.807147 0.000412 0.000001 -0.000210 -9.270511 0.081233 -6.537742 -6.496309 -0.053131 -0.010333 -6.701388 -0.017306 -0.028399 0.000010 0.000454 -0.000005 -8.814727 0.038473 -8.499881 -6.511154 -0.026388 -0.009881 -6.138590 -0.006575 -0.025853 0.000247 -0.000028 -0.000145 -11.097589 0.010878 -10.677926 -7.853601 0.059065 0.008436 -7.584453 0.011043 0.017473 0.000031 0.000012 0.000009 -12.486470 0.064819 -13.139771 -8.862351 0.094162 0.037875 -8.733833 0.020652 -0.020957 -0.000396 0.000008 -0.000053 0.000000 0.000000 0.000000 0.000000 0.000000 0.000000 -1.311241 -9.792263 19.056841 -0.057221 -0.632637 5.600125 -1.017433 -9.256486 15.735821 -0.855282 1.021240 -17.236679 0.000000 0.000000 0.000000 0.000000 0.000000 0.000000 0.000000 0.000000 0.000000 1.905570 -5.238270 12.857158 0.141286 0.661440 11.629313 1.189784 -0.799560 14.380029 0.559181 -0.670985 -19.400213 0.000000 0.000000 0.000000 0.000000 0.000000 0.000000 0.000000 0.000000 0.000000 
-1.254791 88.152336 4.183400 -0.896714 3.986552 -13.416534 1.423099 0.015540 8.443542 -0.076989 -0.020037 1.033524 -0.357512 -0.735100 8.033133 -0.619942 -0.148711 4.352745 1.033247 -0.335669 4.047623 0.177594 0.930656 -3.574023 -0.349285 -0.670084 -20.107578 0.000000 0.000000 0.000000 94.022530 -0.961569 10.616632 59.754028 -32.273674 8.391901 -0.482094 14.755483 28.322895 10.176316 12.441543 -7.822386 10.438149 -1.845606 39.970119 0.000003 0.000026 -25.248404 0.000029 0.000062 -17.582850 0.000015 -0.000007 -0.000028 12.892887 0.047154 -6.364970 7.745920 -0.051493 0.109933 7.809453 -0.043397 0.086798 -0.000019 0.000042 -0.000020 12.048366 0.017697 -8.369184 7.221008 -0.034208 0.025815 7.245790 -0.013399 0.033957 -0.000006 0.000046 0.000001 12.317243 -0.029364 -9.465178 7.982321 0.052859 -0.078939 8.034739 0.021383 -0.062708 -0.000010 0.000626 0.000004 12.437545 -0.005748 -12.012047 8.144965 0.154295 -0.243526 8.188670 0.057777 -0.212041 -0.000225 0.000008 -0.000022 0.000000 0.000000 0.000000 0.000000 0.000000 0.000000 -89.408821 -0.109200 6.552862 -66.870911 21.005501 -0.790064 -0.615362 -10.011447 45.316093 -6.041739 -21.106411 -15.568196 -9.197342 1.650569 40.561489 0.000013 0.000033 -22.285009 0.000066 -0.000013 -15.704199 0.000371 0.000001 -0.000185 -8.937313 0.080223 -6.386238 -6.299562 -0.054121 -0.018220 -6.503573 -0.018267 -0.036434 0.000010 0.000443 -0.000005 -8.529961 0.037935 -8.403518 -6.313062 -0.026686 -0.012957 -5.942551 -0.006888 -0.028656 0.000243 -0.000028 -0.000147 -10.852494 0.011242 -10.660831 -7.653525 0.059184 0.012724 -7.382433 0.011257 0.020705 0.000050 0.000012 0.000009 -12.288039 0.066897 -13.205957 -8.694067 0.094529 0.048127 -8.565260 0.021067 -0.011807 -0.000372 0.000008 -0.000053 0.000000 0.000000 0.000000 0.000000 0.000000 0.000000 -1.360222 -9.792594 19.095079 -0.057593 -0.634035 5.598835 -0.991121 -9.276958 15.730163 -0.860645 1.022713 -17.235777 0.000000 0.000000 0.000000 0.000000 0.000000 0.000000 0.000000 0.000000 0.000000 1.852188 -5.270189 12.896852 0.140394 0.658621 11.606374 1.219639 -0.807024 14.407959 0.554894 -0.667877 -19.397242 0.000000 0.000000 0.000000 0.000000 0.000000 0.000000 0.000000 0.000000 0.000000 
-1.229037 88.151695 4.179280 -0.873292 4.038092 -13.457988 1.410400 0.017555 8.452998 -0.077612 -0.022821 1.030086 -0.364860 -0.736298 8.038071 -0.635777 -0.152604 4.356752 0.977839 -0.327631 4.059239 0.168465 0.924421 -3.576501 -0.348814 -0.675484 -20.141356 0.000000 0.000000 0.000000 94.031212 -0.969663 10.644442 59.648621 -32.497971 8.533676 -0.500356 14.732539 28.689980 10.045002 12.360505 -7.774209 10.449639 -1.847656 39.962208 0.000003 0.000026 -25.282463 0.000028 0.000062 -17.608006 0.000015 -0.000007 -0.000028 12.976693 0.045979 -6.339242 7.780962 -0.049963 0.104611 7.840837 -0.041713 0.083056 -0.000020 0.000042 -0.000019 12.136227 0.017020 -8.354650 7.247442 -0.033533 0.023789 7.275501 -0.012807 0.032281 -0.000006 0.000044 0.000001 12.420071 -0.029132 -9.469726 8.002083 0.051054 -0.075692 8.056129 0.020391 -0.060221 -0.000010 0.000604 0.000005 12.533607 -0.003845 -12.034907 8.158101 0.149925 -0.230110 8.205293 0.054098 -0.201776 -0.000227 0.000008 -0.000023 0.000000 0.000000 0.000000 0.000000 0.000000 0.000000 -89.380074 -0.116099 6.591468 -66.897964 21.068523 -0.651365 -0.612245 -10.041558 45.404716 -6.030795 -21.351706 -15.512900 -9.124688 1.643556 40.593994 0.000014 0.000032 -22.108232 0.000065 -0.000012 -15.582617 0.000329 0.000001 -0.000159 -8.542468 0.079205 -6.203588 -6.068564 -0.055267 -0.027794 -6.271606 -0.019367 -0.045871 0.000009 0.000431 -0.000006 -8.191401 0.037416 -8.286981 -6.082607 -0.027028 -0.016641 -5.714406 -0.007242 -0.031954 0.000238 -0.000027 -0.000149 -10.564253 0.011608 -10.640026 -7.424547 0.059332 0.017620 -7.150646 0.011511 0.024440 0.000065 0.000012 0.000009 -12.056573 0.069113 -13.285825 -8.503363 0.094990 0.059997 -8.374388 0.021564 -0.001421 -0.000346 0.000008 -0.000052 0.000000 0.000000 0.000000 0.000000 0.000000 0.000000 -1.409925 -9.792774 19.135540 -0.058027 -0.635600 5.594339 -0.964132 -9.293603 15.723143 -0.866410 1.024249 -17.234428 0.000000 0.000000 0.000000 0.000000 0.000000 0.000000 0.000000 0.000000 0.000000 1.798525 -5.305439 12.936959 0.139540 0.655850 11.586421 1.249036 -0.811199 14.433652 0.550676 -0.664868 -19.395382 0.000000 0.000000 0.000000 0.000000 0.000000 0.000000 0.000000 0.000000 0.000000 
-1.202904 88.151604 4.175228 -0.850032 4.087681 -13.499845 1.399386 0.019124 8.461084 -0.076604 -0.026482 1.028235 -0.374538 -0.734828 8.042140 -0.653602 -0.155573 4.365514 0.919113 -0.320265 4.063046 0.157966 0.914787 -3.582113 -0.348761 -0.681338 -20.176241 0.000000 0.000000 0.000000 94.039307 -0.978253 10.670039 59.544487 -32.723183 8.665141 -0.520657 14.707169 29.109999 9.927708 12.292162 -7.712838 10.461679 -1.849772 39.954067 0.000003 0.000026 -25.317656 0.000028 0.000062 -17.633701 0.000015 -0.000007 -0.000028 13.060391 0.044780 -6.304570 7.817286 -0.048343 0.099168 7.873107 -0.039923 0.079193 -0.000020 0.000042 -0.000019 12.224716 0.016309 -8.333726 7.275810 -0.032812 0.021723 7.307208 -0.012202 0.030545 -0.000006 0.000043 0.000001 12.529109 -0.028826 -9.474072 8.024956 0.049195 -0.072287 8.080764 0.019361 -0.057640 -0.000010 0.000579 0.000005 12.638710 -0.001744 -12.062850 8.175590 0.145337 -0.215935 8.225917 0.050203 -0.190942 -0.000231 0.000008 -0.000023 0.000000 0.000000 0.000000 0.000000 0.000000 0.000000 -89.348572 -0.121850 6.622663 -66.948410 21.091759 -0.549122 -0.609121 -10.088060 45.521282 -6.043993 -21.628407 -15.443152 -9.040112 1.635034 40.632225 0.000015 0.000032 -21.901594 0.000064 -0.000012 -15.440803 0.000287 0.000000 -0.000133 -8.081368 0.078219 -5.984889 -5.801803 -0.056527 -0.039021 -6.004063 -0.020555 -0.056681 0.000009 0.000417 -0.000006 -7.795197 0.036939 -8.146361 -5.818484 -0.027402 -0.020925 -5.452830 -0.007625 -0.035736 0.000232 -0.000027 -0.000150 -10.228862 0.011944 -10.612533 -7.165344 0.059492 0.023133 -6.887818 0.011793 0.028694 0.000075 0.000012 0.000008 -11.788501 0.071464 -13.376771 -8.288976 0.095513 0.073559 -8.160015 0.022105 0.010260 -0.000319 0.000008 -0.000052 0.000000 0.000000 0.000000 0.000000 0.000000 0.000000 -1.460368 -9.793019 19.177299 -0.058501 -0.637230 5.586436 -0.936760 -9.305565 15.715978 -0.872536 1.025768 -17.233173 0.000000 0.000000 0.000000 0.000000 0.000000 0.000000 0.000000 0.000000 0.000000 1.744612 -5.343123 12.975840 0.138735 0.653133 11.570773 1.278259 -0.812173 14.457344 0.546458 -0.661943 -19.395159 0.000000 0.000000 0.000000 0.000000 0.000000 0.000000 0.000000 0.000000 0.000000 
-1.176419 88.151886 4.170730 -0.826935 4.136048 -13.540890 1.389259 0.020169 8.468056 -0.074229 -0.031143 1.028313 -0.386077 -0.731898 8.045004 -0.672169 -0.158152 4.378590 0.858961 -0.313122 4.062160 0.146293 0.902689 -3.588991 -0.349254 -0.687183 -20.210659 0.000000 0.000000 0.000000 94.047379 -0.987006 10.692294 59.440044 -32.945293 8.788368 -0.542622 14.678210 29.579533 9.824260 12.245623 -7.632527 10.474477 -1.851988 39.945660 0.000003 0.000025 -25.354160 0.000028 0.000062 -17.660164 0.000014 -0.000006 -0.000027 13.144850 0.043601 -6.259938 7.854738 -0.046669 0.093767 7.906234 -0.038061 0.075316 -0.000020 0.000042 -0.000019 12.314692 0.015581 -8.304528 7.306254 -0.032061 0.019661 7.340864 -0.011596 0.028793 -0.000006 0.000042 0.000001 12.643901 -0.028514 -9.473654 8.051462 0.047316 -0.068768 8.109173 0.018313 -0.054994 -0.000010 0.000553 0.000005 12.752152 0.000392 -12.088752 8.198169 0.140578 -0.201171 8.251266 0.046137 -0.179649 -0.000236 0.000008 -0.000023 0.000000 0.000000 0.000000 0.000000 0.000000 0.000000 -89.314743 -0.126829 6.645901 -67.019089 21.073074 -0.484713 -0.607503 -10.149418 45.664112 -6.075525 -21.937901 -15.355907 -8.948004 1.625473 40.674129 0.000015 0.000032 -21.675638 0.000063 -0.000012 -15.286012 0.000248 0.000000 -0.000105 -7.576984 0.077307 -5.734854 -5.513821 -0.057758 -0.051040 -5.715507 -0.021679 -0.068085 0.000009 0.000403 -0.000006 -7.362091 0.036523 -7.983492 -5.534972 -0.027756 -0.025499 -5.171957 -0.007998 -0.039737 0.000226 -0.000026 -0.000152 -9.863051 0.012221 -10.574670 -6.888808 0.059606 0.028862 -6.606924 0.012054 0.033165 0.000080 0.000012 0.000008 -11.497452 0.073869 -13.468599 -8.060891 0.095912 0.087682 -7.931969 0.022521 0.022337 -0.000290 0.000008 -0.000052 0.000000 0.000000 0.000000 0.000000 0.000000 0.000000 -1.510861 -9.793125 19.217976 -0.058996 -0.638720 5.576562 -0.909965 -9.313072 15.709962 -0.878862 1.027017 -17.232574 0.000000 0.000000 0.000000 0.000000 0.000000 0.000000 0.000000 0.000000 0.000000 1.691004 -5.380969 13.010039 0.137971 0.650372 11.562047 1.307335 -0.809381 14.479478 0.542104 -0.659037 -19.397095 0.000000 0.000000 0.000000 0.000000 0.000000 0.000000 0.000000 0.000000 0.000000 
-1.149346 88.152107 4.165545 -0.803581 4.184678 -13.580359 1.378770 0.020662 8.474307 -0.070758 -0.036872 1.029832 -0.399060 -0.729646 8.047567 -0.689499 -0.161458 4.395369 0.799441 -0.304823 4.060565 0.134050 0.890531 -3.594904 -0.350478 -0.692551 -20.242140 0.000000 0.000000 0.000000 94.057976 -0.996010 10.709946 59.334389 -33.160408 8.909184 -0.565615 14.641458 30.078392 9.727998 12.225782 -7.526595 10.488569 -1.854335 39.936863 0.000003 0.000025 -25.392527 0.000027 0.000061 -17.687963 0.000014 -0.000006 -0.000027 13.231561 0.042459 -6.203830 7.892894 -0.044968 0.088622 7.940098 -0.036152 0.071557 -0.000020 0.000042 -0.000018 12.406363 0.014859 -8.264103 7.338628 -0.031293 0.017644 7.376048 -0.010994 0.027078 -0.000005 0.000041 0.000002 12.760539 -0.028272 -9.460651 8.081319 0.045445 -0.065205 8.141032 0.017264 -0.052328 -0.000010 0.000526 0.000005 12.868641 0.002316 -12.099959 8.225275 0.135685 -0.186254 8.280925 0.041942 -0.168164 -0.000240 0.000008 -0.000023 0.000000 0.000000 0.000000 0.000000 0.000000 0.000000 -89.280823 -0.131642 6.661986 -67.102211 21.017530 -0.453721 -0.609968 -10.218637 45.818836 -6.112799 -22.287384 -15.252295 -8.859366 1.616098 40.714588 0.000016 0.000031 -21.457031 0.000063 -0.000012 -15.136513 0.000214 0.000000 -0.000072 -7.084831 0.076493 -5.472634 -5.237823 -0.058683 -0.062009 -5.439233 -0.022463 -0.078417 0.000008 0.000387 -0.000007 -6.941871 0.036187 -7.809772 -5.264716 -0.027992 -0.029680 -4.904354 -0.008286 -0.043376 0.000222 -0.000026 -0.000154 -9.509009 0.012419 -10.524836 -6.625859 0.059544 0.033904 -6.339132 0.012186 0.037171 0.000080 0.000012 0.000008 -11.218367 0.076164 -13.545245 -7.844391 0.095782 0.099738 -7.715364 0.022457 0.032754 -0.000262 0.000008 -0.000052 0.000000 0.000000 0.000000 0.000000 0.000000 0.000000 -1.560819 -9.793210 19.255621 -0.059530 -0.639933 5.568027 -0.884655 -9.317689 15.704370 -0.885184 1.027741 -17.232635 0.000000 0.000000 0.000000 0.000000 0.000000 0.000000 0.000000 0.000000 0.000000 1.638421 -5.415469 13.036998 0.137231 0.647515 11.562632 1.336077 -0.802397 14.499563 0.537593 -0.656199 -19.401237 0.000000 0.000000 0.000000 0.000000 0.000000 0.000000 0.000000 0.000000 0.000000 
-1.121875 88.152336 4.159801 -0.778970 4.234322 -13.619716 1.366879 0.021065 8.479658 -0.065542 -0.043557 1.032536 -0.413900 -0.725814 8.051036 -0.707080 -0.165132 4.414485 0.741005 -0.295166 4.059461 0.121617 0.877842 -3.600208 -0.351815 -0.697198 -20.271935 0.000000 0.000000 0.000000 94.070038 -1.005003 10.726229 59.222340 -33.364372 9.031569 -0.589211 14.600690 30.603621 9.631252 12.225854 -7.400915 10.500916 -1.856340 39.929245 0.000002 0.000024 -25.425663 0.000027 0.000061 -17.712233 0.000014 -0.000006 -0.000027 13.307811 0.041400 -6.141423 7.930343 -0.043422 0.084195 7.973363 -0.034365 0.068379 -0.000020 0.000042 -0.000018 12.486306 0.014171 -8.218597 7.371627 -0.030583 0.015900 7.411542 -0.010454 0.025578 -0.000005 0.000040 0.000002 12.867274 -0.028077 -9.444378 8.113289 0.043686 -0.061971 8.174467 0.016294 -0.049933 -0.000010 0.000498 0.000005 12.980234 0.004150 -12.108768 8.255856 0.130964 -0.172270 8.313876 0.037853 -0.157406 -0.000242 0.000008 -0.000024 0.000000 0.000000 0.000000 0.000000 0.000000 0.000000 -89.247169 -0.136491 6.673544 -67.191971 20.926306 -0.445711 -0.616984 -10.290232 45.976837 -6.147217 -22.688200 -15.141168 -8.774815 1.606990 40.753365 0.000016 0.000031 -21.247919 0.000062 -0.000012 -14.993415 0.000185 0.000000 -0.000043 -6.608315 0.075779 -5.213182 -4.977128 -0.059367 -0.071961 -5.178725 -0.023001 -0.087783 0.000008 0.000373 -0.000007 -6.536922 0.035910 -7.637627 -5.011008 -0.028146 -0.033504 -4.653886 -0.008508 -0.046686 0.000217 -0.000026 -0.000156 -9.170564 0.012569 -10.473460 -6.382032 0.059349 0.038279 -6.090206 0.012220 0.040735 0.000077 0.000012 0.000008 -10.955326 0.078416 -13.615443 -7.645531 0.095299 0.109727 -7.516870 0.022038 0.041593 -0.000234 0.000008 -0.000051 0.000000 0.000000 0.000000 0.000000 0.000000 0.000000 -1.611226 -9.793203 19.291849 -0.060138 -0.641176 5.561059 -0.860253 -9.321915 15.698649 -0.891821 1.028263 -17.233549 0.000000 0.000000 0.000000 0.000000 0.000000 0.000000 0.000000 0.000000 0.000000 1.585630 -5.446860 13.061359 0.136529 0.644720 11.567258 1.364895 -0.794576 14.518096 0.533016 -0.653298 -19.405632 0.000000 0.000000 0.000000 0.000000 0.000000 0.000000 0.000000 0.000000 0.000000 
-1.094190 88.152321 4.153286 -0.753866 4.284807 -13.658889 1.353507 0.021390 8.484764 -0.058571 -0.051149 1.035856 -0.430139 -0.721629 8.055902 -0.723793 -0.169597 4.434599 0.684600 -0.284051 4.059583 0.109178 0.865521 -3.604684 -0.353317 -0.700978 -20.298954 0.000000 0.000000 0.000000 94.083275 -1.013785 10.741365 59.105064 -33.554955 9.156087 -0.612922 14.554135 31.143766 9.537471 12.247610 -7.251840 10.512871 -1.858131 39.922272 0.000002 0.000024 -25.456472 0.000027 0.000061 -17.735058 0.000014 -0.000005 -0.000027 13.380368 0.040385 -6.075754 7.969010 -0.042071 0.080565 8.007887 -0.032736 0.065837 -0.000020 0.000042 -0.000017 12.560512 0.013510 -8.169572 7.407175 -0.029947 0.014432 7.449244 -0.009984 0.024300 -0.000005 0.000039 0.000002 12.967420 -0.027934 -9.424148 8.148981 0.042068 -0.059045 8.211205 0.015415 -0.047780 -0.000009 0.000469 0.000005 13.087907 0.005879 -12.112120 8.290935 0.126481 -0.159293 8.351274 0.033927 -0.147367 -0.000242 0.000009 -0.000024 0.000000 0.000000 0.000000 0.000000 0.000000 0.000000 -89.214905 -0.141457 6.683210 -67.283936 20.806093 -0.456401 -0.629123 -10.360521 46.127289 -6.174607 -23.135817 -15.027467 -8.702100 1.599060 40.786900 0.000016 0.000031 -21.067308 0.000061 -0.000012 -14.869705 0.000161 -0.000000 -0.000015 -6.187103 0.075083 -4.972085 -4.755499 -0.059725 -0.079763 -4.957722 -0.023216 -0.095174 0.000008 0.000361 -0.000007 -6.182209 0.035676 -7.477509 -4.797246 -0.028194 -0.036554 -4.443903 -0.008643 -0.049307 0.000213 -0.000026 -0.000157 -8.878272 0.012703 -10.423381 -6.179788 0.058983 0.041455 -5.882990 0.012122 0.043451 0.000072 0.000012 0.000008 -10.734158 0.080601 -13.674112 -7.483512 0.094363 0.116086 -7.355458 0.021170 0.047652 -0.000205 0.000008 -0.000051 0.000000 0.000000 0.000000 0.000000 0.000000 0.000000 -1.660519 -9.791427 19.326168 -0.060813 -0.642422 5.556923 -0.836997 -9.327663 15.692656 -0.898576 1.028589 -17.235409 0.000000 0.000000 0.000000 0.000000 0.000000 0.000000 0.000000 0.000000 0.000000 1.533842 -5.475355 13.082621 0.135857 0.641933 11.577179 1.393302 -0.785848 14.534349 0.528262 -0.650397 -19.410276 0.000000 0.000000 0.000000 0.000000 0.000000 0.000000 0.000000 0.000000 0.000000 
-1.066562 88.151672 4.145946 -0.729089 4.335928 -13.697712 1.338529 0.021787 8.490189 -0.050319 -0.059341 1.039400 -0.446513 -0.718467 8.063317 -0.738170 -0.175227 4.454823 0.632168 -0.270535 4.061849 0.097088 0.855236 -3.608299 -0.355141 -0.703565 -20.321939 0.000000 0.000000 0.000000 94.098106 -1.021765 10.755521 58.984390 -33.730247 9.284104 -0.636166 14.502131 31.683790 9.449314 12.288092 -7.076311 10.525106 -1.859698 39.915741 0.000002 0.000024 -25.486334 0.000026 0.000061 -17.757433 0.000014 -0.000005 -0.000027 13.454132 0.039409 -6.007864 8.011334 -0.040954 0.077870 8.046106 -0.031295 0.064036 -0.000020 0.000041 -0.000017 12.632288 0.012871 -8.116852 7.447633 -0.029394 0.013265 7.491430 -0.009585 0.023272 -0.000005 0.000038 0.000002 13.060226 -0.027868 -9.397451 8.190119 0.040622 -0.056415 8.253009 0.014631 -0.045848 -0.000009 0.000438 0.000005 13.188151 0.007394 -12.104686 8.331530 0.122300 -0.147314 8.394180 0.030210 -0.137957 -0.000239 0.000009 -0.000024 0.000000 0.000000 0.000000 0.000000 0.000000 0.000000 -89.186218 -0.146716 6.693847 -67.371780 20.667418 -0.481094 -0.646479 -10.427173 46.259518 -6.197078 -23.623518 -14.914677 -8.648562 1.593183 40.811787 0.000017 0.000031 -20.933382 0.000061 -0.000012 -14.777786 0.000143 -0.000000 0.000014 -5.859730 0.074370 -4.764760 -4.594826 -0.059657 -0.084395 -4.798095 -0.023004 -0.099691 0.000008 0.000350 -0.000008 -5.911587 0.035475 -7.339724 -4.644832 -0.028103 -0.038444 -4.295779 -0.008657 -0.050905 0.000210 -0.000026 -0.000159 -8.660370 0.012837 -10.376889 -6.039396 0.058400 0.042946 -5.738127 0.011846 0.044958 0.000064 0.000011 0.000008 -10.577367 0.082666 -13.715364 -7.375290 0.092832 0.117385 -7.247994 0.019718 0.049846 -0.000178 0.000008 -0.000051 0.000000 0.000000 0.000000 0.000000 0.000000 0.000000 -1.706954 -9.785904 19.357462 -0.061572 -0.643720 5.557601 -0.815164 -9.335304 15.685287 -0.905223 1.028848 -17.237833 0.000000 0.000000 0.000000 0.000000 0.000000 0.000000 0.000000 0.000000 0.000000 1.484301 -5.500619 13.100219 0.135211 0.639073 11.593529 1.420506 -0.775175 14.547180 0.523296 -0.647594 -19.415142 0.000000 0.000000 0.000000 0.000000 0.000000 0.000000 0.000000 0.000000 0.000000 
-1.039122 88.149872 4.138008 -0.705306 4.387637 -13.736284 1.321746 0.022415 8.496756 -0.041465 -0.067629 1.042334 -0.461290 -0.718005 8.075031 -0.748724 -0.182359 4.474977 0.586333 -0.253660 4.067932 0.085883 0.848782 -3.610565 -0.357321 -0.704583 -20.339348 0.000000 0.000000 0.000000 94.116081 -1.028628 10.768190 58.861469 -33.890591 9.418622 -0.658085 14.444532 32.200203 9.366126 12.339170 -6.874030 10.538295 -1.861059 39.909439 0.000002 0.000023 -25.516758 0.000026 0.000060 -17.780344 0.000014 -0.000005 -0.000027 13.534371 0.038435 -5.937939 8.059611 -0.040116 0.076238 8.090499 -0.030081 0.063073 -0.000020 0.000041 -0.000017 12.704743 0.012258 -8.059197 7.495120 -0.028937 0.012424 7.540160 -0.009262 0.022527 -0.000005 0.000037 0.000002 13.144132 -0.027910 -9.359960 8.238188 0.039391 -0.054087 8.301339 0.013953 -0.044128 -0.000009 0.000408 0.000005 13.275928 0.008539 -12.078192 8.378292 0.118503 -0.136404 8.443302 0.026779 -0.129135 -0.000233 0.000009 -0.000025 0.000000 0.000000 0.000000 0.000000 0.000000 0.000000 -89.164566 -0.152641 6.708282 -67.448433 20.525101 -0.513963 -0.668835 -10.487670 46.362400 -6.212922 -24.141426 -14.809902 -8.621531 1.590263 40.824566 0.000017 0.000031 -20.864382 0.000061 -0.000012 -14.730137 0.000132 -0.000001 0.000048 -5.665279 0.073603 -4.607206 -4.516013 -0.059065 -0.084989 -4.720801 -0.022272 -0.100540 0.000008 0.000340 -0.000008 -5.759082 0.035305 -7.235013 -4.574100 -0.027843 -0.038843 -4.229809 -0.008526 -0.051193 0.000209 -0.000025 -0.000160 -8.544345 0.012978 -10.336267 -5.979812 0.057559 0.042361 -5.674856 0.011352 0.044957 0.000058 0.000011 0.000008 -10.505634 0.084522 -13.732390 -7.336244 0.090586 0.112517 -7.209849 0.017574 0.047319 -0.000152 0.000008 -0.000051 0.000000 0.000000 0.000000 0.000000 0.000000 0.000000 -1.749266 -9.775088 19.384848 -0.062445 -0.645207 5.565760 -0.794891 -9.345167 15.674275 -0.911630 1.029295 -17.240049 0.000000 0.000000 0.000000 0.000000 0.000000 0.000000 0.000000 0.000000 0.000000 1.438094 -5.522019 13.114491 0.134584 0.636107 11.617109 1.445766 -0.761587 14.554323 0.518126 -0.645178 -19.419760 0.000000 0.000000 0.000000 0.000000 0.000000 0.000000 0.000000 0.000000 0.000000 
-1.012045 88.146584 4.130064 -0.682936 4.439775 -13.775004 1.302905 0.023587 8.505412 -0.032636 -0.075308 1.043252 -0.472901 -0.720273 8.092602 -0.754896 -0.190496 4.494358 0.550651 -0.233862 4.079371 0.076183 0.846605 -3.611009 -0.359448 -0.703628 -20.351078 0.000000 0.000000 0.000000 94.137810 -1.033932 10.779648 58.737854 -34.036255 9.560555 -0.677733 14.385018 32.671646 9.285800 12.390492 -6.651248 10.552420 -1.862196 39.903343 0.000002 0.000023 -25.548204 0.000026 0.000060 -17.803932 0.000014 -0.000005 -0.000027 13.623782 0.037384 -5.869513 8.116422 -0.039651 0.075716 8.143936 -0.029183 0.062991 -0.000020 0.000041 -0.000017 12.779633 0.011671 -7.998958 7.551960 -0.028605 0.011952 7.597834 -0.009037 0.022098 -0.000006 0.000036 0.000002 13.219604 -0.028045 -9.312799 8.295294 0.038433 -0.052115 8.358094 0.013411 -0.042648 -0.000009 0.000377 0.000005 13.349760 0.009274 -12.031567 8.432652 0.115260 -0.126714 8.500125 0.023806 -0.120982 -0.000225 0.000008 -0.000025 0.000000 0.000000 0.000000 0.000000 0.000000 0.000000 -89.152359 -0.159597 6.728724 -67.511833 20.390198 -0.549440 -0.694905 -10.540949 46.429176 -6.213283 -24.673735 -14.725285 -8.621494 1.590414 40.824947 0.000017 0.000031 -20.861963 0.000060 -0.000012 -14.727839 0.000129 -0.000001 0.000083 -5.610518 0.072731 -4.507631 -4.520730 -0.058046 -0.081869 -4.727572 -0.021134 -0.098004 0.000008 0.000332 -0.000008 -5.729412 0.035148 -7.169886 -4.586252 -0.027455 -0.037876 -4.247226 -0.008278 -0.050276 0.000209 -0.000025 -0.000161 -8.532965 0.013151 -10.305876 -6.001751 0.056530 0.039943 -5.693902 0.010688 0.043605 0.000055 0.000011 0.000008 -10.518824 0.086145 -13.726910 -7.366543 0.087826 0.102224 -7.241381 0.014932 0.040628 -0.000129 0.000008 -0.000051 0.000000 0.000000 0.000000 0.000000 0.000000 0.000000 -1.787104 -9.757613 19.408722 -0.063471 -0.647149 5.582435 -0.775512 -9.357736 15.657501 -0.917927 1.030446 -17.240849 0.000000 0.000000 0.000000 0.000000 0.000000 0.000000 0.000000 0.000000 0.000000 1.395264 -5.540086 13.127965 0.133966 0.633061 11.646364 1.468759 -0.744774 14.553168 0.512891 -0.643467 -19.422323 0.000000 0.000000 0.000000 0.000000 0.000000 0.000000 0.000000 0.000000 0.000000 
-0.985540 88.141876 4.122728 -0.662486 4.492031 -13.813646 1.282041 0.025503 8.516884 -0.024180 -0.081780 1.040881 -0.480858 -0.724056 8.116396 -0.757132 -0.198443 4.511741 0.528653 -0.212967 4.095779 0.068402 0.847718 -3.609521 -0.360910 -0.700397 -20.357025 0.000000 0.000000 0.000000 94.161682 -1.037526 10.790326 58.617439 -34.169464 9.705672 -0.694399 14.327322 33.085625 9.203652 12.435188 -6.420968 10.566915 -1.863179 39.897545 0.000002 0.000024 -25.580009 0.000026 0.000060 -17.827360 0.000014 -0.000005 -0.000028 13.722077 0.036133 -5.808159 8.182725 -0.039692 0.076197 8.207661 -0.028735 0.063713 -0.000020 0.000041 -0.000017 12.857788 0.011089 -7.940503 7.618960 -0.028452 0.011868 7.665477 -0.008959 0.021998 -0.000006 0.000034 0.000002 13.290502 -0.028222 -9.260302 8.362728 0.037838 -0.050557 8.424395 0.013072 -0.041443 -0.000009 0.000343 0.000005 13.413616 0.009642 -11.968965 8.495808 0.112865 -0.118442 8.565837 0.021587 -0.113664 -0.000214 0.000008 -0.000025 0.000000 0.000000 0.000000 0.000000 0.000000 0.000000 -89.148743 -0.167750 6.754910 -67.566650 20.267849 -0.586118 -0.722650 -10.584944 46.461788 -6.183655 -25.199125 -14.676124 -8.642876 1.593117 40.815311 0.000017 0.000031 -20.913191 0.000059 -0.000012 -14.762060 0.000134 -0.000001 0.000114 -5.674436 0.071692 -4.463826 -4.593473 -0.056853 -0.076198 -4.802959 -0.019861 -0.093116 0.000009 0.000322 -0.000008 -5.803209 0.034984 -7.144076 -4.665649 -0.027035 -0.035996 -4.332281 -0.007989 -0.048531 0.000208 -0.000025 -0.000162 -8.610254 0.013383 -10.289195 -6.089995 0.055465 0.036388 -5.779857 0.009970 0.041387 0.000059 0.000011 0.000009 -10.602988 0.087569 -13.705958 -7.453382 0.085021 0.088646 -7.329965 0.012231 0.031395 -0.000109 0.000008 -0.000051 0.000000 0.000000 0.000000 0.000000 0.000000 0.000000 -1.820495 -9.732953 19.430174 -0.064673 -0.649802 5.606304 -0.755869 -9.374392 15.634948 -0.924341 1.032884 -17.239662 0.000000 0.000000 0.000000 0.000000 0.000000 0.000000 0.000000 0.000000 0.000000 1.355646 -5.556418 13.142482 0.133328 0.629932 11.679775 1.489465 -0.723979 14.541921 0.507767 -0.642622 -19.420965 0.000000 0.000000 0.000000 0.000000 0.000000 0.000000 0.000000 0.000000 0.000000 
-0.959680 88.136116 4.116552 -0.644647 4.543939 -13.851018 1.259216 0.028057 8.531513 -0.016097 -0.086800 1.033605 -0.485792 -0.727654 8.146246 -0.755993 -0.204772 4.526034 0.524794 -0.194113 4.116144 0.062843 0.850426 -3.606057 -0.361075 -0.694568 -20.356485 0.000000 0.000000 0.000000 94.185432 -1.039453 10.799150 58.508072 -34.295506 9.844756 -0.708254 14.269972 33.434982 9.112480 12.467785 -6.200202 10.579573 -1.863908 39.892941 0.000002 0.000024 -25.607317 0.000026 0.000060 -17.846668 0.000014 -0.000005 -0.000028 13.821136 0.034571 -5.756817 8.257491 -0.040415 0.077530 8.281121 -0.028911 0.065126 -0.000020 0.000041 -0.000017 12.932873 0.010485 -7.886161 7.695185 -0.028554 0.012181 7.742298 -0.009096 0.022231 -0.000006 0.000032 0.000003 13.353293 -0.028412 -9.205522 8.439641 0.037759 -0.049542 8.499413 0.013041 -0.040591 -0.000009 0.000304 0.000005 13.464285 0.009624 -11.894571 8.566752 0.111811 -0.112214 8.639434 0.020589 -0.107646 -0.000199 0.000008 -0.000025 0.000000 0.000000 0.000000 0.000000 0.000000 0.000000 -89.150581 -0.177394 6.783675 -67.623604 20.157900 -0.628753 -0.749958 -10.613777 46.470467 -6.110876 -25.692909 -14.678221 -8.678844 1.597703 40.798477 0.000017 0.000031 -21.002163 0.000058 -0.000012 -14.822036 0.000146 -0.000001 0.000135 -5.831464 0.070471 -4.468237 -4.717992 -0.055743 -0.068961 -4.930672 -0.018723 -0.086719 0.000009 0.000310 -0.000008 -5.957410 0.034819 -7.153256 -4.795907 -0.026671 -0.033608 -4.468312 -0.007733 -0.046288 0.000205 -0.000025 -0.000162 -8.756963 0.013696 -10.286600 -6.228050 0.054536 0.032347 -5.915991 0.009331 0.038749 0.000074 0.000011 0.000009 -10.741527 0.088818 -13.674776 -7.582360 0.082718 0.074011 -7.461447 0.009989 0.021265 -0.000091 0.000008 -0.000051 0.000000 0.000000 0.000000 0.000000 0.000000 0.000000 -1.849429 -9.701512 19.450262 -0.066086 -0.653477 5.634303 -0.734269 -9.398201 15.608774 -0.931193 1.037162 -17.236574 0.000000 0.000000 0.000000 0.000000 0.000000 0.000000 0.000000 0.000000 0.000000 1.319279 -5.572104 13.156962 0.132605 0.626579 11.718284 1.508164 -0.696868 14.519267 0.502886 -0.642552 -19.414633 0.000000 0.000000 0.000000 0.000000 0.000000 0.000000 0.000000 0.000000 0.000000 
-0.934704 88.129990 4.111514 -0.630556 4.594878 -13.885148 1.234800 0.030811 8.548942 -0.008556 -0.090397 1.021546 -0.489258 -0.728407 8.180079 -0.752902 -0.208010 4.535724 0.542924 -0.181632 4.140186 0.059247 0.850935 -3.600562 -0.359142 -0.686008 -20.349642 0.000000 0.000000 0.000000 94.204315 -1.039767 10.805988 58.417873 -34.420033 9.967631 -0.719753 14.211413 33.723663 9.007463 12.484491 -6.011288 10.587048 -1.863953 39.891228 0.000002 0.000024 -25.622128 0.000025 0.000060 -17.856085 0.000014 -0.000005 -0.000029 13.905610 0.032731 -5.719582 8.338901 -0.041819 0.079415 8.362582 -0.029718 0.067034 -0.000019 0.000041 -0.000017 12.991421 0.009864 -7.839822 7.778963 -0.028920 0.012858 7.826818 -0.009460 0.022757 -0.000006 0.000030 0.000003 13.397994 -0.028634 -9.154739 8.524250 0.038251 -0.049181 8.581287 0.013360 -0.040194 -0.000008 0.000261 0.000005 13.494094 0.009195 -11.818071 8.643667 0.112348 -0.108693 8.718825 0.021030 -0.103542 -0.000179 0.000008 -0.000026 0.000000 0.000000 0.000000 0.000000 0.000000 0.000000 -89.152283 -0.189161 6.810193 -67.693634 20.056196 -0.684864 -0.773975 -10.619207 46.468983 -5.993575 -26.132145 -14.739779 -8.720821 1.603181 40.778313 0.000017 0.000031 -21.108288 0.000057 -0.000013 -14.893924 0.000164 -0.000002 0.000144 -6.042001 0.069154 -4.510170 -4.869910 -0.054799 -0.060863 -5.086098 -0.017809 -0.079480 0.000009 0.000296 -0.000008 -6.157464 0.034682 -7.190881 -4.952879 -0.026386 -0.030986 -4.630914 -0.007526 -0.043787 0.000200 -0.000025 -0.000161 -8.945241 0.014080 -10.298403 -6.392724 0.053809 0.028278 -6.078978 0.008825 0.036020 0.000103 0.000012 0.000009 -10.912118 0.089955 -13.641636 -7.733907 0.081214 0.059937 -7.616575 0.008467 0.011486 -0.000076 0.000009 -0.000051 0.000000 0.000000 0.000000 0.000000 0.000000 0.000000 -1.873754 -9.663935 19.469093 -0.067692 -0.658352 5.661830 -0.709784 -9.430989 15.584866 -0.938541 1.043506 -17.233841 0.000000 0.000000 0.000000 0.000000 0.000000 0.000000 0.000000 0.000000 0.000000 1.287163 -5.587738 13.167653 0.131742 0.622758 11.763031 1.525782 -0.663330 14.487068 0.498312 -0.642811 -19.404415 0.000000 0.000000 0.000000 0.000000 0.000000 0.000000 0.000000 0.000000 0.000000 
-0.911000 88.124313 4.106601 -0.621014 4.644059 -13.913439 1.210162 0.033106 8.568377 -0.002380 -0.092765 1.006755 -0.492153 -0.724902 8.213942 -0.750071 -0.207793 4.538787 0.582078 -0.178848 4.168519 0.057032 0.844608 -3.592103 -0.354514 -0.675309 -20.337648 0.000000 0.000000 0.000000 94.212906 -1.038428 10.813103 58.349751 -34.547184 10.068950 -0.729110 14.155399 33.964352 8.898280 12.481231 -5.874485 10.589093 -1.863239 39.892414 0.000003 0.000025 -25.624147 0.000025 0.000060 -17.855875 0.000015 -0.000005 -0.000029 13.971334 0.030869 -5.702391 8.422779 -0.043623 0.081585 8.447263 -0.030890 0.069271 -0.000019 0.000041 -0.000018 13.031870 0.009287 -7.806829 7.866159 -0.029436 0.013805 7.915123 -0.009965 0.023487 -0.000006 0.000026 0.000003 13.428668 -0.028937 -9.113875 8.613497 0.039140 -0.049349 8.666811 0.013908 -0.040212 -0.000008 0.000209 0.000005 13.510679 0.008358 -11.748097 8.724996 0.113997 -0.107400 8.801899 0.022440 -0.101215 -0.000157 0.000008 -0.000026 0.000000 0.000000 0.000000 0.000000 0.000000 0.000000 -89.149445 -0.203641 6.831578 -67.777489 19.964733 -0.758908 -0.792132 -10.599991 46.465725 -5.854622 -26.497137 -14.845600 -8.763544 1.608921 40.757416 0.000017 0.000031 -21.217859 0.000055 -0.000013 -14.968573 0.000185 -0.000002 0.000141 -6.274238 0.067878 -4.580356 -5.026272 -0.053857 -0.051952 -5.246027 -0.016944 -0.071543 0.000009 0.000276 -0.000008 -6.376796 0.034625 -7.249766 -5.114215 -0.026106 -0.028101 -4.797505 -0.007296 -0.041054 0.000190 -0.000025 -0.000160 -9.155216 0.014466 -10.322203 -6.562930 0.053147 0.024102 -6.247864 0.008360 0.033164 0.000141 0.000012 0.000009 -11.101073 0.090933 -13.611045 -7.890369 0.080215 0.046252 -7.777626 0.007379 0.001960 -0.000064 0.000009 -0.000050 0.000000 0.000000 0.000000 0.000000 0.000000 0.000000 -1.893112 -9.620809 19.484831 -0.069364 -0.664126 5.684422 -0.684017 -9.470180 15.570689 -0.945953 1.051388 -17.235292 0.000000 0.000000 0.000000 0.000000 0.000000 0.000000 0.000000 0.000000 0.000000 1.260710 -5.604625 13.169811 0.130747 0.618260 11.812403 1.543027 -0.627847 14.451859 0.493922 -0.642938 -19.394094 0.000000 0.000000 0.000000 0.000000 0.000000 0.000000 0.000000 0.000000 0.000000 
-0.888340 88.119682 4.101042 -0.615559 4.690904 -13.932742 1.186489 0.034402 8.588193 0.001578 -0.094231 0.989845 -0.494528 -0.717725 8.245258 -0.748721 -0.204873 4.534422 0.640044 -0.188175 4.199832 0.055934 0.828693 -3.581031 -0.347203 -0.663449 -20.320299 0.000000 0.000000 0.000000 94.212067 -1.035905 10.821368 58.298306 -34.684975 10.149008 -0.736294 14.103211 34.160053 8.794525 12.456775 -5.795276 10.588158 -1.862095 39.895149 0.000003 0.000025 -25.619637 0.000025 0.000060 -17.850712 0.000015 -0.000005 -0.000029 14.024554 0.029161 -5.705244 8.505707 -0.045548 0.083754 8.531305 -0.032149 0.071597 -0.000019 0.000041 -0.000018 13.063019 0.008803 -7.786414 7.953584 -0.029990 0.014886 8.003819 -0.010511 0.024305 -0.000007 0.000023 0.000003 13.457000 -0.029352 -9.079530 8.704885 0.040238 -0.049830 8.753489 0.014557 -0.040507 -0.000008 0.000150 0.000005 13.525865 0.007022 -11.680512 8.809309 0.116179 -0.107523 8.887042 0.024280 -0.100205 -0.000135 0.000007 -0.000026 0.000000 0.000000 0.000000 0.000000 0.000000 0.000000 -89.142624 -0.220502 6.846338 -67.867256 19.898022 -0.852542 -0.803554 -10.560370 46.462029 -5.723442 -26.762829 -14.971630 -8.806147 1.614820 40.736404 0.000017 0.000031 -21.327625 0.000054 -0.000013 -15.043812 0.000205 -0.000002 0.000130 -6.515380 0.066708 -4.671481 -5.176568 -0.052805 -0.042256 -5.399918 -0.016006 -0.062930 0.000010 0.000251 -0.000008 -6.605180 0.034683 -7.322771 -5.269759 -0.025788 -0.024925 -4.957870 -0.007003 -0.038084 0.000173 -0.000025 -0.000157 -9.379397 0.014766 -10.351942 -6.728797 0.052435 0.019713 -6.412825 0.007862 0.030109 0.000186 0.000012 0.000009 -11.303601 0.091532 -13.578715 -8.042459 0.079395 0.032640 -7.935379 0.006449 -0.007633 -0.000055 0.000009 -0.000050 0.000000 0.000000 0.000000 0.000000 0.000000 0.000000 -1.908085 -9.574046 19.494577 -0.071029 -0.670569 5.699571 -0.658636 -9.510627 15.568905 -0.953075 1.060177 -17.242672 0.000000 0.000000 0.000000 0.000000 0.000000 0.000000 0.000000 0.000000 0.000000 1.239883 -5.623644 13.159725 0.129648 0.613099 11.862987 1.560166 -0.592708 14.419568 0.489631 -0.642737 -19.387499 0.000000 0.000000 0.000000 0.000000 0.000000 0.000000 0.000000 0.000000 0.000000 
-0.866508 88.116562 4.094670 -0.613324 4.734271 -13.941175 1.164636 0.034433 8.606780 0.002659 -0.095144 0.970393 -0.495956 -0.708360 8.272902 -0.749290 -0.200036 4.522255 0.713341 -0.209657 4.231393 0.055817 0.803415 -3.568823 -0.337835 -0.651211 -20.297752 0.000000 0.000000 0.000000 94.203758 -1.032167 10.831475 58.260239 -34.837738 10.209941 -0.741004 14.054121 34.308887 8.705549 12.414014 -5.768825 10.586819 -1.860914 39.897995 0.000003 0.000025 -25.615166 0.000025 0.000060 -17.845310 0.000015 -0.000005 -0.000030 14.073481 0.027699 -5.725486 8.585814 -0.047469 0.085918 8.612671 -0.033378 0.073969 -0.000019 0.000042 -0.000018 13.094903 0.008435 -7.776097 8.039577 -0.030523 0.016049 8.090826 -0.011050 0.025176 -0.000007 0.000020 0.000003 13.494198 -0.029883 -9.047447 8.797165 0.041425 -0.050485 8.840287 0.015232 -0.040962 -0.000008 0.000084 0.000005 13.550033 0.005131 -11.610059 8.896047 0.118549 -0.108339 8.973718 0.026222 -0.100004 -0.000114 0.000007 -0.000026 0.000000 0.000000 0.000000 0.000000 0.000000 0.000000 -89.133865 -0.238591 6.854218 -67.955360 19.870049 -0.963275 -0.809082 -10.503620 46.451141 -5.620838 -26.916265 -15.098238 -8.848104 1.620810 40.715656 0.000017 0.000031 -21.435570 0.000053 -0.000013 -15.118225 0.000226 -0.000002 0.000110 -6.758536 0.065685 -4.777606 -5.315278 -0.051698 -0.032305 -5.542198 -0.015036 -0.054061 0.000010 0.000218 -0.000008 -6.836392 0.034854 -7.404458 -5.413809 -0.025448 -0.021633 -5.106278 -0.006670 -0.035020 0.000147 -0.000025 -0.000155 -9.611717 0.014925 -10.382952 -6.884365 0.051674 0.015268 -6.567875 0.007338 0.026967 0.000234 0.000012 0.000010 -11.513985 0.091514 -13.540797 -8.183945 0.078671 0.019426 -8.083589 0.005633 -0.017168 -0.000051 0.000009 -0.000050 0.000000 0.000000 0.000000 0.000000 0.000000 0.000000 -1.918964 -9.525061 19.495577 -0.072642 -0.677444 5.707318 -0.634467 -9.547356 15.579138 -0.959665 1.069253 -17.256098 0.000000 0.000000 0.000000 0.000000 0.000000 0.000000 0.000000 0.000000 0.000000 1.224213 -5.644109 13.136361 0.128484 0.607472 11.911252 1.576967 -0.557894 14.394078 0.485577 -0.642091 -19.386354 0.000000 0.000000 0.000000 0.000000 0.000000 0.000000 0.000000 0.000000 0.000000 
-0.845391 88.115211 4.087727 -0.613466 4.772358 -13.938643 1.145012 0.033184 8.623221 0.000649 -0.095813 0.947713 -0.495649 -0.698869 8.296991 -0.751828 -0.194093 4.502195 0.797984 -0.241729 4.259673 0.056443 0.770807 -3.557543 -0.327117 -0.639002 -20.270136 0.000000 0.000000 0.000000 94.189636 -1.027195 10.843915 58.236019 -35.004322 10.255284 -0.742927 14.004838 34.407021 8.635357 12.358783 -5.785174 10.586667 -1.859959 39.900139 0.000003 0.000026 -25.614628 0.000025 0.000060 -17.842266 0.000016 -0.000005 -0.000030 14.122795 0.026465 -5.758447 8.662367 -0.049376 0.088224 8.690644 -0.034577 0.076437 -0.000019 0.000042 -0.000018 13.132756 0.008178 -7.772775 8.123455 -0.031027 0.017289 8.175088 -0.011570 0.026110 -0.000007 0.000018 0.000003 13.545031 -0.030492 -9.014915 8.889681 0.042650 -0.051253 8.926939 0.015911 -0.041506 -0.000008 0.000016 0.000005 13.587074 0.002736 -11.533999 8.984899 0.121011 -0.109492 9.061817 0.028167 -0.100281 -0.000094 0.000007 -0.000027 0.000000 0.000000 0.000000 0.000000 0.000000 0.000000 -89.124840 -0.256281 6.856512 -68.037064 19.888512 -1.084411 -0.810422 -10.430224 46.422237 -5.550858 -26.963312 -15.219153 -8.888986 1.626761 40.695435 0.000017 0.000031 -21.540445 0.000053 -0.000013 -15.190946 0.000244 -0.000003 0.000082 -7.000927 0.064817 -4.894935 -5.441680 -0.050658 -0.022766 -5.672162 -0.014148 -0.045464 0.000011 0.000180 -0.000007 -7.067000 0.035110 -7.491959 -5.545186 -0.025128 -0.018456 -5.241571 -0.006345 -0.032047 0.000114 -0.000025 -0.000151 -9.846925 0.014938 -10.413238 -7.028103 0.050928 0.011028 -6.711401 0.006844 0.023927 0.000282 0.000012 0.000010 -11.725850 0.090792 -13.495819 -8.312887 0.078120 0.007199 -8.220226 0.005024 -0.026274 -0.000051 0.000009 -0.000050 0.000000 0.000000 0.000000 0.000000 0.000000 0.000000 -1.925912 -9.474838 19.486143 -0.074174 -0.684508 5.710518 -0.611600 -9.578007 15.598987 -0.965567 1.078143 -17.275055 0.000000 0.000000 0.000000 0.000000 0.000000 0.000000 0.000000 0.000000 0.000000 1.213091 -5.664562 13.101389 0.127301 0.601692 11.954105 1.593175 -0.522559 14.377132 0.482012 -0.641013 -19.390451 0.000000 0.000000 0.000000 0.000000 0.000000 0.000000 0.000000 0.000000 0.000000 
-0.824842 88.115677 4.080701 -0.615423 4.803164 -13.926388 1.127744 0.030825 8.637257 -0.004609 -0.096286 0.921505 -0.492148 -0.691785 8.318549 -0.756226 -0.187859 4.474301 0.890680 -0.282622 4.281035 0.057652 0.733366 -3.549437 -0.315514 -0.626963 -20.237452 0.000000 0.000000 0.000000 94.170944 -1.021308 10.858467 58.228355 -35.178627 10.289164 -0.741836 13.952020 34.451431 8.582191 12.299323 -5.832623 10.588391 -1.859320 39.901295 0.000003 0.000026 -25.619501 0.000025 0.000060 -17.842413 0.000016 -0.000005 -0.000031 14.173319 0.025396 -5.799384 8.735344 -0.051272 0.090784 8.765304 -0.035764 0.079028 -0.000018 0.000042 -0.000019 13.176866 0.008026 -7.774036 8.204841 -0.031502 0.018604 8.256096 -0.012076 0.027128 -0.000008 0.000016 0.000003 13.608382 -0.031115 -8.981626 8.981658 0.043884 -0.052111 9.013131 0.016593 -0.042110 -0.000008 -0.000052 0.000005 13.635540 -0.000017 -11.452999 9.075086 0.123568 -0.110950 9.150800 0.030122 -0.100922 -0.000074 0.000006 -0.000027 0.000000 0.000000 0.000000 0.000000 0.000000 0.000000 -89.116508 -0.271974 6.855613 -68.110626 19.953369 -1.207595 -0.809316 -10.341282 46.365837 -5.505347 -26.925205 -15.337732 -8.928534 1.632497 40.675930 0.000016 0.000031 -21.641745 0.000053 -0.000012 -15.261647 0.000261 -0.000003 0.000045 -7.241670 0.064092 -5.021701 -5.557890 -0.049771 -0.014069 -5.792074 -0.013425 -0.037480 0.000011 0.000137 -0.000007 -7.295148 0.035413 -7.584614 -5.665572 -0.024858 -0.015538 -5.365509 -0.006071 -0.029278 0.000076 -0.000025 -0.000148 -10.081165 0.014829 -10.443008 -7.161553 0.050255 0.007182 -6.844845 0.006427 0.021138 0.000330 0.000012 0.000010 -11.934591 0.089427 -13.444562 -8.430873 0.077835 -0.003648 -8.346727 0.004711 -0.034671 -0.000056 0.000010 -0.000050 0.000000 0.000000 0.000000 0.000000 0.000000 0.000000 -1.929418 -9.424017 19.466116 -0.075625 -0.691553 5.713104 -0.589541 -9.602727 15.625180 -0.970757 1.086594 -17.298639 0.000000 0.000000 0.000000 0.000000 0.000000 0.000000 0.000000 0.000000 0.000000 1.205859 -5.683669 13.058117 0.126139 0.596070 11.989045 1.608878 -0.486229 14.368485 0.479142 -0.639607 -19.398355 0.000000 0.000000 0.000000 0.000000 0.000000 0.000000 0.000000 0.000000 0.000000 
-0.804771 88.117729 4.073940 -0.618599 4.824718 -13.906550 1.112850 0.027783 8.649121 -0.013170 -0.096322 0.892465 -0.484326 -0.688945 8.338490 -0.762295 -0.181908 4.438808 0.987931 -0.329158 4.293888 0.059593 0.694519 -3.545419 -0.303505 -0.615171 -20.200687 0.000000 0.000000 0.000000 94.147842 -1.014675 10.875359 58.242748 -35.351227 10.313976 -0.738011 13.895979 34.445675 8.546403 12.243045 -5.899635 10.591731 -1.859015 39.901585 0.000003 0.000026 -25.628992 0.000026 0.000060 -17.845049 0.000016 -0.000005 -0.000031 14.224840 0.024487 -5.845014 8.804243 -0.053191 0.093786 8.836181 -0.036991 0.081826 -0.000018 0.000043 -0.000019 13.225773 0.007983 -7.779671 8.282632 -0.031966 0.020020 8.332903 -0.012583 0.028270 -0.000008 0.000014 0.000003 13.681998 -0.031710 -8.950809 9.071780 0.045127 -0.053035 9.097968 0.017290 -0.042748 -0.000008 -0.000118 0.000005 13.694523 -0.002934 -11.372782 9.165596 0.126270 -0.112700 9.239760 0.032131 -0.101808 -0.000053 0.000006 -0.000027 0.000000 0.000000 0.000000 0.000000 0.000000 0.000000 -89.109077 -0.284411 6.854120 -68.176460 20.059158 -1.325698 -0.806866 -10.240636 46.281555 -5.471409 -26.833990 -15.457294 -8.966167 1.637885 40.657368 0.000016 0.000031 -21.738266 0.000053 -0.000012 -15.329476 0.000275 -0.000004 -0.000003 -7.479956 0.063521 -5.155656 -5.665954 -0.049070 -0.006329 -5.904010 -0.012898 -0.030213 0.000012 0.000091 -0.000007 -7.519639 0.035745 -7.681819 -5.776813 -0.024650 -0.012906 -5.480028 -0.005869 -0.026740 0.000036 -0.000025 -0.000145 -10.312245 0.014617 -10.473751 -7.286804 0.049692 0.003783 -6.970297 0.006113 0.018652 0.000377 0.000012 0.000010 -12.138458 0.087510 -13.390800 -8.540952 0.077855 -0.013099 -8.465758 0.004709 -0.042302 -0.000063 0.000010 -0.000049 0.000000 0.000000 0.000000 0.000000 0.000000 0.000000 -1.929982 -9.372604 19.436447 -0.076983 -0.698310 5.718713 -0.568034 -9.622400 15.654683 -0.975217 1.094377 -17.325903 0.000000 0.000000 0.000000 0.000000 0.000000 0.000000 0.000000 0.000000 0.000000 1.201936 -5.699571 13.010893 0.125029 0.590808 12.014321 1.623645 -0.448610 14.366973 0.477133 -0.638013 -19.408117 0.000000 0.000000 0.000000 0.000000 0.000000 0.000000 0.000000 0.000000 0.000000 
-0.784813 88.121063 4.067811 -0.622268 4.835562 -13.881240 1.099924 0.024562 8.658669 -0.025328 -0.095515 0.861793 -0.471338 -0.691820 8.358011 -0.769759 -0.176763 4.397368 1.086577 -0.378710 4.296918 0.062415 0.657320 -3.546192 -0.291355 -0.603534 -20.161579 0.000000 0.000000 0.000000 94.122040 -1.007850 10.893953 58.280846 -35.514626 10.330911 -0.732176 13.837758 34.401665 8.523170 12.192438 -5.978526 10.596218 -1.858931 39.901333 0.000003 0.000027 -25.641809 0.000026 0.000060 -17.849287 0.000017 -0.000005 -0.000032 14.278443 0.023763 -5.893985 8.870390 -0.055050 0.097091 8.904730 -0.038192 0.084675 -0.000018 0.000043 -0.000019 13.278351 0.008046 -7.790362 8.357390 -0.032398 0.021475 8.406352 -0.013074 0.029505 -0.000008 0.000012 0.000003 13.761471 -0.032252 -8.926309 9.159661 0.046346 -0.053953 9.181398 0.017985 -0.043376 -0.000008 -0.000181 0.000005 13.760580 -0.005864 -11.299653 9.255403 0.129071 -0.114835 9.327750 0.034160 -0.102870 -0.000031 0.000006 -0.000028 0.000000 0.000000 0.000000 0.000000 0.000000 0.000000 -89.103043 -0.292632 6.854285 -68.236282 20.194687 -1.434343 -0.803477 -10.136635 46.176895 -5.439451 -26.718971 -15.580077 -9.001571 1.642766 40.639977 0.000016 0.000031 -21.828999 0.000053 -0.000012 -15.393755 0.000289 -0.000004 -0.000061 -7.713881 0.063126 -5.294287 -5.768233 -0.048493 0.000800 -6.010087 -0.012502 -0.023395 0.000012 0.000044 -0.000006 -7.738921 0.036095 -7.782837 -5.881467 -0.024482 -0.010428 -5.587736 -0.005725 -0.024334 -0.000002 -0.000025 -0.000143 -10.539395 0.014319 -10.507542 -7.407171 0.049217 0.000728 -7.091094 0.005883 0.016396 0.000422 0.000012 0.000010 -12.339051 0.085128 -13.339875 -8.648170 0.078077 -0.021550 -8.581828 0.004909 -0.049383 -0.000075 0.000010 -0.000049 0.000000 0.000000 0.000000 0.000000 0.000000 0.000000 -1.929249 -9.320824 19.399340 -0.078262 -0.704694 5.728348 -0.546060 -9.637929 15.685023 -0.979081 1.101469 -17.355221 0.000000 0.000000 0.000000 0.000000 0.000000 0.000000 0.000000 0.000000 0.000000 1.200395 -5.710622 12.963299 0.123969 0.585932 12.029411 1.637346 -0.409313 14.370958 0.475948 -0.636349 -19.418278 0.000000 0.000000 0.000000 0.000000 0.000000 0.000000 0.000000 0.000000 0.000000 
-0.764528 88.125412 4.062520 -0.625878 4.834813 -13.852390 1.088303 0.021571 8.665835 -0.041211 -0.093589 0.830923 -0.452987 -0.700757 8.378120 -0.778240 -0.172509 4.352581 1.184317 -0.429348 4.290103 0.066076 0.623644 -3.551789 -0.279198 -0.591828 -20.122496 0.000000 0.000000 0.000000 94.095558 -1.001104 10.913890 58.340706 -35.665550 10.339438 -0.725188 13.778961 34.337368 8.505954 12.149048 -6.065218 10.601545 -1.858998 39.900681 0.000003 0.000027 -25.657257 0.000026 0.000060 -17.854765 0.000017 -0.000005 -0.000032 14.336209 0.023254 -5.946823 8.935148 -0.056761 0.100413 8.972445 -0.039291 0.087324 -0.000017 0.000043 -0.000019 13.334947 0.008186 -7.807222 8.429971 -0.032776 0.022873 8.477546 -0.013526 0.030761 -0.000009 0.000010 0.000004 13.843234 -0.032743 -8.910852 9.245236 0.047520 -0.054795 9.263564 0.018660 -0.043957 -0.000008 -0.000236 0.000005 13.830202 -0.008719 -11.237876 9.343641 0.131919 -0.117412 9.413989 0.036186 -0.104039 -0.000008 0.000006 -0.000028 0.000000 0.000000 0.000000 0.000000 0.000000 0.000000 -89.098907 -0.296350 6.857293 -68.291405 20.347994 -1.531033 -0.799295 -10.036265 46.060715 -5.406222 -26.600206 -15.703313 -9.034402 1.647058 40.623955 0.000016 0.000031 -21.912779 0.000053 -0.000012 -15.453674 0.000300 -0.000005 -0.000130 -7.941293 0.062902 -5.435688 -5.866262 -0.047981 0.007672 -6.111455 -0.012180 -0.016744 0.000013 -0.000003 -0.000006 -7.951658 0.036455 -7.886911 -5.981430 -0.024339 -0.007986 -5.690413 -0.005623 -0.021959 -0.000036 -0.000025 -0.000140 -10.763057 0.013949 -10.545404 -7.525168 0.048808 -0.002085 -7.209788 0.005712 0.014284 0.000466 0.000012 0.000010 -12.539840 0.082341 -13.295232 -8.756612 0.078413 -0.029315 -8.698451 0.005219 -0.056062 -0.000090 0.000010 -0.000049 0.000000 0.000000 0.000000 0.000000 0.000000 0.000000 -1.928928 -9.268529 19.357372 -0.079476 -0.710705 5.740727 -0.522732 -9.648991 15.715281 -0.982499 1.107937 -17.385195 0.000000 0.000000 0.000000 0.000000 0.000000 0.000000 0.000000 0.000000 0.000000 1.200607 -5.715380 12.917726 0.122949 0.581375 12.035292 1.649850 -0.367650 14.378867 0.475393 -0.634707 -19.428074 0.000000 0.000000 0.000000 0.000000 0.000000 0.000000 0.000000 0.000000 0.000000 
-0.743522 88.130547 4.058006 -0.628923 4.822272 -13.821609 1.077578 0.019011 8.670938 -0.060530 -0.090482 0.801142 -0.430103 -0.714694 8.398919 -0.787521 -0.168835 4.306705 1.280179 -0.479704 4.276137 0.070476 0.594013 -3.560851 -0.267062 -0.580006 -20.085476 0.000000 0.000000 0.000000 94.069473 -0.994420 10.935577 58.419056 -35.804211 10.338238 -0.717804 13.722022 34.268196 8.490804 12.115355 -6.155897 10.607053 -1.859179 39.899837 0.000003 0.000027 -25.673857 0.000026 0.000060 -17.860636 0.000017 -0.000005 -0.000032 14.396582 0.022963 -6.003836 8.998013 -0.058345 0.103582 9.038810 -0.040310 0.089652 -0.000017 0.000043 -0.000019 13.393722 0.008377 -7.830833 8.499795 -0.033118 0.024166 8.546069 -0.013948 0.031990 -0.000009 0.000008 0.000004 13.924081 -0.033194 -8.905432 9.327726 0.048679 -0.055542 9.343650 0.019329 -0.044481 -0.000008 -0.000285 0.000005 13.900450 -0.011505 -11.189160 9.429413 0.134863 -0.120426 9.497655 0.038260 -0.105282 0.000017 0.000006 -0.000029 0.000000 0.000000 0.000000 0.000000 0.000000 0.000000 -89.097374 -0.296092 6.863066 -68.341476 20.511703 -1.614588 -0.794426 -9.942215 45.940079 -5.369339 -26.489920 -15.821527 -9.064201 1.650786 40.609474 0.000015 0.000031 -21.988417 0.000053 -0.000011 -15.508282 0.000311 -0.000005 -0.000209 -8.159138 0.062824 -5.577774 -5.960007 -0.047550 0.014378 -6.207852 -0.011944 -0.010199 0.000013 -0.000049 -0.000006 -8.155756 0.036820 -7.992522 -6.076962 -0.024230 -0.005563 -5.788209 -0.005560 -0.019598 -0.000066 -0.000025 -0.000137 -10.982781 0.013510 -10.586607 -7.641334 0.048477 -0.004679 -7.326903 0.005599 0.012290 0.000510 0.000012 0.000010 -12.742538 0.079175 -13.257377 -8.867620 0.078881 -0.036448 -8.816497 0.005639 -0.062304 -0.000108 0.000010 -0.000049 0.000000 0.000000 0.000000 0.000000 0.000000 0.000000 -1.930255 -9.215325 19.312805 -0.080630 -0.716366 5.754059 -0.497816 -9.654408 15.745441 -0.985592 1.113829 -17.415056 0.000000 0.000000 0.000000 0.000000 0.000000 0.000000 0.000000 0.000000 0.000000 1.202144 -5.712644 12.876006 0.121965 0.577128 12.033305 1.660931 -0.323343 14.389444 0.475299 -0.633176 -19.437134 0.000000 0.000000 0.000000 0.000000 0.000000 0.000000 0.000000 0.000000 0.000000 
-0.721583 88.136108 4.054065 -0.631112 4.798371 -13.790331 1.067734 0.016990 8.674809 -0.082479 -0.086289 0.773360 -0.404198 -0.731830 8.419704 -0.797343 -0.165368 4.260890 1.373216 -0.527690 4.260062 0.075419 0.568737 -3.570632 -0.255160 -0.568195 -20.051716 0.000000 0.000000 0.000000 94.043999 -0.987648 10.959895 58.512089 -35.932907 10.327655 -0.710525 13.668922 34.201893 8.476891 12.093182 -6.246399 10.611863 -1.859438 39.899044 0.000003 0.000028 -25.689602 0.000026 0.000060 -17.865705 0.000017 -0.000005 -0.000033 14.455063 0.022887 -6.064418 9.057072 -0.059876 0.106573 9.101715 -0.041321 0.091675 -0.000017 0.000044 -0.000019 13.450744 0.008607 -7.861139 8.565115 -0.033457 0.025343 8.610286 -0.014358 0.033165 -0.000009 0.000006 0.000004 14.001156 -0.033621 -8.909986 9.405766 0.049854 -0.056184 9.420077 0.020005 -0.044939 -0.000008 -0.000327 0.000005 13.969294 -0.014250 -11.153814 9.511888 0.137929 -0.123665 9.578026 0.040400 -0.106470 0.000042 0.000006 -0.000029 0.000000 0.000000 0.000000 0.000000 0.000000 0.000000 -89.098869 -0.292912 6.870841 -68.385452 20.682781 -1.684736 -0.788893 -9.852565 45.819473 -5.324214 -26.397318 -15.928658 -9.090690 1.654047 40.596565 0.000015 0.000031 -22.055384 0.000052 -0.000011 -15.557039 0.000322 -0.000006 -0.000297 -8.364095 0.062859 -5.718359 -6.048262 -0.047238 0.020871 -6.298090 -0.011825 -0.003817 0.000014 -0.000094 -0.000005 -8.348792 0.037185 -8.097801 -6.167109 -0.024169 -0.003180 -5.880121 -0.005539 -0.017268 -0.000093 -0.000025 -0.000134 -11.196763 0.012997 -10.629504 -7.754603 0.048234 -0.007068 -7.441383 0.005541 0.010407 0.000553 0.000011 0.000010 -12.946124 0.075657 -13.225056 -8.980277 0.079505 -0.042977 -8.934834 0.006172 -0.068059 -0.000129 0.000010 -0.000049 0.000000 0.000000 0.000000 0.000000 0.000000 0.000000 -1.933375 -9.160637 19.267422 -0.081701 -0.721620 5.767421 -0.471800 -9.653006 15.775262 -0.988385 1.119128 -17.444460 0.000000 0.000000 0.000000 0.000000 0.000000 0.000000 0.000000 0.000000 0.000000 1.204850 -5.701676 12.839934 0.121036 0.573261 12.024689 1.670074 -0.276595 14.401605 0.475630 -0.631841 -19.445187 0.000000 0.000000 0.000000 0.000000 0.000000 0.000000 0.000000 0.000000 0.000000 
-0.698617 88.141769 4.050571 -0.632445 4.763902 -13.759610 1.058695 0.015513 8.678118 -0.106330 -0.081229 0.748009 -0.376318 -0.751071 8.439991 -0.807421 -0.162074 4.216047 1.462831 -0.571978 4.245752 0.080581 0.547695 -3.579172 -0.243655 -0.556437 -20.021742 0.000000 0.000000 0.000000 94.019554 -0.980876 10.986624 58.613949 -36.054718 10.310353 -0.703603 13.619761 34.141983 8.463547 12.082074 -6.334468 10.615572 -1.859717 39.898438 0.000003 0.000028 -25.703558 0.000026 0.000059 -17.869535 0.000017 -0.000005 -0.000033 14.508655 0.023018 -6.127847 9.111462 -0.061362 0.109308 9.160061 -0.042325 0.093379 -0.000016 0.000044 -0.000019 13.503234 0.008872 -7.897475 8.625267 -0.033801 0.026377 8.669587 -0.014756 0.034248 -0.000010 0.000005 0.000004 14.072471 -0.034035 -8.923671 9.478776 0.051034 -0.056710 9.492043 0.020682 -0.045320 -0.000008 -0.000363 0.000005 14.035170 -0.016979 -11.130957 9.590638 0.141055 -0.126936 9.654798 0.042554 -0.107493 0.000066 0.000005 -0.000029 0.000000 0.000000 0.000000 0.000000 0.000000 0.000000 -89.103607 -0.287798 6.879721 -68.423538 20.858103 -1.742287 -0.782927 -9.765202 45.701782 -5.266937 -26.327547 -16.022274 -9.113976 1.656901 40.585186 0.000015 0.000030 -22.113878 0.000052 -0.000011 -15.599985 0.000334 -0.000006 -0.000392 -8.552918 0.062987 -5.856012 -6.129798 -0.047042 0.027129 -6.380990 -0.011817 0.002367 0.000014 -0.000138 -0.000005 -8.528091 0.037551 -8.201576 -6.250876 -0.024154 -0.000838 -5.965201 -0.005552 -0.014978 -0.000119 -0.000025 -0.000131 -11.402145 0.012409 -10.672983 -7.863682 0.048067 -0.009286 -7.551900 0.005524 0.008619 0.000595 0.000011 0.000010 -13.147872 0.071842 -13.197231 -9.093143 0.080250 -0.048993 -9.052072 0.006779 -0.073361 -0.000153 0.000010 -0.000048 0.000000 0.000000 0.000000 0.000000 0.000000 0.000000 -1.938115 -9.104102 19.222389 -0.082674 -0.726428 5.780643 -0.445139 -9.644622 15.804404 -0.990892 1.123846 -17.473118 0.000000 0.000000 0.000000 0.000000 0.000000 0.000000 0.000000 0.000000 0.000000 1.208617 -5.682428 12.810655 0.120164 0.569811 12.010527 1.677116 -0.227816 14.414482 0.476342 -0.630698 -19.452103 0.000000 0.000000 0.000000 0.000000 0.000000 0.000000 0.000000 0.000000 0.000000 
-0.674628 88.147301 4.047502 -0.633174 4.719901 -13.730154 1.050305 0.014520 8.681314 -0.131517 -0.075562 0.725152 -0.347105 -0.771936 8.459629 -0.817517 -0.159137 4.172873 1.548921 -0.612313 4.235315 0.085630 0.530248 -3.585526 -0.232603 -0.544738 -19.995518 0.000000 0.000000 0.000000 93.996895 -0.974287 11.014873 58.718349 -36.172245 10.289746 -0.697159 13.573936 34.089291 8.450062 12.080366 -6.418797 10.618221 -1.859980 39.898029 0.000003 0.000029 -25.715712 0.000026 0.000059 -17.872282 0.000018 -0.000005 -0.000033 14.556078 0.023339 -6.193562 9.161057 -0.062784 0.111697 9.213501 -0.043295 0.094739 -0.000016 0.000044 -0.000019 13.549919 0.009169 -7.938857 8.680259 -0.034141 0.027249 8.724002 -0.015137 0.035203 -0.000010 0.000003 0.000004 14.137061 -0.034449 -8.945060 9.546659 0.052195 -0.057120 9.559230 0.021349 -0.045625 -0.000008 -0.000393 0.000005 14.096907 -0.019722 -11.118773 9.665425 0.144159 -0.130124 9.727817 0.044667 -0.108303 0.000090 0.000005 -0.000030 0.000000 0.000000 0.000000 0.000000 0.000000 0.000000 -89.111427 -0.281588 6.888973 -68.456856 21.033745 -1.789000 -0.776914 -9.678891 45.588654 -5.195971 -26.282433 -16.101828 -9.134411 1.659403 40.575230 0.000015 0.000030 -22.164637 0.000052 -0.000010 -15.637599 0.000345 -0.000007 -0.000489 -8.723660 0.063203 -5.990009 -6.203784 -0.046937 0.033166 -6.455801 -0.011895 0.008348 0.000014 -0.000179 -0.000004 -8.691926 0.037922 -8.303262 -6.327596 -0.024176 0.001467 -6.042851 -0.005587 -0.012730 -0.000143 -0.000025 -0.000127 -11.596521 0.011757 -10.716278 -7.967444 0.047949 -0.011371 -7.657270 0.005527 0.006908 0.000635 0.000011 0.000010 -13.344941 0.067791 -13.172922 -9.204723 0.081064 -0.054593 -9.166907 0.007413 -0.078260 -0.000178 0.000011 -0.000048 0.000000 0.000000 0.000000 0.000000 0.000000 0.000000 -1.944225 -9.045555 19.178415 -0.083557 -0.730792 5.793884 -0.418102 -9.629677 15.832627 -0.993138 1.128067 -17.500721 0.000000 0.000000 0.000000 0.000000 0.000000 0.000000 0.000000 0.000000 0.000000 1.213417 -5.655506 12.788526 0.119344 0.566771 11.991993 1.682206 -0.177448 14.427251 0.477371 -0.629695 -19.457867 0.000000 0.000000 0.000000 0.000000 0.000000 0.000000 0.000000 0.000000 0.000000 
-0.649697 88.152512 4.044838 -0.633587 4.667591 -13.702351 1.042387 0.013939 8.684731 -0.157547 -0.069514 0.704631 -0.317210 -0.794094 8.478450 -0.827463 -0.156788 4.131583 1.631288 -0.648713 4.230006 0.090367 0.515735 -3.588993 -0.222089 -0.533211 -19.972492 0.000000 0.000000 0.000000 93.976341 -0.968033 11.043799 58.820740 -36.287163 10.268818 -0.691295 13.530809 34.042259 8.436334 12.086028 -6.498179 10.619841 -1.860211 39.897839 0.000003 0.000029 -25.725973 0.000026 0.000059 -17.873993 0.000018 -0.000005 -0.000033 14.596192 0.023834 -6.261090 9.205602 -0.064138 0.113709 9.261556 -0.044223 0.095777 -0.000015 0.000044 -0.000019 13.589664 0.009497 -7.984391 8.729904 -0.034479 0.027961 8.773336 -0.015500 0.036020 -0.000010 0.000002 0.000004 14.194244 -0.034873 -8.972783 9.609107 0.053329 -0.057430 9.621161 0.022000 -0.045863 -0.000008 -0.000420 0.000004 14.153599 -0.022511 -11.115490 9.735812 0.147195 -0.133173 9.796709 0.046708 -0.108897 0.000113 0.000005 -0.000030 0.000000 0.000000 0.000000 0.000000 0.000000 0.000000 -89.121941 -0.274987 6.898223 -68.486641 21.206341 -1.827122 -0.771129 -9.593005 45.481113 -5.110830 -26.262178 -16.167837 -9.152390 1.661617 40.566509 0.000015 0.000030 -22.208633 0.000051 -0.000010 -15.670551 0.000357 -0.000007 -0.000585 -8.875747 0.063507 -6.119575 -6.269735 -0.046895 0.038992 -6.522158 -0.012033 0.014113 0.000015 -0.000218 -0.000004 -8.839734 0.038306 -8.402200 -6.396886 -0.024225 0.003738 -6.112789 -0.005636 -0.010528 -0.000166 -0.000025 -0.000123 -11.778370 0.011046 -10.758602 -8.065066 0.047860 -0.013363 -7.756641 0.005536 0.005256 0.000674 0.000011 0.000010 -13.534951 0.063559 -13.151203 -9.313691 0.081905 -0.059869 -9.278241 0.008030 -0.082807 -0.000204 0.000011 -0.000048 0.000000 0.000000 0.000000 0.000000 0.000000 0.000000 -1.951407 -8.985144 19.135981 -0.084360 -0.734724 5.807319 -0.390813 -9.609046 15.859722 -0.995163 1.131900 -17.526966 0.000000 0.000000 0.000000 0.000000 0.000000 0.000000 0.000000 0.000000 0.000000 1.219175 -5.621943 12.773302 0.118567 0.564101 11.970488 1.685564 -0.125915 14.439178 0.478653 -0.628771 -19.462442 0.000000 0.000000 0.000000 0.000000 0.000000 0.000000 0.000000 0.000000 0.000000 
-0.623945 88.157265 4.042554 -0.633978 4.608178 -13.676358 1.034751 0.013689 8.688517 -0.184067 -0.063274 0.686240 -0.287166 -0.817356 8.496329 -0.837129 -0.155255 4.092281 1.709497 -0.681319 4.230309 0.094662 0.503616 -3.589200 -0.212209 -0.521965 -19.951979 0.000000 0.000000 0.000000 93.958145 -0.962192 11.072634 58.917973 -36.400356 10.249949 -0.686120 13.489340 33.999092 8.422153 12.096635 -6.572515 10.620655 -1.860416 39.897770 0.000003 0.000029 -25.734722 0.000026 0.000059 -17.875011 0.000018 -0.000005 -0.000034 14.629182 0.024484 -6.329926 9.245153 -0.065419 0.115329 9.304149 -0.045094 0.096512 -0.000015 0.000044 -0.000019 13.622622 0.009852 -8.033116 8.774286 -0.034808 0.028523 8.817662 -0.015841 0.036693 -0.000010 0.000001 0.000005 14.244386 -0.035314 -9.005373 9.666071 0.054425 -0.057653 9.677659 0.022631 -0.046038 -0.000008 -0.000441 0.000004 14.205139 -0.025363 -11.119224 9.801535 0.150122 -0.136034 9.861246 0.048648 -0.109268 0.000134 0.000005 -0.000030 0.000000 0.000000 0.000000 0.000000 0.000000 0.000000 -89.134506 -0.268461 6.907292 -68.514168 21.373173 -1.858781 -0.765764 -9.507224 45.379719 -5.011949 -26.265221 -16.222134 -9.168364 1.663602 40.558842 0.000015 0.000030 -22.246996 0.000051 -0.000010 -15.699597 0.000369 -0.000007 -0.000678 -9.009798 0.063900 -6.243897 -6.327690 -0.046884 0.044637 -6.580174 -0.012198 0.019686 0.000015 -0.000255 -0.000004 -8.972034 0.038706 -8.497686 -6.458817 -0.024290 0.005985 -6.175169 -0.005687 -0.008367 -0.000188 -0.000025 -0.000119 -11.947146 0.010290 -10.799126 -8.156138 0.047776 -0.015312 -7.849598 0.005536 0.003639 0.000711 0.000011 0.000010 -13.716256 0.059198 -13.131199 -9.419045 0.082718 -0.064949 -9.385291 0.008584 -0.087092 -0.000230 0.000011 -0.000048 0.000000 0.000000 0.000000 0.000000 0.000000 0.000000 -1.959320 -8.923257 19.095297 -0.085091 -0.738236 5.821162 -0.363422 -9.583870 15.885628 -0.996985 1.135442 -17.551601 0.000000 0.000000 0.000000 0.000000 0.000000 0.000000 0.000000 0.000000 0.000000 1.225811 -5.582951 12.764347 0.117817 0.561724 11.947400 1.687444 -0.073440 14.449768 0.480128 -0.627858 -19.465876 0.000000 0.000000 0.000000 0.000000 0.000000 0.000000 0.000000 0.000000 0.000000 
-0.597500 88.161407 4.040577 -0.634537 4.542875 -13.652098 1.027271 0.013726 8.692715 -0.210795 -0.056945 0.669761 -0.257577 -0.841525 8.513061 -0.846460 -0.154747 4.054840 1.782784 -0.709969 4.236443 0.098503 0.493697 -3.585759 -0.203144 -0.511198 -19.933126 0.000000 0.000000 0.000000 93.942184 -0.956828 11.100792 59.008324 -36.512539 10.234722 -0.681764 13.448590 33.957020 8.407549 12.109762 -6.641784 10.620781 -1.860593 39.897800 0.000003 0.000030 -25.742092 0.000026 0.000058 -17.875441 0.000018 -0.000005 -0.000034 14.655164 0.025273 -6.399553 9.279775 -0.066628 0.116577 9.341208 -0.045903 0.096991 -0.000015 0.000045 -0.000019 13.648905 0.010237 -8.084240 8.813449 -0.035128 0.028952 8.857011 -0.016160 0.037231 -0.000011 0.000000 0.000005 14.287998 -0.035777 -9.041615 9.717556 0.055477 -0.057799 9.728605 0.023233 -0.046152 -0.000008 -0.000459 0.000004 14.251776 -0.028294 -11.128430 9.862468 0.152906 -0.138659 9.921330 0.050457 -0.109390 0.000155 0.000005 -0.000030 0.000000 0.000000 0.000000 0.000000 0.000000 0.000000 -89.148430 -0.262284 6.916100 -68.540329 21.532513 -1.885841 -0.760812 -9.421454 45.285015 -4.899662 -26.289446 -16.266937 -9.182784 1.665417 40.552006 0.000015 0.000030 -22.280920 0.000051 -0.000010 -15.725533 0.000382 -0.000008 -0.000767 -9.127427 0.064386 -6.362159 -6.378033 -0.046874 0.050139 -6.630321 -0.012356 0.025088 0.000015 -0.000291 -0.000003 -9.090251 0.039128 -8.588970 -6.513756 -0.024358 0.008216 -6.230453 -0.005731 -0.006244 -0.000210 -0.000025 -0.000114 -12.103304 0.009497 -10.837136 -8.240730 0.047679 -0.017267 -7.936214 0.005514 0.002032 0.000746 0.000011 0.000010 -13.888109 0.054756 -13.112265 -9.520295 0.083455 -0.069966 -9.487741 0.009028 -0.091210 -0.000256 0.000011 -0.000047 0.000000 0.000000 0.000000 0.000000 0.000000 0.000000 -1.967633 -8.860532 19.056366 -0.085758 -0.741331 5.835570 -0.336042 -9.555249 15.910273 -0.998614 1.138778 -17.574419 0.000000 0.000000 0.000000 0.000000 0.000000 0.000000 0.000000 0.000000 0.000000 1.233143 -5.539789 12.760790 0.117081 0.559563 11.923974 1.688015 -0.020219 14.458687 0.481756 -0.626912 -19.468231 0.000000 0.000000 0.000000 0.000000 0.000000 0.000000 0.000000 0.000000 0.000000 
-0.570455 88.164787 4.038847 -0.635429 4.472843 -13.629394 1.019900 0.014020 8.697250 -0.237538 -0.050561 0.655162 -0.229062 -0.866424 8.528440 -0.855488 -0.155403 4.019068 1.850359 -0.734660 4.247872 0.101916 0.485811 -3.578674 -0.195034 -0.501139 -19.914984 0.000000 0.000000 0.000000 93.928108 -0.952003 11.127805 59.090977 -36.624393 10.223944 -0.678268 13.407195 33.912811 8.392029 12.123133 -6.706138 10.620365 -1.860758 39.897907 0.000003 0.000030 -25.748264 0.000026 0.000058 -17.875410 0.000018 -0.000005 -0.000034 14.674669 0.026200 -6.469952 9.309678 -0.067767 0.117495 9.372906 -0.046649 0.097270 -0.000014 0.000045 -0.000019 13.669076 0.010651 -8.137307 8.847572 -0.035437 0.029275 8.891526 -0.016458 0.037655 -0.000011 -0.000000 0.000005 14.325896 -0.036267 -9.080533 9.763689 0.056481 -0.057884 9.774045 0.023805 -0.046211 -0.000007 -0.000472 0.000004 14.294135 -0.031300 -11.141708 9.918591 0.155523 -0.141017 9.976937 0.052112 -0.109254 0.000174 0.000005 -0.000030 0.000000 0.000000 0.000000 0.000000 0.000000 0.000000 -89.163033 -0.256602 6.924486 -68.565727 21.683300 -1.909935 -0.756277 -9.335217 45.197098 -4.774315 -26.331020 -16.304380 -9.196143 1.667120 40.545765 0.000015 0.000030 -22.311701 0.000050 -0.000009 -15.749254 0.000395 -0.000008 -0.000850 -9.231048 0.064970 -6.474129 -6.421453 -0.046835 0.055536 -6.673380 -0.012474 0.030347 0.000015 -0.000324 -0.000003 -9.196570 0.039573 -8.675760 -6.562370 -0.024417 0.010441 -6.279341 -0.005760 -0.004153 -0.000230 -0.000026 -0.000109 -12.248222 0.008674 -10.872295 -8.319304 0.047548 -0.019273 -8.016968 0.005457 0.000412 0.000777 0.000011 0.000011 -14.050756 0.050272 -13.093927 -9.617391 0.084066 -0.075062 -9.585659 0.009314 -0.095262 -0.000283 0.000011 -0.000047 0.000000 0.000000 0.000000 0.000000 0.000000 0.000000 -1.976144 -8.797687 19.019072 -0.086369 -0.744028 5.850717 -0.308602 -9.524167 15.933619 -1.000031 1.141990 -17.595301 0.000000 0.000000 0.000000 0.000000 0.000000 0.000000 0.000000 0.000000 0.000000 1.241020 -5.493742 12.761618 0.116355 0.557570 11.901365 1.687423 0.033410 14.465690 0.483517 -0.625900 -19.469683 0.000000 0.000000 0.000000 0.000000 0.000000 0.000000 0.000000 0.000000 0.000000 
-0.542846 88.167351 4.037330 -0.636872 4.399067 -13.608022 1.012698 0.014487 8.701977 -0.264215 -0.044137 0.642612 -0.202021 -0.891912 8.542181 -0.864268 -0.157243 3.984982 1.911941 -0.756022 4.263386 0.104954 0.479513 -3.568467 -0.187835 -0.491937 -19.896843 0.000000 0.000000 0.000000 93.915443 -0.947745 11.153177 59.165733 -36.736210 10.217705 -0.675677 13.363620 33.863655 8.374691 12.135057 -6.766385 10.619621 -1.860937 39.897987 0.000003 0.000030 -25.753672 0.000026 0.000058 -17.875189 0.000019 -0.000005 -0.000034 14.689014 0.027242 -6.541083 9.335360 -0.068837 0.118125 9.399767 -0.047333 0.097397 -0.000014 0.000045 -0.000019 13.684452 0.011090 -8.191852 8.877120 -0.035733 0.029513 8.921614 -0.016733 0.037983 -0.000011 -0.000001 0.000006 14.359242 -0.036779 -9.121038 9.804838 0.057436 -0.057919 9.814310 0.024343 -0.046218 -0.000007 -0.000481 0.000004 14.332926 -0.034372 -11.157456 9.969996 0.157961 -0.143104 10.028151 0.053607 -0.108870 0.000193 0.000005 -0.000031 0.000000 0.000000 0.000000 0.000000 0.000000 0.000000 -89.177612 -0.251460 6.932222 -68.590935 21.825014 -1.932457 -0.752252 -9.248085 45.115543 -4.636610 -26.384663 -16.336819 -9.208848 1.668753 40.539906 0.000015 0.000029 -22.340433 0.000050 -0.000009 -15.771484 0.000409 -0.000008 -0.000925 -9.323268 0.065644 -6.580007 -6.458849 -0.046746 0.060848 -6.710325 -0.012529 0.035481 0.000016 -0.000356 -0.000003 -9.293253 0.040039 -8.758160 -6.605484 -0.024457 0.012665 -6.322664 -0.005769 -0.002096 -0.000250 -0.000026 -0.000104 -12.383469 0.007837 -10.904489 -8.392489 0.047372 -0.021356 -8.092457 0.005358 -0.001242 0.000806 0.000011 0.000011 -14.204685 0.045800 -13.075826 -9.710463 0.084509 -0.080336 -9.679180 0.009414 -0.099340 -0.000308 0.000011 -0.000047 0.000000 0.000000 0.000000 0.000000 0.000000 0.000000 -1.984681 -8.735292 18.983187 -0.086942 -0.746352 5.866803 -0.281054 -9.491521 15.955888 -1.001208 1.145141 -17.614264 0.000000 0.000000 0.000000 0.000000 0.000000 0.000000 0.000000 0.000000 0.000000 1.249437 -5.445891 12.765668 0.115643 0.555706 11.880643 1.685800 0.087007 14.470654 0.485392 -0.624799 -19.470482 0.000000 0.000000 0.000000 0.000000 0.000000 0.000000 0.000000 0.000000 0.000000 
-0.514643 88.169144 4.036011 -0.638985 4.322412 -13.587766 1.005671 0.015047 8.706742 -0.290765 -0.037689 0.632216 -0.176656 -0.917705 8.554229 -0.872873 -0.160154 3.952796 1.967817 -0.775368 4.281133 0.107667 0.473875 -3.556123 -0.181292 -0.483643 -19.878387 0.000000 0.000000 0.000000 93.904083 -0.944053 11.176338 59.232265 -36.847744 10.215442 -0.674001 13.316667 33.807762 8.354344 12.144075 -6.823514 10.618952 -1.861173 39.897877 0.000003 0.000031 -25.759222 0.000026 0.000058 -17.875385 0.000019 -0.000005 -0.000034 14.700361 0.028360 -6.612840 9.357575 -0.069832 0.118501 9.422676 -0.047950 0.097400 -0.000013 0.000045 -0.000019 13.697132 0.011538 -8.247354 8.902839 -0.036013 0.029678 8.947927 -0.016982 0.038226 -0.000011 -0.000001 0.000006 14.389544 -0.037299 -9.161980 9.841563 0.058337 -0.057913 9.849984 0.024848 -0.046175 -0.000007 -0.000484 0.000004 14.368783 -0.037472 -11.174006 10.016854 0.160218 -0.144959 10.075117 0.054950 -0.108269 0.000211 0.000005 -0.000031 0.000000 0.000000 0.000000 0.000000 0.000000 0.000000 -89.191765 -0.246750 6.939018 -68.616119 21.957893 -1.955069 -0.748834 -9.159930 45.039845 -4.489222 -26.443588 -16.366276 -9.221180 1.670335 40.534328 0.000015 0.000029 -22.367880 0.000049 -0.000008 -15.792746 0.000423 -0.000009 -0.000991 -9.406415 0.066383 -6.680232 -6.491273 -0.046599 0.066064 -6.742260 -0.012512 0.040484 0.000016 -0.000388 -0.000002 -9.382175 0.040514 -8.836555 -6.644031 -0.024471 0.014881 -6.361338 -0.005755 -0.000083 -0.000269 -0.000026 -0.000100 -12.510240 0.007011 -10.933916 -8.460885 0.047146 -0.023517 -8.163210 0.005215 -0.002937 0.000831 0.000011 0.000011 -14.350124 0.041410 -13.057920 -9.799601 0.084766 -0.085800 -9.768389 0.009326 -0.103475 -0.000332 0.000011 -0.000047 0.000000 0.000000 0.000000 0.000000 0.000000 0.000000 -1.993262 -8.673621 18.948439 -0.087501 -0.748352 5.883954 -0.253376 -9.458106 15.977320 -1.002147 1.148291 -17.631359 0.000000 0.000000 0.000000 0.000000 0.000000 0.000000 0.000000 0.000000 0.000000 1.258298 -5.397113 12.771835 0.114941 0.553919 11.862576 1.683357 0.140397 14.473600 0.487322 -0.623598 -19.470881 0.000000 0.000000 0.000000 0.000000 0.000000 0.000000 0.000000 0.000000 0.000000 
-0.485820 88.170128 4.034839 -0.641913 4.243753 -13.568493 0.998991 0.015663 8.711540 -0.317116 -0.031171 0.624100 -0.153269 -0.943458 8.564219 -0.881429 -0.163996 3.922138 2.017840 -0.792952 4.300232 0.110157 0.468674 -3.541937 -0.175408 -0.476433 -19.859138 0.000000 0.000000 0.000000 93.893242 -0.940827 11.197171 59.291557 -36.958630 10.216190 -0.673179 13.266262 33.743504 8.331076 12.149742 -6.878904 10.618140 -1.861452 39.897655 0.000003 0.000031 -25.764349 0.000025 0.000058 -17.875553 0.000019 -0.000005 -0.000035 14.708488 0.029533 -6.685069 9.376264 -0.070780 0.118719 9.441591 -0.048531 0.097361 -0.000013 0.000045 -0.000019 13.706956 0.011991 -8.303729 8.924608 -0.036286 0.029807 8.970318 -0.017213 0.038416 -0.000011 -0.000001 0.000006 14.416846 -0.037818 -9.203168 9.873847 0.059195 -0.057887 9.881052 0.025324 -0.046092 -0.000007 -0.000483 0.000004 14.401630 -0.040569 -11.191090 10.059162 0.162320 -0.146605 10.117801 0.056161 -0.107494 0.000228 0.000005 -0.000031 0.000000 0.000000 0.000000 0.000000 0.000000 0.000000 -89.204971 -0.242411 6.944736 -68.641304 22.082920 -1.978925 -0.745977 -9.070504 44.969616 -4.332996 -26.502338 -16.394484 -9.233264 1.671892 40.528923 0.000015 0.000029 -22.394533 0.000049 -0.000008 -15.813328 0.000437 -0.000009 -0.001048 -9.482677 0.067163 -6.775280 -6.519366 -0.046405 0.071107 -6.769914 -0.012429 0.045294 0.000016 -0.000418 -0.000002 -9.465083 0.040989 -8.911352 -6.678535 -0.024460 0.017058 -6.395931 -0.005722 0.001858 -0.000288 -0.000026 -0.000095 -12.629602 0.006205 -10.960965 -8.524971 0.046875 -0.025729 -8.229690 0.005035 -0.004656 0.000852 0.000011 0.000011 -14.487248 0.037147 -13.040377 -9.884961 0.084847 -0.091402 -9.853441 0.009062 -0.107626 -0.000355 0.000011 -0.000047 0.000000 0.000000 0.000000 0.000000 0.000000 0.000000 -2.001703 -8.613230 18.914898 -0.088052 -0.750044 5.901998 -0.225632 -9.424409 15.998029 -1.002825 1.151462 -17.646759 0.000000 0.000000 0.000000 0.000000 0.000000 0.000000 0.000000 0.000000 0.000000 1.267498 -5.348246 12.779263 0.114253 0.552192 11.847763 1.680200 0.193131 14.474525 0.489293 -0.622294 -19.471027 0.000000 0.000000 0.000000 0.000000 0.000000 0.000000 0.000000 0.000000 0.000000 
-0.456276 88.170364 4.033808 -0.645682 4.163931 -13.550152 0.992762 0.016311 8.716316 -0.343225 -0.024570 0.618538 -0.132056 -0.968804 8.571959 -0.890092 -0.168597 3.892874 2.061961 -0.809293 4.319295 0.112392 0.463443 -3.526681 -0.170040 -0.470319 -19.838903 0.000000 0.000000 0.000000 93.882553 -0.937972 11.215526 59.343979 -37.068611 10.218927 -0.673066 13.211842 33.670338 8.304458 12.151328 -6.934335 10.617306 -1.861775 39.897343 0.000003 0.000031 -25.769281 0.000025 0.000057 -17.875826 0.000019 -0.000005 -0.000035 14.714462 0.030732 -6.757946 9.392015 -0.071672 0.118819 9.457230 -0.049070 0.097303 -0.000013 0.000045 -0.000019 13.714941 0.012439 -8.360949 8.942988 -0.036546 0.029908 8.989303 -0.017421 0.038563 -0.000011 -0.000001 0.000007 14.441707 -0.038321 -9.244356 9.902152 0.060005 -0.057842 9.908012 0.025768 -0.045969 -0.000007 -0.000478 0.000003 14.431720 -0.043619 -11.208205 10.097213 0.164263 -0.148061 10.156439 0.057244 -0.106565 0.000244 0.000005 -0.000032 0.000000 0.000000 0.000000 0.000000 0.000000 0.000000 -89.216812 -0.238244 6.949125 -68.666573 22.200256 -2.004632 -0.743785 -8.979399 44.904255 -4.169775 -26.555813 -16.423012 -9.245265 1.673424 40.523632 0.000015 0.000029 -22.420877 0.000048 -0.000008 -15.833542 0.000450 -0.000009 -0.001097 -9.553973 0.067959 -6.866240 -6.544053 -0.046165 0.075952 -6.794260 -0.012279 0.049902 0.000016 -0.000448 -0.000002 -9.543580 0.041452 -8.983431 -6.709830 -0.024422 0.019187 -6.427273 -0.005669 0.003723 -0.000308 -0.000026 -0.000091 -12.742846 0.005435 -10.986406 -8.585534 0.046557 -0.027985 -8.292622 0.004816 -0.006396 0.000869 0.000011 0.000011 -14.616819 0.033066 -13.023623 -9.967053 0.084743 -0.097133 -9.934821 0.008623 -0.111799 -0.000377 0.000011 -0.000047 0.000000 0.000000 0.000000 0.000000 0.000000 0.000000 -2.010201 -8.554579 18.882519 -0.088606 -0.751460 5.920938 -0.197756 -9.390732 16.018089 -1.003230 1.154650 -17.660667 0.000000 0.000000 0.000000 0.000000 0.000000 0.000000 0.000000 0.000000 0.000000 1.276741 -5.299879 12.787362 0.113580 0.550509 11.836500 1.676653 0.244979 14.473505 0.491261 -0.620884 -19.471149 0.000000 0.000000 0.000000 0.000000 0.000000 0.000000 0.000000 0.000000 0.000000 
-0.425892 88.169914 4.032934 -0.650382 4.083770 -13.532729 0.987116 0.016949 8.721056 -0.368980 -0.017890 0.615698 -0.113084 -0.993393 8.577342 -0.899005 -0.173733 3.864882 2.100188 -0.824906 4.337050 0.114303 0.457677 -3.511108 -0.165069 -0.465322 -19.817587 0.000000 0.000000 0.000000 93.871780 -0.935394 11.231240 59.390102 -37.177616 10.222281 -0.673503 13.153099 33.589046 8.273863 12.148346 -6.991077 10.616519 -1.862138 39.896893 0.000002 0.000031 -25.774179 0.000025 0.000057 -17.876308 0.000019 -0.000005 -0.000035 14.718954 0.031929 -6.831368 9.405169 -0.072508 0.118852 9.470018 -0.049570 0.097258 -0.000012 0.000045 -0.000019 13.721732 0.012868 -8.418803 8.958303 -0.036792 0.029991 9.005156 -0.017606 0.038677 -0.000011 -0.000001 0.000007 14.464506 -0.038793 -9.285197 9.926733 0.060763 -0.057787 9.931175 0.026180 -0.045809 -0.000007 -0.000468 0.000003 14.459024 -0.046571 -11.224839 10.131126 0.166052 -0.149348 10.191113 0.058208 -0.105515 0.000260 0.000005 -0.000032 0.000000 0.000000 0.000000 0.000000 0.000000 0.000000 -89.226906 -0.234100 6.951944 -68.691963 22.310574 -2.032803 -0.742340 -8.886305 44.843369 -4.001864 -26.598900 -16.452677 -9.257216 1.674934 40.518433 0.000014 0.000029 -22.447104 0.000048 -0.000007 -15.853492 0.000461 -0.000010 -0.001136 -9.621357 0.068738 -6.953712 -6.565926 -0.045885 0.080554 -6.815954 -0.012069 0.054275 0.000016 -0.000477 -0.000001 -9.618460 0.041890 -9.053292 -6.738393 -0.024358 0.021251 -6.455846 -0.005599 0.005498 -0.000327 -0.000026 -0.000087 -12.850533 0.004717 -11.010700 -8.642937 0.046197 -0.030264 -8.352324 0.004564 -0.008149 0.000882 0.000011 0.000011 -14.739032 0.029227 -13.007851 -10.045955 0.084460 -0.102959 -10.012599 0.008024 -0.115987 -0.000396 0.000011 -0.000047 0.000000 0.000000 0.000000 0.000000 0.000000 0.000000 -2.018972 -8.498014 18.851337 -0.089175 -0.752627 5.940603 -0.169761 -9.357272 16.037676 -1.003359 1.157846 -17.673399 0.000000 0.000000 0.000000 0.000000 0.000000 0.000000 0.000000 0.000000 0.000000 1.285821 -5.252580 12.795627 0.112925 0.548868 11.829036 1.673006 0.295551 14.470455 0.493163 -0.619378 -19.471413 0.000000 0.000000 0.000000 0.000000 0.000000 0.000000 0.000000 0.000000 0.000000 
-0.394543 88.168861 4.032252 -0.656074 4.004055 -13.516259 0.982168 0.017550 8.725763 -0.394259 -0.011133 0.615670 -0.096392 -1.016884 8.580387 -0.908282 -0.179169 3.838004 2.132513 -0.840190 4.352449 0.115816 0.450989 -3.495900 -0.160423 -0.461476 -19.795187 0.000000 0.000000 0.000000 93.860657 -0.932991 11.244251 59.430683 -37.285275 10.224798 -0.674310 13.089856 33.501381 8.239115 12.140602 -7.049859 10.615765 -1.862534 39.896332 0.000002 0.000032 -25.779003 0.000025 0.000057 -17.876966 0.000019 -0.000005 -0.000035 14.722129 0.033098 -6.905019 9.415857 -0.073289 0.118868 9.480194 -0.050038 0.097256 -0.000012 0.000045 -0.000019 13.727457 0.013272 -8.477036 8.970701 -0.037024 0.030064 9.017989 -0.017765 0.038762 -0.000011 -0.000001 0.000007 14.485326 -0.039222 -9.325453 9.947682 0.061466 -0.057723 9.950704 0.026558 -0.045611 -0.000006 -0.000453 0.000003 14.483388 -0.049390 -11.240781 10.160956 0.167694 -0.150459 10.221812 0.059062 -0.104361 0.000274 0.000005 -0.000032 0.000000 0.000000 0.000000 0.000000 0.000000 0.000000 -89.234932 -0.229857 6.953146 -68.717583 22.414927 -2.063827 -0.741698 -8.791139 44.786774 -3.831636 -26.627062 -16.484074 -9.269045 1.676423 40.513351 0.000014 0.000029 -22.473169 0.000047 -0.000007 -15.873101 0.000470 -0.000010 -0.001166 -9.685160 0.069473 -7.037856 -6.585247 -0.045576 0.084865 -6.835319 -0.011810 0.058380 0.000016 -0.000506 -0.000001 -9.689896 0.042292 -9.121092 -6.764376 -0.024270 0.023235 -6.481836 -0.005513 0.007177 -0.000347 -0.000026 -0.000084 -12.952720 0.004063 -11.034094 -8.697220 0.045800 -0.032555 -8.408804 0.004282 -0.009909 0.000891 0.000011 0.000011 -14.853783 0.025676 -12.993237 -10.121469 0.084010 -0.108869 -10.086601 0.007282 -0.120195 -0.000414 0.000011 -0.000046 0.000000 0.000000 0.000000 0.000000 0.000000 0.000000 -2.028312 -8.443966 18.821562 -0.089767 -0.753586 5.960677 -0.141674 -9.324156 16.056889 -1.003221 1.161036 -17.685345 0.000000 0.000000 0.000000 0.000000 0.000000 0.000000 0.000000 0.000000 0.000000 1.294472 -5.206873 12.803766 0.112291 0.547275 11.825464 1.669577 0.344345 14.465232 0.494940 -0.617793 -19.471968 0.000000 0.000000 0.000000 0.000000 0.000000 0.000000 0.000000 0.000000 0.000000 
-0.362070 88.167374 4.031871 -0.662395 3.925510 -13.500848 0.977697 0.018158 8.730387 -0.419010 -0.004306 0.618354 -0.081907 -1.038826 8.581594 -0.917973 -0.184666 3.812382 2.159600 -0.856401 4.364221 0.116854 0.442306 -3.481974 -0.155747 -0.458657 -19.772003 0.000000 0.000000 0.000000 93.850128 -0.930759 11.254309 59.465359 -37.390499 10.225207 -0.675239 13.022523 33.408806 8.201088 12.127886 -7.110210 10.615331 -1.862953 39.895557 0.000002 0.000032 -25.784489 0.000025 0.000056 -17.878288 0.000019 -0.000005 -0.000035 14.725103 0.034213 -6.978487 9.424967 -0.073987 0.118852 9.488763 -0.050450 0.097269 -0.000011 0.000045 -0.000019 13.733108 0.013637 -8.535065 8.981069 -0.037231 0.030110 9.028638 -0.017889 0.038807 -0.000010 -0.000001 0.000008 14.504691 -0.039594 -9.364398 9.965631 0.062104 -0.057639 9.967295 0.026898 -0.045367 -0.000006 -0.000435 0.000003 14.504967 -0.052043 -11.255137 10.187078 0.169185 -0.151398 10.248860 0.059817 -0.103101 0.000288 0.000005 -0.000033 0.000000 0.000000 0.000000 0.000000 0.000000 0.000000 -89.241081 -0.225275 6.952654 -68.742790 22.513727 -2.098011 -0.741996 -8.694802 44.734436 -3.664340 -26.636951 -16.517509 -9.280691 1.677854 40.508430 0.000014 0.000029 -22.499001 0.000047 -0.000006 -15.892331 0.000478 -0.000010 -0.001188 -9.745051 0.070143 -7.119128 -6.602498 -0.045238 0.088898 -6.852870 -0.011506 0.062241 0.000017 -0.000535 -0.000001 -9.757545 0.042648 -9.187165 -6.788158 -0.024159 0.025144 -6.505672 -0.005412 0.008769 -0.000366 -0.000027 -0.000081 -13.049352 0.003483 -11.057017 -8.748638 0.045370 -0.034855 -8.462251 0.003973 -0.011682 0.000896 0.000011 0.000011 -14.961283 0.022456 -12.980212 -10.193670 0.083392 -0.114886 -10.156991 0.006407 -0.124478 -0.000429 0.000011 -0.000046 0.000000 0.000000 0.000000 0.000000 0.000000 0.000000 -2.039046 -8.392416 18.793257 -0.090416 -0.754452 5.981131 -0.113183 -9.291484 16.075403 -1.002930 1.164256 -17.696562 0.000000 0.000000 0.000000 0.000000 0.000000 0.000000 0.000000 0.000000 0.000000 1.301945 -5.162871 12.812057 0.111661 0.545691 11.825350 1.666915 0.391651 14.457715 0.496528 -0.616133 -19.472797 0.000000 0.000000 0.000000 0.000000 0.000000 0.000000 0.000000 0.000000 0.000000 
-0.328421 88.165520 4.031821 -0.669293 3.848706 -13.486586 0.973659 0.018795 8.734923 -0.443152 0.002590 0.623756 -0.069498 -1.058943 8.580969 -0.928091 -0.190006 3.787874 2.182097 -0.873818 4.372286 0.117467 0.431463 -3.469436 -0.150980 -0.456889 -19.748131 0.000000 0.000000 0.000000 93.839958 -0.928613 11.261657 59.494846 -37.493141 10.222460 -0.676073 12.952577 33.313946 8.160649 12.111116 -7.171470 10.614905 -1.863368 39.894749 0.000002 0.000032 -25.789848 0.000024 0.000056 -17.879728 0.000019 -0.000005 -0.000035 14.726606 0.035269 -7.051230 9.432093 -0.074631 0.118883 9.495304 -0.050834 0.097355 -0.000011 0.000045 -0.000018 13.737404 0.013967 -8.592723 8.989028 -0.037423 0.030155 9.036751 -0.017988 0.038834 -0.000010 -0.000001 0.000008 14.521835 -0.039909 -9.402319 9.980327 0.062686 -0.057552 9.980737 0.027206 -0.045095 -0.000006 -0.000413 0.000003 14.523329 -0.054515 -11.268617 10.209442 0.170560 -0.152178 10.272140 0.060499 -0.101774 0.000301 0.000005 -0.000033 0.000000 0.000000 0.000000 0.000000 0.000000 0.000000 -89.245293 -0.220331 6.950637 -68.766930 22.609144 -2.134988 -0.743102 -8.598270 44.686527 -3.501698 -26.626423 -16.552385 -9.291928 1.679225 40.503727 0.000014 0.000029 -22.524164 0.000046 -0.000006 -15.910858 0.000484 -0.000011 -0.001203 -9.800494 0.070741 -7.197224 -6.617383 -0.044901 0.092578 -6.868351 -0.011187 0.065793 0.000017 -0.000564 -0.000000 -9.820713 0.042956 -9.251298 -6.809350 -0.024037 0.026945 -6.527037 -0.005303 0.010252 -0.000386 -0.000027 -0.000078 -13.139567 0.002974 -11.079611 -8.796713 0.044925 -0.037122 -8.512189 0.003647 -0.013432 0.000897 0.000011 0.000011 -15.060821 0.019555 -12.969037 -10.261980 0.082656 -0.120906 -10.223248 0.005441 -0.128752 -0.000442 0.000011 -0.000046 0.000000 0.000000 0.000000 0.000000 0.000000 0.000000 -2.051473 -8.343750 18.766735 -0.091126 -0.755296 6.001465 -0.084231 -9.259132 16.093193 -1.002514 1.167533 -17.707333 0.000000 0.000000 0.000000 0.000000 0.000000 0.000000 0.000000 0.000000 0.000000 1.307951 -5.121026 12.820487 0.111037 0.544109 11.828530 1.665317 0.436853 14.447824 0.497868 -0.614420 -19.473909 0.000000 0.000000 0.000000 0.000000 0.000000 0.000000 0.000000 0.000000 0.000000 
-0.293545 88.163376 4.032158 -0.676551 3.774046 -13.473553 0.969872 0.019513 8.739305 -0.466600 0.009525 0.631836 -0.059042 -1.077027 8.578683 -0.938568 -0.195041 3.764521 2.200767 -0.892886 4.376603 0.117681 0.418240 -3.458391 -0.145981 -0.456099 -19.723757 0.000000 0.000000 0.000000 93.830414 -0.926529 11.266521 59.519257 -37.592785 10.215839 -0.676667 12.881047 33.219238 8.118807 12.091249 -7.232303 10.614438 -1.863762 39.893917 0.000002 0.000033 -25.794962 0.000024 0.000056 -17.881216 0.000019 -0.000005 -0.000035 14.726475 0.036263 -7.122574 9.437333 -0.075218 0.118977 9.499940 -0.051186 0.097519 -0.000011 0.000045 -0.000018 13.740061 0.014261 -8.649558 8.994711 -0.037599 0.030202 9.042476 -0.018061 0.038841 -0.000010 -0.000001 0.000008 14.536469 -0.040166 -9.439096 9.991856 0.063212 -0.057460 9.991169 0.027483 -0.044797 -0.000006 -0.000388 0.000003 14.538402 -0.056801 -11.281390 10.228177 0.171822 -0.152790 10.291753 0.061111 -0.100377 0.000313 0.000005 -0.000034 0.000000 0.000000 0.000000 0.000000 0.000000 0.000000 -89.247795 -0.214959 6.947246 -68.789192 22.702343 -2.174216 -0.744934 -8.502362 44.643246 -3.345710 -26.595430 -16.588076 -9.302650 1.680522 40.499306 0.000014 0.000029 -22.548407 0.000046 -0.000006 -15.928511 0.000488 -0.000011 -0.001211 -9.850993 0.071264 -7.271873 -6.629779 -0.044571 0.095907 -6.881640 -0.010863 0.069039 0.000017 -0.000593 -0.000000 -9.878850 0.043217 -9.313228 -6.827784 -0.023910 0.028633 -6.545816 -0.005189 0.011629 -0.000406 -0.000027 -0.000076 -13.222829 0.002532 -11.101956 -8.841180 0.044473 -0.039343 -8.558345 0.003310 -0.015152 0.000894 0.000011 0.000011 -15.152118 0.016965 -12.959945 -10.326083 0.081821 -0.126927 -10.285106 0.004397 -0.133022 -0.000452 0.000011 -0.000046 0.000000 0.000000 0.000000 0.000000 0.000000 0.000000 -2.066021 -8.298130 18.742140 -0.091910 -0.756214 6.021406 -0.054605 -9.226882 16.110069 -1.002025 1.170908 -17.717775 0.000000 0.000000 0.000000 0.000000 0.000000 0.000000 0.000000 0.000000 0.000000 1.312144 -5.081371 12.829276 0.110411 0.542512 11.834612 1.665082 0.479705 14.435576 0.498929 -0.612669 -19.475309 0.000000 0.000000 0.000000 0.000000 0.000000 0.000000 0.000000 0.000000 0.000000 
-0.257435 88.161034 4.032922 -0.683958 3.701728 -13.461761 0.966114 0.020361 8.743429 -0.489283 0.016459 0.642464 -0.050293 -1.093012 8.574890 -0.949272 -0.199676 3.742441 2.216644 -0.914078 4.377397 0.117564 0.402476 -3.448763 -0.140592 -0.456175 -19.699137 0.000000 0.000000 0.000000 93.821846 -0.924496 11.269081 59.538464 -37.689056 10.204936 -0.676956 12.809319 33.127132 8.076630 12.069221 -7.291032 10.613934 -1.864126 39.893078 0.000001 0.000033 -25.799818 0.000024 0.000056 -17.882744 0.000019 -0.000005 -0.000036 14.724833 0.037192 -7.191719 9.440872 -0.075747 0.119125 9.502860 -0.051504 0.097742 -0.000010 0.000045 -0.000018 13.741046 0.014519 -8.704969 8.998337 -0.037758 0.030246 9.046054 -0.018111 0.038828 -0.000010 -0.000001 0.000008 14.548473 -0.040366 -9.474463 10.000414 0.063681 -0.057357 9.998816 0.027728 -0.044473 -0.000005 -0.000360 0.000003 14.550193 -0.058904 -11.293454 10.243478 0.172975 -0.153232 10.307885 0.061660 -0.098907 0.000323 0.000005 -0.000034 0.000000 0.000000 0.000000 0.000000 0.000000 0.000000 -89.248947 -0.209120 6.942601 -68.808693 22.794247 -2.215253 -0.747376 -8.408199 44.605011 -3.197912 -26.545229 -16.623760 -9.312754 1.681731 40.495190 0.000014 0.000029 -22.571465 0.000046 -0.000005 -15.945135 0.000492 -0.000012 -0.001216 -9.896071 0.071710 -7.342750 -6.639548 -0.044258 0.098898 -6.892572 -0.010546 0.071988 0.000017 -0.000621 0.000000 -9.931401 0.043431 -9.372636 -6.843298 -0.023782 0.030208 -6.561895 -0.005073 0.012904 -0.000426 -0.000027 -0.000074 -13.298576 0.002150 -11.124088 -8.881768 0.044018 -0.041507 -8.600449 0.002966 -0.016832 0.000889 0.000011 0.000011 -15.234905 0.014666 -12.953114 -10.385715 0.080902 -0.132924 -10.342346 0.003293 -0.137273 -0.000460 0.000011 -0.000046 0.000000 0.000000 0.000000 0.000000 0.000000 0.000000 -2.082912 -8.255427 18.719509 -0.092779 -0.757293 6.040751 -0.024085 -9.194538 16.125807 -1.001520 1.174437 -17.727882 0.000000 0.000000 0.000000 0.000000 0.000000 0.000000 0.000000 0.000000 0.000000 1.314327 -5.043765 12.838693 0.109777 0.540874 11.843076 1.666383 0.520163 14.421090 0.499693 -0.610898 -19.476921 0.000000 0.000000 0.000000 0.000000 0.000000 0.000000 0.000000 0.000000 0.000000 
-0.220122 88.158554 4.034151 -0.691400 3.631763 -13.451204 0.962232 0.021382 8.747195 -0.511150 0.023350 0.655495 -0.042961 -1.106963 8.569640 -0.960042 -0.203856 3.721741 2.230748 -0.937667 4.375231 0.117164 0.384179 -3.440284 -0.134719 -0.456982 -19.674501 0.000000 0.000000 0.000000 93.814507 -0.922499 11.269541 59.552326 -37.781769 10.189809 -0.676876 12.738791 33.039482 8.035135 12.045767 -7.346274 10.613409 -1.864464 39.892227 0.000001 0.000033 -25.804445 0.000024 0.000055 -17.884336 0.000019 -0.000005 -0.000036 14.721904 0.038058 -7.258009 9.442936 -0.076223 0.119316 9.504276 -0.051791 0.098008 -0.000010 0.000045 -0.000018 13.740464 0.014744 -8.758438 9.000168 -0.037902 0.030285 9.047787 -0.018141 0.038791 -0.000009 -0.000002 0.000008 14.557868 -0.040518 -9.508170 10.006277 0.064096 -0.057237 10.003980 0.027944 -0.044123 -0.000005 -0.000331 0.000003 14.558848 -0.060835 -11.304722 10.255615 0.174027 -0.153495 10.320816 0.062153 -0.097358 0.000333 0.000005 -0.000034 0.000000 0.000000 0.000000 0.000000 0.000000 0.000000 -89.249184 -0.202828 6.936783 -68.824631 22.885675 -2.257540 -0.750355 -8.316776 44.571953 -3.058937 -26.478025 -16.658478 -9.322167 1.682840 40.491413 0.000014 0.000029 -22.593128 0.000045 -0.000005 -15.960623 0.000495 -0.000012 -0.001216 -9.935493 0.072089 -7.409710 -6.646658 -0.043972 0.101567 -6.901066 -0.010249 0.074651 0.000017 -0.000648 0.000000 -9.978058 0.043602 -9.429310 -6.855844 -0.023658 0.031669 -6.575243 -0.004957 0.014080 -0.000445 -0.000027 -0.000073 -13.366481 0.001820 -11.145941 -8.918333 0.043569 -0.043597 -8.638354 0.002618 -0.018460 0.000882 0.000011 0.000011 -15.309124 0.012626 -12.948465 -10.440724 0.079923 -0.138861 -10.394866 0.002148 -0.141477 -0.000466 0.000011 -0.000046 0.000000 0.000000 0.000000 0.000000 0.000000 0.000000 -2.102119 -8.215356 18.698805 -0.093733 -0.758595 6.059420 0.007504 -9.161869 16.140265 -1.001030 1.178157 -17.737629 0.000000 0.000000 0.000000 0.000000 0.000000 0.000000 0.000000 0.000000 0.000000 1.314479 -5.008018 12.849010 0.109131 0.539178 11.853425 1.669308 0.558278 14.404527 0.500171 -0.609120 -19.478685 0.000000 0.000000 0.000000 0.000000 0.000000 0.000000 0.000000 0.000000 0.000000 
-0.181668 88.155998 4.035859 -0.698851 3.563998 -13.441813 0.958134 0.022596 8.750506 -0.532145 0.030151 0.670715 -0.036716 -1.119083 8.562888 -0.970716 -0.207570 3.702533 2.244023 -0.963758 4.370860 0.116527 0.363504 -3.432590 -0.128336 -0.458382 -19.650080 0.000000 0.000000 0.000000 93.808586 -0.920523 11.268064 59.560722 -37.870949 10.170941 -0.676427 12.670674 32.957432 7.995069 12.021308 -7.397077 10.612892 -1.864778 39.891361 0.000001 0.000033 -25.808886 0.000023 0.000055 -17.886017 0.000019 -0.000005 -0.000036 14.718003 0.038863 -7.320886 9.443767 -0.076647 0.119522 9.504411 -0.052047 0.098283 -0.000009 0.000045 -0.000018 13.738562 0.014939 -8.809489 9.000482 -0.038032 0.030309 9.047982 -0.018153 0.038724 -0.000009 -0.000002 0.000009 14.564855 -0.040625 -9.539896 10.009768 0.064461 -0.057087 10.006972 0.028131 -0.043743 -0.000005 -0.000301 0.000003 14.564610 -0.062614 -11.314935 10.264869 0.174987 -0.153568 10.330835 0.062597 -0.095725 0.000342 0.000005 -0.000035 0.000000 0.000000 0.000000 0.000000 0.000000 0.000000 -89.249062 -0.196115 6.929882 -68.836403 22.977379 -2.300662 -0.753811 -8.229048 44.544155 -2.928610 -26.396816 -16.691622 -9.330794 1.683840 40.488022 0.000013 0.000029 -22.613132 0.000046 -0.000005 -15.974821 0.000499 -0.000012 -0.001214 -9.969122 0.072399 -7.472653 -6.651116 -0.043719 0.103928 -6.907076 -0.009982 0.077040 0.000017 -0.000674 0.000001 -10.018580 0.043735 -9.483048 -6.865419 -0.023543 0.033014 -6.585871 -0.004844 0.015162 -0.000462 -0.000027 -0.000071 -13.426293 0.001533 -11.167342 -8.950780 0.043130 -0.045599 -8.671970 0.002271 -0.020024 0.000874 0.000011 0.000011 -15.374726 0.010813 -12.945749 -10.491016 0.078905 -0.144690 -10.442591 0.000983 -0.145594 -0.000469 0.000010 -0.000046 0.000000 0.000000 0.000000 0.000000 0.000000 0.000000 -2.123364 -8.177521 18.679880 -0.094772 -0.760154 6.077403 0.040234 -9.128752 16.153419 -1.000580 1.182087 -17.746967 0.000000 0.000000 0.000000 0.000000 0.000000 0.000000 0.000000 0.000000 0.000000 1.312731 -4.973861 12.860414 0.108471 0.537409 11.865115 1.673826 0.594158 14.386121 0.500391 -0.607344 -19.480507 0.000000 0.000000 0.000000 0.000000 0.000000 0.000000 0.000000 0.000000 0.000000 
-0.142154 88.153374 4.037970 -0.706627 3.498270 -13.433499 0.954071 0.023943 8.753366 -0.552241 0.036819 0.688194 -0.031322 -1.129749 8.554261 -0.981194 -0.210827 3.684604 2.257017 -0.991484 4.365011 0.115729 0.341590 -3.425292 -0.121735 -0.460371 -19.625807 0.000000 0.000000 0.000000 93.803047 -0.918460 11.265145 59.564449 -37.957371 10.148839 -0.675668 12.605697 32.883305 7.956440 11.996511 -7.443193 10.612093 -1.865065 39.890598 0.000001 0.000033 -25.812387 0.000023 0.000055 -17.887318 0.000019 -0.000005 -0.000036 14.712377 0.039622 -7.380064 9.443017 -0.077045 0.119736 9.502863 -0.052295 0.098561 -0.000009 0.000045 -0.000018 13.734630 0.015110 -8.858121 8.998944 -0.038155 0.030319 9.046361 -0.018156 0.038624 -0.000009 -0.000002 0.000009 14.569075 -0.040703 -9.570214 10.010808 0.064788 -0.056898 10.007694 0.028293 -0.043328 -0.000004 -0.000270 0.000003 14.567589 -0.064249 -11.325154 10.271356 0.175867 -0.153392 10.338046 0.062994 -0.093978 0.000350 0.000004 -0.000035 0.000000 0.000000 0.000000 0.000000 0.000000 0.000000 -89.248566 -0.189180 6.922295 -68.844490 23.070818 -2.343757 -0.757617 -8.145780 44.521900 -2.803830 -26.304842 -16.722200 -9.338569 1.684744 40.485008 0.000013 0.000029 -22.631264 0.000046 -0.000004 -15.987566 0.000502 -0.000013 -0.001209 -9.996928 0.072650 -7.531012 -6.652717 -0.043515 0.105970 -6.910356 -0.009760 0.079142 0.000017 -0.000699 0.000001 -10.052917 0.043837 -9.533313 -6.871824 -0.023443 0.034234 -6.593561 -0.004737 0.016143 -0.000479 -0.000028 -0.000070 -13.477903 0.001276 -11.187951 -8.978922 0.042711 -0.047500 -8.701153 0.001930 -0.021515 0.000865 0.000011 0.000011 -15.431645 0.009171 -12.944722 -10.536437 0.077883 -0.150358 -10.485308 -0.000181 -0.149569 -0.000471 0.000010 -0.000046 0.000000 0.000000 0.000000 0.000000 0.000000 0.000000 -2.146125 -8.142228 18.662729 -0.095866 -0.761949 6.094362 0.073910 -9.094971 16.165737 -1.000094 1.186193 -17.756123 0.000000 0.000000 0.000000 0.000000 0.000000 0.000000 0.000000 0.000000 0.000000 1.309521 -4.941454 12.872576 0.107811 0.535597 11.878078 1.679880 0.627008 14.366122 0.500369 -0.605585 -19.482512 0.000000 0.000000 0.000000 0.000000 0.000000 0.000000 0.000000 0.000000 0.000000 
-0.101576 88.150742 4.040504 -0.714581 3.434483 -13.426219 0.949962 0.025448 8.755768 -0.571341 0.043311 0.707672 -0.026668 -1.139122 8.543970 -0.991368 -0.213673 3.668092 2.270033 -1.020744 4.358052 0.114730 0.318608 -3.418257 -0.114931 -0.462805 -19.601833 0.000000 0.000000 0.000000 93.798355 -0.916367 11.260897 59.563126 -38.041496 10.124500 -0.674607 12.543707 32.816208 7.919662 11.970934 -7.483699 10.611355 -1.865345 39.889790 0.000001 0.000033 -25.815786 0.000023 0.000055 -17.888807 0.000019 -0.000005 -0.000036 14.706554 0.040338 -7.435241 9.441429 -0.077393 0.119893 9.500411 -0.052513 0.098774 -0.000009 0.000045 -0.000017 13.730085 0.015256 -8.903811 8.996286 -0.038263 0.030290 9.043654 -0.018144 0.038472 -0.000008 -0.000003 0.000009 14.571464 -0.040754 -9.598371 10.009975 0.065068 -0.056645 10.006737 0.028422 -0.042860 -0.000004 -0.000238 0.000003 14.568386 -0.065759 -11.334300 10.275444 0.176652 -0.152934 10.342872 0.063331 -0.092078 0.000357 0.000004 -0.000035 0.000000 0.000000 0.000000 0.000000 0.000000 0.000000 -89.248100 -0.182043 6.914085 -68.848717 23.165770 -2.386338 -0.761780 -8.067043 44.504654 -2.685552 -26.205160 -16.749510 -9.345642 1.685548 40.482319 0.000013 0.000029 -22.647827 0.000046 -0.000004 -15.999122 0.000505 -0.000013 -0.001202 -10.019528 0.072841 -7.585023 -6.652001 -0.043344 0.107775 -6.911406 -0.009571 0.081030 0.000017 -0.000722 0.000001 -10.081746 0.043909 -9.580068 -6.875594 -0.023354 0.035356 -6.598803 -0.004632 0.017051 -0.000493 -0.000028 -0.000069 -13.522141 0.001047 -11.207503 -9.003161 0.042302 -0.049323 -8.726307 0.001589 -0.022947 0.000856 0.000011 0.000011 -15.480879 0.007694 -12.944875 -10.577311 0.076839 -0.155909 -10.523396 -0.001352 -0.153452 -0.000470 0.000010 -0.000046 0.000000 0.000000 0.000000 0.000000 0.000000 0.000000 -2.170311 -8.108929 18.646994 -0.097013 -0.763978 6.110693 0.108609 -9.060395 16.177208 -0.999597 1.190458 -17.765020 0.000000 0.000000 0.000000 0.000000 0.000000 0.000000 0.000000 0.000000 0.000000 1.304782 -4.910457 12.885717 0.107147 0.533727 11.891936 1.687493 0.657342 14.344791 0.500122 -0.603837 -19.484688 0.000000 0.000000 0.000000 0.000000 0.000000 0.000000 0.000000 0.000000 0.000000 
-0.059952 88.148140 4.043545 -0.722467 3.372453 -13.419971 0.945587 0.027170 8.757691 -0.589378 0.049621 0.728631 -0.022571 -1.147328 8.532318 -1.001136 -0.216149 3.653266 2.283523 -1.051947 4.350672 0.113505 0.294097 -3.411265 -0.107792 -0.465513 -19.578451 0.000000 0.000000 0.000000 93.795341 -0.914392 11.255125 59.556171 -38.123737 10.099283 -0.673152 12.484899 32.752922 7.885585 11.943645 -7.518008 10.611018 -1.865648 39.888783 0.000001 0.000033 -25.819960 0.000022 0.000055 -17.891047 0.000019 -0.000004 -0.000036 14.701854 0.041012 -7.486320 9.439732 -0.077684 0.119962 9.497824 -0.052693 0.098889 -0.000009 0.000045 -0.000017 13.726217 0.015378 -8.946127 8.993247 -0.038352 0.030212 9.040594 -0.018115 0.038265 -0.000008 -0.000003 0.000009 14.573153 -0.040784 -9.623383 10.007938 0.065306 -0.056323 10.004735 0.028524 -0.042339 -0.000004 -0.000207 0.000003 14.567658 -0.067186 -11.340751 10.277534 0.177357 -0.152228 10.345748 0.063626 -0.090044 0.000364 0.000004 -0.000036 0.000000 0.000000 0.000000 0.000000 0.000000 0.000000 -89.248344 -0.174723 6.905083 -68.848305 23.262196 -2.427958 -0.766351 -7.992980 44.491032 -2.575700 -26.100214 -16.773647 -9.352057 1.686241 40.479927 0.000013 0.000030 -22.662973 0.000046 -0.000004 -16.009638 0.000509 -0.000013 -0.001192 -10.037601 0.072984 -7.635414 -6.649640 -0.043202 0.109387 -6.910861 -0.009413 0.082745 0.000017 -0.000744 0.000001 -10.105715 0.043958 -9.623735 -6.877342 -0.023274 0.036397 -6.602190 -0.004531 0.017899 -0.000506 -0.000028 -0.000068 -13.559798 0.000840 -11.225841 -9.023939 0.041904 -0.051058 -8.747880 0.001251 -0.024319 0.000848 0.000012 0.000011 -15.523385 0.006366 -12.945525 -10.613917 0.075781 -0.161308 -10.557256 -0.002517 -0.157238 -0.000469 0.000010 -0.000046 0.000000 0.000000 0.000000 0.000000 0.000000 0.000000 -2.195770 -8.076556 18.632280 -0.098220 -0.766242 6.127110 0.144421 -9.025261 16.187656 -0.999163 1.194865 -17.773474 0.000000 0.000000 0.000000 0.000000 0.000000 0.000000 0.000000 0.000000 0.000000 1.298330 -4.880483 12.900267 0.106467 0.531756 11.906204 1.696618 0.686126 14.322337 0.499684 -0.602081 -19.486858 0.000000 0.000000 0.000000 0.000000 0.000000 0.000000 0.000000 0.000000 0.000000 
-0.017351 88.145561 4.047091 -0.730343 3.311944 -13.414684 0.940949 0.029083 8.759162 -0.606336 0.055742 0.750768 -0.018845 -1.154633 8.519253 -1.010475 -0.218300 3.640115 2.297835 -1.084862 4.343658 0.112105 0.268272 -3.404061 -0.100424 -0.468449 -19.555710 0.000000 0.000000 0.000000 93.793938 -0.912598 11.247882 59.543907 -38.204868 10.074512 -0.671224 12.429660 32.691452 7.854461 11.914421 -7.546705 10.610953 -1.865973 39.887630 0.000000 0.000034 -25.824591 0.000022 0.000054 -17.893780 0.000019 -0.000004 -0.000036 14.697636 0.041658 -7.533520 9.437881 -0.077942 0.119953 9.495039 -0.052854 0.098915 -0.000008 0.000045 -0.000017 13.722521 0.015486 -8.985267 8.989814 -0.038429 0.030098 9.037186 -0.018078 0.038014 -0.000008 -0.000004 0.000009 14.574155 -0.040802 -9.645430 10.004884 0.065518 -0.055942 10.001805 0.028605 -0.041776 -0.000003 -0.000176 0.000003 14.565593 -0.068567 -11.344638 10.277843 0.178017 -0.151305 10.346875 0.063905 -0.087925 0.000370 0.000004 -0.000036 0.000000 0.000000 0.000000 0.000000 0.000000 0.000000 -89.249611 -0.167372 6.895370 -68.843040 23.361044 -2.467639 -0.771311 -7.924029 44.479847 -2.473204 -25.992533 -16.795107 -9.357722 1.686826 40.477848 0.000013 0.000030 -22.676517 0.000047 -0.000004 -16.018995 0.000512 -0.000013 -0.001180 -10.051439 0.073097 -7.682583 -6.645892 -0.043098 0.110786 -6.908969 -0.009296 0.084272 0.000017 -0.000763 0.000001 -10.125079 0.043993 -9.664583 -6.877292 -0.023210 0.037344 -6.603920 -0.004438 0.018679 -0.000516 -0.000028 -0.000068 -13.591199 0.000646 -11.242861 -9.041435 0.041527 -0.052683 -8.766080 0.000924 -0.025608 0.000839 0.000012 0.000011 -15.559617 0.005145 -12.946236 -10.646346 0.074753 -0.166459 -10.587026 -0.003642 -0.160851 -0.000466 0.000010 -0.000046 0.000000 0.000000 0.000000 0.000000 0.000000 0.000000 -2.222158 -8.044819 18.618393 -0.099475 -0.768710 6.143913 0.181194 -8.989916 16.197306 -0.998807 1.199354 -17.781540 0.000000 0.000000 0.000000 0.000000 0.000000 0.000000 0.000000 0.000000 0.000000 1.290258 -4.851558 12.916139 0.105776 0.529672 11.920714 1.707212 0.713397 14.298905 0.499073 -0.600304 -19.488943 0.000000 0.000000 0.000000 0.000000 0.000000 0.000000 0.000000 0.000000 0.000000 
0.026173 88.142990 4.051130 -0.738307 3.252793 -13.410342 0.936099 0.031145 8.760229 -0.622173 0.061652 0.773907 -0.015437 -1.161253 8.504734 -1.019385 -0.220173 3.628507 2.313023 -1.118969 4.337548 0.110554 0.241633 -3.396518 -0.093008 -0.471580 -19.533564 0.000000 0.000000 0.000000 93.793686 -0.910976 11.239436 59.527084 -38.285336 10.051237 -0.668773 12.377874 32.630203 7.826205 11.883664 -7.570702 10.611032 -1.866304 39.886395 0.000000 0.000034 -25.829332 0.000021 0.000054 -17.896790 0.000018 -0.000004 -0.000037 14.693326 0.042289 -7.577283 9.435872 -0.078174 0.119859 9.492044 -0.053001 0.098850 -0.000008 0.000045 -0.000017 13.718532 0.015586 -9.021607 8.985999 -0.038496 0.029951 9.033461 -0.018037 0.037722 -0.000007 -0.000004 0.000009 14.574291 -0.040816 -9.664962 10.000961 0.065712 -0.055507 9.998053 0.028670 -0.041180 -0.000003 -0.000146 0.000003 14.562325 -0.069919 -11.346439 10.276617 0.178646 -0.150181 10.346482 0.064171 -0.085732 0.000376 0.000004 -0.000036 0.000000 0.000000 0.000000 0.000000 0.000000 0.000000 -89.251953 -0.160138 6.885165 -68.833244 23.462603 -2.504283 -0.776675 -7.860148 44.469994 -2.376485 -25.885071 -16.814304 -9.362638 1.687304 40.476067 0.000013 0.000030 -22.688408 0.000047 -0.000004 -16.027178 0.000514 -0.000014 -0.001165 -10.061479 0.073188 -7.726897 -6.641034 -0.043034 0.111973 -6.906003 -0.009224 0.085612 0.000017 -0.000780 0.000001 -10.140319 0.044020 -9.702818 -6.875715 -0.023163 0.038195 -6.604224 -0.004353 0.019391 -0.000523 -0.000029 -0.000067 -13.616925 0.000454 -11.258473 -9.055945 0.041174 -0.054188 -8.781234 0.000610 -0.026807 0.000832 0.000012 0.000011 -15.590186 0.003996 -12.946644 -10.674856 0.073776 -0.171322 -10.612965 -0.004714 -0.164260 -0.000462 0.000010 -0.000046 0.000000 0.000000 0.000000 0.000000 0.000000 0.000000 -2.249251 -8.013778 18.605278 -0.100765 -0.771346 6.161198 0.218766 -8.954507 16.206440 -0.998524 1.203862 -17.789297 0.000000 0.000000 0.000000 0.000000 0.000000 0.000000 0.000000 0.000000 0.000000 1.280717 -4.823692 12.933152 0.105079 0.527479 11.935469 1.719261 0.739075 14.274597 0.498308 -0.598495 -19.490911 0.000000 0.000000 0.000000 0.000000 0.000000 0.000000 0.000000 0.000000 0.000000 
0.070599 88.140427 4.055667 -0.746347 3.194897 -13.406941 0.931019 0.033339 8.760932 -0.636855 0.067333 0.797850 -0.012359 -1.167283 8.488892 -1.027860 -0.221800 3.618328 2.329013 -1.153885 4.332621 0.108864 0.214529 -3.388628 -0.085649 -0.474847 -19.512009 0.000000 0.000000 0.000000 93.794449 -0.909511 11.230077 59.506565 -38.365211 10.030171 -0.665795 12.329388 32.567719 7.800620 11.851839 -7.590674 10.611261 -1.866635 39.885098 0.000000 0.000034 -25.834213 0.000021 0.000054 -17.900084 0.000018 -0.000004 -0.000037 14.688967 0.042910 -7.618146 9.433863 -0.078378 0.119668 9.489024 -0.053130 0.098685 -0.000008 0.000045 -0.000017 13.714337 0.015680 -9.055524 8.981989 -0.038553 0.029772 9.029599 -0.017992 0.037392 -0.000007 -0.000004 0.000010 14.573671 -0.040833 -9.682335 9.996410 0.065890 -0.055024 9.993678 0.028719 -0.040555 -0.000003 -0.000117 0.000003 14.558078 -0.071262 -11.346449 10.274121 0.179245 -0.148875 10.344834 0.064425 -0.083488 0.000382 0.000004 -0.000036 0.000000 0.000000 0.000000 0.000000 0.000000 0.000000 -89.255386 -0.153105 6.874647 -68.819275 23.566414 -2.537022 -0.782438 -7.801141 44.460514 -2.284658 -25.780310 -16.831507 -9.366870 1.687683 40.474560 0.000013 0.000030 -22.698755 0.000048 -0.000004 -16.034277 0.000517 -0.000014 -0.001148 -10.068449 0.073269 -7.768767 -6.635437 -0.043004 0.112959 -6.902324 -0.009190 0.086781 0.000017 -0.000795 0.000002 -10.152190 0.044044 -9.738696 -6.873011 -0.023132 0.038955 -6.603454 -0.004278 0.020039 -0.000528 -0.000029 -0.000066 -13.637838 0.000262 -11.272667 -9.067891 0.040844 -0.055571 -8.793789 0.000310 -0.027913 0.000825 0.000012 0.000011 -15.615993 0.002897 -12.946472 -10.699862 0.072858 -0.175873 -10.635481 -0.005730 -0.167454 -0.000457 0.000010 -0.000046 0.000000 0.000000 0.000000 0.000000 0.000000 0.000000 -2.276996 -7.983409 18.592861 -0.102084 -0.774119 6.179064 0.257032 -8.919102 16.215231 -0.998320 1.208347 -17.796745 0.000000 0.000000 0.000000 0.000000 0.000000 0.000000 0.000000 0.000000 0.000000 1.269766 -4.796756 12.951211 0.104377 0.525175 11.950470 1.732729 0.763348 14.249487 0.497400 -0.596647 -19.492716 0.000000 0.000000 0.000000 0.000000 0.000000 0.000000 0.000000 0.000000 0.000000 
0.115907 88.137863 4.060713 -0.754413 3.138178 -13.404519 0.925658 0.035649 8.761329 -0.650375 0.072766 0.822381 -0.009629 -1.172752 8.471940 -1.035888 -0.223201 3.609438 2.345773 -1.189297 4.328975 0.107058 0.187240 -3.380455 -0.078412 -0.478190 -19.491041 0.000000 0.000000 0.000000 93.796036 -0.908176 11.220138 59.483376 -38.444309 10.011666 -0.662303 12.284232 32.503326 7.777465 11.819427 -7.607258 10.611639 -1.866968 39.883739 0.000000 0.000034 -25.839222 0.000021 0.000054 -17.903654 0.000018 -0.000004 -0.000037 14.684647 0.043522 -7.656668 9.431984 -0.078555 0.119372 9.486119 -0.053238 0.098414 -0.000008 0.000045 -0.000017 13.710043 0.015770 -9.087477 8.977947 -0.038599 0.029561 9.025758 -0.017942 0.037024 -0.000007 -0.000005 0.000010 14.572392 -0.040852 -9.698035 9.991444 0.066054 -0.054496 9.988869 0.028753 -0.039908 -0.000003 -0.000089 0.000003 14.553037 -0.072591 -11.345171 10.270604 0.179816 -0.147420 10.342161 0.064667 -0.081210 0.000388 0.000004 -0.000036 0.000000 0.000000 0.000000 0.000000 0.000000 0.000000 -89.259766 -0.146339 6.864010 -68.801659 23.671968 -2.565168 -0.788555 -7.746809 44.450802 -2.197017 -25.679853 -16.846941 -9.370493 1.687977 40.473297 0.000013 0.000030 -22.707672 0.000048 -0.000004 -16.040392 0.000519 -0.000014 -0.001129 -10.073103 0.073342 -7.808540 -6.629415 -0.043006 0.113757 -6.898232 -0.009193 0.087786 0.000017 -0.000809 0.000002 -10.161475 0.044068 -9.772463 -6.869514 -0.023115 0.039624 -6.601907 -0.004211 0.020623 -0.000531 -0.000029 -0.000065 -13.654798 0.000067 -11.285510 -9.077659 0.040537 -0.056827 -8.804142 0.000027 -0.028922 0.000819 0.000012 0.000011 -15.637873 0.001837 -12.945594 -10.721744 0.072010 -0.180084 -10.654952 -0.006684 -0.170412 -0.000452 0.000010 -0.000046 0.000000 0.000000 0.000000 0.000000 0.000000 0.000000 -2.305414 -7.953691 18.581181 -0.103426 -0.777004 6.197528 0.295900 -8.883765 16.223778 -0.998202 1.212778 -17.803858 0.000000 0.000000 0.000000 0.000000 0.000000 0.000000 0.000000 0.000000 0.000000 1.257435 -4.770640 12.970293 0.103669 0.522757 11.965693 1.747560 0.786449 14.223642 0.496350 -0.594754 -19.494276 0.000000 0.000000 0.000000 0.000000 0.000000 0.000000 0.000000 0.000000 0.000000 
0.162080 88.135292 4.066286 -0.762425 3.082566 -13.403134 0.919942 0.038073 8.761469 -0.662750 0.077939 0.847248 -0.007258 -1.177643 8.454171 -1.043449 -0.224384 3.601696 2.363327 -1.225036 4.326599 0.105159 0.159914 -3.372104 -0.071314 -0.481540 -19.470657 0.000000 0.000000 0.000000 93.798347 -0.906925 11.209924 59.458500 -38.522331 9.995824 -0.658316 12.242557 32.436867 7.756621 11.786768 -7.620884 10.612188 -1.867301 39.882298 0.000000 0.000034 -25.844429 0.000021 0.000054 -17.907530 0.000018 -0.000004 -0.000037 14.680532 0.044124 -7.693409 9.430371 -0.078704 0.118968 9.483486 -0.053326 0.098040 -0.000008 0.000045 -0.000017 13.705859 0.015854 -9.117908 8.974055 -0.038635 0.029320 9.022106 -0.017890 0.036623 -0.000007 -0.000005 0.000010 14.570684 -0.040876 -9.712520 9.986275 0.066206 -0.053933 9.983824 0.028774 -0.039245 -0.000003 -0.000062 0.000003 14.547443 -0.073905 -11.343069 10.266299 0.180364 -0.145847 10.338706 0.064898 -0.078924 0.000393 0.000004 -0.000036 0.000000 0.000000 0.000000 0.000000 0.000000 0.000000 -89.265038 -0.139878 6.853432 -68.781029 23.778738 -2.588381 -0.794975 -7.696893 44.440460 -2.113184 -25.584486 -16.860727 -9.373586 1.688205 40.472229 0.000013 0.000030 -22.715322 0.000049 -0.000003 -16.045637 0.000521 -0.000014 -0.001107 -10.076182 0.073407 -7.846540 -6.623233 -0.043039 0.114366 -6.893979 -0.009234 0.088629 0.000017 -0.000820 0.000002 -10.168929 0.044090 -9.804365 -6.865510 -0.023114 0.040203 -6.599849 -0.004154 0.021144 -0.000531 -0.000029 -0.000064 -13.668626 -0.000130 -11.297104 -9.085573 0.040254 -0.057949 -8.812638 -0.000239 -0.029830 0.000814 0.000012 0.000011 -15.656647 0.000809 -12.943921 -10.740832 0.071239 -0.183925 -10.671722 -0.007567 -0.173110 -0.000446 0.000010 -0.000046 0.000000 0.000000 0.000000 0.000000 0.000000 0.000000 -2.334556 -7.924523 18.570318 -0.104788 -0.779982 6.216575 0.335293 -8.848518 16.232103 -0.998180 1.217137 -17.810591 0.000000 0.000000 0.000000 0.000000 0.000000 0.000000 0.000000 0.000000 0.000000 1.243741 -4.745191 12.990460 0.102952 0.520220 11.981084 1.763659 0.808678 14.197099 0.495159 -0.592821 -19.495512 0.000000 0.000000 0.000000 0.000000 0.000000 0.000000 0.000000 0.000000 0.000000 
0.209090 88.132706 4.072392 -0.770332 3.027968 -13.402838 0.913819 0.040601 8.761409 -0.674037 0.082839 0.872226 -0.005249 -1.181938 8.435869 -1.050530 -0.225357 3.594922 2.381763 -1.260962 4.325442 0.103196 0.132695 -3.363669 -0.064359 -0.484844 -19.450857 0.000000 0.000000 0.000000 93.801224 -0.905683 11.199760 59.432915 -38.598972 9.982514 -0.653867 12.204578 32.368935 7.738104 11.754167 -7.631933 10.612885 -1.867635 39.880798 0.000000 0.000034 -25.849781 0.000020 0.000054 -17.911667 0.000018 -0.000004 -0.000037 14.676681 0.044715 -7.728896 9.429122 -0.078831 0.118461 9.481215 -0.053396 0.097571 -0.000007 0.000045 -0.000017 13.701874 0.015932 -9.147279 8.970448 -0.038663 0.029054 9.018769 -0.017836 0.036194 -0.000006 -0.000005 0.000010 14.568709 -0.040907 -9.726315 9.981091 0.066348 -0.053343 9.978717 0.028786 -0.038575 -0.000002 -0.000036 0.000003 14.541514 -0.075210 -11.340740 10.261445 0.180891 -0.144184 10.334688 0.065122 -0.076647 0.000398 0.000004 -0.000037 0.000000 0.000000 0.000000 0.000000 0.000000 0.000000 -89.271004 -0.133762 6.843081 -68.758057 23.886393 -2.606619 -0.801641 -7.651129 44.429367 -2.032660 -25.494511 -16.872910 -9.376226 1.688389 40.471310 0.000013 0.000030 -22.721861 0.000049 -0.000003 -16.050121 0.000523 -0.000014 -0.001084 -10.078357 0.073468 -7.883029 -6.617084 -0.043107 0.114782 -6.889743 -0.009315 0.089306 0.000016 -0.000829 0.000002 -10.175227 0.044114 -9.834630 -6.861211 -0.023130 0.040687 -6.597483 -0.004108 0.021598 -0.000529 -0.000030 -0.000064 -13.680051 -0.000326 -11.307566 -9.091918 0.039999 -0.058929 -8.819576 -0.000485 -0.030631 0.000810 0.000012 0.000011 -15.673007 -0.000199 -12.941456 -10.757438 0.070556 -0.187364 -10.686104 -0.008374 -0.175522 -0.000440 0.000010 -0.000046 0.000000 0.000000 0.000000 0.000000 0.000000 0.000000 -2.364444 -7.895847 18.560413 -0.106167 -0.783041 6.236106 0.375133 -8.813327 16.240204 -0.998255 1.221418 -17.816896 0.000000 0.000000 0.000000 0.000000 0.000000 0.000000 0.000000 0.000000 0.000000 1.228750 -4.720263 13.011813 0.102226 0.517570 11.996532 1.780911 0.830249 14.169897 0.493838 -0.590851 -19.496344 0.000000 0.000000 0.000000 0.000000 0.000000 0.000000 0.000000 0.000000 0.000000 
0.256907 88.130089 4.079038 -0.778086 2.974276 -13.403690 0.907248 0.043221 8.761197 -0.684308 0.087453 0.897106 -0.003591 -1.185634 8.417307 -1.057120 -0.226139 3.588930 2.401162 -1.296957 4.325388 0.101191 0.105705 -3.355245 -0.057539 -0.488045 -19.431633 0.000000 0.000000 0.000000 93.804466 -0.904367 11.189935 59.407433 -38.674000 9.971524 -0.649004 12.170464 32.300514 7.721931 11.721749 -7.640683 10.613724 -1.867971 39.879250 0.000000 0.000034 -25.855276 0.000020 0.000054 -17.916054 0.000018 -0.000004 -0.000037 14.673228 0.045292 -7.763568 9.428348 -0.078936 0.117854 9.479414 -0.053449 0.097013 -0.000007 0.000044 -0.000017 13.698261 0.016003 -9.175966 8.967279 -0.038683 0.028765 9.015886 -0.017782 0.035739 -0.000006 -0.000005 0.000010 14.566694 -0.040943 -9.739862 9.976085 0.066481 -0.052731 9.973737 0.028789 -0.037902 -0.000002 -0.000011 0.000003 14.535489 -0.076500 -11.338662 10.256269 0.181395 -0.142448 10.330338 0.065338 -0.074391 0.000404 0.000004 -0.000037 0.000000 0.000000 0.000000 0.000000 0.000000 0.000000 -89.277496 -0.128013 6.833090 -68.733437 23.994610 -2.620106 -0.808481 -7.609166 44.417641 -1.955045 -25.409914 -16.883457 -9.378502 1.688547 40.470509 0.000012 0.000030 -22.727463 0.000050 -0.000003 -16.053968 0.000526 -0.000014 -0.001060 -10.080260 0.073522 -7.918222 -6.611141 -0.043208 0.115010 -6.885694 -0.009436 0.089819 0.000016 -0.000836 0.000002 -10.180997 0.044138 -9.863438 -6.856813 -0.023162 0.041077 -6.594998 -0.004073 0.021984 -0.000526 -0.000030 -0.000063 -13.689738 -0.000524 -11.317029 -9.096967 0.039772 -0.059764 -8.825234 -0.000708 -0.031324 0.000807 0.000012 0.000011 -15.687577 -0.001195 -12.938249 -10.771873 0.069963 -0.190390 -10.698407 -0.009102 -0.177632 -0.000434 0.000010 -0.000046 0.000000 0.000000 0.000000 0.000000 0.000000 0.000000 -2.395095 -7.867585 18.551601 -0.107560 -0.786171 6.255984 0.415351 -8.778102 16.248043 -0.998426 1.225624 -17.822735 0.000000 0.000000 0.000000 0.000000 0.000000 0.000000 0.000000 0.000000 0.000000 1.212551 -4.695676 13.034473 0.101490 0.514812 12.011909 1.799179 0.851362 14.142073 0.492397 -0.588854 -19.496691 0.000000 0.000000 0.000000 0.000000 0.000000 0.000000 0.000000 0.000000 0.000000 
0.305494 88.127441 4.086217 -0.785641 2.921364 -13.405731 0.900198 0.045918 8.760894 -0.693657 0.091773 0.921680 -0.002255 -1.188751 8.398755 -1.063215 -0.226754 3.583555 2.421587 -1.332909 4.326278 0.099168 0.079048 -3.346914 -0.050835 -0.491099 -19.412991 0.000000 0.000000 0.000000 93.807922 -0.902912 11.180682 59.382576 -38.747330 9.962702 -0.643794 12.140285 32.232765 7.708108 11.689448 -7.647294 10.614717 -1.868309 39.877640 0.000000 0.000034 -25.860952 0.000020 0.000053 -17.920687 0.000018 -0.000004 -0.000038 14.670385 0.045851 -7.797767 9.428171 -0.079022 0.117146 9.478204 -0.053484 0.096370 -0.000007 0.000044 -0.000017 13.695248 0.016067 -9.204258 8.964710 -0.038698 0.028453 9.013613 -0.017727 0.035261 -0.000006 -0.000006 0.000010 14.564906 -0.040984 -9.753479 9.971453 0.066605 -0.052102 9.969069 0.028783 -0.037227 -0.000002 0.000013 0.000003 14.529618 -0.077766 -11.337171 10.250998 0.181874 -0.140648 10.325870 0.065542 -0.072161 0.000409 0.000004 -0.000037 0.000000 0.000000 0.000000 0.000000 0.000000 0.000000 -89.284317 -0.122638 6.823563 -68.707756 24.103104 -2.629275 -0.815412 -7.570608 44.405518 -1.880053 -25.330467 -16.892323 -9.380501 1.688699 40.469788 0.000012 0.000030 -22.732330 0.000050 -0.000003 -16.057308 0.000528 -0.000014 -0.001035 -10.082446 0.073566 -7.952285 -6.605572 -0.043341 0.115060 -6.881978 -0.009596 0.090178 0.000016 -0.000841 0.000002 -10.186794 0.044162 -9.890944 -6.852496 -0.023211 0.041377 -6.592587 -0.004050 0.022302 -0.000521 -0.000030 -0.000061 -13.698298 -0.000721 -11.325628 -9.100984 0.039573 -0.060457 -8.829888 -0.000909 -0.031911 0.000804 0.000012 0.000011 -15.700944 -0.002184 -12.934366 -10.784443 0.069462 -0.192996 -10.708951 -0.009748 -0.179433 -0.000428 0.000009 -0.000046 0.000000 0.000000 0.000000 0.000000 0.000000 0.000000 -2.426506 -7.839632 18.544018 -0.108965 -0.789368 6.276076 0.455887 -8.742737 16.255581 -0.998691 1.229763 -17.828072 0.000000 0.000000 0.000000 0.000000 0.000000 0.000000 0.000000 0.000000 0.000000 1.195240 -4.671248 13.058571 0.100742 0.511954 12.027061 1.818318 0.872214 14.113663 0.490848 -0.586838 -19.496498 0.000000 0.000000 0.000000 0.000000 0.000000 0.000000 0.000000 0.000000 0.000000 
0.354812 88.124748 4.093919 -0.792954 2.869088 -13.408980 0.892647 0.048680 8.760556 -0.702186 0.095792 0.945759 -0.001199 -1.191329 8.380466 -1.068823 -0.227236 3.578646 2.443059 -1.368716 4.327940 0.097145 0.052807 -3.338744 -0.044223 -0.493970 -19.394924 0.000000 0.000000 0.000000 93.811462 -0.901279 11.172175 59.358643 -38.819000 9.955907 -0.638312 12.114004 32.166782 7.696624 11.657064 -7.651833 10.615874 -1.868648 39.875973 0.000000 0.000034 -25.866840 0.000020 0.000053 -17.925598 0.000018 -0.000004 -0.000038 14.668360 0.046389 -7.831729 9.428710 -0.079089 0.116338 9.477692 -0.053501 0.095645 -0.000007 0.000044 -0.000016 13.693070 0.016122 -9.232352 8.962892 -0.038706 0.028117 9.012080 -0.017672 0.034760 -0.000006 -0.000006 0.000011 14.563625 -0.041034 -9.767359 9.967359 0.066718 -0.051455 9.964892 0.028770 -0.036550 -0.000002 0.000037 0.000003 14.524130 -0.079011 -11.336444 10.245836 0.182324 -0.138790 10.321486 0.065733 -0.069954 0.000415 0.000004 -0.000037 0.000000 0.000000 0.000000 0.000000 0.000000 0.000000 -89.291321 -0.117637 6.814568 -68.681519 24.211655 -2.634670 -0.822348 -7.535034 44.393295 -1.807480 -25.255844 -16.899485 -9.382308 1.688857 40.469097 0.000012 0.000030 -22.736656 0.000050 -0.000003 -16.060266 0.000532 -0.000014 -0.001009 -10.085371 0.073597 -7.985320 -6.600522 -0.043505 0.114946 -6.878735 -0.009794 0.090394 0.000016 -0.000844 0.000002 -10.193072 0.044187 -9.917268 -6.848428 -0.023275 0.041592 -6.590425 -0.004037 0.022558 -0.000515 -0.000030 -0.000060 -13.706247 -0.000915 -11.333483 -9.104226 0.039400 -0.061014 -8.833791 -0.001089 -0.032397 0.000801 0.000012 0.000011 -15.713593 -0.003168 -12.929898 -10.795460 0.069049 -0.195197 -10.718049 -0.010317 -0.180930 -0.000422 0.000009 -0.000046 0.000000 0.000000 0.000000 0.000000 0.000000 0.000000 -2.458665 -7.811841 18.537729 -0.110379 -0.792627 6.296259 0.496692 -8.707124 16.262758 -0.999048 1.233844 -17.832880 0.000000 0.000000 0.000000 0.000000 0.000000 0.000000 0.000000 0.000000 0.000000 1.176905 -4.646799 13.084237 0.099981 0.509002 12.041840 1.838179 0.892987 14.084706 0.489203 -0.584813 -19.495712 0.000000 0.000000 0.000000 0.000000 0.000000 0.000000 0.000000 0.000000 0.000000 
0.404818 88.122017 4.102121 -0.799985 2.817286 -13.413440 0.884590 0.051492 8.760228 -0.710015 0.099515 0.969169 -0.000370 -1.193427 8.362651 -1.073954 -0.227618 3.574075 2.465571 -1.404289 4.330191 0.095144 0.027054 -3.330787 -0.037677 -0.496634 -19.377428 0.000000 0.000000 0.000000 93.814964 -0.899450 11.164522 59.335682 -38.889130 9.951100 -0.632631 12.091443 32.103462 7.687376 11.624294 -7.654328 10.617212 -1.868994 39.874229 -0.000000 0.000034 -25.872993 0.000019 0.000053 -17.930794 0.000018 -0.000004 -0.000038 14.667354 0.046902 -7.865619 9.430053 -0.079139 0.115431 9.477953 -0.053502 0.094845 -0.000007 0.000044 -0.000016 13.691930 0.016165 -9.260364 8.961945 -0.038709 0.027758 9.011401 -0.017616 0.034236 -0.000006 -0.000006 0.000011 14.563107 -0.041089 -9.781598 9.963964 0.066821 -0.050789 9.961358 0.028750 -0.035871 -0.000002 0.000059 0.000003 14.519246 -0.080231 -11.336526 10.240964 0.182742 -0.136872 10.317360 0.065907 -0.067764 0.000420 0.000004 -0.000037 0.000000 0.000000 0.000000 0.000000 0.000000 0.000000 -89.298340 -0.112994 6.806142 -68.655098 24.320093 -2.636871 -0.829210 -7.502018 44.381287 -1.737196 -25.185720 -16.904930 -9.383994 1.689032 40.468407 0.000012 0.000030 -22.740620 0.000051 -0.000003 -16.062973 0.000535 -0.000014 -0.000983 -10.089372 0.073613 -8.017413 -6.596117 -0.043696 0.114687 -6.876087 -0.010025 0.090485 0.000016 -0.000846 0.000002 -10.200168 0.044211 -9.942496 -6.844762 -0.023353 0.041731 -6.588675 -0.004035 0.022755 -0.000508 -0.000031 -0.000059 -13.714020 -0.001106 -11.340686 -9.106946 0.039253 -0.061445 -8.837192 -0.001248 -0.032789 0.000799 0.000012 0.000011 -15.725984 -0.004150 -12.924931 -10.805232 0.068717 -0.197011 -10.726011 -0.010813 -0.182133 -0.000416 0.000009 -0.000046 0.000000 0.000000 0.000000 0.000000 0.000000 0.000000 -2.491547 -7.784068 18.532774 -0.111799 -0.795943 6.316457 0.537731 -8.671160 16.269535 -0.999497 1.237879 -17.837145 0.000000 0.000000 0.000000 0.000000 0.000000 0.000000 0.000000 0.000000 0.000000 1.157623 -4.622151 13.111579 0.099206 0.505964 12.056096 1.858626 0.913858 14.055236 0.487475 -0.582789 -19.494297 0.000000 0.000000 0.000000 0.000000 0.000000 0.000000 0.000000 0.000000 0.000000 
0.455468 88.119232 4.110796 -0.806698 2.765797 -13.419065 0.876030 0.054344 8.759944 -0.717261 0.102953 0.991769 0.000288 -1.195105 8.345496 -1.078629 -0.227927 3.569745 2.489092 -1.439552 4.332863 0.093189 0.001841 -3.323084 -0.031174 -0.499078 -19.360497 0.000000 0.000000 0.000000 93.818329 -0.897428 11.157767 59.313572 -38.957970 9.948308 -0.626819 12.072318 32.043419 7.680184 11.590835 -7.654795 10.618743 -1.869345 39.872425 -0.000000 0.000034 -25.879457 0.000019 0.000053 -17.936293 0.000018 -0.000004 -0.000038 14.667518 0.047386 -7.899530 9.432272 -0.079173 0.114429 9.479057 -0.053486 0.093970 -0.000007 0.000044 -0.000016 13.691983 0.016197 -9.288349 8.961954 -0.038708 0.027373 9.011646 -0.017560 0.033692 -0.000005 -0.000006 0.000011 14.563560 -0.041151 -9.796212 9.961376 0.066913 -0.050103 9.958575 0.028722 -0.035186 -0.000002 0.000081 0.000003 14.515120 -0.081429 -11.337362 10.236515 0.183127 -0.134891 10.313621 0.066064 -0.065582 0.000425 0.000004 -0.000037 0.000000 0.000000 0.000000 0.000000 0.000000 0.000000 -89.305290 -0.108690 6.798300 -68.628685 24.428268 -2.636409 -0.835931 -7.471147 44.369701 -1.669086 -25.119781 -16.908693 -9.385620 1.689234 40.467709 0.000012 0.000030 -22.744387 0.000051 -0.000003 -16.065531 0.000539 -0.000014 -0.000956 -10.094657 0.073613 -8.048623 -6.592456 -0.043911 0.114301 -6.874135 -0.010288 0.090464 0.000016 -0.000846 0.000003 -10.208296 0.044234 -9.966702 -6.841623 -0.023444 0.041801 -6.587475 -0.004041 0.022900 -0.000500 -0.000031 -0.000057 -13.721946 -0.001293 -11.347329 -9.109366 0.039128 -0.061761 -8.840310 -0.001388 -0.033096 0.000798 0.000012 0.000011 -15.738426 -0.005130 -12.919548 -10.814038 0.068460 -0.198470 -10.733130 -0.011239 -0.183064 -0.000410 0.000009 -0.000046 0.000000 0.000000 0.000000 0.000000 0.000000 0.000000 -2.525119 -7.756154 18.529125 -0.113223 -0.799316 6.336617 0.578978 -8.634764 16.275860 -1.000036 1.241877 -17.840866 0.000000 0.000000 0.000000 0.000000 0.000000 0.000000 0.000000 0.000000 0.000000 1.137454 -4.597161 13.140664 0.098416 0.502846 12.069705 1.879536 0.934995 14.025282 0.485682 -0.580775 -19.492235 0.000000 0.000000 0.000000 0.000000 0.000000 0.000000 0.000000 0.000000 0.000000 
0.506714 88.116402 4.119908 -0.813057 2.714459 -13.425808 0.866982 0.057228 8.759726 -0.724046 0.106127 1.013446 0.000836 -1.196425 8.329144 -1.082874 -0.228184 3.565586 2.513561 -1.474441 4.335803 0.091304 -0.022790 -3.315666 -0.024690 -0.501300 -19.344109 0.000000 0.000000 0.000000 93.821548 -0.895247 11.151920 59.292084 -39.025791 9.947591 -0.620939 12.056253 31.986883 7.674768 11.556400 -7.653280 10.620473 -1.869705 39.870544 -0.000000 0.000034 -25.886250 0.000019 0.000053 -17.942087 0.000018 -0.000004 -0.000038 14.668923 0.047841 -7.933514 9.435390 -0.079193 0.113336 9.481022 -0.053455 0.093029 -0.000006 0.000044 -0.000016 13.693302 0.016218 -9.316335 8.962961 -0.038702 0.026962 9.012855 -0.017503 0.033127 -0.000005 -0.000007 0.000011 14.565116 -0.041220 -9.811153 9.959661 0.066996 -0.049396 9.956616 0.028688 -0.034495 -0.000002 0.000102 0.000003 14.511858 -0.082604 -11.338818 10.232594 0.183477 -0.132846 10.310361 0.066202 -0.063399 0.000430 0.000004 -0.000037 0.000000 0.000000 0.000000 0.000000 0.000000 0.000000 -89.312088 -0.104702 6.791039 -68.602348 24.536074 -2.633742 -0.842459 -7.442054 44.358715 -1.603065 -25.057795 -16.910854 -9.387233 1.689462 40.466961 0.000012 0.000030 -22.748081 0.000051 -0.000003 -16.068029 0.000542 -0.000014 -0.000930 -10.101325 0.073594 -8.079003 -6.589610 -0.044147 0.113806 -6.872951 -0.010578 0.090347 0.000016 -0.000845 0.000003 -10.217556 0.044257 -9.989946 -6.839107 -0.023545 0.041812 -6.586930 -0.004055 0.022998 -0.000492 -0.000031 -0.000056 -13.730245 -0.001473 -11.353476 -9.111687 0.039025 -0.061975 -8.843341 -0.001510 -0.033327 0.000796 0.000012 0.000011 -15.751198 -0.006107 -12.913823 -10.822146 0.068270 -0.199607 -10.739669 -0.011604 -0.183748 -0.000403 0.000009 -0.000046 0.000000 0.000000 0.000000 0.000000 0.000000 0.000000 -2.559352 -7.727964 18.526722 -0.114650 -0.802742 6.356713 0.620421 -8.597877 16.281679 -1.000667 1.245846 -17.844055 0.000000 0.000000 0.000000 0.000000 0.000000 0.000000 0.000000 0.000000 0.000000 1.116438 -4.571703 13.171528 0.097612 0.499655 12.082556 1.900810 0.956551 13.994876 0.483837 -0.578779 -19.489517 0.000000 0.000000 0.000000 0.000000 0.000000 0.000000 0.000000 0.000000 0.000000 
0.558511 88.113533 4.129417 -0.819031 2.663124 -13.433593 0.857465 0.060137 8.759575 -0.730476 0.109063 1.034121 0.001325 -1.197438 8.313701 -1.086718 -0.228400 3.561559 2.538898 -1.508906 4.338876 0.089514 -0.046809 -3.308554 -0.018209 -0.503309 -19.328260 0.000000 0.000000 0.000000 93.824493 -0.892958 11.146941 59.270863 -39.092846 9.949040 -0.615038 12.042826 31.933886 7.670757 11.520806 -7.649873 10.622400 -1.870071 39.868580 -0.000000 0.000034 -25.893394 0.000019 0.000053 -17.948177 0.000017 -0.000004 -0.000038 14.671599 0.048262 -7.967599 9.439403 -0.079202 0.112161 9.483833 -0.053411 0.092025 -0.000006 0.000044 -0.000016 13.695905 0.016227 -9.344318 8.964972 -0.038691 0.026527 9.015028 -0.017445 0.032544 -0.000005 -0.000007 0.000011 14.567840 -0.041296 -9.826354 9.958842 0.067068 -0.048667 9.955510 0.028646 -0.033794 -0.000002 0.000122 0.000003 14.509500 -0.083761 -11.340731 10.229255 0.183795 -0.130734 10.307633 0.066320 -0.061207 0.000435 0.000004 -0.000037 0.000000 0.000000 0.000000 0.000000 0.000000 0.000000 -89.318642 -0.101006 6.784347 -68.576126 24.643393 -2.629224 -0.848758 -7.414405 44.348392 -1.539046 -24.999580 -16.911530 -9.388865 1.689722 40.466175 0.000012 0.000030 -22.751804 0.000051 -0.000003 -16.070532 0.000546 -0.000014 -0.000904 -10.109357 0.073555 -8.108599 -6.587617 -0.044400 0.113220 -6.872562 -0.010890 0.090149 0.000016 -0.000843 0.000003 -10.227935 0.044278 -10.012287 -6.837277 -0.023656 0.041773 -6.587111 -0.004076 0.023055 -0.000483 -0.000031 -0.000054 -13.739030 -0.001645 -11.359176 -9.114061 0.038939 -0.062102 -8.846437 -0.001617 -0.033491 0.000795 0.000012 0.000012 -15.764434 -0.007081 -12.907815 -10.829777 0.068136 -0.200463 -10.745851 -0.011913 -0.184217 -0.000397 0.000009 -0.000046 0.000000 0.000000 0.000000 0.000000 0.000000 0.000000 -2.594218 -7.699373 18.525467 -0.116077 -0.806219 6.376737 0.662055 -8.560455 16.286970 -1.001393 1.249789 -17.846724 0.000000 0.000000 0.000000 0.000000 0.000000 0.000000 0.000000 0.000000 0.000000 1.094598 -4.545681 13.204163 0.096793 0.496396 12.094554 1.922365 0.978678 13.964038 0.481958 -0.576808 -19.486143 0.000000 0.000000 0.000000 0.000000 0.000000 0.000000 0.000000 0.000000 0.000000 
0.610809 88.110619 4.139276 -0.824593 2.611663 -13.442329 0.847507 0.063065 8.759485 -0.736650 0.111794 1.053745 0.001803 -1.198181 8.299230 -1.090193 -0.228578 3.557648 2.565008 -1.542908 4.341971 0.087844 -0.070200 -3.301761 -0.011719 -0.505118 -19.312922 0.000000 0.000000 0.000000 93.827187 -0.890620 11.142774 59.249546 -39.159393 9.952749 -0.609151 12.031597 31.884157 7.667749 11.483959 -7.644708 10.624521 -1.870447 39.866547 -0.000000 0.000034 -25.900873 0.000019 0.000053 -17.954548 0.000017 -0.000004 -0.000038 14.675495 0.048649 -8.001801 9.444261 -0.079200 0.110912 9.487453 -0.053356 0.090965 -0.000006 0.000044 -0.000016 13.699732 0.016224 -9.372288 8.967938 -0.038677 0.026066 9.018117 -0.017387 0.031943 -0.000005 -0.000007 0.000011 14.571706 -0.041376 -9.841724 9.958907 0.067132 -0.047914 9.955239 0.028599 -0.033084 -0.000002 0.000142 0.000003 14.508030 -0.084900 -11.342923 10.226517 0.184078 -0.128556 10.305440 0.066418 -0.059000 0.000439 0.000004 -0.000037 0.000000 0.000000 0.000000 0.000000 0.000000 0.000000 -89.324890 -0.097575 6.778198 -68.549866 24.750120 -2.623095 -0.854807 -7.387916 44.338699 -1.476945 -24.945015 -16.910875 -9.390532 1.690006 40.465332 0.000012 0.000029 -22.755630 0.000051 -0.000003 -16.073092 0.000550 -0.000014 -0.000878 -10.118656 0.073494 -8.137458 -6.586464 -0.044666 0.112556 -6.872968 -0.011221 0.089880 0.000015 -0.000840 0.000003 -10.239327 0.044297 -10.033771 -6.836159 -0.023775 0.041690 -6.588046 -0.004103 0.023077 -0.000474 -0.000031 -0.000052 -13.748311 -0.001808 -11.364477 -9.116604 0.038869 -0.062155 -8.849706 -0.001710 -0.033599 0.000793 0.000012 0.000012 -15.778189 -0.008045 -12.901568 -10.837104 0.068050 -0.201081 -10.751862 -0.012175 -0.184500 -0.000390 0.000009 -0.000046 0.000000 0.000000 0.000000 0.000000 0.000000 0.000000 -2.629690 -7.670292 18.525248 -0.117505 -0.809746 6.396690 0.703877 -8.522474 16.291679 -1.002216 1.253710 -17.848896 0.000000 0.000000 0.000000 0.000000 0.000000 0.000000 0.000000 0.000000 0.000000 1.071948 -4.519019 13.238530 0.095959 0.493074 12.105637 1.944143 1.001511 13.932806 0.480059 -0.574865 -19.482128 0.000000 0.000000 0.000000 0.000000 0.000000 0.000000 0.000000 0.000000 0.000000 
0.663558 88.107681 4.149440 -0.829718 2.559967 -13.451922 0.837137 0.066009 8.759433 -0.742647 0.114350 1.072302 0.002304 -1.198687 8.285774 -1.093329 -0.228711 3.553862 2.591791 -1.576415 4.345002 0.086315 -0.092954 -3.295296 -0.005213 -0.506748 -19.298088 0.000000 0.000000 0.000000 93.829613 -0.888305 11.139342 59.227776 -39.225567 9.958762 -0.603307 12.022137 31.837317 7.665301 11.445885 -7.637967 10.626824 -1.870831 39.864445 -0.000000 0.000034 -25.908676 0.000019 0.000053 -17.961176 0.000017 -0.000004 -0.000039 14.680516 0.049000 -8.036122 9.449893 -0.079191 0.109599 9.491803 -0.053291 0.089856 -0.000006 0.000044 -0.000016 13.704671 0.016207 -9.400229 8.971793 -0.038659 0.025583 9.022057 -0.017327 0.031329 -0.000005 -0.000007 0.000012 14.576651 -0.041462 -9.857177 9.959793 0.067187 -0.047139 9.955750 0.028545 -0.032363 -0.000002 0.000161 0.000002 14.507376 -0.086022 -11.345225 10.224361 0.184332 -0.126316 10.303761 0.066497 -0.056775 0.000444 0.000004 -0.000036 0.000000 0.000000 0.000000 0.000000 0.000000 0.000000 -89.330795 -0.094384 6.772571 -68.523445 24.856136 -2.615520 -0.860602 -7.362360 44.329582 -1.416674 -24.893982 -16.909075 -9.392249 1.690312 40.464436 0.000013 0.000029 -22.759592 0.000051 -0.000003 -16.075727 0.000554 -0.000014 -0.000853 -10.129056 0.073414 -8.165625 -6.586124 -0.044943 0.111826 -6.874134 -0.011568 0.089552 0.000015 -0.000837 0.000003 -10.251562 0.044315 -10.054445 -6.835742 -0.023900 0.041571 -6.589723 -0.004135 0.023069 -0.000465 -0.000032 -0.000051 -13.758025 -0.001962 -11.369406 -9.119382 0.038811 -0.062147 -8.853222 -0.001791 -0.033658 0.000791 0.000012 0.000012 -15.792439 -0.008999 -12.895109 -10.844247 0.068004 -0.201498 -10.757818 -0.012397 -0.184629 -0.000383 0.000009 -0.000046 0.000000 0.000000 0.000000 0.000000 0.000000 0.000000 -2.665741 -7.640660 18.525942 -0.118932 -0.813322 6.416574 0.745885 -8.483907 16.295782 -1.003140 1.257610 -17.850601 0.000000 0.000000 0.000000 0.000000 0.000000 0.000000 0.000000 0.000000 0.000000 1.048498 -4.491657 13.274559 0.095112 0.489693 12.115734 1.966096 1.025169 13.901226 0.478156 -0.572956 -19.477497 0.000000 0.000000 0.000000 0.000000 0.000000 0.000000 0.000000 0.000000 0.000000 
0.716706 88.104713 4.159860 -0.834391 2.507952 -13.462280 0.826391 0.068961 8.759386 -0.748530 0.116762 1.089794 0.002855 -1.198973 8.273336 -1.096159 -0.228791 3.550224 2.619138 -1.609399 4.347900 0.084945 -0.115057 -3.289158 0.001308 -0.508219 -19.283751 0.000000 0.000000 0.000000 93.831764 -0.886074 11.136558 59.205246 -39.291466 9.967094 -0.597518 12.014058 31.792910 7.662994 11.406691 -7.629870 10.629302 -1.871222 39.862293 -0.000000 0.000034 -25.916771 0.000019 0.000053 -17.968029 0.000017 -0.000004 -0.000039 14.686543 0.049314 -8.070561 9.456204 -0.079175 0.108232 9.496798 -0.053218 0.088707 -0.000006 0.000044 -0.000016 13.710590 0.016178 -9.428129 8.976440 -0.038637 0.025080 9.026752 -0.017266 0.030704 -0.000005 -0.000007 0.000012 14.582543 -0.041551 -9.872636 9.961431 0.067235 -0.046342 9.956967 0.028486 -0.031633 -0.000002 0.000179 0.000002 14.507441 -0.087128 -11.347494 10.222753 0.184555 -0.124020 10.302549 0.066557 -0.054531 0.000448 0.000004 -0.000036 0.000000 0.000000 0.000000 0.000000 0.000000 0.000000 -89.336365 -0.091404 6.767432 -68.496735 24.961330 -2.606590 -0.866148 -7.337554 44.320923 -1.358153 -24.846401 -16.906307 -9.394016 1.690638 40.463490 0.000013 0.000029 -22.763718 0.000051 -0.000003 -16.078457 0.000558 -0.000014 -0.000828 -10.140344 0.073312 -8.193140 -6.586534 -0.045225 0.111038 -6.875993 -0.011926 0.089170 0.000015 -0.000832 0.000003 -10.264422 0.044329 -10.074350 -6.835990 -0.024029 0.041422 -6.592104 -0.004171 0.023035 -0.000456 -0.000032 -0.000049 -13.768044 -0.002104 -11.373981 -9.122421 0.038764 -0.062090 -8.857000 -0.001862 -0.033679 0.000789 0.000012 0.000012 -15.807070 -0.009936 -12.888456 -10.851287 0.067988 -0.201752 -10.763807 -0.012584 -0.184637 -0.000376 0.000009 -0.000046 0.000000 0.000000 0.000000 0.000000 0.000000 0.000000 -2.702342 -7.610443 18.527422 -0.120358 -0.816945 6.436376 0.788069 -8.444734 16.299255 -1.004168 1.261489 -17.851864 0.000000 0.000000 0.000000 0.000000 0.000000 0.000000 0.000000 0.000000 0.000000 1.024257 -4.463560 13.312161 0.094251 0.486258 12.124806 1.988190 1.049762 13.869349 0.476259 -0.571081 -19.472279 0.000000 0.000000 0.000000 0.000000 0.000000 0.000000 0.000000 0.000000 0.000000 
0.770194 88.101723 4.170487 -0.838604 2.455556 -13.473305 0.815305 0.071918 8.759312 -0.754344 0.119059 1.106251 0.003474 -1.199055 8.261912 -1.098714 -0.228804 3.546772 2.646947 -1.641826 4.350623 0.083748 -0.136499 -3.283345 0.007839 -0.509554 -19.269901 0.000000 0.000000 0.000000 93.833641 -0.883993 11.134348 59.181709 -39.357101 9.977704 -0.591798 12.007030 31.750494 7.660443 11.366575 -7.620631 10.631934 -1.871619 39.860065 -0.000000 0.000033 -25.925127 0.000018 0.000053 -17.975084 0.000017 -0.000004 -0.000039 14.693428 0.049591 -8.105106 9.463091 -0.079153 0.106822 9.502340 -0.053138 0.087523 -0.000006 0.000044 -0.000016 13.717318 0.016136 -9.455972 8.981771 -0.038612 0.024558 9.032102 -0.017205 0.030068 -0.000004 -0.000008 0.000012 14.589254 -0.041642 -9.888043 9.963722 0.067275 -0.045526 9.958801 0.028423 -0.030893 -0.000002 0.000197 0.000002 14.508101 -0.088217 -11.349617 10.221624 0.184748 -0.121673 10.301747 0.066597 -0.052266 0.000452 0.000004 -0.000036 0.000000 0.000000 0.000000 0.000000 0.000000 0.000000 -89.341530 -0.088613 6.762753 -68.469513 25.065569 -2.596341 -0.871455 -7.313349 44.312584 -1.301282 -24.802158 -16.902771 -9.395838 1.690976 40.462490 0.000013 0.000029 -22.768017 0.000051 -0.000003 -16.081289 0.000561 -0.000013 -0.000803 -10.152308 0.073191 -8.220027 -6.587616 -0.045512 0.110202 -6.878467 -0.012293 0.088741 0.000015 -0.000827 0.000003 -10.277678 0.044341 -10.093510 -6.836843 -0.024162 0.041247 -6.595126 -0.004209 0.022980 -0.000447 -0.000032 -0.000047 -13.778194 -0.002236 -11.378207 -9.125707 0.038724 -0.061994 -8.861037 -0.001924 -0.033667 0.000787 0.000012 0.000012 -15.821920 -0.010852 -12.881606 -10.858256 0.067997 -0.201877 -10.769862 -0.012743 -0.184549 -0.000368 0.000009 -0.000046 0.000000 0.000000 0.000000 0.000000 0.000000 0.000000 -2.739461 -7.579637 18.529579 -0.121784 -0.820613 6.456078 0.830417 -8.404929 16.302082 -1.005304 1.265347 -17.852716 0.000000 0.000000 0.000000 0.000000 0.000000 0.000000 0.000000 0.000000 0.000000 0.999249 -4.434695 13.351233 0.093378 0.482772 12.132818 2.010397 1.075373 13.837237 0.474381 -0.569240 -19.466507 0.000000 0.000000 0.000000 0.000000 0.000000 0.000000 0.000000 0.000000 0.000000 
0.823964 88.098732 4.181274 -0.842358 2.402737 -13.484910 0.803918 0.074871 8.759165 -0.760121 0.121266 1.121714 0.004172 -1.198947 8.251478 -1.101026 -0.228742 3.543555 2.675112 -1.673656 4.353128 0.082731 -0.157260 -3.277849 0.014366 -0.510774 -19.256535 0.000000 0.000000 0.000000 93.835274 -0.882110 11.132636 59.157009 -39.422401 9.990476 -0.586147 12.000789 31.709660 7.657305 11.325763 -7.610490 10.634710 -1.872020 39.857803 -0.000000 0.000033 -25.933710 0.000018 0.000053 -17.982317 0.000017 -0.000004 -0.000039 14.701016 0.049829 -8.139744 9.470442 -0.079126 0.105378 9.508321 -0.053052 0.086310 -0.000006 0.000044 -0.000016 13.724700 0.016081 -9.483745 8.987672 -0.038583 0.024020 9.038003 -0.017142 0.029426 -0.000004 -0.000008 0.000012 14.596622 -0.041734 -9.903343 9.966570 0.067308 -0.044692 9.961162 0.028354 -0.030146 -0.000002 0.000215 0.000002 14.509249 -0.089285 -11.351504 10.220919 0.184914 -0.119283 10.301289 0.066620 -0.049983 0.000456 0.000004 -0.000036 0.000000 0.000000 0.000000 0.000000 0.000000 0.000000 -89.346306 -0.085980 6.758501 -68.441650 25.168726 -2.584793 -0.876533 -7.289636 44.304436 -1.245975 -24.761133 -16.898617 -9.397708 1.691326 40.461456 0.000013 0.000029 -22.772490 0.000051 -0.000003 -16.084217 0.000564 -0.000013 -0.000780 -10.164736 0.073048 -8.246302 -6.589285 -0.045800 0.109321 -6.881460 -0.012665 0.088270 0.000015 -0.000821 0.000004 -10.291110 0.044349 -10.111959 -6.838229 -0.024297 0.041051 -6.598710 -0.004250 0.022905 -0.000438 -0.000032 -0.000045 -13.788288 -0.002355 -11.382085 -9.129210 0.038691 -0.061869 -8.865304 -0.001980 -0.033630 0.000784 0.000012 0.000012 -15.836816 -0.011743 -12.874557 -10.865153 0.068023 -0.201904 -10.775986 -0.012881 -0.184388 -0.000360 0.000009 -0.000046 0.000000 0.000000 0.000000 0.000000 0.000000 0.000000 -2.777050 -7.548257 18.532305 -0.123208 -0.824325 6.475653 0.872902 -8.364462 16.304247 -1.006546 1.269182 -17.853184 0.000000 0.000000 0.000000 0.000000 0.000000 0.000000 0.000000 0.000000 0.000000 0.973510 -4.405041 13.391662 0.092493 0.479239 12.139750 2.032690 1.102062 13.804962 0.472529 -0.567433 -19.460226 0.000000 0.000000 0.000000 0.000000 0.000000 0.000000 0.000000 0.000000 0.000000 
0.877951 88.095734 4.192174 -0.845660 2.349472 -13.497026 0.792269 0.077815 8.758910 -0.765883 0.123401 1.136238 0.004956 -1.198665 8.242006 -1.103125 -0.228595 3.540621 2.703547 -1.704842 4.355397 0.081900 -0.177314 -3.272663 0.020874 -0.511900 -19.243660 0.000000 0.000000 0.000000 93.836647 -0.880466 11.131353 59.131027 -39.487221 10.005277 -0.580568 11.995129 31.670059 7.653307 11.284480 -7.599659 10.637619 -1.872427 39.855492 0.000000 0.000033 -25.942490 0.000018 0.000053 -17.989704 0.000017 -0.000004 -0.000039 14.709165 0.050027 -8.174447 9.478151 -0.079094 0.103904 9.514645 -0.052961 0.085072 -0.000005 0.000044 -0.000016 13.732578 0.016012 -9.511434 8.994041 -0.038551 0.023468 9.044341 -0.017078 0.028778 -0.000004 -0.000008 0.000012 14.604513 -0.041824 -9.918508 9.969874 0.067335 -0.043841 9.963955 0.028281 -0.029391 -0.000002 0.000232 0.000002 14.510770 -0.090333 -11.353109 10.220577 0.185051 -0.116852 10.301112 0.066624 -0.047680 0.000460 0.000004 -0.000036 0.000000 0.000000 0.000000 0.000000 0.000000 0.000000 -89.350670 -0.083478 6.754640 -68.413033 25.270666 -2.571943 -0.881395 -7.266324 44.296341 -1.192127 -24.723183 -16.893990 -9.399632 1.691683 40.460381 0.000013 0.000029 -22.777130 0.000051 -0.000003 -16.087240 0.000567 -0.000013 -0.000757 -10.177437 0.072883 -8.271977 -6.591457 -0.046087 0.108402 -6.884879 -0.013041 0.087761 0.000015 -0.000815 0.000004 -10.304512 0.044352 -10.129697 -6.840070 -0.024433 0.040837 -6.602771 -0.004293 0.022815 -0.000429 -0.000032 -0.000043 -13.798148 -0.002459 -11.385599 -9.132880 0.038661 -0.061722 -8.869751 -0.002029 -0.033573 0.000780 0.000012 0.000012 -15.851550 -0.012605 -12.867282 -10.871959 0.068059 -0.201855 -10.782157 -0.013001 -0.184176 -0.000353 0.000009 -0.000046 0.000000 0.000000 0.000000 0.000000 0.000000 0.000000 -2.815059 -7.516333 18.535505 -0.124632 -0.828081 6.495066 0.915496 -8.323291 16.305742 -1.007894 1.272994 -17.853300 0.000000 0.000000 0.000000 0.000000 0.000000 0.000000 0.000000 0.000000 0.000000 0.947091 -4.374579 13.433329 0.091597 0.475663 12.145586 2.055045 1.129864 13.772607 0.470712 -0.565657 -19.453485 0.000000 0.000000 0.000000 0.000000 0.000000 0.000000 0.000000 0.000000 0.000000 
0.932087 88.092735 4.203142 -0.848530 2.295750 -13.509582 0.780399 0.080742 8.758505 -0.771641 0.125482 1.149880 0.005833 -1.198228 8.233462 -1.105041 -0.228360 3.538023 2.732166 -1.735327 4.357414 0.081259 -0.196623 -3.267777 0.027342 -0.512948 -19.231274 0.000000 0.000000 0.000000 93.837791 -0.879086 11.130451 59.103733 -39.551392 10.021932 -0.575060 11.989908 31.631441 7.648216 11.242958 -7.588341 10.640650 -1.872836 39.853161 0.000000 0.000033 -25.951445 0.000018 0.000053 -17.997223 0.000017 -0.000004 -0.000039 14.717727 0.050184 -8.209188 9.486120 -0.079057 0.102408 9.521219 -0.052863 0.083814 -0.000005 0.000044 -0.000016 13.740833 0.015930 -9.539031 9.000769 -0.038514 0.022903 9.051034 -0.017012 0.028125 -0.000004 -0.000008 0.000012 14.612823 -0.041912 -9.933514 9.973554 0.067354 -0.042977 9.967103 0.028204 -0.028630 -0.000002 0.000249 0.000002 14.512595 -0.091358 -11.354401 10.220539 0.185158 -0.114381 10.301173 0.066608 -0.045357 0.000463 0.000004 -0.000036 0.000000 0.000000 0.000000 0.000000 0.000000 0.000000 -89.354637 -0.081081 6.751137 -68.383553 25.371265 -2.557789 -0.886049 -7.243346 44.288177 -1.139638 -24.688160 -16.888981 -9.401608 1.692044 40.459278 0.000013 0.000029 -22.781937 0.000050 -0.000003 -16.090355 0.000570 -0.000013 -0.000734 -10.190257 0.072696 -8.297051 -6.594049 -0.046372 0.107449 -6.888642 -0.013418 0.087219 0.000015 -0.000809 0.000004 -10.317720 0.044351 -10.146743 -6.842287 -0.024568 0.040607 -6.607231 -0.004336 0.022712 -0.000420 -0.000032 -0.000042 -13.807613 -0.002549 -11.388744 -9.136654 0.038634 -0.061561 -8.874320 -0.002073 -0.033501 0.000776 0.000012 0.000012 -15.865945 -0.013437 -12.859771 -10.878636 0.068103 -0.201751 -10.788331 -0.013108 -0.183928 -0.000345 0.000009 -0.000046 0.000000 0.000000 0.000000 0.000000 0.000000 0.000000 -2.853418 -7.483912 18.539085 -0.126053 -0.831878 6.514278 0.958152 -8.281377 16.306581 -1.009346 1.276784 -17.853096 0.000000 0.000000 0.000000 0.000000 0.000000 0.000000 0.000000 0.000000 0.000000 0.920057 -4.343307 13.476126 0.090692 0.472050 12.150319 2.077429 1.158785 13.740255 0.468934 -0.563907 -19.446329 0.000000 0.000000 0.000000 0.000000 0.000000 0.000000 0.000000 0.000000 0.000000 
0.986300 88.089752 4.214132 -0.850989 2.241575 -13.522522 0.768352 0.083645 8.757921 -0.777405 0.127521 1.162706 0.006812 -1.197662 8.225809 -1.106807 -0.228039 3.535810 2.760895 -1.765045 4.359165 0.080808 -0.215143 -3.263178 0.033751 -0.513933 -19.219389 0.000000 0.000000 0.000000 93.838692 -0.877987 11.129881 59.075169 -39.614735 10.040225 -0.569620 11.985030 31.593609 7.641865 11.201374 -7.576715 10.643791 -1.873247 39.850784 0.000000 0.000033 -25.960548 0.000018 0.000052 -18.004862 0.000017 -0.000004 -0.000039 14.726581 0.050302 -8.243939 9.494264 -0.079014 0.100893 9.527959 -0.052759 0.082536 -0.000005 0.000044 -0.000016 13.749336 0.015835 -9.566518 9.007769 -0.038473 0.022326 9.057985 -0.016945 0.027470 -0.000004 -0.000008 0.000013 14.621457 -0.041997 -9.948350 9.977535 0.067366 -0.042098 9.970532 0.028122 -0.027861 -0.000002 0.000265 0.000002 14.514677 -0.092356 -11.355378 10.220770 0.185234 -0.111874 10.301431 0.066572 -0.043013 0.000467 0.000004 -0.000036 0.000000 0.000000 0.000000 0.000000 0.000000 0.000000 -89.358208 -0.078759 6.747963 -68.353104 25.470409 -2.542309 -0.890500 -7.220657 44.279850 -1.088399 -24.655914 -16.883663 -9.403636 1.692411 40.458138 0.000013 0.000029 -22.786917 0.000050 -0.000003 -16.093563 0.000572 -0.000013 -0.000713 -10.203066 0.072488 -8.321513 -6.596991 -0.046652 0.106468 -6.892670 -0.013795 0.086643 0.000014 -0.000802 0.000004 -10.330603 0.044343 -10.163100 -6.844809 -0.024703 0.040365 -6.612009 -0.004380 0.022597 -0.000411 -0.000032 -0.000040 -13.816553 -0.002625 -11.391502 -9.140481 0.038608 -0.061390 -8.878955 -0.002114 -0.033419 0.000772 0.000012 0.000012 -15.879839 -0.014235 -12.851995 -10.885139 0.068149 -0.201606 -10.794468 -0.013206 -0.183657 -0.000337 0.000009 -0.000046 0.000000 0.000000 0.000000 0.000000 0.000000 0.000000 -2.892053 -7.451033 18.542973 -0.127471 -0.835714 6.533260 1.000823 -8.238668 16.306776 -1.010895 1.280551 -17.852596 0.000000 0.000000 0.000000 0.000000 0.000000 0.000000 0.000000 0.000000 0.000000 0.892490 -4.311214 13.519934 0.089779 0.468405 12.153955 2.099813 1.188808 13.707985 0.467201 -0.562181 -19.438808 0.000000 0.000000 0.000000 0.000000 0.000000 0.000000 0.000000 0.000000 0.000000 
1.040515 88.086792 4.225101 -0.853065 2.186954 -13.535792 0.756169 0.086518 8.757131 -0.783184 0.129530 1.174777 0.007900 -1.197001 8.219018 -1.108451 -0.227635 3.534029 2.789666 -1.793928 4.360651 0.080547 -0.232822 -3.258857 0.040078 -0.514870 -19.208023 0.000000 0.000000 0.000000 93.839386 -0.877176 11.129609 59.045383 -39.677021 10.059948 -0.564245 11.980439 31.556416 7.634123 11.159879 -7.564936 10.647041 -1.873662 39.848389 0.000000 0.000033 -25.969793 0.000018 0.000052 -18.012604 0.000017 -0.000004 -0.000039 14.735613 0.050382 -8.278666 9.502493 -0.078965 0.099362 9.534785 -0.052649 0.081242 -0.000005 0.000044 -0.000015 13.758000 0.015727 -9.593887 9.014957 -0.038427 0.021738 9.065120 -0.016875 0.026809 -0.000004 -0.000008 0.000013 14.630359 -0.042076 -9.963020 9.981755 0.067370 -0.041206 9.974194 0.028036 -0.027086 -0.000002 0.000281 0.000002 14.517015 -0.093324 -11.356050 10.221232 0.185279 -0.109325 10.301862 0.066515 -0.040642 0.000471 0.000003 -0.000036 0.000000 0.000000 0.000000 0.000000 0.000000 0.000000 -89.361404 -0.076487 6.745083 -68.321671 25.567986 -2.525514 -0.894747 -7.198219 44.271282 -1.038305 -24.626320 -16.878065 -9.405723 1.692779 40.456970 0.000013 0.000029 -22.792072 0.000050 -0.000003 -16.096865 0.000574 -0.000013 -0.000693 -10.215775 0.072256 -8.345363 -6.600218 -0.046926 0.105459 -6.896894 -0.014170 0.086041 0.000014 -0.000795 0.000004 -10.343062 0.044330 -10.178778 -6.847574 -0.024835 0.040113 -6.617040 -0.004423 0.022472 -0.000403 -0.000033 -0.000038 -13.824866 -0.002687 -11.393868 -9.144311 0.038582 -0.061214 -8.883609 -0.002151 -0.033330 0.000767 0.000012 0.000012 -15.893104 -0.014997 -12.843938 -10.891436 0.068194 -0.201435 -10.800520 -0.013297 -0.183372 -0.000329 0.000009 -0.000046 0.000000 0.000000 0.000000 0.000000 0.000000 0.000000 -2.930880 -7.417749 18.547073 -0.128886 -0.839587 6.551970 1.043450 -8.195127 16.306353 -1.012537 1.284294 -17.851839 0.000000 0.000000 0.000000 0.000000 0.000000 0.000000 0.000000 0.000000 0.000000 0.864476 -4.278304 13.564650 0.088860 0.464734 12.156504 2.122158 1.219887 13.675883 0.465516 -0.560475 -19.430969 0.000000 0.000000 0.000000 0.000000 0.000000 0.000000 0.000000 0.000000 0.000000 
1.094656 88.083855 4.236006 -0.854788 2.131904 -13.549345 0.743892 0.089355 8.756112 -0.788984 0.131518 1.186157 0.009112 -1.196281 8.213057 -1.110002 -0.227159 3.532721 2.818427 -1.821902 4.361866 0.080475 -0.249609 -3.254802 0.046301 -0.515768 -19.197170 0.000000 0.000000 0.000000 93.839821 -0.876648 11.129602 59.014465 -39.738052 10.080879 -0.558931 11.976098 31.519808 7.624895 11.118567 -7.553135 10.650391 -1.874079 39.845963 0.000000 0.000033 -25.979168 0.000018 0.000052 -18.020449 0.000017 -0.000004 -0.000039 14.744730 0.050423 -8.313332 9.510738 -0.078910 0.097816 9.541633 -0.052532 0.079931 -0.000005 0.000044 -0.000015 13.766756 0.015605 -9.621126 9.022268 -0.038377 0.021140 9.072369 -0.016803 0.026146 -0.000004 -0.000008 0.000013 14.639503 -0.042151 -9.977529 9.986169 0.067366 -0.040301 9.978047 0.027945 -0.026303 -0.000002 0.000296 0.000002 14.519619 -0.094262 -11.356441 10.221911 0.185289 -0.106732 10.302455 0.066435 -0.038238 0.000474 0.000003 -0.000036 0.000000 0.000000 0.000000 0.000000 0.000000 0.000000 -89.364227 -0.074239 6.742470 -68.289192 25.663897 -2.507376 -0.898785 -7.176014 44.262398 -0.989252 -24.599253 -16.872202 -9.407871 1.693151 40.455780 0.000013 0.000029 -22.797413 0.000049 -0.000003 -16.100266 0.000576 -0.000013 -0.000673 -10.228321 0.072002 -8.368590 -6.603685 -0.047194 0.104428 -6.901266 -0.014542 0.085411 0.000014 -0.000788 0.000004 -10.355045 0.044310 -10.193779 -6.850524 -0.024965 0.039851 -6.622266 -0.004466 0.022338 -0.000394 -0.000033 -0.000036 -13.832499 -0.002734 -11.395831 -9.148100 0.038555 -0.061035 -8.888236 -0.002186 -0.033235 0.000762 0.000012 0.000012 -15.905643 -0.015724 -12.835584 -10.897485 0.068237 -0.201244 -10.806447 -0.013384 -0.183082 -0.000321 0.000009 -0.000046 0.000000 0.000000 0.000000 0.000000 0.000000 0.000000 -2.969801 -7.384106 18.551329 -0.130297 -0.843494 6.570385 1.085969 -8.150713 16.305326 -1.014262 1.288014 -17.850855 0.000000 0.000000 0.000000 0.000000 0.000000 0.000000 0.000000 0.000000 0.000000 0.836110 -4.244581 13.610164 0.087936 0.461043 12.157981 2.144425 1.251961 13.644024 0.463881 -0.558784 -19.422871 0.000000 0.000000 0.000000 0.000000 0.000000 0.000000 0.000000 0.000000 0.000000 
1.148640 88.080948 4.246803 -0.856187 2.076443 -13.563145 0.731563 0.092152 8.754853 -0.794815 0.133495 1.196903 0.010461 -1.195546 8.207897 -1.111487 -0.226621 3.531917 2.847121 -1.848898 4.362818 0.080594 -0.265450 -3.251000 0.052402 -0.516640 -19.186836 0.000000 0.000000 0.000000 93.840042 -0.876398 11.129833 58.982506 -39.797661 10.102813 -0.553676 11.971983 31.483711 7.614112 11.077504 -7.541431 10.653836 -1.874499 39.843517 0.000000 0.000033 -25.988659 0.000018 0.000052 -18.028387 0.000017 -0.000004 -0.000039 14.753843 0.050427 -8.347901 9.518938 -0.078847 0.096258 9.548445 -0.052408 0.078605 -0.000005 0.000044 -0.000015 13.775533 0.015470 -9.648222 9.029636 -0.038323 0.020531 9.079676 -0.016729 0.025480 -0.000004 -0.000008 0.000013 14.648863 -0.042218 -9.991879 9.990737 0.067354 -0.039382 9.982044 0.027849 -0.025511 -0.000002 0.000311 0.000002 14.522532 -0.095170 -11.356581 10.222797 0.185264 -0.104089 10.303204 0.066331 -0.035797 0.000477 0.000003 -0.000036 0.000000 0.000000 0.000000 0.000000 0.000000 0.000000 -89.366722 -0.071997 6.740102 -68.255676 25.758062 -2.487890 -0.902606 -7.154031 44.253159 -0.941145 -24.574631 -16.866060 -9.410090 1.693527 40.454552 0.000013 0.000029 -22.802952 0.000049 -0.000004 -16.103777 0.000577 -0.000013 -0.000654 -10.240666 0.071725 -8.391198 -6.607347 -0.047454 0.103376 -6.905739 -0.014911 0.084758 0.000014 -0.000781 0.000005 -10.366514 0.044283 -10.208117 -6.853616 -0.025092 0.039581 -6.627644 -0.004508 0.022198 -0.000386 -0.000033 -0.000034 -13.839414 -0.002767 -11.397391 -9.151817 0.038528 -0.060858 -8.892805 -0.002218 -0.033138 0.000756 0.000012 0.000012 -15.917405 -0.016420 -12.826918 -10.903268 0.068276 -0.201044 -10.812223 -0.013467 -0.182789 -0.000313 0.000009 -0.000046 0.000000 0.000000 0.000000 0.000000 0.000000 0.000000 -3.008723 -7.350144 18.555655 -0.131701 -0.847430 6.588481 1.128313 -8.105399 16.303743 -1.016063 1.291709 -17.849661 0.000000 0.000000 0.000000 0.000000 0.000000 0.000000 0.000000 0.000000 0.000000 0.807490 -4.210062 13.656369 0.087009 0.457338 12.158415 2.166572 1.284949 13.612478 0.462301 -0.557105 -19.414555 0.000000 0.000000 0.000000 0.000000 0.000000 0.000000 0.000000 0.000000 0.000000 
1.202388 88.078079 4.257451 -0.857292 2.020596 -13.577140 0.719220 0.094903 8.753344 -0.800685 0.135466 1.207073 0.011965 -1.194841 8.203505 -1.112931 -0.226035 3.531646 2.875710 -1.874850 4.363515 0.080903 -0.280296 -3.247439 0.058361 -0.517493 -19.177034 0.000000 0.000000 0.000000 93.840042 -0.876418 11.130271 58.949631 -39.855679 10.125549 -0.548476 11.968075 31.448101 7.601734 11.036724 -7.529917 10.657372 -1.874921 39.841053 0.000000 0.000033 -25.998260 0.000018 0.000052 -18.036407 0.000017 -0.000004 -0.000039 14.762886 0.050394 -8.382333 9.527037 -0.078776 0.094689 9.555156 -0.052276 0.077266 -0.000005 0.000044 -0.000015 13.784293 0.015322 -9.675160 9.037006 -0.038263 0.019912 9.086985 -0.016652 0.024811 -0.000003 -0.000008 0.000013 14.658460 -0.042281 -10.006084 9.995427 0.067332 -0.038450 9.986172 0.027748 -0.024709 -0.000002 0.000326 0.000001 14.525819 -0.096040 -11.356502 10.223886 0.185201 -0.101390 10.304106 0.066201 -0.033312 0.000480 0.000003 -0.000036 0.000000 0.000000 0.000000 0.000000 0.000000 0.000000 -89.368904 -0.069742 6.737959 -68.221123 25.850416 -2.467044 -0.906200 -7.132277 44.243473 -0.893902 -24.552414 -16.859634 -9.412383 1.693903 40.453297 0.000013 0.000029 -22.808704 0.000049 -0.000004 -16.107395 0.000579 -0.000013 -0.000636 -10.252794 0.071426 -8.413177 -6.611175 -0.047707 0.102306 -6.910282 -0.015276 0.084080 0.000014 -0.000774 0.000005 -10.377461 0.044249 -10.221801 -6.856815 -0.025216 0.039305 -6.633136 -0.004548 0.022050 -0.000379 -0.000033 -0.000033 -13.845616 -0.002786 -11.398540 -9.155442 0.038498 -0.060683 -8.897291 -0.002249 -0.033041 0.000750 0.000012 0.000012 -15.928370 -0.017081 -12.817938 -10.908774 0.068309 -0.200840 -10.817822 -0.013550 -0.182499 -0.000305 0.000009 -0.000046 0.000000 0.000000 0.000000 0.000000 0.000000 0.000000 -3.047549 -7.315923 18.559986 -0.133098 -0.851391 6.606238 1.170413 -8.059164 16.301622 -1.017929 1.295378 -17.848307 0.000000 0.000000 0.000000 0.000000 0.000000 0.000000 0.000000 0.000000 0.000000 0.778711 -4.174763 13.703158 0.086083 0.453627 12.157833 2.188555 1.318753 13.581315 0.460777 -0.555436 -19.406067 0.000000 0.000000 0.000000 0.000000 0.000000 0.000000 0.000000 0.000000 0.000000 
1.255816 88.075256 4.267906 -0.858132 1.964390 -13.591293 0.706901 0.097604 8.751581 -0.806605 0.137441 1.216718 0.013641 -1.194210 8.199853 -1.114355 -0.225414 3.531929 2.904144 -1.899698 4.363972 0.081399 -0.294105 -3.244104 0.064164 -0.518333 -19.167753 0.000000 0.000000 0.000000 93.839806 -0.876692 11.130882 58.915977 -39.911995 10.148892 -0.543330 11.964352 31.412960 7.587731 10.996235 -7.518682 10.660990 -1.875348 39.838585 0.000000 0.000033 -26.007965 0.000018 0.000052 -18.044502 0.000017 -0.000004 -0.000039 14.771784 0.050326 -8.416585 9.534978 -0.078698 0.093111 9.561729 -0.052136 0.075914 -0.000005 0.000044 -0.000015 13.792992 0.015162 -9.701922 9.044328 -0.038199 0.019282 9.094252 -0.016571 0.024139 -0.000003 -0.000009 0.000013 14.668280 -0.042335 -10.020148 10.000217 0.067302 -0.037503 9.990398 0.027642 -0.023897 -0.000002 0.000340 0.000001 14.529536 -0.096882 -11.356234 10.225175 0.185099 -0.098629 10.305170 0.066045 -0.030777 0.000484 0.000003 -0.000035 0.000000 0.000000 0.000000 0.000000 0.000000 0.000000 -89.370804 -0.067462 6.736029 -68.185539 25.940908 -2.444813 -0.909554 -7.110762 44.233349 -0.847455 -24.532549 -16.852907 -9.414762 1.694285 40.452015 0.000013 0.000029 -22.814688 0.000048 -0.000004 -16.111139 0.000579 -0.000013 -0.000619 -10.264692 0.071105 -8.434528 -6.615137 -0.047951 0.101219 -6.914871 -0.015636 0.083383 0.000014 -0.000766 0.000005 -10.387894 0.044207 -10.234842 -6.860095 -0.025336 0.039024 -6.638716 -0.004588 0.021897 -0.000371 -0.000033 -0.000031 -13.851127 -0.002792 -11.399288 -9.158959 0.038467 -0.060513 -8.901678 -0.002278 -0.032944 0.000744 0.000012 0.000012 -15.938540 -0.017709 -12.808638 -10.913994 0.068334 -0.200636 -10.823236 -0.013633 -0.182218 -0.000298 0.000009 -0.000046 0.000000 0.000000 0.000000 0.000000 0.000000 0.000000 -3.086178 -7.281481 18.564249 -0.134486 -0.855372 6.623639 1.212192 -8.012002 16.299002 -1.019853 1.299020 -17.846806 0.000000 0.000000 0.000000 0.000000 0.000000 0.000000 0.000000 0.000000 0.000000 0.749866 -4.138711 13.750426 0.085158 0.449914 12.156270 2.210335 1.353282 13.550585 0.459310 -0.553775 -19.397453 0.000000 0.000000 0.000000 0.000000 0.000000 0.000000 0.000000 0.000000 0.000000 
1.308841 88.072487 4.278127 -0.858733 1.907856 -13.605561 0.694641 0.100250 8.749563 -0.812582 0.139425 1.225887 0.015506 -1.193700 8.196902 -1.115778 -0.224771 3.532779 2.932393 -1.923391 4.364204 0.082082 -0.306839 -3.240983 0.069796 -0.519169 -19.158998 0.000000 0.000000 0.000000 93.839378 -0.877209 11.131648 58.881622 -39.966503 10.172673 -0.538235 11.960781 31.378286 7.572093 10.956028 -7.507796 10.664686 -1.875778 39.836090 0.000000 0.000033 -26.017761 0.000018 0.000052 -18.052664 0.000017 -0.000004 -0.000039 14.780491 0.050227 -8.450621 9.542718 -0.078613 0.091527 9.568112 -0.051990 0.074550 -0.000004 0.000045 -0.000015 13.801591 0.014989 -9.728493 9.051559 -0.038130 0.018644 9.101436 -0.016488 0.023465 -0.000003 -0.000009 0.000013 14.678354 -0.042383 -10.034081 10.005089 0.067262 -0.036543 9.994708 0.027530 -0.023073 -0.000002 0.000354 0.000001 14.533749 -0.097686 -11.355817 10.226667 0.184959 -0.095804 10.306398 0.065861 -0.028187 0.000486 0.000003 -0.000035 0.000000 0.000000 0.000000 0.000000 0.000000 0.000000 -89.372437 -0.065151 6.734299 -68.148933 26.029495 -2.421175 -0.912657 -7.089506 44.222710 -0.801761 -24.515036 -16.845854 -9.417228 1.694670 40.450695 0.000013 0.000029 -22.820913 0.000048 -0.000004 -16.115017 0.000580 -0.000013 -0.000603 -10.276360 0.070762 -8.455256 -6.619221 -0.048186 0.100118 -6.919484 -0.015990 0.082664 0.000014 -0.000759 0.000005 -10.397827 0.044158 -10.247252 -6.863435 -0.025453 0.038737 -6.644364 -0.004625 0.021738 -0.000364 -0.000033 -0.000029 -13.855982 -0.002785 -11.399628 -9.162366 0.038434 -0.060348 -8.905961 -0.002306 -0.032849 0.000737 0.000012 0.000012 -15.947941 -0.018309 -12.799022 -10.918929 0.068351 -0.200438 -10.828456 -0.013717 -0.181943 -0.000290 0.000009 -0.000046 0.000000 0.000000 0.000000 0.000000 0.000000 0.000000 -3.124516 -7.246866 18.568373 -0.135863 -0.859368 6.640672 1.253579 -7.963921 16.295925 -1.021824 1.302631 -17.845188 0.000000 0.000000 0.000000 0.000000 0.000000 0.000000 0.000000 0.000000 0.000000 0.721048 -4.101940 13.798060 0.084238 0.446206 12.153773 2.231868 1.388427 13.520347 0.457903 -0.552118 -19.388754 0.000000 0.000000 0.000000 0.000000 0.000000 0.000000 0.000000 0.000000 0.000000 
1.361379 88.069763 4.288072 -0.859120 1.851030 -13.619901 0.682472 0.102836 8.747293 -0.818625 0.141425 1.234628 0.017575 -1.193351 8.194624 -1.117215 -0.224119 3.534208 2.960412 -1.945889 4.364235 0.082950 -0.318470 -3.238057 0.075245 -0.520007 -19.150755 0.000000 0.000000 0.000000 93.838707 -0.877957 11.132532 58.846638 -40.019150 10.196767 -0.533190 11.957332 31.344069 7.554840 10.916083 -7.497310 10.668450 -1.876213 39.833588 0.000000 0.000033 -26.027637 0.000017 0.000052 -18.060881 0.000017 -0.000003 -0.000039 14.788947 0.050096 -8.484392 9.550215 -0.078520 0.089938 9.574267 -0.051835 0.073176 -0.000004 0.000045 -0.000015 13.810061 0.014804 -9.754852 9.058656 -0.038055 0.017998 9.108499 -0.016402 0.022789 -0.000003 -0.000009 0.000014 14.688676 -0.042424 -10.047878 10.010014 0.067212 -0.035567 9.999084 0.027412 -0.022237 -0.000002 0.000368 0.000001 14.538514 -0.098460 -11.355270 10.228368 0.184777 -0.092904 10.307793 0.065650 -0.025536 0.000489 0.000003 -0.000035 0.000000 0.000000 0.000000 0.000000 0.000000 0.000000 -89.373848 -0.062805 6.732765 -68.111374 26.116163 -2.396105 -0.915496 -7.068538 44.211544 -0.756785 -24.499863 -16.838472 -9.419787 1.695059 40.449329 0.000013 0.000029 -22.827402 0.000047 -0.000004 -16.119041 0.000580 -0.000013 -0.000587 -10.287801 0.070397 -8.475361 -6.623406 -0.048413 0.099002 -6.924109 -0.016339 0.081927 0.000014 -0.000752 0.000005 -10.407290 0.044103 -10.259037 -6.866826 -0.025565 0.038447 -6.650065 -0.004661 0.021574 -0.000357 -0.000033 -0.000028 -13.860229 -0.002765 -11.399570 -9.165661 0.038398 -0.060192 -8.910136 -0.002334 -0.032758 0.000730 0.000011 0.000012 -15.956612 -0.018878 -12.789091 -10.923594 0.068359 -0.200250 -10.833488 -0.013803 -0.181683 -0.000283 0.000010 -0.000046 0.000000 0.000000 0.000000 0.000000 0.000000 0.000000 -3.162471 -7.212139 18.572298 -0.137228 -0.863372 6.657322 1.294502 -7.914932 16.292414 -1.023833 1.306210 -17.843485 0.000000 0.000000 0.000000 0.000000 0.000000 0.000000 0.000000 0.000000 0.000000 0.692340 -4.064488 13.845950 0.083323 0.442508 12.150389 2.253115 1.424079 13.490642 0.456554 -0.550465 -19.380011 0.000000 0.000000 0.000000 0.000000 0.000000 0.000000 0.000000 0.000000 0.000000 
1.413347 88.067108 4.297699 -0.859317 1.793953 -13.634268 0.670423 0.105358 8.744775 -0.824740 0.143445 1.242985 0.019862 -1.193200 8.192974 -1.118679 -0.223469 3.536218 2.988171 -1.967163 4.364089 0.084000 -0.328985 -3.235313 0.080502 -0.520848 -19.143017 0.000000 0.000000 0.000000 93.837883 -0.878921 11.133514 58.811169 -40.069904 10.221021 -0.528194 11.953969 31.310343 7.535988 10.876378 -7.487286 10.672274 -1.876651 39.831078 0.000000 0.000033 -26.037579 0.000017 0.000052 -18.069139 0.000017 -0.000003 -0.000040 14.797107 0.049934 -8.517856 9.557432 -0.078419 0.088345 9.580157 -0.051674 0.071794 -0.000004 0.000045 -0.000015 13.818369 0.014608 -9.780972 9.065581 -0.037976 0.017342 9.115402 -0.016312 0.022110 -0.000003 -0.000009 0.000014 14.699266 -0.042457 -10.061543 10.014980 0.067153 -0.034576 10.003505 0.027289 -0.021389 -0.000002 0.000381 0.000001 14.543888 -0.099199 -11.354624 10.230268 0.184553 -0.089932 10.309361 0.065409 -0.022821 0.000492 0.000003 -0.000035 0.000000 0.000000 0.000000 0.000000 0.000000 0.000000 -89.375023 -0.060427 6.731420 -68.072868 26.200895 -2.369575 -0.918063 -7.047888 44.199814 -0.712527 -24.487034 -16.830753 -9.422444 1.695453 40.447933 0.000013 0.000029 -22.834160 0.000047 -0.000004 -16.123209 0.000580 -0.000013 -0.000573 -10.299028 0.070013 -8.494842 -6.627681 -0.048630 0.097874 -6.928732 -0.016681 0.081173 0.000013 -0.000746 0.000005 -10.416312 0.044039 -10.270217 -6.870252 -0.025673 0.038155 -6.655808 -0.004695 0.021406 -0.000351 -0.000033 -0.000026 -13.863927 -0.002736 -11.399119 -9.168850 0.038359 -0.060043 -8.914207 -0.002360 -0.032671 0.000723 0.000011 0.000012 -15.964602 -0.019421 -12.778851 -10.928001 0.068358 -0.200078 -10.838335 -0.013893 -0.181437 -0.000275 0.000010 -0.000046 0.000000 0.000000 0.000000 0.000000 0.000000 0.000000 -3.199954 -7.177346 18.575966 -0.138580 -0.867379 6.673577 1.334886 -7.865065 16.288517 -1.025871 1.309752 -17.841724 0.000000 0.000000 0.000000 0.000000 0.000000 0.000000 0.000000 0.000000 0.000000 0.663827 -4.026401 13.893983 0.082417 0.438824 12.146158 2.274043 1.460137 13.461513 0.455266 -0.548813 -19.371248 0.000000 0.000000 0.000000 0.000000 0.000000 0.000000 0.000000 0.000000 0.000000 
1.464663 88.064514 4.306968 -0.859346 1.736670 -13.648618 0.658518 0.107810 8.742012 -0.830928 0.145488 1.251000 0.022378 -1.193283 8.191915 -1.120178 -0.222831 3.538807 3.015640 -1.987191 4.363793 0.085227 -0.338371 -3.232737 0.085558 -0.521697 -19.135757 0.000000 0.000000 0.000000 93.836815 -0.880084 11.134561 58.775265 -40.118748 10.245345 -0.523247 11.950658 31.277119 7.515584 10.836889 -7.477752 10.676147 -1.877092 39.828548 0.000000 0.000033 -26.047571 0.000017 0.000052 -18.077429 0.000016 -0.000003 -0.000040 14.804924 0.049746 -8.550964 9.564333 -0.078311 0.086752 9.585748 -0.051506 0.070404 -0.000004 0.000045 -0.000015 13.826482 0.014402 -9.806826 9.072306 -0.037892 0.016679 9.122122 -0.016219 0.021431 -0.000003 -0.000009 0.000014 14.710108 -0.042485 -10.075068 10.019966 0.067083 -0.033571 10.007958 0.027160 -0.020528 -0.000002 0.000394 0.000001 14.549899 -0.099907 -11.353900 10.232371 0.184288 -0.086883 10.311097 0.065140 -0.020038 0.000495 0.000003 -0.000035 0.000000 0.000000 0.000000 0.000000 0.000000 0.000000 -89.376007 -0.058019 6.730265 -68.033463 26.283703 -2.341574 -0.920347 -7.027586 44.187504 -0.669000 -24.476534 -16.822678 -9.425203 1.695852 40.446491 0.000014 0.000029 -22.841198 0.000046 -0.000004 -16.127531 0.000579 -0.000013 -0.000559 -10.310050 0.069610 -8.513704 -6.632041 -0.048837 0.096735 -6.933349 -0.017017 0.080402 0.000013 -0.000739 0.000005 -10.424931 0.043970 -10.280794 -6.873713 -0.025776 0.037860 -6.661587 -0.004727 0.021234 -0.000345 -0.000033 -0.000024 -13.867128 -0.002697 -11.398274 -9.171941 0.038318 -0.059906 -8.918180 -0.002387 -0.032590 0.000716 0.000011 0.000012 -15.971970 -0.019936 -12.768310 -10.932168 0.068345 -0.199924 -10.843011 -0.013987 -0.181210 -0.000268 0.000010 -0.000046 0.000000 0.000000 0.000000 0.000000 0.000000 0.000000 -3.236881 -7.142552 18.579319 -0.139916 -0.871382 6.689422 1.374659 -7.814351 16.284260 -1.027929 1.313253 -17.839909 0.000000 0.000000 0.000000 0.000000 0.000000 0.000000 0.000000 0.000000 0.000000 0.635586 -3.987731 13.942041 0.081522 0.435159 12.141140 2.294617 1.496494 13.432997 0.454036 -0.547162 -19.362511 0.000000 0.000000 0.000000 0.000000 0.000000 0.000000 0.000000 0.000000 0.000000 
1.515245 88.061989 4.315840 -0.859228 1.679232 -13.662908 0.646782 0.110186 8.739014 -0.837191 0.147557 1.258716 0.025132 -1.193625 8.191404 -1.121718 -0.222216 3.541971 3.042790 -2.005964 4.363369 0.086624 -0.346631 -3.230314 0.090409 -0.522556 -19.128956 0.000000 0.000000 0.000000 93.835602 -0.881436 11.135655 58.738976 -40.165695 10.269635 -0.518349 11.947360 31.244423 7.493683 10.797581 -7.468740 10.680064 -1.877538 39.826031 0.000000 0.000033 -26.057598 0.000017 0.000052 -18.085726 0.000016 -0.000003 -0.000040 14.812364 0.049530 -8.583673 9.570892 -0.078196 0.085161 9.591010 -0.051330 0.069010 -0.000004 0.000045 -0.000015 13.834370 0.014184 -9.832387 9.078800 -0.037803 0.016009 9.128629 -0.016122 0.020751 -0.000003 -0.000009 0.000014 14.721203 -0.042506 -10.088446 10.024961 0.067004 -0.032552 10.012431 0.027026 -0.019655 -0.000002 0.000407 0.000001 14.556587 -0.100585 -11.353112 10.234679 0.183982 -0.083756 10.313006 0.064841 -0.017189 0.000497 0.000003 -0.000035 0.000000 0.000000 0.000000 0.000000 0.000000 0.000000 -89.376762 -0.055593 6.729296 -67.993217 26.364590 -2.312093 -0.922342 -7.007664 44.174599 -0.626221 -24.468340 -16.814262 -9.428064 1.696254 40.445007 0.000014 0.000029 -22.848520 0.000046 -0.000004 -16.132017 0.000579 -0.000013 -0.000546 -10.320890 0.069189 -8.531942 -6.636475 -0.049034 0.095585 -6.937957 -0.017345 0.079615 0.000013 -0.000732 0.000006 -10.433186 0.043895 -10.290781 -6.877207 -0.025875 0.037563 -6.667398 -0.004757 0.021058 -0.000339 -0.000033 -0.000023 -13.869902 -0.002648 -11.397041 -9.174944 0.038273 -0.059778 -8.922066 -0.002413 -0.032516 0.000708 0.000011 0.000012 -15.978778 -0.020429 -12.757477 -10.936113 0.068321 -0.199792 -10.847529 -0.014085 -0.181004 -0.000261 0.000010 -0.000046 0.000000 0.000000 0.000000 0.000000 0.000000 0.000000 -3.273176 -7.107817 18.582310 -0.141236 -0.875374 6.704837 1.413751 -7.762831 16.279684 -1.029999 1.316713 -17.838076 0.000000 0.000000 0.000000 0.000000 0.000000 0.000000 0.000000 0.000000 0.000000 0.607692 -3.948532 13.990017 0.080639 0.431516 12.135386 2.314809 1.533046 13.405129 0.452864 -0.545509 -19.353819 0.000000 0.000000 0.000000 0.000000 0.000000 0.000000 0.000000 0.000000 0.000000 
1.565015 88.059547 4.324277 -0.858983 1.621695 -13.677099 0.635233 0.112481 8.735785 -0.843525 0.149652 1.266168 0.028127 -1.194251 8.191401 -1.123302 -0.221630 3.545699 3.069598 -2.023481 4.362848 0.088185 -0.353770 -3.228031 0.095050 -0.523426 -19.122597 0.000000 0.000000 0.000000 93.834183 -0.882960 11.136777 58.702366 -40.210751 10.293815 -0.513502 11.944049 31.212311 7.470370 10.758429 -7.460253 10.684011 -1.877986 39.823502 0.000001 0.000033 -26.067646 0.000017 0.000052 -18.094028 0.000016 -0.000003 -0.000040 14.819381 0.049290 -8.615930 9.577082 -0.078072 0.083574 9.595926 -0.051148 0.067613 -0.000004 0.000045 -0.000015 13.842006 0.013957 -9.857623 9.085042 -0.037709 0.015333 9.134901 -0.016022 0.020071 -0.000003 -0.000009 0.000014 14.732538 -0.042520 -10.101671 10.029948 0.066915 -0.031519 10.016912 0.026886 -0.018770 -0.000002 0.000419 0.000001 14.563960 -0.101230 -11.352294 10.237191 0.183633 -0.080554 10.315087 0.064513 -0.014271 0.000499 0.000003 -0.000035 0.000000 0.000000 0.000000 0.000000 0.000000 0.000000 -89.377342 -0.053155 6.728515 -67.952179 26.443575 -2.281128 -0.924042 -6.988156 44.161083 -0.584239 -24.462420 -16.805477 -9.431030 1.696661 40.443485 0.000014 0.000029 -22.856134 0.000045 -0.000004 -16.136663 0.000577 -0.000013 -0.000534 -10.331562 0.068751 -8.549560 -6.640985 -0.049220 0.094425 -6.942555 -0.017666 0.078815 0.000013 -0.000726 0.000006 -10.441115 0.043813 -10.300173 -6.880732 -0.025970 0.037265 -6.673244 -0.004785 0.020879 -0.000334 -0.000033 -0.000021 -13.872306 -0.002590 -11.395415 -9.177873 0.038225 -0.059662 -8.925877 -0.002439 -0.032448 0.000700 0.000011 0.000012 -15.985077 -0.020896 -12.746357 -10.939859 0.068286 -0.199684 -10.851896 -0.014190 -0.180820 -0.000254 0.000010 -0.000046 0.000000 0.000000 0.000000 0.000000 0.000000 0.000000 -3.308764 -7.073204 18.584898 -0.142537 -0.879352 6.719809 1.452097 -7.710547 16.274817 -1.032073 1.320126 -17.836239 0.000000 0.000000 0.000000 0.000000 0.000000 0.000000 0.000000 0.000000 0.000000 0.580216 -3.908869 14.037802 0.079771 0.427901 12.128949 2.334593 1.569696 13.377937 0.451749 -0.543854 -19.345201 0.000000 0.000000 0.000000 0.000000 0.000000 0.000000 0.000000 0.000000 0.000000 
1.613896 88.057175 4.332245 -0.858630 1.564118 -13.691153 0.623887 0.114688 8.732335 -0.849924 0.151772 1.273397 0.031368 -1.195179 8.191857 -1.124931 -0.221082 3.549978 3.096040 -2.039748 4.362248 0.089900 -0.359805 -3.225875 0.099477 -0.524307 -19.116652 0.000000 0.000000 0.000000 93.832603 -0.884635 11.137916 58.665524 -40.253975 10.317825 -0.508709 11.940702 31.180864 7.445714 10.719399 -7.452299 10.687978 -1.878436 39.820980 0.000001 0.000033 -26.077696 0.000017 0.000052 -18.102314 0.000016 -0.000003 -0.000040 14.825937 0.049026 -8.647689 9.582891 -0.077941 0.081993 9.600478 -0.050959 0.066213 -0.000004 0.000045 -0.000015 13.849357 0.013720 -9.882505 9.091015 -0.037611 0.014651 9.140926 -0.015919 0.019390 -0.000003 -0.000010 0.000014 14.744089 -0.042527 -10.114733 10.034920 0.066816 -0.030473 10.021393 0.026740 -0.017872 -0.000002 0.000431 0.000001 14.572027 -0.101844 -11.351455 10.239908 0.183241 -0.077272 10.317347 0.064157 -0.011284 0.000502 0.000003 -0.000034 0.000000 0.000000 0.000000 0.000000 0.000000 0.000000 -89.377777 -0.050715 6.727922 -67.910416 26.520681 -2.248702 -0.925441 -6.969096 44.146973 -0.543090 -24.458723 -16.796328 -9.434100 1.697074 40.441917 0.000014 0.000029 -22.864044 0.000045 -0.000004 -16.141478 0.000576 -0.000013 -0.000523 -10.342089 0.068296 -8.566545 -6.645567 -0.049395 0.093256 -6.947145 -0.017979 0.078002 0.000013 -0.000720 0.000006 -10.448773 0.043727 -10.308981 -6.884297 -0.026060 0.036966 -6.679124 -0.004811 0.020697 -0.000328 -0.000033 -0.000020 -13.874402 -0.002525 -11.393406 -9.180744 0.038174 -0.059559 -8.929626 -0.002466 -0.032389 0.000692 0.000011 0.000012 -15.990932 -0.021342 -12.734963 -10.943427 0.068238 -0.199605 -10.856136 -0.014301 -0.180661 -0.000247 0.000010 -0.000046 0.000000 0.000000 0.000000 0.000000 0.000000 0.000000 -3.343578 -7.038780 18.587053 -0.143819 -0.883308 6.734313 1.489631 -7.657550 16.269695 -1.034143 1.323490 -17.834406 0.000000 0.000000 0.000000 0.000000 0.000000 0.000000 0.000000 0.000000 0.000000 0.553226 -3.868805 14.085279 0.078918 0.424316 12.121884 2.353944 1.606343 13.351456 0.450688 -0.542195 -19.336687 0.000000 0.000000 0.000000 0.000000 0.000000 0.000000 0.000000 0.000000 0.000000 
1.661812 88.054901 4.339708 -0.858187 1.506560 -13.705030 0.612757 0.116802 8.728669 -0.856383 0.153914 1.280435 0.034852 -1.196421 8.192745 -1.126604 -0.220577 3.554791 3.122098 -2.054780 4.361592 0.091761 -0.364756 -3.223835 0.103691 -0.525196 -19.111092 0.000000 0.000000 0.000000 93.830841 -0.886447 11.139058 58.628456 -40.295391 10.341609 -0.503974 11.937317 31.150169 7.419826 10.680457 -7.444862 10.691957 -1.878888 39.818470 0.000001 0.000033 -26.087719 0.000017 0.000052 -18.110571 0.000016 -0.000003 -0.000040 14.832001 0.048739 -8.678903 9.588312 -0.077801 0.080417 9.604654 -0.050764 0.064812 -0.000004 0.000045 -0.000015 13.856404 0.013476 -9.906998 9.096713 -0.037508 0.013964 9.146697 -0.015813 0.018711 -0.000003 -0.000010 0.000014 14.755844 -0.042530 -10.127622 10.039875 0.066706 -0.029414 10.025870 0.026588 -0.016964 -0.000002 0.000442 0.000001 14.580783 -0.102431 -11.350621 10.242827 0.182808 -0.073918 10.319784 0.063771 -0.008230 0.000504 0.000003 -0.000034 0.000000 0.000000 0.000000 0.000000 0.000000 0.000000 -89.378006 -0.048285 6.727514 -67.868004 26.595936 -2.214851 -0.926538 -6.950517 44.132309 -0.502820 -24.457193 -16.786777 -9.437275 1.697489 40.440308 0.000014 0.000029 -22.872242 0.000044 -0.000004 -16.146456 0.000574 -0.000012 -0.000513 -10.352500 0.067826 -8.582897 -6.650227 -0.049560 0.092080 -6.951733 -0.018282 0.077177 0.000013 -0.000714 0.000006 -10.456202 0.043636 -10.317202 -6.887909 -0.026145 0.036666 -6.685044 -0.004835 0.020513 -0.000324 -0.000033 -0.000018 -13.876261 -0.002453 -11.391012 -9.183576 0.038120 -0.059468 -8.933331 -0.002493 -0.032338 0.000684 0.000011 0.000012 -15.996407 -0.021767 -12.723306 -10.946845 0.068177 -0.199555 -10.860271 -0.014418 -0.180525 -0.000241 0.000010 -0.000046 0.000000 0.000000 0.000000 0.000000 0.000000 0.000000 -3.377555 -7.004611 18.588751 -0.145079 -0.887237 6.748333 1.526292 -7.603889 16.264353 -1.036201 1.326803 -17.832594 0.000000 0.000000 0.000000 0.000000 0.000000 0.000000 0.000000 0.000000 0.000000 0.526783 -3.828410 14.132353 0.078083 0.420765 12.114247 2.372840 1.642888 13.325704 0.449680 -0.540531 -19.328289 0.000000 0.000000 0.000000 0.000000 0.000000 0.000000 0.000000 0.000000 0.000000 
1.708692 88.052711 4.346637 -0.857670 1.449087 -13.718705 0.601856 0.118818 8.724796 -0.862893 0.156077 1.287313 0.038577 -1.197990 8.194011 -1.128318 -0.220121 3.560121 3.147757 -2.068593 4.360897 0.093757 -0.368649 -3.221905 0.107691 -0.526093 -19.105890 0.000000 0.000000 0.000000 93.828918 -0.888379 11.140199 58.591267 -40.335045 10.365113 -0.499300 11.933892 31.120348 7.392799 10.641556 -7.437923 10.695940 -1.879340 39.815968 0.000001 0.000033 -26.097702 0.000017 0.000052 -18.118780 0.000016 -0.000003 -0.000040 14.837557 0.048433 -8.709524 9.593336 -0.077653 0.078850 9.608453 -0.050561 0.063411 -0.000003 0.000045 -0.000015 13.863121 0.013223 -9.931073 9.102123 -0.037400 0.013273 9.152205 -0.015703 0.018033 -0.000003 -0.000010 0.000015 14.767776 -0.042526 -10.140336 10.044806 0.066586 -0.028344 10.030343 0.026431 -0.016045 -0.000002 0.000453 0.000000 14.590218 -0.102988 -11.349819 10.245960 0.182331 -0.070487 10.322405 0.063356 -0.005109 0.000505 0.000003 -0.000034 0.000000 0.000000 0.000000 0.000000 0.000000 0.000000 -89.378036 -0.045877 6.727285 -67.824989 26.669344 -2.179615 -0.927327 -6.932452 44.117115 -0.463477 -24.457756 -16.776821 -9.440554 1.697909 40.438644 0.000014 0.000029 -22.880732 0.000043 -0.000004 -16.151602 0.000572 -0.000012 -0.000504 -10.362823 0.067342 -8.598596 -6.654968 -0.049712 0.090896 -6.956328 -0.018577 0.076342 0.000013 -0.000709 0.000006 -10.463457 0.043541 -10.324829 -6.891576 -0.026225 0.036367 -6.691015 -0.004856 0.020326 -0.000319 -0.000033 -0.000017 -13.877938 -0.002376 -11.388234 -9.186389 0.038062 -0.059391 -8.937007 -0.002521 -0.032295 0.000675 0.000011 0.000012 -16.001556 -0.022172 -12.711400 -10.950135 0.068103 -0.199533 -10.864313 -0.014543 -0.180417 -0.000234 0.000010 -0.000046 0.000000 0.000000 0.000000 0.000000 0.000000 0.000000 -3.410639 -6.970757 18.589966 -0.146318 -0.891135 6.761846 1.562023 -7.549616 16.258816 -1.038240 1.330064 -17.830820 0.000000 0.000000 0.000000 0.000000 0.000000 0.000000 0.000000 0.000000 0.000000 0.500951 -3.787755 14.178923 0.077266 0.417251 12.106090 2.391261 1.679242 13.300709 0.448723 -0.538860 -19.320032 0.000000 0.000000 0.000000 0.000000 0.000000 0.000000 0.000000 0.000000 0.000000 
1.754467 88.050629 4.353000 -0.857094 1.391763 -13.732141 0.591193 0.120731 8.720728 -0.869447 0.158255 1.294062 0.042539 -1.199889 8.195631 -1.130072 -0.219720 3.565948 3.173002 -2.081214 4.360171 0.095879 -0.371512 -3.220075 0.111480 -0.526995 -19.101017 0.000000 0.000000 0.000000 93.826813 -0.890407 11.141337 58.553951 -40.372974 10.388309 -0.494693 11.930438 31.091524 7.364736 10.602658 -7.431440 10.699916 -1.879790 39.813477 0.000001 0.000033 -26.107628 0.000017 0.000052 -18.126928 0.000016 -0.000003 -0.000040 14.842567 0.048106 -8.739503 9.597965 -0.077496 0.077289 9.611876 -0.050351 0.062009 -0.000003 0.000045 -0.000015 13.869486 0.012962 -9.954695 9.107258 -0.037288 0.012577 9.157453 -0.015589 0.017356 -0.000003 -0.000010 0.000015 14.779852 -0.042516 -10.152873 10.049718 0.066455 -0.027263 10.034817 0.026268 -0.015115 -0.000002 0.000463 0.000000 14.600323 -0.103516 -11.349076 10.249310 0.181812 -0.066987 10.325219 0.062913 -0.001925 0.000507 0.000003 -0.000034 0.000000 0.000000 0.000000 0.000000 0.000000 0.000000 -89.377914 -0.043498 6.727239 -67.781502 26.740932 -2.143058 -0.927807 -6.914941 44.101437 -0.425095 -24.460348 -16.766420 -9.443934 1.698334 40.436947 0.000014 0.000029 -22.889513 0.000043 -0.000004 -16.156912 0.000570 -0.000012 -0.000495 -10.373094 0.066844 -8.613626 -6.659799 -0.049853 0.089706 -6.960942 -0.018862 0.075496 0.000013 -0.000704 0.000006 -10.470587 0.043441 -10.331859 -6.895309 -0.026300 0.036067 -6.697044 -0.004875 0.020136 -0.000315 -0.000033 -0.000016 -13.879500 -0.002293 -11.385076 -9.189199 0.038000 -0.059327 -8.940677 -0.002550 -0.032262 0.000667 0.000011 0.000011 -16.006453 -0.022559 -12.699255 -10.953330 0.068016 -0.199543 -10.868289 -0.014676 -0.180333 -0.000228 0.000010 -0.000046 0.000000 0.000000 0.000000 0.000000 0.000000 0.000000 -3.442776 -6.937287 18.590687 -0.147532 -0.894996 6.774828 1.596772 -7.494784 16.253111 -1.040254 1.333269 -17.829082 0.000000 0.000000 0.000000 0.000000 0.000000 0.000000 0.000000 0.000000 0.000000 0.475782 -3.746916 14.224897 0.076469 0.413778 12.097457 2.409186 1.715307 13.276492 0.447814 -0.537184 -19.311934 0.000000 0.000000 0.000000 0.000000 0.000000 0.000000 0.000000 0.000000 0.000000 
1.799069 88.048645 4.358772 -0.856473 1.334651 -13.745318 0.580774 0.122539 8.716472 -0.876036 0.160447 1.300704 0.046729 -1.202123 8.197571 -1.131858 -0.219377 3.572248 3.197821 -2.092672 4.359426 0.098115 -0.373380 -3.218338 0.115062 -0.527901 -19.096439 0.000000 0.000000 0.000000 93.824532 -0.892512 11.142475 58.516590 -40.409229 10.411155 -0.490162 11.926980 31.063883 7.335742 10.563697 -7.425378 10.703874 -1.880239 39.811020 0.000001 0.000033 -26.117479 0.000017 0.000052 -18.135004 0.000016 -0.000003 -0.000040 14.847015 0.047761 -8.768800 9.602206 -0.077329 0.075736 9.614925 -0.050134 0.060608 -0.000003 0.000045 -0.000015 13.875483 0.012694 -9.977835 9.112114 -0.037171 0.011877 9.162446 -0.015473 0.016681 -0.000003 -0.000010 0.000015 14.792046 -0.042502 -10.165224 10.054613 0.066314 -0.026172 10.039301 0.026100 -0.014175 -0.000002 0.000473 0.000000 14.611061 -0.104018 -11.348422 10.252884 0.181249 -0.063414 10.328231 0.062441 0.001321 0.000508 0.000003 -0.000033 0.000000 0.000000 0.000000 0.000000 0.000000 0.000000 -89.377586 -0.041158 6.727366 -67.737564 26.810703 -2.105245 -0.927976 -6.898027 44.085361 -0.387715 -24.464878 -16.755539 -9.447415 1.698761 40.435192 0.000014 0.000029 -22.898579 0.000042 -0.000004 -16.162386 0.000567 -0.000012 -0.000488 -10.383350 0.066334 -8.627971 -6.664729 -0.049983 0.088511 -6.965586 -0.019138 0.074643 0.000013 -0.000699 0.000006 -10.477643 0.043339 -10.338279 -6.899119 -0.026371 0.035768 -6.703146 -0.004892 0.019944 -0.000311 -0.000033 -0.000014 -13.881010 -0.002206 -11.381537 -9.192032 0.037935 -0.059275 -8.944357 -0.002579 -0.032237 0.000658 0.000011 0.000011 -16.011148 -0.022932 -12.686888 -10.956459 0.067915 -0.199583 -10.872220 -0.014817 -0.180273 -0.000222 0.000010 -0.000046 0.000000 0.000000 0.000000 0.000000 0.000000 0.000000 -3.473923 -6.904261 18.590906 -0.148721 -0.898817 6.787261 1.630490 -7.439447 16.247263 -1.042236 1.336418 -17.827394 0.000000 0.000000 0.000000 0.000000 0.000000 0.000000 0.000000 0.000000 0.000000 0.451326 -3.705966 14.270193 0.075694 0.410350 12.088404 2.426599 1.750990 13.253074 0.446950 -0.535501 -19.304010 0.000000 0.000000 0.000000 0.000000 0.000000 0.000000 0.000000 0.000000 0.000000 
