HIERARCHY
ROOT Hips
{
	OFFSET 0.101329 88.952194 2.917683
	CHANNELS 6 Xposition Yposition Zposition Zrotation Yrotation Xrotation 
	JOINT Spine
	{
		OFFSET 0.000000 8.814246 -2.080107
		CHANNELS 3 Zrotation Yrotation Xrotation
		JOINT Spine1
		{
			OFFSET -0.000000 8.844141 0.000000
			CHANNELS 3 Zrotation Yrotation Xrotation
			JOINT Spine2
			{
				OFFSET -0.000000 11.682268 -0.000000
				CHANNELS 3 Zrotation Yrotation Xrotation
				JOINT Spine3
				{
					OFFSET -0.000000 11.746700 -0.000000
					CHANNELS 3 Zrotation Yrotation Xrotation
					JOINT Neck
					{
						OFFSET 0.000000 17.658264 0.000000
						CHANNELS 3 Zrotation Yrotation Xrotation
						JOINT Neck1
						{
							OFFSET 0.000000 5.101515 -0.000000
							CHANNELS 3 Zrotation Yrotation Xrotation
							JOINT Head
							{
								OFFSET -0.000000 5.101515 -0.000000
								CHANNELS 3 Zrotation Yrotation Xrotation
								JOINT HeadEnd
								{
									OFFSET -0.000000 11.655085 -0.000000
									CHANNELS 3 Zrotation Yrotation Xrotation
									End Site
									{
										OFFSET 0.000000 0.000000 0.000000
									}
								}
							}
						}
					}
					JOINT RightShoulder
					{
						OFFSET -2.625389 11.175210 0.000000
						CHANNELS 3 Zrotation Yrotation Xrotation
						JOINT RightArm
						{
							OFFSET -0.000000 10.434715 0.000000
							CHANNELS 3 Zrotation Yrotation Xrotation
							JOINT RightForeArm
							{
								OFFSET -0.000000 29.628420 0.000000
								CHANNELS 3 Zrotation Yrotation Xrotation
								JOINT RightHand
								{
									OFFSET 0.000000 22.857611 -0.000000
									CHANNELS 3 Zrotation Yrotation Xrotation
									JOINT RightHandThumb1
									{
										OFFSET -2.867323 3.959563 2.944291
										CHANNELS 3 Zrotation Yrotation Xrotation
										JOINT RightHandThumb2
										{
											OFFSET 0.000000 3.350399 0.000000
											CHANNELS 3 Zrotation Yrotation Xrotation
											JOINT RightHandThumb3
											{
												OFFSET -0.000000 3.756509 0.000000
												CHANNELS 3 Zrotation Yrotation Xrotation
												JOINT RightHandThumb4
												{
													OFFSET -0.000000 3.147345 -0.000000
													CHANNELS 3 Zrotation Yrotation Xrotation
													End Site
													{
														OFFSET 0.000000 0.000000 0.000000
													}
												}
											}
										}
									}
									JOINT RightHandIndex1
									{
										OFFSET -0.086752 10.030893 2.345280
										CHANNELS 3 Zrotation Yrotation Xrotation
										JOINT RightHandIndex2
										{
											OFFSET 0.000000 4.061090 0.000000
											CHANNELS 3 Zrotation Yrotation Xrotation
											JOINT RightHandIndex3
											{
												OFFSET -0.000000 3.248873 0.000000
												CHANNELS 3 Zrotation Yrotation Xrotation
												JOINT RightHandIndex4
												{
													OFFSET 0.000000 2.639709 -0.000000
													CHANNELS 3 Zrotation Yrotation Xrotation
													End Site
													{
														OFFSET 0.000000 0.000000 0.000000
													}
												}
											}
										}
									}
									JOINT RightHandMiddle1
									{
										OFFSET 0.104102 9.502952 0.006768
										CHANNELS 3 Zrotation Yrotation Xrotation
										JOINT RightHandMiddle2
										{
											OFFSET -0.000000 4.568727 -0.000000
											CHANNELS 3 Zrotation Yrotation Xrotation
											JOINT RightHandMiddle3
											{
												OFFSET 0.000000 3.654981 -0.000000
												CHANNELS 3 Zrotation Yrotation Xrotation
												JOINT RightHandMiddle4
												{
													OFFSET 0.000000 2.741236 -0.000000
													CHANNELS 3 Zrotation Yrotation Xrotation
													End Site
													{
														OFFSET 0.000000 0.000000 0.000000
													}
												}
											}
										}
									}
									JOINT RightHandRing1
									{
										OFFSET 0.086752 8.921708 -2.267442
										CHANNELS 3 Zrotation Yrotation Xrotation
										JOINT RightHandRing2
										{
											OFFSET 0.000000 4.061090 -0.000000
											CHANNELS 3 Zrotation Yrotation Xrotation
											JOINT RightHandRing3
											{
												OFFSET 0.000000 3.654981 -0.000000
												CHANNELS 3 Zrotation Yrotation Xrotation
												JOINT RightHandRing4
												{
													OFFSET -0.000000 2.741236 0.000000
													CHANNELS 3 Zrotation Yrotation Xrotation
													End Site
													{
														OFFSET 0.000000 0.000000 0.000000
													}
												}
											}
										}
									}
									JOINT RightHandPinky1
									{
										OFFSET -0.173504 7.976997 -4.467199
										CHANNELS 3 Zrotation Yrotation Xrotation
										JOINT RightHandPinky2
										{
											OFFSET -0.000000 3.350399 0.000000
											CHANNELS 3 Zrotation Yrotation Xrotation
											JOINT RightHandPinky3
											{
												OFFSET 0.000000 2.842763 -0.000000
												CHANNELS 3 Zrotation Yrotation Xrotation
												JOINT RightHandPinky4
												{
													OFFSET 0.000000 2.639709 -0.000000
													CHANNELS 3 Zrotation Yrotation Xrotation
													End Site
													{
														OFFSET 0.000000 0.000000 0.000000
													}
												}
											}
										}
									}
									JOINT RightForeArmEnd
									{
										OFFSET 0.000000 0.000000 0.000000
										CHANNELS 3 Zrotation Yrotation Xrotation
										End Site
										{
											OFFSET 0.000000 0.000000 0.000000
										}
									}
								}
								JOINT RightArmEnd
								{
									OFFSET 0.000000 0.000000 0.000000
									CHANNELS 3 Zrotation Yrotation Xrotation
									End Site
									{
										OFFSET 0.000000 0.000000 0.000000
									}
								}
							}
						}
					}
					JOINT LeftShoulder
					{
						OFFSET 2.625389 11.175210 0.000000
						CHANNELS 3 Zrotation Yrotation Xrotation
						JOINT LeftArm
						{
							OFFSET 0.000000 10.813635 0.000000
							CHANNELS 3 Zrotation Yrotation Xrotation
							JOINT LeftForeArm
							{
								OFFSET 0.000000 28.724781 0.000000
								CHANNELS 3 Zrotation Yrotation Xrotation
								JOINT LeftHand
								{
									OFFSET 0.644384 25.716167 -0.328871
									CHANNELS 3 Zrotation Yrotation Xrotation
									JOINT LeftHandThumb1
									{
										OFFSET 2.867323 3.959563 2.944291
										CHANNELS 3 Zrotation Yrotation Xrotation
										JOINT LeftHandThumb2
										{
											OFFSET -0.000000 3.350399 -0.000000
											CHANNELS 3 Zrotation Yrotation Xrotation
											JOINT LeftHandThumb3
											{
												OFFSET -0.000000 3.756509 -0.000000
												CHANNELS 3 Zrotation Yrotation Xrotation
												JOINT LeftHandThumb4
												{
													OFFSET -0.000000 3.100000 -0.000000
													CHANNELS 3 Zrotation Yrotation Xrotation
													End Site
													{
														OFFSET 0.000000 0.000000 0.000000
													}
												}
											}
										}
									}
									JOINT LeftHandIndex1
									{
										OFFSET 0.086752 10.030893 2.345280
										CHANNELS 3 Zrotation Yrotation Xrotation
										JOINT LeftHandIndex2
										{
											OFFSET 0.000000 4.061090 -0.000000
											CHANNELS 3 Zrotation Yrotation Xrotation
											JOINT LeftHandIndex3
											{
												OFFSET 0.000000 3.248873 0.000000
												CHANNELS 3 Zrotation Yrotation Xrotation
												JOINT LeftHandIndex4
												{
													OFFSET 0.000000 2.639709 -0.000000
													CHANNELS 3 Zrotation Yrotation Xrotation
													End Site
													{
														OFFSET 0.000000 0.000000 0.000000
													}
												}
											}
										}
									}
									JOINT LeftHandMiddle1
									{
										OFFSET -0.104102 9.502952 0.006768
										CHANNELS 3 Zrotation Yrotation Xrotation
										JOINT LeftHandMiddle2
										{
											OFFSET -0.000000 4.568727 -0.000000
											CHANNELS 3 Zrotation Yrotation Xrotation
											JOINT LeftHandMiddle3
											{
												OFFSET 0.000000 3.654981 -0.000000
												CHANNELS 3 Zrotation Yrotation Xrotation
												JOINT LeftHandMiddle4
												{
													OFFSET -0.000000 2.741236 -0.000000
													CHANNELS 3 Zrotation Yrotation Xrotation
													End Site
													{
														OFFSET 0.000000 0.000000 0.000000
													}
												}
											}
										}
									}
									JOINT LeftHandRing1
									{
										OFFSET -0.086752 8.921708 -2.267442
										CHANNELS 3 Zrotation Yrotation Xrotation
										JOINT LeftHandRing2
										{
											OFFSET 0.000000 4.061090 0.000000
											CHANNELS 3 Zrotation Yrotation Xrotation
											JOINT LeftHandRing3
											{
												OFFSET -0.000000 3.654981 0.000000
												CHANNELS 3 Zrotation Yrotation Xrotation
												JOINT LeftHandRing4
												{
													OFFSET -0.000000 2.741236 -0.000000
													CHANNELS 3 Zrotation Yrotation Xrotation
													End Site
													{
														OFFSET 0.000000 0.000000 0.000000
													}
												}
											}
										}
									}
									JOINT LeftHandPinky1
									{
										OFFSET 0.173504 7.976997 -4.467199
										CHANNELS 3 Zrotation Yrotation Xrotation
										JOINT LeftHandPinky2
										{
											OFFSET 0.000000 3.350399 0.000000
											CHANNELS 3 Zrotation Yrotation Xrotation
											JOINT LeftHandPinky3
											{
												OFFSET 0.000000 2.842763 0.000000
												CHANNELS 3 Zrotation Yrotation Xrotation
												JOINT LeftHandPinky4
												{
													OFFSET 0.000000 2.639709 0.000000
													CHANNELS 3 Zrotation Yrotation Xrotation
													End Site
													{
														OFFSET 0.000000 0.000000 0.000000
													}
												}
											}
										}
									}
									JOINT LeftForeArmEnd
									{
										OFFSET 0.000000 0.000000 0.000000
										CHANNELS 3 Zrotation Yrotation Xrotation
										End Site
										{
											OFFSET 0.000000 0.000000 0.000000
										}
									}
								}
								JOINT LeftArmEnd
								{
									OFFSET 0.000000 0.000000 0.000000
									CHANNELS 3 Zrotation Yrotation Xrotation
									End Site
									{
										OFFSET 0.000000 0.000000 0.000000
									}
								}
							}
						}
					}
				}
			}
		}
	}
	JOINT RightUpLeg
	{
		OFFSET -11.289943 0.000000 0.000000
		CHANNELS 3 Zrotation Yrotation Xrotation
		JOINT RightLeg
		{
			OFFSET -0.000000 -38.200325 -0.000000
			CHANNELS 3 Zrotation Yrotation Xrotation
			JOINT RightFoot
			{
				OFFSET 0.000000 -39.900856 0.000000
				CHANNELS 3 Zrotation Yrotation Xrotation
				JOINT RightToeBase
				{
					OFFSET -0.000000 -0.000000 15.261641
					CHANNELS 3 Zrotation Yrotation Xrotation
					JOINT RightToeBaseEnd
					{
						OFFSET 0.000000 0.000000 7.370709
						CHANNELS 3 Zrotation Yrotation Xrotation
						End Site
						{
							OFFSET 0.000000 0.000000 0.000000
						}
					}
				}
				JOINT RightLegEnd
				{
					OFFSET 0.000000 0.000000 0.000000
					CHANNELS 3 Zrotation Yrotation Xrotation
					End Site
					{
						OFFSET 0.000000 0.000000 0.000000
					}
				}
			}
			JOINT RightUpLegEnd
			{
				OFFSET 0.000000 0.000000 0.000000
				CHANNELS 3 Zrotation Yrotation Xrotation
				End Site
				{
					OFFSET 0.000000 0.000000 0.000000
				}
			}
		}
	}
	JOINT LeftUpLeg
	{
		OFFSET 11.315661 -0.000000 0.000000
		CHANNELS 3 Zrotation Yrotation Xrotation
		JOINT LeftLeg
		{
			OFFSET -0.000000 -38.200325 -0.000000
			CHANNELS 3 Zrotation Yrotation Xrotation
			JOINT LeftFoot
			{
				OFFSET 0.000000 -39.900856 0.000000
				CHANNELS 3 Zrotation Yrotation Xrotation
				JOINT LeftToeBase
				{
					OFFSET 0.000000 0.000000 15.261641
					CHANNELS 3 Zrotation Yrotation Xrotation
					JOINT LeftToeBaseEnd
					{
						OFFSET -0.000000 0.000000 7.539996
						CHANNELS 3 Zrotation Yrotation Xrotation
						End Site
						{
							OFFSET 0.000000 0.000000 0.000000
						}
					}
				}
				JOINT LeftLegEnd
				{
					OFFSET 0.000000 0.000000 0.000000
					CHANNELS 3 Zrotation Yrotation Xrotation
					End Site
					{
						OFFSET 0.000000 0.000000 0.000000
					}
				}
			}
			JOINT LeftUpLegEnd
			{
				OFFSET 0.000000 0.000000 0.000000
				CHANNELS 3 Zrotation Yrotation Xrotation
				End Site
				{
					OFFSET 0.000000 0.000000 0.000000
				}
			}
		}
	}
}
MOTION
Frames: 158
Frame Time: 0.016667
0.101329 88.952194 2.917683 -1.132711 -0.147069 -7.396804 2.090525 -0.400127 6.802540 -0.393571 -0.072774 2.416043 0.285164 -2.395693 2.611049 -0.478071 -0.783388 0.733877 1.656472 -0.173919 2.796704 0.637943 1.300678 -4.028639 -0.009431 -0.676668 -17.136953 0.000000 0.000000 0.000000 89.881905 0.018270 10.547983 69.458412 -40.200333 -3.018608 -1.460558 16.214289 102.423599 18.702307 25.145042 8.829534 27.380514 -1.348317 33.808323 0.000000 0.000000 -66.239990 0.000000 0.000000 -45.999992 0.000000 0.000000 0.000000 98.017868 0.000000 1.649274 68.612511 0.000000 0.000000 68.612511 0.000000 0.000000 0.000000 0.000000 0.000000 93.829926 -0.000000 6.090074 65.680939 0.000000 0.000000 65.680939 0.000000 0.000000 0.000000 0.000000 0.000000 93.395035 -0.000001 9.245642 65.376511 0.000000 0.000000 65.376511 0.000000 0.000000 0.000000 0.000000 0.000000 89.780899 0.000000 9.384584 62.846645 0.000000 0.000000 62.846645 0.000000 0.000000 0.000000 0.000000 0.000000 0.000000 0.000000 0.000000 0.000000 0.000000 0.000000 -89.565681 -0.070974 7.113561 -76.167488 36.854172 -16.245987 0.855744 -13.332052 106.601425 -16.287069 -31.919249 10.827449 -27.084862 1.386132 33.888203 0.000000 0.000000 -65.519997 0.000000 0.000000 -45.499996 0.000000 0.000000 0.000000 -91.774986 -0.000000 -1.304593 -64.242485 0.000000 0.000000 -64.242485 0.000000 0.000000 0.000000 0.000000 0.000000 -75.440681 0.000000 -1.009586 -52.808468 0.000000 0.000000 -52.808468 0.000000 0.000000 0.000000 0.000000 0.000000 -47.806202 0.000000 4.830015 -33.464344 0.000000 0.000000 -33.464344 0.000000 0.000000 0.000000 0.000000 0.000000 -29.838028 0.000000 1.753092 -20.886618 0.000000 0.000000 -20.886618 0.000000 0.000000 0.000000 0.000000 0.000000 0.000000 0.000000 0.000000 0.000000 0.000000 0.000000 -5.410686 -14.241936 7.244928 -0.109278 -1.318839 4.842473 2.057472 -8.352993 24.629242 -0.963072 1.772247 -21.661638 0.000000 0.000000 0.000000 0.000000 0.000000 0.000000 0.000000 0.000000 0.000000 6.891490 -6.733429 3.950771 0.223430 1.452204 8.623794 -3.341887 3.981394 20.097816 0.777939 -1.470225 -23.646471 0.000000 0.000000 0.000000 0.000000 0.000000 0.000000 0.000000 0.000000 0.000000 
0.327571 88.934692 3.072210 -1.050854 -0.599407 -8.881844 1.622226 -0.067498 6.559806 1.086169 -0.327828 4.390584 -0.728513 -0.526943 2.712933 -0.783522 -0.446444 2.850222 3.002595 -0.513930 1.535347 -0.099895 0.256859 -5.272856 -0.274361 -0.747188 -17.434584 0.000000 0.000000 0.000000 88.405922 0.348160 9.212881 67.856621 -41.362492 1.182839 -1.081641 16.974211 100.491081 16.233471 25.366753 10.717956 26.286451 -1.488535 33.831341 -0.000007 0.000031 -64.361244 -0.000006 0.000039 -44.760056 0.000006 -0.000006 -0.000037 92.752464 -0.113850 -1.204870 62.896244 1.546913 -1.901896 62.941807 1.563197 -1.644221 -0.000004 0.000012 -0.000035 90.667404 0.000588 3.351022 62.042313 0.588285 -0.850532 62.009312 0.530372 -0.691000 -0.000001 -0.000098 -0.000003 90.228195 -0.064462 8.367328 63.343021 -1.178520 1.067033 63.388912 -0.776481 0.835187 -0.000008 -0.000419 -0.000018 82.163521 0.111455 11.791344 59.486443 -3.465903 3.322766 59.828957 -2.926879 2.663891 0.000035 0.000004 0.000066 0.000000 0.000000 0.000000 0.000000 0.000000 0.000000 -87.003761 0.308628 5.661319 -73.957214 33.845791 -11.083040 1.356680 -8.696603 103.777428 -16.512272 -35.165512 16.464563 -24.794613 2.171427 33.831974 0.000011 0.000018 -58.032742 -0.000015 -0.000014 -40.968861 -0.000060 0.000006 0.000516 -71.263496 -0.060685 -4.389261 -50.403679 0.626546 0.608728 -50.528244 0.656670 0.476120 0.000043 -0.000384 0.000034 -65.692734 0.019225 -2.118108 -46.467625 0.206793 0.312390 -46.246140 0.181031 0.237852 -0.000410 -0.000033 0.000149 -50.831726 0.019675 -1.996462 -35.138630 -0.396517 -0.256637 -35.200470 -0.310799 -0.171113 0.000034 0.000011 0.000000 -29.716177 0.221292 1.697994 -20.591026 -1.259027 0.267922 -21.963793 -1.092034 0.237601 0.000991 0.000010 -0.000031 0.000000 0.000000 0.000000 0.000000 0.000000 0.000000 -7.118745 -12.457680 9.676208 -0.155819 -0.943914 5.712504 2.518280 -9.307755 22.997488 -0.976090 1.245381 -20.222631 0.000000 0.000000 0.000000 0.000000 0.000000 0.000000 0.000000 0.000000 0.000000 7.840582 -3.160562 6.987494 0.258331 0.977891 9.184835 -3.517546 -0.996517 19.548887 0.502473 -1.160417 -21.768976 0.000000 0.000000 0.000000 0.000000 0.000000 0.000000 0.000000 0.000000 0.000000 
0.369743 88.925667 3.089058 -0.994603 -0.810236 -8.981480 1.591011 -0.023865 6.611197 1.107315 -0.309206 4.166380 -0.829128 -0.470097 3.315279 -0.788298 -0.407636 3.003275 2.876555 -0.613928 1.935770 -0.085360 0.030623 -5.002628 -0.234167 -0.791158 -17.511806 0.000000 0.000000 0.000000 88.209549 0.376404 9.560874 67.660263 -40.450298 1.558308 -1.134759 16.325775 101.807648 15.128798 26.401266 11.312734 26.434826 -1.518740 33.717793 -0.000019 0.000034 -64.628471 0.000002 0.000033 -45.017502 0.000012 -0.000004 -0.000040 92.474319 -0.129121 -1.700491 62.945866 1.560111 -2.024452 62.959675 1.576548 -1.757018 -0.000001 0.000019 -0.000020 90.560318 -0.012352 2.895952 62.148235 0.592487 -0.899010 62.114544 0.535674 -0.732015 -0.000004 -0.000109 -0.000007 90.430801 -0.056787 7.890619 63.564140 -1.184923 1.114078 63.604870 -0.778145 0.878130 -0.000014 -0.000210 -0.000020 82.636040 0.097725 11.595105 59.850601 -3.453777 3.426419 60.177979 -2.915222 2.763979 -0.000077 0.000005 0.000059 0.000000 0.000000 0.000000 0.000000 0.000000 0.000000 -86.536484 0.321842 5.740244 -73.868950 33.329247 -10.795815 1.303748 -8.918806 104.312698 -16.552395 -33.723660 15.081514 -24.318363 2.147301 34.082203 0.000020 0.000008 -57.034904 -0.000079 -0.000012 -40.232269 -0.000235 0.000019 0.000532 -69.781296 -0.074006 -4.666734 -48.936245 0.607183 0.559255 -49.107761 0.637237 0.445608 0.000043 -0.000590 0.000037 -64.252815 0.009823 -2.616117 -45.103077 0.198081 0.296779 -44.887341 0.174911 0.228746 -0.000094 -0.000035 0.000141 -49.980366 0.032458 -2.629040 -34.433483 -0.379335 -0.230675 -34.467785 -0.298940 -0.153839 -0.000107 0.000014 0.000008 -30.462496 0.206499 0.819920 -20.994919 -1.208224 0.346087 -22.366341 -1.044751 0.266448 0.000996 0.000011 -0.000035 0.000000 0.000000 0.000000 0.000000 0.000000 0.000000 -7.149390 -12.207044 9.507353 -0.161159 -0.955402 5.605159 2.360525 -8.520679 22.921574 -0.992147 1.263972 -19.965967 0.000000 0.000000 0.000000 0.000000 0.000000 0.000000 0.000000 0.000000 0.000000 7.771477 -3.008302 7.232753 0.247849 0.937253 9.026071 -3.435359 -0.463992 19.355469 0.533157 -1.147293 -21.687004 0.000000 0.000000 0.000000 0.000000 0.000000 0.000000 0.000000 0.000000 0.000000 
0.393593 88.936836 3.089808 -0.986256 -0.987284 -9.088574 1.551991 -0.011152 6.636524 1.088260 -0.287894 4.080664 -0.903369 -0.319225 3.720542 -0.847906 -0.344673 3.276502 2.797854 -0.721587 2.334815 -0.152231 -0.233346 -4.819649 -0.176532 -0.768529 -17.751366 0.000000 0.000000 0.000000 87.982079 0.371095 9.794367 67.260399 -39.719398 1.949160 -1.116197 15.897102 102.972122 14.854692 27.441452 11.923121 26.459435 -1.545679 33.672997 -0.000021 0.000032 -64.630707 -0.000000 0.000035 -45.055584 0.000012 -0.000005 -0.000037 91.945457 -0.138757 -1.927649 62.738705 1.567276 -2.096047 62.725292 1.585860 -1.822232 -0.000003 0.000020 -0.000018 90.189667 -0.020647 2.638022 62.013443 0.594848 -0.926550 61.971237 0.537574 -0.754577 -0.000002 -0.000124 -0.000006 90.364319 -0.052078 7.559530 63.569366 -1.189498 1.140215 63.598934 -0.778331 0.902205 -0.000012 -0.000219 -0.000018 82.898277 0.088854 11.361241 60.027374 -3.443772 3.500389 60.336945 -2.906021 2.828066 -0.000098 0.000004 0.000050 0.000000 0.000000 0.000000 0.000000 0.000000 0.000000 -86.118340 0.385120 5.732722 -73.596581 33.184097 -10.593867 1.279377 -8.693082 104.843597 -16.649551 -32.748318 14.713968 -23.771465 2.121251 34.364876 0.000020 0.000008 -55.869850 -0.000112 -0.000012 -39.380497 -0.000266 0.000015 0.000394 -68.097397 -0.081619 -4.928304 -47.384266 0.590602 0.483534 -47.578922 0.620252 0.387295 0.000041 -0.000664 0.000037 -62.628834 0.003257 -3.050447 -43.670593 0.190412 0.269243 -43.471722 0.169280 0.209079 -0.000312 -0.000035 0.000140 -49.037991 0.040641 -3.135465 -33.675766 -0.366257 -0.193279 -33.705509 -0.287978 -0.125116 -0.000043 0.000015 0.000009 -31.084776 0.197956 0.152959 -21.271635 -1.167640 0.445159 -22.627245 -1.007865 0.315819 0.000960 0.000009 -0.000035 0.000000 0.000000 0.000000 0.000000 0.000000 0.000000 -7.082496 -11.880167 9.374007 -0.163248 -0.967095 5.635386 2.191244 -7.963907 22.875738 -0.969769 1.269294 -19.838228 0.000000 0.000000 0.000000 0.000000 0.000000 0.000000 0.000000 0.000000 0.000000 7.809737 -2.883571 7.423464 0.238103 0.897684 8.996696 -3.408660 0.107619 19.295958 0.564120 -1.130852 -21.717896 0.000000 0.000000 0.000000 0.000000 0.000000 0.000000 0.000000 0.000000 0.000000 
0.406345 88.961967 3.088197 -0.965125 -1.105263 -9.148655 1.463716 -0.003722 6.603416 1.058869 -0.273291 4.019825 -0.954757 -0.122554 3.965725 -0.968280 -0.265998 3.564983 2.657005 -0.894844 2.608019 -0.226368 -0.569236 -4.664622 -0.108901 -0.742956 -17.954407 0.000000 0.000000 0.000000 87.741486 0.344346 9.960246 66.437958 -39.184826 2.416269 -1.114548 15.628139 104.010925 15.149111 27.984154 12.421318 26.387863 -1.569277 33.678268 -0.000022 0.000029 -64.437584 -0.000002 0.000035 -44.938736 0.000013 -0.000006 -0.000035 91.210098 -0.142102 -2.150142 62.343239 1.580327 -2.156120 62.308186 1.601659 -1.875043 -0.000003 0.000020 -0.000018 89.598427 -0.025488 2.374261 61.690742 0.600054 -0.949752 61.645294 0.540891 -0.773101 -0.000001 -0.000138 -0.000005 90.075500 -0.047735 7.235886 63.425461 -1.197840 1.167857 63.443226 -0.781665 0.925361 -0.000010 -0.000243 -0.000016 83.022263 0.086238 11.060593 60.074093 -3.451763 3.600498 60.370544 -2.911326 2.906585 -0.000101 0.000003 0.000046 0.000000 0.000000 0.000000 0.000000 0.000000 0.000000 -85.772697 0.490355 5.711653 -73.067513 32.770977 -10.501754 1.315250 -8.390482 105.709908 -16.412130 -31.826456 14.894279 -23.319223 2.097100 34.595566 0.000021 0.000008 -54.917500 -0.000138 -0.000012 -38.684715 -0.000245 0.000012 0.000211 -66.759453 -0.083084 -5.211354 -46.151039 0.586686 0.450195 -46.355301 0.615733 0.363311 0.000040 -0.000666 0.000037 -61.432281 -0.000638 -3.406304 -42.603180 0.188376 0.257966 -42.432518 0.167738 0.201466 -0.000502 -0.000033 0.000130 -48.818882 0.044153 -3.370361 -33.414536 -0.364251 -0.185322 -33.450771 -0.284079 -0.118024 0.000032 0.000015 0.000009 -32.458630 0.190933 -0.024193 -21.995314 -1.158978 0.443645 -23.321896 -0.998538 0.291617 0.000949 0.000008 -0.000035 0.000000 0.000000 0.000000 0.000000 0.000000 0.000000 -7.053196 -11.523124 9.269649 -0.165261 -0.980969 5.682610 2.105893 -7.617491 22.872807 -0.946320 1.284204 -19.773218 0.000000 0.000000 0.000000 0.000000 0.000000 0.000000 0.000000 0.000000 0.000000 7.798749 -2.934301 7.570397 0.229612 0.859365 8.944174 -3.385425 0.600129 19.303518 0.586688 -1.113839 -21.723293 0.000000 0.000000 0.000000 0.000000 0.000000 0.000000 0.000000 0.000000 0.000000 
0.413254 88.982437 3.084617 -0.936439 -1.177346 -9.136193 1.376379 0.002604 6.519641 1.026686 -0.265968 3.952020 -0.956819 0.066523 4.068319 -1.144191 -0.173864 3.806088 2.506789 -1.145946 2.869149 -0.287704 -0.941678 -4.467692 -0.034982 -0.722353 -18.097862 0.000000 0.000000 0.000000 87.468506 0.335882 10.003021 65.610100 -38.608742 2.446101 -1.129187 15.511062 105.170090 15.260701 27.765038 13.062737 26.366028 -1.584296 33.674881 -0.000021 0.000026 -64.344589 -0.000004 0.000036 -44.895950 0.000013 -0.000006 -0.000032 90.757751 -0.143798 -2.305152 62.106701 1.610188 -2.236417 62.054466 1.632477 -1.944476 -0.000004 0.000020 -0.000017 89.257233 -0.029520 2.184955 61.507324 0.611477 -0.980154 61.465641 0.548760 -0.797221 -0.000000 -0.000144 -0.000005 89.992332 -0.042278 7.033536 63.410385 -1.215470 1.206053 63.422470 -0.791734 0.954424 -0.000008 -0.000245 -0.000014 83.284317 0.092101 10.880062 60.209370 -3.492273 3.725527 60.504284 -2.942935 3.002359 -0.000098 0.000003 0.000046 0.000000 0.000000 0.000000 0.000000 0.000000 0.000000 -85.474655 0.592466 5.573674 -72.431107 31.867592 -10.749383 1.364698 -8.344101 106.893059 -15.527637 -30.442623 15.446237 -23.139841 2.079215 34.694523 0.000022 0.000008 -54.560608 -0.000160 -0.000012 -38.424194 -0.000174 0.000011 0.000012 -66.297348 -0.083495 -5.477317 -45.648014 0.604479 0.494419 -45.858570 0.632098 0.406637 0.000039 -0.000634 0.000037 -61.197720 -0.003501 -3.655405 -42.305264 0.195122 0.276569 -42.168056 0.172897 0.217700 -0.000564 -0.000031 0.000111 -49.829712 0.048212 -3.338252 -34.032196 -0.378408 -0.223331 -34.082073 -0.291479 -0.143921 0.000020 0.000015 0.000010 -35.019905 0.192688 0.245588 -23.511000 -1.201468 0.297436 -24.812775 -1.030545 0.167426 0.000985 0.000008 -0.000035 0.000000 0.000000 0.000000 0.000000 0.000000 0.000000 -7.059002 -11.205801 9.186961 -0.166583 -0.993864 5.680690 2.087522 -7.465977 22.911728 -0.933748 1.302263 -19.752380 0.000000 0.000000 0.000000 0.000000 0.000000 0.000000 0.000000 0.000000 0.000000 7.732115 -3.065336 7.673044 0.221391 0.826402 8.831600 -3.319005 0.922295 19.307606 0.594273 -1.096678 -21.659502 0.000000 0.000000 0.000000 0.000000 0.000000 0.000000 0.000000 0.000000 0.000000 
0.421367 88.988159 3.079171 -0.924847 -1.224810 -9.063790 1.345678 0.000839 6.428140 0.989558 -0.262687 3.861045 -0.930763 0.209404 4.107924 -1.336272 -0.075996 4.007279 2.451577 -1.449862 3.170922 -0.334176 -1.291391 -4.244851 0.034227 -0.711294 -18.220621 0.000000 0.000000 0.000000 87.172363 0.360991 9.931691 64.834366 -37.678349 2.036611 -1.132454 15.529094 106.430847 14.799331 26.987720 13.962572 26.504566 -1.588571 33.616089 -0.000021 0.000023 -64.579964 -0.000006 0.000036 -45.097057 0.000012 -0.000007 -0.000029 90.902657 -0.146212 -2.418997 62.312145 1.650829 -2.326378 62.244438 1.672017 -2.022128 -0.000004 0.000018 -0.000016 89.475281 -0.034321 2.065848 61.733669 0.625909 -1.012143 61.697548 0.559058 -0.822436 0.000000 -0.000142 -0.000006 90.404984 -0.035540 6.990158 63.748032 -1.238034 1.242407 63.763241 -0.804902 0.980521 -0.000006 -0.000278 -0.000011 83.911766 0.104925 10.943737 60.612072 -3.549848 3.825694 60.919525 -2.988885 3.075611 -0.000119 0.000002 0.000045 0.000000 0.000000 0.000000 0.000000 0.000000 0.000000 -85.204582 0.660360 5.282806 -71.843269 30.410139 -11.454902 1.384856 -8.577671 108.375648 -14.262110 -29.058235 16.519117 -23.363449 2.064448 34.609840 0.000022 0.000007 -55.098545 -0.000177 -0.000014 -38.817455 -0.000035 0.000010 -0.000120 -67.176735 -0.086268 -5.629615 -46.250099 0.641854 0.612848 -46.465649 0.667162 0.511342 0.000039 -0.000563 0.000036 -62.381454 -0.006570 -3.705235 -43.133812 0.209285 0.322186 -43.030670 0.183798 0.255194 -0.000550 -0.000029 0.000089 -52.411026 0.054655 -3.005584 -35.813702 -0.406752 -0.300555 -35.879833 -0.309078 -0.196932 -0.000020 0.000015 0.000010 -39.018402 0.206562 1.010467 -26.040165 -1.293674 0.027245 -27.340849 -1.101578 -0.037972 0.001037 0.000008 -0.000034 0.000000 0.000000 0.000000 0.000000 0.000000 0.000000 -7.055894 -10.960709 9.094372 -0.168045 -1.007091 5.684768 2.110801 -7.423750 22.904493 -0.928748 1.322039 -19.742216 0.000000 0.000000 0.000000 0.000000 0.000000 0.000000 0.000000 0.000000 0.000000 7.678587 -3.185685 7.724671 0.214183 0.801516 8.694592 -3.243829 1.103940 19.260674 0.595297 -1.084925 -21.538330 0.000000 0.000000 0.000000 0.000000 0.000000 0.000000 0.000000 0.000000 0.000000 
0.433394 88.988548 3.072278 -0.942290 -1.258723 -8.960765 1.359265 -0.002917 6.345737 0.934208 -0.256801 3.767094 -0.886264 0.299203 4.076281 -1.500589 0.007863 4.214786 2.556601 -1.767488 3.539144 -0.363675 -1.567335 -3.993772 0.094372 -0.707409 -18.326517 0.000000 0.000000 0.000000 86.817360 0.408326 9.803819 63.933949 -36.445946 1.461527 -1.112891 15.592249 107.604141 13.957273 26.137371 15.011823 26.720089 -1.575988 33.547329 -0.000021 0.000020 -65.008926 -0.000007 0.000036 -45.422062 0.000012 -0.000007 -0.000026 91.583527 -0.146728 -2.460511 62.889053 1.667028 -2.324024 62.805519 1.687422 -2.017084 -0.000005 0.000017 -0.000015 90.173088 -0.038978 2.042000 62.289429 0.629294 -1.005830 62.258442 0.560848 -0.815891 -0.000000 -0.000134 -0.000007 91.238525 -0.027770 7.083416 64.364502 -1.242828 1.222434 64.388924 -0.805112 0.963017 -0.000004 -0.000346 -0.000010 84.876274 0.123752 11.196525 61.256447 -3.558087 3.746008 61.578873 -2.994269 3.001797 -0.000186 0.000001 0.000045 0.000000 0.000000 0.000000 0.000000 0.000000 0.000000 -84.893608 0.691709 4.965477 -71.343300 28.666237 -12.449788 1.350149 -8.947001 110.057457 -12.906474 -28.051315 17.909698 -23.852028 2.036166 34.422100 0.000021 0.000007 -56.252617 -0.000185 -0.000015 -39.653400 0.000103 0.000010 -0.000096 -69.103111 -0.090889 -5.698162 -47.732403 0.669742 0.693329 -47.951679 0.693662 0.575778 0.000038 -0.000468 0.000035 -64.644859 -0.010266 -3.599667 -44.838470 0.218660 0.349728 -44.768589 0.191002 0.276549 -0.000578 -0.000028 0.000070 -56.123238 0.064118 -2.501479 -38.486324 -0.428180 -0.351656 -38.569061 -0.322389 -0.229051 -0.000095 0.000015 0.000010 -44.054535 0.238476 2.105696 -29.392570 -1.376915 -0.173790 -30.706087 -1.165200 -0.175142 0.001087 0.000008 -0.000033 0.000000 0.000000 0.000000 0.000000 0.000000 0.000000 -7.032089 -10.858541 8.996405 -0.171024 -1.024380 5.719099 2.149854 -7.428736 22.819078 -0.925434 1.347356 -19.709467 0.000000 0.000000 0.000000 0.000000 0.000000 0.000000 0.000000 0.000000 0.000000 7.681545 -3.271888 7.721901 0.209010 0.785397 8.559903 -3.172983 1.151603 19.185734 0.600401 -1.076280 -21.405951 0.000000 0.000000 0.000000 0.000000 0.000000 0.000000 0.000000 0.000000 0.000000 
0.451503 89.000381 3.074684 -0.983022 -1.278263 -8.858874 1.396704 -0.004743 6.258480 0.860471 -0.243664 3.676477 -0.834535 0.366149 3.985059 -1.628661 0.078022 4.431609 2.819209 -2.101066 3.962567 -0.377984 -1.774440 -3.725804 0.154648 -0.709407 -18.426313 0.000000 0.000000 0.000000 86.393867 0.452477 9.648787 62.840721 -35.140549 0.834941 -1.073970 15.580094 108.570717 12.980866 25.520428 16.025557 26.942770 -1.549607 33.494686 -0.000020 0.000017 -65.491158 -0.000009 0.000036 -45.765118 0.000011 -0.000007 -0.000024 92.564095 -0.145602 -2.441349 63.658733 1.655534 -2.226681 63.560295 1.675921 -1.926820 -0.000005 0.000015 -0.000014 91.136925 -0.043112 2.099529 63.010273 0.621012 -0.961631 62.984196 0.553722 -0.777919 -0.000000 -0.000121 -0.000008 92.310860 -0.019496 7.262424 65.122398 -1.228693 1.147704 65.158363 -0.791842 0.903796 -0.000002 -0.000448 -0.000009 86.030441 0.145630 11.547485 62.036892 -3.512871 3.498909 62.369678 -2.955724 2.792369 -0.000288 0.000000 0.000043 0.000000 0.000000 0.000000 0.000000 0.000000 0.000000 -84.533188 0.700831 4.682471 -70.866386 27.037544 -13.551782 1.283845 -9.276279 111.793358 -11.652589 -27.503246 19.438116 -24.421068 1.990467 34.215626 0.000021 0.000007 -57.620647 -0.000182 -0.000016 -40.635120 0.000204 0.000011 0.000021 -71.531296 -0.096112 -5.706504 -49.637882 0.679219 0.699034 -49.858715 0.703376 0.568654 0.000037 -0.000374 0.000034 -67.403778 -0.014477 -3.397384 -46.953213 0.220028 0.345980 -46.911110 0.191932 0.271175 -0.000658 -0.000027 0.000050 -60.358589 0.075724 -1.931894 -41.565792 -0.436330 -0.357478 -41.662300 -0.326951 -0.226803 -0.000194 0.000016 0.000010 -49.669094 0.285800 3.333210 -33.150784 -1.428911 -0.245789 -34.474106 -1.203875 -0.201621 0.001117 0.000008 -0.000032 0.000000 0.000000 0.000000 0.000000 0.000000 0.000000 -7.002331 -10.888434 8.938173 -0.175417 -1.044642 5.761500 2.187680 -7.481052 22.697403 -0.921794 1.375652 -19.650719 0.000000 0.000000 0.000000 0.000000 0.000000 0.000000 0.000000 0.000000 0.000000 7.720325 -3.353842 7.699343 0.205231 0.776127 8.419884 -3.110425 1.115652 19.118502 0.614446 -1.069913 -21.288568 0.000000 0.000000 0.000000 0.000000 0.000000 0.000000 0.000000 0.000000 0.000000 
0.477113 89.032730 3.093985 -1.036483 -1.271846 -8.769582 1.451239 -0.004413 6.158887 0.769816 -0.220178 3.576574 -0.779740 0.426968 3.870710 -1.729948 0.140967 4.624321 3.192775 -2.464323 4.396644 -0.374922 -1.942893 -3.460989 0.219093 -0.720532 -18.513256 0.000000 0.000000 0.000000 85.933922 0.483793 9.472239 61.680546 -33.851650 0.153944 -1.025131 15.488382 109.254944 12.058435 25.229494 16.898291 27.147043 -1.516462 33.458466 -0.000020 0.000015 -65.958939 -0.000010 0.000036 -46.085297 0.000010 -0.000007 -0.000022 93.641716 -0.143726 -2.391950 64.478210 1.627178 -2.075897 64.366188 1.647820 -1.788899 -0.000005 0.000014 -0.000013 92.184555 -0.046801 2.203599 63.769478 0.606051 -0.897150 63.749077 0.541522 -0.723169 -0.000001 -0.000108 -0.000008 93.459610 -0.011280 7.472734 65.914406 -1.203196 1.044662 65.960579 -0.770902 0.823250 -0.000001 -0.000585 -0.000009 87.240448 0.168475 11.914065 62.857204 -3.435763 3.168542 63.192894 -2.891600 2.516396 -0.000416 -0.000000 0.000043 0.000000 0.000000 0.000000 0.000000 0.000000 0.000000 -84.161339 0.696160 4.438947 -70.401558 25.771603 -14.659286 1.218026 -9.503226 113.444931 -10.640949 -27.355827 20.965530 -24.986565 1.934915 34.017815 0.000021 0.000007 -59.003414 -0.000168 -0.000017 -41.620300 0.000284 0.000011 0.000117 -74.110039 -0.101018 -5.680240 -51.653103 0.674799 0.651792 -51.872150 0.700611 0.512479 0.000036 -0.000300 0.000034 -70.291878 -0.018810 -3.149244 -49.162453 0.215810 0.321329 -49.139755 0.188506 0.248148 -0.000743 -0.000026 0.000028 -64.730270 0.088042 -1.351984 -44.712181 -0.434302 -0.332667 -44.817062 -0.324983 -0.201790 -0.000313 0.000016 0.000010 -55.533806 0.341559 4.554430 -36.981903 -1.453493 -0.229816 -38.303513 -1.220889 -0.155051 0.001132 0.000008 -0.000031 0.000000 0.000000 0.000000 0.000000 0.000000 0.000000 -6.981037 -10.999122 8.950273 -0.180334 -1.064463 5.769917 2.219294 -7.576462 22.596386 -0.918105 1.400403 -19.586815 0.000000 0.000000 0.000000 0.000000 0.000000 0.000000 0.000000 0.000000 0.000000 7.756482 -3.457864 7.696593 0.202358 0.773417 8.232259 -3.049011 1.037267 19.083704 0.637954 -1.066200 -21.189922 0.000000 0.000000 0.000000 0.000000 0.000000 0.000000 0.000000 0.000000 0.000000 
0.508824 89.084625 3.131594 -1.099059 -1.224040 -8.696078 1.518341 -0.003116 6.052451 0.660336 -0.185563 3.454682 -0.721598 0.478435 3.761837 -1.812069 0.196823 4.771648 3.633710 -2.866690 4.794203 -0.356118 -2.103009 -3.216962 0.289228 -0.742015 -18.566387 0.000000 0.000000 0.000000 85.473381 0.506361 9.278576 60.604504 -32.608276 -0.580132 -0.972252 15.353542 109.700851 11.292483 25.295008 17.571676 27.326918 -1.481344 33.434124 -0.000019 0.000012 -66.387253 -0.000010 0.000036 -46.370979 0.000009 -0.000007 -0.000020 94.696442 -0.141892 -2.348038 65.266258 1.594259 -1.913495 65.143089 1.615021 -1.641104 -0.000005 0.000013 -0.000012 93.207588 -0.050229 2.317171 64.497765 0.589712 -0.829058 64.483864 0.528282 -0.665590 -0.000002 -0.000095 -0.000009 94.584068 -0.003538 7.681149 66.680092 -1.174819 0.938715 66.733955 -0.748478 0.740750 0.000001 -0.000755 -0.000009 88.422310 0.191273 12.260748 63.657707 -3.351096 2.833267 63.990543 -2.822037 2.237848 -0.000574 -0.000001 0.000042 0.000000 0.000000 0.000000 0.000000 0.000000 0.000000 -83.794518 0.678915 4.236438 -70.013817 24.874187 -15.712805 1.164160 -9.639011 114.942680 -10.003930 -27.580942 22.420923 -25.530672 1.875498 33.829350 0.000020 0.000007 -60.353344 -0.000145 -0.000018 -42.576412 0.000357 0.000012 0.000117 -76.719894 -0.105451 -5.620856 -53.664803 0.665352 0.588858 -53.879768 0.693693 0.442432 0.000035 -0.000265 0.000033 -73.192642 -0.022941 -2.864000 -51.354767 0.209975 0.291285 -51.343872 0.183776 0.220617 -0.000801 -0.000026 0.000005 -69.104828 0.099767 -0.750566 -47.798000 -0.428475 -0.299675 -47.905464 -0.320693 -0.170982 -0.000452 0.000017 0.000010 -61.494991 0.398996 5.755243 -40.737396 -1.465110 -0.191335 -42.044601 -1.227929 -0.091100 0.001146 0.000009 -0.000030 0.000000 0.000000 0.000000 0.000000 0.000000 0.000000 -6.964421 -11.149426 9.031308 -0.184807 -1.080970 5.734555 2.243758 -7.697462 22.538954 -0.913312 1.418259 -19.535452 0.000000 0.000000 0.000000 0.000000 0.000000 0.000000 0.000000 0.000000 0.000000 7.774805 -3.588186 7.724473 0.200239 0.776629 7.981555 -2.985326 0.937052 19.089499 0.669946 -1.065130 -21.107733 0.000000 0.000000 0.000000 0.000000 0.000000 0.000000 0.000000 0.000000 0.000000 
0.543013 89.148857 3.186594 -1.167460 -1.123574 -8.645653 1.587510 -0.001474 5.949338 0.527837 -0.140611 3.309172 -0.659210 0.510690 3.682377 -1.876416 0.241118 4.873423 4.112890 -3.304585 5.123081 -0.325946 -2.269548 -3.008516 0.366735 -0.771264 -18.580465 0.000000 0.000000 0.000000 85.048637 0.522425 9.069320 59.718575 -31.421280 -1.359252 -0.919174 15.197136 110.033852 10.667937 25.701204 18.034496 27.479137 -1.446597 33.419743 -0.000019 0.000010 -66.763535 -0.000011 0.000036 -46.615833 0.000009 -0.000007 -0.000019 95.665779 -0.140363 -2.315414 65.981438 1.564711 -1.765917 65.851685 1.585266 -1.507112 -0.000005 0.000012 -0.000012 94.149475 -0.053451 2.428858 65.161385 0.575281 -0.767443 65.153831 0.516533 -0.613594 -0.000003 -0.000081 -0.000009 95.625069 0.003447 7.883547 67.385506 -1.149045 0.844611 67.445145 -0.728466 0.667525 0.000002 -0.000939 -0.000010 89.517860 0.213047 12.589313 64.400124 -3.274405 2.536761 64.728241 -2.759716 1.992102 -0.000760 -0.000002 0.000043 0.000000 0.000000 0.000000 0.000000 0.000000 0.000000 -83.446411 0.649715 4.074500 -69.770592 24.244164 -16.660549 1.123939 -9.709451 116.263229 -9.778357 -28.119886 23.779146 -26.041182 1.816002 33.652317 0.000020 0.000008 -61.637646 -0.000117 -0.000018 -43.480793 0.000412 0.000013 0.000000 -79.276276 -0.109538 -5.517896 -55.606857 0.656991 0.534360 -55.817371 0.688312 0.380869 0.000035 -0.000278 0.000033 -76.023979 -0.026699 -2.541232 -53.465481 0.205138 0.265564 -53.460854 0.179709 0.196756 -0.000821 -0.000026 -0.000019 -73.363106 0.109955 -0.121750 -50.741512 -0.423177 -0.272209 -50.846249 -0.316896 -0.144811 -0.000607 0.000017 0.000010 -67.360657 0.451967 6.920814 -44.310776 -1.474244 -0.169463 -45.591663 -1.233369 -0.043053 0.001167 0.000009 -0.000029 0.000000 0.000000 0.000000 0.000000 0.000000 0.000000 -6.947115 -11.320768 9.173082 -0.188250 -1.092671 5.677462 2.261998 -7.840467 22.514343 -0.906422 1.429173 -19.502544 0.000000 0.000000 0.000000 0.000000 0.000000 0.000000 0.000000 0.000000 0.000000 7.769993 -3.747788 7.773616 0.198598 0.783416 7.692017 -2.913669 0.814415 19.130491 0.707500 -1.065445 -21.037447 0.000000 0.000000 0.000000 0.000000 0.000000 0.000000 0.000000 0.000000 0.000000 
0.575468 89.217056 3.254754 -1.237213 -0.966052 -8.628111 1.648555 0.000768 5.861673 0.368066 -0.086427 3.152809 -0.589807 0.516375 3.649674 -1.923575 0.269680 4.938569 4.607018 -3.757163 5.380821 -0.288198 -2.440465 -2.838944 0.450482 -0.803397 -18.567453 0.000000 0.000000 0.000000 84.691574 0.531395 8.848918 59.088516 -30.289230 -2.183472 -0.870640 15.047116 110.366463 10.127507 26.321705 18.322922 27.600157 -1.413357 33.415512 -0.000019 0.000009 -67.078629 -0.000011 0.000036 -46.814304 0.000008 -0.000007 -0.000018 96.524498 -0.139223 -2.283886 66.606384 1.542227 -1.645954 66.475647 1.562204 -1.398145 -0.000005 0.000012 -0.000012 94.987015 -0.056490 2.538248 65.746376 0.564245 -0.717042 65.744865 0.507411 -0.571021 -0.000004 -0.000068 -0.000010 96.556839 0.009594 8.078161 68.015541 -1.128464 0.768695 68.079605 -0.712591 0.608326 0.000003 -0.001122 -0.000010 90.499207 0.233202 12.895692 65.065643 -3.213167 2.296860 65.389481 -2.710596 1.793297 -0.000957 -0.000002 0.000043 0.000000 0.000000 0.000000 0.000000 0.000000 0.000000 -83.134033 0.610976 3.951659 -69.709297 23.773220 -17.459690 1.096182 -9.749583 117.389511 -9.846537 -28.858002 24.999559 -26.503441 1.759529 33.491253 0.000019 0.000009 -62.817226 -0.000089 -0.000019 -44.306877 0.000440 0.000014 -0.000221 -81.686478 -0.113428 -5.383383 -57.416077 0.652587 0.499051 -57.622955 0.687029 0.337710 0.000034 -0.000329 0.000033 -78.689537 -0.030052 -2.206080 -55.431641 0.202457 0.248357 -55.430214 0.177166 0.180092 -0.000807 -0.000026 -0.000040 -77.358032 0.118179 0.497869 -53.466949 -0.420453 -0.256127 -53.565014 -0.314876 -0.127780 -0.000766 0.000017 0.000010 -72.881332 0.496346 7.980773 -47.609158 -1.486085 -0.180402 -48.854481 -1.241271 -0.024716 0.001195 0.000010 -0.000029 0.000000 0.000000 0.000000 0.000000 0.000000 0.000000 -6.924850 -11.510123 9.370444 -0.190353 -1.099572 5.620629 2.271949 -8.008834 22.501820 -0.897523 1.435127 -19.486145 0.000000 0.000000 0.000000 0.000000 0.000000 0.000000 0.000000 0.000000 0.000000 7.741779 -3.936375 7.831531 0.197146 0.791488 7.399955 -2.828518 0.657828 19.198235 0.747355 -1.065180 -20.975452 0.000000 0.000000 0.000000 0.000000 0.000000 0.000000 0.000000 0.000000 0.000000 
0.602655 89.280159 3.330528 -1.308414 -0.754534 -8.653716 1.699356 0.003382 5.801139 0.181176 -0.025146 3.004623 -0.510925 0.493784 3.675743 -1.957663 0.282358 4.977692 5.091822 -4.204865 5.580976 -0.247527 -2.613468 -2.702165 0.538844 -0.834242 -18.541830 0.000000 0.000000 0.000000 84.432877 0.533247 8.633182 58.750000 -29.202248 -3.040348 -0.831577 14.937811 110.734886 9.585678 26.988165 18.467340 27.692455 -1.382192 33.419498 -0.000019 0.000007 -67.338776 -0.000011 0.000036 -46.971458 0.000007 -0.000007 -0.000017 97.283447 -0.138528 -2.251044 67.149200 1.528059 -1.557123 67.022705 1.547158 -1.317103 -0.000005 0.000012 -0.000011 95.729942 -0.059358 2.641782 66.260757 0.557073 -0.679271 66.265152 0.501309 -0.538957 -0.000006 -0.000054 -0.000010 97.388580 0.014972 8.261054 68.577538 -1.114144 0.712586 68.644691 -0.701498 0.564266 0.000003 -0.001290 -0.000010 91.371765 0.251628 13.177577 65.658142 -3.170739 2.117643 65.979294 -2.677166 1.644455 -0.001144 -0.000003 0.000043 0.000000 0.000000 0.000000 0.000000 0.000000 0.000000 -82.882294 0.566134 3.874763 -69.839005 23.382290 -18.074497 1.077984 -9.795233 118.293587 -9.984319 -29.667522 26.000565 -26.904268 1.708277 33.351894 0.000019 0.000009 -63.855469 -0.000063 -0.000019 -45.029671 0.000437 0.000015 -0.000521 -83.868820 -0.117306 -5.239719 -59.037209 0.652933 0.485073 -59.241615 0.690397 0.314852 0.000034 -0.000403 0.000033 -81.099243 -0.033063 -1.890264 -57.196304 0.202140 0.240426 -57.197289 0.176339 0.171316 -0.000763 -0.000026 -0.000056 -80.951996 0.124429 1.062245 -55.909653 -0.420929 -0.252438 -55.999310 -0.315004 -0.120622 -0.000925 0.000017 0.000011 -77.828018 0.530373 8.867031 -50.559898 -1.502412 -0.226364 -51.764828 -1.253075 -0.038001 0.001223 0.000010 -0.000028 0.000000 0.000000 0.000000 0.000000 0.000000 0.000000 -6.891207 -11.719908 9.618342 -0.190973 -1.102204 5.579774 2.269048 -8.202211 22.480816 -0.886626 1.439077 -19.478474 0.000000 0.000000 0.000000 0.000000 0.000000 0.000000 0.000000 0.000000 0.000000 7.698102 -4.149066 7.888512 0.195784 0.799558 7.146514 -2.731149 0.461348 19.274225 0.786382 -1.063376 -20.918232 0.000000 0.000000 0.000000 0.000000 0.000000 0.000000 0.000000 0.000000 0.000000 
0.622872 89.330070 3.408247 -1.382336 -0.496118 -8.728315 1.741628 0.005954 5.775621 -0.027065 0.040175 2.880737 -0.420912 0.445941 3.768006 -1.983890 0.282338 4.999411 5.545063 -4.633494 5.739996 -0.207428 -2.786254 -2.587930 0.629589 -0.861457 -18.507410 0.000000 0.000000 0.000000 84.304428 0.528923 8.448421 58.696930 -28.167017 -3.875932 -0.806215 14.890099 111.102730 8.926859 27.541348 18.481726 27.762527 -1.353295 33.428146 -0.000019 0.000006 -67.560440 -0.000011 0.000036 -47.099350 0.000006 -0.000007 -0.000016 97.968689 -0.138081 -2.211393 67.632179 1.522046 -1.497617 67.514214 1.540093 -1.262115 -0.000006 0.000012 -0.000011 96.401588 -0.061965 2.743011 66.724464 0.553629 -0.653578 66.734871 0.498202 -0.516882 -0.000007 -0.000041 -0.000010 98.143494 0.019598 8.439012 69.089584 -1.106100 0.674857 69.158249 -0.695122 0.534242 0.000004 -0.001428 -0.000010 92.153412 0.268212 13.450256 66.192162 -3.147183 1.993991 66.512726 -2.659230 1.541441 -0.001305 -0.000004 0.000042 0.000000 0.000000 0.000000 0.000000 0.000000 0.000000 -82.726776 0.521275 3.858556 -70.131813 23.038965 -18.483187 1.066791 -9.882434 118.941246 -9.963321 -30.438356 26.703281 -27.233059 1.663514 33.240280 0.000019 0.000009 -64.721329 -0.000045 -0.000019 -45.627590 0.000397 0.000015 -0.000863 -85.756073 -0.121243 -5.099471 -60.425083 0.657605 0.489305 -60.628281 0.697847 0.309546 0.000035 -0.000486 0.000033 -83.179092 -0.035778 -1.612734 -58.712193 0.203849 0.240576 -58.716183 0.177044 0.169504 -0.000683 -0.000026 -0.000066 -84.042595 0.128914 1.542015 -58.019245 -0.424303 -0.259062 -58.100822 -0.317123 -0.121792 -0.001068 0.000017 0.000011 -82.047981 0.554263 9.547243 -53.113686 -1.522681 -0.300062 -54.277321 -1.268479 -0.077220 0.001239 0.000011 -0.000028 0.000000 0.000000 0.000000 0.000000 0.000000 0.000000 -6.842674 -11.950219 9.912452 -0.190149 -1.101375 5.558099 2.252590 -8.415547 22.438324 -0.874151 1.443619 -19.473322 0.000000 0.000000 0.000000 0.000000 0.000000 0.000000 0.000000 0.000000 0.000000 7.647985 -4.376730 7.939044 0.194501 0.806890 6.965128 -2.625869 0.230897 19.336222 0.821191 -1.059839 -20.863159 0.000000 0.000000 0.000000 0.000000 0.000000 0.000000 0.000000 0.000000 0.000000 
0.636001 89.360825 3.482591 -1.459547 -0.200683 -8.851040 1.776043 0.009017 5.786995 -0.244289 0.105411 2.791886 -0.318958 0.380963 3.928547 -2.005623 0.274448 5.010362 5.945074 -5.030388 5.869746 -0.170675 -2.956981 -2.488651 0.719354 -0.883476 -18.462057 0.000000 0.000000 0.000000 84.326447 0.520580 8.324364 58.885300 -27.226908 -4.600740 -0.798056 14.902880 111.408051 8.040429 27.821890 18.354645 27.814280 -1.326726 33.439331 -0.000019 0.000006 -67.753197 -0.000010 0.000036 -47.204754 0.000005 -0.000008 -0.000016 98.590187 -0.137774 -2.159937 68.066261 1.523479 -1.464862 67.959938 1.540422 -1.230704 -0.000006 0.000012 -0.000011 97.009850 -0.064257 2.848144 67.145035 0.553534 -0.638926 67.161682 0.497858 -0.503874 -0.000009 -0.000027 -0.000010 98.828224 0.023458 8.622658 69.555603 -1.103742 0.652976 69.623993 -0.692965 0.516440 0.000005 -0.001510 -0.000011 92.846146 0.282703 13.734252 66.669502 -3.140447 1.916641 66.991707 -2.654817 1.477228 -0.001427 -0.000004 0.000041 0.000000 0.000000 0.000000 0.000000 0.000000 0.000000 -82.698006 0.485072 3.914017 -70.535057 22.734314 -18.684263 1.062804 -10.038528 119.311378 -9.660245 -31.088226 27.080404 -27.486330 1.625850 33.158920 0.000019 0.000010 -65.402504 -0.000036 -0.000020 -46.092220 0.000315 0.000015 -0.001228 -87.314133 -0.125267 -4.966221 -61.558014 0.665881 0.507762 -61.761272 0.708558 0.318481 0.000035 -0.000568 0.000033 -84.892738 -0.038230 -1.381772 -59.956612 0.207144 0.247204 -59.964558 0.179008 0.173370 -0.000558 -0.000026 -0.000068 -86.586395 0.132007 1.922810 -59.773331 -0.429957 -0.273145 -59.848831 -0.320844 -0.129155 -0.001179 0.000016 0.000011 -85.489433 0.569900 10.016117 -55.253838 -1.545399 -0.391126 -56.378315 -1.286400 -0.134198 0.001239 0.000011 -0.000028 0.000000 0.000000 0.000000 0.000000 0.000000 0.000000 -6.776475 -12.197989 10.246126 -0.188065 -1.098344 5.545871 2.223675 -8.639610 22.370979 -0.861560 1.450256 -19.468885 0.000000 0.000000 0.000000 0.000000 0.000000 0.000000 0.000000 0.000000 0.000000 7.601354 -4.598861 7.980559 0.193239 0.812523 6.876589 -2.518327 -0.016009 19.363138 0.848661 -1.054362 -20.808031 0.000000 0.000000 0.000000 0.000000 0.000000 0.000000 0.000000 0.000000 0.000000 
0.642671 89.369019 3.549197 -1.538583 0.118422 -9.016031 1.801580 0.014586 5.833154 -0.457624 0.167311 2.744745 -0.205104 0.308955 4.150728 -2.025727 0.263895 5.015382 6.268417 -5.380310 5.981500 -0.138454 -3.122055 -2.396826 0.803235 -0.899649 -18.404011 0.000000 0.000000 0.000000 84.497581 0.511670 8.290395 59.242332 -26.462492 -5.118367 -0.809121 14.956652 111.577698 6.853349 27.697340 18.051577 27.846251 -1.302630 33.453384 -0.000019 0.000005 -67.914291 -0.000009 0.000036 -47.285141 0.000004 -0.000008 -0.000016 99.139961 -0.137670 -2.083375 68.448524 1.530546 -1.454317 68.356049 1.546428 -1.218857 -0.000006 0.000012 -0.000011 97.544228 -0.066249 2.969161 67.515778 0.555986 -0.633428 67.539261 0.499675 -0.498281 -0.000010 -0.000015 -0.000010 99.428619 0.026571 8.823530 69.963676 -1.105609 0.643196 70.029953 -0.693927 0.508208 0.000005 -0.001517 -0.000012 93.435913 0.294896 14.043773 67.078690 -3.145772 1.872876 67.404213 -2.659733 1.442263 -0.001503 -0.000005 0.000039 0.000000 0.000000 0.000000 0.000000 0.000000 0.000000 -82.813087 0.464149 4.042652 -70.980034 22.483601 -18.680597 1.069332 -10.277152 119.402481 -9.048415 -31.542164 27.137415 -27.664457 1.595347 33.107986 0.000019 0.000010 -65.899780 -0.000039 -0.000020 -46.423962 0.000187 0.000016 -0.001619 -88.537193 -0.129382 -4.837273 -62.433559 0.676567 0.535654 -62.638321 0.721324 0.337854 0.000036 -0.000641 0.000033 -86.234100 -0.040483 -1.197853 -60.926289 0.211482 0.258313 -60.938568 0.181835 0.181279 -0.000380 -0.000027 -0.000061 -88.582619 0.134237 2.202568 -61.167736 -0.436863 -0.291194 -61.240116 -0.325496 -0.140235 -0.001237 0.000016 0.000011 -88.165405 0.580191 10.288893 -56.980797 -1.567982 -0.487074 -58.069420 -1.304824 -0.199091 0.001219 0.000012 -0.000029 0.000000 0.000000 0.000000 0.000000 0.000000 0.000000 -6.691869 -12.458214 10.610648 -0.185082 -1.094745 5.523259 2.183124 -8.857062 22.284931 -0.851095 1.459888 -19.465921 0.000000 0.000000 0.000000 0.000000 0.000000 0.000000 0.000000 0.000000 0.000000 7.567455 -4.788010 8.014370 0.191962 0.815822 6.885791 -2.413945 -0.260914 19.337362 0.866503 -1.046801 -20.748453 0.000000 0.000000 0.000000 0.000000 0.000000 0.000000 0.000000 0.000000 0.000000 
0.644437 89.354004 3.606526 -1.617670 0.441862 -9.210288 1.819690 0.024535 5.905037 -0.656474 0.223572 2.741442 -0.088677 0.234738 4.410627 -2.047116 0.253316 5.024419 6.490552 -5.667648 6.077763 -0.112685 -3.276203 -2.315911 0.872288 -0.912449 -18.347250 0.000000 0.000000 0.000000 84.784134 0.502786 8.348742 59.702938 -25.921841 -5.380550 -0.835675 15.046974 111.541451 5.377752 27.135536 17.553833 27.850960 -1.280568 33.475025 -0.000020 0.000005 -68.029282 -0.000008 0.000035 -47.327221 0.000003 -0.000008 -0.000016 99.616486 -0.138082 -1.957159 68.768425 1.540401 -1.459026 68.691254 1.555321 -1.220587 -0.000006 0.000012 -0.000010 97.999214 -0.068087 3.129445 67.824226 0.559766 -0.634259 67.855026 0.502660 -0.497653 -0.000011 -0.000002 -0.000009 99.933922 0.028992 9.056441 70.297356 -1.109590 0.641010 70.360092 -0.696531 0.506305 0.000006 -0.001439 -0.000013 93.913155 0.304794 14.382535 67.406853 -3.156896 1.849145 67.736732 -2.668788 1.425964 -0.001532 -0.000005 0.000037 0.000000 0.000000 0.000000 0.000000 0.000000 0.000000 -83.058556 0.459924 4.219179 -71.418221 22.303335 -18.502460 1.083036 -10.585643 119.241600 -8.173486 -31.733658 26.903187 -27.769047 1.571436 33.087143 0.000019 0.000010 -66.220665 -0.000052 -0.000020 -46.627327 0.000017 0.000016 -0.002045 -89.443054 -0.133596 -4.718372 -63.059731 0.687697 0.565574 -63.268051 0.734234 0.361162 0.000036 -0.000689 0.000033 -87.219978 -0.042685 -1.062214 -61.629414 0.216070 0.270673 -61.645550 0.184883 0.190580 -0.000152 -0.000027 -0.000045 -90.067856 0.136128 2.387508 -62.218266 -0.443510 -0.308636 -62.290447 -0.330068 -0.151708 -0.001236 0.000016 0.000011 -90.148651 0.587477 10.393085 -58.323322 -1.586540 -0.573131 -59.378391 -1.320640 -0.259610 0.001173 0.000013 -0.000029 0.000000 0.000000 0.000000 0.000000 0.000000 0.000000 -6.592703 -12.722461 10.988853 -0.181863 -1.092752 5.477592 2.133027 -9.036031 22.181082 -0.843846 1.473715 -19.458775 0.000000 0.000000 0.000000 0.000000 0.000000 0.000000 0.000000 0.000000 0.000000 7.557584 -4.923257 8.037241 0.190909 0.817029 6.985873 -2.321411 -0.485748 19.255209 0.874558 -1.037217 -20.682581 0.000000 0.000000 0.000000 0.000000 0.000000 0.000000 0.000000 0.000000 0.000000 
0.642004 89.320435 3.655508 -1.694276 0.746654 -9.421222 1.832212 0.038694 5.988456 -0.834503 0.273041 2.776200 0.017493 0.161738 4.682826 -2.065925 0.242346 5.046679 6.614764 -5.882174 6.171376 -0.093159 -3.406836 -2.249072 0.918024 -0.923331 -18.307886 0.000000 0.000000 0.000000 85.151360 0.489041 8.476004 60.201626 -25.602262 -5.371968 -0.867679 15.197793 111.234756 3.719377 26.252161 16.855257 27.818178 -1.259616 33.511402 -0.000020 0.000005 -68.077774 -0.000007 0.000035 -47.313423 0.000002 -0.000009 -0.000016 100.026634 -0.139118 -1.773557 69.014435 1.550511 -1.470801 68.953079 1.564621 -1.228844 -0.000006 0.000013 -0.000010 98.379478 -0.069824 3.338906 68.059280 0.563817 -0.638362 68.097458 0.505914 -0.499323 -0.000012 0.000009 -0.000009 100.347992 0.030741 9.322317 70.550240 -1.113806 0.641999 70.608009 -0.699464 0.507498 0.000006 -0.001287 -0.000013 94.284851 0.312320 14.735040 67.654617 -3.168585 1.834641 67.987839 -2.677765 1.419660 -0.001512 -0.000005 0.000034 0.000000 0.000000 0.000000 0.000000 0.000000 0.000000 -83.405823 0.472928 4.408130 -71.823654 22.212963 -18.184536 1.094046 -10.943454 118.824493 -7.108741 -31.670639 26.401155 -27.806704 1.553312 33.093533 0.000020 0.000009 -66.383377 -0.000075 -0.000020 -46.715992 -0.000169 0.000016 -0.002501 -90.069740 -0.137666 -4.638144 -63.458935 0.697315 0.588778 -63.673019 0.745332 0.380428 0.000037 -0.000700 0.000034 -87.891441 -0.044805 -0.993264 -62.090782 0.220132 0.280744 -62.110149 0.187507 0.198317 0.000104 -0.000028 -0.000022 -91.118210 0.137762 2.477744 -62.968712 -0.448624 -0.321363 -63.042732 -0.333712 -0.160479 -0.001171 0.000015 0.000011 -91.561768 0.592762 10.355594 -59.341915 -1.597827 -0.637558 -60.363678 -1.331334 -0.305736 0.001105 0.000013 -0.000030 0.000000 0.000000 0.000000 0.000000 0.000000 0.000000 -6.481867 -12.971851 11.362059 -0.179148 -1.093971 5.417962 2.081486 -9.152773 22.052557 -0.838981 1.491086 -19.443569 0.000000 0.000000 0.000000 0.000000 0.000000 0.000000 0.000000 0.000000 0.000000 7.575890 -5.002762 8.052678 0.190447 0.817106 7.153143 -2.252039 -0.667850 19.136639 0.877385 -1.025631 -20.616571 0.000000 0.000000 0.000000 0.000000 0.000000 0.000000 0.000000 0.000000 0.000000 
0.634014 89.276413 3.695447 -1.763578 1.011889 -9.641169 1.834111 0.054682 6.075696 -0.984086 0.313924 2.841546 0.099934 0.096474 4.945084 -2.069968 0.229348 5.086112 6.654038 -6.008889 6.277126 -0.076177 -3.493982 -2.201104 0.936401 -0.930462 -18.291697 0.000000 0.000000 0.000000 85.563263 0.468625 8.644097 60.686508 -25.445898 -5.095295 -0.894866 15.423671 110.626480 1.972803 25.277292 15.933772 27.745077 -1.239655 33.564869 -0.000021 0.000005 -68.049995 -0.000006 0.000035 -47.238285 0.000001 -0.000010 -0.000016 100.366348 -0.140557 -1.544870 69.181320 1.558436 -1.481374 69.135468 1.571988 -1.236550 -0.000006 0.000013 -0.000010 98.685425 -0.071374 3.584876 68.216637 0.567138 -0.642522 68.261642 0.508573 -0.500717 -0.000013 0.000021 -0.000008 100.680336 0.031919 9.598067 70.724792 -1.116322 0.641360 70.776314 -0.701275 0.508173 0.000006 -0.001107 -0.000014 94.569374 0.317196 15.061413 67.831985 -3.175305 1.816909 68.165665 -2.681933 1.413042 -0.001455 -0.000004 0.000031 0.000000 0.000000 0.000000 0.000000 0.000000 0.000000 -83.809158 0.499958 4.582979 -72.194778 22.162704 -17.757790 1.091601 -11.329803 118.162048 -5.861445 -31.477823 25.613451 -27.787376 1.540195 33.121655 0.000020 0.000009 -66.412750 -0.000101 -0.000020 -46.709660 -0.000353 0.000015 -0.002963 -90.453064 -0.141520 -4.629493 -63.662880 0.704127 0.600705 -63.883732 0.753362 0.391170 0.000037 -0.000683 0.000034 -88.294113 -0.046692 -1.016375 -62.344845 0.223182 0.286717 -62.367664 0.189321 0.202920 0.000359 -0.000028 0.000005 -91.813965 0.139121 2.463820 -63.469120 -0.451499 -0.327746 -63.546204 -0.335959 -0.165353 -0.001062 0.000015 0.000011 -92.524345 0.596581 10.195222 -60.096275 -1.600114 -0.676623 -61.084591 -1.335583 -0.334076 0.001031 0.000014 -0.000031 0.000000 0.000000 0.000000 0.000000 0.000000 0.000000 -6.361377 -13.184940 11.709473 -0.177508 -1.098279 5.371061 2.033601 -9.195624 21.890156 -0.834613 1.508894 -19.423363 0.000000 0.000000 0.000000 0.000000 0.000000 0.000000 0.000000 0.000000 0.000000 7.615904 -5.031712 8.065858 0.190943 0.817331 7.362756 -2.209573 -0.794224 19.004213 0.880508 -1.012691 -20.559187 0.000000 0.000000 0.000000 0.000000 0.000000 0.000000 0.000000 0.000000 0.000000 
0.619620 89.227737 3.725068 -1.822829 1.222101 -9.864418 1.823235 0.070554 6.165379 -1.092748 0.343799 2.938049 0.145288 0.055125 5.181229 -2.052352 0.216933 5.135858 6.606942 -6.037126 6.398023 -0.060859 -3.527933 -2.179536 0.929407 -0.932818 -18.301043 0.000000 0.000000 0.000000 85.977829 0.449870 8.838394 61.185440 -25.343098 -4.608875 -0.912976 15.715293 109.754486 0.211586 24.432486 14.836381 27.643269 -1.222107 33.628994 -0.000021 0.000005 -67.959152 -0.000006 0.000036 -47.117298 0.000001 -0.000010 -0.000016 100.620193 -0.141850 -1.280859 69.272659 1.562100 -1.485151 69.241348 1.575455 -1.238901 -0.000006 0.000014 -0.000010 98.907196 -0.072721 3.853270 68.299606 0.568835 -0.644236 68.350044 0.509928 -0.500070 -0.000014 0.000033 -0.000007 100.927094 0.032783 9.859877 70.824371 -1.115407 0.635847 70.869110 -0.700706 0.505692 0.000007 -0.000941 -0.000014 94.778641 0.319792 15.324647 67.945984 -3.171838 1.786118 68.276604 -2.677049 1.397507 -0.001379 -0.000004 0.000028 0.000000 0.000000 0.000000 0.000000 0.000000 0.000000 -84.220535 0.533918 4.728852 -72.574448 22.020880 -17.264414 1.076277 -11.730805 117.332520 -4.389176 -31.332453 24.597115 -27.726421 1.531020 33.163208 0.000020 0.000009 -66.346016 -0.000124 -0.000020 -46.635685 -0.000539 0.000014 -0.003388 -90.636436 -0.145370 -4.677161 -63.722546 0.707578 0.604396 -63.948994 0.757913 0.395063 0.000038 -0.000652 0.000034 -88.484100 -0.048299 -1.109848 -62.444912 0.225069 0.289389 -62.472187 0.190246 0.204962 0.000592 -0.000028 0.000031 -92.232346 0.140178 2.371321 -63.779373 -0.452147 -0.329197 -63.860065 -0.336782 -0.167356 -0.000941 0.000014 0.000011 -93.143051 0.598338 9.947650 -60.649090 -1.593874 -0.695916 -61.604553 -1.333385 -0.348242 0.000968 0.000014 -0.000032 0.000000 0.000000 0.000000 0.000000 0.000000 0.000000 -6.235649 -13.355699 12.017714 -0.176859 -1.103123 5.348690 1.992267 -9.162281 21.692434 -0.829301 1.523581 -19.402462 0.000000 0.000000 0.000000 0.000000 0.000000 0.000000 0.000000 0.000000 0.000000 7.671363 -5.013976 8.073608 0.192697 0.819373 7.601654 -2.189383 -0.876081 18.862625 0.885697 -1.000356 -20.515192 0.000000 0.000000 0.000000 0.000000 0.000000 0.000000 0.000000 0.000000 0.000000 
0.600381 89.174278 3.748869 -1.872562 1.368566 -10.088815 1.807528 0.085676 6.257082 -1.150873 0.362775 3.055687 0.154119 0.053097 5.394917 -2.022523 0.209839 5.181502 6.493830 -5.986873 6.529454 -0.052309 -3.522819 -2.191362 0.902801 -0.931491 -18.338829 0.000000 0.000000 0.000000 86.374878 0.440337 9.039630 61.754795 -25.227659 -4.030698 -0.921797 16.044441 108.765366 -1.432273 23.840405 13.669105 27.531725 -1.209318 33.692741 -0.000020 0.000005 -67.830261 -0.000005 0.000036 -46.976543 0.000001 -0.000011 -0.000015 100.767418 -0.142319 -1.024105 69.294960 1.561584 -1.483063 69.276115 1.575319 -1.236375 -0.000005 0.000014 -0.000009 99.027428 -0.073780 4.102149 68.314133 0.568921 -0.643709 68.368523 0.510087 -0.497812 -0.000015 0.000044 -0.000007 101.070786 0.033463 10.064400 70.854355 -1.111197 0.626450 70.892380 -0.697929 0.500495 0.000008 -0.000807 -0.000014 94.915962 0.321416 15.478951 68.002434 -3.158502 1.745321 68.326759 -2.663732 1.374202 -0.001307 -0.000003 0.000026 0.000000 0.000000 0.000000 0.000000 0.000000 0.000000 -84.622208 0.568366 4.832194 -73.052567 21.671329 -16.784100 1.059865 -12.135543 116.437012 -2.671935 -31.362516 23.440960 -27.643021 1.525620 33.208229 0.000020 0.000009 -66.224068 -0.000141 -0.000020 -46.524796 -0.000737 0.000012 -0.003734 -90.663254 -0.149216 -4.753906 -63.685856 0.708590 0.609048 -63.915596 0.759972 0.399405 0.000039 -0.000607 0.000035 -88.513168 -0.049532 -1.238337 -62.441730 0.226162 0.291850 -62.474800 0.190663 0.207040 0.000785 -0.000028 0.000053 -92.428993 0.140645 2.233253 -63.952869 -0.451519 -0.330389 -64.036896 -0.336821 -0.169693 -0.000816 0.000013 0.000010 -93.487038 0.596816 9.639408 -61.050079 -1.582407 -0.709750 -61.974907 -1.326964 -0.358614 0.000923 0.000014 -0.000033 0.000000 0.000000 0.000000 0.000000 0.000000 0.000000 -6.107526 -13.486618 12.287852 -0.176766 -1.105667 5.343232 1.956597 -9.069871 21.458033 -0.823280 1.532213 -19.374626 0.000000 0.000000 0.000000 0.000000 0.000000 0.000000 0.000000 0.000000 0.000000 7.739289 -4.953295 8.078289 0.195835 0.824250 7.862345 -2.187060 -0.926172 18.695988 0.891528 -0.990486 -20.483213 0.000000 0.000000 0.000000 0.000000 0.000000 0.000000 0.000000 0.000000 0.000000 
0.580089 89.119507 3.773769 -1.914796 1.450966 -10.309388 1.799838 0.099903 6.346453 -1.163658 0.373877 3.173081 0.138370 0.095165 5.601399 -1.993169 0.212102 5.206576 6.349046 -5.880315 6.667308 -0.051662 -3.484091 -2.238955 0.860071 -0.927146 -18.405022 0.000000 0.000000 0.000000 86.753670 0.434610 9.221550 62.426437 -25.063219 -3.480705 -0.920378 16.365561 107.818741 -2.820236 23.542688 12.578343 27.426771 -1.202809 33.746960 -0.000020 0.000005 -67.688194 -0.000005 0.000037 -46.839638 0.000001 -0.000011 -0.000014 100.804520 -0.141671 -0.826832 69.254951 1.557605 -1.475561 69.246094 1.572384 -1.228851 -0.000005 0.000015 -0.000009 99.039749 -0.074535 4.282727 68.265297 0.567662 -0.641213 68.323120 0.509353 -0.494259 -0.000016 0.000054 -0.000006 101.102341 0.034130 10.167465 70.822250 -1.104720 0.615040 70.853172 -0.693716 0.493650 0.000008 -0.000721 -0.000013 94.983490 0.323554 15.490482 68.007507 -3.138648 1.702389 68.322731 -2.645246 1.348204 -0.001252 -0.000003 0.000024 0.000000 0.000000 0.000000 0.000000 0.000000 0.000000 -85.026360 0.603128 4.883248 -73.665764 21.069319 -16.372581 1.051674 -12.531800 115.594986 -0.762304 -31.587025 22.258860 -27.555286 1.523639 33.248722 0.000020 0.000009 -66.083878 -0.000149 -0.000020 -46.405552 -0.000922 0.000010 -0.003994 -90.587807 -0.152710 -4.854324 -63.597145 0.708499 0.621669 -63.827869 0.760769 0.409915 0.000039 -0.000536 0.000035 -88.434196 -0.050289 -1.384803 -62.379890 0.226869 0.296575 -62.418671 0.190983 0.211261 0.000922 -0.000028 0.000069 -92.452431 0.140535 2.072438 -64.031349 -0.450582 -0.335416 -64.118530 -0.336773 -0.175140 -0.000677 0.000012 0.000009 -93.606941 0.592032 9.295350 -61.330280 -1.569687 -0.731649 -62.229240 -1.319301 -0.375097 0.000900 0.000014 -0.000033 0.000000 0.000000 0.000000 0.000000 0.000000 0.000000 -5.972096 -13.573256 12.521832 -0.176769 -1.103473 5.344500 1.918806 -8.950023 21.200817 -0.815991 1.531723 -19.335947 0.000000 0.000000 0.000000 0.000000 0.000000 0.000000 0.000000 0.000000 0.000000 7.812200 -4.861327 8.097474 0.200107 0.832928 8.117938 -2.199444 -0.933487 18.506168 0.898095 -0.983354 -20.462467 0.000000 0.000000 0.000000 0.000000 0.000000 0.000000 0.000000 0.000000 0.000000 
0.563059 89.072372 3.805654 -1.953560 1.478521 -10.513714 1.815068 0.111399 6.422179 -1.147683 0.381727 3.272725 0.112199 0.172572 5.814667 -1.969930 0.226321 5.199808 6.211234 -5.727980 6.770286 -0.053575 -3.402562 -2.333920 0.802491 -0.921190 -18.489214 0.000000 0.000000 0.000000 87.108940 0.417353 9.370961 63.222065 -24.800631 -3.064548 -0.909507 16.657320 107.001259 -3.848105 23.562090 11.710509 27.339962 -1.201484 33.787636 -0.000019 0.000005 -67.558632 -0.000006 0.000038 -46.724861 0.000001 -0.000011 -0.000013 100.782814 -0.140223 -0.720584 69.176094 1.551349 -1.461341 69.174767 1.567631 -1.214676 -0.000004 0.000016 -0.000009 98.988045 -0.075183 4.374421 68.174866 0.565509 -0.636592 68.237946 0.508057 -0.489210 -0.000017 0.000061 -0.000005 101.057564 0.035021 10.161118 70.754066 -1.097616 0.603498 70.777145 -0.689210 0.486207 0.000008 -0.000708 -0.000011 95.002007 0.327240 15.381032 67.981857 -3.117816 1.666154 68.286301 -2.626792 1.325721 -0.001214 -0.000003 0.000023 0.000000 0.000000 0.000000 0.000000 0.000000 0.000000 -85.436447 0.639319 4.878882 -74.366867 20.249586 -16.053341 1.051897 -12.921122 114.909431 1.124544 -31.883390 21.220974 -27.487703 1.524085 33.274940 0.000020 0.000009 -65.977173 -0.000150 -0.000021 -46.317619 -0.001048 0.000008 -0.004213 -90.505882 -0.155470 -4.987752 -63.519787 0.708735 0.643864 -63.750126 0.761419 0.427625 0.000039 -0.000415 0.000035 -88.335945 -0.050537 -1.541310 -62.320206 0.227559 0.304206 -62.362171 0.191530 0.218149 0.001008 -0.000028 0.000082 -92.387657 0.140434 1.914393 -64.067574 -0.450182 -0.345961 -64.158432 -0.337236 -0.184522 -0.000510 0.000012 0.000009 -93.583733 0.585955 8.966969 -61.522739 -1.559958 -0.768319 -62.404949 -1.313625 -0.401683 0.000903 0.000014 -0.000033 0.000000 0.000000 0.000000 0.000000 0.000000 0.000000 -5.824059 -13.608296 12.717473 -0.176521 -1.094223 5.344256 1.870705 -8.832438 20.951698 -0.806601 1.519129 -19.289536 0.000000 0.000000 0.000000 0.000000 0.000000 0.000000 0.000000 0.000000 0.000000 7.875977 -4.762662 8.150843 0.205057 0.845609 8.326990 -2.225435 -0.860453 18.318661 0.908150 -0.977505 -20.451027 0.000000 0.000000 0.000000 0.000000 0.000000 0.000000 0.000000 0.000000 0.000000 
0.550895 89.037750 3.849979 -1.984724 1.474884 -10.693936 1.858651 0.118186 6.476876 -1.122241 0.393134 3.349651 0.087009 0.277230 6.041685 -1.959754 0.253535 5.159045 6.102580 -5.556668 6.751702 -0.045407 -3.292441 -2.500281 0.743168 -0.918035 -18.560326 0.000000 0.000000 0.000000 87.396965 0.384028 9.516416 64.135529 -24.422144 -2.848578 -0.892481 16.920115 106.314034 -4.576426 23.910736 11.091154 27.278954 -1.202648 33.815056 -0.000018 0.000005 -67.460724 -0.000007 0.000038 -46.643158 0.000001 -0.000011 -0.000012 100.775955 -0.138717 -0.688611 69.089569 1.545309 -1.442671 69.094627 1.563057 -1.195257 -0.000004 0.000017 -0.000009 98.944077 -0.075904 4.398848 68.077431 0.563339 -0.630928 68.149902 0.506821 -0.483407 -0.000018 0.000068 -0.000004 101.007751 0.036175 10.077779 70.690437 -1.091830 0.593720 70.705963 -0.685651 0.479468 0.000008 -0.000803 -0.000009 95.019714 0.331934 15.213284 67.963852 -3.101765 1.642730 68.257500 -2.613631 1.310816 -0.001182 -0.000003 0.000022 0.000000 0.000000 0.000000 0.000000 0.000000 0.000000 -85.793900 0.670149 4.833014 -75.042358 19.396395 -15.856432 1.059169 -13.266895 114.435181 2.665379 -32.077461 20.449049 -27.466869 1.525221 33.276245 0.000019 0.000010 -65.962715 -0.000149 -0.000021 -46.304741 -0.001083 0.000005 -0.004406 -90.530907 -0.157430 -5.154393 -63.520477 0.710171 0.670841 -63.750774 0.762634 0.448437 0.000039 -0.000232 0.000036 -88.332817 -0.050457 -1.700559 -62.332527 0.228479 0.313224 -62.373695 0.192435 0.226359 0.001063 -0.000028 0.000092 -92.373367 0.140923 1.779280 -64.139839 -0.450595 -0.360331 -64.233452 -0.338451 -0.196514 -0.000336 0.000012 0.000008 -93.571579 0.580535 8.695231 -61.698597 -1.555371 -0.816443 -62.576584 -1.311347 -0.434345 0.000935 0.000014 -0.000034 0.000000 0.000000 0.000000 0.000000 0.000000 0.000000 -5.676117 -13.600149 12.876616 -0.176057 -1.076982 5.358359 1.812337 -8.741298 20.730408 -0.797053 1.496021 -19.240826 0.000000 0.000000 0.000000 0.000000 0.000000 0.000000 0.000000 0.000000 0.000000 7.910719 -4.698326 8.233028 0.210498 0.859360 8.482858 -2.256951 -0.695957 18.159765 0.920661 -0.970492 -20.443419 0.000000 0.000000 0.000000 0.000000 0.000000 0.000000 0.000000 0.000000 0.000000 
0.547907 89.012260 3.908118 -1.988873 1.483503 -10.847013 1.912951 0.123477 6.512729 -1.082897 0.411304 3.405348 0.061753 0.422357 6.254869 -1.976459 0.297121 5.090258 5.973104 -5.386070 6.560215 -0.018064 -3.186840 -2.736688 0.694522 -0.922009 -18.583374 0.000000 0.000000 0.000000 87.531616 0.353972 9.703406 65.015190 -23.961712 -2.777169 -0.868257 17.110701 105.746475 -5.094436 24.476307 10.723864 27.235985 -1.204020 33.835934 -0.000018 0.000006 -67.383888 -0.000007 0.000039 -46.580841 0.000000 -0.000011 -0.000012 100.795502 -0.136687 -0.661433 68.995865 1.538685 -1.416173 69.007446 1.557490 -1.167249 -0.000004 0.000018 -0.000010 98.917122 -0.076568 4.405453 67.976044 0.560556 -0.621908 68.061150 0.504984 -0.474712 -0.000018 0.000075 -0.000003 100.983398 0.037350 9.955530 70.640648 -1.085721 0.580568 70.649277 -0.681490 0.469613 0.000008 -0.001022 -0.000007 95.070305 0.335249 15.025414 67.968689 -3.084807 1.611557 68.251282 -2.601107 1.286598 -0.001135 -0.000004 0.000023 0.000000 0.000000 0.000000 0.000000 0.000000 0.000000 -86.010094 0.693005 4.778693 -75.527328 18.716152 -15.815951 1.078787 -13.501195 114.204269 3.611566 -32.212070 20.060095 -27.503788 1.524097 33.248905 0.000018 0.000011 -66.075279 -0.000146 -0.000021 -46.388283 -0.001011 0.000002 -0.004575 -90.719231 -0.158670 -5.329493 -63.649353 0.710267 0.690939 -63.881008 0.762342 0.462810 0.000040 0.000008 0.000036 -88.497414 -0.050268 -1.854677 -62.473278 0.228686 0.319026 -62.510059 0.192829 0.231847 0.001134 -0.000028 0.000102 -92.545471 0.141979 1.665211 -64.337440 -0.449669 -0.371091 -64.430023 -0.338980 -0.205921 -0.000192 0.000012 0.000007 -93.758667 0.575655 8.467640 -61.972179 -1.549552 -0.854176 -62.855331 -1.307306 -0.455820 0.001002 0.000013 -0.000034 0.000000 0.000000 0.000000 0.000000 0.000000 0.000000 -5.557252 -13.557743 13.008304 -0.175798 -1.054206 5.393087 1.751905 -8.680734 20.551039 -0.794198 1.467595 -19.199812 0.000000 0.000000 0.000000 0.000000 0.000000 0.000000 0.000000 0.000000 0.000000 7.899776 -4.692852 8.306353 0.216123 0.868997 8.619144 -2.281717 -0.469948 18.045311 0.927579 -0.959422 -20.427727 0.000000 0.000000 0.000000 0.000000 0.000000 0.000000 0.000000 0.000000 0.000000 
0.563916 88.991325 3.967546 -1.963934 1.537878 -10.936116 1.980892 0.130231 6.521865 -1.020139 0.435756 3.438297 0.015272 0.628081 6.419055 -2.025180 0.370392 5.013095 5.818670 -5.220560 6.248540 0.010699 -3.092243 -2.990892 0.646406 -0.932980 -18.571121 0.000000 0.000000 0.000000 87.483093 0.339685 9.911112 65.658691 -23.534733 -2.800982 -0.834091 17.243916 105.446938 -5.432395 24.879763 10.572686 27.204868 -1.203813 33.853661 -0.000017 0.000007 -67.326004 -0.000008 0.000040 -46.532047 -0.000000 -0.000012 -0.000011 100.828842 -0.135238 -0.635173 68.917801 1.532269 -1.385980 68.935081 1.551386 -1.135736 -0.000003 0.000019 -0.000010 98.900620 -0.077471 4.406600 67.890244 0.557502 -0.610653 67.988625 0.502675 -0.463781 -0.000017 0.000083 -0.000002 100.992889 0.038327 9.847075 70.617760 -1.079472 0.563482 70.620934 -0.676840 0.456532 0.000008 -0.001267 -0.000006 95.165588 0.336562 14.891912 68.001419 -3.067953 1.567697 68.272835 -2.589132 1.250465 -0.001068 -0.000004 0.000024 0.000000 0.000000 0.000000 0.000000 0.000000 0.000000 -86.093925 0.714865 4.710516 -75.743965 18.284515 -15.922832 1.109626 -13.664641 114.182861 4.025163 -31.882635 20.055977 -27.580896 1.520670 33.202553 0.000018 0.000013 -66.283211 -0.000143 -0.000021 -46.541809 -0.000867 0.000000 -0.004721 -91.013412 -0.159821 -5.495853 -63.889427 0.708825 0.699868 -64.124542 0.760466 0.467731 0.000040 0.000269 0.000036 -88.785110 -0.050320 -1.990865 -62.726315 0.228278 0.320077 -62.757256 0.192514 0.233216 0.001208 -0.000028 0.000116 -92.911476 0.143707 1.597010 -64.669228 -0.447296 -0.375909 -64.757187 -0.338557 -0.210761 -0.000069 0.000012 0.000007 -94.188637 0.572627 8.333437 -62.370838 -1.542230 -0.872135 -63.259563 -1.301046 -0.461355 0.001083 0.000012 -0.000034 0.000000 0.000000 0.000000 0.000000 0.000000 0.000000 -5.476096 -13.500968 13.082112 -0.175669 -1.032698 5.447258 1.711224 -8.650302 20.415775 -0.801460 1.439967 -19.159765 0.000000 0.000000 0.000000 0.000000 0.000000 0.000000 0.000000 0.000000 0.000000 7.848479 -4.709820 8.302107 0.221167 0.871351 8.751014 -2.299108 -0.184115 18.002571 0.928826 -0.945884 -20.406672 0.000000 0.000000 0.000000 0.000000 0.000000 0.000000 0.000000 0.000000 0.000000 
0.596622 88.968384 4.019964 -1.929079 1.655677 -10.939266 2.058639 0.131969 6.493952 -0.952903 0.456185 3.458763 -0.044923 0.861886 6.530182 -2.079610 0.467371 4.953294 5.694016 -5.077411 5.905768 0.032716 -2.999969 -3.210033 0.588820 -0.957275 -18.559586 0.000000 0.000000 0.000000 87.328514 0.326429 10.068841 65.952667 -23.218523 -2.900733 -0.790151 17.369047 105.565636 -5.589960 24.876911 10.557062 27.181580 -1.201723 33.871708 -0.000016 0.000007 -67.274277 -0.000009 0.000040 -46.487999 -0.000001 -0.000012 -0.000011 100.867149 -0.134245 -0.606691 68.853210 1.527770 -1.359676 68.876411 1.546460 -1.108790 -0.000003 0.000019 -0.000011 98.900276 -0.078448 4.419883 67.818466 0.555084 -0.600577 67.928627 0.500716 -0.453571 -0.000017 0.000089 -0.000002 101.028229 0.038702 9.795091 70.601303 -1.074848 0.547048 70.603020 -0.673322 0.443965 0.000008 -0.001469 -0.000006 95.265213 0.335146 14.837858 68.030281 -3.057133 1.523822 68.292061 -2.582031 1.213565 -0.000998 -0.000004 0.000025 0.000000 0.000000 0.000000 0.000000 0.000000 0.000000 -86.115044 0.737173 4.578036 -75.744797 18.001717 -16.187408 1.142721 -13.818033 114.343567 4.059534 -30.818621 20.243387 -27.660629 1.518324 33.154373 0.000017 0.000014 -66.497795 -0.000141 -0.000020 -46.699738 -0.000740 -0.000001 -0.004854 -91.278847 -0.160402 -5.646483 -64.127502 0.708402 0.704858 -64.368988 0.759367 0.469407 0.000040 0.000505 0.000036 -89.051765 -0.050370 -2.108447 -62.975227 0.228315 0.319745 -63.000523 0.192270 0.233272 0.001259 -0.000027 0.000130 -93.287727 0.145555 1.548014 -64.998192 -0.445455 -0.379783 -65.081467 -0.338444 -0.214081 0.000049 0.000012 0.000006 -94.646820 0.570611 8.252096 -62.748512 -1.538621 -0.882746 -63.642471 -1.297251 -0.462871 0.001135 0.000012 -0.000035 0.000000 0.000000 0.000000 0.000000 0.000000 0.000000 -5.410351 -13.470511 13.069307 -0.175071 -1.016135 5.529104 1.685892 -8.654128 20.307581 -0.815497 1.417692 -19.115847 0.000000 0.000000 0.000000 0.000000 0.000000 0.000000 0.000000 0.000000 0.000000 7.788384 -4.690697 8.194438 0.224791 0.865247 8.888391 -2.317613 0.108870 18.007080 0.928726 -0.930613 -20.382715 0.000000 0.000000 0.000000 0.000000 0.000000 0.000000 0.000000 0.000000 0.000000 
0.639668 88.943771 4.061565 -1.893503 1.849834 -10.874895 2.123767 0.125178 6.445753 -0.901379 0.463188 3.479438 -0.105034 1.066336 6.595657 -2.113403 0.564791 4.912557 5.615697 -4.964265 5.599162 0.054859 -2.907372 -3.375575 0.527513 -0.994198 -18.551056 0.000000 0.000000 0.000000 87.136292 0.312044 10.159800 65.887016 -22.948008 -3.018689 -0.744001 17.469547 105.976852 -5.611106 24.727299 10.589018 27.168011 -1.200061 33.886841 -0.000016 0.000008 -67.222336 -0.000010 0.000040 -46.449379 -0.000001 -0.000013 -0.000011 100.864052 -0.132401 -0.562956 68.771477 1.523233 -1.335706 68.802299 1.541470 -1.085235 -0.000003 0.000019 -0.000012 98.875641 -0.078987 4.453870 67.734467 0.552668 -0.590976 67.851578 0.498700 -0.443995 -0.000017 0.000094 -0.000002 101.032730 0.038461 9.794955 70.549019 -1.070413 0.531230 70.554558 -0.670177 0.431879 0.000008 -0.001643 -0.000006 95.293694 0.329937 14.823714 68.009773 -3.048248 1.478878 68.265221 -2.576324 1.174628 -0.000955 -0.000005 0.000025 0.000000 0.000000 0.000000 0.000000 0.000000 0.000000 -86.096786 0.750272 4.407719 -75.596252 17.794640 -16.575247 1.164278 -13.960135 114.567848 3.928763 -29.609520 20.388205 -27.727146 1.519648 33.110001 0.000017 0.000015 -66.674797 -0.000137 -0.000018 -46.829800 -0.000689 -0.000001 -0.004934 -91.436455 -0.159597 -5.766620 -64.295990 0.709435 0.714300 -64.546730 0.759790 0.474215 0.000040 0.000698 0.000036 -89.213669 -0.049929 -2.194805 -63.154324 0.228936 0.321370 -63.174450 0.192355 0.234438 0.001272 -0.000027 0.000144 -93.526268 0.146806 1.506948 -65.231873 -0.444557 -0.385021 -65.314232 -0.338838 -0.217683 0.000119 0.000011 0.000006 -94.949814 0.567177 8.186927 -63.010727 -1.537657 -0.893962 -63.910862 -1.295971 -0.466612 0.001144 0.000012 -0.000035 0.000000 0.000000 0.000000 0.000000 0.000000 0.000000 -5.357984 -13.495030 12.989916 -0.173727 -1.004979 5.609011 1.663849 -8.691144 20.222370 -0.833575 1.403414 -19.082973 0.000000 0.000000 0.000000 0.000000 0.000000 0.000000 0.000000 0.000000 0.000000 7.738389 -4.626380 8.004906 0.226734 0.851938 9.023379 -2.333835 0.301714 18.026468 0.926122 -0.915427 -20.371017 0.000000 0.000000 0.000000 0.000000 0.000000 0.000000 0.000000 0.000000 0.000000 
0.686353 88.924515 4.092598 -1.856034 2.105930 -10.764206 2.165736 0.114913 6.403858 -0.865998 0.455488 3.473706 -0.169048 1.223474 6.645468 -2.107307 0.647525 4.864980 5.557061 -4.869757 5.396352 0.084677 -2.808496 -3.470534 0.472961 -1.035748 -18.527540 0.000000 0.000000 0.000000 86.940140 0.311737 10.220471 65.568840 -22.680014 -3.108829 -0.708075 17.529634 106.344620 -5.626209 24.559998 10.529709 27.148901 -1.201154 33.901905 -0.000016 0.000008 -67.141335 -0.000011 0.000040 -46.398785 -0.000001 -0.000013 -0.000011 100.777824 -0.130268 -0.528578 68.633354 1.516368 -1.309937 68.672760 1.534638 -1.061324 -0.000003 0.000019 -0.000012 98.777405 -0.079089 4.488987 67.599388 0.549413 -0.580569 67.719208 0.496067 -0.434070 -0.000017 0.000099 -0.000002 100.943535 0.037744 9.818647 70.422409 -1.064361 0.515284 70.435547 -0.666186 0.419721 0.000007 -0.001794 -0.000007 95.196007 0.321625 14.817266 67.905685 -3.035450 1.432037 68.157135 -2.566876 1.133513 -0.000958 -0.000005 0.000025 0.000000 0.000000 0.000000 0.000000 0.000000 0.000000 -86.041817 0.742922 4.259318 -75.348152 17.705418 -17.011757 1.173583 -14.027910 114.688065 3.858253 -28.649820 20.410635 -27.769693 1.523714 33.076359 0.000017 0.000015 -66.789001 -0.000132 -0.000017 -46.912838 -0.000734 -0.000000 -0.004934 -91.493690 -0.157765 -5.852054 -64.376701 0.711239 0.730729 -64.638298 0.761144 0.484662 0.000040 0.000848 0.000036 -89.271523 -0.048871 -2.245685 -63.247242 0.229880 0.325999 -63.262867 0.192641 0.237420 0.001209 -0.000028 0.000156 -93.600281 0.147425 1.472867 -65.348335 -0.443946 -0.391053 -65.433861 -0.339275 -0.221899 0.000139 0.000011 0.000006 -95.051559 0.562261 8.124557 -63.141510 -1.535273 -0.905247 -64.046944 -1.294176 -0.472506 0.001120 0.000011 -0.000036 0.000000 0.000000 0.000000 0.000000 0.000000 0.000000 -5.328326 -13.576197 12.884521 -0.172186 -0.999777 5.629573 1.637945 -8.741737 20.170691 -0.852345 1.397196 -19.065376 0.000000 0.000000 0.000000 0.000000 0.000000 0.000000 0.000000 0.000000 0.000000 7.694111 -4.521078 7.777665 0.226928 0.834750 9.112293 -2.345870 0.357927 18.063646 0.922104 -0.905458 -20.383327 0.000000 0.000000 0.000000 0.000000 0.000000 0.000000 0.000000 0.000000 0.000000 
0.730049 88.913284 4.117537 -1.820811 2.401772 -10.628876 2.188335 0.105700 6.374673 -0.844274 0.442124 3.432716 -0.238353 1.327994 6.689050 -2.057593 0.704449 4.790025 5.524605 -4.806400 5.290085 0.124590 -2.721076 -3.508700 0.431245 -1.077566 -18.480965 0.000000 0.000000 0.000000 86.759583 0.328486 10.255124 65.127602 -22.415901 -3.188264 -0.690929 17.597851 106.458519 -5.719038 24.454943 10.293548 27.084377 -1.204660 33.934654 -0.000017 0.000008 -66.959938 -0.000011 0.000040 -46.279449 -0.000002 -0.000013 -0.000011 100.582825 -0.128389 -0.515549 68.384163 1.505276 -1.277907 68.430962 1.524335 -1.032652 -0.000003 0.000019 -0.000012 98.561424 -0.078849 4.516538 67.356491 0.544691 -0.568475 67.479202 0.492374 -0.423042 -0.000017 0.000103 -0.000003 100.714867 0.036557 9.849778 70.185822 -1.055375 0.498592 70.208427 -0.660507 0.406886 0.000006 -0.001891 -0.000008 94.955902 0.311791 14.803213 67.697525 -3.014117 1.383014 67.944763 -2.549611 1.090874 -0.000990 -0.000005 0.000025 0.000000 0.000000 0.000000 0.000000 0.000000 0.000000 -85.938011 0.715354 4.148466 -75.065140 17.802345 -17.422815 1.172527 -14.017867 114.632629 3.958175 -28.007700 20.303415 -27.772524 1.527536 33.065163 0.000017 0.000016 -66.814888 -0.000126 -0.000016 -46.926975 -0.000848 0.000001 -0.004857 -91.474205 -0.155732 -5.919436 -64.356255 0.712362 0.750726 -64.629723 0.761922 0.498753 0.000041 0.000980 0.000036 -89.245758 -0.047428 -2.275603 -63.241550 0.230566 0.332545 -63.254284 0.192793 0.241617 0.001081 -0.000028 0.000167 -93.549889 0.147450 1.443320 -65.354462 -0.442280 -0.397544 -65.442940 -0.339027 -0.226667 0.000186 0.000011 0.000006 -94.993195 0.555746 8.058855 -63.161892 -1.527341 -0.915628 -64.067413 -1.288766 -0.479730 0.001092 0.000010 -0.000036 0.000000 0.000000 0.000000 0.000000 0.000000 0.000000 -5.320355 -13.692401 12.779202 -0.170758 -0.998843 5.599139 1.611566 -8.806980 20.147049 -0.864565 1.395059 -19.056509 0.000000 0.000000 0.000000 0.000000 0.000000 0.000000 0.000000 0.000000 0.000000 7.647167 -4.419753 7.535548 0.226348 0.818580 9.142951 -2.356009 0.302169 18.122578 0.920930 -0.901214 -20.423517 0.000000 0.000000 0.000000 0.000000 0.000000 0.000000 0.000000 0.000000 0.000000 
0.767237 88.907715 4.139328 -1.797780 2.720652 -10.496468 2.197937 0.097761 6.363994 -0.826085 0.428473 3.378968 -0.316098 1.378788 6.715281 -1.970801 0.727237 4.690942 5.522501 -4.767261 5.235024 0.168585 -2.645260 -3.517113 0.398138 -1.114732 -18.404369 0.000000 0.000000 0.000000 86.597481 0.354438 10.250700 64.646217 -22.141331 -3.295286 -0.688119 17.702271 106.353172 -5.854257 24.505901 9.970598 26.965473 -1.210134 33.989922 -0.000017 0.000008 -66.659668 -0.000011 0.000040 -46.074768 -0.000002 -0.000014 -0.000011 100.263062 -0.126978 -0.528672 68.010094 1.489922 -1.238532 68.063011 1.510585 -0.997612 -0.000003 0.000018 -0.000012 98.206566 -0.078316 4.521645 66.991341 0.538517 -0.554339 67.119537 0.487638 -0.410635 -0.000017 0.000108 -0.000003 100.328697 0.035115 9.865708 69.833809 -1.043468 0.480696 69.867729 -0.653087 0.392942 0.000005 -0.001931 -0.000009 94.576271 0.302112 14.755516 67.391777 -2.983938 1.332741 67.634315 -2.524442 1.047995 -0.001040 -0.000005 0.000025 0.000000 0.000000 0.000000 0.000000 0.000000 0.000000 -85.780907 0.676130 4.074919 -74.797722 18.006718 -17.796980 1.161318 -13.965302 114.460655 4.104865 -27.709408 20.143848 -27.732721 1.530473 33.077164 0.000017 0.000016 -66.755501 -0.000120 -0.000015 -46.873665 -0.000984 0.000002 -0.004726 -91.381233 -0.153771 -5.992055 -64.246315 0.711625 0.769843 -64.531479 0.760998 0.512408 0.000041 0.001092 0.000036 -89.145660 -0.045836 -2.308822 -63.150963 0.230442 0.339116 -63.163822 0.192465 0.245730 0.000901 -0.000029 0.000175 -93.407188 0.146814 1.402837 -65.280746 -0.439014 -0.404002 -65.370171 -0.337663 -0.231238 0.000287 0.000011 0.000006 -94.820107 0.547339 7.966535 -63.117085 -1.512734 -0.926638 -64.017403 -1.278883 -0.488134 0.001065 0.000010 -0.000037 0.000000 0.000000 0.000000 0.000000 0.000000 0.000000 -5.318759 -13.815515 12.687204 -0.169536 -1.000259 5.556531 1.593356 -8.894755 20.130026 -0.868091 1.394834 -19.050060 0.000000 0.000000 0.000000 0.000000 0.000000 0.000000 0.000000 0.000000 0.000000 7.607411 -4.360381 7.282003 0.225439 0.806021 9.148457 -2.361495 0.168336 18.202261 0.924350 -0.900143 -20.490993 0.000000 0.000000 0.000000 0.000000 0.000000 0.000000 0.000000 0.000000 0.000000 
0.798286 88.902527 4.159883 -1.788312 3.049658 -10.384996 2.192950 0.091806 6.374181 -0.811819 0.415534 3.334699 -0.399340 1.379430 6.715293 -1.866085 0.716217 4.584450 5.530082 -4.739396 5.199077 0.206404 -2.574809 -3.513069 0.371911 -1.142540 -18.300972 0.000000 0.000000 0.000000 86.439713 0.383129 10.211222 64.182953 -21.835918 -3.423391 -0.692505 17.822994 106.126389 -6.021730 24.715879 9.648656 26.808495 -1.217179 34.061047 -0.000017 0.000008 -66.272888 -0.000011 0.000040 -45.808445 -0.000003 -0.000014 -0.000011 99.821678 -0.126342 -0.561691 67.534332 1.472724 -1.196591 67.593597 1.495490 -0.960099 -0.000002 0.000018 -0.000012 97.725319 -0.077663 4.498997 66.527145 0.531726 -0.539628 66.663170 0.482539 -0.398013 -0.000017 0.000114 -0.000004 99.802711 0.033567 9.854942 69.382935 -1.030344 0.463037 69.430443 -0.644999 0.379069 0.000004 -0.001935 -0.000009 94.069527 0.293533 14.662143 67.000809 -2.949604 1.285240 67.239685 -2.495581 1.008700 -0.001106 -0.000005 0.000025 0.000000 0.000000 0.000000 0.000000 0.000000 0.000000 -85.577080 0.632614 4.039316 -74.556221 18.208366 -18.131607 1.136235 -13.891549 114.269180 4.152428 -27.674202 20.024017 -27.662312 1.532550 33.105133 0.000017 0.000016 -66.639130 -0.000114 -0.000014 -46.775246 -0.001107 0.000003 -0.004581 -91.245773 -0.151824 -6.067412 -64.088783 0.709473 0.786977 -64.383400 0.758801 0.524189 0.000042 0.001167 0.000035 -89.003998 -0.044202 -2.348092 -63.018749 0.229650 0.344971 -63.034611 0.191700 0.249267 0.000694 -0.000029 0.000181 -93.213036 0.145633 1.342901 -65.173767 -0.434961 -0.410774 -65.263016 -0.335576 -0.235595 0.000406 0.000010 0.000006 -94.582573 0.537403 7.824695 -63.055988 -1.494420 -0.942692 -63.946808 -1.266705 -0.499926 0.001030 0.000009 -0.000038 0.000000 0.000000 0.000000 0.000000 0.000000 0.000000 -5.320511 -13.937359 12.615121 -0.168566 -1.002209 5.526846 1.594909 -9.010145 20.102951 -0.865869 1.396045 -19.041965 0.000000 0.000000 0.000000 0.000000 0.000000 0.000000 0.000000 0.000000 0.000000 7.577261 -4.345132 7.023217 0.224058 0.797333 9.158696 -2.351452 -0.014536 18.295612 0.930378 -0.900017 -20.578180 0.000000 0.000000 0.000000 0.000000 0.000000 0.000000 0.000000 0.000000 0.000000 
0.825655 88.892410 4.182065 -1.785249 3.377627 -10.300669 2.171078 0.089203 6.401513 -0.806472 0.404303 3.305449 -0.480851 1.339578 6.692061 -1.760468 0.680168 4.484056 5.533610 -4.719232 5.160215 0.234787 -2.510099 -3.510723 0.352498 -1.162153 -18.187683 0.000000 0.000000 0.000000 86.285347 0.409727 10.147470 63.763844 -21.495602 -3.562899 -0.698566 17.940800 105.853271 -6.236551 25.062317 9.365356 26.624859 -1.225499 34.143513 -0.000017 0.000008 -65.823395 -0.000010 0.000040 -45.497635 -0.000003 -0.000014 -0.000011 99.267456 -0.126491 -0.606632 66.977699 1.454644 -1.155665 67.043892 1.479761 -0.923201 -0.000002 0.000017 -0.000012 97.131310 -0.077136 4.450567 65.982712 0.524606 -0.525375 66.127907 0.477289 -0.385896 -0.000017 0.000121 -0.000004 99.158920 0.032087 9.810837 68.846909 -1.016687 0.446341 68.909660 -0.636624 0.365903 0.000003 -0.001928 -0.000009 93.457169 0.286155 14.514992 66.531548 -2.913024 1.240783 66.768555 -2.464716 0.973109 -0.001181 -0.000004 0.000025 0.000000 0.000000 0.000000 0.000000 0.000000 0.000000 -85.341354 0.588892 4.033953 -74.347054 18.352879 -18.435720 1.099108 -13.817448 114.112907 4.077744 -27.816883 19.976498 -27.579823 1.534115 33.139278 0.000017 0.000016 -66.501869 -0.000108 -0.000013 -46.660484 -0.001198 0.000004 -0.004450 -91.107407 -0.149901 -6.124044 -63.925877 0.706355 0.804296 -64.226875 0.755762 0.535832 0.000042 0.001203 0.000035 -88.858414 -0.042670 -2.378051 -62.884754 0.228429 0.350681 -62.905479 0.190649 0.252774 0.000493 -0.000030 0.000185 -93.008926 0.143961 1.272910 -65.071747 -0.430682 -0.419007 -65.159973 -0.333152 -0.240660 0.000517 0.000010 0.000006 -94.328957 0.525847 7.636514 -63.011593 -1.474776 -0.968002 -63.889641 -1.253875 -0.518080 0.000991 0.000009 -0.000038 0.000000 0.000000 0.000000 0.000000 0.000000 0.000000 -5.332365 -14.059359 12.564385 -0.167870 -1.003838 5.523658 1.617628 -9.146820 20.050676 -0.861323 1.397385 -19.026894 0.000000 0.000000 0.000000 0.000000 0.000000 0.000000 0.000000 0.000000 0.000000 7.550136 -4.359228 6.769348 0.222518 0.791967 9.189985 -2.322935 -0.215715 18.387405 0.936986 -0.899741 -20.672724 0.000000 0.000000 0.000000 0.000000 0.000000 0.000000 0.000000 0.000000 0.000000 
0.852207 88.874207 4.206908 -1.780305 3.697160 -10.244885 2.133928 0.090761 6.443963 -0.810838 0.396210 3.291154 -0.558588 1.271899 6.652256 -1.663394 0.628825 4.397721 5.527499 -4.706553 5.101868 0.256388 -2.454104 -3.518636 0.338460 -1.178600 -18.079384 0.000000 0.000000 0.000000 86.138596 0.431361 10.077035 63.377487 -21.100819 -3.670619 -0.701548 18.049688 105.571800 -6.491333 25.508759 9.119688 26.416430 -1.235303 34.236347 -0.000017 0.000007 -65.315102 -0.000010 0.000039 -45.144562 -0.000003 -0.000014 -0.000011 98.585487 -0.126884 -0.662922 66.340355 1.433968 -1.113263 66.413429 1.461584 -0.884753 -0.000002 0.000016 -0.000012 96.410065 -0.076843 4.372177 65.355194 0.516404 -0.510312 65.510475 0.471268 -0.373163 -0.000017 0.000128 -0.000004 98.394859 0.030755 9.720308 68.223473 -1.001298 0.428577 68.302299 -0.627085 0.351943 0.000002 -0.001926 -0.000009 92.748940 0.279550 14.304845 65.981125 -2.870852 1.191878 66.217461 -2.429168 0.934915 -0.001253 -0.000004 0.000025 0.000000 0.000000 0.000000 0.000000 0.000000 0.000000 -85.088356 0.546490 4.052216 -74.158028 18.420504 -18.696978 1.058360 -13.752010 113.996780 3.894285 -28.075428 20.001818 -27.497416 1.535896 33.172859 0.000017 0.000016 -66.366272 -0.000103 -0.000012 -46.546982 -0.001245 0.000004 -0.004339 -90.971855 -0.147803 -6.148818 -63.774868 0.701271 0.820446 -64.079323 0.750920 0.546431 0.000043 0.001211 0.000035 -88.715912 -0.041270 -2.391415 -62.762222 0.226419 0.355532 -62.789009 0.189054 0.255697 0.000320 -0.000030 0.000186 -92.810234 0.141769 1.195844 -64.986176 -0.425457 -0.427594 -65.071877 -0.330000 -0.245756 0.000605 0.000010 0.000006 -94.082901 0.512400 7.412111 -62.990986 -1.452475 -0.997731 -63.853638 -1.239163 -0.538968 0.000953 0.000009 -0.000039 0.000000 0.000000 0.000000 0.000000 0.000000 0.000000 -5.360483 -14.182287 12.528899 -0.167470 -1.004534 5.560238 1.657109 -9.287922 19.962049 -0.856694 1.397521 -19.000336 0.000000 0.000000 0.000000 0.000000 0.000000 0.000000 0.000000 0.000000 0.000000 7.518498 -4.390247 6.526641 0.221344 0.789082 9.254109 -2.279947 -0.412152 18.461998 0.942864 -0.898919 -20.763458 0.000000 0.000000 0.000000 0.000000 0.000000 0.000000 0.000000 0.000000 0.000000 
0.880828 88.847046 4.232800 -1.766742 4.004674 -10.217706 2.083942 0.096595 6.501702 -0.818194 0.391333 3.293787 -0.637312 1.191320 6.600618 -1.577122 0.570478 4.332362 5.509470 -4.699552 5.014613 0.274470 -2.407221 -3.538807 0.327644 -1.196396 -17.984711 0.000000 0.000000 0.000000 85.992027 0.448328 10.022007 62.991158 -20.633938 -3.690303 -0.698097 18.140841 105.314720 -6.778622 26.008875 8.883325 26.178625 -1.247463 34.340511 -0.000017 0.000007 -64.735611 -0.000009 0.000039 -44.740582 -0.000003 -0.000014 -0.000011 97.730598 -0.127003 -0.743891 65.599190 1.407224 -1.062163 65.678429 1.437554 -0.838342 -0.000002 0.000015 -0.000012 95.515366 -0.076842 4.246938 64.619026 0.505704 -0.491427 64.785248 0.463325 -0.357299 -0.000018 0.000137 -0.000004 97.476837 0.029658 9.559352 67.490234 -0.981845 0.405736 67.585770 -0.614779 0.334173 0.000002 -0.001938 -0.000009 91.928711 0.273255 14.014794 65.332603 -2.816742 1.126966 65.568359 -2.383704 0.884521 -0.001316 -0.000004 0.000025 0.000000 0.000000 0.000000 0.000000 0.000000 0.000000 -84.820053 0.503943 4.094618 -73.960350 18.421886 -18.888561 1.022724 -13.685262 113.911209 3.610271 -28.378523 20.079775 -27.417206 1.539180 33.203514 0.000017 0.000016 -66.234344 -0.000097 -0.000011 -46.436714 -0.001238 0.000005 -0.004248 -90.808548 -0.145337 -6.150480 -63.625584 0.691936 0.829027 -63.930927 0.742024 0.550895 0.000043 0.001190 0.000035 -88.549706 -0.039973 -2.400082 -62.637409 0.222738 0.356949 -62.670963 0.186252 0.255943 0.000186 -0.000031 0.000186 -92.597130 0.139037 1.099197 -64.900665 -0.417648 -0.432902 -64.981750 -0.325089 -0.248295 0.000670 0.000010 0.000006 -93.830742 0.496859 7.153781 -62.975842 -1.423545 -1.018983 -63.820717 -1.219270 -0.552815 0.000918 0.000009 -0.000039 0.000000 0.000000 0.000000 0.000000 0.000000 0.000000 -5.409792 -14.307912 12.496704 -0.167406 -1.003794 5.651705 1.708144 -9.409001 19.830303 -0.853476 1.395552 -18.958555 0.000000 0.000000 0.000000 0.000000 0.000000 0.000000 0.000000 0.000000 0.000000 7.473714 -4.428645 6.294180 0.220794 0.787016 9.361917 -2.222988 -0.589014 18.511013 0.946244 -0.896644 -20.844217 0.000000 0.000000 0.000000 0.000000 0.000000 0.000000 0.000000 0.000000 0.000000 
0.913888 88.812546 4.257540 -1.740111 4.295176 -10.225579 2.025694 0.105007 6.572667 -0.815960 0.387895 3.320980 -0.725784 1.118121 6.544904 -1.500046 0.513458 4.300435 5.468596 -4.688397 4.906244 0.290984 -2.364323 -3.566276 0.317956 -1.217141 -17.911720 0.000000 0.000000 0.000000 85.836205 0.458635 10.006502 62.575142 -20.085245 -3.588763 -0.686507 18.201723 105.118614 -7.129730 26.503517 8.619758 25.912062 -1.263874 34.453205 -0.000017 0.000006 -64.077545 -0.000009 0.000039 -44.283291 -0.000002 -0.000013 -0.000010 96.649162 -0.126950 -0.881843 64.726837 1.371937 -0.998932 64.810959 1.405262 -0.780986 -0.000002 0.000015 -0.000012 94.389587 -0.077225 4.045420 63.745495 0.491625 -0.467280 63.923203 0.452676 -0.337088 -0.000018 0.000147 -0.000004 96.351555 0.028970 9.298343 66.620117 -0.956751 0.375998 66.733337 -0.598687 0.311274 0.000002 -0.001969 -0.000008 90.957016 0.267123 13.622596 64.565025 -2.746650 1.042541 64.799599 -2.324826 0.818782 -0.001362 -0.000003 0.000025 0.000000 0.000000 0.000000 0.000000 0.000000 0.000000 -84.542091 0.461719 4.166803 -73.715042 18.378328 -18.966307 1.000834 -13.600025 113.861908 3.281322 -28.617090 20.153986 -27.335587 1.546251 33.230656 0.000017 0.000015 -66.093086 -0.000091 -0.000010 -46.322098 -0.001175 0.000005 -0.004185 -90.565399 -0.142575 -6.158574 -63.444679 0.676811 0.825458 -63.749176 0.727489 0.545565 0.000043 0.001140 0.000035 -88.311188 -0.038857 -2.432600 -62.475101 0.216838 0.353149 -62.515408 0.181830 0.252102 0.000089 -0.000032 0.000186 -92.317719 0.135799 0.959726 -64.775116 -0.406246 -0.432530 -64.849258 -0.317747 -0.246602 0.000713 0.000010 0.000006 -93.518356 0.479083 6.852308 -62.924118 -1.385735 -1.023736 -63.749054 -1.192113 -0.553591 0.000886 0.000009 -0.000039 0.000000 0.000000 0.000000 0.000000 0.000000 0.000000 -5.483570 -14.430869 12.460224 -0.167646 -1.001112 5.815069 1.764375 -9.488186 19.651686 -0.853044 1.391138 -18.897518 0.000000 0.000000 0.000000 0.000000 0.000000 0.000000 0.000000 0.000000 0.000000 7.408648 -4.463309 6.076548 0.220795 0.783555 9.523602 -2.152057 -0.725874 18.529629 0.945288 -0.892129 -20.908215 0.000000 0.000000 0.000000 0.000000 0.000000 0.000000 0.000000 0.000000 0.000000 
0.951189 88.775795 4.281084 -1.701394 4.558060 -10.279023 1.969208 0.113233 6.651226 -0.798944 0.386672 3.378321 -0.821344 1.071125 6.494987 -1.431029 0.466308 4.315469 5.382341 -4.652316 4.792353 0.304891 -2.314494 -3.596310 0.307076 -1.240212 -17.870432 0.000000 0.000000 0.000000 85.678963 0.453803 10.048833 62.080147 -19.458702 -3.340432 -0.666982 18.236275 104.987183 -7.555466 26.924067 8.338556 25.621729 -1.287201 34.568188 -0.000016 0.000005 -63.339893 -0.000009 0.000039 -43.777035 -0.000002 -0.000013 -0.000010 95.283073 -0.127362 -1.121514 63.697445 1.327809 -0.928924 63.783440 1.364271 -0.717691 -0.000002 0.000014 -0.000012 92.968971 -0.078177 3.737850 62.706985 0.474286 -0.439762 62.896805 0.439242 -0.314093 -0.000018 0.000158 -0.000004 94.951569 0.028946 8.922479 65.583237 -0.925836 0.341758 65.714905 -0.578726 0.285128 0.000002 -0.002015 -0.000008 89.772621 0.261130 13.128113 63.649204 -2.660291 0.946510 63.880844 -2.251977 0.743889 -0.001379 -0.000003 0.000025 0.000000 0.000000 0.000000 0.000000 0.000000 0.000000 -84.280022 0.426040 4.267849 -73.360138 18.317011 -18.866919 0.999315 -13.498094 113.854286 2.976039 -28.653568 20.193888 -27.245506 1.559625 33.255203 0.000017 0.000015 -65.918839 -0.000086 -0.000009 -46.189121 -0.001062 0.000005 -0.004157 -90.184494 -0.139860 -6.202080 -63.183933 0.656245 0.811327 -63.486668 0.707426 0.532040 0.000043 0.001077 0.000035 -87.944603 -0.038146 -2.513761 -62.227543 0.208961 0.344894 -62.274021 0.175972 0.244876 0.000020 -0.000033 0.000186 -91.907715 0.132140 0.763883 -64.556625 -0.391739 -0.427523 -64.621117 -0.308202 -0.241610 0.000748 0.000011 0.000006 -93.071091 0.459412 6.502371 -62.778915 -1.340463 -1.015117 -63.582344 -1.158249 -0.544501 0.000854 0.000009 -0.000039 0.000000 0.000000 0.000000 0.000000 0.000000 0.000000 -5.575365 -14.535571 12.425095 -0.167919 -0.996056 6.055135 1.819062 -9.514211 19.428352 -0.856187 1.384092 -18.817209 0.000000 0.000000 0.000000 0.000000 0.000000 0.000000 0.000000 0.000000 0.000000 7.328958 -4.477840 5.894001 0.221258 0.777135 9.740721 -2.076791 -0.784781 18.516302 0.941237 -0.885187 -20.948343 0.000000 0.000000 0.000000 0.000000 0.000000 0.000000 0.000000 0.000000 0.000000 
0.992020 88.743408 4.304542 -1.651003 4.782039 -10.373708 1.916260 0.122240 6.731595 -0.777781 0.390409 3.459305 -0.908675 1.053075 6.461939 -1.374722 0.432230 4.379579 5.259879 -4.597268 4.672861 0.308390 -2.267973 -3.630581 0.299918 -1.261073 -17.868164 0.000000 0.000000 0.000000 85.540062 0.430667 10.153878 61.465107 -18.800997 -2.933038 -0.650649 18.261631 104.861092 -8.022974 27.159901 8.042792 25.297142 -1.318816 34.687813 -0.000016 0.000004 -62.496159 -0.000009 0.000039 -43.206375 -0.000001 -0.000013 -0.000010 93.551369 -0.129162 -1.443790 62.460567 1.278833 -0.867887 62.544552 1.318148 -0.662705 -0.000001 0.000013 -0.000011 91.183487 -0.080083 3.348829 61.458271 0.455438 -0.414812 61.661633 0.424217 -0.293138 -0.000019 0.000169 -0.000004 93.219566 0.029722 8.474680 64.337471 -0.891742 0.311290 64.487686 -0.556744 0.261884 0.000003 -0.002021 -0.000007 88.309875 0.254916 12.579751 62.538109 -2.565372 0.861398 62.762920 -2.171403 0.677831 -0.001361 -0.000002 0.000025 0.000000 0.000000 0.000000 0.000000 0.000000 0.000000 -84.057297 0.400717 4.400347 -72.874870 18.281120 -18.524021 1.016512 -13.400147 113.851639 2.727216 -28.408451 20.220762 -27.129551 1.580441 33.283867 0.000017 0.000015 -65.666466 -0.000082 -0.000009 -46.007797 -0.000901 0.000004 -0.004147 -89.589355 -0.137330 -6.279661 -62.777016 0.632906 0.791430 -63.077927 0.684105 0.514817 0.000043 0.001052 0.000035 -87.380142 -0.037941 -2.636633 -61.835381 0.200330 0.334258 -61.887569 0.169426 0.235949 -0.000027 -0.000033 0.000187 -91.309776 0.128171 0.540186 -64.194313 -0.376360 -0.420679 -64.245804 -0.297720 -0.235534 0.000780 0.000011 0.000006 -92.438942 0.438587 6.137114 -62.494118 -1.292736 -1.000913 -63.271576 -1.121069 -0.532791 0.000827 0.000009 -0.000038 0.000000 0.000000 0.000000 0.000000 0.000000 0.000000 -5.669897 -14.605170 12.388665 -0.168093 -0.989033 6.368521 1.869179 -9.498322 19.168392 -0.862614 1.377774 -18.721481 0.000000 0.000000 0.000000 0.000000 0.000000 0.000000 0.000000 0.000000 0.000000 7.245842 -4.457679 5.750274 0.222028 0.767453 10.011618 -2.010801 -0.750581 18.477005 0.937030 -0.876864 -20.964476 0.000000 0.000000 0.000000 0.000000 0.000000 0.000000 0.000000 0.000000 0.000000 
1.039396 88.713623 4.329106 -1.592170 4.953937 -10.505083 1.853739 0.135132 6.823769 -0.756861 0.396143 3.552219 -0.982836 1.060488 6.463831 -1.337054 0.413342 4.478581 5.162831 -4.579638 4.540791 0.288685 -2.274405 -3.674623 0.312825 -1.269736 -17.903835 0.000000 0.000000 0.000000 85.425858 0.403878 10.317703 60.746506 -18.200678 -2.370842 -0.644738 18.272484 104.682869 -8.420627 27.054802 7.660598 24.897955 -1.359762 34.829231 -0.000016 0.000003 -61.453682 -0.000009 0.000038 -42.507477 -0.000000 -0.000012 -0.000009 91.264549 -0.134591 -1.869505 60.879658 1.231762 -0.842718 60.958347 1.273439 -0.640441 -0.000001 0.000013 -0.000011 88.862579 -0.083811 2.859087 59.874310 0.437927 -0.402797 60.092426 0.409687 -0.282727 -0.000019 0.000178 -0.000004 91.010498 0.031695 7.956570 62.761089 -0.858936 0.299202 62.929794 -0.536037 0.252339 0.000004 -0.001928 -0.000006 86.416985 0.248915 11.967299 61.105381 -2.474682 0.827881 61.318417 -2.093776 0.652592 -0.001305 -0.000001 0.000025 0.000000 0.000000 0.000000 0.000000 0.000000 0.000000 -83.861267 0.371408 4.596540 -72.387093 18.213873 -17.906805 1.052838 -13.329453 113.836319 2.536728 -28.019976 20.190626 -26.927057 1.609074 33.342781 0.000016 0.000014 -65.204659 -0.000081 -0.000010 -45.681141 -0.000726 0.000004 -0.004137 -88.581291 -0.135620 -6.406856 -62.055531 0.611947 0.782985 -62.355526 0.662586 0.508669 0.000042 0.001094 0.000035 -86.425758 -0.038488 -2.812634 -61.140831 0.193214 0.327839 -61.199238 0.163743 0.230542 -0.000021 -0.000034 0.000193 -90.339859 0.124460 0.295643 -63.545059 -0.363739 -0.420637 -63.579933 -0.288540 -0.234768 0.000791 0.000012 0.000006 -91.440987 0.418185 5.745954 -61.939102 -1.250327 -1.005409 -62.681149 -1.086652 -0.538395 0.000811 0.000010 -0.000038 0.000000 0.000000 0.000000 0.000000 0.000000 0.000000 -5.752687 -14.614321 12.325754 -0.168092 -0.980879 6.776682 1.909414 -9.470682 18.882494 -0.868485 1.377962 -18.618750 0.000000 0.000000 0.000000 0.000000 0.000000 0.000000 0.000000 0.000000 0.000000 7.170561 -4.405682 5.615196 0.222899 0.754173 10.372673 -1.963253 -0.666884 18.402842 0.931773 -0.870356 -20.964905 0.000000 0.000000 0.000000 0.000000 0.000000 0.000000 0.000000 0.000000 0.000000 
1.093805 88.681618 4.357368 -1.528985 5.063774 -10.665168 1.778396 0.151677 6.925292 -0.746312 0.402900 3.636567 -1.025832 1.085901 6.507616 -1.330504 0.412184 4.589134 5.109448 -4.628337 4.437407 0.239696 -2.359064 -3.704565 0.351116 -1.264628 -17.961596 0.000000 0.000000 0.000000 85.332489 0.394529 10.530661 59.950001 -17.681257 -1.699353 -0.642637 18.235126 104.444214 -8.627339 26.605053 7.147051 24.405249 -1.410360 35.000420 -0.000015 0.000002 -60.158146 -0.000008 0.000038 -41.644566 0.000001 -0.000011 -0.000008 88.270256 -0.146028 -2.449254 58.867470 1.195302 -0.882413 58.936081 1.238351 -0.678089 -0.000001 0.000012 -0.000010 85.864548 -0.089918 2.217041 57.872238 0.425427 -0.415676 58.104832 0.398493 -0.293024 -0.000019 0.000181 -0.000003 88.170822 0.035162 7.323916 60.754181 -0.833090 0.321145 60.942638 -0.520714 0.268351 0.000006 -0.001751 -0.000005 83.929596 0.244548 11.239483 59.236595 -2.403201 0.888853 59.433571 -2.031149 0.702901 -0.001230 0.000001 0.000024 0.000000 0.000000 0.000000 0.000000 0.000000 0.000000 -83.693634 0.322628 4.877317 -71.920906 18.028725 -17.065895 1.095303 -13.297200 113.794037 2.347243 -27.488316 20.016344 -26.572254 1.646390 33.461098 0.000016 0.000013 -64.386017 -0.000084 -0.000010 -45.100040 -0.000587 0.000002 -0.004154 -86.919098 -0.136183 -6.578147 -60.819336 0.602059 0.822959 -61.118511 0.651586 0.545726 0.000041 0.001171 0.000035 -84.835358 -0.039950 -3.057069 -59.946423 0.191145 0.339885 -60.012684 0.161780 0.240426 0.000066 -0.000034 0.000206 -88.719475 0.121656 -0.004185 -62.398411 -0.359674 -0.445726 -62.413002 -0.284509 -0.252718 0.000760 0.000012 0.000006 -89.773376 0.400495 5.265666 -60.891926 -1.227636 -1.080660 -61.593094 -1.066280 -0.602399 0.000781 0.000010 -0.000037 0.000000 0.000000 0.000000 0.000000 0.000000 0.000000 -5.824525 -14.552622 12.250055 -0.167896 -0.974417 7.236521 1.930141 -9.445874 18.596231 -0.871165 1.384709 -18.516129 0.000000 0.000000 0.000000 0.000000 0.000000 0.000000 0.000000 0.000000 0.000000 7.091810 -4.336093 5.496614 0.223026 0.737840 10.790976 -1.924188 -0.569194 18.294937 0.922858 -0.866883 -20.950678 0.000000 0.000000 0.000000 0.000000 0.000000 0.000000 0.000000 0.000000 0.000000 
1.151077 88.653984 4.391409 -1.465517 5.110085 -10.837367 1.709875 0.164512 7.011231 -0.760243 0.411924 3.687941 -1.012485 1.115601 6.574818 -1.366150 0.430530 4.700222 5.088634 -4.692088 4.390041 0.179602 -2.446956 -3.687363 0.391088 -1.251739 -18.012520 0.000000 0.000000 0.000000 85.263878 0.395789 10.769286 59.067303 -17.196545 -1.017616 -0.639694 18.139370 104.175774 -8.631488 25.843887 6.607354 23.855362 -1.470180 35.184166 -0.000015 0.000001 -58.681404 -0.000007 0.000038 -40.671555 0.000002 -0.000010 -0.000007 84.629890 -0.163221 -3.156174 56.500118 1.171551 -0.989459 56.551826 1.214083 -0.778826 -0.000001 0.000012 -0.000009 82.253357 -0.097741 1.430287 55.525776 0.418871 -0.455331 55.772072 0.391448 -0.325973 -0.000020 0.000179 -0.000003 84.739037 0.039722 6.564376 58.378445 -0.815598 0.378780 58.587460 -0.511831 0.311575 0.000008 -0.001535 -0.000005 80.879799 0.242574 10.391150 56.984890 -2.353541 1.049244 57.158253 -1.985170 0.834520 -0.001158 0.000002 0.000023 0.000000 0.000000 0.000000 0.000000 0.000000 0.000000 -83.609802 0.265197 5.230016 -71.393311 17.781025 -16.090237 1.121569 -13.326872 113.675209 2.183191 -26.498495 19.700607 -26.026655 1.694849 33.656055 0.000016 0.000013 -63.100147 -0.000090 -0.000012 -44.190907 -0.000521 0.000001 -0.004192 -84.347214 -0.139654 -6.758898 -58.874477 0.604579 0.916099 -59.171906 0.652337 0.631324 0.000041 0.001234 0.000035 -82.352432 -0.042097 -3.373645 -58.056004 0.194496 0.372652 -58.133232 0.164092 0.267869 0.000190 -0.000035 0.000224 -86.178368 0.120118 -0.401781 -60.547997 -0.364969 -0.497495 -60.535992 -0.286323 -0.290942 0.000673 0.000013 0.000005 -87.169556 0.387579 4.638116 -59.145222 -1.227402 -1.230208 -59.804783 -1.061496 -0.728501 0.000701 0.000010 -0.000037 0.000000 0.000000 0.000000 0.000000 0.000000 0.000000 -5.879800 -14.463273 12.223656 -0.166979 -0.971835 7.641454 1.927343 -9.458049 18.351160 -0.875269 1.395407 -18.414984 0.000000 0.000000 0.000000 0.000000 0.000000 0.000000 0.000000 0.000000 0.000000 6.999426 -4.274766 5.438902 0.222049 0.719392 11.172187 -1.879995 -0.479046 18.176001 0.910813 -0.863744 -20.903454 0.000000 0.000000 0.000000 0.000000 0.000000 0.000000 0.000000 0.000000 0.000000 
1.208722 88.636948 4.436161 -1.409379 5.098406 -11.015719 1.663139 0.167370 7.060355 -0.798781 0.422200 3.700876 -0.942063 1.133744 6.651418 -1.451714 0.464700 4.828232 5.095124 -4.743282 4.342797 0.129505 -2.486329 -3.645122 0.420477 -1.235103 -18.045956 0.000000 0.000000 0.000000 85.215668 0.388770 11.012160 58.121006 -16.718288 -0.427499 -0.645114 18.038420 103.989296 -8.492176 24.715067 6.197572 23.327568 -1.538529 35.341373 -0.000015 -0.000000 -57.229317 -0.000006 0.000038 -39.729996 0.000003 -0.000009 -0.000007 80.711502 -0.182902 -3.894497 54.041897 1.153563 -1.140300 54.069328 1.193691 -0.921473 -0.000002 0.000011 -0.000008 78.414154 -0.105420 0.561441 53.100273 0.415582 -0.513486 53.358768 0.386753 -0.375157 -0.000020 0.000175 -0.000002 81.113449 0.044294 5.701094 55.928993 -0.802514 0.461659 56.153202 -0.506891 0.374766 0.000010 -0.001327 -0.000004 77.664810 0.239868 9.458130 54.649956 -2.313482 1.281722 54.787128 -1.946446 1.027479 -0.001100 0.000002 0.000020 0.000000 0.000000 0.000000 0.000000 0.000000 0.000000 -83.618446 0.219558 5.610986 -70.790245 17.515322 -15.028306 1.138345 -13.452103 113.542671 2.119970 -24.789103 19.355534 -25.306286 1.753096 33.922523 0.000016 0.000012 -61.362995 -0.000100 -0.000014 -42.970898 -0.000541 -0.000000 -0.004210 -80.812622 -0.144803 -6.917684 -56.195591 0.608999 1.024920 -56.489048 0.654291 0.735311 0.000040 0.001266 0.000034 -78.922546 -0.044552 -3.752465 -55.440430 0.198874 0.412648 -55.532391 0.167542 0.302466 0.000302 -0.000034 0.000244 -82.679367 0.119123 -0.919538 -57.976311 -0.372302 -0.556848 -57.929527 -0.289545 -0.336493 0.000530 0.000013 0.000005 -83.619438 0.376105 3.821819 -56.705677 -1.230999 -1.396790 -57.323105 -1.057471 -0.874186 0.000585 0.000010 -0.000037 0.000000 0.000000 0.000000 0.000000 0.000000 0.000000 -5.920337 -14.394441 12.294453 -0.165377 -0.973674 7.918645 1.927574 -9.521130 18.184757 -0.886703 1.410290 -18.315525 0.000000 0.000000 0.000000 0.000000 0.000000 0.000000 0.000000 0.000000 0.000000 6.890001 -4.255952 5.469505 0.220750 0.700840 11.475288 -1.820075 -0.412728 18.043148 0.896692 -0.858128 -20.814468 0.000000 0.000000 0.000000 0.000000 0.000000 0.000000 0.000000 0.000000 0.000000 
1.265538 88.633240 4.490998 -1.373459 5.032401 -11.172457 1.650747 0.157085 7.054631 -0.853092 0.428583 3.690745 -0.836706 1.118841 6.685369 -1.574508 0.507187 4.988429 5.126613 -4.771154 4.307710 0.100556 -2.480553 -3.583082 0.445933 -1.217212 -18.083408 0.000000 0.000000 0.000000 85.156075 0.364988 11.211312 57.234253 -16.304844 0.017562 -0.667477 17.962475 104.012726 -8.231057 23.239187 6.092431 22.885710 -1.612976 35.443710 -0.000015 -0.000001 -55.995872 -0.000005 0.000039 -38.944946 0.000004 -0.000008 -0.000006 77.002869 -0.200058 -4.534326 51.780540 1.138589 -1.313551 51.779137 1.175619 -1.085588 -0.000002 0.000011 -0.000006 74.848289 -0.110709 -0.282011 50.883736 0.414199 -0.582237 51.150158 0.383917 -0.434193 -0.000020 0.000169 -0.000001 77.764679 0.046945 4.790611 53.710037 -0.792658 0.560377 53.940422 -0.505041 0.451211 0.000013 -0.001184 -0.000004 74.695641 0.232041 8.459277 52.527771 -2.280276 1.559240 52.622402 -1.914473 1.261423 -0.001064 0.000003 0.000016 0.000000 0.000000 0.000000 0.000000 0.000000 0.000000 -83.647682 0.190899 5.924953 -70.191093 17.208303 -13.971857 1.158122 -13.650673 113.641258 2.238339 -22.436563 19.196447 -24.506544 1.816808 34.218430 0.000015 0.000011 -59.400833 -0.000108 -0.000016 -41.598858 -0.000615 -0.000001 -0.004146 -76.690933 -0.148734 -7.070495 -53.082943 0.606988 1.116956 -53.368412 0.649171 0.831006 0.000039 0.001254 0.000033 -74.895859 -0.046469 -4.185377 -52.389782 0.200807 0.448043 -52.497787 0.169529 0.334870 0.000393 -0.000033 0.000259 -78.550644 0.117401 -1.568691 -54.962940 -0.375440 -0.608290 -54.877720 -0.290371 -0.378603 0.000353 0.000014 0.000005 -79.436844 0.359501 2.791382 -53.854130 -1.222394 -1.535001 -54.429836 -1.042911 -1.004495 0.000469 0.000010 -0.000036 0.000000 0.000000 0.000000 0.000000 0.000000 0.000000 -5.956220 -14.359830 12.447870 -0.163699 -0.976703 8.027970 1.948218 -9.604006 18.135380 -0.904881 1.423605 -18.238272 0.000000 0.000000 0.000000 0.000000 0.000000 0.000000 0.000000 0.000000 0.000000 6.783824 -4.266582 5.594872 0.220347 0.690096 11.626374 -1.752782 -0.407084 17.905800 0.884093 -0.851752 -20.702290 0.000000 0.000000 0.000000 0.000000 0.000000 0.000000 0.000000 0.000000 0.000000 
1.323148 88.641060 4.558429 -1.364261 4.916078 -11.305366 1.673596 0.134966 7.007147 -0.915073 0.428053 3.655185 -0.723801 1.072979 6.670321 -1.703271 0.551440 5.172747 5.197966 -4.783054 4.322294 0.095231 -2.448487 -3.497696 0.469580 -1.198745 -18.148125 0.000000 0.000000 0.000000 85.083061 0.331232 11.338450 56.387161 -16.108088 0.329576 -0.701846 17.871426 104.175980 -7.938385 21.499430 6.317839 22.536400 -1.687001 35.499054 -0.000015 -0.000003 -55.018127 -0.000004 0.000038 -38.332092 0.000004 -0.000007 -0.000005 73.769516 -0.212834 -5.015527 49.816502 1.130540 -1.495628 49.786030 1.164745 -1.257292 -0.000003 0.000011 -0.000005 71.801125 -0.113359 -1.021793 48.972672 0.415525 -0.655566 49.240746 0.383839 -0.497549 -0.000020 0.000161 -0.000000 74.905037 0.047133 3.915070 51.811779 -0.788464 0.666507 52.042999 -0.507205 0.534093 0.000016 -0.001104 -0.000003 72.136513 0.219124 7.459051 50.706772 -2.262800 1.858085 50.761871 -1.897232 1.515173 -0.001038 0.000004 0.000014 0.000000 0.000000 0.000000 0.000000 0.000000 0.000000 -83.629349 0.175626 6.133877 -69.647774 16.879129 -12.984900 1.188183 -13.803534 114.051353 2.650161 -19.806463 19.287090 -23.736340 1.877996 34.501175 0.000015 0.000010 -57.492805 -0.000111 -0.000018 -40.266373 -0.000685 -0.000002 -0.004028 -72.561737 -0.150014 -7.168710 -49.962536 0.601473 1.193450 -50.237007 0.640203 0.916456 0.000038 0.001214 0.000031 -70.840523 -0.047420 -4.581263 -49.323311 0.201153 0.478502 -49.445023 0.170535 0.364179 0.000482 -0.000032 0.000267 -74.348778 0.114676 -2.243787 -51.908459 -0.375529 -0.652782 -51.787819 -0.289623 -0.416743 0.000168 0.000014 0.000005 -75.165482 0.337661 1.673990 -50.962288 -1.206514 -1.650348 -51.502678 -1.023260 -1.119373 0.000368 0.000011 -0.000036 0.000000 0.000000 0.000000 0.000000 0.000000 0.000000 -5.981524 -14.327267 12.637718 -0.162136 -0.978631 8.018216 1.980314 -9.675972 18.182938 -0.925280 1.433154 -18.181725 0.000000 0.000000 0.000000 0.000000 0.000000 0.000000 0.000000 0.000000 0.000000 6.703621 -4.279649 5.792803 0.220919 0.689802 11.634435 -1.695816 -0.450271 17.768620 0.877929 -0.848142 -20.579758 0.000000 0.000000 0.000000 0.000000 0.000000 0.000000 0.000000 0.000000 0.000000 
1.381963 88.659081 4.640558 -1.375628 4.761670 -11.425707 1.714345 0.106840 6.942321 -0.976642 0.422991 3.583600 -0.621891 1.010416 6.633336 -1.817440 0.590627 5.365842 5.323724 -4.785255 4.402019 0.113465 -2.400812 -3.392087 0.490245 -1.180140 -18.242504 0.000000 0.000000 0.000000 85.013618 0.293527 11.401837 55.566486 -16.214205 0.501464 -0.742009 17.714455 104.372299 -7.681610 19.600176 6.796755 22.247559 -1.756361 35.531570 -0.000015 -0.000004 -54.210026 -0.000003 0.000038 -37.828182 0.000004 -0.000007 -0.000004 70.951233 -0.222007 -5.347285 48.076015 1.124861 -1.667311 48.018738 1.156801 -1.418561 -0.000003 0.000012 -0.000004 69.180885 -0.114344 -1.645023 47.285858 0.417475 -0.724944 47.551311 0.384539 -0.557688 -0.000020 0.000153 0.000000 72.442101 0.045898 3.097096 50.144123 -0.785578 0.767892 50.375031 -0.510082 0.613711 0.000018 -0.001066 -0.000003 69.922592 0.202967 6.471679 49.114399 -2.249948 2.145293 49.132153 -1.885153 1.760071 -0.001016 0.000005 0.000012 0.000000 0.000000 0.000000 0.000000 0.000000 0.000000 -83.549065 0.165761 6.252855 -69.161499 16.541473 -12.101322 1.225481 -13.831029 114.679321 3.290015 -17.271692 19.609686 -23.047808 1.929866 34.754448 0.000015 0.000010 -55.787243 -0.000110 -0.000020 -39.073772 -0.000733 -0.000003 -0.003898 -68.794342 -0.149043 -7.157023 -47.103077 0.594807 1.262102 -47.364231 0.630059 0.994869 0.000038 0.001169 0.000030 -67.134407 -0.047532 -4.859610 -46.509418 0.200762 0.505956 -46.639553 0.171035 0.391215 0.000580 -0.000031 0.000273 -70.476547 0.111688 -2.834408 -49.081173 -0.373852 -0.693739 -48.930378 -0.288031 -0.452223 -0.000011 0.000014 0.000005 -71.215118 0.314761 0.617085 -48.278679 -1.187748 -1.756378 -48.793049 -1.002561 -1.225114 0.000284 0.000012 -0.000035 0.000000 0.000000 0.000000 0.000000 0.000000 0.000000 -5.996145 -14.261035 12.840198 -0.161182 -0.980427 7.928643 2.015218 -9.711150 18.292122 -0.947118 1.441157 -18.132492 0.000000 0.000000 0.000000 0.000000 0.000000 0.000000 0.000000 0.000000 0.000000 6.649679 -4.281109 6.035094 0.221988 0.697243 11.556288 -1.658562 -0.490560 17.629507 0.878957 -0.848699 -20.451584 0.000000 0.000000 0.000000 0.000000 0.000000 0.000000 0.000000 0.000000 0.000000 
1.439423 88.687675 4.737951 -1.401464 4.581610 -11.536366 1.761976 0.077382 6.870001 -1.039343 0.418984 3.473652 -0.532570 0.937243 6.589170 -1.910912 0.621341 5.548223 5.503053 -4.783331 4.545640 0.154808 -2.342686 -3.273464 0.510226 -1.164218 -18.356611 0.000000 0.000000 0.000000 84.980476 0.252890 11.419886 54.832138 -16.604450 0.508983 -0.783728 17.482435 104.542374 -7.427887 17.674332 7.424937 21.953033 -1.822327 35.572357 -0.000014 -0.000005 -53.394253 -0.000003 0.000038 -37.308949 0.000005 -0.000006 -0.000003 68.227524 -0.227724 -5.573572 46.354298 1.106402 -1.799654 46.272938 1.136465 -1.544207 -0.000004 0.000012 -0.000003 66.639069 -0.114183 -2.190259 45.608620 0.414299 -0.778663 45.870777 0.380961 -0.604901 -0.000020 0.000149 0.000001 70.021957 0.044206 2.291365 48.475063 -0.772366 0.848961 48.707745 -0.506268 0.677935 0.000021 -0.001052 -0.000003 67.760628 0.184507 5.427551 47.543922 -2.209010 2.377885 47.519627 -1.850628 1.960863 -0.001005 0.000006 0.000009 0.000000 0.000000 0.000000 0.000000 0.000000 0.000000 -83.448318 0.154452 6.304327 -68.725052 16.210560 -11.341991 1.257505 -13.750704 115.403923 3.966754 -15.012234 20.094254 -22.421978 1.971673 34.987125 0.000014 0.000010 -54.252663 -0.000107 -0.000022 -37.997429 -0.000793 -0.000003 -0.003773 -65.400558 -0.146284 -7.047644 -44.517769 0.582917 1.316758 -44.762890 0.614834 1.059498 0.000037 0.001118 0.000028 -63.798717 -0.046928 -5.022414 -43.964195 0.198244 0.527632 -44.095058 0.169882 0.413442 0.000655 -0.000031 0.000279 -66.975410 0.108725 -3.319596 -46.505711 -0.367794 -0.727728 -46.327667 -0.283717 -0.482342 -0.000183 0.000014 0.000005 -67.634537 0.292580 -0.338112 -45.833065 -1.158430 -1.846883 -46.325642 -0.974485 -1.315954 0.000217 0.000013 -0.000035 0.000000 0.000000 0.000000 0.000000 0.000000 0.000000 -6.004210 -14.164119 13.054345 -0.161117 -0.983157 7.770758 2.052312 -9.707339 18.440094 -0.969890 1.448640 -18.089144 0.000000 0.000000 0.000000 0.000000 0.000000 0.000000 0.000000 0.000000 0.000000 6.620279 -4.262691 6.313285 0.223218 0.709742 11.408287 -1.639735 -0.502546 17.499088 0.886865 -0.852000 -20.327444 0.000000 0.000000 0.000000 0.000000 0.000000 0.000000 0.000000 0.000000 0.000000 
1.492535 88.724106 4.849161 -1.438953 4.385124 -11.641979 1.812316 0.048895 6.795239 -1.103604 0.419290 3.337399 -0.451422 0.858367 6.547313 -1.984189 0.643599 5.705834 5.723069 -4.777531 4.727604 0.214559 -2.277433 -3.155186 0.531421 -1.153635 -18.477846 0.000000 0.000000 0.000000 85.016495 0.209226 11.413828 54.239147 -17.202959 0.348725 -0.824369 17.203924 104.645729 -7.105999 15.853012 8.060357 21.586254 -1.888884 35.646717 -0.000014 -0.000006 -52.399570 -0.000003 0.000038 -36.655346 0.000005 -0.000006 -0.000003 65.253265 -0.229473 -5.747841 44.432777 1.061546 -1.870713 44.329720 1.089890 -1.615888 -0.000004 0.000012 -0.000002 63.821064 -0.112937 -2.713590 43.717342 0.400848 -0.808085 43.978188 0.368659 -0.632203 -0.000021 0.000149 0.000001 67.286919 0.042449 1.436593 46.567650 -0.738875 0.898591 46.805412 -0.489492 0.718225 0.000023 -0.001050 -0.000003 65.338722 0.163920 4.246233 45.777611 -2.111912 2.525414 45.700378 -1.769833 2.092333 -0.001015 0.000006 0.000005 0.000000 0.000000 0.000000 0.000000 0.000000 0.000000 -83.373306 0.140158 6.308593 -68.346252 15.889801 -10.706147 1.275045 -13.617041 116.141197 4.516484 -13.082595 20.639086 -21.817366 2.006850 35.212624 0.000014 0.000010 -52.790325 -0.000105 -0.000023 -36.969666 -0.000895 -0.000003 -0.003667 -62.238216 -0.141609 -6.881787 -42.103970 0.560966 1.349102 -42.330257 0.589697 1.103046 0.000037 0.001067 0.000026 -60.696789 -0.045528 -5.110193 -41.589931 0.191960 0.540047 -41.712688 0.165766 0.427958 0.000675 -0.000030 0.000284 -63.719433 0.105264 -3.729976 -44.094219 -0.354390 -0.750340 -43.888206 -0.274523 -0.504026 -0.000347 0.000013 0.000004 -64.302612 0.269992 -1.222745 -43.548340 -1.109338 -1.911169 -44.015873 -0.931201 -1.384167 0.000158 0.000014 -0.000034 0.000000 0.000000 0.000000 0.000000 0.000000 0.000000 -6.003263 -14.053932 13.280538 -0.161702 -0.986671 7.570643 2.090811 -9.675590 18.599581 -0.991517 1.456261 -18.053547 0.000000 0.000000 0.000000 0.000000 0.000000 0.000000 0.000000 0.000000 0.000000 6.619263 -4.222870 6.614922 0.224422 0.725080 11.214560 -1.637910 -0.480492 17.385435 0.900777 -0.855871 -20.217804 0.000000 0.000000 0.000000 0.000000 0.000000 0.000000 0.000000 0.000000 0.000000 
1.539540 88.764259 4.969682 -1.488653 4.180037 -11.743058 1.862960 0.021913 6.722403 -1.164117 0.423414 3.192486 -0.377315 0.775287 6.513538 -2.035811 0.657091 5.833998 5.961045 -4.762729 4.921744 0.286190 -2.205813 -3.045828 0.553131 -1.150049 -18.598326 0.000000 0.000000 0.000000 85.143051 0.162170 11.396001 53.830341 -17.908081 0.038474 -0.864581 16.909340 104.656868 -6.639900 14.201600 8.612960 21.097502 -1.958048 35.772942 -0.000013 -0.000007 -51.108360 -0.000003 0.000039 -35.783916 0.000005 -0.000006 -0.000002 61.811466 -0.226500 -5.912229 42.166706 0.983721 -1.872045 42.044075 1.010500 -1.626657 -0.000004 0.000013 -0.000002 60.514912 -0.110417 -3.256361 41.468571 0.374592 -0.809754 41.731014 0.345476 -0.636821 -0.000021 0.000153 0.000001 64.032837 0.040601 0.493249 44.276249 -0.680551 0.912570 44.521748 -0.456826 0.731287 0.000025 -0.001052 -0.000004 62.461197 0.141147 2.886658 43.675812 -1.946166 2.576284 43.533054 -1.632234 2.144358 -0.001046 0.000007 -0.000001 0.000000 0.000000 0.000000 0.000000 0.000000 0.000000 -83.351402 0.123284 6.280981 -68.030418 15.572486 -10.187338 1.277198 -13.479347 116.821800 4.798688 -11.459170 21.151699 -21.200161 2.038793 35.441093 0.000013 0.000010 -51.316109 -0.000102 -0.000025 -35.932751 -0.001036 -0.000004 -0.003592 -59.176853 -0.134402 -6.691555 -39.766853 0.526461 1.355276 -39.972454 0.552246 1.122549 0.000036 0.001018 0.000024 -57.700813 -0.043151 -5.163468 -39.296097 0.181104 0.541491 -39.402500 0.158045 0.433381 0.000641 -0.000030 0.000290 -60.589203 0.100708 -4.108999 -41.762699 -0.332205 -0.759418 -41.525993 -0.259397 -0.515722 -0.000496 0.000013 0.000004 -61.100990 0.245867 -2.091616 -41.345795 -1.035566 -1.942465 -41.779541 -0.868674 -1.425178 0.000105 0.000014 -0.000034 0.000000 0.000000 0.000000 0.000000 0.000000 0.000000 -5.989492 -13.947811 13.516522 -0.162662 -0.990398 7.351441 2.126980 -9.624781 18.752626 -1.009975 1.464396 -18.028316 0.000000 0.000000 0.000000 0.000000 0.000000 0.000000 0.000000 0.000000 0.000000 6.648321 -4.168286 6.917754 0.225473 0.741700 11.003917 -1.653117 -0.431962 17.291630 0.918786 -0.858844 -20.128868 0.000000 0.000000 0.000000 0.000000 0.000000 0.000000 0.000000 0.000000 0.000000 
1.580376 88.804131 5.094125 -1.549466 3.975997 -11.839618 1.912000 -0.002759 6.654613 -1.215396 0.430135 3.056107 -0.311594 0.685708 6.493762 -2.063050 0.659803 5.934697 6.188347 -4.731848 5.116363 0.364175 -2.125529 -2.948538 0.572275 -1.155012 -18.718214 0.000000 0.000000 0.000000 85.364960 0.109622 11.367846 53.626625 -18.616867 -0.383614 -0.906152 16.631584 104.557640 -5.998970 12.739177 9.059719 20.476078 -2.028135 35.954987 -0.000011 -0.000007 -49.508385 -0.000003 0.000039 -34.683594 0.000005 -0.000005 -0.000002 57.909142 -0.218461 -6.085186 39.556816 0.876960 -1.812435 39.417271 0.902614 -1.583846 -0.000004 0.000013 -0.000001 56.739601 -0.106536 -3.828247 38.868519 0.336906 -0.786827 39.135101 0.312650 -0.621322 -0.000022 0.000156 0.000002 60.289402 0.038454 -0.536022 41.612919 -0.600783 0.895498 41.866894 -0.410180 0.720441 0.000027 -0.001059 -0.000004 59.125748 0.116687 1.370335 41.235714 -1.722025 2.543114 41.019901 -1.446622 2.126418 -0.001092 0.000008 -0.000007 0.000000 0.000000 0.000000 0.000000 0.000000 0.000000 -83.396286 0.106974 6.232289 -67.765121 15.242131 -9.764036 1.269112 -13.365968 117.378090 4.737442 -10.113370 21.565805 -20.549965 2.068127 35.680885 0.000013 0.000010 -49.780083 -0.000098 -0.000026 -34.850571 -0.001188 -0.000004 -0.003566 -56.131405 -0.124343 -6.478256 -37.452492 0.481318 1.339800 -37.637085 0.504614 1.122111 0.000036 0.000966 0.000022 -54.723881 -0.039757 -5.198564 -37.028263 0.166366 0.533651 -37.112762 0.147291 0.431042 0.000566 -0.000030 0.000296 -57.495697 0.094931 -4.489943 -39.451092 -0.302607 -0.757179 -39.180752 -0.239316 -0.518844 -0.000619 0.000013 0.000004 -57.935329 0.220593 -2.995320 -39.159672 -0.940728 -1.944956 -39.550804 -0.790118 -1.442296 0.000062 0.000015 -0.000034 0.000000 0.000000 0.000000 0.000000 0.000000 0.000000 -5.962310 -13.857017 13.758330 -0.163718 -0.994031 7.127596 2.155119 -9.555168 18.892120 -1.023949 1.472480 -18.016035 0.000000 0.000000 0.000000 0.000000 0.000000 0.000000 0.000000 0.000000 0.000000 6.702438 -4.107511 7.206711 0.226289 0.758747 10.794963 -1.684640 -0.367545 17.217340 0.938572 -0.860398 -20.064045 0.000000 0.000000 0.000000 0.000000 0.000000 0.000000 0.000000 0.000000 0.000000 
1.616824 88.840744 5.218612 -1.616078 3.784217 -11.933312 1.958991 -0.023348 6.595087 -1.256552 0.439370 2.936573 -0.256192 0.586523 6.491634 -2.066432 0.650824 6.008804 6.381223 -4.680075 5.309612 0.445487 -2.031884 -2.863836 0.585508 -1.169687 -18.840931 0.000000 0.000000 0.000000 85.669914 0.049633 11.323661 53.619465 -19.256548 -0.868500 -0.947694 16.415770 104.298042 -5.218552 11.464013 9.395405 19.759901 -2.093858 36.179329 -0.000010 -0.000007 -47.710026 -0.000003 0.000040 -33.430031 0.000005 -0.000005 -0.000001 53.789349 -0.205938 -6.253180 36.769451 0.755787 -1.715013 36.617168 0.781138 -1.506770 -0.000004 0.000014 -0.000002 52.748100 -0.101503 -4.398769 36.089516 0.293112 -0.748399 36.361355 0.274820 -0.592991 -0.000022 0.000155 0.000002 56.313484 0.035766 -1.595626 38.756294 -0.510915 0.859514 39.017570 -0.356413 0.694667 0.000028 -0.001074 -0.000004 55.534481 0.091899 -0.213149 38.603062 -1.471863 2.459434 38.316525 -1.240280 2.065186 -0.001150 0.000009 -0.000012 0.000000 0.000000 0.000000 0.000000 0.000000 0.000000 -83.513229 0.094883 6.170800 -67.534500 14.890332 -9.402514 1.258047 -13.289677 117.761787 4.356740 -9.006994 21.857460 -19.853518 2.092233 35.942619 0.000012 0.000011 -48.147430 -0.000089 -0.000028 -33.696438 -0.001319 -0.000005 -0.003594 -53.018867 -0.111688 -6.214639 -35.120808 0.431627 1.313638 -35.286301 0.453135 1.110960 0.000035 0.000905 0.000021 -51.677814 -0.035513 -5.204998 -34.741035 0.149855 0.521106 -34.801826 0.135202 0.424523 0.000460 -0.000029 0.000299 -54.332264 0.088340 -4.890421 -37.093971 -0.269646 -0.749258 -36.788525 -0.217180 -0.517263 -0.000707 0.000013 0.000004 -54.688412 0.195963 -3.970953 -36.909775 -0.836901 -1.932696 -37.254715 -0.705679 -1.445940 0.000031 0.000016 -0.000034 0.000000 0.000000 0.000000 0.000000 0.000000 0.000000 -5.926206 -13.782527 14.001261 -0.164503 -0.997217 6.907709 2.172209 -9.464025 19.019266 -1.032804 1.479177 -18.018517 0.000000 0.000000 0.000000 0.000000 0.000000 0.000000 0.000000 0.000000 0.000000 6.769198 -4.050341 7.483985 0.226884 0.776277 10.590434 -1.727943 -0.295720 17.159918 0.958168 -0.861098 -20.024563 0.000000 0.000000 0.000000 0.000000 0.000000 0.000000 0.000000 0.000000 0.000000 
1.651279 88.872635 5.341745 -1.680868 3.615963 -12.028051 2.002778 -0.038003 6.546459 -1.289524 0.451553 2.833371 -0.211403 0.477096 6.510871 -2.051555 0.631940 6.059559 6.523902 -4.603466 5.500992 0.527989 -1.921228 -2.790257 0.590218 -1.194177 -18.971695 0.000000 0.000000 0.000000 86.033859 -0.019356 11.255743 53.785057 -19.786779 -1.374210 -0.985132 16.303419 103.822937 -4.387406 10.355534 9.611424 19.013758 -2.149102 36.423321 -0.000009 -0.000008 -45.880493 -0.000003 0.000040 -32.142399 0.000005 -0.000004 -0.000001 49.757683 -0.190592 -6.385844 34.030060 0.638418 -1.608453 33.870838 0.664464 -1.419589 -0.000004 0.000014 -0.000002 48.849415 -0.095843 -4.920314 33.361454 0.250040 -0.706095 33.637928 0.237845 -0.561070 -0.000023 0.000149 0.000002 52.409367 0.032410 -2.613162 35.936298 -0.424834 0.819495 36.202740 -0.304123 0.665104 0.000029 -0.001089 -0.000004 51.946697 0.068195 -1.758983 35.972984 -1.234460 2.366231 35.626968 -1.045493 1.993848 -0.001220 0.000009 -0.000014 0.000000 0.000000 0.000000 0.000000 0.000000 0.000000 -83.694801 0.089811 6.102391 -67.335587 14.494852 -9.060538 1.251020 -13.258639 117.955406 3.753900 -8.090060 22.027813 -19.100182 2.106642 36.238205 0.000012 0.000011 -46.385201 -0.000077 -0.000029 -32.446651 -0.001414 -0.000006 -0.003661 -49.729580 -0.097049 -5.852008 -32.721977 0.384598 1.289306 -32.872486 0.405079 1.099343 0.000034 0.000836 0.000019 -48.447918 -0.030704 -5.151993 -32.378208 0.134115 0.509204 -32.416100 0.123767 0.417944 0.000329 -0.000029 0.000299 -50.947983 0.081538 -5.315831 -34.603542 -0.238158 -0.741910 -34.263863 -0.196357 -0.515339 -0.000752 0.000013 0.000003 -51.194309 0.174050 -5.045649 -34.488937 -0.738739 -1.922254 -34.791885 -0.627212 -1.448215 0.000008 0.000016 -0.000034 0.000000 0.000000 0.000000 0.000000 0.000000 0.000000 -5.887511 -13.715230 14.238390 -0.164743 -0.999422 6.702753 2.177298 -9.346354 19.135559 -1.036402 1.483577 -18.035063 0.000000 0.000000 0.000000 0.000000 0.000000 0.000000 0.000000 0.000000 0.000000 6.833256 -4.007400 7.758808 0.227335 0.794109 10.392372 -1.775280 -0.216499 17.113686 0.976078 -0.861362 -20.008469 0.000000 0.000000 0.000000 0.000000 0.000000 0.000000 0.000000 0.000000 0.000000 
1.685377 88.899117 5.463814 -1.739949 3.479652 -12.125613 2.043557 -0.046644 6.508574 -1.316741 0.466454 2.742243 -0.175727 0.356741 6.551117 -2.025658 0.605693 6.093597 6.602810 -4.497906 5.687922 0.609237 -1.791712 -2.723234 0.584497 -1.227782 -19.114861 0.000000 0.000000 0.000000 86.431381 -0.095633 11.157901 54.102104 -20.186901 -1.873884 -1.014797 16.305582 103.107292 -3.600908 9.396162 9.696113 18.277805 -2.190255 36.673653 -0.000008 -0.000008 -44.116219 -0.000003 0.000040 -30.892460 0.000005 -0.000004 -0.000000 45.935459 -0.173777 -6.458025 31.446321 0.535012 -1.508788 31.286533 0.562709 -1.335852 -0.000004 0.000015 -0.000002 45.164360 -0.089957 -5.361968 30.794868 0.211614 -0.666789 31.073917 0.205074 -0.530997 -0.000024 0.000141 0.000003 48.692245 0.028357 -3.550331 33.261150 -0.350269 0.783993 33.530224 -0.258263 0.638231 0.000029 -0.001089 -0.000003 48.466824 0.045878 -3.217060 33.438393 -1.031005 2.287287 33.047760 -0.879634 1.931930 -0.001302 0.000010 -0.000015 0.000000 0.000000 0.000000 0.000000 0.000000 0.000000 -83.923920 0.092560 6.028551 -67.178162 14.025614 -8.711197 1.253304 -13.272005 117.955833 2.993249 -7.329735 22.074858 -18.263170 2.107697 36.584114 0.000013 0.000012 -44.418945 -0.000062 -0.000031 -31.050446 -0.001476 -0.000007 -0.003749 -46.056740 -0.080739 -5.334247 -30.137907 0.343276 1.271011 -30.278547 0.363432 1.090293 0.000033 0.000758 0.000017 -44.826618 -0.025506 -5.007535 -29.816824 0.120243 0.499891 -29.832174 0.113823 0.412793 0.000195 -0.000029 0.000296 -47.089447 0.074786 -5.776033 -31.821136 -0.210273 -0.736992 -31.449280 -0.178322 -0.514322 -0.000755 0.000013 0.000003 -47.184685 0.155592 -6.262163 -31.724960 -0.652988 -1.918623 -31.995522 -0.559913 -1.452305 -0.000009 0.000017 -0.000034 0.000000 0.000000 0.000000 0.000000 0.000000 0.000000 -5.850840 -13.651114 14.462474 -0.164424 -1.000128 6.522938 2.171539 -9.195846 19.238873 -1.034763 1.485503 -18.062960 0.000000 0.000000 0.000000 0.000000 0.000000 0.000000 0.000000 0.000000 0.000000 6.885504 -3.983210 8.034566 0.227776 0.811651 10.204699 -1.819404 -0.130811 17.072351 0.991493 -0.860566 -20.011436 0.000000 0.000000 0.000000 0.000000 0.000000 0.000000 0.000000 0.000000 0.000000 
1.719560 88.920898 5.587090 -1.792708 3.379946 -12.227928 2.082337 -0.051343 6.479612 -1.343168 0.483887 2.659747 -0.145244 0.221574 6.611228 -1.994610 0.572965 6.120537 6.611837 -4.364149 5.869160 0.687087 -1.645693 -2.655192 0.568047 -1.269220 -19.271038 0.000000 0.000000 0.000000 86.846268 -0.176941 11.025826 54.542336 -20.444674 -2.341615 -1.036334 16.405577 102.156815 -2.909415 8.584188 9.644042 17.555166 -2.217454 36.928631 -0.000006 -0.000008 -42.418446 -0.000003 0.000041 -29.685421 0.000005 -0.000004 0.000000 42.263329 -0.155683 -6.458438 28.986980 0.444529 -1.412906 28.832317 0.474746 -1.252493 -0.000004 0.000015 -0.000002 41.632233 -0.083892 -5.716181 28.359592 0.177539 -0.629533 28.637615 0.176300 -0.501992 -0.000025 0.000132 0.000003 45.095074 0.023632 -4.405069 30.698034 -0.286617 0.751442 30.966457 -0.218588 0.613005 0.000030 -0.001058 -0.000002 45.038971 0.024276 -4.589236 30.968988 -0.859331 2.219028 30.547729 -0.740702 1.876620 -0.001392 0.000011 -0.000015 0.000000 0.000000 0.000000 0.000000 0.000000 0.000000 -84.186371 0.102718 5.948376 -67.060478 13.470153 -8.343323 1.265655 -13.323571 117.743301 2.067299 -6.708141 21.972229 -17.301952 2.094063 36.997036 0.000013 0.000013 -42.139442 -0.000047 -0.000033 -29.435116 -0.001519 -0.000007 -0.003845 -41.734734 -0.062495 -4.614211 -27.197254 0.304952 1.248454 -27.332066 0.325476 1.074599 0.000031 0.000673 0.000015 -40.551254 -0.019924 -4.749186 -26.882441 0.107221 0.489242 -26.872726 0.104576 0.405926 0.000086 -0.000028 0.000290 -42.450165 0.067959 -6.280284 -28.542887 -0.184239 -0.728714 -28.140507 -0.161873 -0.509998 -0.000723 0.000012 0.000003 -42.341854 0.140094 -7.658998 -28.409843 -0.575035 -1.905318 -28.659592 -0.499756 -1.445061 -0.000018 0.000017 -0.000034 0.000000 0.000000 0.000000 0.000000 0.000000 0.000000 -5.820620 -13.595697 14.676744 -0.163726 -0.999258 6.369778 2.158947 -9.012897 19.325783 -1.029094 1.485728 -18.098198 0.000000 0.000000 0.000000 0.000000 0.000000 0.000000 0.000000 0.000000 0.000000 6.923221 -3.976045 8.310906 0.228271 0.828310 10.033787 -1.857382 -0.044326 17.031178 1.004194 -0.857764 -20.026840 0.000000 0.000000 0.000000 0.000000 0.000000 0.000000 0.000000 0.000000 0.000000 
1.753188 88.938614 5.715189 -1.841374 3.316468 -12.334447 2.118527 -0.055358 6.455285 -1.379335 0.504748 2.582257 -0.108569 0.063419 6.689568 -1.959707 0.532862 6.151310 6.556766 -4.217626 6.041769 0.759036 -1.494096 -2.580574 0.543706 -1.315827 -19.438093 0.000000 0.000000 0.000000 87.269569 -0.262704 10.852924 55.068508 -20.553591 -2.742307 -1.051778 16.572008 100.982895 -2.331913 7.917288 9.435570 16.828236 -2.231733 37.194172 -0.000005 -0.000008 -40.737316 -0.000003 0.000041 -28.489553 0.000006 -0.000003 0.000001 38.633072 -0.135952 -6.376009 26.567984 0.362566 -1.310553 26.423746 0.395866 -1.160136 -0.000005 0.000015 -0.000003 38.141125 -0.077445 -5.974927 25.968750 0.146181 -0.589760 26.241268 0.150089 -0.470292 -0.000025 0.000124 0.000004 41.498810 0.018246 -5.171246 28.155237 -0.230365 0.714748 28.419140 -0.182894 0.584265 0.000030 -0.000979 -0.000002 41.553886 0.002836 -5.870529 28.480179 -0.708724 2.141345 28.039915 -0.619534 1.811494 -0.001482 0.000012 -0.000014 0.000000 0.000000 0.000000 0.000000 0.000000 0.000000 -84.471901 0.121284 5.859967 -66.955780 12.863754 -7.962224 1.282158 -13.401889 117.270760 1.029563 -6.161757 21.630682 -16.205912 2.066024 37.475983 0.000014 0.000013 -39.514179 -0.000033 -0.000035 -27.582508 -0.001561 -0.000007 -0.003942 -36.677094 -0.042017 -3.674114 -23.842903 0.265757 1.205196 -23.973644 0.287301 1.038010 0.000029 0.000591 0.000012 -35.547298 -0.013906 -4.359788 -23.519896 0.093597 0.470780 -23.480040 0.094802 0.392039 0.000022 -0.000028 0.000281 -36.973362 0.060801 -6.788845 -24.730906 -0.157527 -0.707703 -24.299271 -0.145085 -0.495716 -0.000676 0.000012 0.000003 -36.633911 0.126721 -9.166635 -24.519894 -0.497561 -1.855805 -24.759270 -0.440414 -1.406153 -0.000026 0.000017 -0.000034 0.000000 0.000000 0.000000 0.000000 0.000000 0.000000 -5.798600 -13.559047 14.892529 -0.163013 -0.997442 6.232514 2.145426 -8.807057 19.395504 -1.021813 1.485138 -18.135138 0.000000 0.000000 0.000000 0.000000 0.000000 0.000000 0.000000 0.000000 0.000000 6.949360 -3.979450 8.584809 0.228853 0.843587 9.888252 -1.891921 0.034671 16.985018 1.014630 -0.852432 -20.046587 0.000000 0.000000 0.000000 0.000000 0.000000 0.000000 0.000000 0.000000 0.000000 
1.785587 88.951485 5.851673 -1.890698 3.281453 -12.438537 2.149004 -0.061904 6.430571 -1.440514 0.530679 2.505491 -0.048822 -0.129057 6.781837 -1.916830 0.483095 6.194320 6.452476 -4.086258 6.209937 0.821569 -1.353143 -2.496273 0.517121 -1.362018 -19.619108 0.000000 0.000000 0.000000 87.693169 -0.353003 10.622865 55.650448 -20.544735 -3.043298 -1.063340 16.768103 99.568275 -1.867453 7.370410 9.016725 16.058235 -2.231738 37.487854 -0.000005 -0.000009 -38.972225 -0.000002 0.000041 -27.235748 0.000006 -0.000003 0.000001 34.883865 -0.114236 -6.181715 24.072767 0.286587 -1.191441 23.945601 0.322931 -1.049291 -0.000005 0.000016 -0.000003 34.525299 -0.070307 -6.115229 23.498302 0.116486 -0.542022 23.761271 0.125330 -0.431191 -0.000025 0.000118 0.000004 37.731861 0.012189 -5.831424 25.496180 -0.178751 0.664266 25.753363 -0.149248 0.544843 0.000029 -0.000856 -0.000001 37.855751 -0.017832 -7.050796 25.844917 -0.570171 2.024951 25.395588 -0.508161 1.712296 -0.001565 0.000012 -0.000013 0.000000 0.000000 0.000000 0.000000 0.000000 0.000000 -84.769241 0.151064 5.753555 -66.827477 12.295298 -7.591866 1.292760 -13.492889 116.464951 0.101896 -5.588465 20.895411 -15.005749 2.023214 38.001659 0.000016 0.000013 -36.624397 -0.000020 -0.000037 -25.551754 -0.001621 -0.000007 -0.004035 -31.060530 -0.019461 -2.522174 -20.196709 0.224569 1.128073 -20.323624 0.247643 0.968953 0.000027 0.000532 0.000010 -30.025093 -0.007479 -3.818878 -19.863113 0.078954 0.439214 -19.787304 0.083948 0.366517 0.000015 -0.000028 0.000271 -31.003305 0.053206 -7.198927 -20.610695 -0.129598 -0.666068 -20.150858 -0.127135 -0.466058 -0.000630 0.000011 0.000003 -30.495071 0.115095 -10.587256 -20.326935 -0.418497 -1.749002 -20.561817 -0.379578 -1.319748 -0.000043 0.000017 -0.000034 0.000000 0.000000 0.000000 0.000000 0.000000 0.000000 -5.780668 -13.544203 15.118852 -0.162838 -0.995831 6.096038 2.137621 -8.598421 19.449545 -1.014784 1.483684 -18.170650 0.000000 0.000000 0.000000 0.000000 0.000000 0.000000 0.000000 0.000000 0.000000 6.969882 -3.985073 8.853048 0.229618 0.857768 9.770247 -1.929134 0.096015 16.929028 1.024996 -0.845245 -20.063744 0.000000 0.000000 0.000000 0.000000 0.000000 0.000000 0.000000 0.000000 0.000000 
1.817181 88.958160 5.997501 -1.942567 3.256585 -12.539587 2.163559 -0.069642 6.408312 -1.519414 0.558551 2.425192 0.032584 -0.350920 6.896886 -1.858456 0.421605 6.247585 6.310152 -3.996255 6.346940 0.869389 -1.244940 -2.421024 0.495624 -1.399777 -19.797417 0.000000 0.000000 0.000000 88.121284 -0.439437 10.357223 56.272228 -20.471758 -3.232442 -1.063580 16.975388 97.931000 -1.531078 6.923560 8.307920 15.210096 -2.214191 37.827927 -0.000004 -0.000009 -37.027351 -0.000001 0.000041 -25.857271 0.000007 -0.000002 0.000002 30.842581 -0.091733 -5.838985 21.405899 0.218014 -1.052124 21.301878 0.256673 -0.916783 -0.000005 0.000016 -0.000002 30.619217 -0.062587 -6.106921 20.846956 0.088966 -0.483786 21.096495 0.102153 -0.382435 -0.000026 0.000111 0.000004 33.640755 0.005747 -6.353210 22.613701 -0.131863 0.594212 22.864803 -0.117493 0.490387 0.000029 -0.000715 -0.000000 33.820675 -0.036079 -8.111201 22.969051 -0.442637 1.850613 22.519270 -0.404822 1.562287 -0.001632 0.000013 -0.000012 0.000000 0.000000 0.000000 0.000000 0.000000 0.000000 -85.061302 0.192429 5.649006 -66.664291 11.863841 -7.285616 1.288776 -13.562799 115.300720 -0.422633 -4.858892 19.598877 -13.741237 1.963008 38.554790 0.000017 0.000014 -33.580921 -0.000013 -0.000040 -23.418737 -0.001689 -0.000007 -0.004086 -25.082186 0.003517 -1.172457 -16.419266 0.182829 1.011340 -16.541414 0.207665 0.862236 0.000025 0.000508 0.000008 -24.227034 -0.001051 -3.113324 -16.088274 0.063823 0.392094 -15.973722 0.072214 0.327112 0.000053 -0.000027 0.000261 -24.952147 0.045604 -7.425922 -16.469616 -0.101895 -0.600974 -15.981416 -0.108521 -0.419095 -0.000604 0.000011 0.000003 -24.446812 0.106214 -11.767737 -16.179615 -0.341394 -1.578694 -16.411798 -0.319355 -1.181141 -0.000077 0.000017 -0.000034 0.000000 0.000000 0.000000 0.000000 0.000000 0.000000 -5.760992 -13.541905 15.345109 -0.163773 -0.995551 5.973315 2.133039 -8.403213 19.477833 -1.006707 1.480929 -18.195406 0.000000 0.000000 0.000000 0.000000 0.000000 0.000000 0.000000 0.000000 0.000000 6.997151 -3.973302 9.113111 0.230381 0.869239 9.690425 -1.970124 0.149607 16.861689 1.037856 -0.837065 -20.074930 0.000000 0.000000 0.000000 0.000000 0.000000 0.000000 0.000000 0.000000 0.000000 
1.848735 88.956207 6.152766 -1.993456 3.220372 -12.645033 2.153669 -0.074476 6.391040 -1.596600 0.582506 2.339775 0.114700 -0.581220 7.039931 -1.784957 0.349207 6.296370 6.152849 -3.953439 6.438305 0.902944 -1.176413 -2.376245 0.482042 -1.423657 -19.948545 0.000000 0.000000 0.000000 88.554008 -0.512543 10.102510 56.918789 -20.370966 -3.323622 -1.041073 17.193846 96.119591 -1.322061 6.545256 7.264983 14.279529 -2.177434 38.216621 -0.000003 -0.000010 -34.880825 -0.000000 0.000041 -24.338932 0.000007 -0.000001 0.000002 26.467600 -0.070740 -5.329847 18.598511 0.158281 -0.898830 18.522139 0.198209 -0.769570 -0.000006 0.000017 -0.000002 26.400860 -0.054776 -5.946278 18.052305 0.064459 -0.418049 18.283802 0.081223 -0.326910 -0.000026 0.000105 0.000004 29.258511 -0.000524 -6.729662 19.575937 -0.090780 0.509318 19.823456 -0.088636 0.424433 0.000028 -0.000605 0.000000 29.542690 -0.050912 -9.057211 19.945581 -0.328518 1.631749 19.502701 -0.311309 1.372378 -0.001681 0.000014 -0.000012 0.000000 0.000000 0.000000 0.000000 0.000000 0.000000 -85.339043 0.236968 5.587177 -66.486435 11.599813 -7.061799 1.263242 -13.594273 113.797699 -0.412718 -3.829825 17.686367 -12.409737 1.880156 39.138889 0.000018 0.000013 -30.382292 -0.000009 -0.000043 -21.179619 -0.001750 -0.000007 -0.004069 -18.709528 0.024752 0.377822 -12.604959 0.141629 0.857144 -12.720207 0.168256 0.720721 0.000022 0.000521 0.000006 -18.153900 0.004840 -2.240037 -12.297413 0.048727 0.330780 -12.145212 0.060017 0.275174 0.000099 -0.000027 0.000252 -18.907909 0.038512 -7.460637 -12.460189 -0.075425 -0.515463 -11.941303 -0.089942 -0.357405 -0.000598 0.000010 0.000003 -18.634712 0.100446 -12.709352 -12.266174 -0.268617 -1.353880 -12.494647 -0.261328 -0.998796 -0.000117 0.000017 -0.000034 0.000000 0.000000 0.000000 0.000000 0.000000 0.000000 -5.741082 -13.540769 15.554603 -0.166333 -0.997446 5.904050 2.130426 -8.239054 19.456287 -0.994498 1.477629 -18.198143 0.000000 0.000000 0.000000 0.000000 0.000000 0.000000 0.000000 0.000000 0.000000 7.036226 -3.935260 9.369495 0.230862 0.876737 9.650331 -2.007816 0.209981 16.782495 1.055850 -0.828105 -20.075253 0.000000 0.000000 0.000000 0.000000 0.000000 0.000000 0.000000 0.000000 0.000000 
1.877285 88.942413 6.318015 -2.043664 3.156312 -12.755641 2.122270 -0.073610 6.372947 -1.664094 0.599862 2.250149 0.185696 -0.792937 7.189076 -1.709533 0.273607 6.319614 6.020661 -3.960959 6.512182 0.927888 -1.151491 -2.363107 0.478654 -1.433828 -20.064692 0.000000 0.000000 0.000000 88.972809 -0.567315 9.892094 57.627697 -20.256670 -3.367499 -0.993112 17.428556 94.173233 -1.258472 6.225080 5.915406 13.278122 -2.120682 38.648209 -0.000003 -0.000010 -32.551842 0.000001 0.000041 -22.693495 0.000008 -0.000001 0.000003 21.807903 -0.053062 -4.621759 15.755130 0.107244 -0.739541 15.710237 0.147407 -0.617576 -0.000006 0.000017 -0.000001 21.934925 -0.047377 -5.632795 15.235537 0.043361 -0.350032 15.443757 0.063110 -0.269563 -0.000027 0.000097 0.000005 24.723242 -0.006125 -6.983970 16.558708 -0.056234 0.419734 16.805429 -0.063811 0.354780 0.000027 -0.000577 0.000001 25.235842 -0.061600 -9.934577 16.982941 -0.230065 1.400036 16.552343 -0.230029 1.170001 -0.001726 0.000014 -0.000012 0.000000 0.000000 0.000000 0.000000 0.000000 0.000000 -85.605751 0.275483 5.583244 -66.319061 11.468062 -6.878754 1.213435 -13.594528 111.957115 0.086756 -2.441249 15.284694 -11.015987 1.771159 39.755318 0.000020 0.000013 -27.032701 -0.000008 -0.000046 -18.833860 -0.001807 -0.000006 -0.003988 -11.959997 0.042670 2.103345 -8.996269 0.102569 0.681997 -9.102295 0.130867 0.560770 0.000020 0.000587 0.000005 -11.813895 0.009768 -1.217084 -8.729702 0.034472 0.262554 -8.544101 0.048182 0.217305 0.000127 -0.000026 0.000243 -12.850755 0.032250 -7.333160 -8.800695 -0.051109 -0.420594 -8.250062 -0.072390 -0.289586 -0.000612 0.000010 0.000003 -13.015373 0.096999 -13.461152 -8.775127 -0.202279 -1.105702 -8.998925 -0.207460 -0.799015 -0.000155 0.000017 -0.000034 0.000000 0.000000 0.000000 0.000000 0.000000 0.000000 -5.717804 -13.535570 15.740341 -0.170783 -1.002145 5.907266 2.132382 -8.126471 19.374928 -0.976533 1.475399 -18.176687 0.000000 0.000000 0.000000 0.000000 0.000000 0.000000 0.000000 0.000000 0.000000 7.086901 -3.885924 9.624608 0.230912 0.881215 9.636402 -2.038377 0.277485 16.689220 1.080280 -0.816940 -20.058859 0.000000 0.000000 0.000000 0.000000 0.000000 0.000000 0.000000 0.000000 0.000000 
1.896517 88.915398 6.491882 -2.099550 3.054863 -12.864408 2.080374 -0.065501 6.354244 -1.727244 0.612073 2.156907 0.260021 -0.964791 7.307732 -1.646473 0.207754 6.294119 5.955172 -4.028414 6.590866 0.949705 -1.182635 -2.376331 0.491954 -1.433587 -20.140846 0.000000 0.000000 0.000000 89.359772 -0.601314 9.745050 58.475842 -20.125782 -3.421537 -0.923438 17.679756 92.136200 -1.393748 5.972598 4.388211 12.218613 -2.043126 39.117764 -0.000002 -0.000011 -30.061556 0.000002 0.000041 -20.935013 0.000008 -0.000000 0.000003 16.891888 -0.039142 -3.688940 12.952868 0.064079 -0.576238 12.941717 0.103609 -0.464880 -0.000006 0.000018 -0.000001 17.242329 -0.040646 -5.168575 12.484053 0.025567 -0.282538 12.663380 0.048007 -0.212968 -0.000028 0.000091 0.000005 20.071527 -0.010678 -7.153758 13.672869 -0.028233 0.331394 13.920895 -0.043390 0.286267 0.000026 -0.000661 0.000002 20.965353 -0.066928 -10.800131 14.202875 -0.147823 1.173993 13.788365 -0.161993 0.972027 -0.001776 0.000014 -0.000013 0.000000 0.000000 0.000000 0.000000 0.000000 0.000000 -85.859619 0.302690 5.619679 -66.178299 11.385674 -6.669591 1.137046 -13.584134 109.791435 0.963288 -0.791980 12.692545 -9.645857 1.641159 40.369110 0.000020 0.000012 -23.729149 -0.000008 -0.000049 -16.515135 -0.001853 -0.000006 -0.003860 -5.258897 0.056385 3.852443 -6.116177 0.069672 0.520630 -6.213670 0.099268 0.414358 0.000018 0.000726 0.000003 -5.544458 0.013403 -0.135962 -5.893586 0.022631 0.200878 -5.682286 0.038128 0.165257 0.000156 -0.000026 0.000236 -6.969900 0.027075 -7.094801 -5.923546 -0.031028 -0.335835 -5.346347 -0.057660 -0.229868 -0.000658 0.000010 0.000003 -7.676718 0.094674 -14.029344 -6.031971 -0.147717 -0.888577 -6.254972 -0.162590 -0.624350 -0.000180 0.000017 -0.000034 0.000000 0.000000 0.000000 0.000000 0.000000 0.000000 -5.673101 -13.512925 15.892026 -0.176933 -1.009169 5.979749 2.135159 -8.086529 19.251772 -0.953425 1.475258 -18.139034 0.000000 0.000000 0.000000 0.000000 0.000000 0.000000 0.000000 0.000000 0.000000 7.151459 -3.843158 9.874619 0.230321 0.883978 9.638696 -2.061810 0.349466 16.578951 1.109473 -0.801453 -20.023090 0.000000 0.000000 0.000000 0.000000 0.000000 0.000000 0.000000 0.000000 0.000000 
1.903132 88.877113 6.667403 -2.165735 2.914296 -12.960822 2.041255 -0.052177 6.342242 -1.793259 0.620344 2.071403 0.359135 -1.093347 7.373348 -1.598518 0.159142 6.216615 5.992417 -4.148488 6.677663 0.975031 -1.260884 -2.410314 0.524823 -1.426888 -20.173168 0.000000 0.000000 0.000000 89.702095 -0.616024 9.670542 59.450436 -19.964949 -3.486159 -0.839419 17.935343 90.055237 -1.719143 5.800134 2.838295 11.152573 -1.948343 39.601875 -0.000002 -0.000012 -27.526636 0.000003 0.000042 -19.147089 0.000009 0.000001 0.000004 11.889385 -0.028134 -2.585052 10.314859 0.029734 -0.415434 10.336321 0.068104 -0.317796 -0.000007 0.000019 -0.000001 12.463374 -0.034532 -4.584528 9.915689 0.011396 -0.218661 10.062313 0.036280 -0.159506 -0.000029 0.000086 0.000006 15.400127 -0.014284 -7.258941 11.019312 -0.007221 0.248523 11.270198 -0.027750 0.222358 0.000025 -0.000833 0.000002 16.787174 -0.067391 -11.647150 11.682827 -0.083664 0.964105 11.288055 -0.109115 0.788427 -0.001826 0.000013 -0.000014 0.000000 0.000000 0.000000 0.000000 0.000000 0.000000 -86.084923 0.314389 5.671878 -66.069786 11.245929 -6.373374 1.033744 -13.594531 107.372757 2.044913 0.816597 10.216870 -8.433552 1.503961 40.922539 0.000020 0.000010 -20.787003 -0.000008 -0.000051 -14.446785 -0.001875 -0.000007 -0.003700 0.803519 0.066604 5.426911 -4.292086 0.046261 0.397779 -4.384769 0.076665 0.303668 0.000017 0.000939 0.000002 0.151350 0.015935 0.874625 -4.099571 0.014331 0.154540 -3.869808 0.030816 0.126633 0.000219 -0.000025 0.000228 -1.619315 0.022988 -6.809542 -4.064573 -0.016779 -0.273975 -3.469932 -0.047051 -0.186935 -0.000757 0.000011 0.000002 -2.864846 0.092635 -14.417738 -4.194469 -0.109146 -0.735489 -4.422858 -0.130567 -0.499617 -0.000180 0.000017 -0.000034 0.000000 0.000000 0.000000 0.000000 0.000000 0.000000 -5.587754 -13.452680 15.985384 -0.183859 -1.016404 6.121999 2.124755 -8.112185 19.115692 -0.926430 1.476799 -18.099943 0.000000 0.000000 0.000000 0.000000 0.000000 0.000000 0.000000 0.000000 0.000000 7.229607 -3.811831 10.099677 0.228907 0.884927 9.674515 -2.079280 0.435714 16.450560 1.138908 -0.781666 -19.974720 0.000000 0.000000 0.000000 0.000000 0.000000 0.000000 0.000000 0.000000 0.000000 
1.900813 88.829674 6.836460 -2.233858 2.742154 -13.051087 2.012472 -0.039132 6.342170 -1.857687 0.624871 2.025235 0.483766 -1.188791 7.394498 -1.553167 0.123986 6.120374 6.119528 -4.288110 6.749481 1.006494 -1.353303 -2.466900 0.570597 -1.418102 -20.164822 0.000000 0.000000 0.000000 90.000671 -0.615741 9.681332 60.406109 -19.729126 -3.479290 -0.747019 18.194313 87.969589 -2.125538 5.741254 1.394277 10.188116 -1.848913 40.047825 -0.000002 -0.000012 -25.209518 0.000003 0.000042 -17.516403 0.000009 0.000001 0.000004 7.240647 -0.018824 -1.464342 8.048531 0.006441 -0.276049 8.095700 0.043562 -0.192265 -0.000007 0.000020 -0.000001 8.003679 -0.028991 -3.954334 7.720080 0.001651 -0.164779 7.833778 0.028488 -0.114448 -0.000030 0.000087 0.000006 11.053659 -0.017452 -7.298429 8.759275 0.006098 0.178319 9.013564 -0.017375 0.168508 0.000024 -0.001028 0.000003 12.941499 -0.066188 -12.391699 9.544733 -0.040047 0.786153 9.172480 -0.073482 0.633334 -0.001860 0.000012 -0.000015 0.000000 0.000000 0.000000 0.000000 0.000000 0.000000 -86.269867 0.310679 5.738381 -65.943321 11.005379 -5.974582 0.918155 -13.636841 104.792709 3.098998 2.059194 7.993730 -7.479516 1.379003 41.367073 0.000020 0.000009 -18.450146 -0.000010 -0.000054 -12.803943 -0.001852 -0.000008 -0.003539 5.781026 0.074432 6.685339 -3.353564 0.031240 0.312255 -3.445539 0.061994 0.227782 0.000017 0.001191 0.000002 4.850501 0.017795 1.706968 -3.167717 0.008956 0.122198 -2.924240 0.025815 0.100465 0.000304 -0.000025 0.000220 2.824888 0.019768 -6.539099 -3.022674 -0.007384 -0.233014 -2.417884 -0.040000 -0.158673 -0.000889 0.000011 0.000002 1.114625 0.090467 -14.661326 -3.077892 -0.083808 -0.634980 -3.315725 -0.109322 -0.416366 -0.000137 0.000017 -0.000035 0.000000 0.000000 0.000000 0.000000 0.000000 0.000000 -5.473488 -13.350092 16.012068 -0.190505 -1.022049 6.345876 2.096438 -8.155980 18.966732 -0.898032 1.479043 -18.067743 0.000000 0.000000 0.000000 0.000000 0.000000 0.000000 0.000000 0.000000 0.000000 7.310266 -3.775778 10.276491 0.226579 0.882063 9.793937 -2.094921 0.561879 16.293900 1.162361 -0.761013 -19.921892 0.000000 0.000000 0.000000 0.000000 0.000000 0.000000 0.000000 0.000000 0.000000 
1.893357 88.778038 6.995827 -2.297278 2.548978 -13.134150 1.999522 -0.030471 6.347221 -1.915744 0.626706 2.030714 0.616737 -1.255028 7.380406 -1.502894 0.099138 6.037162 6.316949 -4.425243 6.823855 1.045509 -1.432441 -2.524002 0.621193 -1.409628 -20.129265 0.000000 0.000000 0.000000 90.248466 -0.603530 9.769393 61.243080 -19.434706 -3.383836 -0.659803 18.451561 85.953133 -2.502136 5.783797 0.163837 9.385903 -1.757312 40.421944 -0.000002 -0.000012 -23.270666 0.000004 0.000043 -16.153793 0.000009 0.000002 0.000005 3.278145 -0.010312 -0.448192 6.246609 -0.008870 -0.162167 6.310134 0.027201 -0.091287 -0.000008 0.000021 -0.000000 4.176824 -0.023953 -3.348985 5.976208 -0.004906 -0.121585 6.060333 0.023466 -0.078474 -0.000030 0.000092 0.000007 7.315591 -0.020484 -7.286000 6.957724 0.014354 0.121485 7.215412 -0.010591 0.125044 0.000024 -0.001207 0.000003 9.651155 -0.065404 -12.993629 7.839100 -0.010445 0.641261 7.490022 -0.049613 0.507859 -0.001877 0.000012 -0.000017 0.000000 0.000000 0.000000 0.000000 0.000000 0.000000 -86.414497 0.294534 5.819431 -65.804970 10.696832 -5.535869 0.809172 -13.710336 102.218369 3.972010 2.824456 6.131832 -6.786588 1.278141 41.694622 0.000019 0.000009 -16.740177 -0.000013 -0.000056 -11.603110 -0.001798 -0.000008 -0.003411 9.573351 0.080861 7.604079 -2.918681 0.020402 0.246421 -3.012912 0.051292 0.170930 0.000016 0.001433 0.000002 8.427797 0.019381 2.326212 -2.723124 0.004938 0.097027 -2.468274 0.021914 0.081025 0.000380 -0.000025 0.000212 6.203895 0.017207 -6.327056 -2.451751 -0.000385 -0.203446 -1.839927 -0.034834 -0.137981 -0.001018 0.000012 0.000002 4.124812 0.088595 -14.828255 -2.398275 -0.065104 -0.559250 -2.644747 -0.093523 -0.353724 -0.000059 0.000017 -0.000035 0.000000 0.000000 0.000000 0.000000 0.000000 0.000000 -5.351365 -13.221416 15.986900 -0.196282 -1.025508 6.628738 2.057485 -8.183744 18.815845 -0.870173 1.481082 -18.050253 0.000000 0.000000 0.000000 0.000000 0.000000 0.000000 0.000000 0.000000 0.000000 7.379893 -3.732764 10.406401 0.223767 0.875515 9.983361 -2.105591 0.739008 16.118437 1.179362 -0.742200 -19.870483 0.000000 0.000000 0.000000 0.000000 0.000000 0.000000 0.000000 0.000000 0.000000 
1.882945 88.725166 7.143896 -2.350562 2.348664 -13.202705 2.000625 -0.028053 6.350897 -1.965644 0.628538 2.079106 0.740653 -1.291951 7.340633 -1.449658 0.083832 5.984535 6.552837 -4.547170 6.898396 1.089707 -1.485974 -2.567788 0.670694 -1.401110 -20.071495 0.000000 0.000000 0.000000 90.429375 -0.583800 9.911565 61.918148 -19.126060 -3.247301 -0.588485 18.689455 84.108215 -2.802302 5.886484 -0.807479 8.758053 -1.680432 40.715385 -0.000002 -0.000012 -21.750425 0.000005 0.000044 -15.084849 0.000009 0.000003 0.000005 0.134616 -0.002591 0.410084 4.903621 -0.020038 -0.069454 4.975667 0.015238 -0.010604 -0.000009 0.000022 -0.000001 1.110482 -0.019451 -2.812729 4.674719 -0.009755 -0.086992 4.734399 0.019866 -0.049935 -0.000030 0.000100 0.000008 4.306624 -0.023361 -7.247283 5.603611 0.020217 0.075826 5.864175 -0.005607 0.090151 0.000023 -0.001355 0.000003 7.017607 -0.065565 -13.461265 6.558513 0.011824 0.524524 6.230553 -0.031716 0.407845 -0.001882 0.000011 -0.000018 0.000000 0.000000 0.000000 0.000000 0.000000 0.000000 -86.520622 0.270749 5.914814 -65.677231 10.366336 -5.164498 0.722312 -13.796827 99.883911 4.593306 3.255770 4.677095 -6.313604 1.204996 41.918373 0.000018 0.000008 -15.573147 -0.000018 -0.000057 -10.784034 -0.001738 -0.000009 -0.003344 12.252295 0.086138 8.213334 -2.719598 0.010832 0.187916 -2.817919 0.041803 0.121900 0.000016 0.001627 0.000001 10.943480 0.020836 2.735072 -2.508110 0.001301 0.074653 -2.243864 0.018350 0.064455 0.000434 -0.000025 0.000206 8.559917 0.015310 -6.202156 -2.122270 0.005805 -0.178849 -1.504342 -0.030440 -0.120368 -0.001112 0.000012 0.000002 6.216212 0.088054 -14.980912 -1.967312 -0.048815 -0.492003 -2.219593 -0.079741 -0.299401 0.000035 0.000016 -0.000035 0.000000 0.000000 0.000000 0.000000 0.000000 0.000000 -5.239037 -13.082905 15.926551 -0.201076 -1.027206 6.935860 2.019047 -8.183774 18.671148 -0.844885 1.482824 -18.049179 0.000000 0.000000 0.000000 0.000000 0.000000 0.000000 0.000000 0.000000 0.000000 7.427258 -3.686754 10.492514 0.220980 0.866009 10.211554 -2.106583 0.970230 15.940311 1.191651 -0.726039 -19.822166 0.000000 0.000000 0.000000 0.000000 0.000000 0.000000 0.000000 0.000000 0.000000 
1.870690 88.671410 7.278949 -2.390995 2.159760 -13.252742 2.008767 -0.031985 6.352355 -2.006815 0.633356 2.157218 0.850235 -1.304350 7.284042 -1.396689 0.077257 5.967490 6.776719 -4.632814 6.943726 1.135405 -1.503628 -2.602180 0.713055 -1.390203 -19.994183 0.000000 0.000000 0.000000 90.535362 -0.562990 10.073104 62.421669 -18.826426 -3.138806 -0.534252 18.895390 82.536568 -3.039552 6.044583 -1.535723 8.294841 -1.620497 40.932446 -0.000002 -0.000011 -20.626595 0.000006 0.000044 -14.293673 0.000008 0.000003 0.000004 -2.201386 0.004187 1.074584 3.972817 -0.028962 0.004882 4.048581 0.005742 0.052919 -0.000009 0.000023 -0.000001 -1.194618 -0.015474 -2.388432 3.768432 -0.013633 -0.059535 3.809972 0.017015 -0.027664 -0.000030 0.000108 0.000009 2.037979 -0.025991 -7.223783 4.650098 0.024958 0.039726 4.912782 -0.001544 0.062577 0.000023 -0.001482 0.000004 5.050535 -0.066257 -13.836544 5.660368 0.030105 0.431823 5.349845 -0.017011 0.329636 -0.001885 0.000011 -0.000019 0.000000 0.000000 0.000000 0.000000 0.000000 0.000000 -86.588722 0.245602 6.012637 -65.551872 10.026043 -4.946726 0.668112 -13.863740 97.991676 4.962023 3.530144 3.589820 -6.014573 1.157771 42.056984 0.000017 0.000008 -14.846689 -0.000023 -0.000057 -10.272689 -0.001674 -0.000009 -0.003339 13.962550 0.090277 8.551089 -2.618870 0.001394 0.131999 -2.721953 0.032425 0.076469 0.000016 0.001753 0.000001 12.544032 0.022206 2.944638 -2.388403 -0.002332 0.053519 -2.117472 0.014860 0.049198 0.000476 -0.000025 0.000202 10.041505 0.014054 -6.184351 -1.907573 0.011851 -0.156568 -1.284798 -0.026418 -0.104120 -0.001151 0.000013 0.000001 7.538774 0.089680 -15.163676 -1.672854 -0.033141 -0.427757 -1.928547 -0.066700 -0.248919 0.000132 0.000016 -0.000036 0.000000 0.000000 0.000000 0.000000 0.000000 0.000000 -5.150445 -12.952635 15.846610 -0.205184 -1.028605 7.237073 1.992698 -8.154878 18.532902 -0.824109 1.484806 -18.062027 0.000000 0.000000 0.000000 0.000000 0.000000 0.000000 0.000000 0.000000 0.000000 7.451663 -3.636098 10.535198 0.218710 0.854769 10.454613 -2.099163 1.233168 15.769064 1.199672 -0.712945 -19.774715 0.000000 0.000000 0.000000 0.000000 0.000000 0.000000 0.000000 0.000000 0.000000 
1.855671 88.618401 7.399883 -2.423531 2.002275 -13.282312 2.020765 -0.041320 6.352360 -2.040727 0.642816 2.256305 0.950056 -1.304054 7.212771 -1.346640 0.076594 5.983067 6.956214 -4.669548 6.957345 1.181948 -1.478845 -2.625752 0.744661 -1.374817 -19.910639 0.000000 0.000000 0.000000 90.563332 -0.544619 10.221483 62.806236 -18.544672 -3.137136 -0.497680 19.060282 81.317413 -3.243516 6.244241 -2.058173 7.964279 -1.575730 41.088657 -0.000002 -0.000011 -19.817852 0.000006 0.000045 -13.724599 0.000008 0.000004 0.000004 -3.875466 0.010191 1.541199 3.347064 -0.036658 0.064608 3.424508 -0.002342 0.103230 -0.000010 0.000024 -0.000001 -2.861531 -0.011926 -2.098307 3.152950 -0.016965 -0.037436 3.182850 0.014546 -0.010130 -0.000029 0.000115 0.000010 0.408861 -0.028335 -7.248103 3.994730 0.029220 0.010860 4.258273 0.002034 0.040587 0.000023 -0.001604 0.000004 3.667484 -0.066798 -14.172532 5.049884 0.046236 0.357637 4.751994 -0.004148 0.268065 -0.001892 0.000011 -0.000019 0.000000 0.000000 0.000000 0.000000 0.000000 0.000000 -86.615051 0.223631 6.096272 -65.421303 9.684515 -4.911918 0.646063 -13.885962 96.648888 5.131634 3.738123 2.818122 -5.854505 1.133063 42.125957 0.000017 0.000009 -14.478231 -0.000029 -0.000058 -10.011083 -0.001621 -0.000009 -0.003369 14.843637 0.093613 8.641625 -2.538938 -0.008259 0.076799 -2.647036 0.022837 0.032707 0.000016 0.001802 0.000001 13.369278 0.023509 2.962973 -2.287640 -0.006074 0.032910 -2.013203 0.011387 0.034492 0.000507 -0.000025 0.000200 10.787062 0.013311 -6.282668 -1.732198 0.017872 -0.135331 -1.107491 -0.022681 -0.088511 -0.001134 0.000013 0.000001 8.221150 0.093651 -15.399955 -1.446793 -0.017670 -0.365420 -1.703264 -0.054181 -0.200878 0.000220 0.000016 -0.000037 0.000000 0.000000 0.000000 0.000000 0.000000 0.000000 -5.086204 -12.858799 15.761675 -0.208851 -1.030934 7.507833 1.983355 -8.108091 18.402945 -0.808017 1.487645 -18.086054 0.000000 0.000000 0.000000 0.000000 0.000000 0.000000 0.000000 0.000000 0.000000 7.464864 -3.581564 10.536870 0.217508 0.843676 10.683987 -2.088258 1.483747 15.616255 1.204707 -0.702731 -19.727602 0.000000 0.000000 0.000000 0.000000 0.000000 0.000000 0.000000 0.000000 0.000000 
1.836361 88.568413 7.504630 -2.455749 1.893812 -13.287044 2.036049 -0.054158 6.351487 -2.069141 0.656584 2.371450 1.050820 -1.308461 7.129555 -1.299703 0.076755 6.025140 7.076531 -4.662054 6.945876 1.229209 -1.417182 -2.639776 0.764171 -1.356317 -19.836824 0.000000 0.000000 0.000000 90.520683 -0.528835 10.338415 63.160614 -18.258684 -3.296346 -0.480858 19.194138 80.544678 -3.459659 6.426327 -2.394655 7.733926 -1.543224 41.199383 -0.000002 -0.000011 -19.243750 0.000007 0.000046 -13.322432 0.000007 0.000004 0.000004 -5.050707 0.015892 1.846846 2.919480 -0.043404 0.112260 2.997891 -0.009345 0.142926 -0.000011 0.000025 -0.000001 -4.037038 -0.008707 -1.924410 2.724702 -0.019916 -0.019424 2.748582 0.012315 0.003827 -0.000028 0.000119 0.000011 -0.721594 -0.030487 -7.318116 3.531419 0.033282 -0.012883 3.794202 0.005289 0.022565 0.000023 -0.001727 0.000003 2.735178 -0.067378 -14.492595 4.623733 0.061191 0.296414 4.333987 0.007557 0.217916 -0.001904 0.000010 -0.000019 0.000000 0.000000 0.000000 0.000000 0.000000 0.000000 -86.596016 0.208290 6.153984 -65.283310 9.361696 -5.049267 0.645874 -13.874067 95.875732 5.149824 3.920793 2.310054 -5.814593 1.128237 42.134270 0.000016 0.000009 -14.420284 -0.000035 -0.000057 -9.967094 -0.001591 -0.000009 -0.003406 14.976934 0.096598 8.512105 -2.437550 -0.017953 0.022963 -2.550889 0.013239 -0.009388 0.000016 0.001776 0.000001 13.497376 0.024750 2.810035 -2.163863 -0.009850 0.012880 -1.888824 0.008010 0.020287 0.000511 -0.000024 0.000199 10.871873 0.012822 -6.482815 -1.551809 0.023694 -0.114935 -0.928916 -0.019280 -0.073428 -0.001073 0.000013 0.000001 8.326574 0.098941 -15.681193 -1.247000 -0.002750 -0.305803 -1.501210 -0.042444 -0.155360 0.000291 0.000016 -0.000037 0.000000 0.000000 0.000000 0.000000 0.000000 0.000000 -5.037253 -12.828223 15.676279 -0.212074 -1.034618 7.735927 1.988024 -8.068900 18.286654 -0.796314 1.491437 -18.119469 0.000000 0.000000 0.000000 0.000000 0.000000 0.000000 0.000000 0.000000 0.000000 7.480109 -3.526217 10.499041 0.217618 0.834137 10.880006 -2.078592 1.684964 15.488961 1.207528 -0.695228 -19.682489 0.000000 0.000000 0.000000 0.000000 0.000000 0.000000 0.000000 0.000000 0.000000 
1.812119 88.521393 7.589711 -2.494532 1.845799 -13.257791 2.053677 -0.068015 6.349009 -2.094128 0.672910 2.498531 1.163226 -1.337454 7.041369 -1.254160 0.071227 6.085064 7.134504 -4.624927 6.891890 1.275581 -1.332793 -2.661651 0.769981 -1.338405 -19.783251 0.000000 0.000000 0.000000 90.424995 -0.516202 10.406172 63.552906 -17.914177 -3.621461 -0.484960 19.316740 80.336937 -3.730619 6.496571 -2.546175 7.583500 -1.521362 41.273140 -0.000003 -0.000010 -18.859602 0.000007 0.000046 -13.055198 0.000006 0.000004 0.000004 -5.828981 0.021803 2.046628 2.621588 -0.049478 0.148839 2.699773 -0.015548 0.173083 -0.000011 0.000026 -0.000002 -4.820208 -0.005756 -1.825562 2.417201 -0.022656 -0.004906 2.439518 0.010189 0.014753 -0.000027 0.000123 0.000011 -1.470699 -0.032628 -7.408889 3.186043 0.037522 -0.032767 3.446455 0.008407 0.007515 0.000023 -0.001845 0.000003 2.118715 -0.068943 -14.786541 4.301516 0.076262 0.244420 4.017437 0.019059 0.175533 -0.001918 0.000010 -0.000019 0.000000 0.000000 0.000000 0.000000 0.000000 0.000000 -86.531387 0.204632 6.177287 -65.153709 9.070021 -5.338126 0.655297 -13.856258 95.636223 5.001332 4.087210 2.022530 -5.882913 1.140770 42.088669 0.000016 0.000009 -14.638358 -0.000041 -0.000057 -10.116949 -0.001584 -0.000009 -0.003433 14.433455 0.099612 8.205684 -2.312230 -0.027696 -0.028513 -2.430470 0.003669 -0.049305 0.000016 0.001692 0.000001 12.992844 0.025970 2.525722 -2.014400 -0.013665 -0.006360 -1.740391 0.004751 0.006720 0.000484 -0.000024 0.000200 10.359218 0.012253 -6.744398 -1.358442 0.029396 -0.095398 -0.740190 -0.016107 -0.058744 -0.000969 0.000013 0.000001 7.906353 0.103511 -15.966799 -1.057787 0.011988 -0.248714 -1.307032 -0.031186 -0.111738 0.000345 0.000015 -0.000038 0.000000 0.000000 0.000000 0.000000 0.000000 0.000000 -4.989717 -12.865128 15.577897 -0.214616 -1.039119 7.926026 2.003079 -8.065515 18.187754 -0.788446 1.496228 -18.161167 0.000000 0.000000 0.000000 0.000000 0.000000 0.000000 0.000000 0.000000 0.000000 7.506053 -3.478098 10.412786 0.218955 0.826320 11.049677 -2.074750 1.822434 15.381985 1.207171 -0.690732 -19.644333 0.000000 0.000000 0.000000 0.000000 0.000000 0.000000 0.000000 0.000000 0.000000 
1.783707 88.475418 7.655840 -2.544979 1.857413 -13.194121 2.074614 -0.081779 6.344881 -2.118539 0.688816 2.629257 1.285660 -1.399687 6.953359 -1.209732 0.055859 6.151511 7.140027 -4.577260 6.788457 1.321121 -1.243656 -2.700432 0.762734 -1.325732 -19.749998 0.000000 0.000000 0.000000 90.299141 -0.506681 10.412396 63.975243 -17.493185 -4.064858 -0.507145 19.434042 80.668633 -4.056782 6.387500 -2.540467 7.492701 -1.507847 41.318604 -0.000003 -0.000010 -18.621176 0.000007 0.000047 -12.890588 0.000005 0.000004 0.000003 -6.306778 0.028112 2.191648 2.404170 -0.055134 0.177054 2.479518 -0.021205 0.196323 -0.000012 0.000028 -0.000002 -5.312529 -0.003041 -1.763038 2.184784 -0.025313 0.007098 2.208120 0.008076 0.023491 -0.000027 0.000126 0.000012 -1.958656 -0.034879 -7.496725 2.910755 0.042024 -0.050132 3.167634 0.011439 -0.005650 0.000023 -0.001947 0.000002 1.692097 -0.071983 -15.040337 4.034634 0.091495 0.198754 3.755647 0.030508 0.137898 -0.001933 0.000010 -0.000019 0.000000 0.000000 0.000000 0.000000 0.000000 0.000000 -86.434959 0.213824 6.165729 -65.050247 8.854548 -5.748722 0.663074 -13.849917 95.836014 4.667829 4.269589 1.917951 -6.028770 1.165075 42.005592 0.000016 0.000010 -15.047833 -0.000048 -0.000055 -10.401773 -0.001599 -0.000008 -0.003450 13.413178 0.102962 7.792303 -2.189113 -0.037267 -0.076966 -2.310902 -0.005640 -0.086820 0.000015 0.001576 0.000001 12.047633 0.027266 2.167449 -1.867108 -0.017452 -0.024519 -1.594779 0.001667 -0.006025 0.000427 -0.000023 0.000206 9.444189 0.011376 -7.020594 -1.176687 0.034949 -0.077096 -0.564736 -0.013103 -0.044650 -0.000832 0.000013 0.000000 7.135567 0.105748 -16.218025 -0.891973 0.026511 -0.195295 -1.134823 -0.020445 -0.070690 0.000379 0.000015 -0.000039 0.000000 0.000000 0.000000 0.000000 0.000000 0.000000 -4.933949 -12.959953 15.462173 -0.216178 -1.043294 8.082515 2.024860 -8.111834 18.105331 -0.783474 1.502616 -18.202068 0.000000 0.000000 0.000000 0.000000 0.000000 0.000000 0.000000 0.000000 0.000000 7.549784 -3.445793 10.276658 0.221413 0.820298 11.206923 -2.080626 1.893969 15.284854 1.204121 -0.689265 -19.615971 0.000000 0.000000 0.000000 0.000000 0.000000 0.000000 0.000000 0.000000 0.000000 
1.753130 88.428215 7.706993 -2.607652 1.917698 -13.108171 2.099401 -0.095150 6.341475 -2.143641 0.701235 2.754857 1.409189 -1.488594 6.865105 -1.166256 0.031783 6.216861 7.103687 -4.529722 6.645846 1.365848 -1.160839 -2.750853 0.745209 -1.320917 -19.727001 0.000000 0.000000 0.000000 90.168098 -0.498249 10.357187 64.357277 -17.012997 -4.549263 -0.538895 19.534822 81.368248 -4.393182 6.112116 -2.423877 7.440236 -1.500105 41.344975 -0.000003 -0.000010 -18.480305 0.000007 0.000047 -12.793072 0.000005 0.000004 0.000003 -6.574078 0.034346 2.293938 2.238459 -0.060851 0.201144 2.307478 -0.026877 0.216512 -0.000012 0.000029 -0.000002 -5.606275 -0.000628 -1.730330 2.001107 -0.028056 0.017948 2.026776 0.005860 0.031177 -0.000026 0.000128 0.000013 -2.282558 -0.037117 -7.581454 2.683586 0.046827 -0.066529 2.936358 0.014488 -0.018056 0.000024 -0.002034 0.000001 1.374400 -0.075601 -15.257318 3.805362 0.106789 0.156019 3.531770 0.042053 0.101956 -0.001936 0.000009 -0.000019 0.000000 0.000000 0.000000 0.000000 0.000000 0.000000 -86.329552 0.231040 6.127648 -64.968910 8.769701 -6.237470 0.666026 -13.844296 96.342476 4.159720 4.515987 1.958329 -6.203636 1.193386 41.909393 0.000016 0.000010 -15.523069 -0.000056 -0.000054 -10.733486 -0.001624 -0.000007 -0.003471 12.215036 0.106547 7.350565 -2.098914 -0.046576 -0.123163 -2.221909 -0.014639 -0.122657 0.000015 0.001447 0.000001 10.949238 0.028657 1.791746 -1.755071 -0.021181 -0.041701 -1.484719 -0.001271 -0.018127 0.000362 -0.000023 0.000215 8.412064 0.010188 -7.285161 -1.039895 0.040388 -0.060007 -0.435337 -0.010170 -0.031244 -0.000677 0.000013 0.000000 6.272478 0.105497 -16.431997 -0.774329 0.040903 -0.145753 -1.010757 -0.010076 -0.032523 0.000395 0.000015 -0.000040 0.000000 0.000000 0.000000 0.000000 0.000000 0.000000 -4.870380 -13.093769 15.335819 -0.216764 -1.046398 8.210501 2.053432 -8.199529 18.030624 -0.780762 1.511531 -18.227047 0.000000 0.000000 0.000000 0.000000 0.000000 0.000000 0.000000 0.000000 0.000000 7.615268 -3.430290 10.098916 0.224787 0.815641 11.367843 -2.098237 1.912921 15.186522 1.199561 -0.690594 -19.592476 0.000000 0.000000 0.000000 0.000000 0.000000 0.000000 0.000000 0.000000 0.000000 
1.722560 88.380272 7.746546 -2.679673 2.010723 -13.014570 2.126278 -0.107293 6.338986 -2.168230 0.708418 2.871475 1.523013 -1.588279 6.772988 -1.121638 0.003488 6.276818 7.042406 -4.485135 6.485540 1.410755 -1.084821 -2.803033 0.720164 -1.325415 -19.707096 0.000000 0.000000 0.000000 90.047142 -0.488745 10.255422 64.648697 -16.491369 -5.004626 -0.573597 19.608160 82.282089 -4.712543 5.739700 -2.230090 7.409926 -1.495726 41.360142 -0.000003 -0.000010 -18.397612 0.000007 0.000047 -12.734930 0.000004 0.000003 0.000003 -6.712806 0.040134 2.359695 2.108811 -0.066329 0.223426 2.168528 -0.032376 0.235667 -0.000012 0.000029 -0.000003 -5.779622 0.001506 -1.724459 1.852819 -0.030741 0.028207 1.881643 0.003676 0.038348 -0.000025 0.000129 0.000013 -2.508722 -0.039226 -7.664831 2.497741 0.051461 -0.082341 2.746462 0.017325 -0.029916 0.000024 -0.002106 0.000000 1.124444 -0.078986 -15.444693 3.611636 0.120808 0.115257 3.344379 0.052739 0.066970 -0.001920 0.000008 -0.000018 0.000000 0.000000 0.000000 0.000000 0.000000 0.000000 -86.232544 0.248326 6.077435 -64.899345 8.833517 -6.744248 0.667394 -13.818743 97.032944 3.553203 4.833592 2.117998 -6.365921 1.219194 41.820786 0.000016 0.000011 -15.959283 -0.000064 -0.000052 -11.039119 -0.001646 -0.000006 -0.003503 11.096793 0.110189 6.948445 -2.047347 -0.055358 -0.167506 -2.169353 -0.023096 -0.157142 0.000014 0.001317 0.000002 9.936174 0.030146 1.446293 -1.686874 -0.024732 -0.057856 -1.418505 -0.004048 -0.029666 0.000304 -0.000022 0.000226 7.481418 0.008709 -7.523468 -0.959987 0.045513 -0.044060 -0.363318 -0.007379 -0.018614 -0.000530 0.000013 0.000000 5.505458 0.103177 -16.621193 -0.715619 0.054556 -0.100052 -0.946221 -0.000407 0.002640 0.000399 0.000015 -0.000040 0.000000 0.000000 0.000000 0.000000 0.000000 0.000000 -4.805043 -13.253266 15.209090 -0.216683 -1.048596 8.317202 2.088645 -8.315854 17.958315 -0.779520 1.523044 -18.227842 0.000000 0.000000 0.000000 0.000000 0.000000 0.000000 0.000000 0.000000 0.000000 7.699286 -3.434760 9.894204 0.228656 0.811322 11.536502 -2.125071 1.896424 15.086523 1.195053 -0.694010 -19.568247 0.000000 0.000000 0.000000 0.000000 0.000000 0.000000 0.000000 0.000000 0.000000 
1.693148 88.334541 7.775567 -2.755221 2.121761 -12.919106 2.150992 -0.116881 6.333498 -2.191553 0.710739 2.978932 1.619590 -1.683879 6.675304 -1.074710 -0.025152 6.329309 6.980474 -4.449481 6.331456 1.455064 -1.017164 -2.849746 0.691779 -1.338714 -19.693708 0.000000 0.000000 0.000000 89.937325 -0.477893 10.123941 64.849495 -15.924644 -5.399074 -0.610145 19.656570 83.330185 -5.016603 5.350146 -1.965494 7.392794 -1.493424 41.368607 -0.000003 -0.000011 -18.350285 0.000007 0.000048 -12.701177 0.000003 0.000003 0.000003 -6.773601 0.045605 2.406107 2.002442 -0.070978 0.243258 2.050778 -0.037143 0.253115 -0.000012 0.000030 -0.000003 -5.878634 0.003483 -1.730785 1.730094 -0.033094 0.037438 1.762808 0.001741 0.044700 -0.000025 0.000131 0.000013 -2.668369 -0.041228 -7.739819 2.348237 0.055417 -0.096592 2.593487 0.019647 -0.040455 0.000024 -0.002156 -0.000001 0.923843 -0.082416 -15.601544 3.451940 0.132248 0.078490 3.192450 0.061473 0.034811 -0.001884 0.000008 -0.000018 0.000000 0.000000 0.000000 0.000000 0.000000 0.000000 -86.146942 0.260081 6.022791 -64.838058 9.004483 -7.218007 0.671294 -13.768244 97.832367 2.936188 5.177793 2.392859 -6.498763 1.240161 41.747871 0.000016 0.000011 -16.316498 -0.000072 -0.000051 -11.290688 -0.001662 -0.000004 -0.003552 10.156357 0.113743 6.621401 -2.020696 -0.063462 -0.209447 -2.140774 -0.030880 -0.189778 0.000014 0.001194 0.000002 9.088720 0.031713 1.158329 -1.650316 -0.028008 -0.072767 -1.383639 -0.006648 -0.040516 0.000262 -0.000021 0.000236 6.707133 0.006855 -7.724528 -0.926614 0.050141 -0.029106 -0.337568 -0.004807 -0.006698 -0.000410 0.000013 0.000000 4.869058 0.098751 -16.788166 -0.707944 0.067017 -0.057207 -0.933239 0.008363 0.035430 0.000400 0.000014 -0.000041 0.000000 0.000000 0.000000 0.000000 0.000000 0.000000 -4.745043 -13.430156 15.085423 -0.216277 -1.050383 8.409810 2.127061 -8.449162 17.893593 -0.778512 1.535928 -18.209612 0.000000 0.000000 0.000000 0.000000 0.000000 0.000000 0.000000 0.000000 0.000000 7.790986 -3.463354 9.675117 0.232507 0.806374 11.702404 -2.155258 1.855937 14.994655 1.191474 -0.698350 -19.542763 0.000000 0.000000 0.000000 0.000000 0.000000 0.000000 0.000000 0.000000 0.000000 
1.665309 88.293922 7.794503 -2.827250 2.239712 -12.822774 2.169225 -0.122914 6.322160 -2.214179 0.709537 3.078924 1.697529 -1.767959 6.570801 -1.026429 -0.052240 6.374413 6.939178 -4.432731 6.202384 1.496461 -0.963187 -2.886734 0.665743 -1.357449 -19.692642 0.000000 0.000000 0.000000 89.836441 -0.466782 9.976369 64.970131 -15.315641 -5.726071 -0.648574 19.690180 84.459038 -5.311029 4.988201 -1.630379 7.384745 -1.492657 41.372326 -0.000002 -0.000011 -18.327738 0.000006 0.000048 -12.685106 0.000003 0.000003 0.000002 -6.780938 0.050902 2.443742 1.908869 -0.074322 0.258869 1.944523 -0.040705 0.267118 -0.000012 0.000030 -0.000003 -5.922886 0.005377 -1.738220 1.624926 -0.034880 0.044878 1.662008 0.000232 0.049649 -0.000025 0.000132 0.000013 -2.770776 -0.043153 -7.800244 2.229121 0.058357 -0.108008 2.471548 0.021251 -0.048712 0.000024 -0.002176 -0.000002 0.767762 -0.086355 -15.725208 3.323210 0.140384 0.048712 3.072666 0.067588 0.008206 -0.001832 0.000007 -0.000018 0.000000 0.000000 0.000000 0.000000 0.000000 0.000000 -86.067429 0.264765 5.965365 -64.784714 9.217827 -7.626319 0.679373 -13.697602 98.706932 2.367774 5.488807 2.781845 -6.603538 1.256740 41.689640 0.000015 0.000011 -16.601215 -0.000078 -0.000049 -11.492045 -0.001673 -0.000003 -0.003617 9.378564 0.117051 6.366837 -2.003898 -0.070738 -0.247318 -2.122328 -0.037846 -0.219205 0.000014 0.001086 0.000003 8.383421 0.033246 0.927894 -1.630216 -0.030916 -0.085967 -1.364987 -0.009022 -0.050288 0.000238 -0.000021 0.000246 6.051561 0.004637 -7.888740 -0.923972 0.054152 -0.015373 -0.341924 -0.002524 0.004287 -0.000322 0.000013 -0.000000 4.319860 0.092315 -16.933540 -0.737520 0.077963 -0.017390 -0.957774 0.016096 0.065633 0.000399 0.000014 -0.000041 0.000000 0.000000 0.000000 0.000000 0.000000 0.000000 -4.695327 -13.613448 14.962256 -0.215700 -1.051797 8.495443 2.163699 -8.589147 17.844561 -0.776541 1.548376 -18.183168 0.000000 0.000000 0.000000 0.000000 0.000000 0.000000 0.000000 0.000000 0.000000 7.878870 -3.513260 9.453224 0.235994 0.800611 11.852411 -2.183873 1.800025 14.920088 1.188953 -0.702696 -19.518147 0.000000 0.000000 0.000000 0.000000 0.000000 0.000000 0.000000 0.000000 0.000000 
1.639360 88.259720 7.804738 -2.890203 2.357390 -12.728423 2.178569 -0.124923 6.305646 -2.236268 0.706230 3.174057 1.758601 -1.840077 6.460146 -0.980051 -0.077363 6.414696 6.932882 -4.442478 6.105528 1.531933 -0.927833 -2.913219 0.647081 -1.376338 -19.706900 0.000000 0.000000 0.000000 89.743919 -0.455943 9.824566 65.010658 -14.683263 -5.981238 -0.687740 19.720192 85.604233 -5.595405 4.672215 -1.242467 7.383959 -1.493293 41.371906 -0.000002 -0.000011 -18.326092 0.000006 0.000048 -12.683654 0.000003 0.000002 0.000002 -6.743256 0.055925 2.472168 1.822040 -0.076275 0.269114 1.844203 -0.042961 0.276430 -0.000012 0.000030 -0.000003 -5.917148 0.007178 -1.744663 1.531849 -0.036032 0.050050 1.573366 -0.000797 0.052839 -0.000024 0.000134 0.000014 -2.816436 -0.044958 -7.844506 2.133069 0.060247 -0.115943 2.373112 0.022147 -0.054202 0.000024 -0.002163 -0.000003 0.657417 -0.090753 -15.814973 3.218850 0.145451 0.027453 2.977787 0.071243 -0.011322 -0.001767 0.000006 -0.000019 0.000000 0.000000 0.000000 0.000000 0.000000 0.000000 -85.989120 0.262733 5.909232 -64.750862 9.416554 -7.947575 0.691058 -13.615556 99.632614 1.876899 5.702604 3.276016 -6.689559 1.270379 41.641327 0.000015 0.000011 -16.838991 -0.000083 -0.000048 -11.660143 -0.001685 -0.000002 -0.003692 8.710756 0.119944 6.160151 -1.988397 -0.077172 -0.279727 -2.105959 -0.044000 -0.244271 0.000013 0.000993 0.000003 7.767183 0.034602 0.739241 -1.617263 -0.033431 -0.097144 -1.353615 -0.011144 -0.058658 0.000233 -0.000020 0.000253 5.458532 0.002177 -8.023310 -0.940971 0.057558 -0.003171 -0.365152 -0.000531 0.014037 -0.000255 0.000013 -0.000000 3.804759 0.084423 -17.057028 -0.793453 0.087413 0.018751 -1.008713 0.022874 0.092684 0.000390 0.000013 -0.000041 0.000000 0.000000 0.000000 0.000000 0.000000 0.000000 -4.656414 -13.788891 14.837086 -0.214951 -1.052536 8.578793 2.194824 -8.727307 17.812653 -0.773135 1.559358 -18.156025 0.000000 0.000000 0.000000 0.000000 0.000000 0.000000 0.000000 0.000000 0.000000 7.956904 -3.573868 9.238768 0.239005 0.794356 11.981748 -2.209481 1.739452 14.865139 1.187472 -0.706477 -19.496222 0.000000 0.000000 0.000000 0.000000 0.000000 0.000000 0.000000 0.000000 0.000000 
1.615593 88.231415 7.808106 -2.940861 2.470259 -12.640528 2.177891 -0.123389 6.287371 -2.258573 0.701877 3.266165 1.804675 -1.903670 6.344411 -0.938981 -0.100923 6.452406 6.970282 -4.483206 6.041611 1.559833 -0.914014 -2.928940 0.639302 -1.390654 -19.736450 0.000000 0.000000 0.000000 89.661346 -0.445541 9.677877 64.970703 -14.050008 -6.156266 -0.725671 19.758911 86.696625 -5.862806 4.410403 -0.829501 7.387942 -1.495106 41.368286 -0.000002 -0.000012 -18.339586 0.000006 0.000048 -12.692142 0.000003 0.000002 0.000002 -6.669518 0.060552 2.493081 1.737504 -0.077022 0.274203 1.746027 -0.044078 0.281112 -0.000012 0.000030 -0.000003 -5.869291 0.008880 -1.748401 1.445608 -0.036614 0.053007 1.491598 -0.001385 0.054348 -0.000024 0.000136 0.000014 -2.811410 -0.046592 -7.871473 2.051368 0.061248 -0.120527 2.289273 0.022473 -0.057048 0.000024 -0.002118 -0.000004 0.592047 -0.095199 -15.871842 3.130185 0.148099 0.014598 2.898333 0.072936 -0.023668 -0.001695 0.000006 -0.000020 0.000000 0.000000 0.000000 0.000000 0.000000 0.000000 -85.910919 0.254261 5.860229 -64.748260 9.568628 -8.170290 0.704763 -13.533332 100.583092 1.471044 5.779258 3.861750 -6.765419 1.282281 41.598679 0.000014 0.000011 -17.052565 -0.000088 -0.000048 -11.810363 -0.001699 -0.000001 -0.003763 8.110354 0.122403 5.979563 -1.973258 -0.082744 -0.305890 -2.090727 -0.049340 -0.264279 0.000013 0.000916 0.000003 7.200478 0.035699 0.577016 -1.609695 -0.035538 -0.106142 -1.348010 -0.012983 -0.065427 0.000241 -0.000019 0.000258 4.892971 -0.000369 -8.136395 -0.973511 0.060384 0.007132 -0.402922 0.001164 0.022220 -0.000199 0.000012 0.000000 3.295924 0.075874 -17.159605 -0.869596 0.095417 0.050082 -1.079708 0.028720 0.115679 0.000367 0.000013 -0.000041 0.000000 0.000000 0.000000 0.000000 0.000000 0.000000 -4.627460 -13.944314 14.708918 -0.214040 -1.052224 8.664733 2.218751 -8.858476 17.793858 -0.768358 1.568703 -18.131428 0.000000 0.000000 0.000000 0.000000 0.000000 0.000000 0.000000 0.000000 0.000000 8.022560 -3.635549 9.040129 0.241537 0.787965 12.092244 -2.232171 1.684006 14.826138 1.187050 -0.709423 -19.477118 0.000000 0.000000 0.000000 0.000000 0.000000 0.000000 0.000000 0.000000 0.000000 
1.593934 88.207573 7.806270 -2.978505 2.575653 -12.562761 2.166861 -0.119349 6.271065 -2.282438 0.697295 3.355189 1.837553 -1.963443 6.225765 -0.905495 -0.123988 6.487911 7.055735 -4.554965 6.006725 1.579863 -0.921424 -2.934209 0.643735 -1.397397 -19.779217 0.000000 0.000000 0.000000 89.590111 -0.435184 9.543452 64.858841 -13.426097 -6.240912 -0.760073 19.817251 87.681274 -6.103832 4.209893 -0.416312 7.394276 -1.497676 41.362743 -0.000002 -0.000012 -18.361519 0.000006 0.000048 -12.705475 0.000002 0.000003 0.000002 -6.572523 0.064746 2.513200 1.653363 -0.076726 0.275119 1.648643 -0.044204 0.282005 -0.000012 0.000030 -0.000003 -5.793774 0.010501 -1.745420 1.362692 -0.036711 0.054107 1.413309 -0.001574 0.054481 -0.000024 0.000138 0.000014 -2.770738 -0.048029 -7.880497 1.976178 0.061525 -0.122364 2.212188 0.022359 -0.057728 0.000024 -0.002047 -0.000005 0.563899 -0.099151 -15.899355 3.048908 0.148851 0.008881 2.825418 0.073068 -0.029733 -0.001621 0.000006 -0.000021 0.000000 0.000000 0.000000 0.000000 0.000000 0.000000 -85.835007 0.239169 5.825131 -64.786354 9.658586 -8.292376 0.719369 -13.460888 101.527077 1.141697 5.701033 4.522438 -6.837958 1.293266 41.558426 0.000014 0.000011 -17.259050 -0.000093 -0.000047 -11.954675 -0.001715 0.000000 -0.003822 7.548079 0.124502 5.813935 -1.963478 -0.087370 -0.325671 -2.081377 -0.053798 -0.279029 0.000013 0.000854 0.000003 6.658160 0.036538 0.432216 -1.611180 -0.037215 -0.112965 -1.351962 -0.014499 -0.070529 0.000256 -0.000018 0.000261 4.337394 -0.002868 -8.233856 -1.022082 0.062631 0.015247 -0.455491 0.002533 0.028631 -0.000148 0.000012 0.000000 2.784549 0.067475 -17.243002 -0.962821 0.101977 0.075742 -1.167641 0.033564 0.134033 0.000329 0.000012 -0.000040 0.000000 0.000000 0.000000 0.000000 0.000000 0.000000 -4.606648 -14.072782 14.579234 -0.213015 -1.050720 8.755170 2.235287 -8.979161 17.781685 -0.762514 1.576795 -18.109612 0.000000 0.000000 0.000000 0.000000 0.000000 0.000000 0.000000 0.000000 0.000000 8.076123 -3.692047 8.860988 0.243634 0.781614 12.189479 -2.252540 1.641109 14.797400 1.187578 -0.711336 -19.460018 0.000000 0.000000 0.000000 0.000000 0.000000 0.000000 0.000000 0.000000 0.000000 
1.573770 88.186363 7.800406 -3.004285 2.671825 -12.496780 2.145356 -0.114058 6.259828 -2.310097 0.693087 3.439865 1.859389 -2.023871 6.105193 -0.879165 -0.147665 6.519798 7.190808 -4.656403 5.996445 1.593608 -0.947676 -2.928732 0.659961 -1.395795 -19.831297 0.000000 0.000000 0.000000 89.530945 -0.424439 9.427097 64.691383 -12.813279 -6.226933 -0.788549 19.901108 88.526207 -6.310984 4.072957 -0.019239 7.399672 -1.500461 41.357147 -0.000002 -0.000013 -18.382154 0.000006 0.000048 -12.716892 0.000002 0.000003 0.000002 -6.471764 0.068557 2.542632 1.566709 -0.075580 0.273431 1.549662 -0.043521 0.280539 -0.000012 0.000030 -0.000002 -5.712525 0.012074 -1.730080 1.278648 -0.036434 0.053957 1.334245 -0.001428 0.053730 -0.000023 0.000141 0.000014 -2.716757 -0.049277 -7.870596 1.900033 0.061251 -0.122325 2.134467 0.021922 -0.056940 0.000024 -0.001953 -0.000005 0.560000 -0.102224 -15.902004 2.967959 0.148135 0.008475 2.751577 0.071951 -0.030973 -0.001547 0.000006 -0.000022 0.000000 0.000000 0.000000 0.000000 0.000000 0.000000 -85.764999 0.216815 5.810882 -64.864883 9.685729 -8.317227 0.734861 -13.403631 102.438637 0.867226 5.479734 5.242846 -6.909320 1.303617 41.519497 0.000013 0.000011 -17.463312 -0.000098 -0.000047 -12.096747 -0.001731 0.000001 -0.003861 7.014584 0.126406 5.660813 -1.966483 -0.090916 -0.339230 -2.084970 -0.057237 -0.288586 0.000013 0.000804 0.000004 6.134810 0.037173 0.300359 -1.627770 -0.038433 -0.117645 -1.371453 -0.015646 -0.073937 0.000267 -0.000018 0.000264 3.794066 -0.005225 -8.320804 -1.089857 0.064280 0.020951 -0.525951 0.003531 0.033142 -0.000099 0.000012 0.000000 2.279631 0.059858 -17.312492 -1.072304 0.107041 0.094993 -1.271611 0.037257 0.147274 0.000277 0.000012 -0.000040 0.000000 0.000000 0.000000 0.000000 0.000000 0.000000 -4.592422 -14.171539 14.450644 -0.211938 -1.047930 8.850509 2.245482 -9.087745 17.770761 -0.755817 1.584059 -18.089869 0.000000 0.000000 0.000000 0.000000 0.000000 0.000000 0.000000 0.000000 0.000000 8.119249 -3.741165 8.702434 0.245380 0.775429 12.277870 -2.271322 1.614034 14.773617 1.189015 -0.712349 -19.443289 0.000000 0.000000 0.000000 0.000000 0.000000 0.000000 0.000000 0.000000 0.000000 
1.553961 88.166298 7.791759 -3.020531 2.757720 -12.442953 2.113879 -0.108482 6.254612 -2.344030 0.690024 3.518887 1.873165 -2.088848 5.982623 -0.858253 -0.173339 6.546945 7.373219 -4.784690 6.006339 1.603087 -0.989550 -2.912875 0.686342 -1.386700 -19.888924 0.000000 0.000000 0.000000 89.482536 -0.412870 9.333756 64.489197 -12.208272 -6.112419 -0.809660 20.011051 89.218231 -6.482599 4.000872 0.350522 7.401909 -1.502918 41.353008 -0.000002 -0.000013 -18.394194 0.000006 0.000048 -12.721597 0.000002 0.000003 0.000002 -6.384788 0.072074 2.591363 1.476994 -0.073672 0.270467 1.448841 -0.042118 0.277920 -0.000012 0.000031 -0.000002 -5.645560 0.013619 -1.696585 1.191775 -0.035857 0.053093 1.252627 -0.000986 0.052506 -0.000023 0.000143 0.000013 -2.670877 -0.050375 -7.841250 1.819220 0.060529 -0.121184 2.052450 0.021223 -0.055314 0.000024 -0.001842 -0.000006 0.565451 -0.104274 -15.884338 2.883913 0.146156 0.011572 2.673368 0.069732 -0.028899 -0.001475 0.000006 -0.000023 0.000000 0.000000 0.000000 0.000000 0.000000 0.000000 -85.704254 0.186520 5.823720 -64.976738 9.651933 -8.246724 0.751438 -13.362612 103.296967 0.618810 5.135492 6.005968 -6.979906 1.313444 41.481647 0.000013 0.000011 -17.665558 -0.000102 -0.000046 -12.237080 -0.001746 0.000001 -0.003880 6.505587 0.128251 5.520446 -1.988424 -0.093232 -0.346742 -2.107463 -0.059495 -0.293091 0.000013 0.000762 0.000004 5.629679 0.037669 0.178872 -1.664240 -0.039157 -0.120191 -1.411082 -0.016376 -0.075621 0.000268 -0.000017 0.000265 3.268521 -0.007374 -8.401214 -1.178765 0.065294 0.024107 -0.616187 0.004111 0.035706 -0.000053 0.000012 -0.000000 1.791220 0.053412 -17.373486 -1.196667 0.110514 0.107521 -1.390208 0.039649 0.155254 0.000219 0.000012 -0.000040 0.000000 0.000000 0.000000 0.000000 0.000000 0.000000 -4.582592 -14.240995 14.327127 -0.210870 -1.043878 8.949218 2.250559 -9.183889 17.756611 -0.748376 1.590764 -18.071093 0.000000 0.000000 0.000000 0.000000 0.000000 0.000000 0.000000 0.000000 0.000000 8.154847 -3.783359 8.564034 0.246917 0.769641 12.360092 -2.289510 1.602423 14.751113 1.191441 -0.712666 -19.425259 0.000000 0.000000 0.000000 0.000000 0.000000 0.000000 0.000000 0.000000 0.000000 
1.533113 88.146339 7.781825 -3.030530 2.832700 -12.400991 2.074130 -0.103282 6.254683 -2.386112 0.688899 3.591475 1.882383 -2.161747 5.857087 -0.840784 -0.202522 6.569302 7.596610 -4.935889 6.033068 1.610006 -1.043879 -2.888053 0.720543 -1.371924 -19.949270 0.000000 0.000000 0.000000 89.441185 -0.400010 9.266433 64.272278 -11.609341 -5.903638 -0.823199 20.143230 89.755890 -6.618749 3.996438 0.680475 7.400098 -1.504686 41.351097 -0.000003 -0.000014 -18.394194 0.000006 0.000048 -12.717459 0.000002 0.000003 0.000002 -6.322590 0.075379 2.664026 1.385775 -0.071100 0.267229 1.347756 -0.040092 0.275036 -0.000012 0.000031 -0.000002 -5.605289 0.015132 -1.642597 1.103038 -0.035040 0.051929 1.169114 -0.000290 0.051113 -0.000023 0.000147 0.000013 -2.646380 -0.051373 -7.793720 1.733956 0.059444 -0.119534 1.966272 0.020307 -0.053335 0.000024 -0.001719 -0.000006 0.569518 -0.105340 -15.850697 2.797123 0.143081 0.016650 2.591336 0.066536 -0.024838 -0.001406 0.000006 -0.000023 0.000000 0.000000 0.000000 0.000000 0.000000 0.000000 -85.653389 0.147925 5.867449 -65.111572 9.562686 -8.081900 0.768889 -13.335109 104.087341 0.363655 4.683093 6.790781 -7.050386 1.323020 41.444363 0.000013 0.000011 -17.866999 -0.000107 -0.000046 -12.376781 -0.001763 0.000002 -0.003882 6.012404 0.130109 5.389010 -2.031843 -0.094266 -0.348604 -2.151460 -0.060510 -0.292923 0.000014 0.000723 0.000004 5.137549 0.038073 0.062997 -1.722067 -0.039388 -0.120704 -1.472121 -0.016676 -0.075642 0.000259 -0.000016 0.000266 2.759456 -0.009268 -8.479280 -1.288063 0.065685 0.024773 -0.725456 0.004259 0.036408 -0.000012 0.000011 -0.000000 1.320585 0.048328 -17.430798 -1.333447 0.112412 0.113606 -1.520970 0.040725 0.158288 0.000158 0.000011 -0.000040 0.000000 0.000000 0.000000 0.000000 0.000000 0.000000 -4.573528 -14.282949 14.212203 -0.209866 -1.038709 9.049613 2.251030 -9.267623 17.735199 -0.740090 1.597079 -18.052198 0.000000 0.000000 0.000000 0.000000 0.000000 0.000000 0.000000 0.000000 0.000000 8.187354 -3.820490 8.444110 0.248442 0.764610 12.438582 -2.308844 1.603636 14.726974 1.195092 -0.712483 -19.404818 0.000000 0.000000 0.000000 0.000000 0.000000 0.000000 0.000000 0.000000 0.000000 
1.509799 88.125832 7.772354 -3.037975 2.896255 -12.370996 2.028829 -0.098652 6.258702 -2.436989 0.690289 3.657783 1.890283 -2.243882 5.728513 -0.824682 -0.236099 6.588006 7.854257 -5.107184 6.074003 1.615771 -1.109346 -2.856016 0.760722 -1.353658 -20.010649 0.000000 0.000000 0.000000 89.403358 -0.385541 9.226706 64.060463 -11.023281 -5.616724 -0.830302 20.291588 90.144676 -6.723455 4.058277 0.952226 7.393580 -1.505605 41.351810 -0.000003 -0.000014 -18.380598 0.000006 0.000048 -12.703528 0.000002 0.000004 0.000002 -6.292008 0.078448 2.763050 1.294430 -0.068086 0.264623 1.247632 -0.037643 0.272681 -0.000012 0.000031 -0.000002 -5.598661 0.016580 -1.567480 1.013980 -0.034065 0.050812 1.084794 0.000580 0.049819 -0.000023 0.000150 0.000013 -2.648749 -0.052299 -7.729480 1.646209 0.058100 -0.117759 1.877601 0.019230 -0.051340 0.000024 -0.001591 -0.000006 0.567118 -0.105545 -15.804698 2.709887 0.139141 0.022847 2.507912 0.062550 -0.019651 -0.001344 0.000006 -0.000024 0.000000 0.000000 0.000000 0.000000 0.000000 0.000000 -85.610558 0.101034 5.944539 -65.263870 9.429507 -7.824264 0.787066 -13.317498 104.803963 0.074294 4.136583 7.570976 -7.120811 1.332640 41.407257 0.000013 0.000011 -18.067919 -0.000111 -0.000046 -12.516244 -0.001786 0.000002 -0.003872 5.529902 0.132014 5.261552 -2.095120 -0.094163 -0.345783 -2.215676 -0.060417 -0.288990 0.000014 0.000683 0.000004 4.655639 0.038422 -0.051670 -1.799376 -0.039185 -0.119505 -1.552608 -0.016588 -0.074253 0.000239 -0.000016 0.000267 2.264144 -0.010881 -8.558041 -1.414965 0.065518 0.023279 -0.851061 0.004022 0.035531 0.000024 0.000011 -0.000000 0.864253 0.044634 -17.488155 -1.479867 0.112889 0.114102 -1.661111 0.040630 0.157092 0.000098 0.000011 -0.000040 0.000000 0.000000 0.000000 0.000000 0.000000 0.000000 -4.560514 -14.299778 14.107931 -0.208955 -1.032499 9.151402 2.247480 -9.340097 17.703049 -0.730791 1.603102 -18.032097 0.000000 0.000000 0.000000 0.000000 0.000000 0.000000 0.000000 0.000000 0.000000 8.221557 -3.855251 8.341048 0.250146 0.760760 12.515973 -2.331092 1.614751 14.698800 1.200527 -0.711975 -19.381739 0.000000 0.000000 0.000000 0.000000 0.000000 0.000000 0.000000 0.000000 0.000000 
1.482910 88.104446 7.765365 -3.046783 2.947148 -12.353357 1.981635 -0.094802 6.265047 -2.495514 0.694192 3.718536 1.900007 -2.336413 5.598441 -0.809599 -0.275107 6.605022 8.132647 -5.290053 6.124033 1.620396 -1.182318 -2.821122 0.804079 -1.333777 -20.071638 0.000000 0.000000 0.000000 89.364624 -0.368778 9.211838 63.865086 -10.457170 -5.270172 -0.832588 20.443222 90.395012 -6.792153 4.185975 1.155408 7.383146 -1.505660 41.354763 -0.000003 -0.000014 -18.355768 0.000006 0.000048 -12.681460 0.000002 0.000004 0.000002 -6.290409 0.081292 2.880544 1.207197 -0.064775 0.262985 1.152492 -0.034904 0.271153 -0.000012 0.000032 -0.000001 -5.623475 0.017920 -1.477880 0.928564 -0.032983 0.049913 1.003244 0.001561 0.048748 -0.000023 0.000154 0.000013 -2.677468 -0.053206 -7.655669 1.559879 0.056611 -0.116169 1.790084 0.018069 -0.049584 0.000024 -0.001464 -0.000007 0.554071 -0.104959 -15.752483 2.625175 0.134630 0.028855 2.426494 0.058066 -0.014462 -0.001292 0.000007 -0.000025 0.000000 0.000000 0.000000 0.000000 0.000000 0.000000 -85.572876 0.046894 6.052361 -65.427139 9.264490 -7.480217 0.805616 -13.302657 105.435112 -0.277043 3.485543 8.317724 -7.194257 1.342920 41.368576 0.000013 0.000011 -18.276522 -0.000114 -0.000046 -12.661059 -0.001819 0.000003 -0.003861 5.039465 0.133897 5.126405 -2.173768 -0.093145 -0.339506 -2.296085 -0.059447 -0.282336 0.000014 0.000638 0.000004 4.166856 0.038733 -0.172875 -1.891384 -0.038639 -0.117051 -1.647578 -0.016189 -0.071835 0.000217 -0.000015 0.000268 1.764184 -0.012210 -8.640829 -1.554155 0.064893 0.020100 -0.987906 0.003473 0.033476 0.000054 0.000011 -0.000000 0.403812 0.042264 -17.546602 -1.632790 0.112188 0.110394 -1.807492 0.039595 0.152885 0.000044 0.000011 -0.000040 0.000000 0.000000 0.000000 0.000000 0.000000 0.000000 -4.537731 -14.295843 14.015065 -0.208141 -1.025465 9.253606 2.238312 -9.401108 17.658003 -0.720275 1.608821 -18.009752 0.000000 0.000000 0.000000 0.000000 0.000000 0.000000 0.000000 0.000000 0.000000 8.263745 -3.887810 8.251807 0.252204 0.758516 12.597362 -2.358295 1.632100 14.662677 1.207845 -0.711080 -19.356346 0.000000 0.000000 0.000000 0.000000 0.000000 0.000000 0.000000 0.000000 0.000000 
1.451525 88.081703 7.761499 -3.060184 2.983763 -12.345566 1.935263 -0.091950 6.273315 -2.560031 0.700028 3.773413 1.913902 -2.440088 5.466780 -0.793703 -0.319339 6.620624 8.419960 -5.478135 6.178396 1.624621 -1.258824 -2.787062 0.847839 -1.314320 -20.128672 0.000000 0.000000 0.000000 89.320091 -0.349246 9.218668 63.690685 -9.918780 -4.881546 -0.830774 20.589947 90.521935 -6.815645 4.374502 1.281789 7.369523 -1.504944 41.359650 -0.000004 -0.000015 -18.321489 0.000006 0.000047 -12.652604 0.000002 0.000004 0.000002 -6.318183 0.083933 3.004510 1.125756 -0.061396 0.262426 1.063778 -0.032059 0.270541 -0.000012 0.000032 -0.000001 -5.677718 0.019141 -1.383801 0.848373 -0.031876 0.049334 0.926096 0.002570 0.047976 -0.000023 0.000158 0.000013 -2.727849 -0.054107 -7.580101 1.477547 0.055098 -0.114889 1.706100 0.016901 -0.048190 0.000024 -0.001348 -0.000007 0.533444 -0.103781 -15.701090 2.545426 0.129906 0.034278 2.349341 0.053384 -0.009701 -0.001252 0.000007 -0.000026 0.000000 0.000000 0.000000 0.000000 0.000000 0.000000 -85.534904 -0.013492 6.188338 -65.587982 9.098520 -7.066428 0.824564 -13.284828 105.979767 -0.708546 2.739178 9.006099 -7.269947 1.353814 41.328522 0.000013 0.000011 -18.490868 -0.000117 -0.000046 -12.809938 -0.001863 0.000003 -0.003849 4.550173 0.135802 4.980242 -2.261251 -0.091446 -0.330811 -2.386300 -0.057820 -0.273835 0.000015 0.000588 0.000004 3.679827 0.039047 -0.302754 -1.991708 -0.037842 -0.113706 -1.750602 -0.015561 -0.068694 0.000192 -0.000014 0.000267 1.265276 -0.013275 -8.728635 -1.699727 0.063945 0.015657 -1.130539 0.002700 0.030564 0.000077 0.000011 -0.000000 -0.058406 0.041061 -17.608696 -1.788720 0.110638 0.103461 -1.956650 0.037875 0.146389 -0.000004 0.000011 -0.000040 0.000000 0.000000 0.000000 0.000000 0.000000 0.000000 -4.500643 -14.274329 13.929826 -0.207421 -1.017694 9.357720 2.222359 -9.450527 17.600811 -0.708271 1.614140 -17.985250 0.000000 0.000000 0.000000 0.000000 0.000000 0.000000 0.000000 0.000000 0.000000 8.318269 -3.917730 8.171465 0.254704 0.757951 12.687551 -2.392209 1.654331 14.615504 1.217083 -0.710047 -19.328554 0.000000 0.000000 0.000000 0.000000 0.000000 0.000000 0.000000 0.000000 0.000000 
1.414998 88.057564 7.761041 -3.079795 3.004693 -12.344547 1.891249 -0.090054 6.282860 -2.628047 0.707093 3.821871 1.933437 -2.554524 5.333225 -0.775415 -0.368157 6.634852 8.703568 -5.664171 6.232316 1.629014 -1.334009 -2.756590 0.889355 -1.296733 -20.178629 0.000000 0.000000 0.000000 89.266159 -0.326914 9.244120 63.538315 -9.411130 -4.467581 -0.826017 20.725473 90.540543 -6.790758 4.606523 1.330778 7.352466 -1.503464 41.366547 -0.000004 -0.000015 -18.277384 0.000006 0.000047 -12.616803 0.000002 0.000005 0.000002 -6.378633 0.086354 3.127753 1.050189 -0.058187 0.262873 0.981651 -0.029331 0.270773 -0.000012 0.000033 -0.000001 -5.762056 0.020219 -1.291761 0.773305 -0.030832 0.049123 0.853288 0.003522 0.047553 -0.000023 0.000162 0.000013 -2.799692 -0.054985 -7.509430 1.399717 0.053689 -0.113983 1.625925 0.015816 -0.047216 0.000024 -0.001251 -0.000007 0.503544 -0.102185 -15.658230 2.470756 0.125413 0.038889 2.276478 0.048892 -0.005590 -0.001225 0.000007 -0.000026 0.000000 0.000000 0.000000 0.000000 0.000000 0.000000 -85.492447 -0.078638 6.349722 -65.730240 8.955879 -6.600546 0.843828 -13.259147 106.443092 -1.229214 1.922303 9.617457 -7.344906 1.364980 41.288429 0.000013 0.000011 -18.703562 -0.000119 -0.000046 -12.957712 -0.001915 0.000003 -0.003834 4.080834 0.137705 4.826282 -2.350119 -0.089338 -0.320697 -2.478914 -0.055796 -0.264345 0.000015 0.000531 0.000004 3.211780 0.039366 -0.438531 -2.092963 -0.036896 -0.109828 -1.854313 -0.014797 -0.065140 0.000164 -0.000014 0.000267 0.782491 -0.014081 -8.820022 -1.844710 0.062823 0.010458 -1.272249 0.001812 0.027121 0.000090 0.000011 -0.000000 -0.510633 0.040898 -17.675686 -1.942823 0.108617 0.094430 -2.103737 0.035799 0.138324 -0.000046 0.000011 -0.000040 0.000000 0.000000 0.000000 0.000000 0.000000 0.000000 -4.446377 -14.239216 13.849625 -0.206773 -1.009327 9.462887 2.198651 -9.489123 17.534370 -0.694764 1.618782 -17.959305 0.000000 0.000000 0.000000 0.000000 0.000000 0.000000 0.000000 0.000000 0.000000 8.386518 -3.944714 8.097360 0.257633 0.759040 12.786650 -2.432799 1.681189 14.557503 1.228257 -0.709060 -19.297798 0.000000 0.000000 0.000000 0.000000 0.000000 0.000000 0.000000 0.000000 0.000000 
1.373061 88.032333 7.763935 -3.106167 3.008900 -12.346049 1.850286 -0.088958 6.292914 -2.696530 0.714695 3.862230 1.958970 -2.678377 5.197398 -0.753492 -0.420297 6.647058 8.970907 -5.841382 6.282554 1.634118 -1.403330 -2.731607 0.926126 -1.282224 -20.219227 0.000000 0.000000 0.000000 89.200607 -0.301993 9.283572 63.405880 -8.933760 -4.044718 -0.819647 20.844563 90.469177 -6.723161 4.856599 1.310499 7.331366 -1.501271 41.375652 -0.000004 -0.000015 -18.222073 0.000006 0.000047 -12.573217 0.000002 0.000005 0.000002 -6.475438 0.088506 3.245465 0.978897 -0.055431 0.264207 0.904637 -0.027000 0.271721 -0.000012 0.000034 -0.000001 -5.877140 0.021123 -1.206359 0.701636 -0.029962 0.049327 0.783277 0.004320 0.047520 -0.000023 0.000166 0.000013 -2.892786 -0.055795 -7.448758 1.325549 0.052543 -0.113486 1.548568 0.014924 -0.046692 0.000024 -0.001178 -0.000007 0.462432 -0.100297 -15.630609 2.400347 0.121668 0.042660 2.207077 0.045063 -0.002151 -0.001212 0.000007 -0.000027 0.000000 0.000000 0.000000 0.000000 0.000000 0.000000 -85.442848 -0.146535 6.531434 -65.834450 8.857876 -6.105013 0.863244 -13.221307 106.836464 -1.837344 1.073292 10.141916 -7.415463 1.376003 41.249920 0.000013 0.000011 -18.905579 -0.000120 -0.000046 -13.098059 -0.001972 0.000003 -0.003813 3.650531 0.139534 4.670811 -2.432457 -0.087092 -0.310022 -2.565894 -0.053632 -0.254600 0.000015 0.000462 0.000005 2.779519 0.039673 -0.574842 -2.187222 -0.035903 -0.105741 -1.950834 -0.013991 -0.061446 0.000133 -0.000013 0.000265 0.330195 -0.014625 -8.911264 -1.981953 0.061688 0.005011 -1.406121 0.000925 0.023446 0.000093 0.000011 -0.000000 -0.941673 0.041655 -17.746206 -2.090211 0.106537 0.084354 -2.243835 0.033719 0.129291 -0.000084 0.000011 -0.000040 0.000000 0.000000 0.000000 0.000000 0.000000 0.000000 -4.373388 -14.193987 13.772651 -0.206172 -1.000616 9.565383 2.166711 -9.518131 17.463121 -0.679954 1.622433 -17.933521 0.000000 0.000000 0.000000 0.000000 0.000000 0.000000 0.000000 0.000000 0.000000 8.467833 -3.968401 8.028376 0.260914 0.761776 12.889874 -2.479386 1.713229 14.490964 1.241381 -0.708403 -19.263584 0.000000 0.000000 0.000000 0.000000 0.000000 0.000000 0.000000 0.000000 0.000000 
1.325963 88.006493 7.769923 -3.139465 2.995860 -12.346595 1.813432 -0.088586 6.302464 -2.762282 0.722010 3.894300 1.990833 -2.809024 5.061556 -0.728434 -0.474608 6.657022 9.210877 -6.002487 6.324122 1.639658 -1.462904 -2.715131 0.956201 -1.271116 -20.251394 0.000000 0.000000 0.000000 89.122673 -0.274821 9.330118 63.289608 -8.477771 -3.630455 -0.813555 20.940424 90.341164 -6.615694 5.089848 1.243797 7.306323 -1.498392 41.386864 -0.000004 -0.000015 -18.156422 0.000006 0.000047 -12.522527 0.000001 0.000005 0.000002 -6.607508 0.090353 3.354296 0.911651 -0.053122 0.265996 0.832584 -0.025090 0.273076 -0.000012 0.000034 -0.000001 -6.021762 0.021836 -1.132141 0.632862 -0.029278 0.049832 0.715645 0.004953 0.047804 -0.000023 0.000169 0.000013 -3.009490 -0.056496 -7.406447 1.254016 0.051668 -0.113375 1.473081 0.014247 -0.046575 0.000024 -0.001132 -0.000007 0.404244 -0.098008 -15.628821 2.332156 0.118761 0.045439 2.139658 0.042039 0.000562 -0.001213 0.000008 -0.000027 0.000000 0.000000 0.000000 0.000000 0.000000 0.000000 -85.385704 -0.214762 6.725349 -65.893394 8.800574 -5.602100 0.882861 -13.167795 107.182037 -2.533880 0.221270 10.588095 -7.480189 1.386665 41.213730 0.000013 0.000012 -19.093319 -0.000121 -0.000045 -13.228336 -0.002031 0.000003 -0.003784 3.265200 0.141169 4.517218 -2.503826 -0.084890 -0.299603 -2.642715 -0.051508 -0.245274 0.000016 0.000384 0.000005 2.387301 0.039953 -0.709258 -2.269773 -0.034925 -0.101770 -2.035536 -0.013213 -0.057897 0.000104 -0.000012 0.000263 -0.089096 -0.014914 -9.002638 -2.106740 0.060619 -0.000283 -1.527713 0.000105 0.019811 0.000088 0.000010 -0.000001 -1.350604 0.043251 -17.822933 -2.228508 0.104562 0.074057 -2.374729 0.031806 0.119965 -0.000119 0.000011 -0.000040 0.000000 0.000000 0.000000 0.000000 0.000000 0.000000 -4.280606 -14.141782 13.698128 -0.205529 -0.991850 9.658786 2.125979 -9.539663 17.392000 -0.664335 1.625063 -17.908707 0.000000 0.000000 0.000000 0.000000 0.000000 0.000000 0.000000 0.000000 0.000000 8.561824 -3.988029 7.963891 0.264480 0.766091 12.993027 -2.531233 1.750382 14.417453 1.256039 -0.708174 -19.226044 0.000000 0.000000 0.000000 0.000000 0.000000 0.000000 0.000000 0.000000 0.000000 
1.274158 87.980309 7.777929 -3.179686 2.965742 -12.342293 1.781770 -0.088913 6.310409 -2.823429 0.728353 3.919208 2.028349 -2.942835 4.927168 -0.700579 -0.529366 6.664155 9.418468 -6.143716 6.353147 1.645825 -1.510349 -2.709998 0.978769 -1.263514 -20.276628 0.000000 0.000000 0.000000 89.032539 -0.245771 9.377309 63.182568 -8.032885 -3.238522 -0.808778 21.010756 90.194794 -6.466011 5.282713 1.158000 7.278481 -1.494945 41.399723 -0.000005 -0.000015 -18.083433 0.000006 0.000047 -12.466861 0.000001 0.000005 0.000002 -6.769742 0.091932 3.449585 0.848354 -0.051087 0.267691 0.765299 -0.023442 0.274408 -0.000012 0.000035 -0.000001 -6.191097 0.022379 -1.074456 0.566911 -0.028720 0.050428 0.650641 0.005471 0.048239 -0.000023 0.000172 0.000013 -3.147172 -0.057077 -7.389576 1.185057 0.050955 -0.113477 1.399776 0.013718 -0.046703 0.000024 -0.001116 -0.000008 0.329280 -0.095265 -15.660770 2.265783 0.116387 0.047652 2.074212 0.039591 0.002917 -0.001227 0.000008 -0.000028 0.000000 0.000000 0.000000 0.000000 0.000000 0.000000 -85.320442 -0.281088 6.922365 -65.904381 8.777354 -5.113557 0.902742 -13.096691 107.510262 -3.316787 -0.608406 10.977977 -7.537826 1.396565 41.180763 0.000012 0.000012 -19.262951 -0.000121 -0.000045 -13.345983 -0.002086 0.000003 -0.003749 2.932587 0.142576 4.370349 -2.561551 -0.082773 -0.289945 -2.706453 -0.049468 -0.236759 0.000016 0.000296 0.000005 2.041065 0.040224 -0.838819 -2.337979 -0.033986 -0.098089 -2.105829 -0.012484 -0.054657 0.000078 -0.000012 0.000260 -0.472269 -0.015003 -9.093991 -2.217193 0.059617 -0.005244 -1.635450 -0.000643 0.016360 0.000074 0.000010 -0.000001 -1.737030 0.045492 -17.908644 -2.357985 0.102657 0.063786 -2.497127 0.030025 0.110651 -0.000151 0.000011 -0.000040 0.000000 0.000000 0.000000 0.000000 0.000000 0.000000 -4.168443 -14.084902 13.623045 -0.204770 -0.983247 9.738903 2.076809 -9.555550 17.325600 -0.648283 1.626845 -17.885235 0.000000 0.000000 0.000000 0.000000 0.000000 0.000000 0.000000 0.000000 0.000000 8.668338 -4.003092 7.901695 0.268282 0.771700 13.093344 -2.588909 1.792625 14.337944 1.271690 -0.708459 -19.186399 0.000000 0.000000 0.000000 0.000000 0.000000 0.000000 0.000000 0.000000 0.000000 
1.217899 87.954292 7.786711 -3.226156 2.920071 -12.330083 1.756302 -0.089679 6.315374 -2.879359 0.733566 3.939158 2.070967 -3.075917 4.794483 -0.669727 -0.582417 6.668219 9.593110 -6.263859 6.369717 1.653480 -1.544478 -2.716079 0.994121 -1.259409 -20.296419 0.000000 0.000000 0.000000 88.930710 -0.215295 9.422180 63.082634 -7.587882 -2.880601 -0.806640 21.060873 90.061157 -6.278870 5.417969 1.075362 7.248741 -1.491164 41.413681 -0.000005 -0.000015 -18.006096 0.000005 0.000047 -12.408369 0.000001 0.000005 0.000002 -6.953371 0.093241 3.533701 0.787738 -0.049260 0.269004 0.701598 -0.022010 0.275475 -0.000012 0.000035 -0.000001 -6.376337 0.022773 -1.032305 0.502993 -0.028253 0.050964 0.587664 0.005898 0.048701 -0.000023 0.000174 0.000013 -3.297671 -0.057518 -7.397677 1.118804 0.050306 -0.113506 1.329074 0.013265 -0.046835 0.000023 -0.001129 -0.000008 0.242914 -0.092176 -15.726336 2.201901 0.114226 0.050404 2.011561 0.037450 0.005785 -0.001251 0.000008 -0.000028 0.000000 0.000000 0.000000 0.000000 0.000000 0.000000 -85.245842 -0.344164 7.115807 -65.870224 8.776047 -4.651899 0.922503 -13.010795 107.854935 -4.178388 -1.376516 11.336287 -7.585592 1.405185 41.152588 0.000012 0.000012 -19.407097 -0.000121 -0.000045 -13.445842 -0.002133 0.000003 -0.003704 2.664730 0.143745 4.239828 -2.603916 -0.080777 -0.281271 -2.755308 -0.047543 -0.229252 0.000016 0.000201 0.000005 1.751529 0.040493 -0.956253 -2.390696 -0.033089 -0.094750 -2.160633 -0.011816 -0.051775 0.000053 -0.000011 0.000256 -0.810330 -0.014956 -9.181316 -2.313427 0.058648 -0.009834 -1.729325 -0.001337 0.013106 0.000051 0.000010 -0.000001 -2.094057 0.048102 -18.001867 -2.479357 0.100680 0.053301 -2.612123 0.028292 0.101154 -0.000179 0.000011 -0.000040 0.000000 0.000000 0.000000 0.000000 0.000000 0.000000 -4.038678 -14.025845 13.544492 -0.203856 -0.974850 9.804026 2.020095 -9.567778 17.268169 -0.632176 1.627760 -17.863754 0.000000 0.000000 0.000000 0.000000 0.000000 0.000000 0.000000 0.000000 0.000000 8.785300 -4.014478 7.840731 0.272248 0.778352 13.187061 -2.652300 1.840948 14.254921 1.288108 -0.709258 -19.145666 0.000000 0.000000 0.000000 0.000000 0.000000 0.000000 0.000000 0.000000 0.000000 
1.157463 87.929070 7.795177 -3.277308 2.861292 -12.308304 1.737488 -0.090666 6.316218 -2.930363 0.737713 3.956527 2.118054 -3.205121 4.663936 -0.636274 -0.632367 6.669503 9.736740 -6.362982 6.375010 1.663083 -1.564866 -2.731757 1.003271 -1.258175 -20.313095 0.000000 0.000000 0.000000 88.819321 -0.183788 9.461823 62.988903 -7.130761 -2.564528 -0.808272 21.097252 89.964546 -6.057500 5.478954 1.013412 7.218325 -1.487378 41.427898 -0.000005 -0.000015 -17.928276 0.000005 0.000047 -12.349772 0.000001 0.000005 0.000001 -7.144257 0.094313 3.609950 0.728922 -0.047610 0.269849 0.640832 -0.020798 0.276202 -0.000012 0.000036 -0.000001 -6.564744 0.023036 -1.003133 0.440726 -0.027855 0.051354 0.526391 0.006249 0.049116 -0.000024 0.000175 0.000013 -3.451255 -0.057821 -7.427560 1.055422 0.049686 -0.113288 1.261342 0.012855 -0.046803 0.000023 -0.001166 -0.000008 0.149851 -0.088815 -15.820337 2.140736 0.112130 0.054249 1.952087 0.035477 0.009632 -0.001286 0.000008 -0.000029 0.000000 0.000000 0.000000 0.000000 0.000000 0.000000 -85.162025 -0.403388 7.299674 -65.799835 8.773116 -4.221386 0.941509 -12.913892 108.241577 -5.106795 -2.059316 11.689734 -7.623435 1.412405 41.129406 0.000012 0.000012 -19.525284 -0.000121 -0.000044 -13.527514 -0.002170 0.000003 -0.003647 2.457627 0.144658 4.130761 -2.631742 -0.078895 -0.273530 -2.790065 -0.045731 -0.222693 0.000016 0.000097 0.000005 1.514596 0.040761 -1.057084 -2.429207 -0.032228 -0.091717 -2.201185 -0.011203 -0.049230 0.000031 -0.000011 0.000253 -1.107286 -0.014840 -9.260886 -2.397808 0.057650 -0.014117 -1.811391 -0.002009 0.009993 0.000018 0.000010 -0.000001 -2.424143 0.050885 -18.098276 -2.594551 0.098444 0.042268 -2.721825 0.026496 0.091284 -0.000204 0.000011 -0.000040 0.000000 0.000000 0.000000 0.000000 0.000000 0.000000 -3.894120 -13.966693 13.459963 -0.202762 -0.966602 9.854947 1.956943 -9.577804 17.221483 -0.616317 1.627707 -17.844610 0.000000 0.000000 0.000000 0.000000 0.000000 0.000000 0.000000 0.000000 0.000000 8.910222 -4.022363 7.780560 0.276331 0.785903 13.270947 -2.721206 1.895977 14.170970 1.305167 -0.710462 -19.104921 0.000000 0.000000 0.000000 0.000000 0.000000 0.000000 0.000000 0.000000 0.000000 
1.093396 87.905106 7.802278 -3.331006 2.792458 -12.276610 1.724934 -0.092006 6.312772 -2.977451 0.740804 3.973988 2.168391 -3.329358 4.535736 -0.600765 -0.679155 6.668229 9.853360 -6.441697 6.368587 1.674489 -1.570936 -2.756587 1.007308 -1.258671 -20.328346 0.000000 0.000000 0.000000 88.700989 -0.151482 9.493320 62.892288 -6.650910 -2.289750 -0.813365 21.122721 89.920967 -5.789179 5.467350 0.988637 7.189635 -1.483926 41.441223 -0.000004 -0.000015 -17.855667 0.000005 0.000046 -12.295059 0.000001 0.000006 0.000001 -7.324491 0.095291 3.673727 0.673794 -0.045972 0.269894 0.584938 -0.019654 0.276292 -0.000012 0.000036 -0.000001 -6.740709 0.023208 -0.989295 0.382078 -0.027452 0.051437 0.468929 0.006580 0.049337 -0.000024 0.000177 0.000013 -3.597302 -0.058024 -7.478135 0.996309 0.049043 -0.112704 1.198191 0.012446 -0.046474 0.000023 -0.001225 -0.000007 0.055444 -0.085174 -15.936480 2.082788 0.109953 0.059096 1.896365 0.033522 0.014456 -0.001325 0.000009 -0.000029 0.000000 0.000000 0.000000 0.000000 0.000000 0.000000 -85.070068 -0.458925 7.469222 -65.702133 8.745215 -3.822241 0.958868 -12.807066 108.680420 -6.092289 -2.670278 12.063128 -7.655344 1.418494 41.109695 0.000012 0.000013 -19.626331 -0.000121 -0.000044 -13.597116 -0.002198 0.000002 -0.003581 2.291923 0.145311 4.039406 -2.648960 -0.077004 -0.266140 -2.814486 -0.043916 -0.216489 0.000017 -0.000010 0.000005 1.312436 0.041037 -1.143335 -2.457401 -0.031362 -0.088759 -2.231226 -0.010605 -0.046848 0.000016 -0.000010 0.000249 -1.378604 -0.014714 -9.332037 -2.474114 0.056545 -0.018377 -1.885305 -0.002729 0.006839 -0.000018 0.000010 -0.000001 -2.737932 0.053729 -18.193336 -2.706094 0.095749 0.030166 -2.828880 0.024461 0.080773 -0.000225 0.000011 -0.000040 0.000000 0.000000 0.000000 0.000000 0.000000 0.000000 -3.738970 -13.908190 13.365745 -0.201501 -0.958453 9.896649 1.887987 -9.584225 17.184277 -0.600586 1.626633 -17.827202 0.000000 0.000000 0.000000 0.000000 0.000000 0.000000 0.000000 0.000000 0.000000 9.041721 -4.024790 7.719570 0.280511 0.794130 13.345214 -2.796203 1.956791 14.087259 1.322568 -0.711958 -19.065731 0.000000 0.000000 0.000000 0.000000 0.000000 0.000000 0.000000 0.000000 0.000000 
1.025811 87.882690 7.807168 -3.385532 2.716535 -12.235081 1.717825 -0.093784 6.305632 -3.021826 0.742805 3.993521 2.220578 -3.448171 4.408950 -0.563647 -0.722287 6.663809 9.948204 -6.503755 6.353205 1.687623 -1.565269 -2.787671 1.007920 -1.260244 -20.342407 0.000000 0.000000 0.000000 88.578476 -0.118922 9.516251 62.790337 -6.149036 -2.054466 -0.821682 21.145414 89.935356 -5.477848 5.394549 1.002795 7.163490 -1.481083 41.453053 -0.000004 -0.000015 -17.790638 0.000004 0.000046 -12.245872 0.000001 0.000006 0.000001 -7.483997 0.096187 3.727123 0.621577 -0.044452 0.269391 0.533142 -0.018680 0.275938 -0.000011 0.000037 -0.000001 -6.894107 0.023313 -0.987436 0.327151 -0.027075 0.051277 0.415366 0.006866 0.049393 -0.000023 0.000177 0.000013 -3.723989 -0.058154 -7.541330 0.943278 0.048412 -0.111738 1.141541 0.012052 -0.045825 0.000023 -0.001296 -0.000007 -0.029439 -0.081475 -16.063311 2.031237 0.107751 0.065201 1.847399 0.031621 0.020398 -0.001367 0.000009 -0.000030 0.000000 0.000000 0.000000 0.000000 0.000000 0.000000 -84.971146 -0.511384 7.623234 -65.585968 8.683287 -3.452241 0.973907 -12.697989 109.174332 -7.112710 -3.203763 12.467862 -7.679731 1.423286 41.094131 0.000012 0.000013 -19.706369 -0.000120 -0.000043 -13.651975 -0.002217 0.000002 -0.003504 2.171734 0.145747 3.967753 -2.652676 -0.075137 -0.259171 -2.825449 -0.042125 -0.210687 0.000017 -0.000119 0.000004 1.149048 0.041318 -1.213292 -2.473278 -0.030501 -0.085886 -2.248675 -0.010024 -0.044622 0.000002 -0.000010 0.000245 -1.620808 -0.014634 -9.392241 -2.542252 0.055333 -0.022585 -1.950745 -0.003490 0.003664 -0.000059 0.000010 -0.000001 -3.031126 0.056460 -18.282637 -2.813873 0.092624 0.017105 -2.933137 0.022203 0.069619 -0.000243 0.000011 -0.000040 0.000000 0.000000 0.000000 0.000000 0.000000 0.000000 -3.577213 -13.850856 13.260360 -0.200117 -0.950320 9.932379 1.814039 -9.585466 17.155844 -0.585064 1.624474 -17.811668 0.000000 0.000000 0.000000 0.000000 0.000000 0.000000 0.000000 0.000000 0.000000 9.177015 -4.019594 7.657175 0.284745 0.803006 13.410311 -2.877264 2.024654 14.004962 1.340268 -0.713702 -19.029030 0.000000 0.000000 0.000000 0.000000 0.000000 0.000000 0.000000 0.000000 0.000000 
0.954508 87.862144 7.809539 -3.438986 2.635539 -12.184046 1.714249 -0.095915 6.295694 -3.063951 0.743607 4.014939 2.273125 -3.562443 4.282706 -0.525407 -0.761934 6.655040 10.024004 -6.554069 6.332962 1.701751 -1.552289 -2.821184 1.006936 -1.262318 -20.354074 0.000000 0.000000 0.000000 88.454880 -0.086968 9.531296 62.677132 -5.625779 -1.851831 -0.832631 21.173611 89.999748 -5.136013 5.264946 1.048487 7.140402 -1.479007 41.463005 -0.000004 -0.000015 -17.734587 0.000004 0.000046 -12.203259 0.000001 0.000006 0.000001 -7.616772 0.096923 3.771874 0.571108 -0.043182 0.268707 0.484214 -0.018011 0.275440 -0.000011 0.000037 -0.000001 -7.018327 0.023352 -0.993940 0.275504 -0.026769 0.051011 0.365168 0.007070 0.049383 -0.000023 0.000178 0.000013 -3.823166 -0.058213 -7.608844 0.897544 0.047850 -0.110502 1.092577 0.011712 -0.044928 0.000023 -0.001372 -0.000007 -0.096637 -0.077886 -16.189520 1.988528 0.105668 0.072410 1.807497 0.029910 0.027283 -0.001412 0.000009 -0.000030 0.000000 0.000000 0.000000 0.000000 0.000000 0.000000 -84.867111 -0.561430 7.762342 -65.454140 8.580871 -3.109261 0.985574 -12.594729 109.720268 -8.140362 -3.648529 12.903646 -7.694937 1.426754 41.083290 0.000011 0.000013 -19.761993 -0.000119 -0.000043 -13.689748 -0.002230 0.000002 -0.003418 2.099470 0.145954 3.915179 -2.638660 -0.073375 -0.252898 -2.818575 -0.040426 -0.205547 0.000017 -0.000230 0.000004 1.027588 0.041568 -1.267799 -2.473313 -0.029672 -0.083201 -2.250036 -0.009484 -0.042617 -0.000012 -0.000009 0.000241 -1.829235 -0.014590 -9.441390 -2.600173 0.054057 -0.026551 -2.005486 -0.004260 0.000597 -0.000100 0.000010 -0.000001 -3.297081 0.059089 -18.363441 -2.915689 0.089210 0.003665 -3.032188 0.019828 0.058137 -0.000261 0.000011 -0.000039 0.000000 0.000000 0.000000 0.000000 0.000000 0.000000 -3.412702 -13.794653 13.145756 -0.198629 -0.942164 9.961729 1.735798 -9.581208 17.136356 -0.569998 1.621027 -17.798824 0.000000 0.000000 0.000000 0.000000 0.000000 0.000000 0.000000 0.000000 0.000000 9.312592 -4.004705 7.594733 0.288976 0.812652 13.465273 -2.963219 2.101318 13.925821 1.358254 -0.715695 -18.995098 0.000000 0.000000 0.000000 0.000000 0.000000 0.000000 0.000000 0.000000 0.000000 
0.879315 87.843735 7.809658 -3.489588 2.551211 -12.124709 1.712929 -0.098333 6.283515 -3.103787 0.743298 4.038271 2.324251 -3.672568 4.157276 -0.487194 -0.798639 6.642066 10.084070 -6.596941 6.312652 1.715818 -1.536137 -2.853469 1.005995 -1.264027 -20.364309 0.000000 0.000000 0.000000 88.331635 -0.055900 9.539121 62.546997 -5.078151 -1.675759 -0.845656 21.211945 90.100380 -4.774655 5.079346 1.115870 7.121633 -1.477777 41.470562 -0.000004 -0.000015 -17.690432 0.000003 0.000046 -12.169397 0.000001 0.000006 0.000001 -7.717257 0.097413 3.808711 0.523334 -0.042112 0.267855 0.438986 -0.017601 0.274800 -0.000011 0.000037 -0.000002 -7.108352 0.023320 -1.006803 0.228208 -0.026512 0.050628 0.319285 0.007217 0.049297 -0.000023 0.000178 0.000013 -3.890979 -0.058182 -7.676594 0.859724 0.047322 -0.108981 1.051781 0.011402 -0.043769 0.000023 -0.001449 -0.000007 -0.141881 -0.074380 -16.309259 1.954994 0.103654 0.080671 1.776967 0.028361 0.035049 -0.001459 0.000009 -0.000030 0.000000 0.000000 0.000000 0.000000 0.000000 0.000000 -84.759834 -0.610052 7.887816 -65.313545 8.427447 -2.790108 0.992684 -12.501744 110.314308 -9.153812 -4.014760 13.371366 -7.703144 1.429228 41.076099 0.000011 0.000013 -19.798758 -0.000119 -0.000042 -13.714320 -0.002240 0.000002 -0.003319 2.064819 0.145873 3.875767 -2.609580 -0.071710 -0.247037 -2.796499 -0.038813 -0.200845 0.000017 -0.000339 0.000004 0.940095 0.041740 -1.311318 -2.460148 -0.028866 -0.080623 -2.238033 -0.008975 -0.040749 -0.000024 -0.000008 0.000237 -2.008814 -0.014549 -9.482166 -2.649741 0.052717 -0.030341 -2.051288 -0.005035 -0.002410 -0.000138 0.000010 -0.000001 -3.538173 0.061740 -18.435133 -3.012214 0.085527 -0.010203 -3.126307 0.017356 0.046285 -0.000281 0.000011 -0.000039 0.000000 0.000000 0.000000 0.000000 0.000000 0.000000 -3.248479 -13.739240 13.024105 -0.197018 -0.933902 9.984804 1.653436 -9.571289 17.124584 -0.555465 1.616181 -17.788519 0.000000 0.000000 0.000000 0.000000 0.000000 0.000000 0.000000 0.000000 0.000000 9.446210 -3.978576 7.533350 0.293191 0.823119 13.510890 -3.052797 2.187695 13.851321 1.376603 -0.717896 -18.964138 0.000000 0.000000 0.000000 0.000000 0.000000 0.000000 0.000000 0.000000 0.000000 
0.799869 87.827721 7.808075 -3.536276 2.464669 -12.056993 1.712095 -0.100819 6.269108 -3.140989 0.741874 4.061667 2.371310 -3.778726 4.032455 -0.449276 -0.832405 6.624007 10.128983 -6.636727 6.299255 1.728855 -1.521491 -2.881200 1.006004 -1.265350 -20.371923 0.000000 0.000000 0.000000 88.211838 -0.027018 9.540554 62.390156 -4.509299 -1.514676 -0.859142 21.263924 90.218704 -4.409009 4.846091 1.191093 7.107966 -1.477499 41.475407 -0.000004 -0.000015 -17.659389 0.000003 0.000045 -12.145274 0.000001 0.000006 0.000001 -7.784882 0.097549 3.832690 0.476942 -0.041273 0.266872 0.395812 -0.017436 0.273996 -0.000011 0.000037 -0.000002 -7.162165 0.023207 -1.027714 0.184116 -0.026311 0.050161 0.276638 0.007301 0.049156 -0.000023 0.000178 0.000013 -3.922244 -0.058041 -7.740691 0.829356 0.046834 -0.107190 1.018593 0.011118 -0.042376 0.000023 -0.001524 -0.000007 -0.157701 -0.070998 -16.415609 1.930786 0.101721 0.090025 1.755889 0.027018 0.043661 -0.001505 0.000009 -0.000030 0.000000 0.000000 0.000000 0.000000 0.000000 0.000000 -84.651276 -0.657457 8.001088 -65.161346 8.234960 -2.497071 0.994308 -12.421560 110.945885 -10.125397 -4.304613 13.859225 -7.705553 1.431005 41.071800 0.000010 0.000013 -19.820351 -0.000118 -0.000042 -13.728380 -0.002243 0.000002 -0.003205 2.061950 0.145444 3.843648 -2.565750 -0.070210 -0.241716 -2.759391 -0.037338 -0.196704 0.000018 -0.000448 0.000004 0.882366 0.041802 -1.348216 -2.434158 -0.028108 -0.078210 -2.212997 -0.008513 -0.039032 -0.000037 -0.000007 0.000232 -2.163228 -0.014484 -9.515263 -2.691288 0.051375 -0.033814 -2.088653 -0.005773 -0.005249 -0.000172 0.000010 -0.000001 -3.757844 0.064477 -18.494801 -3.103580 0.081798 -0.023957 -3.215338 0.014927 0.034350 -0.000304 0.000011 -0.000039 0.000000 0.000000 0.000000 0.000000 0.000000 0.000000 -3.087536 -13.685460 12.899007 -0.195287 -0.925688 9.997424 1.567639 -9.555284 17.121477 -0.541398 1.609818 -17.781555 0.000000 0.000000 0.000000 0.000000 0.000000 0.000000 0.000000 0.000000 0.000000 9.576385 -3.939866 7.475132 0.297368 0.834467 13.544081 -3.145513 2.284238 13.784042 1.395457 -0.720393 -18.937204 0.000000 0.000000 0.000000 0.000000 0.000000 0.000000 0.000000 0.000000 0.000000 
0.715489 87.814827 7.805789 -3.578401 2.376358 -11.979253 1.710042 -0.102802 6.251276 -3.174080 0.739218 4.081300 2.411616 -3.879370 3.908267 -0.411711 -0.862396 6.598545 10.153134 -6.675887 6.301454 1.739666 -1.513132 -2.901332 1.007238 -1.266889 -20.374449 0.000000 0.000000 0.000000 88.100365 -0.002658 9.537388 62.198875 -3.920188 -1.355891 -0.871333 21.333609 90.330109 -4.065272 4.558044 1.256808 7.099410 -1.478167 41.477581 -0.000003 -0.000015 -17.641008 0.000002 0.000045 -12.130791 0.000001 0.000006 0.000001 -7.827540 0.097140 3.840730 0.428467 -0.040785 0.266158 0.351105 -0.017590 0.273361 -0.000010 0.000037 -0.000002 -7.185664 0.022969 -1.057500 0.139725 -0.026215 0.049808 0.233794 0.007277 0.049151 -0.000022 0.000178 0.000013 -3.919346 -0.057717 -7.797942 0.803588 0.046441 -0.105373 0.990182 0.010895 -0.040958 0.000023 -0.001597 -0.000007 -0.142872 -0.067748 -16.503607 1.914240 0.099962 0.100066 1.742767 0.026012 0.052694 -0.001552 0.000009 -0.000031 0.000000 0.000000 0.000000 0.000000 0.000000 0.000000 -84.545273 -0.703058 8.104299 -64.986946 8.021297 -2.232500 0.989856 -12.357384 111.602356 -11.029578 -4.494218 14.347906 -7.702029 1.432300 41.070053 0.000010 0.000014 -19.828007 -0.000116 -0.000041 -13.732873 -0.002238 0.000002 -0.003073 2.089008 0.144525 3.815282 -2.508229 -0.069053 -0.237698 -2.708508 -0.036152 -0.193868 0.000018 -0.000559 0.000004 0.854337 0.041700 -1.381704 -2.396396 -0.027459 -0.076270 -2.175855 -0.008156 -0.037684 -0.000059 -0.000007 0.000227 -2.292060 -0.014325 -9.541172 -2.725578 0.050143 -0.036522 -2.118572 -0.006377 -0.007588 -0.000200 0.000010 -0.000001 -3.957049 0.067471 -18.540426 -3.190717 0.078356 -0.036432 -3.300109 0.012797 0.023105 -0.000333 0.000011 -0.000039 0.000000 0.000000 0.000000 0.000000 0.000000 0.000000 -2.932484 -13.635769 12.777765 -0.193403 -0.917915 9.987373 1.478939 -9.533708 17.132778 -0.527949 1.601701 -17.780365 0.000000 0.000000 0.000000 0.000000 0.000000 0.000000 0.000000 0.000000 0.000000 9.701010 -3.888618 7.424361 0.301433 0.846768 13.556435 -3.239629 2.391457 13.729527 1.414888 -0.723207 -18.915844 0.000000 0.000000 0.000000 0.000000 0.000000 0.000000 0.000000 0.000000 0.000000 
0.625384 87.806099 7.804405 -3.614618 2.286468 -11.890693 1.706437 -0.103413 6.228513 -3.200855 0.735705 4.093975 2.441154 -3.968502 3.785391 -0.376605 -0.886623 6.562760 10.148161 -6.713599 6.329099 1.747027 -1.514793 -2.911775 1.009830 -1.269210 -20.372353 0.000000 0.000000 0.000000 88.002945 0.016156 9.531602 61.972912 -3.307088 -1.194503 -0.881100 21.422276 90.401070 -3.778425 4.191317 1.304064 7.094905 -1.479644 41.477512 -0.000003 -0.000015 -17.632854 0.000001 0.000045 -12.124319 0.000001 0.000006 0.000001 -7.859888 0.095972 3.836562 0.374755 -0.040939 0.266719 0.302249 -0.018331 0.273780 -0.000010 0.000038 -0.000002 -7.192195 0.022525 -1.093421 0.091407 -0.026348 0.049995 0.187287 0.007034 0.049693 -0.000022 0.000179 0.000013 -3.895213 -0.057090 -7.846189 0.778386 0.046322 -0.104030 0.962578 0.010863 -0.039896 0.000023 -0.001667 -0.000007 -0.107619 -0.064543 -16.571091 1.902598 0.098772 0.109867 1.735427 0.025758 0.061309 -0.001601 0.000009 -0.000031 0.000000 0.000000 0.000000 0.000000 0.000000 0.000000 -84.448730 -0.746740 8.198960 -64.783073 7.797199 -1.991582 0.979658 -12.312103 112.274223 -11.858944 -4.561822 14.833737 -7.692597 1.433174 41.070686 0.000010 0.000014 -19.823162 -0.000113 -0.000041 -13.728619 -0.002223 0.000001 -0.002923 2.143363 0.142862 3.792727 -2.444541 -0.068470 -0.235666 -2.652014 -0.035477 -0.193110 0.000019 -0.000672 0.000003 0.855065 0.041360 -1.410374 -2.353847 -0.026990 -0.075110 -2.133252 -0.007980 -0.036955 -0.000090 -0.000006 0.000221 -2.395529 -0.014000 -9.557890 -2.757810 0.049167 -0.038003 -2.146246 -0.006724 -0.009122 -0.000223 0.000010 -0.000001 -4.138803 0.070948 -18.569071 -3.278360 0.075596 -0.046617 -3.385242 0.011322 0.013357 -0.000371 0.000011 -0.000039 0.000000 0.000000 0.000000 0.000000 0.000000 0.000000 -2.786506 -13.592855 12.669668 -0.191236 -0.910935 9.940479 1.387114 -9.507375 17.165983 -0.515396 1.591538 -17.787552 0.000000 0.000000 0.000000 0.000000 0.000000 0.000000 0.000000 0.000000 0.000000 9.816983 -3.825766 7.386368 0.305232 0.859939 13.539988 -3.331971 2.509790 13.694623 1.434773 -0.726119 -18.902287 0.000000 0.000000 0.000000 0.000000 0.000000 0.000000 0.000000 0.000000 0.000000 
0.529353 87.802551 7.805995 -3.642354 2.196133 -11.794105 1.701712 -0.102037 6.201171 -3.218399 0.731966 4.097022 2.453789 -4.038064 3.666475 -0.346143 -0.903091 6.514782 10.109533 -6.742596 6.384562 1.750447 -1.522249 -2.915627 1.011918 -1.272431 -20.365906 0.000000 0.000000 0.000000 87.926270 0.030930 9.524020 61.706371 -2.673498 -1.032525 -0.886717 21.523296 90.399269 -3.569774 3.727472 1.352724 7.092940 -1.481704 41.475883 -0.000003 -0.000014 -17.630989 0.000001 0.000044 -12.122807 0.000000 0.000006 0.000001 -7.895555 0.094002 3.820579 0.317184 -0.042073 0.269788 0.251411 -0.019989 0.276332 -0.000010 0.000038 -0.000003 -7.193907 0.021813 -1.134987 0.038872 -0.026857 0.051219 0.137472 0.006457 0.051269 -0.000021 0.000182 0.000013 -3.864959 -0.056074 -7.885238 0.751646 0.046760 -0.103879 0.934058 0.011240 -0.039701 0.000022 -0.001736 -0.000007 -0.066783 -0.061257 -16.616535 1.894203 0.098956 0.117518 1.732752 0.026983 0.067984 -0.001650 0.000009 -0.000030 0.000000 0.000000 0.000000 0.000000 0.000000 0.000000 -84.370361 -0.789152 8.284780 -64.552063 7.573822 -1.769132 0.966000 -12.282537 112.949387 -12.623666 -4.537204 15.341887 -7.679786 1.433710 41.072777 0.000009 0.000014 -19.811981 -0.000110 -0.000040 -13.719453 -0.002198 0.000001 -0.002758 2.215228 0.140209 3.780302 -2.383878 -0.068636 -0.235769 -2.599633 -0.035487 -0.194689 0.000019 -0.000779 0.000003 0.876059 0.040723 -1.429694 -2.314101 -0.026757 -0.074865 -2.092242 -0.008035 -0.037001 -0.000127 -0.000005 0.000215 -2.479287 -0.013479 -9.560204 -2.791957 0.048631 -0.037953 -2.175783 -0.006691 -0.009689 -0.000236 0.000010 -0.000001 -4.308210 0.075055 -18.575233 -3.369317 0.074084 -0.053527 -3.473639 0.010937 0.005977 -0.000421 0.000011 -0.000039 0.000000 0.000000 0.000000 0.000000 0.000000 0.000000 -2.653375 -13.557274 12.582254 -0.188578 -0.904908 9.849174 1.290548 -9.477120 17.226229 -0.503813 1.579022 -17.804480 0.000000 0.000000 0.000000 0.000000 0.000000 0.000000 0.000000 0.000000 0.000000 9.922377 -3.749519 7.365141 0.308564 0.873319 13.494622 -3.420135 2.638194 13.685160 1.454489 -0.728582 -18.900255 0.000000 0.000000 0.000000 0.000000 0.000000 0.000000 0.000000 0.000000 0.000000 
0.427580 87.805252 7.812127 -3.658919 2.108219 -11.692049 1.697419 -0.098848 6.170386 -3.224721 0.728369 4.088063 2.440903 -4.080788 3.557635 -0.321894 -0.909808 6.454806 10.035952 -6.745888 6.466188 1.751675 -1.518996 -2.918302 1.008999 -1.277405 -20.354303 0.000000 0.000000 0.000000 87.874565 0.044792 9.514504 61.410625 -2.076278 -0.891295 -0.887497 21.628147 90.311752 -3.461682 3.165295 1.437787 7.092845 -1.484089 41.473175 -0.000003 -0.000014 -17.633127 -0.000000 0.000044 -12.125033 0.000000 0.000005 0.000001 -7.943578 0.091238 3.793965 0.264215 -0.044276 0.275713 0.207304 -0.022606 0.281334 -0.000010 0.000038 -0.000003 -7.198316 0.020783 -1.179276 -0.010988 -0.027783 0.053653 0.091569 0.005514 0.054066 -0.000021 0.000186 0.000012 -3.840163 -0.054668 -7.910489 0.727974 0.047880 -0.105244 0.909659 0.012124 -0.040585 0.000022 -0.001804 -0.000007 -0.033867 -0.058098 -16.633327 1.893308 0.100997 0.121868 1.738860 0.030086 0.071820 -0.001696 0.000009 -0.000030 0.000000 0.000000 0.000000 0.000000 0.000000 0.000000 -84.318275 -0.831282 8.358330 -64.303909 7.394619 -1.567709 0.952924 -12.265617 113.614525 -13.324355 -4.499754 15.918440 -7.662265 1.433592 41.076996 0.000009 0.000014 -19.790318 -0.000107 -0.000039 -13.702405 -0.002171 0.000000 -0.002592 2.311630 0.136379 3.779768 -2.321693 -0.069770 -0.238871 -2.546809 -0.036439 -0.199508 0.000020 -0.000877 0.000003 0.923824 0.039739 -1.435481 -2.271848 -0.026845 -0.075965 -2.046782 -0.008387 -0.038203 -0.000176 -0.000004 0.000209 -2.536975 -0.012735 -9.542722 -2.821218 0.048727 -0.035730 -2.200955 -0.006147 -0.008922 -0.000236 0.000010 -0.000001 -4.459671 0.079708 -18.553976 -3.459334 0.074407 -0.055323 -3.561315 0.012074 0.002374 -0.000486 0.000011 -0.000039 0.000000 0.000000 0.000000 0.000000 0.000000 0.000000 -2.534850 -13.533299 12.520145 -0.185221 -0.899904 9.708753 1.184338 -9.444744 17.320608 -0.493334 1.563550 -17.834879 0.000000 0.000000 0.000000 0.000000 0.000000 0.000000 0.000000 0.000000 0.000000 10.017047 -3.656490 7.360447 0.311207 0.885702 13.427999 -3.504379 2.775985 13.707404 1.473307 -0.729282 -18.915791 0.000000 0.000000 0.000000 0.000000 0.000000 0.000000 0.000000 0.000000 0.000000 
0.319834 87.814682 7.822364 -3.663861 2.028133 -11.583399 1.693363 -0.096380 6.136088 -3.220162 0.722702 4.068684 2.395626 -4.099373 3.465838 -0.299410 -0.909208 6.384152 9.932841 -6.702473 6.545124 1.754885 -1.478242 -2.935015 0.994210 -1.285593 -20.330423 0.000000 0.000000 0.000000 87.844215 0.059262 9.499500 61.118019 -1.606992 -0.804578 -0.884250 21.725761 90.161354 -3.460678 2.537429 1.573551 7.099127 -1.487289 41.467598 -0.000003 -0.000013 -17.649939 -0.000001 0.000043 -12.139551 0.000000 0.000005 0.000001 -7.979730 0.087556 3.741753 0.230140 -0.046991 0.282363 0.184415 -0.025607 0.287039 -0.000009 0.000039 -0.000003 -7.184111 0.019363 -1.231722 -0.045534 -0.028903 0.056557 0.062199 0.004399 0.057435 -0.000020 0.000192 0.000012 -3.814412 -0.052846 -7.915406 0.717489 0.049451 -0.107474 0.900110 0.013345 -0.042048 0.000022 -0.001865 -0.000006 -0.018704 -0.055460 -16.601870 1.906333 0.104392 0.123479 1.759396 0.034588 0.073552 -0.001727 0.000009 -0.000029 0.000000 0.000000 0.000000 0.000000 0.000000 0.000000 -84.287033 -0.872503 8.415130 -64.042702 7.311668 -1.410295 0.942096 -12.245763 114.241966 -13.955839 -4.532816 16.585239 -7.637313 1.432384 41.084354 0.000009 0.000013 -19.750484 -0.000104 -0.000038 -13.672802 -0.002141 -0.000000 -0.002449 2.434704 0.131200 3.767818 -2.246373 -0.071900 -0.246048 -2.481276 -0.038508 -0.208341 0.000020 -0.000964 0.000003 1.003528 0.038285 -1.439896 -2.214508 -0.027295 -0.078854 -1.983571 -0.009076 -0.040914 -0.000243 -0.000004 0.000204 -2.561200 -0.011592 -9.507015 -2.833542 0.049458 -0.030889 -2.210732 -0.005070 -0.006514 -0.000222 0.000010 -0.000001 -4.584792 0.084705 -18.497913 -3.540899 0.076554 -0.050489 -3.640929 0.014753 0.003925 -0.000560 0.000011 -0.000038 0.000000 0.000000 0.000000 0.000000 0.000000 0.000000 -2.428478 -13.530732 12.475972 -0.181159 -0.895401 9.527845 1.062932 -9.411273 17.449804 -0.484047 1.544802 -17.880459 0.000000 0.000000 0.000000 0.000000 0.000000 0.000000 0.000000 0.000000 0.000000 10.106658 -3.548168 7.361910 0.313268 0.896258 13.363685 -3.591423 2.913012 13.761463 1.490558 -0.727065 -18.957073 0.000000 0.000000 0.000000 0.000000 0.000000 0.000000 0.000000 0.000000 0.000000 
0.205306 87.832062 7.835941 -3.655053 1.963655 -11.472189 1.680398 -0.096012 6.096888 -3.206664 0.710500 4.055564 2.322154 -4.110835 3.388853 -0.267869 -0.909721 6.298745 9.792028 -6.594759 6.560994 1.763130 -1.381873 -2.997592 0.962478 -1.297207 -20.285965 0.000000 0.000000 0.000000 87.822906 0.074950 9.476649 60.880074 -1.297899 -0.785664 -0.881799 21.786852 90.019623 -3.547268 1.934686 1.769840 7.108259 -1.492085 41.458595 -0.000003 -0.000012 -17.681000 -0.000002 0.000043 -12.165294 -0.000000 0.000005 0.000000 -7.969174 0.082954 3.624933 0.213370 -0.050893 0.289264 0.181210 -0.029754 0.293123 -0.000009 0.000038 -0.000003 -7.125444 0.017564 -1.313114 -0.072382 -0.030479 0.059996 0.043504 0.002908 0.061289 -0.000019 0.000199 0.000012 -3.793606 -0.050603 -7.897205 0.711713 0.052315 -0.111561 0.896606 0.015500 -0.044964 0.000022 -0.001905 -0.000006 -0.057094 -0.054047 -16.493580 1.917989 0.111901 0.115952 1.778671 0.042714 0.068416 -0.001726 0.000009 -0.000027 0.000000 0.000000 0.000000 0.000000 0.000000 0.000000 -84.246674 -0.910523 8.458710 -63.796680 7.290730 -1.312361 0.930838 -12.225619 114.838043 -14.608067 -4.669112 17.351744 -7.582939 1.427795 41.103600 0.000009 0.000013 -19.642614 -0.000101 -0.000037 -13.596512 -0.002078 -0.000001 -0.002373 2.657164 0.124799 3.698130 -2.108629 -0.075709 -0.260464 -2.355089 -0.042618 -0.223072 0.000021 -0.001052 0.000002 1.184682 0.036236 -1.474036 -2.091811 -0.028418 -0.084869 -1.851532 -0.010408 -0.046156 -0.000328 -0.000004 0.000202 -2.499363 -0.009857 -9.468822 -2.784454 0.051394 -0.021486 -2.160686 -0.003064 -0.000978 -0.000197 0.000011 -0.000001 -4.659630 0.088841 -18.410534 -3.585737 0.082235 -0.032366 -3.681197 0.020330 0.016429 -0.000622 0.000011 -0.000038 0.000000 0.000000 0.000000 0.000000 0.000000 0.000000 -2.340195 -13.540883 12.435534 -0.176921 -0.890458 9.329718 0.927655 -9.369735 17.605761 -0.477583 1.523775 -17.937876 0.000000 0.000000 0.000000 0.000000 0.000000 0.000000 0.000000 0.000000 0.000000 10.194695 -3.431400 7.365024 0.315189 0.906814 13.325015 -3.687254 3.028231 13.836663 1.505119 -0.722592 -19.030445 0.000000 0.000000 0.000000 0.000000 0.000000 0.000000 0.000000 0.000000 0.000000 
0.086383 87.854836 7.848645 -3.626088 1.918711 -11.351851 1.657986 -0.098010 6.053861 -3.194605 0.690952 4.039789 2.233030 -4.128882 3.322875 -0.219213 -0.918109 6.198304 9.621586 -6.432847 6.521067 1.778418 -1.227278 -3.089823 0.913993 -1.309272 -20.219376 0.000000 0.000000 0.000000 87.803085 0.088859 9.423255 60.706924 -1.113082 -0.849243 -0.878985 21.817595 89.884857 -3.691169 1.379161 1.986897 7.122789 -1.495430 41.449234 -0.000003 -0.000010 -17.726593 -0.000003 0.000043 -12.204166 -0.000000 0.000004 -0.000000 -7.930399 0.078279 3.484222 0.215598 -0.053503 0.294399 0.199540 -0.032655 0.298312 -0.000008 0.000037 -0.000003 -7.047418 0.015828 -1.392871 -0.088947 -0.031683 0.063107 0.036523 0.001799 0.065166 -0.000018 0.000207 0.000011 -3.805535 -0.048205 -7.838130 0.705584 0.054750 -0.117493 0.894988 0.017473 -0.049393 0.000022 -0.001891 -0.000006 -0.155383 -0.053396 -16.303200 1.919966 0.118493 0.099697 1.789006 0.050190 0.056550 -0.001697 0.000009 -0.000025 0.000000 0.000000 0.000000 0.000000 0.000000 0.000000 -84.172646 -0.935450 8.485413 -63.602581 7.266073 -1.247356 0.914769 -12.214762 115.311440 -15.137208 -4.732192 18.163412 -7.495027 1.417443 41.140030 0.000008 0.000013 -19.448324 -0.000099 -0.000036 -13.462027 -0.001993 -0.000002 -0.002319 3.076011 0.117954 3.639197 -1.879676 -0.080235 -0.285702 -2.141148 -0.047758 -0.247426 0.000021 -0.001116 0.000002 1.550443 0.033951 -1.488835 -1.873982 -0.030053 -0.095356 -1.620833 -0.012269 -0.055193 -0.000474 -0.000004 0.000202 -2.261515 -0.007860 -9.394887 -2.636417 0.054189 -0.005530 -2.013571 -0.000396 0.009505 -0.000170 0.000011 -0.000001 -4.586851 0.091790 -18.271179 -3.551517 0.089655 0.006324 -3.640852 0.027170 0.046437 -0.000654 0.000011 -0.000038 0.000000 0.000000 0.000000 0.000000 0.000000 0.000000 -2.268143 -13.565274 12.363493 -0.172948 -0.883972 9.159842 0.785349 -9.325503 17.757565 -0.471998 1.499818 -17.994926 0.000000 0.000000 0.000000 0.000000 0.000000 0.000000 0.000000 0.000000 0.000000 10.273755 -3.308159 7.348951 0.317325 0.917819 13.322352 -3.791856 3.102272 13.939460 1.516086 -0.717246 -19.134668 0.000000 0.000000 0.000000 0.000000 0.000000 0.000000 0.000000 0.000000 0.000000 
-0.035029 87.876266 7.855890 -3.577098 1.895565 -11.224162 1.631661 -0.101403 6.014096 -3.190955 0.670053 4.011020 2.137358 -4.153431 3.263290 -0.158498 -0.933466 6.093486 9.444546 -6.259434 6.453492 1.797682 -1.052872 -3.179923 0.859146 -1.319977 -20.140471 0.000000 0.000000 0.000000 87.757858 0.098012 9.325469 60.550278 -1.033626 -1.000320 -0.875222 21.822729 89.670181 -3.972671 0.914792 2.169875 7.136559 -1.495362 41.443577 -0.000003 -0.000009 -17.769537 -0.000004 0.000042 -12.244557 -0.000000 0.000004 -0.000001 -7.888824 0.073737 3.395516 0.229209 -0.054476 0.299665 0.230394 -0.033962 0.304225 -0.000008 0.000036 -0.000004 -6.979697 0.014473 -1.418943 -0.099319 -0.032398 0.066692 0.034890 0.001104 0.069708 -0.000017 0.000217 0.000011 -3.866478 -0.046020 -7.724555 0.686577 0.056120 -0.125859 0.883052 0.018941 -0.055964 0.000022 -0.001809 -0.000005 -0.307166 -0.053153 -16.048483 1.896506 0.122171 0.074166 1.774156 0.055440 0.036665 -0.001664 0.000009 -0.000024 0.000000 0.000000 0.000000 0.000000 0.000000 0.000000 -84.046249 -0.947718 8.485169 -63.422291 7.234958 -1.174555 0.891364 -12.241447 115.598007 -15.309356 -4.584757 18.868267 -7.395167 1.404286 41.184269 0.000008 0.000013 -19.218111 -0.000102 -0.000035 -13.302773 -0.001915 -0.000002 -0.002222 3.610589 0.111228 3.630815 -1.602988 -0.084865 -0.320750 -1.883736 -0.053173 -0.281438 0.000021 -0.001118 0.000001 2.030295 0.031817 -1.459941 -1.601474 -0.032072 -0.110069 -1.334920 -0.014539 -0.067886 -0.000688 -0.000004 0.000201 -1.889519 -0.006029 -9.274477 -2.413424 0.057768 0.017243 -1.794020 0.002876 0.025282 -0.000157 0.000011 -0.000001 -4.374829 0.093179 -18.076601 -3.438714 0.098308 0.067412 -3.520944 0.034770 0.095597 -0.000658 0.000011 -0.000037 0.000000 0.000000 0.000000 0.000000 0.000000 0.000000 -2.207643 -13.606350 12.238489 -0.169535 -0.874311 9.051459 0.643207 -9.291188 17.871735 -0.464200 1.473991 -18.038506 0.000000 0.000000 0.000000 0.000000 0.000000 0.000000 0.000000 0.000000 0.000000 10.338754 -3.188242 7.290160 0.319835 0.929102 13.354130 -3.900858 3.130314 14.068884 1.524394 -0.712849 -19.250200 0.000000 0.000000 0.000000 0.000000 0.000000 0.000000 0.000000 0.000000 0.000000 
-0.162822 87.893234 7.858795 -3.517823 1.891117 -11.094751 1.601513 -0.104846 5.973274 -3.194269 0.653035 3.970904 2.042583 -4.188266 3.211030 -0.087744 -0.956307 6.000510 9.286606 -6.121765 6.390877 1.814283 -0.907820 -3.252712 0.810852 -1.329881 -20.066565 0.000000 0.000000 0.000000 87.673416 0.103121 9.188474 60.361629 -1.009086 -1.197960 -0.874394 21.813244 89.384331 -4.386667 0.577518 2.328100 7.135442 -1.493223 41.443596 -0.000003 -0.000008 -17.783205 -0.000005 0.000042 -12.265349 -0.000000 0.000003 -0.000001 -7.841490 0.069208 3.356075 0.242526 -0.056219 0.306349 0.259167 -0.035885 0.311505 -0.000007 0.000035 -0.000004 -6.908822 0.013473 -1.396526 -0.111485 -0.033416 0.071317 0.030139 0.000125 0.075004 -0.000016 0.000226 0.000010 -3.947125 -0.044307 -7.575603 0.646071 0.057799 -0.136112 0.849973 0.020777 -0.064351 0.000023 -0.001692 -0.000005 -0.494501 -0.053765 -15.755249 1.832057 0.127308 0.040139 1.718745 0.061765 0.008813 -0.001648 0.000008 -0.000022 0.000000 0.000000 0.000000 0.000000 0.000000 0.000000 -83.858856 -0.958559 8.463494 -63.197906 7.255366 -1.074768 0.867167 -12.298076 115.703247 -15.073304 -4.231998 19.365570 -7.294449 1.391447 41.228931 0.000008 0.000013 -18.983210 -0.000108 -0.000034 -13.137997 -0.001866 -0.000003 -0.002091 4.140908 0.104919 3.640289 -1.338876 -0.089713 -0.357678 -1.642670 -0.058858 -0.317626 0.000021 -0.001065 0.000000 2.514859 0.029901 -1.410517 -1.336513 -0.034352 -0.125830 -1.058702 -0.017025 -0.081472 -0.000906 -0.000003 0.000198 -1.487299 -0.004653 -9.123444 -2.173674 0.062089 0.042467 -1.559946 0.006606 0.042931 -0.000152 0.000012 -0.000000 -4.104778 0.091929 -17.833057 -3.284045 0.108950 0.138828 -3.359547 0.043765 0.153624 -0.000638 0.000011 -0.000037 0.000000 0.000000 0.000000 0.000000 0.000000 0.000000 -2.150793 -13.650718 12.063030 -0.167140 -0.861689 9.007520 0.506583 -9.268949 17.944164 -0.452154 1.449541 -18.072208 0.000000 0.000000 0.000000 0.000000 0.000000 0.000000 0.000000 0.000000 0.000000 10.397809 -3.084761 7.182888 0.322914 0.941982 13.403635 -4.009410 3.123292 14.219667 1.534009 -0.710194 -19.366924 0.000000 0.000000 0.000000 0.000000 0.000000 0.000000 0.000000 0.000000 0.000000 
-0.301281 87.905594 7.858187 -3.456375 1.897902 -10.961406 1.567935 -0.108570 5.928427 -3.201652 0.640498 3.920654 1.955220 -4.235818 3.162373 -0.013977 -0.987675 5.920917 9.152747 -6.034740 6.355155 1.822854 -0.811645 -3.298177 0.772894 -1.340414 -20.004957 0.000000 0.000000 0.000000 87.559914 0.107354 9.022197 60.127499 -0.995700 -1.404011 -0.876705 21.810947 89.128456 -4.827099 0.369764 2.469650 7.121948 -1.491075 41.446407 -0.000003 -0.000007 -17.774017 -0.000006 0.000042 -12.269666 -0.000000 0.000003 -0.000002 -7.748349 0.064800 3.314879 0.255137 -0.058874 0.311517 0.284263 -0.038432 0.317425 -0.000007 0.000035 -0.000005 -6.786273 0.012710 -1.369315 -0.121528 -0.034711 0.075601 0.025926 -0.001078 0.079774 -0.000016 0.000233 0.000010 -3.984682 -0.043057 -7.427005 0.594669 0.059761 -0.145976 0.803871 0.022843 -0.072771 0.000023 -0.001570 -0.000004 -0.660319 -0.055094 -15.456630 1.734094 0.134259 0.003648 1.630410 0.069178 -0.021885 -0.001648 0.000008 -0.000021 0.000000 0.000000 0.000000 0.000000 0.000000 0.000000 -83.626411 -0.973246 8.427461 -62.924957 7.348207 -0.971295 0.847386 -12.362152 115.691513 -14.508564 -3.750620 19.678942 -7.199700 1.379668 41.271404 0.000008 0.000012 -18.757490 -0.000117 -0.000032 -12.978647 -0.001841 -0.000003 -0.001951 4.601510 0.099303 3.642191 -1.130062 -0.093863 -0.387806 -1.458956 -0.063765 -0.347807 0.000021 -0.000977 -0.000000 2.935076 0.028197 -1.358784 -1.127422 -0.036384 -0.138901 -0.840634 -0.019201 -0.092800 -0.001076 -0.000003 0.000193 -1.133052 -0.003696 -8.956873 -1.971478 0.066216 0.064357 -1.365213 0.010045 0.058183 -0.000139 0.000012 -0.000000 -3.846568 0.088302 -17.556303 -3.134658 0.119477 0.203666 -3.205123 0.052462 0.206696 -0.000600 0.000011 -0.000036 0.000000 0.000000 0.000000 0.000000 0.000000 0.000000 -2.085360 -13.679479 11.850004 -0.165707 -0.847517 9.001884 0.378303 -9.260900 17.993036 -0.436514 1.428886 -18.105066 0.000000 0.000000 0.000000 0.000000 0.000000 0.000000 0.000000 0.000000 0.000000 10.454751 -3.002310 7.032087 0.326363 0.955971 13.460489 -4.114139 3.104529 14.386490 1.545857 -0.708471 -19.486298 0.000000 0.000000 0.000000 0.000000 0.000000 0.000000 0.000000 0.000000 0.000000 
-0.451958 87.914787 7.852813 -3.401213 1.908282 -10.822774 1.534593 -0.114259 5.884840 -3.211378 0.630667 3.863585 1.877652 -4.293234 3.112775 0.057400 -1.026667 5.850426 9.037953 -5.985794 6.346949 1.822459 -0.754039 -3.311738 0.741927 -1.351515 -19.950819 0.000000 0.000000 0.000000 87.431679 0.112318 8.840535 59.836067 -1.009523 -1.603807 -0.878841 21.827471 88.954361 -5.200549 0.253366 2.572607 7.106314 -1.490564 41.447548 -0.000003 -0.000006 -17.763998 -0.000006 0.000042 -12.272310 -0.000000 0.000002 -0.000002 -7.575190 0.060901 3.232017 0.268860 -0.062200 0.313855 0.307260 -0.041377 0.320725 -0.000007 0.000034 -0.000005 -6.580661 0.012108 -1.373877 -0.125735 -0.036181 0.078810 0.024910 -0.002381 0.083431 -0.000016 0.000239 0.000010 -3.943488 -0.042121 -7.307353 0.543762 0.061834 -0.154110 0.755115 0.024933 -0.080037 0.000023 -0.001457 -0.000004 -0.770085 -0.056711 -15.182355 1.620344 0.142325 -0.030215 1.526025 0.077079 -0.051123 -0.001652 0.000007 -0.000019 0.000000 0.000000 0.000000 0.000000 0.000000 0.000000 -83.371788 -0.991257 8.382334 -62.621021 7.514676 -0.908201 0.832495 -12.416662 115.629387 -13.708073 -3.216160 19.865137 -7.116521 1.369660 41.309616 0.000008 0.000012 -18.553110 -0.000127 -0.000031 -12.834417 -0.001823 -0.000004 -0.001815 4.959269 0.094496 3.622608 -0.986629 -0.097077 -0.408413 -1.340051 -0.067530 -0.369518 0.000020 -0.000871 -0.000001 3.261601 0.026700 -1.319235 -0.986283 -0.038014 -0.148010 -0.692369 -0.020865 -0.100789 -0.001190 -0.000003 0.000188 -0.852957 -0.002990 -8.791696 -1.825814 0.069722 0.080762 -1.228958 0.012887 0.069473 -0.000110 0.000013 0.000000 -3.622806 0.083355 -17.268040 -3.013905 0.128672 0.254975 -3.081238 0.059869 0.248934 -0.000553 0.000010 -0.000036 0.000000 0.000000 0.000000 0.000000 0.000000 0.000000 -2.001391 -13.684942 11.617087 -0.164629 -0.832600 9.002218 0.257362 -9.261765 18.039297 -0.418167 1.412272 -18.141901 0.000000 0.000000 0.000000 0.000000 0.000000 0.000000 0.000000 0.000000 0.000000 10.515347 -2.939555 6.847047 0.329782 0.969018 13.527171 -4.212402 3.090612 14.565193 1.558029 -0.706082 -19.611652 0.000000 0.000000 0.000000 0.000000 0.000000 0.000000 0.000000 0.000000 0.000000 
-0.614455 87.923294 7.843678 -3.357464 1.918774 -10.683343 1.506115 -0.123088 5.846938 -3.225796 0.623246 3.803718 1.812163 -4.355145 3.061537 0.122021 -1.069668 5.790049 8.941176 -5.961907 6.361774 1.815344 -0.721567 -3.293388 0.715510 -1.362628 -19.898752 0.000000 0.000000 0.000000 87.299194 0.115178 8.652253 59.487972 -1.066387 -1.796649 -0.879185 21.860308 88.849335 -5.473604 0.184144 2.607811 7.096250 -1.491845 41.444920 -0.000002 -0.000005 -17.768070 -0.000007 0.000042 -12.283558 -0.000000 0.000002 -0.000003 -7.322150 0.058029 3.097561 0.290654 -0.066040 0.314406 0.335721 -0.044693 0.322288 -0.000006 0.000033 -0.000006 -6.297388 0.011735 -1.422632 -0.117635 -0.037810 0.081236 0.033002 -0.003763 0.086278 -0.000016 0.000241 0.000010 -3.828264 -0.041452 -7.230253 0.504193 0.064008 -0.160579 0.715181 0.027008 -0.086063 0.000023 -0.001355 -0.000004 -0.823410 -0.058507 -14.951074 1.510185 0.151097 -0.060021 1.424600 0.085173 -0.077861 -0.001649 0.000007 -0.000017 0.000000 0.000000 0.000000 0.000000 0.000000 0.000000 -83.116913 -1.009260 8.327741 -62.304661 7.750647 -0.908589 0.821864 -12.453174 115.541847 -12.747004 -2.658594 19.952679 -7.047748 1.361586 41.342388 0.000008 0.000012 -18.377934 -0.000137 -0.000030 -12.711456 -0.001800 -0.000004 -0.001692 5.209111 0.090596 3.575810 -0.897441 -0.099604 -0.421184 -1.272958 -0.070337 -0.384267 0.000020 -0.000757 -0.000001 3.493485 0.025448 -1.301160 -0.901004 -0.039333 -0.153805 -0.601143 -0.022099 -0.105962 -0.001259 -0.000003 0.000184 -0.642837 -0.002531 -8.644114 -1.730338 0.072666 0.092406 -1.143932 0.015194 0.077312 -0.000075 0.000013 0.000000 -3.432210 0.077782 -16.988503 -2.924122 0.136419 0.293997 -2.989843 0.065955 0.281137 -0.000501 0.000010 -0.000036 0.000000 0.000000 0.000000 0.000000 0.000000 0.000000 -1.896958 -13.673302 11.383014 -0.163423 -0.817310 8.993949 0.140339 -9.266535 18.092119 -0.397449 1.398813 -18.183014 0.000000 0.000000 0.000000 0.000000 0.000000 0.000000 0.000000 0.000000 0.000000 10.584443 -2.895271 6.643651 0.332931 0.980054 13.599935 -4.302004 3.085144 14.755189 1.569701 -0.702485 -19.741756 0.000000 0.000000 0.000000 0.000000 0.000000 0.000000 0.000000 0.000000 0.000000 
-0.787211 87.933151 7.833025 -3.327195 1.929735 -10.548727 1.485626 -0.135329 5.817663 -3.248009 0.618424 3.742431 1.762709 -4.418894 3.011220 0.178142 -1.112794 5.741987 8.863400 -5.955031 6.396339 1.803835 -0.705748 -3.245680 0.692393 -1.373241 -19.847157 0.000000 0.000000 0.000000 87.166435 0.113320 8.458966 59.103222 -1.165258 -1.990414 -0.879360 21.894663 88.798851 -5.663239 0.130165 2.563817 7.094538 -1.494296 41.438728 -0.000002 -0.000004 -17.789171 -0.000007 0.000041 -12.305530 -0.000000 0.000002 -0.000003 -7.010586 0.056376 2.921056 0.326033 -0.070209 0.314768 0.376125 -0.048314 0.323599 -0.000006 0.000033 -0.000006 -5.961863 0.011666 -1.510974 -0.093542 -0.039569 0.083462 0.054289 -0.005211 0.088841 -0.000016 0.000242 0.000010 -3.662680 -0.041030 -7.197626 0.480098 0.066278 -0.166062 0.689300 0.029042 -0.091292 0.000023 -0.001271 -0.000003 -0.834235 -0.060423 -14.770971 1.412503 0.160238 -0.086646 1.335287 0.093206 -0.102889 -0.001634 0.000007 -0.000015 0.000000 0.000000 0.000000 0.000000 0.000000 0.000000 -82.875244 -1.023933 8.261510 -61.993710 8.042445 -0.976301 0.814682 -12.467203 115.433975 -11.694405 -2.090456 19.963486 -6.995622 1.355398 41.368565 0.000007 0.000012 -18.239124 -0.000146 -0.000029 -12.615108 -0.001767 -0.000005 -0.001588 5.350534 0.087642 3.495420 -0.849192 -0.101828 -0.429732 -1.243591 -0.072545 -0.395171 0.000019 -0.000642 -0.000002 3.630564 0.024472 -1.312306 -0.856772 -0.040497 -0.157719 -0.551580 -0.023087 -0.109528 -0.001298 -0.000003 0.000179 -0.503537 -0.002342 -8.527835 -1.674501 0.075279 0.101138 -1.098271 0.017147 0.083064 -0.000047 0.000013 0.000001 -3.281344 0.072067 -16.734159 -2.862720 0.143067 0.325249 -2.927495 0.071085 0.306919 -0.000444 0.000010 -0.000036 0.000000 0.000000 0.000000 0.000000 0.000000 0.000000 -1.774146 -13.655656 11.162636 -0.161804 -0.801701 8.976234 0.024468 -9.277601 18.153032 -0.374629 1.387432 -18.227671 0.000000 0.000000 0.000000 0.000000 0.000000 0.000000 0.000000 0.000000 0.000000 10.664356 -2.867957 6.437477 0.335725 0.989210 13.669838 -4.381477 3.085323 14.955617 1.581449 -0.698440 -19.872129 0.000000 0.000000 0.000000 0.000000 0.000000 0.000000 0.000000 0.000000 0.000000 
-0.968027 87.945389 7.822491 -3.311419 1.942704 -10.422503 1.474533 -0.150715 5.798747 -3.279146 0.615728 3.679827 1.733060 -4.485658 2.965210 0.226524 -1.153730 5.707121 8.804038 -5.960141 6.446034 1.789120 -0.701305 -3.173820 0.671515 -1.382818 -19.795296 0.000000 0.000000 0.000000 87.033958 0.106224 8.260530 58.706005 -1.304149 -2.194838 -0.881964 21.913198 88.799347 -5.809223 0.063282 2.447645 7.100724 -1.497180 41.430267 -0.000002 -0.000003 -17.823532 -0.000007 0.000041 -12.335814 0.000000 0.000001 -0.000004 -6.669465 0.055748 2.719292 0.374523 -0.074542 0.316381 0.428751 -0.052156 0.326083 -0.000006 0.000032 -0.000006 -5.605582 0.011888 -1.626557 -0.055684 -0.041428 0.086062 0.087294 -0.006722 0.091624 -0.000016 0.000240 0.000010 -3.475321 -0.040774 -7.203371 0.467913 0.068645 -0.171420 0.674510 0.031035 -0.096342 0.000023 -0.001205 -0.000004 -0.820204 -0.062177 -14.640942 1.325323 0.169550 -0.112193 1.256391 0.101041 -0.127797 -0.001606 0.000007 -0.000013 0.000000 0.000000 0.000000 0.000000 0.000000 0.000000 -82.651772 -1.033276 8.183690 -61.700169 8.376379 -1.109505 0.809361 -12.457089 115.310074 -10.617047 -1.525842 19.919176 -6.963870 1.351322 41.386223 0.000007 0.000012 -18.147303 -0.000154 -0.000028 -12.553031 -0.001727 -0.000005 -0.001502 5.374717 0.085514 3.370418 -0.831642 -0.104122 -0.437609 -1.241670 -0.074533 -0.405258 0.000019 -0.000533 -0.000002 3.662940 0.023731 -1.361660 -0.842726 -0.041650 -0.161134 -0.532602 -0.024017 -0.112668 -0.001315 -0.000003 0.000175 -0.450231 -0.002352 -8.452230 -1.651308 0.077790 0.108784 -1.083946 0.018934 0.088091 -0.000037 0.000014 0.000001 -3.192133 0.066689 -16.514736 -2.829537 0.149047 0.353327 -2.892978 0.075706 0.329996 -0.000387 0.000010 -0.000036 0.000000 0.000000 0.000000 0.000000 0.000000 0.000000 -1.635069 -13.640282 10.964267 -0.159583 -0.785574 8.952054 -0.091165 -9.300935 18.223354 -0.350014 1.377163 -18.276348 0.000000 0.000000 0.000000 0.000000 0.000000 0.000000 0.000000 0.000000 0.000000 10.756535 -2.855435 6.238538 0.338162 0.996970 13.731163 -4.449909 3.088814 15.163306 1.594074 -0.694854 -19.998541 0.000000 0.000000 0.000000 0.000000 0.000000 0.000000 0.000000 0.000000 0.000000 
-1.154345 87.960022 7.812830 -3.310139 1.958318 -10.306032 1.472745 -0.168702 5.790292 -3.318404 0.614337 3.616260 1.724078 -4.557514 2.926717 0.268131 -1.191395 5.685463 8.759033 -5.972518 6.505476 1.771284 -0.703754 -3.084362 0.651430 -1.390925 -19.743225 0.000000 0.000000 0.000000 86.902771 0.094523 8.058191 58.317783 -1.483268 -2.417371 -0.889066 21.902510 88.839996 -5.950251 -0.029662 2.275517 7.112499 -1.499868 41.421059 -0.000002 -0.000002 -17.864616 -0.000007 0.000041 -12.369976 0.000000 0.000001 -0.000004 -6.326106 0.055853 2.510736 0.430546 -0.078917 0.320358 0.488433 -0.056155 0.330819 -0.000006 0.000032 -0.000006 -5.257053 0.012349 -1.754382 -0.010607 -0.043360 0.089497 0.126107 -0.008298 0.095018 -0.000016 0.000235 0.000010 -3.291728 -0.040599 -7.236519 0.460443 0.071122 -0.177348 0.663807 0.033012 -0.101708 0.000023 -0.001157 -0.000004 -0.797926 -0.063450 -14.552669 1.242859 0.178935 -0.138569 1.182234 0.108623 -0.153895 -0.001565 0.000007 -0.000012 0.000000 0.000000 0.000000 0.000000 0.000000 0.000000 -82.448662 -1.036723 8.096006 -61.430412 8.745725 -1.305672 0.804231 -12.423387 115.172150 -9.571280 -0.977176 19.832209 -6.956985 1.349798 41.393089 0.000006 0.000012 -18.114681 -0.000161 -0.000027 -12.533750 -0.001686 -0.000005 -0.001434 5.268152 0.084038 3.192052 -0.838970 -0.106678 -0.446792 -1.261567 -0.076516 -0.416205 0.000019 -0.000435 -0.000002 3.575934 0.023161 -1.454966 -0.853305 -0.042862 -0.164838 -0.538481 -0.024995 -0.116063 -0.001314 -0.000002 0.000171 -0.503540 -0.002461 -8.419982 -1.658469 0.080299 0.116435 -1.098088 0.020665 0.093218 -0.000053 0.000014 0.000001 -3.191433 0.061953 -16.331972 -2.827728 0.154591 0.381052 -2.888771 0.080102 0.352671 -0.000332 0.000010 -0.000036 0.000000 0.000000 0.000000 0.000000 0.000000 0.000000 -1.482219 -13.631259 10.790537 -0.156716 -0.768889 8.923287 -0.205978 -9.338761 18.304274 -0.324010 1.367456 -18.330296 0.000000 0.000000 0.000000 0.000000 0.000000 0.000000 0.000000 0.000000 0.000000 10.861192 -2.854913 6.051282 0.340272 1.003702 13.783534 -4.507199 3.096333 15.373239 1.607871 -0.692090 -20.118443 0.000000 0.000000 0.000000 0.000000 0.000000 0.000000 0.000000 0.000000 0.000000 
-1.343584 87.976334 7.804274 -3.322002 1.975304 -10.199454 1.478664 -0.188488 5.791099 -3.363933 0.613550 3.552888 1.733893 -4.635728 2.898228 0.303682 -1.225301 5.676158 8.721786 -5.986241 6.568489 1.749952 -0.708452 -2.984446 0.630603 -1.397013 -19.691843 0.000000 0.000000 0.000000 86.775124 0.078614 7.853510 57.955471 -1.698597 -2.660591 -0.901482 21.854643 88.902733 -6.114174 -0.148676 2.062851 7.127226 -1.502028 41.412315 -0.000002 -0.000001 -17.906450 -0.000007 0.000041 -12.403738 0.000001 0.000001 -0.000005 -5.996903 0.056463 2.311508 0.485838 -0.083285 0.327436 0.547136 -0.060295 0.338453 -0.000006 0.000032 -0.000006 -4.934200 0.013028 -1.881267 0.033254 -0.045346 0.094065 0.162692 -0.009945 0.099280 -0.000016 0.000229 0.000010 -3.129100 -0.040457 -7.286456 0.450304 0.073735 -0.184222 0.649974 0.035009 -0.107650 0.000023 -0.001118 -0.000004 -0.780049 -0.064084 -14.496446 1.159994 0.188374 -0.166818 1.107759 0.115946 -0.181749 -0.001514 0.000006 -0.000011 0.000000 0.000000 0.000000 0.000000 0.000000 0.000000 -82.267746 -1.034326 8.000149 -61.185440 9.146455 -1.558624 0.798616 -12.366535 115.018974 -8.592036 -0.448229 19.697844 -6.978070 1.351212 41.387573 0.000005 0.000011 -18.149937 -0.000165 -0.000026 -12.563057 -0.001649 -0.000005 -0.001380 5.019634 0.083120 2.956289 -0.870258 -0.109480 -0.457562 -1.302554 -0.078512 -0.428237 0.000018 -0.000352 -0.000002 3.357993 0.022723 -1.594304 -0.888333 -0.044127 -0.168988 -0.568799 -0.026046 -0.119859 -0.001296 -0.000002 0.000166 -0.678257 -0.002603 -8.430202 -1.698354 0.082787 0.124404 -1.142957 0.022362 0.098675 -0.000097 0.000014 0.000002 -3.298257 0.057886 -16.183630 -2.863466 0.159707 0.409172 -2.920814 0.084338 0.375630 -0.000283 0.000009 -0.000036 0.000000 0.000000 0.000000 0.000000 0.000000 0.000000 -1.319039 -13.629539 10.640579 -0.153337 -0.751995 8.890230 -0.318278 -9.387918 18.394793 -0.297128 1.358256 -18.390501 0.000000 0.000000 0.000000 0.000000 0.000000 0.000000 0.000000 0.000000 0.000000 10.976830 -2.863971 5.876796 0.342086 1.009675 13.829717 -4.553751 3.108920 15.579505 1.622481 -0.689997 -20.230978 0.000000 0.000000 0.000000 0.000000 0.000000 0.000000 0.000000 0.000000 0.000000 
-1.533331 87.993225 7.796955 -3.344428 1.990103 -10.101945 1.489909 -0.209000 5.799259 -3.413127 0.612868 3.491236 1.759153 -4.719975 2.880925 0.333482 -1.255353 5.677874 8.685268 -5.994367 6.628851 1.724882 -0.710939 -2.880892 0.607780 -1.400183 -19.642067 0.000000 0.000000 0.000000 86.652657 0.058760 7.647586 57.628448 -1.944747 -2.923550 -0.918877 21.766987 88.966896 -6.314638 -0.287060 1.821079 7.142684 -1.503552 41.404743 -0.000002 -0.000000 -17.944719 -0.000007 0.000040 -12.433777 0.000001 0.000001 -0.000006 -5.688172 0.057418 2.133621 0.533802 -0.087614 0.337837 0.598220 -0.064560 0.349108 -0.000005 0.000031 -0.000006 -4.645046 0.013929 -1.997409 0.069468 -0.047356 0.099855 0.190910 -0.011658 0.104492 -0.000016 0.000220 0.000010 -2.995627 -0.040334 -7.345254 0.433419 0.076493 -0.192085 0.629137 0.037053 -0.114181 0.000023 -0.001080 -0.000004 -0.773139 -0.064039 -14.464453 1.075436 0.197820 -0.197050 1.031742 0.123009 -0.211211 -0.001455 0.000006 -0.000010 0.000000 0.000000 0.000000 0.000000 0.000000 0.000000 -82.109741 -1.026445 7.896540 -60.964531 9.571459 -1.859233 0.792595 -12.287499 114.852875 -7.698102 0.059783 19.507866 -7.027668 1.355699 41.369381 0.000005 0.000011 -18.255257 -0.000169 -0.000026 -12.642059 -0.001622 -0.000006 -0.001343 4.627777 0.082705 2.662192 -0.927240 -0.112380 -0.469078 -1.366525 -0.080431 -0.440606 0.000018 -0.000287 -0.000001 3.007800 0.022397 -1.779933 -0.950469 -0.045389 -0.173328 -0.626032 -0.027135 -0.123829 -0.001264 -0.000002 0.000161 -0.977690 -0.002760 -8.481936 -1.775836 0.085159 0.132423 -1.223681 0.023992 0.104266 -0.000167 0.000014 0.000002 -3.519796 0.054318 -16.068300 -2.944367 0.164235 0.436883 -2.996891 0.088326 0.398321 -0.000241 0.000009 -0.000036 0.000000 0.000000 0.000000 0.000000 0.000000 0.000000 -1.149443 -13.633768 10.510996 -0.149688 -0.735490 8.853213 -0.425902 -9.443008 18.491385 -0.270020 1.349834 -18.457319 0.000000 0.000000 0.000000 0.000000 0.000000 0.000000 0.000000 0.000000 0.000000 11.100408 -2.880666 5.713823 0.343617 1.015147 13.873906 -4.590405 3.126485 15.776522 1.637146 -0.688164 -20.336737 0.000000 0.000000 0.000000 0.000000 0.000000 0.000000 0.000000 0.000000 0.000000 
-1.721608 88.009918 7.790909 -3.374116 1.997141 -10.011179 1.504200 -0.229103 5.812529 -3.463019 0.612008 3.432336 1.795772 -4.807798 2.874480 0.357503 -1.281628 5.688716 8.644080 -5.991230 6.682645 1.696095 -0.708655 -2.778546 0.582298 -1.399455 -19.593803 0.000000 0.000000 0.000000 86.535378 0.035666 7.441501 57.338200 -2.221804 -3.204257 -0.940100 21.643028 89.013092 -6.550811 -0.431790 1.562141 7.157551 -1.504476 41.398598 -0.000002 0.000001 -17.977398 -0.000006 0.000040 -12.458435 0.000002 0.000001 -0.000006 -5.399997 0.058604 1.982647 0.571855 -0.091886 0.351251 0.638858 -0.068925 0.362387 -0.000005 0.000031 -0.000006 -4.389634 0.015044 -2.097465 0.095835 -0.049351 0.106721 0.208775 -0.013430 0.110542 -0.000016 0.000211 0.000010 -2.889708 -0.040216 -7.406890 0.410494 0.079390 -0.200680 0.602108 0.039161 -0.121110 0.000023 -0.001037 -0.000005 -0.775116 -0.063396 -14.449463 0.992366 0.207207 -0.228578 0.957429 0.129838 -0.241567 -0.001389 0.000006 -0.000009 0.000000 0.000000 0.000000 0.000000 0.000000 0.000000 -81.972420 -1.013606 7.783999 -60.769897 10.015802 -2.201212 0.786467 -12.188512 114.678513 -6.892392 0.535510 19.268248 -7.103935 1.363069 41.339314 0.000004 0.000011 -18.426411 -0.000171 -0.000025 -12.767447 -0.001607 -0.000006 -0.001324 4.103614 0.082726 2.311485 -1.013994 -0.115200 -0.480015 -1.457710 -0.082168 -0.452139 0.000018 -0.000240 -0.000001 2.535491 0.022165 -2.009854 -1.044692 -0.046582 -0.177398 -0.715146 -0.028207 -0.127557 -0.001221 -0.000002 0.000156 -1.394631 -0.002953 -8.573170 -1.897399 0.087305 0.139886 -1.347195 0.025499 0.109541 -0.000256 0.000014 0.000003 -3.853293 0.050976 -15.984587 -3.077997 0.167980 0.462482 -3.124977 0.091929 0.419424 -0.000206 0.000008 -0.000037 0.000000 0.000000 0.000000 0.000000 0.000000 0.000000 -0.977092 -13.641477 10.396926 -0.145998 -0.719883 8.811987 -0.527309 -9.499514 18.590900 -0.243409 1.342437 -18.530981 0.000000 0.000000 0.000000 0.000000 0.000000 0.000000 0.000000 0.000000 0.000000 11.228148 -2.902731 5.558638 0.344860 1.020314 13.921087 -4.618164 3.148494 15.961256 1.651037 -0.686113 -20.437611 0.000000 0.000000 0.000000 0.000000 0.000000 0.000000 0.000000 0.000000 0.000000 
-1.907058 88.026138 7.786016 -3.407785 1.989891 -9.923806 1.519955 -0.247829 5.829288 -3.510366 0.610879 3.376150 1.839634 -4.894585 2.877440 0.375398 -1.303612 5.705102 8.593395 -5.972056 6.728628 1.663976 -0.700029 -2.679617 0.553609 -1.394407 -19.546232 0.000000 0.000000 0.000000 86.423195 0.010734 7.236613 57.084106 -2.530575 -3.500396 -0.963352 21.490993 89.027565 -6.816661 -0.567593 1.298623 7.171866 -1.504971 41.393555 -0.000003 0.000002 -18.005590 -0.000006 0.000040 -12.478490 0.000002 0.000001 -0.000007 -5.125793 0.059942 1.857661 0.602354 -0.096082 0.366997 0.671092 -0.073332 0.377584 -0.000005 0.000031 -0.000006 -4.160064 0.016343 -2.181096 0.114858 -0.051290 0.114366 0.218993 -0.015237 0.117187 -0.000016 0.000201 0.000009 -2.801831 -0.040098 -7.467868 0.386297 0.082400 -0.209612 0.573657 0.041330 -0.128163 0.000023 -0.000983 -0.000005 -0.778104 -0.062341 -14.445156 0.917075 0.216424 -0.260417 0.891092 0.136418 -0.271861 -0.001319 0.000006 -0.000009 0.000000 0.000000 0.000000 0.000000 0.000000 0.000000 -81.852173 -0.995966 7.659432 -60.606834 10.473664 -2.583529 0.780897 -12.073077 114.499458 -6.166463 0.954975 18.994558 -7.204417 1.373051 41.298496 0.000004 0.000011 -18.657391 -0.000171 -0.000025 -12.934678 -0.001603 -0.000006 -0.001324 3.458490 0.083103 1.908676 -1.138178 -0.117794 -0.489095 -1.583912 -0.083644 -0.461725 0.000018 -0.000209 -0.000001 1.951403 0.022005 -2.279560 -1.178801 -0.047651 -0.180724 -0.844196 -0.029205 -0.130617 -0.001172 -0.000002 0.000151 -1.921039 -0.003207 -8.699284 -2.071014 0.089141 0.146162 -1.521981 0.026833 0.114023 -0.000353 0.000014 0.000003 -4.293637 0.047577 -15.928688 -3.271224 0.170831 0.484169 -3.312480 0.095033 0.437511 -0.000177 0.000008 -0.000037 0.000000 0.000000 0.000000 0.000000 0.000000 0.000000 -0.805036 -13.650530 10.293732 -0.142393 -0.705368 8.765506 -0.622655 -9.553819 18.692173 -0.217964 1.335982 -18.611616 0.000000 0.000000 0.000000 0.000000 0.000000 0.000000 0.000000 0.000000 0.000000 11.356755 -2.926466 5.407458 0.345829 1.025320 13.974249 -4.638182 3.175529 16.133934 1.663506 -0.683500 -20.535357 0.000000 0.000000 0.000000 0.000000 0.000000 0.000000 0.000000 0.000000 0.000000 
-2.088901 88.042030 7.781952 -3.442930 1.962347 -9.836501 1.536886 -0.264725 5.848100 -3.552220 0.609513 3.322179 1.887436 -4.974802 2.886957 0.386786 -1.320122 5.723014 8.529965 -5.934468 6.768204 1.629070 -0.685069 -2.584361 0.521446 -1.385385 -19.498991 0.000000 0.000000 0.000000 86.316544 -0.014391 7.033807 56.867577 -2.867937 -3.809578 -0.986906 21.321537 89.004196 -7.102867 -0.676739 1.043282 7.187462 -1.505419 41.388569 -0.000003 0.000003 -18.034300 -0.000006 0.000039 -12.497665 0.000003 0.000001 -0.000008 -4.853327 0.061404 1.752756 0.630958 -0.100209 0.384210 0.700321 -0.077741 0.393834 -0.000005 0.000031 -0.000006 -3.941498 0.017791 -2.252089 0.132385 -0.053144 0.122413 0.227662 -0.017060 0.124099 -0.000016 0.000191 0.000009 -2.715058 -0.039992 -7.526832 0.367967 0.085499 -0.218430 0.550910 0.043541 -0.135037 0.000023 -0.000916 -0.000005 -0.768459 -0.061224 -14.445863 0.857106 0.225424 -0.291532 0.840251 0.142752 -0.301113 -0.001246 0.000006 -0.000008 0.000000 0.000000 0.000000 0.000000 0.000000 0.000000 -81.745827 -0.973504 7.518073 -60.484032 10.935693 -3.009794 0.776543 -11.947266 114.318718 -5.506409 1.284454 18.704817 -7.327316 1.385421 41.247734 0.000003 0.000011 -18.943449 -0.000170 -0.000024 -13.140121 -0.001608 -0.000007 -0.001343 2.699807 0.083756 1.461390 -1.311564 -0.120071 -0.495145 -1.757057 -0.084809 -0.468323 0.000018 -0.000191 -0.000001 1.261941 0.021910 -2.581782 -1.364003 -0.048562 -0.182853 -1.024803 -0.030078 -0.132605 -0.001120 -0.000002 0.000147 -2.552260 -0.003567 -8.852511 -2.306310 0.090632 0.150653 -1.758094 0.027957 0.117246 -0.000448 0.000014 0.000003 -4.837366 0.043756 -15.893318 -3.530190 0.172821 0.500273 -3.566093 0.097581 0.451187 -0.000153 0.000007 -0.000037 0.000000 0.000000 0.000000 0.000000 0.000000 0.000000 -0.635079 -13.659205 10.197448 -0.138941 -0.691910 8.712100 -0.713873 -9.602731 18.795633 -0.194248 1.330121 -18.698969 0.000000 0.000000 0.000000 0.000000 0.000000 0.000000 0.000000 0.000000 0.000000 11.484224 -2.947628 5.257248 0.346600 1.030289 14.033922 -4.652272 3.209019 16.296846 1.674175 -0.680216 -20.631088 0.000000 0.000000 0.000000 0.000000 0.000000 0.000000 0.000000 0.000000 0.000000 
-2.266895 88.057854 7.778330 -3.477505 1.909526 -9.745478 1.555948 -0.279832 5.867252 -3.586528 0.608029 3.269963 1.936961 -5.043362 2.900058 0.391400 -1.329846 5.739455 8.453023 -5.880261 6.804538 1.591633 -0.666727 -2.492137 0.486345 -1.373132 -19.452362 0.000000 0.000000 0.000000 86.217369 -0.038652 6.833380 56.691654 -3.227281 -4.127654 -1.009325 21.145956 88.941643 -7.394119 -0.743175 0.807351 7.207831 -1.506456 41.381786 -0.000003 0.000004 -18.072258 -0.000005 0.000039 -12.522317 0.000003 0.000001 -0.000008 -4.565912 0.063005 1.658247 0.664243 -0.104363 0.402057 0.733083 -0.082190 0.410329 -0.000005 0.000031 -0.000006 -3.713799 0.019359 -2.317149 0.155562 -0.054934 0.130508 0.242203 -0.018902 0.130959 -0.000017 0.000182 0.000009 -2.606457 -0.039931 -7.583712 0.363197 0.088719 -0.226739 0.541550 0.045809 -0.141463 0.000023 -0.000837 -0.000005 -0.727451 -0.060506 -14.446362 0.819614 0.234398 -0.321075 0.811902 0.148995 -0.328499 -0.001170 0.000005 -0.000008 0.000000 0.000000 0.000000 0.000000 0.000000 0.000000 -81.652077 -0.946114 7.355780 -60.412281 11.389197 -3.483163 0.773611 -11.820501 114.136360 -4.897398 1.490290 18.414259 -7.472342 1.400093 41.187195 0.000003 0.000011 -19.283176 -0.000168 -0.000024 -13.382651 -0.001619 -0.000007 -0.001379 1.830518 0.084603 0.978937 -1.549002 -0.122026 -0.497247 -1.992147 -0.085685 -0.471073 0.000018 -0.000181 -0.000000 0.469126 0.021891 -2.907516 -1.614493 -0.049311 -0.183423 -1.271517 -0.030798 -0.133200 -0.001067 -0.000003 0.000145 -3.287908 -0.004092 -9.022491 -2.614531 0.091801 0.152890 -2.067086 0.028871 0.118833 -0.000536 0.000014 0.000004 -5.484298 0.039076 -15.867688 -3.860865 0.174139 0.509575 -3.892263 0.099636 0.459332 -0.000132 0.000007 -0.000037 0.000000 0.000000 0.000000 0.000000 0.000000 0.000000 -0.467758 -13.666085 10.105434 -0.135675 -0.679358 8.650182 -0.803297 -9.644080 18.901653 -0.172584 1.324391 -18.792116 0.000000 0.000000 0.000000 0.000000 0.000000 0.000000 0.000000 0.000000 0.000000 11.609868 -2.963347 5.105906 0.347304 1.035393 14.099257 -4.663383 3.250028 16.452738 1.682934 -0.676483 -20.725767 0.000000 0.000000 0.000000 0.000000 0.000000 0.000000 0.000000 0.000000 0.000000 
-2.441259 88.073624 7.775049 -3.510413 1.827833 -9.649084 1.579041 -0.293377 5.885684 -3.612064 0.606479 3.219098 1.986956 -5.096181 2.914597 0.388102 -1.331669 5.752502 8.364063 -5.813514 6.839086 1.551767 -0.649157 -2.402161 0.449495 -1.358281 -19.406425 0.000000 0.000000 0.000000 86.128685 -0.061681 6.636189 56.560440 -3.600535 -4.449806 -1.029241 20.976061 88.841110 -7.670259 -0.759798 0.595257 7.237197 -1.508841 41.370945 -0.000003 0.000005 -18.130367 -0.000005 0.000038 -12.560131 0.000004 0.000001 -0.000009 -4.242079 0.064787 1.563272 0.709414 -0.108724 0.420118 0.776705 -0.086806 0.426695 -0.000005 0.000031 -0.000007 -3.452613 0.021018 -2.383852 0.191927 -0.056722 0.138464 0.270642 -0.020797 0.137610 -0.000017 0.000174 0.000009 -2.449912 -0.039958 -7.640411 0.379783 0.092131 -0.234376 0.553425 0.048181 -0.147351 0.000023 -0.000748 -0.000006 -0.632391 -0.060493 -14.444638 0.811591 0.243676 -0.348611 0.812753 0.155412 -0.353556 -0.001092 0.000005 -0.000008 0.000000 0.000000 0.000000 0.000000 0.000000 0.000000 -81.571838 -0.913493 7.171112 -60.406750 11.817795 -4.006621 0.771720 -11.705123 113.950768 -4.335438 1.546224 18.134060 -7.639950 1.417057 41.116627 0.000002 0.000010 -19.676943 -0.000166 -0.000023 -13.662706 -0.001634 -0.000007 -0.001428 0.851433 0.085569 0.470470 -1.861500 -0.123798 -0.495435 -2.300288 -0.086440 -0.469961 0.000018 -0.000178 -0.000000 -0.426880 0.021965 -3.248277 -1.940489 -0.049964 -0.182456 -1.594820 -0.031397 -0.132406 -0.001011 -0.000003 0.000145 -4.129161 -0.004838 -9.199762 -3.002862 0.092780 0.152902 -2.456365 0.029652 0.118785 -0.000611 0.000014 0.000004 -6.236158 0.033170 -15.842221 -4.266293 0.175199 0.512231 -4.294271 0.101441 0.461968 -0.000115 0.000006 -0.000037 0.000000 0.000000 0.000000 0.000000 0.000000 0.000000 -0.303068 -13.670237 10.016998 -0.132560 -0.667418 8.580522 -0.892611 -9.677269 19.008945 -0.152944 1.318366 -18.889086 0.000000 0.000000 0.000000 0.000000 0.000000 0.000000 0.000000 0.000000 0.000000 11.734102 -2.971967 4.954325 0.348076 1.040860 14.167750 -4.675109 3.300688 16.603334 1.690003 -0.672875 -20.819645 0.000000 0.000000 0.000000 0.000000 0.000000 0.000000 0.000000 0.000000 0.000000 
-2.612605 88.088982 7.772460 -3.542042 1.714626 -9.548384 1.608919 -0.305745 5.902870 -3.627923 0.604706 3.170239 2.035762 -5.130116 2.928838 0.375343 -1.324864 5.762197 8.266824 -5.739455 6.871089 1.509842 -0.636401 -2.314224 0.412426 -1.341306 -19.361513 0.000000 0.000000 0.000000 86.052849 -0.083350 6.445375 56.476788 -3.985069 -4.768964 -1.045489 20.822844 88.701683 -7.911803 -0.726958 0.400298 7.279353 -1.513306 41.353874 -0.000003 0.000006 -18.219213 -0.000005 0.000038 -12.618333 0.000005 0.000001 -0.000010 -3.860771 0.066745 1.458448 0.773545 -0.113636 0.438564 0.838619 -0.091872 0.443143 -0.000005 0.000030 -0.000007 -3.134391 0.022708 -2.458652 0.248672 -0.058648 0.146336 0.320845 -0.022838 0.144111 -0.000017 0.000166 0.000008 -2.220841 -0.040095 -7.700300 0.425290 0.095901 -0.241517 0.594164 0.050776 -0.152868 0.000023 -0.000653 -0.000006 -0.460008 -0.061223 -14.442713 0.839879 0.253842 -0.374448 0.849240 0.162505 -0.376490 -0.001009 0.000005 -0.000008 0.000000 0.000000 0.000000 0.000000 0.000000 0.000000 -81.507401 -0.875225 6.966090 -60.485645 12.209586 -4.580496 0.769678 -11.616223 113.757988 -3.834968 1.431871 17.867685 -7.830126 1.436287 41.035854 0.000002 0.000010 -20.124481 -0.000163 -0.000023 -13.980482 -0.001650 -0.000008 -0.001491 -0.234333 0.086574 -0.057963 -2.253643 -0.125720 -0.490770 -2.686204 -0.087436 -0.465902 0.000018 -0.000178 0.000000 -1.423264 0.022141 -3.599241 -2.345925 -0.050666 -0.180380 -1.998684 -0.031975 -0.130573 -0.000951 -0.000003 0.000146 -5.074371 -0.005825 -9.378814 -3.472857 0.093826 0.151247 -2.927615 0.030471 0.117517 -0.000672 0.000014 0.000005 -7.093153 0.025864 -15.812396 -4.746297 0.176689 0.509893 -4.771941 0.103495 0.460384 -0.000102 0.000006 -0.000037 0.000000 0.000000 0.000000 0.000000 0.000000 0.000000 -0.140410 -13.672450 9.932895 -0.129489 -0.655692 8.506927 -0.982532 -9.703725 19.114691 -0.135015 1.311718 -18.986807 0.000000 0.000000 0.000000 0.000000 0.000000 0.000000 0.000000 0.000000 0.000000 11.858673 -2.973731 4.805731 0.349030 1.046875 14.237882 -4.691244 3.363740 16.747980 1.695993 -0.670049 -20.912373 0.000000 0.000000 0.000000 0.000000 0.000000 0.000000 0.000000 0.000000 0.000000 
-2.781756 88.103531 7.770950 -3.573750 1.568448 -9.445958 1.648364 -0.317336 5.918921 -3.633499 0.602475 3.124834 2.081097 -5.142698 2.940782 0.352105 -1.309013 5.769554 8.166626 -5.663227 6.897623 1.466490 -0.631493 -2.229257 0.376529 -1.322695 -19.318316 0.000000 0.000000 0.000000 85.989899 -0.103432 6.265611 56.442879 -4.383598 -5.075594 -1.057524 20.695358 88.520622 -8.105997 -0.648169 0.206571 7.337722 -1.520445 41.328602 -0.000003 0.000007 -18.348677 -0.000005 0.000037 -12.703573 0.000006 0.000001 -0.000010 -3.403731 0.068848 1.337384 0.864060 -0.119553 0.457986 0.926760 -0.097782 0.460261 -0.000005 0.000030 -0.000007 -2.739309 0.024369 -2.545930 0.333209 -0.060899 0.154354 0.400826 -0.025154 0.150665 -0.000018 0.000159 0.000008 -1.899833 -0.040351 -7.767134 0.507421 0.100264 -0.248599 0.671521 0.053762 -0.158376 0.000023 -0.000554 -0.000006 -0.191522 -0.062557 -14.444427 0.911543 0.265648 -0.399630 0.927960 0.170925 -0.398178 -0.000921 0.000005 -0.000008 0.000000 0.000000 0.000000 0.000000 0.000000 0.000000 -81.460297 -0.830998 6.744369 -60.665642 12.562304 -5.201239 0.765689 -11.567981 113.552666 -3.420167 1.128104 17.606730 -8.044683 1.457908 40.943905 0.000001 0.000010 -20.630304 -0.000161 -0.000022 -14.339437 -0.001666 -0.000008 -0.001564 -1.434102 0.087550 -0.607811 -2.732692 -0.128147 -0.484258 -3.157505 -0.089042 -0.459831 0.000018 -0.000182 0.000000 -2.525672 0.022407 -3.961703 -2.837253 -0.051565 -0.177622 -2.489478 -0.032642 -0.128049 -0.000886 -0.000003 0.000148 -6.127671 -0.007047 -9.558399 -4.028831 0.095215 0.148514 -3.485197 0.031512 0.115466 -0.000719 0.000014 0.000005 -8.059579 0.017102 -15.776360 -5.303897 0.179331 0.504313 -5.328128 0.106345 0.456046 -0.000096 0.000006 -0.000038 0.000000 0.000000 0.000000 0.000000 0.000000 0.000000 0.021284 -13.673810 9.853926 -0.126340 -0.643763 8.434346 -1.073686 -9.725015 19.216530 -0.118323 1.304192 -19.081827 0.000000 0.000000 0.000000 0.000000 0.000000 0.000000 0.000000 0.000000 0.000000 11.985845 -2.970476 4.663924 0.350243 1.053523 14.309820 -4.715129 3.442391 16.884542 1.701701 -0.668545 -21.003279 0.000000 0.000000 0.000000 0.000000 0.000000 0.000000 0.000000 0.000000 0.000000 
-2.949519 88.117035 7.770566 -3.607208 1.389568 -9.344203 1.699504 -0.328489 5.934562 -3.628656 0.599750 3.084155 2.121063 -5.132358 2.948429 0.318716 -1.284001 5.775431 8.068360 -5.588932 6.914253 1.422193 -0.636348 -2.149681 0.342512 -1.303089 -19.277615 0.000000 0.000000 0.000000 85.938156 -0.121484 6.101488 56.461918 -4.800639 -5.358292 -1.065760 20.598389 88.297913 -8.249765 -0.528889 0.000086 7.415375 -1.530682 41.293613 -0.000003 0.000008 -18.527134 -0.000005 0.000037 -12.821554 0.000006 0.000001 -0.000011 -2.857639 0.071053 1.196569 0.988242 -0.126951 0.479142 1.048892 -0.104970 0.478738 -0.000005 0.000030 -0.000007 -2.254088 0.025949 -2.648202 0.452823 -0.063670 0.162821 0.518162 -0.027886 0.157513 -0.000018 0.000153 0.000008 -1.475724 -0.040724 -7.843592 0.633063 0.105491 -0.256177 0.792497 0.057324 -0.164307 0.000022 -0.000457 -0.000006 0.182402 -0.064357 -14.451773 1.032518 0.279916 -0.425783 1.054462 0.181359 -0.420002 -0.000826 0.000005 -0.000008 0.000000 0.000000 0.000000 0.000000 0.000000 0.000000 -81.430840 -0.780912 6.509678 -60.955952 12.880479 -5.858507 0.758037 -11.569917 113.327789 -3.112304 0.617154 17.336870 -8.290186 1.482495 40.837791 0.000001 0.000010 -21.210642 -0.000160 -0.000022 -14.750783 -0.001680 -0.000009 -0.001648 -2.780710 0.088448 -1.190610 -3.321065 -0.131263 -0.475720 -3.737212 -0.091444 -0.451679 0.000018 -0.000188 0.000001 -3.761530 0.022748 -4.343348 -3.435779 -0.052741 -0.174157 -3.088537 -0.033454 -0.124816 -0.000815 -0.000004 0.000151 -7.310497 -0.008482 -9.738840 -4.689167 0.097112 0.144729 -4.147678 0.032880 0.112661 -0.000754 0.000013 0.000005 -9.152184 0.006873 -15.728508 -5.953337 0.183581 0.495764 -5.977071 0.110334 0.449262 -0.000096 0.000006 -0.000038 0.000000 0.000000 0.000000 0.000000 0.000000 0.000000 0.183593 -13.674271 9.780131 -0.123050 -0.631368 8.366265 -1.167211 -9.741694 19.313734 -0.102472 1.295673 -19.171009 0.000000 0.000000 0.000000 0.000000 0.000000 0.000000 0.000000 0.000000 0.000000 12.117835 -2.965345 4.531776 0.351763 1.060789 14.384656 -4.749507 3.538537 17.010479 1.707793 -0.668744 -21.091585 0.000000 0.000000 0.000000 0.000000 0.000000 0.000000 0.000000 0.000000 0.000000 
-3.116499 88.129478 7.770998 -3.644007 1.180303 -9.244658 1.763511 -0.339464 5.951131 -3.613534 0.596682 3.048387 2.154824 -5.098733 2.950461 0.276682 -1.250167 5.779657 7.974917 -5.518645 6.915575 1.376988 -0.651564 -2.078945 0.310127 -1.283241 -19.239601 0.000000 0.000000 0.000000 85.895866 -0.136894 5.956836 56.537930 -5.240367 -5.606434 -1.071261 20.531939 88.039474 -8.347304 -0.376916 -0.221235 7.514862 -1.544286 41.247761 -0.000003 0.000009 -18.760900 -0.000005 0.000036 -12.976620 0.000007 0.000001 -0.000012 -2.214169 0.073317 1.034232 1.153006 -0.136231 0.502730 1.212192 -0.113809 0.499167 -0.000005 0.000030 -0.000007 -1.671675 0.027410 -2.766548 0.614455 -0.067120 0.172017 0.679732 -0.031149 0.164870 -0.000018 0.000147 0.000007 -0.944225 -0.041203 -7.930311 0.807978 0.111833 -0.264778 0.963061 0.061629 -0.171053 0.000022 -0.000366 -0.000007 0.663731 -0.066526 -14.463321 1.207265 0.297366 -0.454651 1.232951 0.194409 -0.443404 -0.000725 0.000005 -0.000008 0.000000 0.000000 0.000000 0.000000 0.000000 0.000000 -81.418655 -0.725729 6.266147 -61.357040 13.168608 -6.535603 0.745568 -11.625632 113.073959 -2.923026 -0.114924 17.050358 -8.577358 1.511100 40.712612 0.000000 0.000010 -21.891985 -0.000159 -0.000022 -15.232448 -0.001691 -0.000009 -0.001738 -4.328793 0.089205 -1.824199 -4.055510 -0.135046 -0.463916 -4.462720 -0.094619 -0.440431 0.000018 -0.000194 0.000001 -5.177414 0.023139 -4.754747 -4.176992 -0.054182 -0.169548 -3.831559 -0.034398 -0.120509 -0.000743 -0.000004 0.000154 -8.660526 -0.010098 -9.919280 -5.485682 0.099542 0.139390 -4.947332 0.034583 0.108736 -0.000781 0.000013 0.000006 -10.399692 -0.004756 -15.656981 -6.719275 0.189577 0.483120 -6.743615 0.115567 0.439211 -0.000103 0.000006 -0.000038 0.000000 0.000000 0.000000 0.000000 0.000000 0.000000 0.348499 -13.672657 9.711553 -0.119621 -0.618480 8.303353 -1.264439 -9.754169 19.406931 -0.087337 1.286303 -19.251953 0.000000 0.000000 0.000000 0.000000 0.000000 0.000000 0.000000 0.000000 0.000000 12.256621 -2.962416 4.411050 0.353598 1.068549 14.463548 -4.796660 3.652078 17.123911 1.714613 -0.670917 -21.176550 0.000000 0.000000 0.000000 0.000000 0.000000 0.000000 0.000000 0.000000 0.000000 
-3.282867 88.140968 7.772091 -3.684409 0.945455 -9.149400 1.840486 -0.350262 5.970679 -3.588377 0.593281 3.016920 2.181729 -5.042513 2.946064 0.226577 -1.208376 5.780750 7.887472 -5.450316 6.896828 1.330976 -0.674429 -2.019282 0.278801 -1.263471 -19.203856 0.000000 0.000000 0.000000 85.861069 -0.148644 5.835206 56.676132 -5.705966 -5.814680 -1.075149 20.494108 87.756393 -8.402226 -0.195271 -0.452666 7.637731 -1.561302 41.190475 -0.000003 0.000011 -19.053886 -0.000005 0.000036 -13.171480 0.000008 0.000001 -0.000013 -1.466050 0.075642 0.848188 1.366783 -0.147708 0.529284 1.425167 -0.124589 0.522050 -0.000005 0.000030 -0.000008 -0.986351 0.028728 -2.902478 0.825985 -0.071374 0.182173 0.893424 -0.035027 0.172922 -0.000019 0.000142 0.000007 -0.302812 -0.041769 -8.029133 1.039003 0.119498 -0.274880 1.190379 0.066792 -0.178981 0.000022 -0.000283 -0.000007 1.253516 -0.068962 -14.479529 1.441588 0.318557 -0.487707 1.469262 0.210532 -0.469607 -0.000620 0.000005 -0.000007 0.000000 0.000000 0.000000 0.000000 0.000000 0.000000 -81.422188 -0.666812 6.018925 -61.869228 13.425967 -7.216865 0.727602 -11.732100 112.787376 -2.858977 -1.087256 16.747293 -8.910460 1.544089 40.566185 -0.000000 0.000010 -22.684938 -0.000158 -0.000021 -15.791492 -0.001699 -0.000009 -0.001834 -6.102286 0.089819 -2.514411 -4.946464 -0.139608 -0.449158 -5.344769 -0.098672 -0.426462 0.000018 -0.000201 0.000001 -6.793674 0.023556 -5.198710 -5.070096 -0.055940 -0.163926 -4.728055 -0.035509 -0.115242 -0.000671 -0.000005 0.000158 -10.192262 -0.011861 -10.097684 -6.425848 0.102608 0.132752 -5.891888 0.036684 0.103896 -0.000807 0.000013 0.000006 -11.810135 -0.017560 -15.554826 -7.606972 0.197643 0.467243 -7.632989 0.122273 0.426652 -0.000115 0.000006 -0.000039 0.000000 0.000000 0.000000 0.000000 0.000000 0.000000 0.516314 -13.667858 9.649019 -0.116054 -0.605146 8.245658 -1.366670 -9.762465 19.496710 -0.073006 1.276291 -19.322512 0.000000 0.000000 0.000000 0.000000 0.000000 0.000000 0.000000 0.000000 0.000000 12.402532 -2.963800 4.304380 0.355715 1.076632 14.546120 -4.857271 3.783096 17.224602 1.722154 -0.675245 -21.257053 0.000000 0.000000 0.000000 0.000000 0.000000 0.000000 0.000000 0.000000 0.000000 
-3.448371 88.151451 7.773815 -3.728481 0.691847 -9.060936 1.930299 -0.360943 5.995012 -3.553460 0.589538 2.989578 2.201380 -4.965669 2.935155 0.168909 -1.159888 5.778027 7.805764 -5.380207 6.854566 1.284280 -0.700732 -1.972886 0.247677 -1.243940 -19.169842 0.000000 0.000000 0.000000 85.832245 -0.155866 5.740180 56.875824 -6.203851 -5.977680 -1.078595 20.479942 87.461182 -8.419271 0.019429 -0.687664 7.783973 -1.581576 41.121796 -0.000003 0.000012 -19.406445 -0.000005 0.000035 -13.406328 0.000009 0.000001 -0.000014 -0.612063 0.078004 0.637451 1.637847 -0.161692 0.559181 1.695950 -0.137593 0.547773 -0.000005 0.000031 -0.000008 -0.197651 0.029889 -3.056253 1.095201 -0.076545 0.193505 1.166922 -0.039609 0.181833 -0.000019 0.000136 0.000006 0.447311 -0.042403 -8.140474 1.332814 0.128715 -0.286975 1.481436 0.072946 -0.188458 0.000022 -0.000212 -0.000007 1.949886 -0.071600 -14.500076 1.740641 0.344147 -0.526506 1.768742 0.230275 -0.499958 -0.000513 0.000005 -0.000007 0.000000 0.000000 0.000000 0.000000 0.000000 0.000000 -81.440033 -0.606010 5.774136 -62.486038 13.650110 -7.883206 0.703779 -11.883791 112.466286 -2.922688 -2.308554 16.425129 -9.284980 1.580984 40.400108 -0.000001 0.000011 -23.578896 -0.000157 -0.000021 -16.420343 -0.001702 -0.000010 -0.001934 -8.079412 0.090309 -3.252830 -5.976602 -0.145247 -0.433328 -6.366241 -0.103877 -0.411498 0.000018 -0.000209 0.000002 -8.590354 0.023979 -5.669884 -6.097492 -0.058128 -0.157994 -5.760604 -0.036873 -0.109603 -0.000602 -0.000006 0.000161 -11.884300 -0.013728 -10.270837 -7.492118 0.106505 0.125810 -6.963758 0.039313 0.098893 -0.000834 0.000013 0.000006 -13.360526 -0.031150 -15.420768 -8.601043 0.208356 0.451122 -8.629655 0.130893 0.413937 -0.000131 0.000006 -0.000039 0.000000 0.000000 0.000000 0.000000 0.000000 0.000000 0.686665 -13.659846 9.593817 -0.112403 -0.591533 8.193456 -1.474493 -9.767416 19.583536 -0.059762 1.265906 -19.381430 0.000000 0.000000 0.000000 0.000000 0.000000 0.000000 0.000000 0.000000 0.000000 12.555060 -2.972054 4.212642 0.358079 1.084754 14.634070 -4.930767 3.929417 17.312342 1.730099 -0.681599 -21.332520 0.000000 0.000000 0.000000 0.000000 0.000000 0.000000 0.000000 0.000000 0.000000 
-3.612283 88.160675 7.776095 -3.776266 0.428034 -8.981456 2.032301 -0.371726 6.025702 -3.509211 0.585384 2.966025 2.213784 -4.871362 2.918733 0.104681 -1.106203 5.771605 7.728326 -5.305328 6.787409 1.236888 -0.727032 -1.941558 0.215858 -1.224911 -19.136690 0.000000 0.000000 0.000000 85.809097 -0.158245 5.674428 57.129211 -6.740383 -6.089534 -1.082576 20.481218 87.165146 -8.405210 0.271013 -0.918609 7.952500 -1.604733 41.042366 -0.000003 0.000013 -19.816168 -0.000004 0.000035 -13.679450 0.000010 0.000001 -0.000015 0.343044 0.080377 0.404662 1.974192 -0.178319 0.592414 2.032261 -0.152940 0.576379 -0.000004 0.000031 -0.000008 0.689454 0.030899 -3.224723 1.429699 -0.082685 0.206130 1.507486 -0.044941 0.191670 -0.000020 0.000130 0.000006 1.300672 -0.043094 -8.261053 1.695285 0.139633 -0.301444 1.842358 0.080173 -0.199757 0.000022 -0.000154 -0.000008 2.746767 -0.074442 -14.521550 2.107935 0.374631 -0.572414 2.135197 0.254061 -0.535708 -0.000407 0.000004 -0.000006 0.000000 0.000000 0.000000 0.000000 0.000000 0.000000 -81.470947 -0.545614 5.538377 -63.191555 13.837857 -8.512335 0.674724 -12.072342 112.109009 -3.104834 -3.758893 16.077156 -9.688270 1.620463 40.219761 -0.000001 0.000011 -24.543196 -0.000156 -0.000021 -17.097633 -0.001702 -0.000010 -0.002031 -10.192123 0.090736 -4.015009 -7.103624 -0.152315 -0.419480 -7.484902 -0.110560 -0.398248 0.000019 -0.000223 0.000002 -10.507220 0.024409 -6.153310 -7.217697 -0.060879 -0.152874 -6.887615 -0.038597 -0.104533 -0.000537 -0.000006 0.000164 -13.680322 -0.015642 -10.433462 -8.644854 0.111454 0.120124 -8.122920 0.042621 0.094881 -0.000866 0.000012 0.000007 -14.998410 -0.044967 -15.258601 -9.667866 0.222359 0.439441 -9.699739 0.141939 0.404642 -0.000150 0.000006 -0.000039 0.000000 0.000000 0.000000 0.000000 0.000000 0.000000 0.858460 -13.649793 9.547448 -0.108773 -0.577896 8.146688 -1.587413 -9.771605 19.668089 -0.048095 1.255498 -19.428762 0.000000 0.000000 0.000000 0.000000 0.000000 0.000000 0.000000 0.000000 0.000000 12.712812 -2.991235 4.133565 0.360645 1.092509 14.732370 -5.015594 4.086340 17.386478 1.737789 -0.689614 -21.402945 0.000000 0.000000 0.000000 0.000000 0.000000 0.000000 0.000000 0.000000 0.000000 
-3.773286 88.168259 7.779059 -3.826899 0.164121 -8.913288 2.144929 -0.382795 6.064035 -3.456392 0.580639 2.945718 2.218511 -4.763219 2.898505 0.034536 -1.048892 5.761760 7.652965 -5.223932 6.696815 1.188936 -0.751241 -1.925410 0.183059 -1.206682 -19.103445 0.000000 0.000000 0.000000 85.792313 -0.156022 5.639184 57.424526 -7.319113 -6.146835 -1.087695 20.488642 86.878441 -8.364253 0.560295 -1.140825 8.141250 -1.630108 40.953407 -0.000004 0.000014 -20.278282 -0.000004 0.000034 -13.987638 0.000011 0.000001 -0.000016 1.390952 0.082750 0.155872 2.383964 -0.197417 0.628321 2.441906 -0.170461 0.607359 -0.000004 0.000031 -0.000009 1.666341 0.031779 -3.402245 1.836867 -0.089733 0.219943 1.922128 -0.050986 0.202326 -0.000020 0.000123 0.000005 2.247452 -0.043859 -8.386179 2.131649 0.152210 -0.318380 2.278518 0.088431 -0.212939 0.000022 -0.000111 -0.000008 3.632846 -0.077533 -14.540956 2.545820 0.410010 -0.625983 2.571402 0.281898 -0.577480 -0.000305 0.000004 -0.000006 0.000000 0.000000 0.000000 0.000000 0.000000 0.000000 -81.513504 -0.488005 5.318092 -63.965519 13.985034 -9.083681 0.642370 -12.285713 111.719032 -3.384558 -5.391691 15.695086 -10.098167 1.660126 40.035194 -0.000002 0.000011 -25.523647 -0.000155 -0.000020 -17.786070 -0.001699 -0.000010 -0.002121 -12.320700 0.091263 -4.757816 -8.252088 -0.161226 -0.412089 -8.625138 -0.119085 -0.390669 0.000019 -0.000244 0.000003 -12.439166 0.024871 -6.623003 -8.356866 -0.064349 -0.150210 -8.034833 -0.040815 -0.101420 -0.000478 -0.000007 0.000167 -15.485363 -0.017544 -10.579586 -9.814424 0.117712 0.117929 -9.298929 0.046787 0.093513 -0.000902 0.000012 0.000007 -16.639242 -0.058343 -15.081445 -10.749795 0.240303 0.438654 -10.785135 0.155928 0.403695 -0.000172 0.000006 -0.000040 0.000000 0.000000 0.000000 0.000000 0.000000 0.000000 1.028772 -13.639920 9.511534 -0.105279 -0.564439 8.105710 -1.704241 -9.778407 19.750656 -0.038544 1.245360 -19.465191 0.000000 0.000000 0.000000 0.000000 0.000000 0.000000 0.000000 0.000000 0.000000 12.872661 -3.025099 4.063155 0.363362 1.099478 14.848007 -5.108848 4.248873 17.446304 1.744344 -0.698826 -21.468546 0.000000 0.000000 0.000000 0.000000 0.000000 0.000000 0.000000 0.000000 0.000000 
-3.929558 88.173622 7.783121 -3.878875 -0.088975 -8.858799 2.265854 -0.394331 6.110647 -3.396338 0.575188 2.928032 2.214770 -4.645141 2.876850 -0.041189 -0.989576 5.749140 7.577253 -5.136294 6.586101 1.140766 -0.773104 -1.923376 0.149687 -1.189639 -19.069210 0.000000 0.000000 0.000000 85.783302 -0.150078 5.633765 57.745918 -7.941315 -6.149039 -1.094260 20.491470 86.612358 -8.296560 0.881427 -1.353248 8.346850 -1.656829 40.856773 -0.000004 0.000015 -20.784800 -0.000004 0.000034 -14.325547 0.000012 0.000001 -0.000017 2.517473 0.085125 -0.101365 2.871453 -0.218469 0.665479 2.928715 -0.189668 0.639520 -0.000004 0.000031 -0.000009 2.718117 0.032563 -3.582656 2.320033 -0.097494 0.234548 2.413752 -0.057605 0.213458 -0.000020 0.000115 0.000005 3.270218 -0.044722 -8.511798 2.642508 0.166173 -0.337444 2.790471 0.097534 -0.227746 0.000022 -0.000083 -0.000008 4.587806 -0.080902 -14.557333 3.051675 0.449641 -0.686544 3.075180 0.313264 -0.624907 -0.000210 0.000004 -0.000005 0.000000 0.000000 0.000000 0.000000 0.000000 0.000000 -81.566856 -0.435187 5.118623 -64.782188 14.086939 -9.578595 0.609053 -12.509958 111.305130 -3.730057 -7.135779 15.272616 -10.491378 1.697503 39.857235 -0.000002 0.000012 -26.463446 -0.000153 -0.000020 -18.446625 -0.001692 -0.000011 -0.002196 -14.341117 0.092079 -5.436347 -9.343808 -0.172182 -0.414794 -9.708532 -0.129617 -0.391977 0.000020 -0.000278 0.000003 -14.276347 0.025402 -7.052339 -9.438357 -0.068616 -0.151352 -9.125102 -0.043605 -0.101409 -0.000425 -0.000008 0.000170 -17.200033 -0.019376 -10.705027 -10.928069 0.125405 0.121020 -10.418229 0.051901 0.096118 -0.000944 0.000012 0.000007 -18.195007 -0.070633 -14.906134 -11.786215 0.262446 0.453824 -11.824722 0.173072 0.414951 -0.000198 0.000006 -0.000040 0.000000 0.000000 0.000000 0.000000 0.000000 0.000000 1.193310 -13.633263 9.487578 -0.102029 -0.551314 8.071293 -1.823409 -9.791840 19.831085 -0.031496 1.235728 -19.491707 0.000000 0.000000 0.000000 0.000000 0.000000 0.000000 0.000000 0.000000 0.000000 13.030263 -3.077299 3.996461 0.366170 1.105281 14.989218 -5.206649 4.411860 17.490549 1.748782 -0.708722 -21.529783 0.000000 0.000000 0.000000 0.000000 0.000000 0.000000 0.000000 0.000000 0.000000 
-4.078991 88.175911 7.788966 -3.930588 -0.320534 -8.819919 2.392046 -0.406524 6.165494 -3.330911 0.569064 2.911680 2.201890 -4.521195 2.857152 -0.121747 -0.929963 5.734721 7.498933 -5.045094 6.459997 1.092823 -0.794158 -1.933552 0.116548 -1.174297 -19.033287 0.000000 0.000000 0.000000 85.783875 -0.141585 5.655009 58.073448 -8.606091 -6.098560 -1.102357 20.476297 86.379913 -8.200269 1.216270 -1.557368 8.563701 -1.683835 40.755314 -0.000004 0.000017 -21.321928 -0.000004 0.000034 -14.683863 0.000013 0.000000 -0.000018 3.696223 0.087508 -0.358730 3.430834 -0.240578 0.701728 3.486302 -0.209725 0.670982 -0.000004 0.000030 -0.000009 3.817478 0.033280 -3.760206 2.872552 -0.105631 0.249227 2.975154 -0.064547 0.224480 -0.000020 0.000106 0.000004 4.337863 -0.045704 -8.635431 3.217699 0.180993 -0.357798 3.367809 0.107139 -0.243540 0.000022 -0.000071 -0.000008 5.577035 -0.084482 -14.572131 3.612266 0.492118 -0.752041 3.633678 0.347011 -0.676432 -0.000125 0.000004 -0.000004 0.000000 0.000000 0.000000 0.000000 0.000000 0.000000 -81.631050 -0.388601 4.943573 -65.609344 14.140716 -9.980864 0.576677 -12.730759 110.878815 -4.097736 -8.896442 14.809012 -10.851568 1.730995 39.693638 -0.000003 0.000012 -27.323299 -0.000151 -0.000020 -19.052103 -0.001682 -0.000011 -0.002252 -16.169409 0.093307 -6.019337 -10.327230 -0.184876 -0.428122 -10.683417 -0.141842 -0.402637 0.000020 -0.000324 0.000003 -15.942504 0.026018 -7.422734 -10.411448 -0.073562 -0.156522 -10.107252 -0.046896 -0.104697 -0.000374 -0.000008 0.000173 -18.753380 -0.021079 -10.807604 -11.935925 0.134340 0.129644 -11.430620 0.057844 0.102884 -0.000992 0.000012 0.000007 -19.601292 -0.081359 -14.745214 -12.733662 0.288195 0.485544 -12.774724 0.192909 0.438812 -0.000228 0.000006 -0.000040 0.000000 0.000000 0.000000 0.000000 0.000000 0.000000 1.347339 -13.633532 9.476523 -0.099133 -0.538651 8.044255 -1.943004 -9.816532 19.908813 -0.027049 1.226874 -19.509396 0.000000 0.000000 0.000000 0.000000 0.000000 0.000000 0.000000 0.000000 0.000000 13.181343 -3.151561 3.928622 0.369002 1.109647 15.163618 -5.304951 4.569224 17.517015 1.750230 -0.718865 -21.587166 0.000000 0.000000 0.000000 0.000000 0.000000 0.000000 0.000000 0.000000 0.000000 
-4.219566 88.174026 7.797405 -3.980812 -0.521033 -8.797242 2.519903 -0.419470 6.227656 -3.262095 0.562372 2.894196 2.179724 -4.395187 2.843493 -0.205323 -0.871646 5.719477 7.417626 -4.955903 6.325311 1.045440 -0.817837 -1.953040 0.084605 -1.161271 -18.995499 0.000000 0.000000 0.000000 85.795677 -0.131503 5.696655 58.385056 -9.310763 -6.001562 -1.111958 20.428810 86.193443 -8.073577 1.533508 -1.755488 8.783875 -1.710001 40.652824 -0.000005 0.000018 -21.869642 -0.000004 0.000033 -15.048985 0.000013 0.000000 -0.000019 4.886846 0.089867 -0.606818 4.042107 -0.262503 0.734357 4.094145 -0.229489 0.699299 -0.000004 0.000030 -0.000010 4.924036 0.033939 -3.929005 3.474224 -0.113671 0.262981 3.585496 -0.071457 0.234591 -0.000020 0.000096 0.000004 5.406142 -0.046801 -8.754930 3.833258 0.195894 -0.378126 3.986180 0.116761 -0.259319 0.000022 -0.000071 -0.000009 6.553625 -0.088114 -14.587265 4.201574 0.535278 -0.819052 4.221169 0.381382 -0.729313 -0.000052 0.000003 -0.000003 0.000000 0.000000 0.000000 0.000000 0.000000 0.000000 -81.706352 -0.349177 4.794289 -66.412086 14.149805 -10.280915 0.546495 -12.936016 110.448967 -4.435196 -10.566939 14.307884 -11.171557 1.760072 39.547829 -0.000003 0.000013 -28.086649 -0.000149 -0.000019 -19.590681 -0.001667 -0.000012 -0.002285 -17.771372 0.094937 -6.491944 -11.184026 -0.198400 -0.448973 -11.531523 -0.154891 -0.419901 0.000020 -0.000382 0.000004 -17.404507 0.026706 -7.724362 -11.258122 -0.078836 -0.164606 -10.962921 -0.050438 -0.110368 -0.000325 -0.000009 0.000176 -20.112101 -0.022582 -10.884917 -12.817237 0.143930 0.142260 -12.315595 0.064237 0.112671 -0.001046 0.000012 0.000007 -20.825079 -0.090249 -14.602479 -13.570606 0.315963 0.529364 -13.613500 0.214216 0.471763 -0.000261 0.000006 -0.000041 0.000000 0.000000 0.000000 0.000000 0.000000 0.000000 1.486864 -13.644460 9.478214 -0.096687 -0.526575 8.024941 -2.060541 -9.857185 19.982523 -0.024979 1.219161 -19.519302 0.000000 0.000000 0.000000 0.000000 0.000000 0.000000 0.000000 0.000000 0.000000 13.323097 -3.250726 3.855663 0.371788 1.112543 15.375982 -5.400585 4.714095 17.522936 1.748190 -0.729049 -21.641012 0.000000 0.000000 0.000000 0.000000 0.000000 0.000000 0.000000 0.000000 0.000000 
-4.349575 88.167000 7.809659 -4.027586 -0.682586 -8.790913 2.645171 -0.432972 6.295372 -3.191505 0.555185 2.872966 2.148017 -4.269953 2.838634 -0.289900 -0.816151 5.703805 7.332394 -4.872446 6.190207 0.999130 -0.846193 -1.977686 0.054763 -1.150966 -18.956223 0.000000 0.000000 0.000000 85.819046 -0.120175 5.751830 58.660278 -10.049997 -5.866503 -1.122496 20.336266 86.063393 -7.913568 1.799260 -1.951533 8.996601 -1.734147 40.554180 -0.000005 0.000019 -22.401155 -0.000004 0.000033 -15.402692 0.000014 0.000000 -0.000020 6.035456 0.092155 -0.835665 4.671943 -0.282990 0.760913 4.718518 -0.247832 0.722253 -0.000005 0.000030 -0.000010 5.985676 0.034534 -4.084457 4.091814 -0.121138 0.274859 4.211047 -0.077964 0.243050 -0.000019 0.000085 0.000004 6.419855 -0.047994 -8.871098 4.453021 0.210027 -0.397072 4.609048 0.125881 -0.274077 0.000022 -0.000080 -0.000009 7.461703 -0.091629 -14.609441 4.783483 0.576713 -0.883742 4.801974 0.414436 -0.780463 0.000010 0.000003 -0.000001 0.000000 0.000000 0.000000 0.000000 0.000000 0.000000 -81.792091 -0.317595 4.671916 -67.157997 14.122806 -10.479324 0.519673 -13.114050 110.023956 -4.695981 -12.049945 13.771039 -11.443630 1.784271 39.423420 -0.000003 0.000013 -28.735649 -0.000147 -0.000019 -20.049553 -0.001649 -0.000012 -0.002298 -19.113483 0.096917 -6.842992 -11.892539 -0.211726 -0.473574 -12.231406 -0.167785 -0.440462 0.000020 -0.000450 0.000004 -18.630102 0.027426 -7.949347 -11.956960 -0.084037 -0.174236 -11.670534 -0.053947 -0.117304 -0.000276 -0.000009 0.000179 -21.244579 -0.023843 -10.935416 -13.547710 0.153485 0.156910 -13.049034 0.070634 0.124030 -0.001103 0.000012 0.000007 -21.835310 -0.097223 -14.482572 -14.271759 0.343825 0.579264 -14.315716 0.235511 0.509142 -0.000297 0.000006 -0.000041 0.000000 0.000000 0.000000 0.000000 0.000000 0.000000 1.607543 -13.669561 9.491761 -0.094717 -0.515173 8.014641 -2.173477 -9.915036 20.048569 -0.024834 1.212795 -19.521355 0.000000 0.000000 0.000000 0.000000 0.000000 0.000000 0.000000 0.000000 0.000000 13.452821 -3.373123 3.777116 0.374481 1.114188 15.624716 -5.489859 4.840816 17.507410 1.742550 -0.739127 -21.691223 0.000000 0.000000 0.000000 0.000000 0.000000 0.000000 0.000000 0.000000 0.000000 
-4.467911 88.154228 7.826850 -4.069468 -0.799845 -8.799793 2.764034 -0.446767 6.365862 -3.120448 0.547603 2.846306 2.107666 -4.147753 2.843088 -0.373108 -0.764607 5.688376 7.243450 -4.797514 6.062475 0.954431 -0.879981 -2.003395 0.027484 -1.143783 -18.916002 0.000000 0.000000 0.000000 85.851891 -0.107386 5.813894 58.880913 -10.816679 -5.703161 -1.133177 20.188406 85.998672 -7.722001 1.982159 -2.147977 9.190047 -1.755343 40.464371 -0.000006 0.000020 -22.887201 -0.000004 0.000033 -15.725084 0.000014 -0.000000 -0.000021 7.082668 0.094311 -1.035915 5.275718 -0.301111 0.780124 5.314535 -0.263945 0.738680 -0.000005 0.000030 -0.000010 6.946859 0.035048 -4.223091 4.681223 -0.127689 0.284315 4.807327 -0.083794 0.249450 -0.000018 0.000074 0.000003 7.323412 -0.049226 -8.985612 5.031072 0.222726 -0.413701 5.190238 0.134115 -0.287135 0.000022 -0.000094 -0.000009 8.248468 -0.094816 -14.646689 5.314497 0.614492 -0.943187 5.333060 0.444643 -0.827555 0.000061 0.000003 -0.000000 0.000000 0.000000 0.000000 0.000000 0.000000 0.000000 -81.885834 -0.294483 4.577461 -67.820175 14.074464 -10.586582 0.496907 -13.257032 109.608284 -4.848366 -13.260943 13.194801 -11.660409 1.803318 39.323677 -0.000003 0.000014 -29.253408 -0.000144 -0.000018 -20.416435 -0.001628 -0.000013 -0.002300 -20.165041 0.099141 -7.067327 -12.433426 -0.223904 -0.497953 -12.764152 -0.179624 -0.460874 0.000020 -0.000522 0.000004 -19.589441 0.028128 -8.093824 -12.489210 -0.088795 -0.183968 -12.211229 -0.057153 -0.124320 -0.000226 -0.000010 0.000183 -22.121841 -0.024836 -10.959498 -14.105182 0.162339 0.171512 -13.608928 0.076605 0.135421 -0.001161 0.000012 0.000007 -22.603966 -0.102366 -14.390886 -14.812933 0.369915 0.628763 -14.857286 0.255371 0.546008 -0.000333 0.000006 -0.000041 0.000000 0.000000 0.000000 0.000000 0.000000 0.000000 1.706433 -13.711616 9.515537 -0.093217 -0.504587 8.013718 -2.278666 -9.988908 20.102621 -0.026172 1.207978 -19.514820 0.000000 0.000000 0.000000 0.000000 0.000000 0.000000 0.000000 0.000000 0.000000 13.569035 -3.514373 3.694229 0.377050 1.114943 15.902896 -5.569458 4.944239 17.471422 1.733538 -0.748961 -21.737480 0.000000 0.000000 0.000000 0.000000 0.000000 0.000000 0.000000 0.000000 0.000000 
-4.574067 88.135712 7.849545 -4.105800 -0.870298 -8.820797 2.873700 -0.460486 6.436209 -3.050132 0.539793 2.812672 2.061261 -4.030440 2.855738 -0.452523 -0.717574 5.673217 7.153350 -4.734158 5.949819 0.911710 -0.919519 -2.025995 0.002675 -1.140361 -18.874798 0.000000 0.000000 0.000000 85.889839 -0.092150 5.877900 59.037071 -11.602206 -5.522758 -1.143473 19.980282 86.001793 -7.511731 2.052427 -2.341805 9.353766 -1.773031 40.387642 -0.000007 0.000021 -23.301794 -0.000003 0.000034 -15.998614 0.000015 -0.000000 -0.000022 7.975434 0.096271 -1.197706 5.807799 -0.316358 0.792020 5.836639 -0.277417 0.748548 -0.000005 0.000030 -0.000010 7.759170 0.035452 -4.340205 5.197679 -0.133143 0.291258 5.329287 -0.088796 0.253751 -0.000018 0.000063 0.000003 8.070118 -0.050401 -9.097317 5.521831 0.233625 -0.427586 5.683990 0.141269 -0.298180 0.000022 -0.000105 -0.000009 8.872122 -0.097512 -14.703016 5.752835 0.647501 -0.995815 5.773100 0.471140 -0.869315 0.000101 0.000002 0.000001 0.000000 0.000000 0.000000 0.000000 0.000000 0.000000 -81.983299 -0.280476 4.511188 -68.379730 14.027470 -10.620260 0.478693 -13.362084 109.195763 -4.879134 -14.137717 12.573014 -11.816926 1.817130 39.250809 -0.000003 0.000014 -29.628839 -0.000142 -0.000017 -20.682985 -0.001608 -0.000014 -0.002301 -20.905411 0.101468 -7.166853 -12.797520 -0.234184 -0.518428 -13.121149 -0.189698 -0.477943 0.000020 -0.000594 0.000005 -20.262413 0.028756 -8.158220 -12.846658 -0.092803 -0.192456 -12.576612 -0.059835 -0.130309 -0.000179 -0.000010 0.000186 -22.724226 -0.025559 -10.958808 -14.477598 0.169946 0.184232 -13.983347 0.081794 0.145478 -0.001217 0.000012 0.000007 -23.112591 -0.105884 -14.331061 -15.178542 0.392755 0.672335 -15.222964 0.272683 0.578209 -0.000367 0.000005 -0.000042 0.000000 0.000000 0.000000 0.000000 0.000000 0.000000 1.782651 -13.772290 9.548579 -0.092162 -0.495023 8.018328 -2.372087 -10.077393 20.142288 -0.028889 1.205019 -19.499313 0.000000 0.000000 0.000000 0.000000 0.000000 0.000000 0.000000 0.000000 0.000000 13.671601 -3.669532 3.608900 0.379441 1.115230 16.199003 -5.637486 5.019596 17.418318 1.721510 -0.758571 -21.779287 0.000000 0.000000 0.000000 0.000000 0.000000 0.000000 0.000000 0.000000 0.000000 
-4.667887 88.112450 7.878061 -4.135990 -0.894378 -8.850469 2.972416 -0.473631 6.503635 -2.981745 0.531954 2.771206 2.012338 -3.919413 2.874035 -0.526452 -0.675416 5.657430 7.063372 -4.682449 5.858982 0.871620 -0.962727 -2.041434 -0.020293 -1.141363 -18.831963 0.000000 0.000000 0.000000 85.929092 -0.073638 5.943524 59.126518 -12.397806 -5.332930 -1.152771 19.713182 86.064804 -7.303719 1.990979 -2.527436 9.479440 -1.786860 40.327309 -0.000007 0.000021 -23.624336 -0.000003 0.000034 -16.209526 0.000015 -0.000000 -0.000022 8.672082 0.097980 -1.313017 6.231277 -0.328554 0.797519 6.248379 -0.288139 0.752632 -0.000005 0.000029 -0.000010 8.385183 0.035720 -4.432091 5.605050 -0.137454 0.295916 5.740707 -0.092914 0.256173 -0.000017 0.000053 0.000003 8.624319 -0.051414 -9.205005 5.889888 0.242572 -0.438639 6.054899 0.147272 -0.307145 0.000022 -0.000107 -0.000009 9.302812 -0.099632 -14.781406 6.067287 0.675248 -1.040868 6.091479 0.493549 -0.905087 0.000134 0.000002 0.000002 0.000000 0.000000 0.000000 0.000000 0.000000 0.000000 -82.080681 -0.275612 4.473908 -68.823090 14.009103 -10.598596 0.465479 -13.426258 108.770576 -4.795856 -14.654336 11.896377 -11.907255 1.825401 39.207664 -0.000003 0.000015 -29.847792 -0.000140 -0.000017 -20.839046 -0.001591 -0.000014 -0.002317 -21.307932 0.103786 -7.145408 -12.970251 -0.242223 -0.533343 -13.288264 -0.197668 -0.490276 0.000020 -0.000663 0.000005 -20.624580 0.029264 -8.145223 -13.015709 -0.095908 -0.199076 -12.752839 -0.061887 -0.134775 -0.000135 -0.000011 0.000190 -23.029362 -0.026028 -10.938065 -14.649405 0.176025 0.194277 -14.156519 0.086009 0.153584 -0.001267 0.000012 0.000007 -23.342581 -0.108021 -14.309843 -15.351949 0.411516 0.707275 -15.396343 0.286834 0.603852 -0.000397 0.000005 -0.000042 0.000000 0.000000 0.000000 0.000000 0.000000 0.000000 1.836210 -13.853129 9.591620 -0.091488 -0.486731 8.022535 -2.450029 -10.178832 20.167229 -0.033203 1.204031 -19.474813 0.000000 0.000000 0.000000 0.000000 0.000000 0.000000 0.000000 0.000000 0.000000 13.760026 -3.833262 3.524637 0.381576 1.115396 16.497484 -5.692096 5.063455 17.354891 1.706758 -0.767929 -21.816010 0.000000 0.000000 0.000000 0.000000 0.000000 0.000000 0.000000 0.000000 0.000000 
-4.749435 88.086052 7.912506 -4.160048 -0.875587 -8.885382 3.059879 -0.485884 6.565376 -2.916845 0.524340 2.722425 1.965086 -3.816125 2.895257 -0.594402 -0.638369 5.640396 6.974496 -4.641047 5.792905 0.834835 -1.006309 -2.047944 -0.042282 -1.147126 -18.786898 0.000000 0.000000 0.000000 85.967262 -0.052160 6.013083 59.151161 -13.195789 -5.135412 -1.160538 19.395985 86.169884 -7.117817 1.798054 -2.699384 9.563216 -1.796802 40.284950 -0.000008 0.000022 -23.844902 -0.000003 0.000034 -16.351572 0.000015 -0.000000 -0.000022 9.154136 0.099388 -1.378673 6.527522 -0.337688 0.797782 6.532028 -0.296133 0.751912 -0.000006 0.000029 -0.000010 8.809500 0.035841 -4.497522 5.885741 -0.140634 0.298584 6.024084 -0.096130 0.256985 -0.000016 0.000044 0.000003 8.973536 -0.052170 -9.307384 6.120657 0.249538 -0.446833 6.288504 0.152107 -0.313990 0.000021 -0.000099 -0.000008 9.534748 -0.101104 -14.882238 6.247023 0.697572 -1.077778 6.277759 0.511739 -0.934316 0.000160 0.000002 0.000003 0.000000 0.000000 0.000000 0.000000 0.000000 0.000000 -82.176559 -0.278707 4.464093 -69.141098 14.044489 -10.537613 0.456783 -13.448885 108.314232 -4.623235 -14.823760 11.156466 -11.928563 1.828029 39.195812 -0.000002 0.000015 -29.902636 -0.000137 -0.000016 -20.879333 -0.001578 -0.000015 -0.002356 -21.362516 0.106000 -7.014885 -12.947084 -0.247990 -0.542523 -13.261202 -0.203485 -0.497755 0.000019 -0.000725 0.000005 -20.666351 0.029625 -8.064530 -12.992480 -0.098079 -0.203712 -12.735720 -0.063292 -0.137666 -0.000098 -0.000011 0.000193 -23.028408 -0.026260 -10.906679 -14.616172 0.180510 0.201607 -14.123657 0.089191 0.159655 -0.001309 0.000012 0.000008 -23.288275 -0.108993 -14.334982 -15.328066 0.425925 0.733016 -15.372489 0.297638 0.622692 -0.000421 0.000005 -0.000043 0.000000 0.000000 0.000000 0.000000 0.000000 0.000000 1.868309 -13.955303 9.645507 -0.091162 -0.480051 8.021859 -2.509571 -10.292230 20.178343 -0.039467 1.204917 -19.442148 0.000000 0.000000 0.000000 0.000000 0.000000 0.000000 0.000000 0.000000 0.000000 13.833602 -4.001640 3.444868 0.383368 1.115624 16.783012 -5.732026 5.073374 17.288887 1.689576 -0.776797 -21.847347 0.000000 0.000000 0.000000 0.000000 0.000000 0.000000 0.000000 0.000000 0.000000 
-4.818916 88.058372 7.953062 -4.177973 -0.819823 -8.923388 3.136831 -0.497192 6.618493 -2.857242 0.517161 2.669678 1.923357 -3.721492 2.916214 -0.657126 -0.606437 5.622629 6.885832 -4.606828 5.748405 0.801918 -1.046546 -2.047469 -0.063749 -1.157102 -18.739689 0.000000 0.000000 0.000000 86.003273 -0.029661 6.088388 59.112087 -13.986389 -4.924677 -1.165845 19.043243 86.293350 -6.959191 1.498980 -2.853278 9.607226 -1.803186 40.259731 -0.000009 0.000023 -23.967852 -0.000003 0.000034 -16.428360 0.000016 -0.000000 -0.000023 9.431978 0.100504 -1.400481 6.700024 -0.343793 0.793611 6.692203 -0.301441 0.747065 -0.000006 0.000029 -0.000010 9.044283 0.035837 -4.540991 6.044414 -0.142708 0.299416 6.184340 -0.098432 0.256354 -0.000015 0.000036 0.000003 9.134952 -0.052629 -9.405908 6.224295 0.254505 -0.452003 6.395181 0.155737 -0.318573 0.000021 -0.000086 -0.000008 9.592095 -0.101915 -15.005491 6.305299 0.714348 -1.105662 6.345078 0.525580 -0.956199 0.000181 0.000002 0.000003 0.000000 0.000000 0.000000 0.000000 0.000000 0.000000 -82.271484 -0.287005 4.475873 -69.330757 14.145303 -10.451458 0.450804 -13.431484 107.820183 -4.395344 -14.692307 10.353906 -11.882434 1.825202 39.214844 -0.000002 0.000015 -29.795370 -0.000134 -0.000016 -20.805513 -0.001568 -0.000015 -0.002425 -21.082632 0.108074 -6.795945 -12.736251 -0.251754 -0.547242 -13.048144 -0.207377 -0.501484 0.000019 -0.000779 0.000005 -20.398478 0.029841 -7.933456 -12.785144 -0.099408 -0.206748 -12.533182 -0.064120 -0.139363 -0.000066 -0.000011 0.000197 -22.731012 -0.026279 -10.878351 -14.387593 0.183540 0.206802 -13.894101 0.091415 0.164052 -0.001343 0.000012 0.000008 -22.960575 -0.109065 -14.414742 -15.116564 0.436228 0.750734 -15.161025 0.305295 0.635746 -0.000439 0.000004 -0.000043 0.000000 0.000000 0.000000 0.000000 0.000000 0.000000 1.880816 -14.078606 9.709984 -0.091182 -0.475286 8.016628 -2.549790 -10.415550 20.175659 -0.047811 1.207193 -19.402609 0.000000 0.000000 0.000000 0.000000 0.000000 0.000000 0.000000 0.000000 0.000000 13.891239 -4.171115 3.372529 0.384794 1.115922 17.044735 -5.756611 5.049560 17.227240 1.670390 -0.784552 -21.873842 0.000000 0.000000 0.000000 0.000000 0.000000 0.000000 0.000000 0.000000 0.000000 
-4.876676 88.031029 7.999794 -4.189790 -0.734230 -8.962852 3.204604 -0.507546 6.661279 -2.803915 0.510473 2.616771 1.889263 -3.634691 2.934774 -0.715902 -0.578820 5.604548 6.796759 -4.577901 5.720077 0.772800 -1.082037 -2.043173 -0.084517 -1.170015 -18.690910 0.000000 0.000000 0.000000 86.036201 -0.007960 6.168002 59.014492 -14.757391 -4.697216 -1.167994 18.675240 86.412704 -6.821839 1.129852 -2.988555 9.619117 -1.806690 40.248600 -0.000009 0.000023 -24.010849 -0.000003 0.000035 -16.452381 0.000016 -0.000000 -0.000023 9.542295 0.101356 -1.389677 6.771063 -0.346984 0.785379 6.752313 -0.304144 0.738386 -0.000006 0.000029 -0.000010 9.125731 0.035749 -4.569108 6.104265 -0.143716 0.298438 6.244982 -0.099830 0.254334 -0.000014 0.000030 0.000003 9.149477 -0.052802 -9.501322 6.229224 0.257530 -0.454005 6.403409 0.158154 -0.320769 0.000021 -0.000073 -0.000008 9.520195 -0.102164 -15.146674 6.271890 0.725663 -1.124000 6.322491 0.535098 -0.970232 0.000199 0.000002 0.000004 0.000000 0.000000 0.000000 0.000000 0.000000 0.000000 -82.365814 -0.297011 4.499066 -69.400093 14.309480 -10.353206 0.445136 -13.382622 107.291634 -4.145306 -14.327443 9.500367 -11.778320 1.817637 39.260807 -0.000001 0.000016 -29.546867 -0.000130 -0.000015 -20.632376 -0.001556 -0.000015 -0.002515 -20.519382 0.110007 -6.516915 -12.371518 -0.253859 -0.548806 -12.682618 -0.209640 -0.502563 0.000018 -0.000822 0.000005 -19.866001 0.029938 -7.773307 -12.426581 -0.100032 -0.208578 -12.178104 -0.064470 -0.140233 -0.000037 -0.000011 0.000199 -22.178629 -0.026140 -10.864335 -13.998252 0.185331 0.210473 -13.502592 0.092811 0.167178 -0.001369 0.000012 0.000008 -22.398684 -0.108565 -14.549035 -14.750153 0.442972 0.762169 -14.794678 0.310214 0.644328 -0.000448 0.000004 -0.000044 0.000000 0.000000 0.000000 0.000000 0.000000 0.000000 1.877155 -14.218392 9.783866 -0.091551 -0.472556 8.008508 -2.571546 -10.546559 20.159319 -0.058118 1.210329 -19.358469 0.000000 0.000000 0.000000 0.000000 0.000000 0.000000 0.000000 0.000000 0.000000 13.932790 -4.339189 3.309340 0.385875 1.116238 17.278164 -5.767762 4.995473 17.174040 1.649815 -0.790632 -21.896757 0.000000 0.000000 0.000000 0.000000 0.000000 0.000000 0.000000 0.000000 0.000000 
-4.923182 88.005409 8.052508 -4.195071 -0.625720 -9.002611 3.264372 -0.516738 6.693692 -2.756475 0.504217 2.566141 1.862271 -3.552926 2.950489 -0.771872 -0.554213 5.585646 6.706269 -4.552927 5.703397 0.747080 -1.113179 -2.037023 -0.104004 -1.184390 -18.641161 0.000000 0.000000 0.000000 86.066055 0.011911 6.248821 58.867970 -15.496712 -4.454630 -1.166466 18.314064 86.506836 -6.696926 0.727834 -3.109718 9.608960 -1.808096 40.247471 -0.000010 0.000023 -23.997992 -0.000003 0.000035 -16.440157 0.000016 -0.000000 -0.000023 9.533291 0.102006 -1.359826 6.771618 -0.347481 0.773161 6.744030 -0.304398 0.725936 -0.000006 0.000029 -0.000009 9.099588 0.035628 -4.588910 6.096317 -0.143722 0.295633 6.237329 -0.100366 0.250937 -0.000013 0.000025 0.000003 9.064658 -0.052743 -9.593701 6.169400 0.258759 -0.452860 6.347111 0.159400 -0.320583 0.000021 -0.000070 -0.000007 9.366203 -0.102086 -15.298276 6.179943 0.731906 -1.132955 6.242345 0.540554 -0.976517 0.000217 0.000001 0.000005 0.000000 0.000000 0.000000 0.000000 0.000000 0.000000 -82.458664 -0.305735 4.523939 -69.366631 14.525629 -10.252470 0.437932 -13.315225 106.732681 -3.895747 -13.799724 8.609260 -11.627892 1.806038 39.328712 -0.000000 0.000016 -29.183672 -0.000127 -0.000015 -20.378725 -0.001541 -0.000016 -0.002618 -19.729912 0.111846 -6.200528 -11.888968 -0.254710 -0.548781 -12.200355 -0.210626 -0.502345 0.000017 -0.000855 0.000005 -19.120895 0.029952 -7.599251 -11.951618 -0.100119 -0.209713 -11.705575 -0.064453 -0.140710 -0.000013 -0.000012 0.000201 -21.420879 -0.025920 -10.868664 -13.485231 0.186159 0.213394 -12.986686 0.093559 0.169585 -0.001387 0.000012 0.000008 -21.649437 -0.107837 -14.730545 -14.264850 0.446918 0.769877 -14.309535 0.312953 0.650291 -0.000450 0.000004 -0.000044 0.000000 0.000000 0.000000 0.000000 0.000000 0.000000 1.861333 -14.366614 9.866019 -0.092224 -0.471791 7.998234 -2.576982 -10.682894 20.129894 -0.070086 1.213907 -19.312155 0.000000 0.000000 0.000000 0.000000 0.000000 0.000000 0.000000 0.000000 0.000000 13.958525 -4.504084 3.255989 0.386647 1.116490 17.483618 -5.769075 4.917903 17.131458 1.628471 -0.794763 -21.917656 0.000000 0.000000 0.000000 0.000000 0.000000 0.000000 0.000000 0.000000 0.000000 
-4.959055 87.982574 8.110593 -4.193204 -0.500099 -9.041783 3.317009 -0.524491 6.716759 -2.713622 0.498324 2.518895 1.840076 -3.472757 2.964524 -0.825879 -0.531345 5.565456 6.613659 -4.530971 5.694250 0.724258 -1.141265 -2.030074 -0.121530 -1.198927 -18.590799 0.000000 0.000000 0.000000 86.093559 0.029345 6.327782 58.683590 -16.194790 -4.202160 -1.161057 17.978601 86.556801 -6.576616 0.327196 -3.225059 9.586301 -1.808087 40.252388 -0.000010 0.000024 -23.952639 -0.000003 0.000035 -16.407433 0.000017 -0.000000 -0.000023 9.451558 0.102543 -1.324215 6.732188 -0.345629 0.757037 6.697920 -0.302467 0.709813 -0.000006 0.000028 -0.000009 9.009122 0.035524 -4.606986 6.050307 -0.142833 0.291051 6.191373 -0.100135 0.246203 -0.000012 0.000022 0.000003 8.923009 -0.052523 -9.683105 6.075383 0.258425 -0.448808 6.256803 0.159584 -0.318194 0.000021 -0.000081 -0.000006 9.168485 -0.101976 -15.452454 6.057839 0.733773 -1.133379 6.132425 0.542465 -0.975771 0.000235 0.000001 0.000005 0.000000 0.000000 0.000000 0.000000 0.000000 0.000000 -82.548065 -0.311276 4.543856 -69.253807 14.777546 -10.155725 0.428161 -13.243181 106.147453 -3.659037 -13.169554 7.690113 -11.440607 1.790827 39.414532 0.000000 0.000016 -28.727484 -0.000123 -0.000015 -20.060041 -0.001521 -0.000016 -0.002724 -18.756378 0.113652 -5.858433 -11.312289 -0.254741 -0.548960 -11.624714 -0.210721 -0.502407 0.000017 -0.000878 0.000005 -18.202772 0.029926 -7.417536 -11.382928 -0.099851 -0.210776 -11.138629 -0.064191 -0.141294 0.000005 -0.000012 0.000202 -20.497553 -0.025709 -10.889523 -12.874111 0.186327 0.216448 -12.372329 0.093858 0.171947 -0.001395 0.000012 0.000008 -20.750767 -0.107164 -14.949841 -13.687098 0.448913 0.776837 -13.732167 0.314130 0.655799 -0.000444 0.000004 -0.000044 0.000000 0.000000 0.000000 0.000000 0.000000 0.000000 1.836840 -14.515051 9.955131 -0.093118 -0.472824 7.986109 -2.568633 -10.821916 20.088211 -0.083322 1.217693 -19.265608 0.000000 0.000000 0.000000 0.000000 0.000000 0.000000 0.000000 0.000000 0.000000 13.968749 -4.664329 3.211950 0.387145 1.116567 17.663889 -5.764270 4.824938 17.100531 1.606847 -0.796930 -21.938019 0.000000 0.000000 0.000000 0.000000 0.000000 0.000000 0.000000 0.000000 0.000000 
-4.985075 87.963203 8.173013 -4.183932 -0.361902 -9.079278 3.363251 -0.530674 6.732032 -2.673792 0.492741 2.475163 1.819915 -3.391290 2.978933 -0.878685 -0.509226 5.544209 6.519181 -4.511950 5.688577 0.703664 -1.168268 -2.023077 -0.136536 -1.212620 -18.539728 0.000000 0.000000 0.000000 86.119247 0.043973 6.402556 58.473351 -16.845335 -3.947849 -1.151936 17.681505 86.548714 -6.454151 -0.044741 -3.343868 9.558902 -1.807195 40.260075 -0.000010 0.000024 -23.894062 -0.000003 0.000035 -16.367077 0.000017 0.000000 -0.000023 9.336766 0.103057 -1.293232 6.678506 -0.341852 0.737314 6.639376 -0.298703 0.690326 -0.000007 0.000028 -0.000009 8.890708 0.035472 -4.628054 5.990951 -0.141188 0.284852 6.132015 -0.099262 0.240251 -0.000011 0.000020 0.000003 8.758957 -0.052202 -9.768901 5.971598 0.256823 -0.442267 6.156882 0.158862 -0.313912 0.000021 -0.000110 -0.000006 8.956110 -0.102054 -15.601555 5.927627 0.732131 -1.126610 6.014324 0.541508 -0.969120 0.000253 0.000001 0.000006 0.000000 0.000000 0.000000 0.000000 0.000000 0.000000 -82.631721 -0.312810 4.555097 -69.087044 15.048177 -10.068275 0.415415 -13.178193 105.541809 -3.442758 -12.483833 6.751637 -11.224632 1.772353 39.514702 0.000001 0.000016 -28.197350 -0.000119 -0.000014 -19.690020 -0.001497 -0.000016 -0.002827 -17.634136 0.115463 -5.495990 -10.659715 -0.254295 -0.550659 -10.973657 -0.210248 -0.503912 0.000016 -0.000892 0.000005 -17.145638 0.029894 -7.229447 -10.738155 -0.099381 -0.212242 -10.495205 -0.063781 -0.142345 0.000012 -0.000012 0.000203 -19.443634 -0.025577 -10.922041 -12.185247 0.186081 0.220273 -11.680140 0.093879 0.174774 -0.001394 0.000012 0.000008 -19.735563 -0.106727 -15.196486 -13.038269 0.449665 0.785332 -13.084147 0.314270 0.662486 -0.000432 0.000003 -0.000045 0.000000 0.000000 0.000000 0.000000 0.000000 0.000000 1.806225 -14.657365 10.049265 -0.094136 -0.475434 7.972363 -2.548758 -10.961105 20.035713 -0.097456 1.221627 -19.220383 0.000000 0.000000 0.000000 0.000000 0.000000 0.000000 0.000000 0.000000 0.000000 13.964120 -4.818554 3.175519 0.387384 1.116366 17.822105 -5.756388 4.723662 17.081629 1.585299 -0.797330 -21.958990 0.000000 0.000000 0.000000 0.000000 0.000000 0.000000 0.000000 0.000000 0.000000 
-5.002134 87.947556 8.238517 -4.167430 -0.214488 -9.113796 3.403798 -0.535364 6.741124 -2.635655 0.487456 2.434598 1.799505 -3.306659 2.995668 -0.931161 -0.487136 5.522788 6.423510 -4.496238 5.682489 0.684472 -1.196386 -2.016714 -0.148698 -1.224724 -18.487341 0.000000 0.000000 0.000000 86.143021 0.055495 6.471764 58.249619 -17.445599 -3.701177 -1.139459 17.427919 86.474777 -6.323162 -0.369612 -3.474120 9.532681 -1.805835 40.268047 -0.000010 0.000024 -23.836878 -0.000003 0.000036 -16.328825 0.000017 0.000000 -0.000023 9.220166 0.103633 -1.273993 6.630178 -0.336597 0.714555 6.587553 -0.293495 0.668016 -0.000007 0.000028 -0.000008 8.772870 0.035493 -4.655012 5.937002 -0.138941 0.277294 6.078087 -0.097887 0.233272 -0.000010 0.000019 0.000003 8.599037 -0.051825 -9.850044 5.876284 0.254255 -0.433755 6.065493 0.157414 -0.308119 0.000021 -0.000157 -0.000005 8.750993 -0.102449 -15.739007 5.805717 0.727870 -1.114199 5.904070 0.538386 -0.957846 0.000272 0.000001 0.000006 0.000000 0.000000 0.000000 0.000000 0.000000 0.000000 -82.707565 -0.310268 4.556036 -68.889580 15.322569 -9.994346 0.399597 -13.127419 104.923714 -3.253162 -11.777489 5.804615 -10.988962 1.751158 39.625099 0.000002 0.000016 -27.614794 -0.000116 -0.000014 -19.284033 -0.001471 -0.000017 -0.002926 -16.404800 0.117274 -5.118884 -9.953910 -0.253572 -0.554292 -10.269611 -0.209407 -0.507214 0.000015 -0.000899 0.000005 -15.989086 0.029879 -7.036072 -10.039629 -0.098801 -0.214269 -9.797795 -0.063281 -0.143963 0.000008 -0.000012 0.000203 -18.298477 -0.025558 -10.960690 -11.442809 0.185574 0.225041 -10.934571 0.093728 0.178235 -0.001387 0.000012 0.000009 -18.639742 -0.106620 -15.458819 -12.341989 0.449627 0.796227 -12.389270 0.313717 0.670926 -0.000417 0.000003 -0.000045 0.000000 0.000000 0.000000 0.000000 0.000000 0.000000 1.771083 -14.789739 10.146126 -0.095186 -0.479365 7.957065 -2.519230 -11.098386 19.974609 -0.112188 1.225734 -19.177774 0.000000 0.000000 0.000000 0.000000 0.000000 0.000000 0.000000 0.000000 0.000000 13.945862 -4.965454 3.144469 0.387376 1.115827 17.960548 -5.747430 4.619161 17.074877 1.564074 -0.796278 -21.981268 0.000000 0.000000 0.000000 0.000000 0.000000 0.000000 0.000000 0.000000 0.000000 
-5.011175 87.935593 8.305890 -4.144257 -0.060237 -9.144279 3.439414 -0.538795 6.745473 -2.598378 0.482550 2.396741 1.777504 -3.218108 3.015998 -0.984239 -0.464576 5.502383 6.327246 -4.484246 5.672591 0.665832 -1.227637 -2.011595 -0.157928 -1.234731 -18.432762 0.000000 0.000000 0.000000 86.164513 0.063591 6.534997 58.024494 -17.996145 -3.471276 -1.123943 17.216528 86.332207 -6.177805 -0.638028 -3.621412 9.511957 -1.804351 40.274410 -0.000010 0.000024 -23.791639 -0.000002 0.000036 -16.299688 0.000017 0.000001 -0.000023 9.124726 0.104334 -1.271274 6.600784 -0.330310 0.689525 6.555658 -0.287249 0.643594 -0.000007 0.000028 -0.000008 8.676568 0.035589 -4.689770 5.901555 -0.136251 0.268697 6.042673 -0.096152 0.225517 -0.000010 0.000018 0.000003 8.462775 -0.051425 -9.925792 5.802247 0.251020 -0.423818 5.995298 0.155430 -0.301210 0.000020 -0.000221 -0.000005 8.569551 -0.103199 -15.860004 5.703861 0.721837 -1.097713 5.813008 0.533768 -0.943198 0.000290 0.000001 0.000006 0.000000 0.000000 0.000000 0.000000 0.000000 0.000000 -82.774544 -0.303998 4.546502 -68.679451 15.589742 -9.935713 0.380609 -13.093341 104.301476 -3.096401 -11.076241 4.861674 -10.745081 1.728172 39.740341 0.000002 0.000015 -27.007845 -0.000112 -0.000014 -18.861839 -0.001442 -0.000017 -0.003021 -15.125624 0.119047 -4.738279 -9.228561 -0.252631 -0.559260 -9.546069 -0.208277 -0.511749 0.000015 -0.000898 0.000005 -14.786193 0.029893 -6.842017 -9.320630 -0.098145 -0.216654 -9.079772 -0.062710 -0.145941 -0.000007 -0.000012 0.000204 -17.112270 -0.025657 -11.001013 -10.680652 0.184868 0.230401 -10.169876 0.093452 0.182111 -0.001377 0.000012 0.000009 -17.507904 -0.106897 -15.723804 -11.629014 0.449013 0.808801 -11.678416 0.312634 0.680508 -0.000399 0.000003 -0.000045 0.000000 0.000000 0.000000 0.000000 0.000000 0.000000 1.732421 -14.910483 10.243709 -0.096182 -0.484353 7.940021 -2.481674 -11.232462 19.907566 -0.127299 1.230055 -19.138723 0.000000 0.000000 0.000000 0.000000 0.000000 0.000000 0.000000 0.000000 0.000000 13.915850 -5.104114 3.116730 0.387136 1.114941 18.080580 -5.738472 4.514504 17.080271 1.543357 -0.794113 -22.005138 0.000000 0.000000 0.000000 0.000000 0.000000 0.000000 0.000000 0.000000 0.000000 
-5.013122 87.926956 8.374103 -4.115401 0.099234 -9.170280 3.471075 -0.541307 6.746324 -2.561635 0.478186 2.361269 1.753651 -3.125985 3.040358 -1.038642 -0.441286 5.483991 6.230580 -4.476151 5.656349 0.647021 -1.263618 -2.008225 -0.164308 -1.242348 -18.375257 0.000000 0.000000 0.000000 86.183456 0.067903 6.592655 57.808929 -18.499899 -3.265255 -1.105514 17.041893 86.121414 -6.013659 -0.847767 -3.788501 9.499833 -1.803070 40.277775 -0.000010 0.000024 -23.765772 -0.000002 0.000036 -16.284563 0.000017 0.000001 -0.000023 9.066154 0.105207 -1.288457 6.598819 -0.323439 0.663102 6.551944 -0.280386 0.617870 -0.000007 0.000027 -0.000008 8.616179 0.035755 -4.733937 5.892992 -0.133284 0.259403 6.034080 -0.094195 0.217262 -0.000009 0.000019 0.000003 8.364041 -0.051028 -9.996177 5.757998 0.247408 -0.412979 5.954561 0.153104 -0.293560 0.000020 -0.000300 -0.000004 8.424067 -0.104296 -15.961878 5.630202 0.714819 -1.078591 5.748869 0.528275 -0.926298 0.000309 0.000001 0.000006 0.000000 0.000000 0.000000 0.000000 0.000000 0.000000 -82.832603 -0.294537 4.527347 -68.468513 15.843429 -9.890515 0.358212 -13.075204 103.681038 -2.978561 -10.399199 3.934884 -10.506942 1.704732 39.853809 0.000002 0.000015 -26.411024 -0.000110 -0.000014 -18.447500 -0.001412 -0.000017 -0.003110 -13.869174 0.120731 -4.372176 -8.527665 -0.251446 -0.564186 -8.846904 -0.206863 -0.516249 0.000014 -0.000888 0.000005 -13.603047 0.029941 -6.656647 -8.624568 -0.097413 -0.218909 -8.384617 -0.062064 -0.147844 -0.000032 -0.000012 0.000204 -15.945590 -0.025862 -11.040630 -9.941733 0.183973 0.235604 -9.429511 0.093060 0.185876 -0.001366 0.000012 0.000009 -16.393372 -0.107622 -15.977878 -10.937011 0.447882 0.821117 -10.989272 0.311077 0.689713 -0.000382 0.000003 -0.000045 0.000000 0.000000 0.000000 0.000000 0.000000 0.000000 1.691147 -15.019464 10.340821 -0.097058 -0.490159 7.920802 -2.437588 -11.363054 19.837149 -0.142637 1.234635 -19.103598 0.000000 0.000000 0.000000 0.000000 0.000000 0.000000 0.000000 0.000000 0.000000 13.876572 -5.234384 3.090633 0.386702 1.113761 18.183336 -5.729900 4.411105 17.097584 1.523290 -0.791141 -22.030577 0.000000 0.000000 0.000000 0.000000 0.000000 0.000000 0.000000 0.000000 0.000000 
-5.008811 87.921112 8.442344 -4.082307 0.262830 -9.192009 3.500053 -0.543319 6.744743 -2.525439 0.474524 2.328124 1.728655 -3.031667 3.068381 -1.094586 -0.417281 5.468030 6.133048 -4.471710 5.632349 0.627527 -1.305304 -2.006933 -0.168019 -1.247488 -18.314671 0.000000 0.000000 0.000000 86.200119 0.068135 6.645579 57.612137 -18.960440 -3.087217 -1.084198 16.896935 85.844513 -5.828835 -1.000731 -3.975033 9.498436 -1.802302 40.277119 -0.000010 0.000024 -23.764347 -0.000002 0.000036 -16.286716 0.000018 0.000001 -0.000023 9.054314 0.106278 -1.327840 6.629005 -0.316416 0.636155 6.581017 -0.273322 0.591648 -0.000007 0.000027 -0.000007 8.600881 0.035978 -4.788861 5.916230 -0.130208 0.249736 6.057123 -0.092151 0.208777 -0.000009 0.000020 0.000003 8.312572 -0.050659 -10.061836 5.749042 0.243687 -0.401691 5.948507 0.150620 -0.285493 0.000020 -0.000394 -0.000003 8.323851 -0.105727 -16.043808 5.590379 0.707522 -1.058004 5.716961 0.522453 -0.908070 0.000330 0.000001 0.000006 0.000000 0.000000 0.000000 0.000000 0.000000 0.000000 -82.882507 -0.282518 4.500106 -68.263374 16.081533 -9.853243 0.332121 -13.070791 103.063965 -2.904723 -9.760629 3.033259 -10.288609 1.682333 39.958870 0.000003 0.000015 -25.859495 -0.000107 -0.000014 -18.065344 -0.001380 -0.000017 -0.003193 -12.710232 0.122297 -4.041591 -7.896107 -0.249988 -0.567529 -8.216916 -0.205160 -0.519287 0.000014 -0.000868 0.000005 -12.507331 0.030026 -6.491984 -7.995619 -0.096596 -0.220482 -7.756572 -0.061338 -0.149187 -0.000063 -0.000012 0.000204 -14.859952 -0.026163 -11.079185 -9.269697 0.182895 0.239809 -8.757561 0.092549 0.188927 -0.001356 0.000012 0.000009 -15.350612 -0.108873 -16.209181 -10.304074 0.446268 0.830873 -10.359820 0.309079 0.696763 -0.000365 0.000003 -0.000045 0.000000 0.000000 0.000000 0.000000 0.000000 0.000000 1.648336 -15.117668 10.437252 -0.097764 -0.496582 7.898712 -2.388394 -11.490858 19.765539 -0.158110 1.239514 -19.072147 0.000000 0.000000 0.000000 0.000000 0.000000 0.000000 0.000000 0.000000 0.000000 13.830965 -5.356978 3.064591 0.386145 1.112415 18.270483 -5.721650 4.309077 17.126116 1.503975 -0.787612 -22.057402 0.000000 0.000000 0.000000 0.000000 0.000000 0.000000 0.000000 0.000000 0.000000 
-4.998896 87.917389 8.509991 -4.046716 0.429746 -9.210141 3.527797 -0.545293 6.741615 -2.489953 0.471621 2.297576 1.703892 -2.937340 3.099045 -1.151648 -0.392826 5.454283 6.033497 -4.470140 5.600256 0.607052 -1.352865 -2.007915 -0.169335 -1.250217 -18.251699 0.000000 0.000000 0.000000 86.215073 0.064252 6.694703 57.441101 -19.380653 -2.938146 -1.060092 16.774645 85.505020 -5.624855 -1.100433 -4.177660 9.509025 -1.802310 40.271748 -0.000010 0.000024 -23.790459 -0.000002 0.000036 -16.308035 0.000018 0.000001 -0.000023 9.094512 0.107552 -1.390360 6.693526 -0.309624 0.609405 6.645006 -0.266427 0.565609 -0.000007 0.000027 -0.000007 8.635723 0.036244 -4.855204 5.973797 -0.127171 0.239962 6.114266 -0.090133 0.200282 -0.000008 0.000021 0.000003 8.314789 -0.050347 -10.123443 5.778850 0.240085 -0.390285 5.980337 0.148135 -0.277251 0.000020 -0.000500 -0.000003 8.275513 -0.107489 -16.106079 5.588291 0.700514 -1.036746 5.721032 0.516737 -0.889168 0.000353 0.000001 0.000006 0.000000 0.000000 0.000000 0.000000 0.000000 0.000000 -82.925041 -0.268642 4.466668 -68.067398 16.305008 -9.816109 0.302236 -13.077578 102.447136 -2.877176 -9.170289 2.162134 -10.100904 1.662256 40.050354 0.000003 0.000015 -25.380703 -0.000105 -0.000014 -17.734222 -0.001347 -0.000017 -0.003269 -11.707201 0.123751 -3.764088 -7.366968 -0.248284 -0.568220 -7.689164 -0.203214 -0.519864 0.000013 -0.000840 0.000005 -11.552226 0.030152 -6.358575 -7.466389 -0.095707 -0.220984 -7.228285 -0.060541 -0.149629 -0.000098 -0.000012 0.000205 -13.904243 -0.026554 -11.117406 -8.697462 0.181665 0.242409 -8.187135 0.091936 0.190818 -0.001346 0.000012 0.000009 -14.423814 -0.110719 -16.409725 -9.759504 0.444261 0.836327 -9.819134 0.306719 0.700312 -0.000351 0.000003 -0.000045 0.000000 0.000000 0.000000 0.000000 0.000000 0.000000 1.605069 -15.206960 10.533508 -0.098274 -0.503447 7.872935 -2.335371 -11.617205 19.694437 -0.173672 1.244700 -19.043716 0.000000 0.000000 0.000000 0.000000 0.000000 0.000000 0.000000 0.000000 0.000000 13.781971 -5.473282 3.036874 0.385568 1.111097 18.344673 -5.713384 4.207630 17.164698 1.485452 -0.783736 -22.085407 0.000000 0.000000 0.000000 0.000000 0.000000 0.000000 0.000000 0.000000 0.000000 
-4.983810 87.915100 8.576563 -4.010403 0.599224 -9.225464 3.555673 -0.547672 6.737639 -2.455405 0.469400 2.270123 1.681078 -2.845696 3.130979 -1.208820 -0.368342 5.442141 5.930533 -4.470247 5.560387 0.585470 -1.405623 -2.011331 -0.168658 -1.250704 -18.187729 0.000000 0.000000 0.000000 86.228828 0.056585 6.740808 57.300388 -19.762337 -2.816516 -1.033513 16.668861 85.107681 -5.406875 -1.151279 -4.390508 9.531938 -1.803259 40.261368 -0.000010 0.000024 -23.845156 -0.000002 0.000036 -16.348986 0.000018 0.000001 -0.000024 9.188020 0.109009 -1.475248 6.792846 -0.303344 0.583340 6.744343 -0.259980 0.540227 -0.000007 0.000027 -0.000007 8.721972 0.036536 -4.932505 6.066532 -0.124287 0.230263 6.206319 -0.088226 0.191925 -0.000008 0.000022 0.000003 8.373343 -0.050120 -10.181197 5.849240 0.236759 -0.378959 6.051712 0.145763 -0.268978 0.000020 -0.000619 -0.000003 8.281897 -0.109584 -16.149414 5.626244 0.694174 -1.015206 5.763467 0.511418 -0.869955 0.000378 0.000001 0.000006 0.000000 0.000000 0.000000 0.000000 0.000000 0.000000 -82.960670 -0.253665 4.428911 -67.882866 16.516205 -9.771276 0.268782 -13.093197 101.824516 -2.893668 -8.632727 1.324523 -9.949682 1.645332 40.125404 0.000003 0.000015 -24.989929 -0.000103 -0.000014 -17.464544 -0.001313 -0.000018 -0.003336 -10.892417 0.125111 -3.549855 -6.955634 -0.246423 -0.565921 -7.279020 -0.201120 -0.517630 0.000013 -0.000803 0.000005 -10.767877 0.030326 -6.262769 -7.052145 -0.094776 -0.220280 -6.815010 -0.059699 -0.149052 -0.000133 -0.000012 0.000205 -13.107079 -0.027039 -11.156214 -8.241521 0.180338 0.243165 -7.734605 0.091248 0.191364 -0.001336 0.000013 0.000009 -13.639709 -0.113190 -16.576056 -9.318842 0.442008 0.836693 -9.382435 0.304121 0.699749 -0.000340 0.000003 -0.000046 0.000000 0.000000 0.000000 0.000000 0.000000 0.000000 1.562155 -15.289830 10.630230 -0.098591 -0.510607 7.842937 -2.279575 -11.743611 19.625257 -0.189297 1.250151 -19.017570 0.000000 0.000000 0.000000 0.000000 0.000000 0.000000 0.000000 0.000000 0.000000 13.732154 -5.585012 3.005619 0.385092 1.110031 18.409164 -5.704620 4.105458 17.211746 1.467702 -0.779702 -22.114401 0.000000 0.000000 0.000000 0.000000 0.000000 0.000000 0.000000 0.000000 0.000000 
nan nan nan nan nan nan 0.000000 0.000000 0.000000 0.000000 0.000000 0.000000 0.000000 0.000000 0.000000 0.000000 0.000000 0.000000 0.000000 0.000000 0.000000 0.000000 0.000000 0.000000 0.000000 0.000000 0.000000 0.000000 0.000000 0.000000 0.000000 0.000000 0.000000 0.000000 0.000000 0.000000 0.000000 0.000000 0.000000 0.000000 0.000000 0.000000 0.000000 0.000000 0.000000 0.000000 0.000000 0.000000 0.000000 0.000000 0.000000 0.000000 0.000000 0.000000 0.000000 0.000000 0.000000 0.000000 0.000000 0.000000 0.000000 0.000000 0.000000 0.000000 0.000000 0.000000 0.000000 0.000000 0.000000 0.000000 0.000000 0.000000 0.000000 0.000000 0.000000 0.000000 0.000000 0.000000 0.000000 0.000000 0.000000 0.000000 0.000000 0.000000 0.000000 0.000000 0.000000 0.000000 0.000000 0.000000 0.000000 0.000000 0.000000 0.000000 0.000000 0.000000 0.000000 0.000000 0.000000 0.000000 0.000000 0.000000 0.000000 0.000000 0.000000 0.000000 0.000000 0.000000 0.000000 0.000000 0.000000 0.000000 0.000000 0.000000 0.000000 0.000000 0.000000 0.000000 0.000000 0.000000 0.000000 0.000000 0.000000 0.000000 0.000000 0.000000 0.000000 0.000000 0.000000 0.000000 0.000000 0.000000 0.000000 0.000000 0.000000 0.000000 0.000000 0.000000 0.000000 0.000000 0.000000 0.000000 0.000000 0.000000 0.000000 0.000000 0.000000 0.000000 0.000000 0.000000 0.000000 0.000000 0.000000 0.000000 0.000000 0.000000 0.000000 0.000000 0.000000 0.000000 0.000000 0.000000 0.000000 0.000000 0.000000 0.000000 0.000000 0.000000 0.000000 0.000000 0.000000 0.000000 0.000000 0.000000 0.000000 0.000000 0.000000 0.000000 0.000000 0.000000 0.000000 0.000000 0.000000 0.000000 0.000000 0.000000 0.000000 0.000000 0.000000 0.000000 0.000000 0.000000 0.000000 0.000000 0.000000 0.000000 0.000000 0.000000 0.000000 0.000000 0.000000 0.000000 0.000000 0.000000 0.000000 0.000000 0.000000 0.000000 0.000000 0.000000 0.000000 0.000000 0.000000 0.000000 0.000000 0.000000 0.000000 0.000000 0.000000 0.000000 0.000000 0.000000 0.000000 0.000000 0.000000 0.000000 0.000000 0.000000 
nan nan nan nan nan nan 0.000000 0.000000 0.000000 0.000000 0.000000 0.000000 0.000000 0.000000 0.000000 0.000000 0.000000 0.000000 0.000000 0.000000 0.000000 0.000000 0.000000 0.000000 0.000000 0.000000 0.000000 0.000000 0.000000 0.000000 0.000000 0.000000 0.000000 0.000000 0.000000 0.000000 0.000000 0.000000 0.000000 0.000000 0.000000 0.000000 0.000000 0.000000 0.000000 0.000000 0.000000 0.000000 0.000000 0.000000 0.000000 0.000000 0.000000 0.000000 0.000000 0.000000 0.000000 0.000000 0.000000 0.000000 0.000000 0.000000 0.000000 0.000000 0.000000 0.000000 0.000000 0.000000 0.000000 0.000000 0.000000 0.000000 0.000000 0.000000 0.000000 0.000000 0.000000 0.000000 0.000000 0.000000 0.000000 0.000000 0.000000 0.000000 0.000000 0.000000 0.000000 0.000000 0.000000 0.000000 0.000000 0.000000 0.000000 0.000000 0.000000 0.000000 0.000000 0.000000 0.000000 0.000000 0.000000 0.000000 0.000000 0.000000 0.000000 0.000000 0.000000 0.000000 0.000000 0.000000 0.000000 0.000000 0.000000 0.000000 0.000000 0.000000 0.000000 0.000000 0.000000 0.000000 0.000000 0.000000 0.000000 0.000000 0.000000 0.000000 0.000000 0.000000 0.000000 0.000000 0.000000 0.000000 0.000000 0.000000 0.000000 0.000000 0.000000 0.000000 0.000000 0.000000 0.000000 0.000000 0.000000 0.000000 0.000000 0.000000 0.000000 0.000000 0.000000 0.000000 0.000000 0.000000 0.000000 0.000000 0.000000 0.000000 0.000000 0.000000 0.000000 0.000000 0.000000 0.000000 0.000000 0.000000 0.000000 0.000000 0.000000 0.000000 0.000000 0.000000 0.000000 0.000000 0.000000 0.000000 0.000000 0.000000 0.000000 0.000000 0.000000 0.000000 0.000000 0.000000 0.000000 0.000000 0.000000 0.000000 0.000000 0.000000 0.000000 0.000000 0.000000 0.000000 0.000000 0.000000 0.000000 0.000000 0.000000 0.000000 0.000000 0.000000 0.000000 0.000000 0.000000 0.000000 0.000000 0.000000 0.000000 0.000000 0.000000 0.000000 0.000000 0.000000 0.000000 0.000000 0.000000 0.000000 0.000000 0.000000 0.000000 0.000000 0.000000 0.000000 0.000000 0.000000 0.000000 0.000000 0.000000 0.000000 
nan nan nan nan nan nan 0.000000 0.000000 0.000000 0.000000 0.000000 0.000000 0.000000 0.000000 0.000000 0.000000 0.000000 0.000000 0.000000 0.000000 0.000000 0.000000 0.000000 0.000000 0.000000 0.000000 0.000000 0.000000 0.000000 0.000000 0.000000 0.000000 0.000000 0.000000 0.000000 0.000000 0.000000 0.000000 0.000000 0.000000 0.000000 0.000000 0.000000 0.000000 0.000000 0.000000 0.000000 0.000000 0.000000 0.000000 0.000000 0.000000 0.000000 0.000000 0.000000 0.000000 0.000000 0.000000 0.000000 0.000000 0.000000 0.000000 0.000000 0.000000 0.000000 0.000000 0.000000 0.000000 0.000000 0.000000 0.000000 0.000000 0.000000 0.000000 0.000000 0.000000 0.000000 0.000000 0.000000 0.000000 0.000000 0.000000 0.000000 0.000000 0.000000 0.000000 0.000000 0.000000 0.000000 0.000000 0.000000 0.000000 0.000000 0.000000 0.000000 0.000000 0.000000 0.000000 0.000000 0.000000 0.000000 0.000000 0.000000 0.000000 0.000000 0.000000 0.000000 0.000000 0.000000 0.000000 0.000000 0.000000 0.000000 0.000000 0.000000 0.000000 0.000000 0.000000 0.000000 0.000000 0.000000 0.000000 0.000000 0.000000 0.000000 0.000000 0.000000 0.000000 0.000000 0.000000 0.000000 0.000000 0.000000 0.000000 0.000000 0.000000 0.000000 0.000000 0.000000 0.000000 0.000000 0.000000 0.000000 0.000000 0.000000 0.000000 0.000000 0.000000 0.000000 0.000000 0.000000 0.000000 0.000000 0.000000 0.000000 0.000000 0.000000 0.000000 0.000000 0.000000 0.000000 0.000000 0.000000 0.000000 0.000000 0.000000 0.000000 0.000000 0.000000 0.000000 0.000000 0.000000 0.000000 0.000000 0.000000 0.000000 0.000000 0.000000 0.000000 0.000000 0.000000 0.000000 0.000000 0.000000 0.000000 0.000000 0.000000 0.000000 0.000000 0.000000 0.000000 0.000000 0.000000 0.000000 0.000000 0.000000 0.000000 0.000000 0.000000 0.000000 0.000000 0.000000 0.000000 0.000000 0.000000 0.000000 0.000000 0.000000 0.000000 0.000000 0.000000 0.000000 0.000000 0.000000 0.000000 0.000000 0.000000 0.000000 0.000000 0.000000 0.000000 0.000000 0.000000 0.000000 0.000000 0.000000 0.000000 0.000000 
nan nan nan nan nan nan 0.000000 0.000000 0.000000 0.000000 0.000000 0.000000 0.000000 0.000000 0.000000 0.000000 0.000000 0.000000 0.000000 0.000000 0.000000 0.000000 0.000000 0.000000 0.000000 0.000000 0.000000 0.000000 0.000000 0.000000 0.000000 0.000000 0.000000 0.000000 0.000000 0.000000 0.000000 0.000000 0.000000 0.000000 0.000000 0.000000 0.000000 0.000000 0.000000 0.000000 0.000000 0.000000 0.000000 0.000000 0.000000 0.000000 0.000000 0.000000 0.000000 0.000000 0.000000 0.000000 0.000000 0.000000 0.000000 0.000000 0.000000 0.000000 0.000000 0.000000 0.000000 0.000000 0.000000 0.000000 0.000000 0.000000 0.000000 0.000000 0.000000 0.000000 0.000000 0.000000 0.000000 0.000000 0.000000 0.000000 0.000000 0.000000 0.000000 0.000000 0.000000 0.000000 0.000000 0.000000 0.000000 0.000000 0.000000 0.000000 0.000000 0.000000 0.000000 0.000000 0.000000 0.000000 0.000000 0.000000 0.000000 0.000000 0.000000 0.000000 0.000000 0.000000 0.000000 0.000000 0.000000 0.000000 0.000000 0.000000 0.000000 0.000000 0.000000 0.000000 0.000000 0.000000 0.000000 0.000000 0.000000 0.000000 0.000000 0.000000 0.000000 0.000000 0.000000 0.000000 0.000000 0.000000 0.000000 0.000000 0.000000 0.000000 0.000000 0.000000 0.000000 0.000000 0.000000 0.000000 0.000000 0.000000 0.000000 0.000000 0.000000 0.000000 0.000000 0.000000 0.000000 0.000000 0.000000 0.000000 0.000000 0.000000 0.000000 0.000000 0.000000 0.000000 0.000000 0.000000 0.000000 0.000000 0.000000 0.000000 0.000000 0.000000 0.000000 0.000000 0.000000 0.000000 0.000000 0.000000 0.000000 0.000000 0.000000 0.000000 0.000000 0.000000 0.000000 0.000000 0.000000 0.000000 0.000000 0.000000 0.000000 0.000000 0.000000 0.000000 0.000000 0.000000 0.000000 0.000000 0.000000 0.000000 0.000000 0.000000 0.000000 0.000000 0.000000 0.000000 0.000000 0.000000 0.000000 0.000000 0.000000 0.000000 0.000000 0.000000 0.000000 0.000000 0.000000 0.000000 0.000000 0.000000 0.000000 0.000000 0.000000 0.000000 0.000000 0.000000 0.000000 0.000000 0.000000 0.000000 0.000000 0.000000 
nan nan nan nan nan nan 0.000000 0.000000 0.000000 0.000000 0.000000 0.000000 0.000000 0.000000 0.000000 0.000000 0.000000 0.000000 0.000000 0.000000 0.000000 0.000000 0.000000 0.000000 0.000000 0.000000 0.000000 0.000000 0.000000 0.000000 0.000000 0.000000 0.000000 0.000000 0.000000 0.000000 0.000000 0.000000 0.000000 0.000000 0.000000 0.000000 0.000000 0.000000 0.000000 0.000000 0.000000 0.000000 0.000000 0.000000 0.000000 0.000000 0.000000 0.000000 0.000000 0.000000 0.000000 0.000000 0.000000 0.000000 0.000000 0.000000 0.000000 0.000000 0.000000 0.000000 0.000000 0.000000 0.000000 0.000000 0.000000 0.000000 0.000000 0.000000 0.000000 0.000000 0.000000 0.000000 0.000000 0.000000 0.000000 0.000000 0.000000 0.000000 0.000000 0.000000 0.000000 0.000000 0.000000 0.000000 0.000000 0.000000 0.000000 0.000000 0.000000 0.000000 0.000000 0.000000 0.000000 0.000000 0.000000 0.000000 0.000000 0.000000 0.000000 0.000000 0.000000 0.000000 0.000000 0.000000 0.000000 0.000000 0.000000 0.000000 0.000000 0.000000 0.000000 0.000000 0.000000 0.000000 0.000000 0.000000 0.000000 0.000000 0.000000 0.000000 0.000000 0.000000 0.000000 0.000000 0.000000 0.000000 0.000000 0.000000 0.000000 0.000000 0.000000 0.000000 0.000000 0.000000 0.000000 0.000000 0.000000 0.000000 0.000000 0.000000 0.000000 0.000000 0.000000 0.000000 0.000000 0.000000 0.000000 0.000000 0.000000 0.000000 0.000000 0.000000 0.000000 0.000000 0.000000 0.000000 0.000000 0.000000 0.000000 0.000000 0.000000 0.000000 0.000000 0.000000 0.000000 0.000000 0.000000 0.000000 0.000000 0.000000 0.000000 0.000000 0.000000 0.000000 0.000000 0.000000 0.000000 0.000000 0.000000 0.000000 0.000000 0.000000 0.000000 0.000000 0.000000 0.000000 0.000000 0.000000 0.000000 0.000000 0.000000 0.000000 0.000000 0.000000 0.000000 0.000000 0.000000 0.000000 0.000000 0.000000 0.000000 0.000000 0.000000 0.000000 0.000000 0.000000 0.000000 0.000000 0.000000 0.000000 0.000000 0.000000 0.000000 0.000000 0.000000 0.000000 0.000000 0.000000 0.000000 0.000000 0.000000 0.000000 
nan nan nan nan nan nan 0.000000 0.000000 0.000000 0.000000 0.000000 0.000000 0.000000 0.000000 0.000000 0.000000 0.000000 0.000000 0.000000 0.000000 0.000000 0.000000 0.000000 0.000000 0.000000 0.000000 0.000000 0.000000 0.000000 0.000000 0.000000 0.000000 0.000000 0.000000 0.000000 0.000000 0.000000 0.000000 0.000000 0.000000 0.000000 0.000000 0.000000 0.000000 0.000000 0.000000 0.000000 0.000000 0.000000 0.000000 0.000000 0.000000 0.000000 0.000000 0.000000 0.000000 0.000000 0.000000 0.000000 0.000000 0.000000 0.000000 0.000000 0.000000 0.000000 0.000000 0.000000 0.000000 0.000000 0.000000 0.000000 0.000000 0.000000 0.000000 0.000000 0.000000 0.000000 0.000000 0.000000 0.000000 0.000000 0.000000 0.000000 0.000000 0.000000 0.000000 0.000000 0.000000 0.000000 0.000000 0.000000 0.000000 0.000000 0.000000 0.000000 0.000000 0.000000 0.000000 0.000000 0.000000 0.000000 0.000000 0.000000 0.000000 0.000000 0.000000 0.000000 0.000000 0.000000 0.000000 0.000000 0.000000 0.000000 0.000000 0.000000 0.000000 0.000000 0.000000 0.000000 0.000000 0.000000 0.000000 0.000000 0.000000 0.000000 0.000000 0.000000 0.000000 0.000000 0.000000 0.000000 0.000000 0.000000 0.000000 0.000000 0.000000 0.000000 0.000000 0.000000 0.000000 0.000000 0.000000 0.000000 0.000000 0.000000 0.000000 0.000000 0.000000 0.000000 0.000000 0.000000 0.000000 0.000000 0.000000 0.000000 0.000000 0.000000 0.000000 0.000000 0.000000 0.000000 0.000000 0.000000 0.000000 0.000000 0.000000 0.000000 0.000000 0.000000 0.000000 0.000000 0.000000 0.000000 0.000000 0.000000 0.000000 0.000000 0.000000 0.000000 0.000000 0.000000 0.000000 0.000000 0.000000 0.000000 0.000000 0.000000 0.000000 0.000000 0.000000 0.000000 0.000000 0.000000 0.000000 0.000000 0.000000 0.000000 0.000000 0.000000 0.000000 0.000000 0.000000 0.000000 0.000000 0.000000 0.000000 0.000000 0.000000 0.000000 0.000000 0.000000 0.000000 0.000000 0.000000 0.000000 0.000000 0.000000 0.000000 0.000000 0.000000 0.000000 0.000000 0.000000 0.000000 0.000000 0.000000 0.000000 0.000000 
nan nan nan nan nan nan 0.000000 0.000000 0.000000 0.000000 0.000000 0.000000 0.000000 0.000000 0.000000 0.000000 0.000000 0.000000 0.000000 0.000000 0.000000 0.000000 0.000000 0.000000 0.000000 0.000000 0.000000 0.000000 0.000000 0.000000 0.000000 0.000000 0.000000 0.000000 0.000000 0.000000 0.000000 0.000000 0.000000 0.000000 0.000000 0.000000 0.000000 0.000000 0.000000 0.000000 0.000000 0.000000 0.000000 0.000000 0.000000 0.000000 0.000000 0.000000 0.000000 0.000000 0.000000 0.000000 0.000000 0.000000 0.000000 0.000000 0.000000 0.000000 0.000000 0.000000 0.000000 0.000000 0.000000 0.000000 0.000000 0.000000 0.000000 0.000000 0.000000 0.000000 0.000000 0.000000 0.000000 0.000000 0.000000 0.000000 0.000000 0.000000 0.000000 0.000000 0.000000 0.000000 0.000000 0.000000 0.000000 0.000000 0.000000 0.000000 0.000000 0.000000 0.000000 0.000000 0.000000 0.000000 0.000000 0.000000 0.000000 0.000000 0.000000 0.000000 0.000000 0.000000 0.000000 0.000000 0.000000 0.000000 0.000000 0.000000 0.000000 0.000000 0.000000 0.000000 0.000000 0.000000 0.000000 0.000000 0.000000 0.000000 0.000000 0.000000 0.000000 0.000000 0.000000 0.000000 0.000000 0.000000 0.000000 0.000000 0.000000 0.000000 0.000000 0.000000 0.000000 0.000000 0.000000 0.000000 0.000000 0.000000 0.000000 0.000000 0.000000 0.000000 0.000000 0.000000 0.000000 0.000000 0.000000 0.000000 0.000000 0.000000 0.000000 0.000000 0.000000 0.000000 0.000000 0.000000 0.000000 0.000000 0.000000 0.000000 0.000000 0.000000 0.000000 0.000000 0.000000 0.000000 0.000000 0.000000 0.000000 0.000000 0.000000 0.000000 0.000000 0.000000 0.000000 0.000000 0.000000 0.000000 0.000000 0.000000 0.000000 0.000000 0.000000 0.000000 0.000000 0.000000 0.000000 0.000000 0.000000 0.000000 0.000000 0.000000 0.000000 0.000000 0.000000 0.000000 0.000000 0.000000 0.000000 0.000000 0.000000 0.000000 0.000000 0.000000 0.000000 0.000000 0.000000 0.000000 0.000000 0.000000 0.000000 0.000000 0.000000 0.000000 0.000000 0.000000 0.000000 0.000000 0.000000 0.000000 0.000000 0.000000 
nan nan nan nan nan nan 0.000000 0.000000 0.000000 0.000000 0.000000 0.000000 0.000000 0.000000 0.000000 0.000000 0.000000 0.000000 0.000000 0.000000 0.000000 0.000000 0.000000 0.000000 0.000000 0.000000 0.000000 0.000000 0.000000 0.000000 0.000000 0.000000 0.000000 0.000000 0.000000 0.000000 0.000000 0.000000 0.000000 0.000000 0.000000 0.000000 0.000000 0.000000 0.000000 0.000000 0.000000 0.000000 0.000000 0.000000 0.000000 0.000000 0.000000 0.000000 0.000000 0.000000 0.000000 0.000000 0.000000 0.000000 0.000000 0.000000 0.000000 0.000000 0.000000 0.000000 0.000000 0.000000 0.000000 0.000000 0.000000 0.000000 0.000000 0.000000 0.000000 0.000000 0.000000 0.000000 0.000000 0.000000 0.000000 0.000000 0.000000 0.000000 0.000000 0.000000 0.000000 0.000000 0.000000 0.000000 0.000000 0.000000 0.000000 0.000000 0.000000 0.000000 0.000000 0.000000 0.000000 0.000000 0.000000 0.000000 0.000000 0.000000 0.000000 0.000000 0.000000 0.000000 0.000000 0.000000 0.000000 0.000000 0.000000 0.000000 0.000000 0.000000 0.000000 0.000000 0.000000 0.000000 0.000000 0.000000 0.000000 0.000000 0.000000 0.000000 0.000000 0.000000 0.000000 0.000000 0.000000 0.000000 0.000000 0.000000 0.000000 0.000000 0.000000 0.000000 0.000000 0.000000 0.000000 0.000000 0.000000 0.000000 0.000000 0.000000 0.000000 0.000000 0.000000 0.000000 0.000000 0.000000 0.000000 0.000000 0.000000 0.000000 0.000000 0.000000 0.000000 0.000000 0.000000 0.000000 0.000000 0.000000 0.000000 0.000000 0.000000 0.000000 0.000000 0.000000 0.000000 0.000000 0.000000 0.000000 0.000000 0.000000 0.000000 0.000000 0.000000 0.000000 0.000000 0.000000 0.000000 0.000000 0.000000 0.000000 0.000000 0.000000 0.000000 0.000000 0.000000 0.000000 0.000000 0.000000 0.000000 0.000000 0.000000 0.000000 0.000000 0.000000 0.000000 0.000000 0.000000 0.000000 0.000000 0.000000 0.000000 0.000000 0.000000 0.000000 0.000000 0.000000 0.000000 0.000000 0.000000 0.000000 0.000000 0.000000 0.000000 0.000000 0.000000 0.000000 0.000000 0.000000 0.000000 0.000000 0.000000 0.000000 
nan nan nan nan nan nan 0.000000 0.000000 0.000000 0.000000 0.000000 0.000000 0.000000 0.000000 0.000000 0.000000 0.000000 0.000000 0.000000 0.000000 0.000000 0.000000 0.000000 0.000000 0.000000 0.000000 0.000000 0.000000 0.000000 0.000000 0.000000 0.000000 0.000000 0.000000 0.000000 0.000000 0.000000 0.000000 0.000000 0.000000 0.000000 0.000000 0.000000 0.000000 0.000000 0.000000 0.000000 0.000000 0.000000 0.000000 0.000000 0.000000 0.000000 0.000000 0.000000 0.000000 0.000000 0.000000 0.000000 0.000000 0.000000 0.000000 0.000000 0.000000 0.000000 0.000000 0.000000 0.000000 0.000000 0.000000 0.000000 0.000000 0.000000 0.000000 0.000000 0.000000 0.000000 0.000000 0.000000 0.000000 0.000000 0.000000 0.000000 0.000000 0.000000 0.000000 0.000000 0.000000 0.000000 0.000000 0.000000 0.000000 0.000000 0.000000 0.000000 0.000000 0.000000 0.000000 0.000000 0.000000 0.000000 0.000000 0.000000 0.000000 0.000000 0.000000 0.000000 0.000000 0.000000 0.000000 0.000000 0.000000 0.000000 0.000000 0.000000 0.000000 0.000000 0.000000 0.000000 0.000000 0.000000 0.000000 0.000000 0.000000 0.000000 0.000000 0.000000 0.000000 0.000000 0.000000 0.000000 0.000000 0.000000 0.000000 0.000000 0.000000 0.000000 0.000000 0.000000 0.000000 0.000000 0.000000 0.000000 0.000000 0.000000 0.000000 0.000000 0.000000 0.000000 0.000000 0.000000 0.000000 0.000000 0.000000 0.000000 0.000000 0.000000 0.000000 0.000000 0.000000 0.000000 0.000000 0.000000 0.000000 0.000000 0.000000 0.000000 0.000000 0.000000 0.000000 0.000000 0.000000 0.000000 0.000000 0.000000 0.000000 0.000000 0.000000 0.000000 0.000000 0.000000 0.000000 0.000000 0.000000 0.000000 0.000000 0.000000 0.000000 0.000000 0.000000 0.000000 0.000000 0.000000 0.000000 0.000000 0.000000 0.000000 0.000000 0.000000 0.000000 0.000000 0.000000 0.000000 0.000000 0.000000 0.000000 0.000000 0.000000 0.000000 0.000000 0.000000 0.000000 0.000000 0.000000 0.000000 0.000000 0.000000 0.000000 0.000000 0.000000 0.000000 0.000000 0.000000 0.000000 0.000000 0.000000 0.000000 0.000000 
nan nan nan nan nan nan 0.000000 0.000000 0.000000 0.000000 0.000000 0.000000 0.000000 0.000000 0.000000 0.000000 0.000000 0.000000 0.000000 0.000000 0.000000 0.000000 0.000000 0.000000 0.000000 0.000000 0.000000 0.000000 0.000000 0.000000 0.000000 0.000000 0.000000 0.000000 0.000000 0.000000 0.000000 0.000000 0.000000 0.000000 0.000000 0.000000 0.000000 0.000000 0.000000 0.000000 0.000000 0.000000 0.000000 0.000000 0.000000 0.000000 0.000000 0.000000 0.000000 0.000000 0.000000 0.000000 0.000000 0.000000 0.000000 0.000000 0.000000 0.000000 0.000000 0.000000 0.000000 0.000000 0.000000 0.000000 0.000000 0.000000 0.000000 0.000000 0.000000 0.000000 0.000000 0.000000 0.000000 0.000000 0.000000 0.000000 0.000000 0.000000 0.000000 0.000000 0.000000 0.000000 0.000000 0.000000 0.000000 0.000000 0.000000 0.000000 0.000000 0.000000 0.000000 0.000000 0.000000 0.000000 0.000000 0.000000 0.000000 0.000000 0.000000 0.000000 0.000000 0.000000 0.000000 0.000000 0.000000 0.000000 0.000000 0.000000 0.000000 0.000000 0.000000 0.000000 0.000000 0.000000 0.000000 0.000000 0.000000 0.000000 0.000000 0.000000 0.000000 0.000000 0.000000 0.000000 0.000000 0.000000 0.000000 0.000000 0.000000 0.000000 0.000000 0.000000 0.000000 0.000000 0.000000 0.000000 0.000000 0.000000 0.000000 0.000000 0.000000 0.000000 0.000000 0.000000 0.000000 0.000000 0.000000 0.000000 0.000000 0.000000 0.000000 0.000000 0.000000 0.000000 0.000000 0.000000 0.000000 0.000000 0.000000 0.000000 0.000000 0.000000 0.000000 0.000000 0.000000 0.000000 0.000000 0.000000 0.000000 0.000000 0.000000 0.000000 0.000000 0.000000 0.000000 0.000000 0.000000 0.000000 0.000000 0.000000 0.000000 0.000000 0.000000 0.000000 0.000000 0.000000 0.000000 0.000000 0.000000 0.000000 0.000000 0.000000 0.000000 0.000000 0.000000 0.000000 0.000000 0.000000 0.000000 0.000000 0.000000 0.000000 0.000000 0.000000 0.000000 0.000000 0.000000 0.000000 0.000000 0.000000 0.000000 0.000000 0.000000 0.000000 0.000000 0.000000 0.000000 0.000000 0.000000 0.000000 0.000000 0.000000 
nan nan nan nan nan nan 0.000000 0.000000 0.000000 0.000000 0.000000 0.000000 0.000000 0.000000 0.000000 0.000000 0.000000 0.000000 0.000000 0.000000 0.000000 0.000000 0.000000 0.000000 0.000000 0.000000 0.000000 0.000000 0.000000 0.000000 0.000000 0.000000 0.000000 0.000000 0.000000 0.000000 0.000000 0.000000 0.000000 0.000000 0.000000 0.000000 0.000000 0.000000 0.000000 0.000000 0.000000 0.000000 0.000000 0.000000 0.000000 0.000000 0.000000 0.000000 0.000000 0.000000 0.000000 0.000000 0.000000 0.000000 0.000000 0.000000 0.000000 0.000000 0.000000 0.000000 0.000000 0.000000 0.000000 0.000000 0.000000 0.000000 0.000000 0.000000 0.000000 0.000000 0.000000 0.000000 0.000000 0.000000 0.000000 0.000000 0.000000 0.000000 0.000000 0.000000 0.000000 0.000000 0.000000 0.000000 0.000000 0.000000 0.000000 0.000000 0.000000 0.000000 0.000000 0.000000 0.000000 0.000000 0.000000 0.000000 0.000000 0.000000 0.000000 0.000000 0.000000 0.000000 0.000000 0.000000 0.000000 0.000000 0.000000 0.000000 0.000000 0.000000 0.000000 0.000000 0.000000 0.000000 0.000000 0.000000 0.000000 0.000000 0.000000 0.000000 0.000000 0.000000 0.000000 0.000000 0.000000 0.000000 0.000000 0.000000 0.000000 0.000000 0.000000 0.000000 0.000000 0.000000 0.000000 0.000000 0.000000 0.000000 0.000000 0.000000 0.000000 0.000000 0.000000 0.000000 0.000000 0.000000 0.000000 0.000000 0.000000 0.000000 0.000000 0.000000 0.000000 0.000000 0.000000 0.000000 0.000000 0.000000 0.000000 0.000000 0.000000 0.000000 0.000000 0.000000 0.000000 0.000000 0.000000 0.000000 0.000000 0.000000 0.000000 0.000000 0.000000 0.000000 0.000000 0.000000 0.000000 0.000000 0.000000 0.000000 0.000000 0.000000 0.000000 0.000000 0.000000 0.000000 0.000000 0.000000 0.000000 0.000000 0.000000 0.000000 0.000000 0.000000 0.000000 0.000000 0.000000 0.000000 0.000000 0.000000 0.000000 0.000000 0.000000 0.000000 0.000000 0.000000 0.000000 0.000000 0.000000 0.000000 0.000000 0.000000 0.000000 0.000000 0.000000 0.000000 0.000000 0.000000 0.000000 0.000000 0.000000 0.000000 
nan nan nan nan nan nan 0.000000 0.000000 0.000000 0.000000 0.000000 0.000000 0.000000 0.000000 0.000000 0.000000 0.000000 0.000000 0.000000 0.000000 0.000000 0.000000 0.000000 0.000000 0.000000 0.000000 0.000000 0.000000 0.000000 0.000000 0.000000 0.000000 0.000000 0.000000 0.000000 0.000000 0.000000 0.000000 0.000000 0.000000 0.000000 0.000000 0.000000 0.000000 0.000000 0.000000 0.000000 0.000000 0.000000 0.000000 0.000000 0.000000 0.000000 0.000000 0.000000 0.000000 0.000000 0.000000 0.000000 0.000000 0.000000 0.000000 0.000000 0.000000 0.000000 0.000000 0.000000 0.000000 0.000000 0.000000 0.000000 0.000000 0.000000 0.000000 0.000000 0.000000 0.000000 0.000000 0.000000 0.000000 0.000000 0.000000 0.000000 0.000000 0.000000 0.000000 0.000000 0.000000 0.000000 0.000000 0.000000 0.000000 0.000000 0.000000 0.000000 0.000000 0.000000 0.000000 0.000000 0.000000 0.000000 0.000000 0.000000 0.000000 0.000000 0.000000 0.000000 0.000000 0.000000 0.000000 0.000000 0.000000 0.000000 0.000000 0.000000 0.000000 0.000000 0.000000 0.000000 0.000000 0.000000 0.000000 0.000000 0.000000 0.000000 0.000000 0.000000 0.000000 0.000000 0.000000 0.000000 0.000000 0.000000 0.000000 0.000000 0.000000 0.000000 0.000000 0.000000 0.000000 0.000000 0.000000 0.000000 0.000000 0.000000 0.000000 0.000000 0.000000 0.000000 0.000000 0.000000 0.000000 0.000000 0.000000 0.000000 0.000000 0.000000 0.000000 0.000000 0.000000 0.000000 0.000000 0.000000 0.000000 0.000000 0.000000 0.000000 0.000000 0.000000 0.000000 0.000000 0.000000 0.000000 0.000000 0.000000 0.000000 0.000000 0.000000 0.000000 0.000000 0.000000 0.000000 0.000000 0.000000 0.000000 0.000000 0.000000 0.000000 0.000000 0.000000 0.000000 0.000000 0.000000 0.000000 0.000000 0.000000 0.000000 0.000000 0.000000 0.000000 0.000000 0.000000 0.000000 0.000000 0.000000 0.000000 0.000000 0.000000 0.000000 0.000000 0.000000 0.000000 0.000000 0.000000 0.000000 0.000000 0.000000 0.000000 0.000000 0.000000 0.000000 0.000000 0.000000 0.000000 0.000000 0.000000 0.000000 0.000000 
nan nan nan nan nan nan 0.000000 0.000000 0.000000 0.000000 0.000000 0.000000 0.000000 0.000000 0.000000 0.000000 0.000000 0.000000 0.000000 0.000000 0.000000 0.000000 0.000000 0.000000 0.000000 0.000000 0.000000 0.000000 0.000000 0.000000 0.000000 0.000000 0.000000 0.000000 0.000000 0.000000 0.000000 0.000000 0.000000 0.000000 0.000000 0.000000 0.000000 0.000000 0.000000 0.000000 0.000000 0.000000 0.000000 0.000000 0.000000 0.000000 0.000000 0.000000 0.000000 0.000000 0.000000 0.000000 0.000000 0.000000 0.000000 0.000000 0.000000 0.000000 0.000000 0.000000 0.000000 0.000000 0.000000 0.000000 0.000000 0.000000 0.000000 0.000000 0.000000 0.000000 0.000000 0.000000 0.000000 0.000000 0.000000 0.000000 0.000000 0.000000 0.000000 0.000000 0.000000 0.000000 0.000000 0.000000 0.000000 0.000000 0.000000 0.000000 0.000000 0.000000 0.000000 0.000000 0.000000 0.000000 0.000000 0.000000 0.000000 0.000000 0.000000 0.000000 0.000000 0.000000 0.000000 0.000000 0.000000 0.000000 0.000000 0.000000 0.000000 0.000000 0.000000 0.000000 0.000000 0.000000 0.000000 0.000000 0.000000 0.000000 0.000000 0.000000 0.000000 0.000000 0.000000 0.000000 0.000000 0.000000 0.000000 0.000000 0.000000 0.000000 0.000000 0.000000 0.000000 0.000000 0.000000 0.000000 0.000000 0.000000 0.000000 0.000000 0.000000 0.000000 0.000000 0.000000 0.000000 0.000000 0.000000 0.000000 0.000000 0.000000 0.000000 0.000000 0.000000 0.000000 0.000000 0.000000 0.000000 0.000000 0.000000 0.000000 0.000000 0.000000 0.000000 0.000000 0.000000 0.000000 0.000000 0.000000 0.000000 0.000000 0.000000 0.000000 0.000000 0.000000 0.000000 0.000000 0.000000 0.000000 0.000000 0.000000 0.000000 0.000000 0.000000 0.000000 0.000000 0.000000 0.000000 0.000000 0.000000 0.000000 0.000000 0.000000 0.000000 0.000000 0.000000 0.000000 0.000000 0.000000 0.000000 0.000000 0.000000 0.000000 0.000000 0.000000 0.000000 0.000000 0.000000 0.000000 0.000000 0.000000 0.000000 0.000000 0.000000 0.000000 0.000000 0.000000 0.000000 0.000000 0.000000 0.000000 0.000000 0.000000 
nan nan nan nan nan nan 0.000000 0.000000 0.000000 0.000000 0.000000 0.000000 0.000000 0.000000 0.000000 0.000000 0.000000 0.000000 0.000000 0.000000 0.000000 0.000000 0.000000 0.000000 0.000000 0.000000 0.000000 0.000000 0.000000 0.000000 0.000000 0.000000 0.000000 0.000000 0.000000 0.000000 0.000000 0.000000 0.000000 0.000000 0.000000 0.000000 0.000000 0.000000 0.000000 0.000000 0.000000 0.000000 0.000000 0.000000 0.000000 0.000000 0.000000 0.000000 0.000000 0.000000 0.000000 0.000000 0.000000 0.000000 0.000000 0.000000 0.000000 0.000000 0.000000 0.000000 0.000000 0.000000 0.000000 0.000000 0.000000 0.000000 0.000000 0.000000 0.000000 0.000000 0.000000 0.000000 0.000000 0.000000 0.000000 0.000000 0.000000 0.000000 0.000000 0.000000 0.000000 0.000000 0.000000 0.000000 0.000000 0.000000 0.000000 0.000000 0.000000 0.000000 0.000000 0.000000 0.000000 0.000000 0.000000 0.000000 0.000000 0.000000 0.000000 0.000000 0.000000 0.000000 0.000000 0.000000 0.000000 0.000000 0.000000 0.000000 0.000000 0.000000 0.000000 0.000000 0.000000 0.000000 0.000000 0.000000 0.000000 0.000000 0.000000 0.000000 0.000000 0.000000 0.000000 0.000000 0.000000 0.000000 0.000000 0.000000 0.000000 0.000000 0.000000 0.000000 0.000000 0.000000 0.000000 0.000000 0.000000 0.000000 0.000000 0.000000 0.000000 0.000000 0.000000 0.000000 0.000000 0.000000 0.000000 0.000000 0.000000 0.000000 0.000000 0.000000 0.000000 0.000000 0.000000 0.000000 0.000000 0.000000 0.000000 0.000000 0.000000 0.000000 0.000000 0.000000 0.000000 0.000000 0.000000 0.000000 0.000000 0.000000 0.000000 0.000000 0.000000 0.000000 0.000000 0.000000 0.000000 0.000000 0.000000 0.000000 0.000000 0.000000 0.000000 0.000000 0.000000 0.000000 0.000000 0.000000 0.000000 0.000000 0.000000 0.000000 0.000000 0.000000 0.000000 0.000000 0.000000 0.000000 0.000000 0.000000 0.000000 0.000000 0.000000 0.000000 0.000000 0.000000 0.000000 0.000000 0.000000 0.000000 0.000000 0.000000 0.000000 0.000000 0.000000 0.000000 0.000000 0.000000 0.000000 0.000000 0.000000 0.000000 
nan nan nan nan nan nan 0.000000 0.000000 0.000000 0.000000 0.000000 0.000000 0.000000 0.000000 0.000000 0.000000 0.000000 0.000000 0.000000 0.000000 0.000000 0.000000 0.000000 0.000000 0.000000 0.000000 0.000000 0.000000 0.000000 0.000000 0.000000 0.000000 0.000000 0.000000 0.000000 0.000000 0.000000 0.000000 0.000000 0.000000 0.000000 0.000000 0.000000 0.000000 0.000000 0.000000 0.000000 0.000000 0.000000 0.000000 0.000000 0.000000 0.000000 0.000000 0.000000 0.000000 0.000000 0.000000 0.000000 0.000000 0.000000 0.000000 0.000000 0.000000 0.000000 0.000000 0.000000 0.000000 0.000000 0.000000 0.000000 0.000000 0.000000 0.000000 0.000000 0.000000 0.000000 0.000000 0.000000 0.000000 0.000000 0.000000 0.000000 0.000000 0.000000 0.000000 0.000000 0.000000 0.000000 0.000000 0.000000 0.000000 0.000000 0.000000 0.000000 0.000000 0.000000 0.000000 0.000000 0.000000 0.000000 0.000000 0.000000 0.000000 0.000000 0.000000 0.000000 0.000000 0.000000 0.000000 0.000000 0.000000 0.000000 0.000000 0.000000 0.000000 0.000000 0.000000 0.000000 0.000000 0.000000 0.000000 0.000000 0.000000 0.000000 0.000000 0.000000 0.000000 0.000000 0.000000 0.000000 0.000000 0.000000 0.000000 0.000000 0.000000 0.000000 0.000000 0.000000 0.000000 0.000000 0.000000 0.000000 0.000000 0.000000 0.000000 0.000000 0.000000 0.000000 0.000000 0.000000 0.000000 0.000000 0.000000 0.000000 0.000000 0.000000 0.000000 0.000000 0.000000 0.000000 0.000000 0.000000 0.000000 0.000000 0.000000 0.000000 0.000000 0.000000 0.000000 0.000000 0.000000 0.000000 0.000000 0.000000 0.000000 0.000000 0.000000 0.000000 0.000000 0.000000 0.000000 0.000000 0.000000 0.000000 0.000000 0.000000 0.000000 0.000000 0.000000 0.000000 0.000000 0.000000 0.000000 0.000000 0.000000 0.000000 0.000000 0.000000 0.000000 0.000000 0.000000 0.000000 0.000000 0.000000 0.000000 0.000000 0.000000 0.000000 0.000000 0.000000 0.000000 0.000000 0.000000 0.000000 0.000000 0.000000 0.000000 0.000000 0.000000 0.000000 0.000000 0.000000 0.000000 0.000000 0.000000 0.000000 0.000000 
nan nan nan nan nan nan 0.000000 0.000000 0.000000 0.000000 0.000000 0.000000 0.000000 0.000000 0.000000 0.000000 0.000000 0.000000 0.000000 0.000000 0.000000 0.000000 0.000000 0.000000 0.000000 0.000000 0.000000 0.000000 0.000000 0.000000 0.000000 0.000000 0.000000 0.000000 0.000000 0.000000 0.000000 0.000000 0.000000 0.000000 0.000000 0.000000 0.000000 0.000000 0.000000 0.000000 0.000000 0.000000 0.000000 0.000000 0.000000 0.000000 0.000000 0.000000 0.000000 0.000000 0.000000 0.000000 0.000000 0.000000 0.000000 0.000000 0.000000 0.000000 0.000000 0.000000 0.000000 0.000000 0.000000 0.000000 0.000000 0.000000 0.000000 0.000000 0.000000 0.000000 0.000000 0.000000 0.000000 0.000000 0.000000 0.000000 0.000000 0.000000 0.000000 0.000000 0.000000 0.000000 0.000000 0.000000 0.000000 0.000000 0.000000 0.000000 0.000000 0.000000 0.000000 0.000000 0.000000 0.000000 0.000000 0.000000 0.000000 0.000000 0.000000 0.000000 0.000000 0.000000 0.000000 0.000000 0.000000 0.000000 0.000000 0.000000 0.000000 0.000000 0.000000 0.000000 0.000000 0.000000 0.000000 0.000000 0.000000 0.000000 0.000000 0.000000 0.000000 0.000000 0.000000 0.000000 0.000000 0.000000 0.000000 0.000000 0.000000 0.000000 0.000000 0.000000 0.000000 0.000000 0.000000 0.000000 0.000000 0.000000 0.000000 0.000000 0.000000 0.000000 0.000000 0.000000 0.000000 0.000000 0.000000 0.000000 0.000000 0.000000 0.000000 0.000000 0.000000 0.000000 0.000000 0.000000 0.000000 0.000000 0.000000 0.000000 0.000000 0.000000 0.000000 0.000000 0.000000 0.000000 0.000000 0.000000 0.000000 0.000000 0.000000 0.000000 0.000000 0.000000 0.000000 0.000000 0.000000 0.000000 0.000000 0.000000 0.000000 0.000000 0.000000 0.000000 0.000000 0.000000 0.000000 0.000000 0.000000 0.000000 0.000000 0.000000 0.000000 0.000000 0.000000 0.000000 0.000000 0.000000 0.000000 0.000000 0.000000 0.000000 0.000000 0.000000 0.000000 0.000000 0.000000 0.000000 0.000000 0.000000 0.000000 0.000000 0.000000 0.000000 0.000000 0.000000 0.000000 0.000000 0.000000 0.000000 0.000000 0.000000 
