HIERARCHY
ROOT Hips
{
	OFFSET 0.125245 88.705444 4.790124
	CHANNELS 6 Xposition Yposition Zposition Zrotation Yrotation Xrotation 
	JOINT Spine
	{
		OFFSET -0.000000 8.814246 -2.080107
		CHANNELS 3 Zrotation Yrotation Xrotation
		JOINT Spine1
		{
			OFFSET 0.000000 8.844141 0.000000
			CHANNELS 3 Zrotation Yrotation Xrotation
			JOINT Spine2
			{
				OFFSET 0.000000 11.682268 -0.000000
				CHANNELS 3 Zrotation Yrotation Xrotation
				JOINT Spine3
				{
					OFFSET -0.000000 11.746700 -0.000000
					CHANNELS 3 Zrotation Yrotation Xrotation
					JOINT Neck
					{
						OFFSET 0.000000 17.658264 -0.000000
						CHANNELS 3 Zrotation Yrotation Xrotation
						JOINT Neck1
						{
							OFFSET -0.000000 5.101515 -0.000000
							CHANNELS 3 Zrotation Yrotation Xrotation
							JOINT Head
							{
								OFFSET 0.000000 5.101515 -0.000000
								CHANNELS 3 Zrotation Yrotation Xrotation
								JOINT HeadEnd
								{
									OFFSET 0.000000 11.655085 0.000000
									CHANNELS 3 Zrotation Yrotation Xrotation
									End Site
									{
										OFFSET 0.000000 0.000000 0.000000
									}
								}
							}
						}
					}
					JOINT RightShoulder
					{
						OFFSET -2.625389 11.175210 0.000000
						CHANNELS 3 Zrotation Yrotation Xrotation
						JOINT RightArm
						{
							OFFSET -0.000000 10.434715 -0.000000
							CHANNELS 3 Zrotation Yrotation Xrotation
							JOINT RightForeArm
							{
								OFFSET 0.000000 29.628420 -0.000000
								CHANNELS 3 Zrotation Yrotation Xrotation
								JOINT RightHand
								{
									OFFSET 0.000000 22.857611 -0.000000
									CHANNELS 3 Zrotation Yrotation Xrotation
									JOINT RightHandThumb1
									{
										OFFSET -2.867323 3.959563 2.944291
										CHANNELS 3 Zrotation Yrotation Xrotation
										JOINT RightHandThumb2
										{
											OFFSET 0.000000 3.350399 -0.000000
											CHANNELS 3 Zrotation Yrotation Xrotation
											JOINT RightHandThumb3
											{
												OFFSET -0.000000 3.756509 0.000000
												CHANNELS 3 Zrotation Yrotation Xrotation
												JOINT RightHandThumb4
												{
													OFFSET 0.000000 3.147345 -0.000000
													CHANNELS 3 Zrotation Yrotation Xrotation
													End Site
													{
														OFFSET 0.000000 0.000000 0.000000
													}
												}
											}
										}
									}
									JOINT RightHandIndex1
									{
										OFFSET -0.086752 10.030893 2.345280
										CHANNELS 3 Zrotation Yrotation Xrotation
										JOINT RightHandIndex2
										{
											OFFSET 0.000000 4.061090 -0.000000
											CHANNELS 3 Zrotation Yrotation Xrotation
											JOINT RightHandIndex3
											{
												OFFSET -0.000000 3.248873 -0.000000
												CHANNELS 3 Zrotation Yrotation Xrotation
												JOINT RightHandIndex4
												{
													OFFSET -0.000000 2.639709 -0.000000
													CHANNELS 3 Zrotation Yrotation Xrotation
													End Site
													{
														OFFSET 0.000000 0.000000 0.000000
													}
												}
											}
										}
									}
									JOINT RightHandMiddle1
									{
										OFFSET 0.104102 9.502952 0.006768
										CHANNELS 3 Zrotation Yrotation Xrotation
										JOINT RightHandMiddle2
										{
											OFFSET -0.000000 4.568727 -0.000000
											CHANNELS 3 Zrotation Yrotation Xrotation
											JOINT RightHandMiddle3
											{
												OFFSET 0.000000 3.654981 -0.000000
												CHANNELS 3 Zrotation Yrotation Xrotation
												JOINT RightHandMiddle4
												{
													OFFSET 0.000000 2.741236 -0.000000
													CHANNELS 3 Zrotation Yrotation Xrotation
													End Site
													{
														OFFSET 0.000000 0.000000 0.000000
													}
												}
											}
										}
									}
									JOINT RightHandRing1
									{
										OFFSET 0.086752 8.921708 -2.267442
										CHANNELS 3 Zrotation Yrotation Xrotation
										JOINT RightHandRing2
										{
											OFFSET 0.000000 4.061090 -0.000000
											CHANNELS 3 Zrotation Yrotation Xrotation
											JOINT RightHandRing3
											{
												OFFSET 0.000000 3.654981 -0.000000
												CHANNELS 3 Zrotation Yrotation Xrotation
												JOINT RightHandRing4
												{
													OFFSET -0.000000 2.741236 0.000000
													CHANNELS 3 Zrotation Yrotation Xrotation
													End Site
													{
														OFFSET 0.000000 0.000000 0.000000
													}
												}
											}
										}
									}
									JOINT RightHandPinky1
									{
										OFFSET -0.173504 7.976997 -4.467199
										CHANNELS 3 Zrotation Yrotation Xrotation
										JOINT RightHandPinky2
										{
											OFFSET 0.000000 3.350399 -0.000000
											CHANNELS 3 Zrotation Yrotation Xrotation
											JOINT RightHandPinky3
											{
												OFFSET 0.000000 2.842763 -0.000000
												CHANNELS 3 Zrotation Yrotation Xrotation
												JOINT RightHandPinky4
												{
													OFFSET 0.000000 2.639709 0.000000
													CHANNELS 3 Zrotation Yrotation Xrotation
													End Site
													{
														OFFSET 0.000000 0.000000 0.000000
													}
												}
											}
										}
									}
									JOINT RightForeArmEnd
									{
										OFFSET 0.000000 0.000000 0.000000
										CHANNELS 3 Zrotation Yrotation Xrotation
										End Site
										{
											OFFSET 0.000000 0.000000 0.000000
										}
									}
								}
								JOINT RightArmEnd
								{
									OFFSET 0.000000 0.000000 0.000000
									CHANNELS 3 Zrotation Yrotation Xrotation
									End Site
									{
										OFFSET 0.000000 0.000000 0.000000
									}
								}
							}
						}
					}
					JOINT LeftShoulder
					{
						OFFSET 2.625389 11.175210 -0.000000
						CHANNELS 3 Zrotation Yrotation Xrotation
						JOINT LeftArm
						{
							OFFSET -0.000000 10.813635 -0.000000
							CHANNELS 3 Zrotation Yrotation Xrotation
							JOINT LeftForeArm
							{
								OFFSET -0.000000 28.724781 0.000000
								CHANNELS 3 Zrotation Yrotation Xrotation
								JOINT LeftHand
								{
									OFFSET 0.644384 25.716167 -0.328871
									CHANNELS 3 Zrotation Yrotation Xrotation
									JOINT LeftHandThumb1
									{
										OFFSET 2.867323 3.959563 2.944291
										CHANNELS 3 Zrotation Yrotation Xrotation
										JOINT LeftHandThumb2
										{
											OFFSET 0.000000 3.350399 -0.000000
											CHANNELS 3 Zrotation Yrotation Xrotation
											JOINT LeftHandThumb3
											{
												OFFSET -0.000000 3.756509 -0.000000
												CHANNELS 3 Zrotation Yrotation Xrotation
												JOINT LeftHandThumb4
												{
													OFFSET 0.000000 3.100000 -0.000000
													CHANNELS 3 Zrotation Yrotation Xrotation
													End Site
													{
														OFFSET 0.000000 0.000000 0.000000
													}
												}
											}
										}
									}
									JOINT LeftHandIndex1
									{
										OFFSET 0.086752 10.030893 2.345280
										CHANNELS 3 Zrotation Yrotation Xrotation
										JOINT LeftHandIndex2
										{
											OFFSET -0.000000 4.061090 0.000000
											CHANNELS 3 Zrotation Yrotation Xrotation
											JOINT LeftHandIndex3
											{
												OFFSET 0.000000 3.248873 0.000000
												CHANNELS 3 Zrotation Yrotation Xrotation
												JOINT LeftHandIndex4
												{
													OFFSET -0.000000 2.639709 -0.000000
													CHANNELS 3 Zrotation Yrotation Xrotation
													End Site
													{
														OFFSET 0.000000 0.000000 0.000000
													}
												}
											}
										}
									}
									JOINT LeftHandMiddle1
									{
										OFFSET -0.104102 9.502952 0.006768
										CHANNELS 3 Zrotation Yrotation Xrotation
										JOINT LeftHandMiddle2
										{
											OFFSET -0.000000 4.568727 -0.000000
											CHANNELS 3 Zrotation Yrotation Xrotation
											JOINT LeftHandMiddle3
											{
												OFFSET -0.000000 3.654981 -0.000000
												CHANNELS 3 Zrotation Yrotation Xrotation
												JOINT LeftHandMiddle4
												{
													OFFSET -0.000000 2.741236 -0.000000
													CHANNELS 3 Zrotation Yrotation Xrotation
													End Site
													{
														OFFSET 0.000000 0.000000 0.000000
													}
												}
											}
										}
									}
									JOINT LeftHandRing1
									{
										OFFSET -0.086752 8.921708 -2.267442
										CHANNELS 3 Zrotation Yrotation Xrotation
										JOINT LeftHandRing2
										{
											OFFSET 0.000000 4.061090 -0.000000
											CHANNELS 3 Zrotation Yrotation Xrotation
											JOINT LeftHandRing3
											{
												OFFSET -0.000000 3.654981 -0.000000
												CHANNELS 3 Zrotation Yrotation Xrotation
												JOINT LeftHandRing4
												{
													OFFSET 0.000000 2.741236 0.000000
													CHANNELS 3 Zrotation Yrotation Xrotation
													End Site
													{
														OFFSET 0.000000 0.000000 0.000000
													}
												}
											}
										}
									}
									JOINT LeftHandPinky1
									{
										OFFSET 0.173504 7.976997 -4.467199
										CHANNELS 3 Zrotation Yrotation Xrotation
										JOINT LeftHandPinky2
										{
											OFFSET -0.000000 3.350399 -0.000000
											CHANNELS 3 Zrotation Yrotation Xrotation
											JOINT LeftHandPinky3
											{
												OFFSET -0.000000 2.842763 -0.000000
												CHANNELS 3 Zrotation Yrotation Xrotation
												JOINT LeftHandPinky4
												{
													OFFSET -0.000000 2.639709 0.000000
													CHANNELS 3 Zrotation Yrotation Xrotation
													End Site
													{
														OFFSET 0.000000 0.000000 0.000000
													}
												}
											}
										}
									}
									JOINT LeftForeArmEnd
									{
										OFFSET 0.000000 0.000000 0.000000
										CHANNELS 3 Zrotation Yrotation Xrotation
										End Site
										{
											OFFSET 0.000000 0.000000 0.000000
										}
									}
								}
								JOINT LeftArmEnd
								{
									OFFSET 0.000000 0.000000 0.000000
									CHANNELS 3 Zrotation Yrotation Xrotation
									End Site
									{
										OFFSET 0.000000 0.000000 0.000000
									}
								}
							}
						}
					}
				}
			}
		}
	}
	JOINT RightUpLeg
	{
		OFFSET -11.289943 0.000000 -0.000000
		CHANNELS 3 Zrotation Yrotation Xrotation
		JOINT RightLeg
		{
			OFFSET -0.000000 -38.200325 -0.000000
			CHANNELS 3 Zrotation Yrotation Xrotation
			JOINT RightFoot
			{
				OFFSET -0.000000 -39.900856 0.000000
				CHANNELS 3 Zrotation Yrotation Xrotation
				JOINT RightToeBase
				{
					OFFSET -0.000000 -0.000000 15.261641
					CHANNELS 3 Zrotation Yrotation Xrotation
					JOINT RightToeBaseEnd
					{
						OFFSET -0.000000 0.000000 7.370709
						CHANNELS 3 Zrotation Yrotation Xrotation
						End Site
						{
							OFFSET 0.000000 0.000000 0.000000
						}
					}
				}
				JOINT RightLegEnd
				{
					OFFSET 0.000000 0.000000 0.000000
					CHANNELS 3 Zrotation Yrotation Xrotation
					End Site
					{
						OFFSET 0.000000 0.000000 0.000000
					}
				}
			}
			JOINT RightUpLegEnd
			{
				OFFSET 0.000000 0.000000 0.000000
				CHANNELS 3 Zrotation Yrotation Xrotation
				End Site
				{
					OFFSET 0.000000 0.000000 0.000000
				}
			}
		}
	}
	JOINT LeftUpLeg
	{
		OFFSET 11.315661 -0.000000 -0.000000
		CHANNELS 3 Zrotation Yrotation Xrotation
		JOINT LeftLeg
		{
			OFFSET -0.000000 -38.200325 0.000000
			CHANNELS 3 Zrotation Yrotation Xrotation
			JOINT LeftFoot
			{
				OFFSET 0.000000 -39.900856 0.000000
				CHANNELS 3 Zrotation Yrotation Xrotation
				JOINT LeftToeBase
				{
					OFFSET -0.000000 -0.000000 15.261641
					CHANNELS 3 Zrotation Yrotation Xrotation
					JOINT LeftToeBaseEnd
					{
						OFFSET -0.000000 0.000000 7.539996
						CHANNELS 3 Zrotation Yrotation Xrotation
						End Site
						{
							OFFSET 0.000000 0.000000 0.000000
						}
					}
				}
				JOINT LeftLegEnd
				{
					OFFSET 0.000000 0.000000 0.000000
					CHANNELS 3 Zrotation Yrotation Xrotation
					End Site
					{
						OFFSET 0.000000 0.000000 0.000000
					}
				}
			}
			JOINT LeftUpLegEnd
			{
				OFFSET 0.000000 0.000000 0.000000
				CHANNELS 3 Zrotation Yrotation Xrotation
				End Site
				{
					OFFSET 0.000000 0.000000 0.000000
				}
			}
		}
	}
}
MOTION
Frames: 230
Frame Time: 0.016667
0.125245 88.705444 4.790124 -0.159985 -0.033370 -11.781847 0.711507 0.048634 8.078005 -0.198821 0.027677 1.825923 -0.415507 -0.711662 6.073603 -0.744023 -0.035091 3.117518 1.924683 -0.314981 5.148371 0.302797 0.728496 -3.191888 -0.040382 -0.783185 -19.035774 0.000000 0.000000 0.000000 92.843346 -0.556390 11.132437 64.644859 -38.874157 6.961634 -0.097803 10.562322 22.441694 6.944222 19.247320 -5.097725 11.536110 -1.910869 39.476406 0.000000 0.000000 -28.080000 0.000000 0.000000 -19.500000 0.000000 0.000000 0.000000 17.623116 0.000000 -9.081764 12.336179 0.000000 0.000000 12.336179 0.000000 0.000000 0.000000 0.000000 0.000000 16.240582 0.000000 -9.968869 11.368404 0.000000 0.000000 11.368404 0.000000 0.000000 0.000000 0.000000 0.000000 16.965736 0.000000 -9.385633 11.876018 0.000000 0.000000 11.876018 0.000000 0.000000 0.000000 0.000000 0.000000 16.804548 0.000000 -10.297279 11.763183 0.000000 0.000000 11.763183 0.000000 0.000000 0.000000 0.000000 0.000000 0.000000 0.000000 0.000000 0.000000 0.000000 0.000000 -90.619240 0.066036 5.768501 -66.621040 33.825867 -0.889513 -0.593176 -5.835401 41.090038 -1.449726 -22.811501 -14.298680 -11.236529 1.888869 39.607235 0.000000 0.000000 -27.360001 0.000000 0.000000 -18.999998 0.000000 0.000000 0.000000 -16.770184 0.000000 -11.469018 -11.739126 0.000000 0.000000 -11.739126 0.000000 0.000000 0.000000 0.000000 0.000000 -15.346850 -0.000000 -11.849414 -10.742795 0.000000 0.000000 -10.742795 0.000000 0.000000 0.000000 0.000000 0.000000 -15.680252 0.000000 -11.872455 -10.976175 0.000000 0.000000 -10.976175 0.000000 0.000000 0.000000 0.000000 0.000000 -14.855722 0.000000 -11.954432 -10.399003 0.000000 0.000000 -10.399003 0.000000 0.000000 0.000000 0.000000 0.000000 0.000000 0.000000 0.000000 0.000000 0.000000 0.000000 -4.637477 -13.316838 15.944229 -0.073349 -1.007125 4.322308 0.868986 -10.819425 19.420246 -1.217299 1.415806 -18.034376 0.000000 0.000000 0.000000 0.000000 0.000000 0.000000 0.000000 0.000000 0.000000 2.533068 -1.088246 10.836284 0.115268 0.653219 9.880169 0.943027 5.988273 17.342060 0.945250 -0.577579 -20.482491 0.000000 0.000000 0.000000 0.000000 0.000000 0.000000 0.000000 0.000000 0.000000 
0.180444 88.698326 4.740639 -0.258739 -0.181496 -12.270802 1.291207 -0.230488 8.051627 -0.626639 0.076795 2.554385 -0.431232 -1.135532 6.123827 -1.227199 -0.349796 3.533185 1.878508 -0.317894 5.124031 0.258518 0.610812 -3.025514 -0.205665 -0.838685 -18.598499 0.000000 0.000000 0.000000 92.600113 -0.494754 10.741521 64.859993 -38.622662 7.344749 -0.091994 12.244763 24.147621 6.586586 17.832100 -4.635369 11.553140 -1.918397 39.463890 -0.000006 0.000028 -28.185658 0.000009 0.000042 -19.552376 0.000004 -0.000004 -0.000027 17.059507 -0.063111 -9.323995 12.047948 -0.017521 -0.076767 12.110145 0.000516 -0.067691 -0.000029 0.000031 -0.000027 15.976201 -0.031899 -10.225953 11.210655 -0.008615 -0.022086 11.326688 0.001261 -0.017039 0.000021 0.000136 0.000010 16.935860 0.018751 -9.777113 11.680898 0.019775 0.016772 11.656443 0.001102 0.009508 -0.000009 -0.000013 0.000009 16.838144 0.098378 -10.928879 11.434258 0.036552 0.073961 11.337628 -0.000647 0.041416 -0.000120 -0.000003 0.000046 0.000000 0.000000 0.000000 0.000000 0.000000 0.000000 -89.579712 0.093966 7.264957 -67.458275 32.420124 -2.753058 -0.525771 -6.701540 41.784252 -1.089391 -20.141933 -14.004028 -11.233685 1.885376 39.609211 -0.000000 0.000022 -27.286182 0.000053 -0.000022 -18.965343 -0.000501 -0.000005 0.000072 -16.891870 -0.047508 -9.537408 -11.349244 -0.019154 0.054426 -11.507365 0.005777 0.052267 0.000009 0.000012 -0.000007 -15.713490 -0.013999 -10.521065 -10.799998 -0.015996 0.021030 -10.573080 -0.000182 0.016186 0.000535 -0.000040 0.000047 -16.017206 0.062707 -11.023288 -11.081580 0.029628 -0.039826 -11.011917 0.004171 -0.018101 0.000194 0.000007 0.000005 -15.141401 0.146449 -11.798306 -10.735892 0.053959 -0.010394 -10.789646 0.000416 -0.042310 0.000100 -0.000009 -0.000030 0.000000 0.000000 0.000000 0.000000 0.000000 0.000000 -5.227292 -13.270746 16.255322 -0.141747 -0.978133 5.592079 0.843342 -11.732248 18.308247 -1.152294 1.095894 -17.739515 0.000000 0.000000 0.000000 0.000000 0.000000 0.000000 0.000000 0.000000 0.000000 2.723743 -0.341307 11.234752 0.124469 0.689840 9.609358 0.497929 5.452707 17.848673 0.688605 -0.578023 -20.048470 0.000000 0.000000 0.000000 0.000000 0.000000 0.000000 0.000000 0.000000 0.000000 
0.199429 88.690849 4.733369 -0.276330 -0.161645 -12.349013 1.240509 -0.217328 8.135164 -0.606121 0.076991 2.613540 -0.424838 -1.151864 6.132998 -1.181973 -0.349801 3.484983 1.870272 -0.352983 5.106797 0.257963 0.572771 -3.007432 -0.224796 -0.851852 -18.639669 0.000000 0.000000 0.000000 92.613914 -0.484089 10.768824 64.672867 -38.559895 7.451174 -0.095561 12.200237 24.226910 6.652289 17.711784 -4.791206 11.521491 -1.918640 39.474941 -0.000007 0.000045 -28.095541 0.000017 0.000037 -19.497183 0.000015 0.000003 -0.000042 16.969501 -0.056271 -9.244570 11.932587 -0.018423 -0.073791 11.989154 -0.000619 -0.066554 -0.000008 0.000045 -0.000023 15.913947 -0.029070 -10.173907 11.087901 -0.009855 -0.021140 11.204045 0.000818 -0.016189 0.000018 0.000118 -0.000002 16.856728 0.014958 -9.751348 11.553477 0.020622 0.015000 11.539255 0.001020 0.008732 -0.000013 -0.000030 -0.000003 16.784948 0.086937 -10.920156 11.338427 0.038947 0.075684 11.245758 -0.000298 0.043814 -0.000112 0.000005 0.000044 0.000000 0.000000 0.000000 0.000000 0.000000 0.000000 -89.548325 0.082772 7.206170 -67.621773 32.256454 -2.842372 -0.472609 -6.640815 41.998058 -0.973867 -19.907305 -14.203817 -11.180076 1.878402 39.628052 0.000015 0.000026 -27.172422 0.000046 -0.000014 -18.891663 -0.000549 0.000005 0.000086 -16.743158 -0.038683 -9.397784 -11.301947 -0.018527 0.056707 -11.461763 0.007346 0.050388 0.000019 -0.000050 0.000001 -15.605359 -0.010154 -10.441365 -10.772617 -0.015904 0.021073 -10.542809 0.000169 0.016708 0.000570 -0.000037 0.000032 -15.956209 0.060266 -10.991345 -11.069696 0.029922 -0.041075 -10.995980 0.003749 -0.019906 0.000121 0.000010 0.000010 -15.104201 0.140327 -11.829144 -10.734583 0.051717 -0.015728 -10.778448 -0.002232 -0.048801 0.000096 0.000007 -0.000046 0.000000 0.000000 0.000000 0.000000 0.000000 0.000000 -5.253836 -13.292809 16.374743 -0.138435 -0.972528 5.536168 0.855466 -11.679360 18.292429 -1.145609 1.100949 -17.771410 0.000000 0.000000 0.000000 0.000000 0.000000 0.000000 0.000000 0.000000 0.000000 2.773030 -0.321199 11.294170 0.121771 0.683594 9.656120 0.496348 5.418751 17.805231 0.685862 -0.582020 -20.040989 0.000000 0.000000 0.000000 0.000000 0.000000 0.000000 0.000000 0.000000 0.000000 
0.217595 88.680199 4.721996 -0.263582 -0.154136 -12.392685 1.183245 -0.198895 8.195184 -0.591937 0.079995 2.647725 -0.428242 -1.127008 6.143771 -1.150624 -0.344801 3.458008 1.851188 -0.396575 5.072451 0.262309 0.519682 -3.007968 -0.223365 -0.864475 -18.680578 0.000000 0.000000 0.000000 92.609352 -0.473576 10.795711 64.602394 -38.412312 7.417015 -0.099289 12.274194 24.447975 6.592109 17.678907 -4.851215 11.489034 -1.918099 39.486286 -0.000005 0.000045 -28.014076 0.000014 0.000039 -19.440205 0.000015 0.000003 -0.000042 16.830166 -0.052098 -9.218060 11.830383 -0.020205 -0.068196 11.878609 -0.002254 -0.063069 -0.000006 0.000044 -0.000024 15.795283 -0.027384 -10.164253 10.986630 -0.011014 -0.018874 11.103405 0.000099 -0.014685 0.000017 0.000114 -0.000000 16.766129 0.013301 -9.752331 11.462632 0.021764 0.012893 11.455939 0.001557 0.007659 -0.000011 -0.000052 -0.000002 16.713135 0.080781 -10.932799 11.280488 0.042013 0.075216 11.191506 0.000193 0.043598 -0.000105 0.000005 0.000035 0.000000 0.000000 0.000000 0.000000 0.000000 0.000000 -89.470734 0.084308 7.160254 -67.759781 32.054451 -2.920358 -0.446149 -6.647448 42.191517 -0.890905 -19.694118 -14.230901 -11.125287 1.872511 39.648186 0.000014 0.000026 -27.061344 0.000043 -0.000015 -18.815069 -0.000635 0.000004 0.000166 -16.508785 -0.035190 -9.270124 -11.228943 -0.019254 0.053270 -11.390182 0.007182 0.042832 0.000017 -0.000138 0.000002 -15.411833 -0.008434 -10.355813 -10.712005 -0.016291 0.018635 -10.487369 0.000013 0.014874 0.000553 -0.000038 0.000023 -15.819516 0.060025 -10.962769 -11.030196 0.030541 -0.038894 -10.951425 0.003873 -0.018460 0.000085 0.000010 0.000009 -15.029596 0.138302 -11.862402 -10.716266 0.051842 -0.010331 -10.759045 -0.002859 -0.043518 0.000084 0.000007 -0.000047 0.000000 0.000000 0.000000 0.000000 0.000000 0.000000 -5.292423 -13.288278 16.465820 -0.136318 -0.968441 5.496348 0.875055 -11.637648 18.258615 -1.139971 1.103883 -17.809645 0.000000 0.000000 0.000000 0.000000 0.000000 0.000000 0.000000 0.000000 0.000000 2.778223 -0.346025 11.319038 0.120157 0.680564 9.700751 0.489208 5.391795 17.785217 0.682788 -0.584971 -20.050676 0.000000 0.000000 0.000000 0.000000 0.000000 0.000000 0.000000 0.000000 0.000000 
0.233874 88.667336 4.711029 -0.240242 -0.160475 -12.423572 1.127004 -0.180196 8.236899 -0.592729 0.087410 2.678943 -0.429335 -1.093928 6.163038 -1.128922 -0.333295 3.440483 1.832553 -0.443913 5.015713 0.270219 0.466416 -3.033848 -0.212045 -0.873310 -18.724995 0.000000 0.000000 0.000000 92.593887 -0.458526 10.829608 64.622589 -38.206860 7.283432 -0.102542 12.403991 24.783056 6.460756 17.618673 -4.905411 11.455912 -1.916906 39.498260 -0.000004 0.000044 -27.935097 0.000013 0.000041 -19.383402 0.000015 0.000003 -0.000041 16.679157 -0.049331 -9.192458 11.733795 -0.020983 -0.067466 11.774956 -0.002659 -0.063832 -0.000006 0.000043 -0.000025 15.661500 -0.026446 -10.153431 10.895570 -0.011697 -0.018251 11.010919 -0.000268 -0.014402 0.000016 0.000112 0.000001 16.654789 0.012439 -9.759395 11.375369 0.022235 0.012030 11.372946 0.001780 0.007350 -0.000010 -0.000077 -0.000002 16.609333 0.076789 -10.952735 11.215854 0.043379 0.075080 11.131794 -0.000516 0.043910 -0.000091 0.000004 0.000030 0.000000 0.000000 0.000000 0.000000 0.000000 0.000000 -89.397865 0.094077 7.110003 -67.873787 31.813313 -2.963774 -0.440183 -6.741699 42.372990 -0.830884 -19.514107 -14.213224 -11.062387 1.865973 39.673744 0.000013 0.000026 -26.926954 0.000042 -0.000015 -18.721535 -0.000716 0.000003 0.000255 -16.228737 -0.033377 -9.130846 -11.138983 -0.019498 0.053656 -11.301965 0.007263 0.039121 0.000014 -0.000220 0.000003 -15.171163 -0.007740 -10.258675 -10.633426 -0.016461 0.017378 -10.413824 -0.000025 0.014028 0.000539 -0.000038 0.000019 -15.643943 0.060398 -10.930923 -10.971963 0.030897 -0.037545 -10.886753 0.003875 -0.017531 0.000064 0.000010 0.000009 -14.936419 0.136972 -11.899735 -10.681154 0.051496 -0.006571 -10.723717 -0.003583 -0.038390 0.000073 0.000006 -0.000047 0.000000 0.000000 0.000000 0.000000 0.000000 0.000000 -5.342739 -13.280563 16.545439 -0.135256 -0.965996 5.469685 0.903582 -11.599916 18.215496 -1.134867 1.106125 -17.842260 0.000000 0.000000 0.000000 0.000000 0.000000 0.000000 0.000000 0.000000 0.000000 2.766158 -0.382759 11.328250 0.118490 0.677411 9.746327 0.490024 5.366257 17.772064 0.679829 -0.585977 -20.058577 0.000000 0.000000 0.000000 0.000000 0.000000 0.000000 0.000000 0.000000 0.000000 
0.247628 88.653107 4.701968 -0.214536 -0.175418 -12.451158 1.078644 -0.164605 8.270232 -0.605365 0.097907 2.701801 -0.429447 -1.067587 6.191425 -1.117202 -0.318239 3.426257 1.810333 -0.490568 4.940929 0.278072 0.417102 -3.073871 -0.196914 -0.880217 -18.773165 0.000000 0.000000 0.000000 92.577583 -0.441920 10.854307 64.685654 -37.979179 7.088269 -0.104636 12.551550 25.218321 6.270255 17.436604 -4.975374 11.414665 -1.914448 39.514366 -0.000004 0.000043 -27.839106 0.000012 0.000042 -19.314213 0.000015 0.000002 -0.000041 16.506905 -0.047258 -9.132915 11.627577 -0.020908 -0.070456 11.663214 -0.002268 -0.067699 -0.000006 0.000043 -0.000025 15.500041 -0.025905 -10.121838 10.794879 -0.012012 -0.019022 10.908959 -0.000314 -0.015096 0.000016 0.000110 0.000002 16.496035 0.011882 -9.772455 11.267935 0.022144 0.011828 11.267886 0.001750 0.007538 -0.000009 -0.000095 -0.000003 16.450775 0.074538 -10.993834 11.120151 0.043322 0.074409 11.041152 -0.001797 0.044024 -0.000076 0.000004 0.000027 0.000000 0.000000 0.000000 0.000000 0.000000 0.000000 -89.339561 0.103324 7.054650 -67.983086 31.544834 -3.018418 -0.443574 -6.932500 42.586803 -0.830599 -19.401726 -14.162199 -10.989301 1.857994 39.705437 0.000013 0.000026 -26.765369 0.000041 -0.000016 -18.609346 -0.000778 0.000003 0.000315 -15.909577 -0.032418 -8.966484 -11.037870 -0.018823 0.059773 -11.204034 0.008112 0.041160 0.000012 -0.000286 0.000003 -14.896311 -0.007547 -10.142793 -10.545415 -0.016249 0.018114 -10.329936 0.000235 0.014941 0.000535 -0.000038 0.000017 -15.446457 0.060907 -10.898185 -10.905382 0.030776 -0.038242 -10.812951 0.003559 -0.018207 0.000054 0.000010 0.000009 -14.831646 0.136066 -11.957118 -10.638477 0.050119 -0.007757 -10.680086 -0.005015 -0.037115 0.000069 0.000006 -0.000048 0.000000 0.000000 0.000000 0.000000 0.000000 0.000000 -5.401687 -13.278219 16.624243 -0.134886 -0.964865 5.442596 0.937686 -11.568038 18.167522 -1.131589 1.108811 -17.864784 0.000000 0.000000 0.000000 0.000000 0.000000 0.000000 0.000000 0.000000 0.000000 2.750628 -0.417390 11.334957 0.117073 0.675025 9.792583 0.491508 5.334417 17.747519 0.677680 -0.586958 -20.057648 0.000000 0.000000 0.000000 0.000000 0.000000 0.000000 0.000000 0.000000 0.000000 
0.258979 88.638565 4.695472 -0.187492 -0.192193 -12.480101 1.038640 -0.153015 8.299114 -0.619866 0.108416 2.714949 -0.434405 -1.047782 6.223905 -1.114678 -0.302670 3.418146 1.776527 -0.527600 4.858074 0.284243 0.373254 -3.118332 -0.180473 -0.886475 -18.828848 0.000000 0.000000 0.000000 92.559578 -0.427165 10.860554 64.762016 -37.758507 6.864122 -0.107275 12.700489 25.728094 6.001599 17.076134 -5.056656 11.351209 -1.909203 39.541622 -0.000003 0.000041 -27.691658 0.000011 0.000043 -19.208813 0.000015 0.000002 -0.000040 16.250963 -0.045380 -9.017076 11.487361 -0.020613 -0.074134 11.518322 -0.001815 -0.071915 -0.000007 0.000042 -0.000025 15.245243 -0.025537 -10.062252 10.657753 -0.012201 -0.020127 10.771818 -0.000210 -0.015955 0.000016 0.000108 0.000002 16.224550 0.011518 -9.802688 11.115531 0.021815 0.011463 11.115959 0.001664 0.007666 -0.000007 -0.000092 -0.000003 16.179607 0.073771 -11.081153 10.970783 0.042520 0.071517 10.896711 -0.003068 0.042531 -0.000061 0.000004 0.000025 0.000000 0.000000 0.000000 0.000000 0.000000 0.000000 -89.288132 0.107269 6.995945 -68.095680 31.251993 -3.109581 -0.447731 -7.200885 42.870144 -0.888457 -19.371887 -14.063317 -10.901317 1.847433 39.745659 0.000013 0.000025 -26.566397 0.000039 -0.000017 -18.471325 -0.000825 0.000004 0.000350 -15.531240 -0.031772 -8.767873 -10.919895 -0.017039 0.072098 -11.090680 0.010014 0.049048 0.000011 -0.000331 0.000003 -14.571229 -0.007655 -10.002201 -10.441917 -0.015597 0.021046 -10.230503 0.000848 0.017744 0.000540 -0.000038 0.000016 -15.212649 0.061369 -10.866783 -10.826349 0.030059 -0.041425 -10.725663 0.002858 -0.020827 0.000045 0.000010 0.000009 -14.698618 0.135543 -12.044041 -10.583701 0.047450 -0.015394 -10.623626 -0.007447 -0.040982 0.000076 0.000006 -0.000048 0.000000 0.000000 0.000000 0.000000 0.000000 0.000000 -5.467638 -13.284008 16.708374 -0.134919 -0.964633 5.410201 0.975338 -11.550472 18.116659 -1.131161 1.111586 -17.879494 0.000000 0.000000 0.000000 0.000000 0.000000 0.000000 0.000000 0.000000 0.000000 2.734528 -0.444000 11.346581 0.116171 0.674320 9.834129 0.488867 5.287542 17.710779 0.676516 -0.589398 -20.049503 0.000000 0.000000 0.000000 0.000000 0.000000 0.000000 0.000000 0.000000 0.000000 
0.268818 88.625061 4.690882 -0.157547 -0.206359 -12.510216 1.003617 -0.144915 8.323760 -0.631025 0.116778 2.719654 -0.445200 -1.032806 6.256652 -1.117368 -0.288911 3.418529 1.728638 -0.551626 4.771074 0.287657 0.334514 -3.166661 -0.163815 -0.891284 -18.895870 0.000000 0.000000 0.000000 92.539391 -0.415643 10.845795 64.832436 -37.554695 6.620685 -0.113649 12.863317 26.329203 5.633626 16.527161 -5.133159 11.254769 -1.900042 39.585361 -0.000003 0.000040 -27.465158 0.000010 0.000044 -19.048744 0.000015 0.000002 -0.000040 15.849597 -0.043498 -8.838120 11.287387 -0.019995 -0.078197 11.313944 -0.001199 -0.076153 -0.000008 0.000041 -0.000025 14.836099 -0.025206 -9.975514 10.459525 -0.012241 -0.021442 10.574831 0.000071 -0.016883 0.000016 0.000107 0.000002 15.782382 0.011332 -9.860184 10.895098 0.021162 0.011176 10.894337 0.001449 0.007902 -0.000006 -0.000069 -0.000003 15.741400 0.074274 -11.234859 10.747455 0.040664 0.067416 10.679120 -0.004690 0.040216 -0.000045 0.000004 0.000023 0.000000 0.000000 0.000000 0.000000 0.000000 0.000000 -89.236824 0.105628 6.934923 -68.207695 30.931477 -3.246146 -0.449780 -7.524494 43.249981 -0.969057 -19.397749 -13.906565 -10.788658 1.833097 39.799076 0.000013 0.000025 -26.306377 0.000035 -0.000017 -18.291208 -0.000859 0.000004 0.000369 -15.036280 -0.031201 -8.511859 -10.753498 -0.013980 0.090254 -10.929111 0.013193 0.062229 0.000009 -0.000354 0.000004 -14.143806 -0.007983 -9.821467 -10.291841 -0.014462 0.026144 -10.084647 0.001847 0.022318 0.000551 -0.000038 0.000015 -14.894707 0.061703 -10.831122 -10.703235 0.028564 -0.047298 -10.593385 0.001652 -0.025475 0.000030 0.000010 0.000009 -14.495609 0.135291 -12.162261 -10.488976 0.042919 -0.030773 -10.526584 -0.011372 -0.050800 0.000098 0.000006 -0.000048 0.000000 0.000000 0.000000 0.000000 0.000000 0.000000 -5.539073 -13.296096 16.797529 -0.135229 -0.965042 5.374157 1.014630 -11.553630 18.062258 -1.133691 1.113716 -17.888567 0.000000 0.000000 0.000000 0.000000 0.000000 0.000000 0.000000 0.000000 0.000000 2.717027 -0.458953 11.366194 0.115691 0.675217 9.861960 0.483531 5.224172 17.671635 0.675813 -0.593585 -20.039038 0.000000 0.000000 0.000000 0.000000 0.000000 0.000000 0.000000 0.000000 0.000000 
0.277838 88.613403 4.687104 -0.124034 -0.216714 -12.538238 0.969747 -0.139505 8.344812 -0.638552 0.122078 2.716343 -0.459047 -1.021655 6.289127 -1.120114 -0.277949 3.424542 1.671499 -0.567846 4.676557 0.286889 0.297307 -3.222693 -0.147599 -0.893264 -18.972965 0.000000 0.000000 0.000000 92.520325 -0.406726 10.810307 64.892143 -37.342339 6.335922 -0.126935 13.068798 27.086597 5.151077 15.827361 -5.174662 11.116826 -1.886130 39.649544 -0.000003 0.000038 -27.137115 0.000009 0.000045 -18.819746 0.000016 0.000002 -0.000039 15.244254 -0.041432 -8.589059 10.996522 -0.018322 -0.083639 11.018914 0.000340 -0.081193 -0.000008 0.000041 -0.000024 14.221231 -0.024786 -9.856208 10.173218 -0.011870 -0.023333 10.290557 0.000734 -0.018127 0.000015 0.000106 0.000003 15.127371 0.011226 -9.941101 10.582649 0.019745 0.011678 10.580037 0.000818 0.008755 -0.000005 -0.000032 -0.000004 15.100825 0.075683 -11.459414 10.432561 0.036481 0.064955 10.371829 -0.007783 0.039220 -0.000033 0.000004 0.000021 0.000000 0.000000 0.000000 0.000000 0.000000 0.000000 -89.183022 0.099299 6.872540 -68.326508 30.559689 -3.445488 -0.450246 -7.884811 43.752087 -1.022639 -19.434290 -13.674847 -10.634267 1.813284 39.873440 0.000013 0.000024 -25.943676 0.000030 -0.000018 -18.040567 -0.000880 0.000005 0.000381 -14.312236 -0.030549 -8.150510 -10.475518 -0.009662 0.111359 -10.654905 0.017644 0.078157 0.000006 -0.000357 0.000003 -13.514402 -0.008395 -9.567383 -10.033923 -0.012855 0.032506 -9.830589 0.003198 0.027824 0.000561 -0.000037 0.000015 -14.407556 0.061793 -10.772832 -10.472987 0.026143 -0.055006 -10.353598 -0.000153 -0.031395 0.000012 0.000010 0.000009 -14.154592 0.135295 -12.306570 -10.301631 0.036010 -0.052188 -10.336329 -0.017248 -0.065077 0.000135 0.000007 -0.000047 0.000000 0.000000 0.000000 0.000000 0.000000 0.000000 -5.611547 -13.309546 16.887941 -0.135713 -0.965939 5.336884 1.052855 -11.577330 18.002119 -1.138498 1.114904 -17.893044 0.000000 0.000000 0.000000 0.000000 0.000000 0.000000 0.000000 0.000000 0.000000 2.698274 -0.460118 11.393177 0.115457 0.677233 9.870046 0.479020 5.146377 17.640276 0.674798 -0.599266 -20.032499 0.000000 0.000000 0.000000 0.000000 0.000000 0.000000 0.000000 0.000000 0.000000 
0.286146 88.603577 4.683784 -0.087662 -0.224077 -12.561305 0.935538 -0.136158 8.363852 -0.644461 0.124340 2.704847 -0.472574 -1.012618 6.322333 -1.120702 -0.268982 3.433760 1.607002 -0.582939 4.567479 0.280116 0.256662 -3.289821 -0.132917 -0.891925 -19.058224 0.000000 0.000000 0.000000 92.507164 -0.400442 10.753891 64.944099 -37.078457 5.984153 -0.148877 13.339119 28.071478 4.549055 15.035809 -5.158329 10.925248 -1.866455 39.739319 -0.000003 0.000036 -26.677061 0.000008 0.000046 -18.501902 0.000016 0.000003 -0.000038 14.358735 -0.038972 -8.243615 10.566526 -0.014679 -0.090945 10.585710 0.003730 -0.087402 -0.000009 0.000040 -0.000023 13.337217 -0.024147 -9.681407 9.756071 -0.010745 -0.026042 9.875647 0.002049 -0.019817 0.000015 0.000105 0.000003 14.212245 0.010973 -10.025527 10.140924 0.017045 0.013608 10.137293 -0.000585 0.010700 -0.000005 0.000006 -0.000003 14.226047 0.077302 -11.746770 9.998902 0.028521 0.067258 9.948015 -0.013580 0.041922 -0.000025 0.000004 0.000020 0.000000 0.000000 0.000000 0.000000 0.000000 0.000000 -89.129295 0.090151 6.807240 -68.464188 30.084454 -3.721707 -0.450659 -8.268758 44.392826 -1.008685 -19.438417 -13.362218 -10.411447 1.785342 39.980598 0.000015 0.000024 -25.413610 0.000023 -0.000018 -17.675341 -0.000881 0.000005 0.000393 -13.193408 -0.029620 -7.609179 -9.993959 -0.004372 0.130332 -10.175241 0.023077 0.092525 0.000004 -0.000343 0.000003 -12.538053 -0.008682 -9.189284 -9.578356 -0.010869 0.038381 -9.377429 0.004790 0.032743 0.000567 -0.000036 0.000013 -13.631343 0.061471 -10.665842 -10.044394 0.022805 -0.062536 -9.914996 -0.002523 -0.036997 -0.000010 0.000010 0.000008 -13.581987 0.135560 -12.475513 -9.946642 0.026670 -0.074378 -9.977022 -0.025156 -0.079653 0.000184 0.000007 -0.000047 0.000000 0.000000 0.000000 0.000000 0.000000 0.000000 -5.678245 -13.319079 16.976492 -0.136211 -0.967026 5.301158 1.087408 -11.617826 17.933704 -1.144508 1.114955 -17.893269 0.000000 0.000000 0.000000 0.000000 0.000000 0.000000 0.000000 0.000000 0.000000 2.679392 -0.446729 11.426402 0.115358 0.679735 9.856690 0.477370 5.057764 17.622753 0.673205 -0.605989 -20.034399 0.000000 0.000000 0.000000 0.000000 0.000000 0.000000 0.000000 0.000000 0.000000 
0.293739 88.595085 4.681326 -0.051499 -0.230651 -12.578495 0.902826 -0.134578 8.384399 -0.648848 0.123626 2.684225 -0.484807 -1.005156 6.356588 -1.119936 -0.261417 3.447981 1.526354 -0.596477 4.439158 0.265295 0.210047 -3.367090 -0.121926 -0.888428 -19.152958 0.000000 0.000000 0.000000 92.504852 -0.399024 10.673467 64.985359 -36.743073 5.564374 -0.179224 13.666301 29.316116 3.828139 14.202033 -5.086708 10.661907 -1.839264 39.862663 -0.000003 0.000034 -26.040001 0.000007 0.000046 -18.064653 0.000016 0.000003 -0.000037 13.089976 -0.035926 -7.752367 9.933140 -0.008032 -0.099957 9.950891 0.009973 -0.094722 -0.000009 0.000039 -0.000022 12.095123 -0.023151 -9.409355 9.147808 -0.008461 -0.029582 9.269417 0.004331 -0.021961 0.000015 0.000103 0.000003 12.963103 0.010259 -10.078183 9.514215 0.012508 0.017408 9.512229 -0.003173 0.014058 -0.000004 0.000039 -0.000003 13.063902 0.078084 -12.077311 9.400848 0.015446 0.076736 9.361794 -0.023209 0.050297 -0.000026 0.000004 0.000018 0.000000 0.000000 0.000000 0.000000 0.000000 0.000000 -89.082260 0.080168 6.734017 -68.624481 29.443092 -4.071575 -0.451386 -8.668896 45.182304 -0.900843 -19.386278 -12.987968 -10.083624 1.745166 40.136650 0.000016 0.000023 -24.628107 0.000014 -0.000018 -17.135248 -0.000859 0.000006 0.000414 -11.467582 -0.028109 -6.798477 -9.199295 0.001496 0.140906 -9.380056 0.029097 0.100034 0.000001 -0.000317 0.000002 -11.027713 -0.008609 -8.627986 -8.817011 -0.008629 0.041489 -8.615552 0.006478 0.035148 0.000574 -0.000035 0.000010 -12.408101 0.060555 -10.484709 -9.306921 0.018676 -0.066989 -9.166092 -0.005337 -0.040128 -0.000038 0.000010 0.000008 -12.650037 0.136051 -12.677743 -9.331462 0.015145 -0.089164 -9.354189 -0.034871 -0.088184 0.000237 0.000007 -0.000047 0.000000 0.000000 0.000000 0.000000 0.000000 0.000000 -5.730110 -13.319332 17.061966 -0.136501 -0.967732 5.269454 1.116328 -11.669231 17.855505 -1.150550 1.113818 -17.889416 0.000000 0.000000 0.000000 0.000000 0.000000 0.000000 0.000000 0.000000 0.000000 2.663875 -0.419028 11.464868 0.115454 0.682231 9.824241 0.477516 4.961802 17.618973 0.671343 -0.613541 -20.045715 0.000000 0.000000 0.000000 0.000000 0.000000 0.000000 0.000000 0.000000 0.000000 
0.300546 88.587311 4.679814 -0.019954 -0.239519 -12.590744 0.872539 -0.134145 8.410883 -0.646980 0.119223 2.655364 -0.498862 -1.000994 6.391876 -1.118175 -0.256725 3.471439 1.420216 -0.600979 4.302003 0.241819 0.159897 -3.445077 -0.116403 -0.885090 -19.260269 0.000000 0.000000 0.000000 92.510201 -0.404251 10.567881 65.010536 -36.351559 5.101339 -0.215736 14.013201 30.806160 2.983886 13.319941 -4.995799 10.300613 -1.800476 40.032700 -0.000003 0.000031 -25.160978 0.000006 0.000047 -17.462681 0.000016 0.000003 -0.000036 11.304347 -0.032071 -7.051914 9.042977 0.002657 -0.110042 9.060482 0.020017 -0.102737 -0.000009 0.000039 -0.000021 10.367777 -0.021645 -8.990344 8.294390 -0.004615 -0.033596 8.417744 0.007852 -0.024364 0.000016 0.000101 0.000003 11.252388 0.008764 -10.065794 8.644617 0.005552 0.022617 8.648232 -0.007383 0.018371 -0.000004 0.000060 -0.000002 11.504450 0.077194 -12.439322 8.583325 -0.003938 0.092115 8.557213 -0.037654 0.063203 -0.000041 0.000004 0.000016 0.000000 0.000000 0.000000 0.000000 0.000000 0.000000 -89.039787 0.067653 6.649029 -68.810730 28.601641 -4.477348 -0.447622 -9.084445 46.152184 -0.669762 -19.246639 -12.586063 -9.606048 1.686564 40.361912 0.000018 0.000022 -23.478832 0.000004 -0.000019 -16.345573 -0.000821 0.000007 0.000441 -8.890082 -0.025523 -5.627170 -7.989381 0.007645 0.136216 -8.166656 0.035428 0.094518 -0.000001 -0.000286 0.000001 -8.759965 -0.007984 -7.825830 -7.646974 -0.006249 0.039156 -7.440841 0.008139 0.032815 0.000587 -0.000033 0.000005 -10.528176 0.058905 -10.213099 -8.148453 0.013972 -0.064485 -7.993838 -0.008421 -0.037983 -0.000071 0.000010 0.000008 -11.168147 0.136690 -12.932867 -8.351426 0.001862 -0.084654 -8.362514 -0.045866 -0.081459 0.000287 0.000008 -0.000046 0.000000 0.000000 0.000000 0.000000 0.000000 0.000000 -5.760140 -13.304966 17.144176 -0.136366 -0.967473 5.241129 1.140264 -11.720469 17.768568 -1.155666 1.112126 -17.882133 0.000000 0.000000 0.000000 0.000000 0.000000 0.000000 0.000000 0.000000 0.000000 2.656385 -0.376946 11.505725 0.115942 0.684697 9.779428 0.477194 4.862768 17.622381 0.669546 -0.622050 -20.063643 0.000000 0.000000 0.000000 0.000000 0.000000 0.000000 0.000000 0.000000 0.000000 
0.306424 88.579498 4.678802 0.005107 -0.251937 -12.601256 0.840732 -0.132453 8.442203 -0.633353 0.111119 2.626896 -0.519530 -1.000572 6.425478 -1.115101 -0.255850 3.509291 1.298232 -0.595550 4.185844 0.211973 0.108007 -3.509937 -0.113450 -0.883245 -19.379028 0.000000 0.000000 0.000000 92.502129 -0.413879 10.447745 65.022491 -35.934925 4.618314 -0.253756 14.335730 32.510128 2.011460 12.322309 -4.951503 9.816795 -1.744060 40.263435 -0.000003 0.000029 -23.979643 0.000005 0.000047 -16.652597 0.000016 0.000004 -0.000034 8.893107 -0.027190 -6.093705 7.908566 0.017621 -0.119778 7.924142 0.034043 -0.110435 -0.000010 0.000038 -0.000020 8.040768 -0.019514 -8.390229 7.201478 0.000854 -0.037164 7.326477 0.012593 -0.026455 0.000016 0.000100 0.000003 8.948891 0.006357 -9.978077 7.523115 -0.003988 0.026966 7.535862 -0.013345 0.021764 -0.000004 0.000068 -0.000001 9.425703 0.074877 -12.842490 7.527401 -0.029534 0.105839 7.513601 -0.056945 0.073905 -0.000071 0.000004 0.000014 0.000000 0.000000 0.000000 0.000000 0.000000 0.000000 -88.977470 0.045810 6.555336 -69.037277 27.607265 -4.913735 -0.427362 -9.503063 47.363873 -0.226099 -18.924509 -12.194268 -8.939829 1.602427 40.674892 0.000019 0.000021 -21.868965 -0.000004 -0.000019 -15.238601 -0.000789 0.000008 0.000449 -5.270885 -0.021344 -4.025114 -6.351757 0.013720 0.110414 -6.522181 0.041735 0.070214 -0.000004 -0.000261 -0.000001 -5.544740 -0.006672 -6.738348 -6.049049 -0.003903 0.028817 -5.834168 0.009641 0.023678 0.000608 -0.000032 -0.000001 -7.774055 0.056474 -9.839936 -6.523274 0.009250 -0.050596 -6.353097 -0.011419 -0.027429 -0.000114 0.000010 0.000008 -8.905676 0.137293 -13.246535 -6.935147 -0.011840 -0.045833 -6.933904 -0.056734 -0.047860 0.000326 0.000008 -0.000046 0.000000 0.000000 0.000000 0.000000 0.000000 0.000000 -5.772047 -13.274529 17.222460 -0.135734 -0.965917 5.213072 1.164700 -11.756891 17.676697 -1.159198 1.111099 -17.870173 0.000000 0.000000 0.000000 0.000000 0.000000 0.000000 0.000000 0.000000 0.000000 2.656988 -0.324214 11.544081 0.117014 0.687689 9.732218 0.476064 4.770350 17.623899 0.668129 -0.631616 -20.082264 0.000000 0.000000 0.000000 0.000000 0.000000 0.000000 0.000000 0.000000 0.000000 
0.311436 88.571129 4.678607 0.026321 -0.266927 -12.614500 0.802353 -0.126493 8.470696 -0.609281 0.102057 2.611032 -0.546601 -1.004457 6.447118 -1.112620 -0.257361 3.565264 1.175499 -0.589626 4.119385 0.177450 0.049719 -3.554999 -0.107741 -0.882906 -19.499777 0.000000 0.000000 0.000000 92.452362 -0.423490 10.333200 65.035011 -35.522793 4.120463 -0.289200 14.588981 34.376774 0.922247 11.142907 -5.005138 9.210200 -1.666896 40.556381 -0.000003 0.000027 -22.495461 0.000003 0.000047 -15.631826 0.000016 0.000004 -0.000032 5.872157 -0.021309 -4.875166 6.639406 0.035451 -0.128407 6.649852 0.050713 -0.117598 -0.000011 0.000037 -0.000019 5.116047 -0.016757 -7.606733 5.969522 0.007378 -0.039731 6.095767 0.018104 -0.027927 0.000016 0.000099 0.000003 6.029243 0.003102 -9.818852 6.231285 -0.015308 0.028170 6.254520 -0.020526 0.022507 -0.000003 0.000068 0.000001 6.794583 0.071841 -13.284806 6.293194 -0.058597 0.109677 6.289476 -0.079135 0.075317 -0.000112 0.000004 0.000012 0.000000 0.000000 0.000000 0.000000 0.000000 0.000000 -88.866722 0.009785 6.462208 -69.319489 26.576982 -5.355376 -0.379311 -9.874017 48.867065 0.641314 -18.255747 -11.841027 -8.099618 1.491247 41.069908 0.000020 0.000020 -19.828398 -0.000011 -0.000020 -13.831754 -0.000786 0.000009 0.000416 -0.719162 -0.015515 -2.027424 -4.545218 0.019415 0.067773 -4.706576 0.047656 0.030376 -0.000007 -0.000242 -0.000002 -1.438715 -0.004647 -5.375990 -4.266777 -0.001752 0.011481 -4.041590 0.010917 0.008787 0.000635 -0.000030 -0.000006 -4.113792 0.053390 -9.345608 -4.623242 0.005351 -0.025398 -4.439075 -0.013863 -0.008797 -0.000166 0.000009 0.000008 -5.767597 0.137352 -13.550764 -5.191775 -0.023623 0.030472 -5.183228 -0.065331 0.014901 0.000350 0.000008 -0.000045 0.000000 0.000000 0.000000 0.000000 0.000000 0.000000 -5.778771 -13.227112 17.296053 -0.134665 -0.962789 5.183449 1.193407 -11.770778 17.587475 -1.160842 1.111024 -17.850368 0.000000 0.000000 0.000000 0.000000 0.000000 0.000000 0.000000 0.000000 0.000000 2.659018 -0.273240 11.578518 0.118641 0.691898 9.690766 0.475673 4.699075 17.618296 0.667230 -0.642240 -20.094648 0.000000 0.000000 0.000000 0.000000 0.000000 0.000000 0.000000 0.000000 0.000000 
0.315231 88.562767 4.680237 0.044877 -0.285653 -12.632318 0.757995 -0.116153 8.489262 -0.582317 0.095393 2.611968 -0.571645 -1.014787 6.446552 -1.111782 -0.259508 3.633346 1.055825 -0.589007 4.109065 0.138325 -0.017531 -3.583916 -0.099354 -0.884001 -19.607296 0.000000 0.000000 0.000000 92.350647 -0.427871 10.245042 65.055168 -35.125771 3.617507 -0.322038 14.743222 36.317474 -0.255065 9.742335 -5.145255 8.519334 -1.572483 40.892677 -0.000003 0.000025 -20.800850 0.000002 0.000048 -14.463295 0.000016 0.000005 -0.000031 2.415695 -0.014756 -3.458655 5.396970 0.053165 -0.136308 5.400712 0.067239 -0.125052 -0.000011 0.000036 -0.000017 1.748865 -0.013536 -6.681035 4.757665 0.013829 -0.041747 4.883713 0.023577 -0.029199 0.000017 0.000098 0.000004 2.628850 -0.000828 -9.603105 4.925588 -0.026713 0.026446 4.957980 -0.027780 0.021005 -0.000003 0.000065 0.000002 3.711891 0.067968 -13.739850 5.021820 -0.086605 0.103067 5.025150 -0.100817 0.067517 -0.000157 0.000004 0.000010 0.000000 0.000000 0.000000 0.000000 0.000000 0.000000 -88.709061 -0.036051 6.382512 -69.648506 25.620584 -5.780676 -0.307510 -10.148513 50.632671 2.088967 -17.129677 -11.515569 -7.189983 1.362855 41.500900 0.000021 0.000020 -17.602627 -0.000016 -0.000021 -12.291137 -0.000818 0.000010 0.000345 4.222795 -0.008900 0.147230 -3.060796 0.025057 0.029185 -3.213696 0.053398 -0.006477 -0.000009 -0.000212 -0.000003 3.106152 -0.002144 -3.863247 -2.782392 0.000313 -0.005273 -2.549781 0.012159 -0.005248 0.000667 -0.000028 -0.000009 0.097770 0.049863 -8.735669 -2.911575 0.002505 0.001116 -2.719097 -0.015727 0.010276 -0.000221 0.000010 0.000008 -2.028689 0.135455 -13.732896 -3.499455 -0.032502 0.116652 -3.493540 -0.071001 0.084873 0.000359 0.000008 -0.000044 0.000000 0.000000 0.000000 0.000000 0.000000 0.000000 -5.785562 -13.159558 17.364964 -0.133299 -0.958176 5.149471 1.220135 -11.762861 17.511715 -1.160955 1.111044 -17.821688 0.000000 0.000000 0.000000 0.000000 0.000000 0.000000 0.000000 0.000000 0.000000 2.659173 -0.236991 11.612301 0.120645 0.697626 9.658343 0.476474 4.659073 17.603703 0.666961 -0.653520 -20.096189 0.000000 0.000000 0.000000 0.000000 0.000000 0.000000 0.000000 0.000000 0.000000 
0.316953 88.556068 4.684566 0.056240 -0.313119 -12.652472 0.715285 -0.104993 8.495822 -0.558182 0.091162 2.619804 -0.585565 -1.030625 6.429135 -1.111001 -0.262372 3.700068 0.931538 -0.584217 4.131479 0.096238 -0.083703 -3.606699 -0.094398 -0.886773 -19.691662 0.000000 0.000000 0.000000 92.224892 -0.424869 10.188837 65.049026 -34.722538 3.149157 -0.356167 14.812462 38.235340 -1.484094 8.129731 -5.297147 7.803879 -1.469782 41.241413 -0.000004 0.000024 -19.041384 0.000000 0.000048 -13.248331 0.000016 0.000006 -0.000029 -1.234961 -0.008187 -1.968521 4.291921 0.066935 -0.142660 4.288977 0.080043 -0.132262 -0.000012 0.000035 -0.000016 -1.828929 -0.010224 -5.698171 3.686493 0.018803 -0.043666 3.810708 0.027933 -0.030663 0.000017 0.000098 0.000004 -0.997479 -0.005064 -9.361134 3.762325 -0.036025 0.024207 3.801534 -0.033652 0.019333 -0.000002 0.000056 0.000003 0.403425 0.062458 -14.179655 3.884439 -0.108760 0.093964 3.892000 -0.118111 0.057992 -0.000208 0.000004 0.000008 0.000000 0.000000 0.000000 0.000000 0.000000 0.000000 -88.544151 -0.079844 6.324131 -69.968605 24.767565 -6.157715 -0.233500 -10.350385 52.523663 3.951818 -15.646904 -11.184447 -6.340472 1.233516 41.909222 0.000022 0.000019 -15.501024 -0.000020 -0.000022 -10.831420 -0.000866 0.000010 0.000265 8.944598 -0.003004 2.217720 -2.154944 0.030404 0.013492 -2.300868 0.058723 -0.022895 -0.000011 -0.000162 -0.000004 7.516277 0.000307 -2.386565 -1.870601 0.002216 -0.013723 -1.636796 0.013454 -0.011795 0.000681 -0.000027 -0.000012 4.264956 0.046061 -8.072652 -1.756448 0.000376 0.016761 -1.561398 -0.017257 0.020823 -0.000253 0.000010 0.000007 1.720221 0.130131 -13.765121 -2.262135 -0.039037 0.173302 -2.268339 -0.074723 0.130466 0.000363 0.000008 -0.000043 0.000000 0.000000 0.000000 0.000000 0.000000 0.000000 -5.783161 -13.072427 17.433716 -0.131801 -0.952514 5.102676 1.233309 -11.735752 17.457174 -1.160956 1.110359 -17.786905 0.000000 0.000000 0.000000 0.000000 0.000000 0.000000 0.000000 0.000000 0.000000 2.662734 -0.219365 11.647951 0.122972 0.704756 9.634416 0.476762 4.645567 17.578861 0.667401 -0.664401 -20.087296 0.000000 0.000000 0.000000 0.000000 0.000000 0.000000 0.000000 0.000000 0.000000 
0.316286 88.551552 4.691543 0.057395 -0.353236 -12.672863 0.682737 -0.096315 8.493112 -0.535898 0.087827 2.623708 -0.587713 -1.046459 6.411958 -1.111877 -0.265346 3.757880 0.792351 -0.561589 4.154163 0.054596 -0.135326 -3.633215 -0.096568 -0.891357 -19.754227 0.000000 0.000000 0.000000 92.113770 -0.417455 10.156689 64.974426 -34.278240 2.758308 -0.394383 14.841531 40.062286 -2.765411 6.370938 -5.371126 7.114287 -1.367429 41.576286 -0.000004 0.000022 -17.343515 -0.000001 0.000048 -12.075407 0.000016 0.000006 -0.000028 -4.862183 -0.002203 -0.536265 3.368399 0.074847 -0.146454 3.358687 0.087342 -0.138027 -0.000013 0.000033 -0.000015 -5.398244 -0.007140 -4.744346 2.808430 0.021619 -0.045424 2.930321 0.030568 -0.032184 0.000018 0.000097 0.000005 -4.589956 -0.009206 -9.117310 2.829496 -0.042073 0.023185 2.873577 -0.037351 0.018773 -0.000001 0.000034 0.000004 -2.882520 0.054954 -14.578975 2.989839 -0.122910 0.088911 2.999934 -0.129116 0.052495 -0.000264 0.000004 0.000005 0.000000 0.000000 0.000000 0.000000 0.000000 0.000000 -88.412041 -0.110575 6.281343 -70.220573 23.982267 -6.466171 -0.175336 -10.538326 54.422352 5.983929 -13.960308 -10.827346 -5.609780 1.113949 42.266102 0.000022 0.000019 -13.670561 -0.000023 -0.000023 -9.557394 -0.000911 0.000011 0.000205 13.178591 0.001195 4.038409 -1.697584 0.034349 0.019118 -1.837292 0.062610 -0.019618 -0.000013 -0.000098 -0.000006 11.501801 0.002288 -1.057586 -1.423087 0.003549 -0.013741 -1.194748 0.014542 -0.010786 0.000666 -0.000026 -0.000016 8.019821 0.042175 -7.423059 -1.149055 -0.001109 0.019598 -0.955084 -0.018395 0.021748 -0.000249 0.000010 0.000007 5.070971 0.121710 -13.705295 -1.567767 -0.043399 0.190049 -1.591202 -0.077059 0.143150 0.000373 0.000008 -0.000042 0.000000 0.000000 0.000000 0.000000 0.000000 0.000000 -5.763607 -12.966905 17.507902 -0.130312 -0.946313 5.036741 1.226226 -11.687617 17.424543 -1.162103 1.109156 -17.750076 0.000000 0.000000 0.000000 0.000000 0.000000 0.000000 0.000000 0.000000 0.000000 2.673316 -0.215684 11.689461 0.125493 0.712546 9.614757 0.474638 4.648322 17.544847 0.667809 -0.673909 -20.072065 0.000000 0.000000 0.000000 0.000000 0.000000 0.000000 0.000000 0.000000 0.000000 
0.313392 88.548477 4.700566 0.049430 -0.406837 -12.691917 0.662699 -0.090847 8.484927 -0.512262 0.084841 2.618960 -0.582381 -1.059351 6.409108 -1.117140 -0.267444 3.806164 0.638093 -0.512856 4.164029 0.017261 -0.160692 -3.664087 -0.105966 -0.897039 -19.799494 0.000000 0.000000 0.000000 92.033470 -0.408679 10.141591 64.825249 -33.782932 2.466153 -0.436104 14.859492 41.751369 -4.136232 4.543165 -5.328274 6.489667 -1.271790 41.878307 -0.000004 0.000021 -15.807370 -0.000003 0.000048 -11.014473 0.000015 0.000006 -0.000027 -8.247929 0.002899 0.741961 2.656776 0.077704 -0.149160 2.640582 0.089946 -0.143171 -0.000014 0.000031 -0.000013 -8.740286 -0.004389 -3.877967 2.150454 0.022598 -0.047323 2.270919 0.031679 -0.033852 0.000018 0.000094 0.000005 -7.925312 -0.013036 -8.881356 2.155496 -0.045116 0.023890 2.202598 -0.039083 0.019564 -0.000000 0.000003 0.000004 -5.941667 0.045652 -14.911162 2.364185 -0.129980 0.089555 2.376750 -0.134502 0.052335 -0.000316 0.000004 0.000002 0.000000 0.000000 0.000000 0.000000 0.000000 0.000000 -88.325256 -0.124250 6.244644 -70.388504 23.240868 -6.715796 -0.136136 -10.728148 56.286663 8.132129 -12.112505 -10.435884 -4.996256 1.007426 42.570007 0.000023 0.000018 -12.115055 -0.000027 -0.000024 -8.473907 -0.000948 0.000011 0.000184 16.898798 0.003681 5.586229 -1.472830 0.036304 0.035111 -1.606793 0.064526 -0.006339 -0.000014 -0.000027 -0.000007 15.014922 0.003724 0.097907 -1.226290 0.004091 -0.009267 -1.008036 0.015201 -0.005682 0.000633 -0.000025 -0.000023 11.293630 0.038395 -6.820500 -0.887124 -0.001811 0.014806 -0.696764 -0.018986 0.017143 -0.000207 0.000010 0.000007 7.948906 0.111359 -13.604371 -1.257748 -0.045342 0.180782 -1.299114 -0.077959 0.134071 0.000392 0.000009 -0.000041 0.000000 0.000000 0.000000 0.000000 0.000000 0.000000 -5.728286 -12.843114 17.588377 -0.129029 -0.940443 4.952717 1.201465 -11.614958 17.409344 -1.164667 1.108691 -17.713570 0.000000 0.000000 0.000000 0.000000 0.000000 0.000000 0.000000 0.000000 0.000000 2.690004 -0.219583 11.740175 0.127947 0.719943 9.593473 0.469366 4.660374 17.503992 0.667140 -0.681730 -20.053724 0.000000 0.000000 0.000000 0.000000 0.000000 0.000000 0.000000 0.000000 0.000000 
0.308545 88.545502 4.710972 0.035777 -0.471875 -12.710090 0.652828 -0.087797 8.474142 -0.487330 0.083154 2.606603 -0.573365 -1.066959 6.428708 -1.128140 -0.267119 3.848315 0.479897 -0.437280 4.163164 -0.012530 -0.153425 -3.694475 -0.121044 -0.902413 -19.829796 0.000000 0.000000 0.000000 91.978348 -0.400529 10.142242 64.621620 -33.237309 2.268072 -0.478519 14.880400 43.284477 -5.609083 2.720966 -5.174712 5.952585 -1.187543 42.136181 -0.000004 0.000020 -14.493026 -0.000004 0.000048 -10.106848 0.000015 0.000007 -0.000026 -11.221761 0.007157 1.816257 2.145999 0.076759 -0.151965 2.124391 0.089076 -0.148349 -0.000014 0.000029 -0.000012 -11.681729 -0.001900 -3.132338 1.694746 0.022207 -0.049457 1.815279 0.031621 -0.035632 0.000018 0.000092 0.000005 -10.843871 -0.016492 -8.664117 1.709527 -0.045570 0.025773 1.757720 -0.039186 0.021237 0.000000 -0.000031 0.000005 -8.634714 0.035025 -15.169281 1.967507 -0.130978 0.094053 1.983479 -0.135120 0.055821 -0.000357 0.000003 -0.000000 0.000000 0.000000 0.000000 0.000000 0.000000 0.000000 -88.279205 -0.123396 6.209917 -70.483681 22.536522 -6.923104 -0.110438 -10.908901 58.096008 10.405540 -10.121004 -9.986760 -4.482518 0.914386 42.826889 0.000023 0.000018 -10.799942 -0.000032 -0.000025 -7.557454 -0.000981 0.000011 0.000199 20.126331 0.004959 6.877554 -1.343529 0.036354 0.053755 -1.472321 0.064561 0.009865 -0.000015 0.000044 -0.000008 18.067635 0.004772 1.083972 -1.136037 0.003881 -0.003301 -0.929612 0.015396 0.000844 0.000598 -0.000024 -0.000032 14.113375 0.034784 -6.281216 -0.795445 -0.001656 0.007014 -0.610653 -0.019004 0.010501 -0.000135 0.000011 0.000007 10.397887 0.099881 -13.490701 -1.155873 -0.044701 0.159754 -1.213156 -0.077314 0.114961 0.000415 0.000009 -0.000040 0.000000 0.000000 0.000000 0.000000 0.000000 0.000000 -5.683977 -12.704025 17.672171 -0.128112 -0.935717 4.859079 1.165967 -11.517076 17.404896 -1.168011 1.110045 -17.679060 0.000000 0.000000 0.000000 0.000000 0.000000 0.000000 0.000000 0.000000 0.000000 2.710705 -0.227010 11.800266 0.130109 0.725978 9.568784 0.461049 4.678158 17.459196 0.665050 -0.687716 -20.034594 0.000000 0.000000 0.000000 0.000000 0.000000 0.000000 0.000000 0.000000 0.000000 
0.302323 88.541664 4.722494 0.020338 -0.544508 -12.728476 0.649400 -0.085906 8.462921 -0.462366 0.083655 2.588546 -0.563762 -1.066865 6.471820 -1.143887 -0.263042 3.886995 0.334884 -0.340225 4.158796 -0.033383 -0.113587 -3.719699 -0.139750 -0.906245 -19.845127 0.000000 0.000000 0.000000 91.933998 -0.393028 10.159278 64.400223 -32.644417 2.149964 -0.518426 14.914757 44.653114 -7.166950 0.975882 -4.935488 5.507880 -1.116766 42.347610 -0.000004 0.000019 -13.413569 -0.000005 0.000048 -9.361493 0.000015 0.000007 -0.000025 -13.716709 0.010694 2.682568 1.790775 0.073249 -0.155102 1.765362 0.085907 -0.153492 -0.000014 0.000027 -0.000010 -14.150377 0.000410 -2.514480 1.391598 0.020885 -0.051684 1.513427 0.030758 -0.037369 0.000019 0.000089 0.000004 -13.285842 -0.019528 -8.472787 1.429465 -0.043948 0.028039 1.476779 -0.038029 0.023179 0.000001 -0.000063 0.000006 -10.908545 0.023823 -15.360833 1.732150 -0.127071 0.099824 1.752573 -0.131967 0.060729 -0.000385 0.000003 -0.000003 0.000000 0.000000 0.000000 0.000000 0.000000 0.000000 -88.262947 -0.113716 6.178155 -70.531586 21.868820 -7.097494 -0.092610 -11.072468 59.827213 12.767707 -8.054118 -9.461789 -4.055205 0.834806 43.041538 0.000024 0.000018 -9.698737 -0.000037 -0.000025 -6.789609 -0.001010 0.000011 0.000242 22.872160 0.005528 7.931887 -1.244139 0.035040 0.071952 -1.368330 0.063244 0.025997 -0.000016 0.000108 -0.000008 20.666348 0.005589 1.907693 -1.080022 0.003137 0.002871 -0.884772 0.015239 0.007559 0.000567 -0.000023 -0.000042 16.500753 0.031407 -5.814200 -0.771677 -0.000812 -0.001474 -0.593595 -0.018596 0.003508 -0.000037 0.000011 0.000007 12.456017 0.087946 -13.378357 -1.147573 -0.041950 0.134744 -1.217299 -0.075431 0.092449 0.000441 0.000009 -0.000039 0.000000 0.000000 0.000000 0.000000 0.000000 0.000000 -5.638073 -12.555866 17.754984 -0.127624 -0.932534 4.765743 1.126365 -11.396983 17.405205 -1.171563 1.113520 -17.647385 0.000000 0.000000 0.000000 0.000000 0.000000 0.000000 0.000000 0.000000 0.000000 2.732960 -0.235300 11.865576 0.131863 0.729985 9.544395 0.451007 4.699659 17.412481 0.661549 -0.691707 -20.016123 0.000000 0.000000 0.000000 0.000000 0.000000 0.000000 0.000000 0.000000 0.000000 
0.295651 88.536652 4.734950 0.006702 -0.620414 -12.748309 0.649219 -0.084211 8.453412 -0.437343 0.086304 2.565749 -0.556485 -1.056880 6.534861 -1.162276 -0.254460 3.923395 0.217730 -0.230497 4.156123 -0.045825 -0.047442 -3.737621 -0.160065 -0.908113 -19.844643 0.000000 0.000000 0.000000 91.887238 -0.385514 10.193461 64.196426 -32.009789 2.102311 -0.553095 14.971928 45.848667 -8.775241 -0.616715 -4.642391 5.149079 -1.059394 42.516048 -0.000005 0.000018 -12.551818 -0.000006 0.000048 -8.766670 0.000015 0.000008 -0.000024 -15.743066 0.013682 3.363650 1.540221 0.068271 -0.158082 1.512833 0.081447 -0.158027 -0.000015 0.000026 -0.000009 -16.150812 0.002600 -2.014135 1.187848 0.019008 -0.053730 1.311536 0.029419 -0.038844 0.000019 0.000087 0.000004 -15.260386 -0.022107 -8.308344 1.253491 -0.040842 0.029933 1.297960 -0.035999 0.024827 0.000002 -0.000083 0.000006 -12.764895 0.012863 -15.497198 1.594306 -0.119620 0.104473 1.619701 -0.126186 0.065030 -0.000400 0.000003 -0.000005 0.000000 0.000000 0.000000 0.000000 0.000000 0.000000 -88.263008 -0.100826 6.152567 -70.561554 21.239292 -7.244203 -0.078929 -11.217668 61.460571 15.140053 -6.034979 -8.862138 -3.703206 0.768147 43.218460 0.000024 0.000018 -8.788119 -0.000043 -0.000026 -6.154013 -0.001034 0.000012 0.000304 25.158937 0.005773 8.773156 -1.148644 0.032987 0.088665 -1.268822 0.061203 0.040921 -0.000017 0.000163 -0.000009 22.829214 0.006288 2.579998 -1.027795 0.002116 0.008768 -0.841476 0.014878 0.013921 0.000538 -0.000022 -0.000052 18.480980 0.028341 -5.422204 -0.764705 0.000465 -0.009599 -0.593565 -0.017959 -0.003102 0.000077 0.000011 0.000007 14.155872 0.076231 -13.275381 -1.170001 -0.037847 0.109703 -1.248408 -0.072804 0.069960 0.000467 0.000009 -0.000038 0.000000 0.000000 0.000000 0.000000 0.000000 0.000000 -5.596475 -12.406398 17.833403 -0.127534 -0.930896 4.680128 1.087258 -11.260487 17.406754 -1.175191 1.118823 -17.618916 0.000000 0.000000 0.000000 0.000000 0.000000 0.000000 0.000000 0.000000 0.000000 2.754380 -0.242590 11.931518 0.133171 0.731588 9.525478 0.441174 4.722932 17.365282 0.656509 -0.693632 -19.998981 0.000000 0.000000 0.000000 0.000000 0.000000 0.000000 0.000000 0.000000 0.000000 
0.289381 88.530602 4.748195 -0.003141 -0.695397 -12.771236 0.650057 -0.082039 8.446962 -0.411832 0.090692 2.539891 -0.552512 -1.036350 6.610887 -1.181313 -0.241380 3.958792 0.135254 -0.116773 4.157897 -0.051461 0.036471 -3.747849 -0.180553 -0.907687 -19.828629 0.000000 0.000000 0.000000 91.830360 -0.377133 10.243877 64.037315 -31.341820 2.118309 -0.580714 15.057054 46.869816 -10.382097 -1.976493 -4.327960 4.865005 -1.014259 42.647285 -0.000005 0.000017 -11.877944 -0.000007 0.000048 -8.301941 0.000015 0.000008 -0.000023 -17.349310 0.016268 3.888866 1.356555 0.062611 -0.160542 1.329303 0.076399 -0.161647 -0.000015 0.000024 -0.000008 -17.725077 0.004670 -1.615493 1.044667 0.016844 -0.055452 1.170257 0.027847 -0.039983 0.000019 0.000085 0.000004 -16.806442 -0.024245 -8.168487 1.137833 -0.036782 0.031121 1.177663 -0.033427 0.025945 0.000002 -0.000090 0.000006 -14.228165 0.002704 -15.589629 1.510029 -0.109795 0.106936 1.540318 -0.118742 0.067873 -0.000406 0.000003 -0.000007 0.000000 0.000000 0.000000 0.000000 0.000000 0.000000 -88.268188 -0.088889 6.136208 -70.596436 20.652748 -7.363257 -0.067927 -11.350233 62.976402 17.416670 -4.210838 -8.210455 -3.416774 0.713595 43.361889 0.000024 0.000017 -8.046010 -0.000050 -0.000026 -5.635014 -0.001051 0.000012 0.000372 27.019829 0.006002 9.426287 -1.047977 0.030599 0.103478 -1.164630 0.058842 0.054226 -0.000018 0.000209 -0.000010 24.583643 0.006944 3.114223 -0.967560 0.000985 0.014186 -0.787018 0.014407 0.019682 0.000510 -0.000022 -0.000062 20.078648 0.025626 -5.102669 -0.751011 0.002029 -0.016787 -0.586174 -0.017210 -0.009002 0.000197 0.000011 0.000007 15.519485 0.065210 -13.186034 -1.192057 -0.032855 0.086962 -1.275477 -0.069670 0.049413 0.000494 0.000010 -0.000038 0.000000 0.000000 0.000000 0.000000 0.000000 0.000000 -5.562346 -12.263542 17.907263 -0.127778 -0.930672 4.605662 1.052274 -11.115784 17.408686 -1.178956 1.125451 -17.594318 0.000000 0.000000 0.000000 0.000000 0.000000 0.000000 0.000000 0.000000 0.000000 2.773296 -0.249381 11.995840 0.134036 0.730840 9.513691 0.433220 4.743308 17.319166 0.649871 -0.693659 -19.983025 0.000000 0.000000 0.000000 0.000000 0.000000 0.000000 0.000000 0.000000 0.000000 
0.284229 88.523956 4.762169 -0.008310 -0.765763 -12.798927 0.650464 -0.078940 8.443774 -0.385889 0.096329 2.513402 -0.551457 -1.006250 6.691873 -1.199893 -0.224424 3.994914 0.084972 -0.005554 4.163680 -0.052225 0.129846 -3.751621 -0.200385 -0.904925 -19.798616 0.000000 0.000000 0.000000 91.761238 -0.367246 10.308147 63.937759 -30.657084 2.189461 -0.599948 15.170111 47.726177 -11.929847 -3.035762 -4.021740 4.643682 -0.979841 42.747368 -0.000005 0.000017 -11.360109 -0.000008 0.000048 -7.945290 0.000015 0.000008 -0.000023 -18.596893 0.018505 4.283123 1.216044 0.056691 -0.162331 1.191274 0.071127 -0.164325 -0.000015 0.000022 -0.000007 -18.928490 0.006553 -1.304589 0.938032 0.014538 -0.056805 1.065400 0.026176 -0.040802 0.000020 0.000084 0.000004 -17.972862 -0.025970 -8.051379 1.055812 -0.032136 0.031522 1.089557 -0.030533 0.026494 0.000003 -0.000082 0.000007 -15.332548 -0.006342 -15.648725 1.452890 -0.098315 0.106947 1.487659 -0.110202 0.069119 -0.000404 0.000003 -0.000008 0.000000 0.000000 0.000000 0.000000 0.000000 0.000000 -88.271812 -0.080094 6.129485 -70.646965 20.117077 -7.452235 -0.060241 -11.476712 64.361305 19.497999 -2.710306 -7.543718 -3.187359 0.670113 43.475727 0.000025 0.000017 -7.451852 -0.000056 -0.000026 -5.218119 -0.001062 0.000012 0.000437 28.496267 0.006378 9.916432 -0.942277 0.028051 0.116218 -1.055638 0.056326 0.065851 -0.000019 0.000246 -0.000010 25.965279 0.007582 3.525567 -0.897677 -0.000170 0.019038 -0.719520 0.013869 0.024739 0.000485 -0.000021 -0.000070 21.321688 0.023279 -4.849803 -0.722619 0.003834 -0.022709 -0.562737 -0.016381 -0.014067 0.000312 0.000012 0.000007 16.566843 0.055116 -13.112049 -1.200870 -0.027096 0.067977 -1.286056 -0.066013 0.031921 0.000522 0.000010 -0.000037 0.000000 0.000000 0.000000 0.000000 0.000000 0.000000 -5.537116 -12.134073 17.978701 -0.128328 -0.931816 4.542314 1.024436 -10.971297 17.411160 -1.183007 1.132933 -17.574085 0.000000 0.000000 0.000000 0.000000 0.000000 0.000000 0.000000 0.000000 0.000000 2.788631 -0.257418 12.058104 0.134512 0.728208 9.507259 0.428365 4.754807 17.275593 0.641798 -0.692175 -19.967308 0.000000 0.000000 0.000000 0.000000 0.000000 0.000000 0.000000 0.000000 0.000000 
0.280790 88.517204 4.777035 -0.008676 -0.828954 -12.832946 0.649781 -0.074575 8.443563 -0.360261 0.102746 2.488620 -0.552504 -0.968551 6.770971 -1.217986 -0.204708 4.033273 0.058034 0.098244 4.170702 -0.050272 0.224527 -3.751354 -0.218809 -0.900201 -19.757114 0.000000 0.000000 0.000000 91.681694 -0.355538 10.382413 63.900841 -29.979195 2.303287 -0.609593 15.305012 48.437096 -13.364629 -3.753664 -3.745442 4.474911 -0.954543 42.821659 -0.000005 0.000016 -10.970857 -0.000008 0.000049 -7.677631 0.000015 0.000008 -0.000022 -19.547947 0.020277 4.564092 1.106471 0.050779 -0.163613 1.086401 0.065861 -0.166335 -0.000015 0.000021 -0.000006 -19.819576 0.008126 -1.071802 0.856017 0.012190 -0.057861 0.985112 0.024491 -0.041406 0.000020 0.000083 0.000004 -18.813669 -0.027288 -7.957784 0.993796 -0.027213 0.031264 1.020512 -0.027484 0.026575 0.000003 -0.000065 0.000007 -16.121647 -0.014041 -15.685056 1.409176 -0.085778 0.104829 1.448101 -0.100990 0.069099 -0.000397 0.000003 -0.000010 0.000000 0.000000 0.000000 0.000000 0.000000 0.000000 -88.270988 -0.075060 6.130766 -70.715355 19.641607 -7.511311 -0.057520 -11.599973 65.615944 21.313353 -1.614142 -6.902104 -3.007350 0.636386 43.563824 0.000025 0.000017 -6.986255 -0.000062 -0.000027 -4.889997 -0.001069 0.000013 0.000489 29.638210 0.006850 10.270642 -0.836128 0.025444 0.127028 -0.946137 0.053731 0.076027 -0.000019 0.000276 -0.000010 27.019812 0.008162 3.831999 -0.821560 -0.001291 0.023356 -0.642750 0.013292 0.029129 0.000463 -0.000021 -0.000077 22.248791 0.021320 -4.655296 -0.679244 0.005830 -0.027338 -0.522610 -0.015488 -0.018350 0.000413 0.000012 0.000007 17.327875 0.046098 -13.052936 -1.192891 -0.020680 0.053171 -1.277335 -0.061818 0.017785 0.000551 0.000010 -0.000037 0.000000 0.000000 0.000000 0.000000 0.000000 0.000000 -5.521401 -12.021894 18.050508 -0.129181 -0.934303 4.488920 1.005890 -10.834120 17.413198 -1.187485 1.140916 -17.557661 0.000000 0.000000 0.000000 0.000000 0.000000 0.000000 0.000000 0.000000 0.000000 2.799641 -0.268628 12.118332 0.134697 0.724388 9.503986 0.427518 4.753264 17.234970 0.632700 -0.689684 -19.950665 0.000000 0.000000 0.000000 0.000000 0.000000 0.000000 0.000000 0.000000 0.000000 
0.279591 88.510727 4.793327 -0.004524 -0.883709 -12.874552 0.647991 -0.068603 8.446555 -0.336206 0.109518 2.466049 -0.554881 -0.924903 6.845069 -1.236343 -0.183335 4.074230 0.044046 0.190393 4.175250 -0.047873 0.312411 -3.749835 -0.234824 -0.894120 -19.707369 0.000000 0.000000 0.000000 91.596657 -0.342117 10.462295 63.918491 -29.334951 2.445687 -0.608722 15.448282 49.024368 -14.645161 -4.125244 -3.513199 4.350814 -0.936868 42.874638 -0.000006 0.000016 -10.689032 -0.000008 0.000049 -7.484056 0.000016 0.000008 -0.000022 -20.258451 0.021316 4.743883 1.022384 0.045141 -0.165023 1.008783 0.060856 -0.168363 -0.000015 0.000020 -0.000006 -20.454292 0.009247 -0.911607 0.794252 0.009921 -0.058898 0.925064 0.022879 -0.042053 0.000020 0.000083 0.000004 -19.385490 -0.028191 -7.891165 0.946432 -0.022362 0.030755 0.965720 -0.024473 0.026482 0.000003 -0.000047 0.000007 -16.647448 -0.020257 -15.709415 1.373264 -0.072967 0.101796 1.416366 -0.091650 0.068734 -0.000386 0.000002 -0.000011 0.000000 0.000000 0.000000 0.000000 0.000000 0.000000 -88.266129 -0.073426 6.138287 -70.799164 19.238235 -7.545821 -0.060709 -11.716125 66.754745 22.833752 -0.945762 -6.317447 -2.869042 0.610895 43.630219 0.000026 0.000017 -6.629353 -0.000068 -0.000027 -4.637205 -0.001074 0.000013 0.000528 30.501474 0.007220 10.518091 -0.734895 0.022881 0.136305 -0.841317 0.051118 0.085178 -0.000020 0.000304 -0.000010 27.801043 0.008616 4.053816 -0.744082 -0.002321 0.027286 -0.562322 0.012712 0.033006 0.000447 -0.000021 -0.000082 22.910631 0.019772 -4.509284 -0.623585 0.007909 -0.030926 -0.468594 -0.014558 -0.022049 0.000498 0.000012 0.000007 17.847008 0.038312 -13.006517 -1.168623 -0.013845 0.041997 -1.250765 -0.057191 0.006529 0.000580 0.000010 -0.000036 0.000000 0.000000 0.000000 0.000000 0.000000 0.000000 -5.515104 -11.927046 18.124655 -0.130340 -0.938060 4.445459 0.997460 -10.710190 17.411816 -1.192444 1.149151 -17.543333 0.000000 0.000000 0.000000 0.000000 0.000000 0.000000 0.000000 0.000000 0.000000 2.805892 -0.284331 12.176621 0.134708 0.720056 9.502965 0.431341 4.737930 17.196121 0.623221 -0.686665 -19.932049 0.000000 0.000000 0.000000 0.000000 0.000000 0.000000 0.000000 0.000000 0.000000 
0.281323 88.504669 4.811423 0.004508 -0.929074 -12.923173 0.645609 -0.060860 8.454563 -0.314641 0.116227 2.443559 -0.557772 -0.875754 6.915680 -1.256608 -0.160866 4.115279 0.035660 0.266193 4.169453 -0.046952 0.385142 -3.751602 -0.246551 -0.887224 -19.651360 0.000000 0.000000 0.000000 91.511467 -0.327228 10.546368 63.976078 -28.744095 2.600498 -0.596919 15.587597 49.507557 -15.754231 -4.185661 -3.333906 4.264842 -0.925341 42.910179 -0.000006 0.000016 -10.497336 -0.000009 0.000049 -7.352394 0.000016 0.000008 -0.000022 -20.778086 0.021403 4.832587 0.959467 0.040158 -0.167559 0.953232 0.056502 -0.171389 -0.000014 0.000019 -0.000005 -20.887224 0.009836 -0.819882 0.750058 0.007920 -0.060343 0.882281 0.021467 -0.043091 0.000020 0.000084 0.000003 -19.748203 -0.028662 -7.855631 0.910316 -0.018013 0.030547 0.922190 -0.021758 0.026620 0.000004 -0.000032 0.000008 -16.968971 -0.024840 -15.732099 1.342352 -0.061020 0.099602 1.389763 -0.083015 0.069179 -0.000375 0.000002 -0.000011 0.000000 0.000000 0.000000 0.000000 0.000000 0.000000 -88.258499 -0.074547 6.153201 -70.891747 18.918173 -7.564341 -0.068296 -11.818116 67.798668 24.071680 -0.664238 -5.807890 -2.764244 0.591950 43.679291 0.000026 0.000018 -6.360031 -0.000072 -0.000027 -4.445616 -0.001076 0.000013 0.000551 31.144545 0.007238 10.685496 -0.643086 0.020579 0.144701 -0.746060 0.048649 0.093854 -0.000020 0.000332 -0.000010 28.368465 0.008881 4.210334 -0.670307 -0.003172 0.031059 -0.484297 0.012205 0.036614 0.000437 -0.000021 -0.000084 23.368055 0.018672 -4.401711 -0.560141 0.009835 -0.034002 -0.405527 -0.013692 -0.025483 0.000564 0.000012 0.000007 18.181992 0.032082 -12.969096 -1.130868 -0.007182 0.032991 -1.210381 -0.052541 -0.003028 0.000605 0.000010 -0.000036 0.000000 0.000000 0.000000 0.000000 0.000000 0.000000 -5.518382 -11.846847 18.200096 -0.131766 -0.942963 4.412975 0.998260 -10.604263 17.404362 -1.197941 1.157469 -17.530106 0.000000 0.000000 0.000000 0.000000 0.000000 0.000000 0.000000 0.000000 0.000000 2.806877 -0.304004 12.232141 0.134684 0.715772 9.504111 0.439760 4.710675 17.158121 0.614027 -0.683636 -19.911077 0.000000 0.000000 0.000000 0.000000 0.000000 0.000000 0.000000 0.000000 0.000000 
0.286151 88.498955 4.831879 0.017552 -0.964351 -12.976865 0.643765 -0.051886 8.468627 -0.295761 0.122069 2.416809 -0.561744 -0.821551 6.984948 -1.279912 -0.138314 4.155461 0.030167 0.324615 4.155870 -0.047978 0.439995 -3.755581 -0.252817 -0.879166 -19.592499 0.000000 0.000000 0.000000 91.431923 -0.311059 10.631278 64.047592 -28.230793 2.759104 -0.576047 15.712368 49.906998 -16.686880 -4.006619 -3.212268 4.208456 -0.918525 42.932499 -0.000007 0.000016 -10.374415 -0.000009 0.000050 -7.267613 0.000016 0.000008 -0.000022 -21.150129 0.020527 4.840999 0.912116 0.035716 -0.171225 0.912987 0.052687 -0.175464 -0.000014 0.000018 -0.000005 -21.169622 0.009922 -0.790740 0.719208 0.006189 -0.062217 0.852290 0.020224 -0.044537 0.000020 0.000084 0.000004 -19.959019 -0.028757 -7.853598 0.882756 -0.014219 0.030859 0.887573 -0.019356 0.027131 0.000004 -0.000022 0.000008 -17.144714 -0.027809 -15.761582 1.315923 -0.050195 0.099190 1.367387 -0.075162 0.070899 -0.000365 0.000001 -0.000012 0.000000 0.000000 0.000000 0.000000 0.000000 0.000000 -88.249939 -0.077727 6.176692 -70.984619 18.697630 -7.572316 -0.078464 -11.898606 68.751793 25.065207 -0.701663 -5.380944 -2.685123 0.578124 43.715015 0.000027 0.000018 -6.158416 -0.000076 -0.000027 -4.301325 -0.001075 0.000013 0.000554 31.615490 0.006793 10.788335 -0.561642 0.018534 0.152358 -0.661699 0.046278 0.102081 -0.000020 0.000361 -0.000009 28.773382 0.008930 4.313619 -0.602298 -0.003856 0.034710 -0.411917 0.011782 0.040049 0.000431 -0.000020 -0.000086 23.673788 0.017984 -4.326224 -0.493008 0.011524 -0.037008 -0.337743 -0.012900 -0.028859 0.000615 0.000013 0.000007 18.383314 0.027506 -12.937627 -1.083632 -0.000975 0.024530 -1.160636 -0.048083 -0.012198 0.000625 0.000011 -0.000036 0.000000 0.000000 0.000000 0.000000 0.000000 0.000000 -5.532240 -11.780207 18.274130 -0.133408 -0.948760 4.391748 1.007463 -10.519325 17.391768 -1.204115 1.165803 -17.517546 0.000000 0.000000 0.000000 0.000000 0.000000 0.000000 0.000000 0.000000 0.000000 2.802831 -0.325755 12.284210 0.134739 0.711970 9.507307 0.451847 4.674358 17.119442 0.605714 -0.681021 -19.887959 0.000000 0.000000 0.000000 0.000000 0.000000 0.000000 0.000000 0.000000 0.000000 
0.293591 88.493523 4.854986 0.033593 -0.988290 -13.033214 0.642800 -0.042404 8.488767 -0.279764 0.126496 2.382544 -0.567280 -0.763331 7.054720 -1.305943 -0.116540 4.195764 0.026466 0.369034 4.140201 -0.050297 0.480307 -3.759094 -0.253821 -0.869390 -19.534388 0.000000 0.000000 0.000000 91.361382 -0.294075 10.712204 64.106003 -27.815374 2.916433 -0.549245 15.812775 50.247601 -17.452379 -3.673715 -3.146462 4.172462 -0.914932 42.946018 -0.000007 0.000016 -10.297110 -0.000009 0.000050 -7.213729 0.000016 0.000008 -0.000022 -21.420555 0.018782 4.780543 0.874019 0.031512 -0.175576 0.880913 0.049130 -0.180184 -0.000014 0.000018 -0.000005 -21.353365 0.009572 -0.816592 0.696633 0.004640 -0.064301 0.829910 0.019051 -0.046212 0.000019 0.000085 0.000004 -20.073746 -0.028543 -7.886127 0.860406 -0.010850 0.031574 0.859014 -0.017165 0.027895 0.000004 -0.000017 0.000008 -17.229904 -0.029300 -15.805284 1.292926 -0.040286 0.100506 1.347810 -0.067802 0.073618 -0.000358 0.000001 -0.000013 0.000000 0.000000 0.000000 0.000000 0.000000 0.000000 -88.240242 -0.082528 6.207961 -71.069466 18.587494 -7.572898 -0.089044 -11.951161 69.607552 25.856548 -0.992480 -5.040912 -2.624601 0.568066 43.741100 0.000027 0.000018 -6.006211 -0.000079 -0.000027 -4.191531 -0.001067 0.000013 0.000537 31.957689 0.005873 10.837717 -0.489343 0.016656 0.159239 -0.587382 0.043890 0.109678 -0.000020 0.000390 -0.000009 29.060944 0.008761 4.373064 -0.540226 -0.004433 0.038188 -0.346483 0.011415 0.043324 0.000431 -0.000020 -0.000085 23.872009 0.017632 -4.277913 -0.425912 0.012986 -0.040145 -0.269083 -0.012148 -0.032216 0.000657 0.000013 0.000006 18.491655 0.024509 -12.910172 -1.031352 0.004698 0.015609 -1.106017 -0.043892 -0.021803 0.000636 0.000011 -0.000036 0.000000 0.000000 0.000000 0.000000 0.000000 0.000000 -5.558233 -11.728252 18.343914 -0.135171 -0.955175 4.381289 1.024851 -10.456808 17.375786 -1.211158 1.174169 -17.505512 0.000000 0.000000 0.000000 0.000000 0.000000 0.000000 0.000000 0.000000 0.000000 2.793893 -0.347729 12.332330 0.134910 0.708871 9.512313 0.467049 4.632213 17.078480 0.598519 -0.679157 -19.862663 0.000000 0.000000 0.000000 0.000000 0.000000 0.000000 0.000000 0.000000 0.000000 
0.302834 88.488350 4.880218 0.052106 -0.999663 -13.090181 0.642336 -0.033035 8.513999 -0.265971 0.129019 2.340365 -0.574444 -0.701175 7.128006 -1.333324 -0.095233 4.237845 0.025434 0.403926 4.119748 -0.052549 0.512241 -3.764321 -0.250518 -0.857576 -19.479782 0.000000 0.000000 0.000000 91.299072 -0.276852 10.787951 64.135185 -27.500984 3.065537 -0.519219 15.884340 50.564137 -18.075413 -3.263398 -3.128216 4.148898 -0.912939 42.954994 -0.000007 0.000016 -10.244501 -0.000009 0.000050 -7.176879 0.000016 0.000007 -0.000022 -21.636545 0.016313 4.667021 0.842747 0.027594 -0.180555 0.854264 0.045877 -0.185417 -0.000014 0.000017 -0.000005 -21.489050 0.008902 -0.885612 0.681248 0.003288 -0.066527 0.813822 0.017962 -0.048052 0.000019 0.000086 0.000004 -20.144394 -0.028077 -7.950096 0.843062 -0.007934 0.032588 0.836696 -0.015207 0.028819 0.000005 -0.000012 0.000008 -17.271858 -0.029486 -15.867676 1.274699 -0.031478 0.103433 1.332225 -0.061086 0.077105 -0.000352 0.000000 -0.000013 0.000000 0.000000 0.000000 0.000000 0.000000 0.000000 -88.228523 -0.087808 6.246027 -71.137444 18.580730 -7.571864 -0.098172 -11.971918 70.368645 26.481037 -1.480712 -4.788527 -2.576869 0.560546 43.760822 0.000027 0.000018 -5.887771 -0.000080 -0.000027 -4.105680 -0.001049 0.000013 0.000506 32.210697 0.004526 10.849265 -0.425232 0.014965 0.165254 -0.522203 0.041520 0.116387 -0.000019 0.000419 -0.000009 29.270418 0.008397 4.401073 -0.484152 -0.004919 0.041416 -0.288856 0.011099 0.046392 0.000435 -0.000020 -0.000084 24.001415 0.017570 -4.250522 -0.361710 0.014203 -0.043403 -0.202535 -0.011445 -0.035480 0.000696 0.000013 0.000006 18.542994 0.023023 -12.885909 -0.977142 0.009637 0.005922 -1.049866 -0.040157 -0.032069 0.000638 0.000011 -0.000036 0.000000 0.000000 0.000000 0.000000 0.000000 0.000000 -5.596776 -11.692045 18.407324 -0.136932 -0.961952 4.381044 1.049951 -10.415575 17.356487 -1.219154 1.182491 -17.493637 0.000000 0.000000 0.000000 0.000000 0.000000 0.000000 0.000000 0.000000 0.000000 2.780177 -0.367987 12.376961 0.135111 0.706369 9.518523 0.484163 4.587527 17.034813 0.592334 -0.678224 -19.834362 0.000000 0.000000 0.000000 0.000000 0.000000 0.000000 0.000000 0.000000 0.000000 
0.312827 88.483650 4.906609 0.071801 -0.998432 -13.145599 0.642344 -0.024369 8.542429 -0.254002 0.129447 2.292910 -0.581684 -0.636374 7.207154 -1.359928 -0.074422 4.280560 0.031104 0.431394 4.083223 -0.053514 0.540620 -3.778756 -0.243363 -0.843616 -19.427343 0.000000 0.000000 0.000000 91.239395 -0.258787 10.860242 64.141304 -27.270630 3.187821 -0.488041 15.930720 50.912643 -18.588802 -2.842745 -3.138519 4.133198 -0.911383 42.962147 -0.000008 0.000016 -10.204311 -0.000009 0.000050 -7.149249 0.000016 0.000007 -0.000022 -21.829632 0.013256 4.516008 0.819657 0.024237 -0.186419 0.834259 0.043180 -0.191295 -0.000014 0.000016 -0.000005 -21.609228 0.008030 -0.985654 0.675294 0.002221 -0.069006 0.806242 0.017048 -0.050134 0.000018 0.000087 0.000004 -20.203495 -0.027365 -8.041487 0.833252 -0.005642 0.034055 0.823288 -0.013614 0.030009 0.000005 -0.000005 0.000008 -17.297810 -0.028398 -15.952088 1.264653 -0.024297 0.108811 1.323995 -0.055534 0.081952 -0.000346 -0.000000 -0.000014 0.000000 0.000000 0.000000 0.000000 0.000000 0.000000 -88.211731 -0.091760 6.291060 -71.188423 18.655045 -7.584452 -0.105447 -11.964175 71.051308 26.968277 -2.094474 -4.609615 -2.538002 0.554674 43.776543 0.000027 0.000019 -5.792208 -0.000082 -0.000026 -4.036632 -0.001015 0.000013 0.000473 32.406105 0.002802 10.839314 -0.368598 0.013520 0.170293 -0.465302 0.039273 0.121997 -0.000019 0.000445 -0.000009 29.431402 0.007862 4.410502 -0.434021 -0.005318 0.044330 -0.239555 0.010844 0.049204 0.000443 -0.000020 -0.000082 24.090437 0.017774 -4.236645 -0.303096 0.015148 -0.046758 -0.141004 -0.010840 -0.038592 0.000735 0.000013 0.000006 18.563406 0.022969 -12.863804 -0.924214 0.013602 -0.004770 -0.995751 -0.037130 -0.043019 0.000630 0.000011 -0.000036 0.000000 0.000000 0.000000 0.000000 0.000000 0.000000 -5.644744 -11.671515 18.463772 -0.138564 -0.968911 4.389385 1.081667 -10.393748 17.331766 -1.227865 1.190727 -17.481213 0.000000 0.000000 0.000000 0.000000 0.000000 0.000000 0.000000 0.000000 0.000000 2.763145 -0.386990 12.419465 0.135282 0.704468 9.523463 0.501575 4.542743 16.989878 0.587146 -0.678380 -19.803030 0.000000 0.000000 0.000000 0.000000 0.000000 0.000000 0.000000 0.000000 0.000000 
0.322412 88.479698 4.933091 0.090068 -0.986327 -13.197770 0.644513 -0.017129 8.571829 -0.244035 0.128076 2.245206 -0.586856 -0.570778 7.293289 -1.384827 -0.054185 4.321283 0.049294 0.449324 4.019282 -0.052588 0.565645 -3.811074 -0.231393 -0.827641 -19.374435 0.000000 0.000000 0.000000 91.176781 -0.238409 10.931887 64.143372 -27.088493 3.259732 -0.457973 15.963579 51.359608 -19.027185 -2.455715 -3.143346 4.125771 -0.909963 42.967579 -0.000008 0.000016 -10.178041 -0.000009 0.000050 -7.132255 0.000016 0.000007 -0.000022 -22.002142 0.009794 4.343781 0.808452 0.021708 -0.193076 0.824614 0.041263 -0.197668 -0.000014 0.000016 -0.000006 -21.715750 0.007066 -1.104085 0.682915 0.001515 -0.071789 0.811447 0.016403 -0.052478 0.000018 0.000087 0.000004 -20.252243 -0.026413 -8.154910 0.835111 -0.004175 0.036189 0.822973 -0.012548 0.031627 0.000005 0.000004 0.000008 -17.306437 -0.026098 -16.059227 1.267616 -0.019312 0.117892 1.327870 -0.051756 0.089116 -0.000342 -0.000001 -0.000015 0.000000 0.000000 0.000000 0.000000 0.000000 0.000000 -88.189919 -0.092088 6.343048 -71.225433 18.775820 -7.627532 -0.111560 -11.941305 71.678940 27.338373 -2.740789 -4.469955 -2.506855 0.550136 43.789204 0.000027 0.000019 -5.715859 -0.000082 -0.000026 -3.982076 -0.000963 0.000013 0.000451 32.559841 0.000791 10.826694 -0.320544 0.012354 0.174177 -0.417639 0.037234 0.126354 -0.000018 0.000466 -0.000009 29.557764 0.007202 4.415668 -0.391249 -0.005645 0.046837 -0.200073 0.010652 0.051701 0.000453 -0.000019 -0.000080 24.153229 0.018206 -4.226902 -0.252976 0.015829 -0.050174 -0.087641 -0.010378 -0.041519 0.000776 0.000013 0.000006 18.566223 0.024083 -12.840786 -0.875230 0.016465 -0.016614 -0.946803 -0.034975 -0.054510 0.000613 0.000011 -0.000036 0.000000 0.000000 0.000000 0.000000 0.000000 0.000000 -5.695514 -11.664771 18.513735 -0.139950 -0.975954 4.404795 1.117114 -10.388535 17.300098 -1.236615 1.198985 -17.468008 0.000000 0.000000 0.000000 0.000000 0.000000 0.000000 0.000000 0.000000 0.000000 2.745617 -0.407986 12.461930 0.135423 0.703329 9.524010 0.517622 4.501281 16.946033 0.583198 -0.679720 -19.769701 0.000000 0.000000 0.000000 0.000000 0.000000 0.000000 0.000000 0.000000 0.000000 
0.330579 88.476944 4.958786 0.103527 -0.966155 -13.245825 0.651235 -0.012220 8.600933 -0.235679 0.125348 2.201456 -0.590097 -0.506935 7.387223 -1.408569 -0.035022 4.356898 0.084208 0.454043 3.924166 -0.049762 0.584673 -3.864567 -0.214009 -0.810841 -19.318716 0.000000 0.000000 0.000000 91.112152 -0.215156 11.004021 64.154167 -26.923975 3.271911 -0.431571 15.991210 51.943363 -19.421137 -2.128139 -3.106257 4.129582 -0.909208 42.969463 -0.000008 0.000016 -10.175856 -0.000009 0.000050 -7.132722 0.000017 0.000007 -0.000022 -22.130667 0.006269 4.164954 0.811061 0.019977 -0.199718 0.827517 0.040069 -0.203826 -0.000014 0.000015 -0.000006 -21.784426 0.006112 -1.229149 0.705819 0.001135 -0.074683 0.831384 0.016033 -0.054903 0.000017 0.000088 0.000004 -20.267046 -0.025273 -8.280684 0.850472 -0.003536 0.038974 0.837483 -0.012044 0.033683 0.000005 0.000018 0.000007 -17.277020 -0.022975 -16.180462 1.285318 -0.016577 0.131127 1.345528 -0.049936 0.099044 -0.000339 -0.000001 -0.000015 0.000000 0.000000 0.000000 0.000000 0.000000 0.000000 -88.169189 -0.087250 6.400737 -71.248276 18.910929 -7.712365 -0.116751 -11.917075 72.265892 27.621284 -3.331592 -4.323666 -2.484642 0.547157 43.798401 0.000027 0.000019 -5.661471 -0.000083 -0.000025 -3.943850 -0.000891 0.000013 0.000447 32.670372 -0.001300 10.823623 -0.284357 0.011401 0.176589 -0.382310 0.035393 0.129320 -0.000017 0.000481 -0.000009 29.646561 0.006521 4.426220 -0.359271 -0.005941 0.048796 -0.173157 0.010498 0.053785 0.000465 -0.000019 -0.000077 24.186804 0.018790 -4.213292 -0.214580 0.016337 -0.053537 -0.046126 -0.010051 -0.044192 0.000817 0.000013 0.000005 18.549116 0.025903 -12.812079 -0.832973 0.018413 -0.029266 -0.905984 -0.033620 -0.066057 0.000587 0.000011 -0.000037 0.000000 0.000000 0.000000 0.000000 0.000000 0.000000 -5.740567 -11.668788 18.558313 -0.141036 -0.983044 4.425251 1.152661 -10.396638 17.263691 -1.244677 1.207381 -17.455872 0.000000 0.000000 0.000000 0.000000 0.000000 0.000000 0.000000 0.000000 0.000000 2.731377 -0.434993 12.505031 0.135562 0.703111 9.519561 0.530889 4.465800 16.905743 0.580727 -0.682010 -19.736654 0.000000 0.000000 0.000000 0.000000 0.000000 0.000000 0.000000 0.000000 0.000000 
0.336640 88.475677 4.982891 0.109609 -0.941374 -13.289478 0.664163 -0.010272 8.629814 -0.226946 0.121845 2.163879 -0.594213 -0.446805 7.488875 -1.432615 -0.017288 4.385780 0.133210 0.445452 3.801963 -0.045420 0.595631 -3.935892 -0.192753 -0.795667 -19.259331 0.000000 0.000000 0.000000 91.050079 -0.189885 11.075801 64.171806 -26.765863 3.239191 -0.410357 16.014536 52.646618 -19.791044 -1.860716 -3.004904 4.147171 -0.909921 42.965679 -0.000009 0.000016 -10.207542 -0.000009 0.000050 -7.157064 0.000017 0.000006 -0.000023 -22.183432 0.003102 3.990952 0.826319 0.018789 -0.205247 0.841880 0.039338 -0.208836 -0.000014 0.000015 -0.000006 -21.782921 0.005273 -1.350148 0.741585 0.000976 -0.077364 0.864029 0.015872 -0.057134 0.000017 0.000089 0.000004 -20.215340 -0.024065 -8.402849 0.877723 -0.003523 0.042175 0.864783 -0.012007 0.036049 0.000005 0.000041 0.000007 -17.183952 -0.019742 -16.294291 1.315432 -0.015652 0.147889 1.374443 -0.049814 0.111476 -0.000339 -0.000002 -0.000016 0.000000 0.000000 0.000000 0.000000 0.000000 0.000000 -88.159660 -0.077110 6.461291 -71.251541 19.041107 -7.840087 -0.120398 -11.899145 72.816620 27.862530 -3.831026 -4.133419 -2.473101 0.546112 43.803257 0.000027 0.000019 -5.633373 -0.000083 -0.000024 -3.924613 -0.000808 0.000013 0.000461 32.727097 -0.003191 10.830207 -0.262698 0.010608 0.177451 -0.361909 0.033762 0.131038 -0.000016 0.000485 -0.000010 29.686876 0.005957 4.444050 -0.341118 -0.006227 0.050199 -0.160642 0.010367 0.055425 0.000481 -0.000019 -0.000074 24.179596 0.019430 -4.190396 -0.189880 0.016768 -0.056834 -0.018868 -0.009844 -0.046616 0.000857 0.000013 0.000005 18.500631 0.027874 -12.771132 -0.799964 0.019729 -0.042361 -0.875697 -0.032920 -0.077317 0.000556 0.000011 -0.000037 0.000000 0.000000 0.000000 0.000000 0.000000 0.000000 -5.772321 -11.678406 18.597757 -0.141852 -0.990140 4.449334 1.185064 -10.412516 17.227316 -1.251824 1.215934 -17.447735 0.000000 0.000000 0.000000 0.000000 0.000000 0.000000 0.000000 0.000000 0.000000 2.723419 -0.470056 12.546713 0.135714 0.703793 9.514017 0.539967 4.437950 16.868816 0.579766 -0.684704 -19.705456 0.000000 0.000000 0.000000 0.000000 0.000000 0.000000 0.000000 0.000000 0.000000 
0.340367 88.475899 5.004879 0.108282 -0.915567 -13.328931 0.682385 -0.011206 8.658751 -0.215854 0.117848 2.132469 -0.601909 -0.391342 7.596732 -1.458236 -0.001417 4.408206 0.190902 0.427924 3.665661 -0.039593 0.600077 -4.015598 -0.170378 -0.784268 -19.197594 0.000000 0.000000 0.000000 90.994995 -0.164562 11.144878 64.184845 -26.621935 3.192072 -0.394728 16.032021 53.422138 -20.150398 -1.648583 -2.843837 4.178728 -0.912667 42.955200 -0.000009 0.000017 -10.276002 -0.000010 0.000050 -7.206985 0.000017 0.000006 -0.000023 -22.141768 0.000580 3.828211 0.849293 0.017892 -0.209018 0.862916 0.038853 -0.212149 -0.000014 0.000014 -0.000006 -21.691156 0.004616 -1.460511 0.783485 0.000938 -0.079579 0.903176 0.015839 -0.058955 0.000016 0.000090 0.000004 -20.076042 -0.022910 -8.507983 0.910831 -0.003900 0.045481 0.898294 -0.012295 0.038519 0.000005 0.000076 0.000007 -17.011854 -0.017010 -16.381010 1.350863 -0.016034 0.166861 1.407463 -0.050955 0.125594 -0.000338 -0.000002 -0.000016 0.000000 0.000000 0.000000 0.000000 0.000000 0.000000 -88.167473 -0.063729 6.520716 -71.235329 19.152355 -8.001214 -0.121144 -11.888346 73.338799 28.104267 -4.246126 -3.886154 -2.472706 0.547102 43.803455 0.000027 0.000020 -5.632512 -0.000081 -0.000024 -3.924667 -0.000719 0.000013 0.000485 32.726799 -0.004668 10.838220 -0.255263 0.009996 0.177159 -0.356255 0.032410 0.132015 -0.000016 0.000479 -0.000010 29.673841 0.005607 4.465122 -0.337172 -0.006479 0.051211 -0.161888 0.010274 0.056725 0.000508 -0.000018 -0.000071 24.122816 0.020025 -4.158213 -0.178832 0.017150 -0.060161 -0.006094 -0.009753 -0.048882 0.000893 0.000013 0.000004 18.408081 0.029505 -12.716167 -0.778221 0.020575 -0.055730 -0.857502 -0.032777 -0.088203 0.000525 0.000011 -0.000038 0.000000 0.000000 0.000000 0.000000 0.000000 0.000000 -5.788510 -11.688478 18.632072 -0.142491 -0.997248 4.476828 1.212957 -10.430032 17.194407 -1.258155 1.224634 -17.446053 0.000000 0.000000 0.000000 0.000000 0.000000 0.000000 0.000000 0.000000 0.000000 2.722074 -0.512846 12.584849 0.135807 0.705067 9.511168 0.544321 4.418703 16.833656 0.580065 -0.687128 -19.676769 0.000000 0.000000 0.000000 0.000000 0.000000 0.000000 0.000000 0.000000 0.000000 
0.341734 88.477180 5.024367 0.101451 -0.891992 -13.364234 0.703880 -0.014502 8.687405 -0.201257 0.113431 2.106474 -0.614256 -0.338983 7.708269 -1.485887 0.013349 4.425193 0.250601 0.407415 3.530829 -0.032491 0.600463 -4.093603 -0.148715 -0.777402 -19.135441 0.000000 0.000000 0.000000 90.946083 -0.140588 11.210049 64.189880 -26.493206 3.151924 -0.384676 16.044960 54.232521 -20.517834 -1.474225 -2.635531 4.221754 -0.917610 42.938488 -0.000010 0.000017 -10.376177 -0.000010 0.000050 -7.278904 0.000017 0.000006 -0.000023 -22.006607 -0.001317 3.676062 0.872158 0.017053 -0.210833 0.883126 0.038408 -0.213574 -0.000013 0.000014 -0.000007 -21.507875 0.004130 -1.560504 0.822604 0.000924 -0.081163 0.940356 0.015847 -0.060229 0.000015 0.000092 0.000004 -19.846060 -0.021871 -8.592435 0.941856 -0.004429 0.048572 0.929807 -0.012751 0.040855 0.000005 0.000120 0.000006 -16.760035 -0.015021 -16.433762 1.383767 -0.017190 0.186460 1.436962 -0.052834 0.140239 -0.000337 -0.000003 -0.000016 0.000000 0.000000 0.000000 0.000000 0.000000 0.000000 -88.192070 -0.049473 6.574564 -71.202232 19.234972 -8.182364 -0.117344 -11.880340 73.854317 28.371325 -4.595222 -3.583990 -2.482229 0.550013 43.799225 0.000026 0.000020 -5.656465 -0.000079 -0.000023 -3.942002 -0.000630 0.000013 0.000514 32.669159 -0.005692 10.842394 -0.259207 0.009588 0.176306 -0.362758 0.031374 0.132787 -0.000016 0.000463 -0.000011 29.605726 0.005473 4.486722 -0.345391 -0.006668 0.052050 -0.174401 0.010232 0.057839 0.000547 -0.000018 -0.000067 24.011740 0.020506 -4.118513 -0.180233 0.017484 -0.063585 -0.006618 -0.009764 -0.051081 0.000930 0.000013 0.000004 18.261791 0.030452 -12.648088 -0.768842 0.021055 -0.069274 -0.852005 -0.033069 -0.098722 0.000495 0.000011 -0.000038 0.000000 0.000000 0.000000 0.000000 0.000000 0.000000 -5.791867 -11.695652 18.661716 -0.142990 -1.004230 4.506377 1.236203 -10.444476 17.167017 -1.263934 1.233326 -17.451124 0.000000 0.000000 0.000000 0.000000 0.000000 0.000000 0.000000 0.000000 0.000000 2.725911 -0.560129 12.616973 0.135745 0.706509 9.514718 0.544230 4.408712 16.798662 0.581111 -0.688989 -19.650398 0.000000 0.000000 0.000000 0.000000 0.000000 0.000000 0.000000 0.000000 0.000000 
0.340688 88.478882 5.041137 0.091248 -0.873536 -13.395310 0.726883 -0.019421 8.715261 -0.183152 0.108684 2.084982 -0.630630 -0.287300 7.820414 -1.514874 0.028348 4.437902 0.306376 0.388419 3.409575 -0.024779 0.598242 -4.162638 -0.128510 -0.774624 -19.074326 0.000000 0.000000 0.000000 90.899071 -0.118637 11.270821 64.192345 -26.372263 3.125476 -0.379953 16.052500 55.055584 -20.913198 -1.318838 -2.391092 4.271931 -0.924429 42.917187 -0.000011 0.000017 -10.497295 -0.000010 0.000050 -7.365468 0.000017 0.000006 -0.000023 -21.796299 -0.002782 3.531618 0.887895 0.016097 -0.210655 0.896045 0.037827 -0.213091 -0.000013 0.000013 -0.000007 -21.250244 0.003757 -1.653038 0.851727 0.000851 -0.081997 0.968560 0.015828 -0.060861 0.000015 0.000094 0.000003 -19.542215 -0.020967 -8.658296 0.964309 -0.004916 0.051123 0.952917 -0.013236 0.042799 0.000005 0.000167 0.000006 -16.445045 -0.013730 -16.454737 1.408310 -0.018611 0.204997 1.457636 -0.054936 0.154082 -0.000333 -0.000003 -0.000016 0.000000 0.000000 0.000000 0.000000 0.000000 0.000000 -88.228523 -0.035775 6.619785 -71.154655 19.289761 -8.371280 -0.108094 -11.868514 74.382675 28.670824 -4.889230 -3.236526 -2.499321 0.554512 43.791260 0.000026 0.000020 -5.700499 -0.000075 -0.000023 -3.973168 -0.000546 0.000013 0.000543 32.557480 -0.006361 10.840564 -0.270955 0.009362 0.175300 -0.377892 0.030626 0.133621 -0.000015 0.000444 -0.000011 29.485649 0.005491 4.507205 -0.362818 -0.006786 0.052839 -0.195134 0.010239 0.058854 0.000598 -0.000017 -0.000063 23.849125 0.020858 -4.073580 -0.192274 0.017766 -0.067047 -0.018550 -0.009856 -0.053239 0.000966 0.000013 0.000004 18.061930 0.030581 -12.568616 -0.771592 0.021238 -0.082733 -0.858533 -0.033646 -0.108766 0.000469 0.000011 -0.000038 0.000000 0.000000 0.000000 0.000000 0.000000 0.000000 -5.786336 -11.698772 18.687325 -0.143294 -1.010742 4.535934 1.255229 -10.454764 17.146578 -1.269330 1.241659 -17.461689 0.000000 0.000000 0.000000 0.000000 0.000000 0.000000 0.000000 0.000000 0.000000 2.733477 -0.607500 12.640947 0.135510 0.707821 9.527490 0.540425 4.406296 16.763071 0.582445 -0.690445 -19.626093 0.000000 0.000000 0.000000 0.000000 0.000000 0.000000 0.000000 0.000000 0.000000 
0.337338 88.480438 5.055265 0.079251 -0.862440 -13.422415 0.750166 -0.025220 8.742076 -0.162515 0.103720 2.066948 -0.649313 -0.235067 7.929859 -1.543816 0.044420 4.447406 0.355196 0.372987 3.307674 -0.017231 0.594390 -4.219187 -0.110121 -0.774894 -19.014668 0.000000 0.000000 0.000000 90.849495 -0.098912 11.326875 64.197075 -26.254087 3.112403 -0.379997 16.051550 55.878159 -21.345852 -1.174734 -2.122389 4.324650 -0.932459 42.893501 -0.000011 0.000018 -10.627112 -0.000010 0.000049 -7.458318 0.000017 0.000006 -0.000023 -21.538788 -0.004000 3.393767 0.893097 0.014978 -0.208635 0.898786 0.037054 -0.210868 -0.000013 0.000013 -0.000007 -20.946564 0.003441 -1.739866 0.867735 0.000682 -0.082044 0.984613 0.015746 -0.060816 0.000015 0.000096 0.000003 -19.194349 -0.020202 -8.708716 0.975051 -0.005263 0.052889 0.964654 -0.013662 0.044150 0.000005 0.000212 0.000006 -16.094872 -0.013013 -16.449715 1.421568 -0.019968 0.221094 1.467165 -0.056903 0.166002 -0.000328 -0.000003 -0.000015 0.000000 0.000000 0.000000 0.000000 0.000000 0.000000 -88.270203 -0.023409 6.655774 -71.096146 19.326910 -8.558432 -0.093705 -11.848309 74.927574 28.995743 -5.130108 -2.859677 -2.521239 0.560074 43.780651 0.000025 0.000020 -5.758521 -0.000071 -0.000022 -4.013969 -0.000470 0.000012 0.000568 32.401974 -0.006810 10.830948 -0.287306 0.009268 0.174221 -0.398214 0.030099 0.134439 -0.000015 0.000425 -0.000012 29.324173 0.005599 4.524228 -0.386338 -0.006841 0.053563 -0.221068 0.010276 0.059746 0.000654 -0.000017 -0.000058 23.646732 0.021090 -4.026335 -0.212278 0.017990 -0.070346 -0.039163 -0.009997 -0.055272 0.001002 0.000014 0.000004 17.820402 0.029955 -12.480427 -0.784348 0.021182 -0.095498 -0.874733 -0.034363 -0.117957 0.000447 0.000011 -0.000038 0.000000 0.000000 0.000000 0.000000 0.000000 0.000000 -5.775205 -11.698165 18.709700 -0.143320 -1.016421 4.563454 1.270738 -10.461674 17.133820 -1.274320 1.249279 -17.475954 0.000000 0.000000 0.000000 0.000000 0.000000 0.000000 0.000000 0.000000 0.000000 2.744136 -0.651488 12.656403 0.135158 0.708884 9.550017 0.533393 4.407440 16.726908 0.583794 -0.691843 -19.603859 0.000000 0.000000 0.000000 0.000000 0.000000 0.000000 0.000000 0.000000 0.000000 
0.332146 88.481537 5.067213 0.066690 -0.859726 -13.446306 0.773029 -0.031291 8.767707 -0.141083 0.098754 2.051177 -0.668193 -0.182491 8.033905 -1.571615 0.061683 4.454659 0.396629 0.361117 3.224746 -0.010381 0.589715 -4.263518 -0.093611 -0.777042 -18.956642 0.000000 0.000000 0.000000 90.795120 -0.081395 11.378056 64.204010 -26.138540 3.110807 -0.383933 16.040094 56.691944 -21.811934 -1.045361 -1.842132 4.376418 -0.940976 42.869366 -0.000012 0.000018 -10.756081 -0.000011 0.000049 -7.550814 0.000017 0.000006 -0.000023 -21.260326 -0.005110 3.263318 0.888569 0.013762 -0.205185 0.892487 0.036151 -0.207322 -0.000012 0.000013 -0.000007 -20.624216 0.003148 -1.820959 0.871741 0.000431 -0.081404 0.989424 0.015606 -0.060174 0.000014 0.000098 0.000003 -18.832361 -0.019570 -8.746362 0.974508 -0.005467 0.053810 0.965535 -0.013993 0.044846 0.000005 0.000252 0.000006 -15.737588 -0.012753 -16.425049 1.423469 -0.021112 0.234077 1.465958 -0.058561 0.175441 -0.000322 -0.000004 -0.000015 0.000000 0.000000 0.000000 0.000000 0.000000 0.000000 -88.310890 -0.012805 6.683630 -71.029366 19.357368 -8.735314 -0.075567 -11.819059 75.477768 29.329210 -5.315764 -2.473967 -2.545633 0.566138 43.768539 0.000025 0.000019 -5.824685 -0.000067 -0.000022 -4.060483 -0.000404 0.000012 0.000586 32.217205 -0.007154 10.812410 -0.306187 0.009263 0.173043 -0.421321 0.029729 0.135088 -0.000014 0.000410 -0.000012 29.136185 0.005746 4.535339 -0.413387 -0.006846 0.054166 -0.249765 0.010322 0.060468 0.000711 -0.000017 -0.000054 23.421204 0.021223 -3.980035 -0.237073 0.018154 -0.073277 -0.065247 -0.010162 -0.057077 0.001038 0.000014 0.000004 17.555862 0.028752 -12.387358 -0.803682 0.020928 -0.106924 -0.897175 -0.035115 -0.125908 0.000429 0.000011 -0.000039 0.000000 0.000000 0.000000 0.000000 0.000000 0.000000 -5.761261 -11.694532 18.729771 -0.143040 -1.021097 4.587625 1.283606 -10.465466 17.127937 -1.278814 1.256047 -17.491785 0.000000 0.000000 0.000000 0.000000 0.000000 0.000000 0.000000 0.000000 0.000000 2.757232 -0.690546 12.665263 0.134759 0.709653 9.580316 0.523395 4.408362 16.690624 0.585030 -0.693424 -19.583723 0.000000 0.000000 0.000000 0.000000 0.000000 0.000000 0.000000 0.000000 0.000000 
0.325750 88.482094 5.077645 0.054563 -0.865210 -13.467774 0.795089 -0.037212 8.792014 -0.120717 0.094065 2.036359 -0.685457 -0.130665 8.130773 -1.597656 0.079756 4.460158 0.431719 0.351904 3.157204 -0.004363 0.585021 -4.297968 -0.078899 -0.780185 -18.900467 0.000000 0.000000 0.000000 90.735954 -0.066019 11.424361 64.209747 -26.028118 3.118857 -0.390818 16.019344 57.491188 -22.300243 -0.939013 -1.561225 4.425106 -0.949448 42.846039 -0.000012 0.000018 -10.878363 -0.000011 0.000049 -7.638775 0.000017 0.000006 -0.000024 -20.979021 -0.006195 3.141045 0.876960 0.012525 -0.200832 0.879872 0.035203 -0.202955 -0.000012 0.000012 -0.000008 -20.302214 0.002862 -1.895967 0.866686 0.000128 -0.080260 0.985720 0.015423 -0.059088 0.000014 0.000100 0.000003 -18.477098 -0.019052 -8.773479 0.965042 -0.005546 0.053993 0.957819 -0.014222 0.044961 0.000005 0.000286 0.000006 -15.393049 -0.012861 -16.386263 1.415731 -0.021968 0.243961 1.455914 -0.059837 0.182398 -0.000316 -0.000004 -0.000015 0.000000 0.000000 0.000000 0.000000 0.000000 0.000000 -88.346237 -0.004286 6.705199 -70.955544 19.389839 -8.895892 -0.055492 -11.783659 76.018387 29.654411 -5.445567 -2.098066 -2.570786 0.572249 43.755852 0.000025 0.000019 -5.894289 -0.000063 -0.000021 -4.109576 -0.000348 0.000012 0.000595 32.017323 -0.007480 10.785094 -0.326209 0.009314 0.171777 -0.445564 0.029464 0.135494 -0.000014 0.000398 -0.000013 28.936010 0.005901 4.539181 -0.441891 -0.006814 0.054625 -0.279313 0.010366 0.061003 0.000762 -0.000017 -0.000049 23.188395 0.021271 -3.937396 -0.263603 0.018263 -0.075742 -0.093649 -0.010332 -0.058605 0.001072 0.000014 0.000004 17.286623 0.027171 -12.293559 -0.826062 0.020535 -0.116648 -0.922448 -0.035829 -0.132461 0.000415 0.000011 -0.000039 0.000000 0.000000 0.000000 0.000000 0.000000 0.000000 -5.746830 -11.688383 18.748468 -0.142495 -1.024845 4.607605 1.294750 -10.465601 17.126944 -1.282797 1.262081 -17.507170 0.000000 0.000000 0.000000 0.000000 0.000000 0.000000 0.000000 0.000000 0.000000 2.771705 -0.724913 12.670368 0.134366 0.710124 9.615010 0.510702 4.406714 16.654781 0.586099 -0.695271 -19.565544 0.000000 0.000000 0.000000 0.000000 0.000000 0.000000 0.000000 0.000000 0.000000 
0.318686 88.482124 5.087181 0.043563 -0.877986 -13.487477 0.816102 -0.042724 8.815030 -0.102758 0.089917 2.021628 -0.699967 -0.080821 8.219230 -1.621667 0.098096 4.463875 0.461860 0.344426 3.100916 0.000917 0.580845 -4.325156 -0.065927 -0.783831 -18.846159 0.000000 0.000000 0.000000 90.673218 -0.052659 11.465967 64.210503 -25.925455 3.135022 -0.399762 15.992351 58.271450 -22.799263 -0.862758 -1.286329 4.469589 -0.957571 42.824257 -0.000012 0.000019 -10.990862 -0.000011 0.000048 -7.719895 0.000016 0.000006 -0.000024 -20.705338 -0.007296 3.026890 0.860787 0.011303 -0.196027 0.863297 0.034259 -0.198182 -0.000012 0.000012 -0.000008 -19.991508 0.002581 -1.964990 0.855352 -0.000210 -0.078794 0.976137 0.015207 -0.057713 0.000014 0.000102 0.000003 -18.139894 -0.018615 -8.792117 0.949348 -0.005509 0.053615 0.943993 -0.014348 0.044621 0.000005 0.000313 0.000005 -15.071774 -0.013262 -16.337696 1.400769 -0.022477 0.251157 1.439402 -0.060700 0.187185 -0.000312 -0.000004 -0.000014 0.000000 0.000000 0.000000 0.000000 0.000000 0.000000 -88.373932 0.001892 6.722292 -70.875679 19.430054 -9.037695 -0.035092 -11.746368 76.539185 29.960554 -5.523620 -1.743992 -2.595618 0.578117 43.743202 0.000024 0.000019 -5.964076 -0.000058 -0.000021 -4.159076 -0.000301 0.000012 0.000593 31.812817 -0.007837 10.750120 -0.346236 0.009389 0.170479 -0.469632 0.029269 0.135669 -0.000014 0.000388 -0.000013 28.734093 0.006047 4.535585 -0.470183 -0.006757 0.054951 -0.308256 0.010404 0.061367 0.000806 -0.000017 -0.000045 22.959511 0.021248 -3.900277 -0.289573 0.018329 -0.077742 -0.121911 -0.010493 -0.059861 0.001102 0.000014 0.000003 17.025675 0.025372 -12.202772 -0.848891 0.020065 -0.124653 -0.948070 -0.036460 -0.137688 0.000403 0.000010 -0.000039 0.000000 0.000000 0.000000 0.000000 0.000000 0.000000 -5.733479 -11.679922 18.766691 -0.141763 -1.027867 4.622864 1.304974 -10.461548 17.128660 -1.286337 1.267625 -17.520803 0.000000 0.000000 0.000000 0.000000 0.000000 0.000000 0.000000 0.000000 0.000000 2.786557 -0.755728 12.674284 0.134008 0.710340 9.650852 0.495644 4.401353 16.619749 0.587000 -0.697386 -19.549025 0.000000 0.000000 0.000000 0.000000 0.000000 0.000000 0.000000 0.000000 0.000000 
0.311308 88.481644 5.096299 0.034097 -0.896952 -13.505962 0.835895 -0.047668 8.836958 -0.087798 0.086466 2.006860 -0.711370 -0.033751 8.298417 -1.643647 0.116247 4.465603 0.488155 0.338105 3.052305 0.005587 0.577284 -4.347255 -0.054632 -0.787747 -18.793516 0.000000 0.000000 0.000000 90.608459 -0.041058 11.503321 64.203995 -25.831903 3.157715 -0.410080 15.961711 59.029961 -23.300167 -0.819716 -1.019921 4.509443 -0.965206 42.804314 -0.000013 0.000019 -11.092332 -0.000011 0.000048 -7.793179 0.000016 0.000006 -0.000024 -20.444738 -0.008426 2.920473 0.841937 0.010087 -0.191059 0.844378 0.033328 -0.193274 -0.000011 0.000012 -0.000008 -19.697735 0.002304 -2.028345 0.839896 -0.000575 -0.077138 0.962711 0.014959 -0.056171 0.000013 0.000104 0.000003 -17.825796 -0.018229 -8.804150 0.929789 -0.005358 0.052838 0.926219 -0.014369 0.043951 0.000004 0.000333 0.000005 -14.777969 -0.013886 -16.282658 1.381057 -0.022605 0.256189 1.418772 -0.061150 0.190222 -0.000308 -0.000004 -0.000014 0.000000 0.000000 0.000000 0.000000 0.000000 0.000000 -88.393257 0.005590 6.736157 -70.791542 19.479885 -9.161034 -0.015525 -11.710849 77.036148 30.242744 -5.558776 -1.417129 -2.619612 0.583608 43.730953 0.000024 0.000019 -6.032195 -0.000054 -0.000021 -4.207724 -0.000263 0.000011 0.000580 31.609865 -0.008255 10.709167 -0.365380 0.009458 0.169197 -0.492542 0.029106 0.135642 -0.000013 0.000381 -0.000013 28.536442 0.006170 4.525238 -0.497090 -0.006691 0.055159 -0.335618 0.010430 0.061585 0.000841 -0.000017 -0.000040 22.740419 0.021166 -3.869642 -0.313712 0.018369 -0.079329 -0.148601 -0.010634 -0.060871 0.001129 0.000014 0.000003 16.779640 0.023458 -12.117871 -0.870874 0.019585 -0.131113 -0.972810 -0.036978 -0.141776 0.000393 0.000010 -0.000039 0.000000 0.000000 0.000000 0.000000 0.000000 0.000000 -5.721997 -11.669236 18.785196 -0.140919 -1.030372 4.633381 1.314820 -10.453055 17.131260 -1.289493 1.272902 -17.532135 0.000000 0.000000 0.000000 0.000000 0.000000 0.000000 0.000000 0.000000 0.000000 2.801143 -0.784021 12.678997 0.133693 0.710381 9.685533 0.478536 4.391986 16.585649 0.587784 -0.699739 -19.533850 0.000000 0.000000 0.000000 0.000000 0.000000 0.000000 0.000000 0.000000 0.000000 
0.303821 88.480644 5.105350 0.026388 -0.921058 -13.523719 0.854387 -0.051946 8.858067 -0.075844 0.083778 1.992463 -0.719930 0.010339 8.367923 -1.663788 0.133939 4.465158 0.511426 0.332645 3.008371 0.009795 0.574135 -4.366011 -0.044916 -0.791854 -18.742214 0.000000 0.000000 0.000000 90.542999 -0.030847 11.537125 64.189850 -25.746904 3.184874 -0.421264 15.928931 59.765995 -23.796961 -0.808701 -0.761549 4.544747 -0.972323 42.786251 -0.000013 0.000019 -11.182826 -0.000011 0.000048 -7.858603 0.000016 0.000006 -0.000025 -20.199347 -0.009576 2.821274 0.821746 0.008862 -0.186086 0.824181 0.032402 -0.188384 -0.000011 0.000012 -0.000008 -19.422979 0.002032 -2.086504 0.821917 -0.000965 -0.075379 0.946943 0.014679 -0.054541 0.000013 0.000105 0.000003 -17.535856 -0.017867 -8.811318 0.908248 -0.005095 0.051791 0.906258 -0.014293 0.043055 0.000004 0.000346 0.000005 -14.511687 -0.014690 -16.223818 1.358856 -0.022355 0.259575 1.396165 -0.061218 0.191937 -0.000306 -0.000005 -0.000013 0.000000 0.000000 0.000000 0.000000 0.000000 0.000000 -88.404442 0.006825 6.747490 -70.705734 19.537779 -9.267845 0.002488 -11.679489 77.510063 30.499672 -5.562329 -1.118336 -2.642707 0.588706 43.719170 0.000024 0.000019 -6.098039 -0.000050 -0.000021 -4.255071 -0.000232 0.000011 0.000556 31.410877 -0.008739 10.664089 -0.383024 0.009493 0.167941 -0.513582 0.028944 0.135436 -0.000013 0.000376 -0.000013 28.345139 0.006271 4.509269 -0.521853 -0.006628 0.055256 -0.360852 0.010442 0.061679 0.000869 -0.000017 -0.000035 22.532621 0.021034 -3.845752 -0.335570 0.018396 -0.080562 -0.173109 -0.010746 -0.061660 0.001150 0.000014 0.000003 16.549992 0.021479 -12.040780 -0.891695 0.019151 -0.136259 -0.996366 -0.037368 -0.144940 0.000386 0.000010 -0.000039 0.000000 0.000000 0.000000 0.000000 0.000000 0.000000 -5.712593 -11.656472 18.804522 -0.140025 -1.032520 4.639667 1.324558 -10.440136 17.133341 -1.292298 1.278059 -17.541105 0.000000 0.000000 0.000000 0.000000 0.000000 0.000000 0.000000 0.000000 0.000000 2.815115 -0.810345 12.685972 0.133426 0.710334 9.717692 0.459614 4.378810 16.552462 0.588520 -0.702277 -19.519733 0.000000 0.000000 0.000000 0.000000 0.000000 0.000000 0.000000 0.000000 0.000000 
0.296349 88.479103 5.114618 0.020561 -0.949308 -13.541087 0.871614 -0.055514 8.878465 -0.066619 0.081858 1.978955 -0.726242 0.051749 8.427720 -1.682387 0.151100 4.462648 0.532244 0.327830 2.966740 0.013678 0.571057 -4.382770 -0.036584 -0.796117 -18.692015 0.000000 0.000000 0.000000 90.477776 -0.021597 11.568161 64.169609 -25.668379 3.214005 -0.432969 15.894545 60.480797 -24.285568 -0.825917 -0.510130 4.575916 -0.978958 42.769936 -0.000013 0.000020 -11.263353 -0.000011 0.000047 -7.916826 0.000016 0.000006 -0.000025 -19.969070 -0.010742 2.728925 0.801218 0.007618 -0.181201 0.803527 0.031477 -0.183606 -0.000011 0.000012 -0.000008 -19.167061 0.001764 -2.139882 0.802626 -0.001377 -0.073574 0.929943 0.014367 -0.052879 0.000012 0.000107 0.000003 -17.269075 -0.017511 -8.815186 0.886086 -0.004732 0.050579 0.885446 -0.014133 0.042015 0.000004 0.000354 0.000005 -14.271088 -0.015620 -16.163366 1.335890 -0.021764 0.261761 1.373227 -0.060952 0.192716 -0.000305 -0.000005 -0.000013 0.000000 0.000000 0.000000 0.000000 0.000000 0.000000 -88.408134 0.005775 6.756530 -70.621140 19.599581 -9.360407 0.018628 -11.653166 77.963455 30.731779 -5.545294 -0.846540 -2.665127 0.593476 43.707783 0.000023 0.000019 -6.161915 -0.000047 -0.000020 -4.301276 -0.000207 0.000011 0.000524 31.215630 -0.009284 10.616467 -0.398992 0.009477 0.166693 -0.532513 0.028762 0.135060 -0.000013 0.000374 -0.000013 28.159534 0.006352 4.488761 -0.544249 -0.006580 0.055245 -0.383851 0.010438 0.061664 0.000891 -0.000017 -0.000030 22.334812 0.020861 -3.828517 -0.355319 0.018421 -0.081499 -0.195514 -0.010825 -0.062251 0.001165 0.000015 0.000003 16.335060 0.019468 -11.972634 -0.911689 0.018798 -0.140317 -1.019047 -0.037628 -0.147374 0.000380 0.000010 -0.000039 0.000000 0.000000 0.000000 0.000000 0.000000 0.000000 -5.705175 -11.641814 18.824919 -0.139125 -1.034409 4.642797 1.334285 -10.422941 17.133738 -1.294749 1.283151 -17.547791 0.000000 0.000000 0.000000 0.000000 0.000000 0.000000 0.000000 0.000000 0.000000 2.828204 -0.834928 12.696277 0.133205 0.710266 9.746633 0.439042 4.362426 16.520084 0.589291 -0.704933 -19.506401 0.000000 0.000000 0.000000 0.000000 0.000000 0.000000 0.000000 0.000000 0.000000 
0.288971 88.476974 5.124298 0.016619 -0.980720 -13.558315 0.887735 -0.058392 8.898202 -0.059715 0.080682 1.966732 -0.730989 0.090950 8.478152 -1.699772 0.167758 4.458190 0.551276 0.323402 2.925483 0.017424 0.567769 -4.398566 -0.029460 -0.800606 -18.642696 0.000000 0.000000 0.000000 90.413368 -0.012927 11.597115 64.145859 -25.593348 3.242716 -0.444968 15.858933 61.176712 -24.763849 -0.865802 -0.264350 4.603515 -0.985187 42.755142 -0.000013 0.000020 -11.335327 -0.000011 0.000047 -7.968826 0.000016 0.000006 -0.000025 -19.752462 -0.011911 2.642954 0.780945 0.006354 -0.176460 0.782870 0.030552 -0.178996 -0.000010 0.000011 -0.000008 -18.928314 0.001501 -2.189021 0.782781 -0.001803 -0.071766 0.912399 0.014028 -0.051227 0.000012 0.000108 0.000003 -17.022902 -0.017145 -8.817073 0.864202 -0.004286 0.049284 0.864696 -0.013904 0.040903 0.000004 0.000356 0.000005 -14.052969 -0.016638 -16.103050 1.313401 -0.020885 0.263126 1.351135 -0.060419 0.192886 -0.000306 -0.000005 -0.000013 0.000000 0.000000 0.000000 0.000000 0.000000 0.000000 -88.405350 0.002711 6.763424 -70.540810 19.660316 -9.441369 0.032829 -11.632251 78.400375 30.940718 -5.517227 -0.599574 -2.687258 0.598026 43.696590 0.000023 0.000019 -6.224725 -0.000043 -0.000020 -4.346887 -0.000187 0.000011 0.000487 31.022150 -0.009878 10.567536 -0.413242 0.009399 0.165432 -0.549251 0.028545 0.134521 -0.000012 0.000374 -0.000013 27.977283 0.006415 4.464649 -0.564228 -0.006548 0.055127 -0.404654 0.010418 0.061555 0.000909 -0.000018 -0.000026 22.144096 0.020661 -3.817638 -0.373279 0.018449 -0.082190 -0.216054 -0.010871 -0.062667 0.001174 0.000015 0.000003 16.131575 0.017444 -11.913978 -0.931301 0.018547 -0.143489 -1.041260 -0.037765 -0.149237 0.000376 0.000010 -0.000039 0.000000 0.000000 0.000000 0.000000 0.000000 0.000000 -5.699426 -11.625568 18.846539 -0.138251 -1.036101 4.643901 1.343978 -10.401790 17.131588 -1.296853 1.288194 -17.552296 0.000000 0.000000 0.000000 0.000000 0.000000 0.000000 0.000000 0.000000 0.000000 2.840270 -0.857885 12.710541 0.133034 0.710222 9.772114 0.416913 4.343281 16.488314 0.590149 -0.707654 -19.493601 0.000000 0.000000 0.000000 0.000000 0.000000 0.000000 0.000000 0.000000 0.000000 
0.281758 88.474251 5.134508 0.014509 -1.014286 -13.575471 0.902914 -0.060661 8.917205 -0.054760 0.080187 1.956003 -0.734819 0.128416 8.519686 -1.716200 0.183957 4.452000 0.569121 0.318913 2.883271 0.021209 0.563998 -4.414047 -0.023350 -0.805412 -18.594105 0.000000 0.000000 0.000000 90.350098 -0.004542 11.624542 64.121796 -25.518379 3.269142 -0.457123 15.822302 61.855877 -25.230307 -0.922345 -0.023962 4.628197 -0.991096 42.741581 -0.000014 0.000020 -11.400408 -0.000011 0.000047 -8.015774 0.000016 0.000006 -0.000025 -19.547432 -0.013078 2.562957 0.761337 0.005085 -0.171925 0.762584 0.029641 -0.174610 -0.000010 0.000011 -0.000009 -18.704405 0.001237 -2.234395 0.762907 -0.002233 -0.069994 0.894766 0.013671 -0.049618 0.000012 0.000110 0.000004 -16.794563 -0.016756 -8.817929 0.843130 -0.003782 0.047975 0.844590 -0.013632 0.039777 0.000003 0.000354 0.000005 -13.854097 -0.017706 -16.044125 1.292116 -0.019796 0.263955 1.330565 -0.059690 0.192695 -0.000306 -0.000005 -0.000013 0.000000 0.000000 0.000000 0.000000 0.000000 0.000000 -88.396881 -0.002132 6.768287 -70.467873 19.714659 -9.513237 0.045166 -11.616527 78.824226 31.128401 -5.486140 -0.375764 -2.709557 0.602472 43.685390 0.000023 0.000019 -6.287646 -0.000039 -0.000020 -4.392659 -0.000171 0.000011 0.000448 30.827822 -0.010504 10.517912 -0.425943 0.009259 0.164136 -0.563949 0.028294 0.133823 -0.000012 0.000378 -0.000013 27.795401 0.006464 4.437467 -0.581985 -0.006532 0.054910 -0.423473 0.010385 0.061363 0.000923 -0.000018 -0.000021 21.957087 0.020449 -3.812859 -0.389883 0.018477 -0.082682 -0.235143 -0.010888 -0.062929 0.001177 0.000015 0.000003 15.935814 0.015440 -11.865022 -0.951072 0.018396 -0.145947 -1.063470 -0.037800 -0.150664 0.000372 0.000009 -0.000039 0.000000 0.000000 0.000000 0.000000 0.000000 0.000000 -5.695046 -11.608221 18.869375 -0.137430 -1.037622 4.644144 1.353641 -10.377184 17.126226 -1.298620 1.293161 -17.554693 0.000000 0.000000 0.000000 0.000000 0.000000 0.000000 0.000000 0.000000 0.000000 2.851154 -0.879298 12.728994 0.132912 0.710212 9.794063 0.393376 4.321630 16.456987 0.591141 -0.710389 -19.481113 0.000000 0.000000 0.000000 0.000000 0.000000 0.000000 0.000000 0.000000 0.000000 
0.274797 88.470940 5.145314 0.014109 -1.048883 -13.592634 0.917431 -0.062429 8.935438 -0.051440 0.080322 1.946877 -0.738185 0.164575 8.552855 -1.731999 0.199772 4.444255 0.586436 0.313689 2.839036 0.025174 0.559346 -4.429689 -0.018035 -0.810660 -18.546068 0.000000 0.000000 0.000000 90.287987 0.003810 11.650816 64.100601 -25.440769 3.291862 -0.469332 15.785297 62.520378 -25.684198 -0.989603 0.210297 4.650580 -0.996768 42.728977 -0.000014 0.000021 -11.460193 -0.000010 0.000047 -8.058794 0.000016 0.000007 -0.000026 -19.351912 -0.014249 2.488485 0.742598 0.003829 -0.167633 0.742873 0.028759 -0.170481 -0.000010 0.000011 -0.000009 -18.493010 0.000969 -2.276480 0.743293 -0.002657 -0.068287 0.877288 0.013304 -0.048077 0.000011 0.000111 0.000004 -16.581356 -0.016332 -8.818471 0.823117 -0.003242 0.046696 0.825433 -0.013335 0.038674 0.000003 0.000348 0.000005 -13.671386 -0.018778 -15.987462 1.272402 -0.018566 0.264427 1.311836 -0.058831 0.192303 -0.000308 -0.000005 -0.000013 0.000000 0.000000 0.000000 0.000000 0.000000 0.000000 -88.383606 -0.008450 6.771163 -70.405312 19.758207 -9.578448 0.055816 -11.606134 79.238480 31.295921 -5.458649 -0.173483 -2.732483 0.606923 43.673916 0.000023 0.000019 -6.351992 -0.000035 -0.000020 -4.439439 -0.000157 0.000011 0.000408 30.629852 -0.011158 10.467712 -0.437447 0.009070 0.162810 -0.576995 0.028018 0.132988 -0.000012 0.000383 -0.000013 27.610777 0.006499 4.407356 -0.597916 -0.006525 0.054603 -0.440695 0.010344 0.061099 0.000934 -0.000018 -0.000016 21.770353 0.020244 -3.814150 -0.405603 0.018500 -0.083017 -0.253229 -0.010883 -0.063059 0.001173 0.000015 0.000003 15.744063 0.013501 -11.825902 -0.971463 0.018329 -0.147829 -1.086086 -0.037757 -0.151743 0.000369 0.000009 -0.000039 0.000000 0.000000 0.000000 0.000000 0.000000 0.000000 -5.691700 -11.590202 18.893478 -0.136674 -1.038984 4.644452 1.363280 -10.349782 17.117167 -1.300086 1.298035 -17.555033 0.000000 0.000000 0.000000 0.000000 0.000000 0.000000 0.000000 0.000000 0.000000 2.860821 -0.899329 12.751637 0.132844 0.710251 9.812535 0.368505 4.297479 16.425873 0.592291 -0.713129 -19.468699 0.000000 0.000000 0.000000 0.000000 0.000000 0.000000 0.000000 0.000000 0.000000 
0.268165 88.467102 5.156769 0.015298 -1.083294 -13.609899 0.931580 -0.063783 8.952886 -0.049540 0.081054 1.939397 -0.741380 0.199859 8.578338 -1.747548 0.215302 4.435316 0.603668 0.306876 2.791916 0.029354 0.553236 -4.445922 -0.013209 -0.816404 -18.498575 0.000000 0.000000 0.000000 90.226974 0.012342 11.676217 64.085335 -25.359118 3.309680 -0.481543 15.748239 63.171841 -26.124695 -1.062747 0.436291 4.671195 -1.002259 42.717125 -0.000014 0.000021 -11.516084 -0.000010 0.000047 -8.098855 0.000016 0.000007 -0.000026 -19.164326 -0.015437 2.419423 0.724991 0.002609 -0.163608 0.724086 0.027924 -0.166626 -0.000009 0.000011 -0.000009 -18.292456 0.000688 -2.315458 0.724266 -0.003063 -0.066667 0.860246 0.012937 -0.046620 0.000011 0.000113 0.000004 -16.381638 -0.015868 -8.819120 0.804287 -0.002692 0.045461 0.807399 -0.013031 0.037614 0.000003 0.000338 0.000006 -13.502939 -0.019813 -15.933608 1.254307 -0.017251 0.264614 1.294947 -0.057892 0.191768 -0.000309 -0.000005 -0.000013 0.000000 0.000000 0.000000 0.000000 0.000000 0.000000 -88.366287 -0.015844 6.771982 -70.355385 19.787596 -9.638924 0.065039 -11.601041 79.645332 31.442709 -5.439739 0.008558 -2.756411 0.611470 43.661995 0.000023 0.000019 -6.418929 -0.000031 -0.000019 -4.487992 -0.000146 0.000010 0.000370 30.425943 -0.011836 10.416734 -0.448382 0.008850 0.161491 -0.589114 0.027732 0.132058 -0.000011 0.000390 -0.000013 27.420753 0.006519 4.374214 -0.612692 -0.006520 0.054228 -0.456965 0.010301 0.060784 0.000943 -0.000018 -0.000011 21.580942 0.020061 -3.821636 -0.421071 0.018508 -0.083238 -0.270908 -0.010865 -0.063087 0.001162 0.000015 0.000003 15.552998 0.011681 -11.796674 -0.992959 0.018322 -0.149251 -1.109526 -0.037664 -0.152538 0.000367 0.000009 -0.000039 0.000000 0.000000 0.000000 0.000000 0.000000 0.000000 -5.689141 -11.571787 18.918850 -0.135994 -1.040192 4.645713 1.372928 -10.320462 17.104088 -1.301293 1.302806 -17.553377 0.000000 0.000000 0.000000 0.000000 0.000000 0.000000 0.000000 0.000000 0.000000 2.869152 -0.918302 12.778416 0.132829 0.710355 9.827633 0.342446 4.270984 16.394751 0.593614 -0.715880 -19.456106 0.000000 0.000000 0.000000 0.000000 0.000000 0.000000 0.000000 0.000000 0.000000 
0.261926 88.462814 5.168847 0.017877 -1.116263 -13.627390 0.945637 -0.064827 8.969680 -0.048903 0.082374 1.933594 -0.744549 0.234478 8.596924 -1.763189 0.230590 4.425305 0.621451 0.297517 2.740961 0.033790 0.545080 -4.463206 -0.008637 -0.822753 -18.451441 0.000000 0.000000 0.000000 90.166786 0.021221 11.700939 64.078667 -25.272839 3.321746 -0.493665 15.711543 63.811291 -26.551529 -1.137608 0.652430 4.690428 -1.007602 42.705856 -0.000014 0.000021 -11.569027 -0.000010 0.000047 -8.136631 0.000016 0.000007 -0.000026 -18.983715 -0.016655 2.355624 0.708615 0.001449 -0.159864 0.706371 0.027156 -0.163056 -0.000009 0.000011 -0.000009 -18.101604 0.000392 -2.351521 0.705962 -0.003443 -0.065149 0.843760 0.012579 -0.045258 0.000010 0.000114 0.000004 -16.194117 -0.015361 -8.820103 0.786607 -0.002150 0.044274 0.790502 -0.012734 0.036602 0.000003 0.000324 0.000006 -13.347120 -0.020793 -15.882874 1.237751 -0.015903 0.264503 1.279757 -0.056917 0.191083 -0.000310 -0.000005 -0.000013 0.000000 0.000000 0.000000 0.000000 0.000000 0.000000 -88.345627 -0.023986 6.770906 -70.319717 19.801065 -9.696571 0.073194 -11.601476 80.046921 31.568190 -5.433540 0.172002 -2.781643 0.616189 43.649437 0.000023 0.000019 -6.489476 -0.000027 -0.000019 -4.538961 -0.000136 0.000010 0.000336 30.214092 -0.012531 10.364741 -0.459258 0.008623 0.160220 -0.600942 0.027460 0.131081 -0.000011 0.000399 -0.000013 27.223103 0.006526 4.337918 -0.626882 -0.006506 0.053802 -0.472826 0.010265 0.060431 0.000951 -0.000018 -0.000007 21.386286 0.019919 -3.835392 -0.436695 0.018493 -0.083388 -0.288568 -0.010842 -0.063037 0.001147 0.000015 0.000003 15.359701 0.010028 -11.777317 -1.015791 0.018353 -0.150293 -1.133972 -0.037547 -0.153077 0.000364 0.000009 -0.000039 0.000000 0.000000 0.000000 0.000000 0.000000 0.000000 -5.687107 -11.553327 18.945597 -0.135390 -1.041249 4.648417 1.382641 -10.290399 17.086966 -1.302310 1.307463 -17.549940 0.000000 0.000000 0.000000 0.000000 0.000000 0.000000 0.000000 0.000000 0.000000 2.876176 -0.936532 12.809033 0.132866 0.710544 9.839625 0.315413 4.241910 16.363354 0.595081 -0.718657 -19.443104 0.000000 0.000000 0.000000 0.000000 0.000000 0.000000 0.000000 0.000000 0.000000 
0.256138 88.458183 5.181493 0.021722 -1.146557 -13.645202 0.959749 -0.065631 8.985944 -0.049436 0.084273 1.929451 -0.747818 0.268589 8.609358 -1.779214 0.245638 4.414373 0.640249 0.284697 2.685491 0.038485 0.534265 -4.481891 -0.004044 -0.829757 -18.404539 0.000000 0.000000 0.000000 90.107201 0.030583 11.725127 64.082840 -25.182238 3.327432 -0.505644 15.675282 64.439110 -26.964287 -1.211497 0.857224 4.708610 -1.012806 42.695065 -0.000014 0.000021 -11.619752 -0.000010 0.000047 -8.172667 0.000016 0.000007 -0.000026 -18.809607 -0.017906 2.297345 0.693680 0.000383 -0.156417 0.690017 0.026481 -0.159783 -0.000009 0.000010 -0.000009 -17.919949 0.000076 -2.384508 0.688609 -0.003783 -0.063748 0.828027 0.012243 -0.044002 0.000010 0.000116 0.000004 -16.018467 -0.014818 -8.821291 0.770027 -0.001642 0.043125 0.774727 -0.012460 0.035637 0.000002 0.000307 0.000006 -13.203251 -0.021695 -15.835255 1.222550 -0.014577 0.264047 1.266027 -0.055951 0.190210 -0.000312 -0.000005 -0.000012 0.000000 0.000000 0.000000 0.000000 0.000000 0.000000 -88.322189 -0.032579 6.768129 -70.299477 19.797995 -9.752990 0.080669 -11.607306 80.444618 31.671852 -5.443263 0.318523 -2.808408 0.621136 43.636101 0.000023 0.000019 -6.564403 -0.000023 -0.000019 -4.592841 -0.000127 0.000010 0.000305 29.992985 -0.013233 10.311572 -0.470615 0.008421 0.159063 -0.613141 0.027230 0.130117 -0.000011 0.000408 -0.000013 27.016226 0.006522 4.298456 -0.641068 -0.006470 0.053353 -0.488817 0.010243 0.060062 0.000956 -0.000018 -0.000002 21.184439 0.019828 -3.855373 -0.452838 0.018445 -0.083508 -0.306555 -0.010825 -0.062939 0.001126 0.000015 0.000003 15.161874 0.008578 -11.767628 -1.040129 0.018389 -0.151039 -1.159546 -0.037436 -0.153401 0.000361 0.000009 -0.000040 0.000000 0.000000 0.000000 0.000000 0.000000 0.000000 -5.685504 -11.535173 18.973841 -0.134863 -1.042169 4.652855 1.392496 -10.260816 17.065937 -1.303210 1.312001 -17.544935 0.000000 0.000000 0.000000 0.000000 0.000000 0.000000 0.000000 0.000000 0.000000 2.881810 -0.954284 12.843177 0.132949 0.710834 9.848678 0.287750 4.210133 16.331518 0.596657 -0.721463 -19.429491 0.000000 0.000000 0.000000 0.000000 0.000000 0.000000 0.000000 0.000000 0.000000 
0.250854 88.453362 5.194666 0.026871 -1.173051 -13.663344 0.973823 -0.066223 9.001654 -0.051130 0.086721 1.926751 -0.751279 0.302257 8.616409 -1.795709 0.260388 4.402755 0.660299 0.267587 2.625395 0.043422 0.520277 -4.502017 0.000880 -0.837387 -18.357866 0.000000 0.000000 0.000000 90.048317 0.040439 11.748781 64.099113 -25.087961 3.326663 -0.517421 15.639726 65.054146 -27.361713 -1.283134 1.048932 4.726029 -1.017864 42.684635 -0.000014 0.000022 -11.668871 -0.000010 0.000047 -8.207409 0.000016 0.000007 -0.000027 -18.641706 -0.019198 2.244785 0.680466 -0.000556 -0.153286 0.675423 0.025927 -0.156815 -0.000009 0.000010 -0.000009 -17.747265 -0.000263 -2.414211 0.672506 -0.004074 -0.062477 0.813314 0.011939 -0.042860 0.000010 0.000117 0.000004 -15.854859 -0.014248 -8.822230 0.754559 -0.001191 0.042010 0.760118 -0.012221 0.034717 0.000002 0.000287 0.000006 -13.071300 -0.022521 -15.790256 1.208474 -0.013328 0.263205 1.253501 -0.055033 0.189121 -0.000312 -0.000005 -0.000012 0.000000 0.000000 0.000000 0.000000 0.000000 0.000000 -88.296326 -0.041443 6.764027 -70.295059 19.779028 -9.809046 0.087824 -11.617921 80.837494 31.753885 -5.470922 0.448704 -2.836816 0.626332 43.621922 0.000023 0.000019 -6.644118 -0.000019 -0.000018 -4.649902 -0.000118 0.000010 0.000279 29.762239 -0.013932 10.257160 -0.482950 0.008274 0.158072 -0.626318 0.027069 0.129220 -0.000010 0.000416 -0.000013 26.799480 0.006508 4.256069 -0.655807 -0.006402 0.052909 -0.505468 0.010244 0.059698 0.000961 -0.000019 0.000002 20.974361 0.019795 -3.881018 -0.469906 0.018353 -0.083644 -0.325257 -0.010824 -0.062828 0.001101 0.000016 0.000004 14.958047 0.007362 -11.766705 -1.066231 0.018385 -0.151601 -1.186453 -0.037367 -0.153571 0.000357 0.000009 -0.000040 0.000000 0.000000 0.000000 0.000000 0.000000 0.000000 -5.684490 -11.517642 19.003668 -0.134420 -1.042993 4.659022 1.402727 -10.232775 17.041063 -1.304085 1.316419 -17.538464 0.000000 0.000000 0.000000 0.000000 0.000000 0.000000 0.000000 0.000000 0.000000 2.885755 -0.971784 12.880634 0.133060 0.711233 9.854578 0.259900 4.175855 16.299225 0.598324 -0.724287 -19.415077 0.000000 0.000000 0.000000 0.000000 0.000000 0.000000 0.000000 0.000000 0.000000 
0.246065 88.448471 5.208278 0.033251 -1.194836 -13.681812 0.987801 -0.066645 9.016810 -0.054003 0.089704 1.925291 -0.754896 0.335342 8.618706 -1.812697 0.274749 4.390572 0.682013 0.245698 2.560663 0.048611 0.502899 -4.523553 0.006314 -0.845645 -18.311281 0.000000 0.000000 0.000000 89.990120 0.050707 11.771812 64.127785 -24.991663 3.319984 -0.528901 15.605350 65.655563 -27.743017 -1.352132 1.225993 4.742802 -1.022773 42.674564 -0.000014 0.000022 -11.716553 -0.000010 0.000047 -8.241001 0.000016 0.000007 -0.000027 -18.480066 -0.020528 2.197824 0.668916 -0.001358 -0.150467 0.662586 0.025497 -0.154143 -0.000008 0.000010 -0.000009 -17.583408 -0.000623 -2.440643 0.657628 -0.004315 -0.061342 0.799595 0.011672 -0.041833 0.000010 0.000118 0.000005 -15.702980 -0.013657 -8.822559 0.740064 -0.000804 0.040926 0.746543 -0.012021 0.033840 0.000002 0.000264 0.000006 -12.950688 -0.023269 -15.747414 1.195248 -0.012173 0.261952 1.241850 -0.054178 0.187787 -0.000312 -0.000006 -0.000012 0.000000 0.000000 0.000000 0.000000 0.000000 0.000000 -88.268364 -0.050509 6.759126 -70.306252 19.746305 -9.865239 0.094931 -11.632951 81.225121 31.814709 -5.517257 0.562635 -2.866884 0.631795 43.606857 0.000023 0.000019 -6.728793 -0.000015 -0.000018 -4.710242 -0.000110 0.000010 0.000257 29.521746 -0.014613 10.201447 -0.496414 0.008199 0.157282 -0.640716 0.026990 0.128419 -0.000010 0.000425 -0.000013 26.572653 0.006489 4.211003 -0.671274 -0.006296 0.052488 -0.522931 0.010271 0.059347 0.000964 -0.000019 0.000006 20.755436 0.019820 -3.911757 -0.487901 0.018216 -0.083820 -0.344655 -0.010841 -0.062727 0.001073 0.000016 0.000004 14.747294 0.006384 -11.773610 -1.093944 0.018325 -0.152036 -1.214523 -0.037352 -0.153609 0.000353 0.000008 -0.000040 0.000000 0.000000 0.000000 0.000000 0.000000 0.000000 -5.684168 -11.501134 19.035326 -0.134061 -1.043780 4.666474 1.413578 -10.207298 17.012642 -1.305026 1.320727 -17.530745 0.000000 0.000000 0.000000 0.000000 0.000000 0.000000 0.000000 0.000000 0.000000 2.887977 -0.989306 12.921017 0.133187 0.711755 9.857249 0.232222 4.138916 16.266470 0.600039 -0.727133 -19.399725 0.000000 0.000000 0.000000 0.000000 0.000000 0.000000 0.000000 0.000000 0.000000 
0.241722 88.443634 5.222190 0.040706 -1.211312 -13.700515 1.001629 -0.066930 9.031401 -0.058031 0.093199 1.924944 -0.758643 0.367614 8.616687 -1.830119 0.288588 4.377930 0.705671 0.218980 2.491387 0.054057 0.482137 -4.546428 0.012367 -0.854500 -18.264597 0.000000 0.000000 0.000000 89.932457 0.061341 11.794217 64.168320 -24.895466 3.308097 -0.540034 15.572301 66.242928 -28.107397 -1.418914 1.387792 4.759057 -1.027515 42.664810 -0.000014 0.000022 -11.762904 -0.000010 0.000047 -8.273560 0.000016 0.000007 -0.000027 -18.324749 -0.021881 2.156416 0.659093 -0.002013 -0.147960 0.651581 0.025196 -0.151766 -0.000008 0.000010 -0.000009 -17.428305 -0.000999 -2.463700 0.644036 -0.004504 -0.060348 0.786934 0.011444 -0.040928 0.000009 0.000120 0.000005 -15.562558 -0.013057 -8.821918 0.726472 -0.000489 0.039877 0.733940 -0.011866 0.033011 0.000002 0.000238 0.000006 -12.840889 -0.023939 -15.706270 1.182663 -0.011134 0.260281 1.230838 -0.053405 0.186202 -0.000311 -0.000006 -0.000012 0.000000 0.000000 0.000000 0.000000 0.000000 0.000000 -88.238564 -0.059728 6.753904 -70.332474 19.702459 -9.922071 0.102152 -11.651923 81.607361 31.855202 -5.582291 0.661025 -2.898661 0.637535 43.590878 0.000023 0.000019 -6.818551 -0.000011 -0.000018 -4.773945 -0.000102 0.000010 0.000238 29.271429 -0.015272 10.144357 -0.510981 0.008207 0.156713 -0.656384 0.027002 0.127737 -0.000010 0.000433 -0.000013 26.335705 0.006467 4.163517 -0.687431 -0.006152 0.052105 -0.541172 0.010326 0.059019 0.000968 -0.000019 0.000011 20.527390 0.019904 -3.947030 -0.506613 0.018039 -0.084054 -0.364519 -0.010881 -0.062655 0.001042 0.000016 0.000004 14.529139 0.005636 -11.787416 -1.122916 0.018200 -0.152390 -1.243421 -0.037400 -0.153539 0.000348 0.000008 -0.000040 0.000000 0.000000 0.000000 0.000000 0.000000 0.000000 -5.684546 -11.486064 19.068901 -0.133788 -1.044588 4.674707 1.425227 -10.185139 16.981062 -1.306102 1.324934 -17.522083 0.000000 0.000000 0.000000 0.000000 0.000000 0.000000 0.000000 0.000000 0.000000 2.888619 -1.006991 12.963835 0.133320 0.712410 9.856737 0.205045 4.099078 16.233343 0.601750 -0.729997 -19.383402 0.000000 0.000000 0.000000 0.000000 0.000000 0.000000 0.000000 0.000000 0.000000 
0.237730 88.438942 5.236300 0.049093 -1.222200 -13.719341 1.015217 -0.067083 9.045327 -0.063138 0.097168 1.925563 -0.762521 0.398902 8.610700 -1.847841 0.301778 4.365086 0.731306 0.187759 2.417950 0.059720 0.458189 -4.570465 0.019127 -0.863821 -18.217718 0.000000 0.000000 0.000000 89.875366 0.072286 11.816014 64.219460 -24.801544 3.291795 -0.550745 15.540476 66.815765 -28.453562 -1.484646 1.534059 4.774956 -1.032087 42.655342 -0.000014 0.000022 -11.808164 -0.000010 0.000047 -8.305285 0.000017 0.000007 -0.000027 -18.175447 -0.023249 2.120256 0.651057 -0.002521 -0.145744 0.642494 0.025015 -0.149663 -0.000008 0.000010 -0.000009 -17.281462 -0.001390 -2.483484 0.631796 -0.004643 -0.059490 0.775390 0.011256 -0.040140 0.000009 0.000121 0.000005 -15.432941 -0.012452 -8.820206 0.713675 -0.000245 0.038858 0.722220 -0.011755 0.032227 0.000002 0.000208 0.000006 -12.741134 -0.024524 -15.666570 1.170453 -0.010207 0.258173 1.220187 -0.052714 0.184354 -0.000308 -0.000006 -0.000012 0.000000 0.000000 0.000000 0.000000 0.000000 0.000000 -88.207085 -0.069003 6.748753 -70.372414 19.650311 -9.979501 0.109558 -11.673955 81.983330 31.876478 -5.665034 0.744564 -2.932185 0.643564 43.573959 0.000023 0.000019 -6.913463 -0.000007 -0.000018 -4.841074 -0.000095 0.000010 0.000223 29.011023 -0.015911 10.085624 -0.526568 0.008300 0.156355 -0.673276 0.027100 0.127170 -0.000010 0.000440 -0.000012 26.088469 0.006441 4.113697 -0.704143 -0.005971 0.051764 -0.560047 0.010407 0.058715 0.000971 -0.000019 0.000015 20.289854 0.020043 -3.986351 -0.525811 0.017825 -0.084351 -0.384574 -0.010942 -0.062620 0.001009 0.000016 0.000004 14.303141 0.005111 -11.807173 -1.152749 0.018006 -0.152679 -1.272777 -0.037510 -0.153367 0.000344 0.000008 -0.000040 0.000000 0.000000 0.000000 0.000000 0.000000 0.000000 -5.685592 -11.472695 19.104366 -0.133599 -1.045478 4.683327 1.437812 -10.166741 16.946640 -1.307358 1.329050 -17.512678 0.000000 0.000000 0.000000 0.000000 0.000000 0.000000 0.000000 0.000000 0.000000 2.887840 -1.024957 13.008737 0.133455 0.713200 9.853109 0.178665 4.056376 16.200020 0.603416 -0.732856 -19.366148 0.000000 0.000000 0.000000 0.000000 0.000000 0.000000 0.000000 0.000000 0.000000 
0.233962 88.434479 5.250504 0.058247 -1.227572 -13.738166 1.028465 -0.067089 9.058426 -0.069185 0.101547 1.927017 -0.766520 0.429057 8.601060 -1.865614 0.314223 4.352334 0.758923 0.152655 2.341013 0.065570 0.431475 -4.595391 0.026606 -0.873454 -18.170628 0.000000 0.000000 0.000000 89.818863 0.083463 11.837180 64.279366 -24.711765 3.272110 -0.560916 15.509798 67.373825 -28.780025 -1.550889 1.664826 4.790679 -1.036495 42.646095 -0.000014 0.000022 -11.852619 -0.000010 0.000047 -8.336403 0.000017 0.000008 -0.000027 -18.031681 -0.024630 2.088635 0.644794 -0.002891 -0.143787 0.635307 0.024939 -0.147801 -0.000008 0.000010 -0.000009 -17.142120 -0.001794 -2.500394 0.620883 -0.004737 -0.058756 0.764940 0.011104 -0.039459 0.000009 0.000122 0.000005 -15.313094 -0.011842 -8.817526 0.701470 -0.000064 0.037862 0.711208 -0.011684 0.031482 0.000002 0.000177 0.000006 -12.650365 -0.025014 -15.628169 1.158268 -0.009375 0.255626 1.209526 -0.052090 0.182241 -0.000305 -0.000006 -0.000012 0.000000 0.000000 0.000000 0.000000 0.000000 0.000000 -88.174156 -0.078245 6.744070 -70.424072 19.592802 -10.037107 0.117110 -11.698223 82.351929 31.879725 -5.763215 0.813764 -2.967506 0.649889 43.556084 0.000023 0.000019 -7.013584 -0.000004 -0.000018 -4.911697 -0.000090 0.000010 0.000209 28.740202 -0.016535 10.024806 -0.542880 0.008466 0.156151 -0.691097 0.027270 0.126677 -0.000010 0.000446 -0.000012 25.830780 0.006407 4.061490 -0.721047 -0.005762 0.051453 -0.579202 0.010509 0.058421 0.000975 -0.000019 0.000019 20.042597 0.020234 -4.029198 -0.545067 0.017586 -0.084693 -0.404364 -0.011021 -0.062614 0.000975 0.000016 0.000004 14.069098 0.004799 -11.831820 -1.182880 0.017753 -0.152872 -1.302073 -0.037669 -0.153069 0.000341 0.000008 -0.000040 0.000000 0.000000 0.000000 0.000000 0.000000 0.000000 -5.687204 -11.461209 19.141611 -0.133491 -1.046508 4.691872 1.451413 -10.152163 16.909651 -1.308815 1.333086 -17.502689 0.000000 0.000000 0.000000 0.000000 0.000000 0.000000 0.000000 0.000000 0.000000 2.885832 -1.043294 13.055329 0.133587 0.714119 9.846543 0.153302 4.011055 16.166739 0.605001 -0.735692 -19.348122 0.000000 0.000000 0.000000 0.000000 0.000000 0.000000 0.000000 0.000000 0.000000 
0.230263 88.430313 5.264690 0.067947 -1.227799 -13.756858 1.041324 -0.066931 9.070516 -0.075970 0.106262 1.929246 -0.770610 0.457973 8.587965 -1.883121 0.325867 4.339976 0.788504 0.114564 2.261424 0.071572 0.402634 -4.620884 0.034735 -0.883232 -18.123392 0.000000 0.000000 0.000000 89.762878 0.094830 11.857724 64.345711 -24.627771 3.250171 -0.570436 15.480064 67.917244 -29.085409 -1.619356 1.780492 4.806383 -1.040750 42.637001 -0.000014 0.000023 -11.896505 -0.000010 0.000047 -8.367105 0.000017 0.000008 -0.000027 -17.893026 -0.026010 2.060710 0.640152 -0.003142 -0.142045 0.629865 0.024942 -0.146140 -0.000007 0.000010 -0.000009 -17.009476 -0.002213 -2.514966 0.611145 -0.004793 -0.058125 0.755458 0.010981 -0.038868 0.000008 0.000123 0.000006 -15.201810 -0.011228 -8.814174 0.689543 0.000067 0.036877 0.700619 -0.011643 0.030768 0.000002 0.000143 0.000006 -12.567429 -0.025391 -15.591122 1.145663 -0.008607 0.252628 1.198407 -0.051512 0.179857 -0.000301 -0.000006 -0.000012 0.000000 0.000000 0.000000 0.000000 0.000000 0.000000 -88.139931 -0.087367 6.740187 -70.485107 19.532759 -10.094129 0.124676 -11.724006 82.712196 31.865700 -5.873782 0.869208 -3.004685 0.656519 43.537209 0.000023 0.000019 -7.118981 -0.000000 -0.000017 -4.985892 -0.000085 0.000010 0.000197 28.458511 -0.017154 9.961272 -0.559498 0.008680 0.156009 -0.709405 0.027485 0.126183 -0.000010 0.000451 -0.000012 25.562449 0.006362 4.006645 -0.737636 -0.005537 0.051145 -0.598124 0.010620 0.058115 0.000980 -0.000019 0.000023 19.785501 0.020475 -4.075224 -0.563805 0.017339 -0.085046 -0.423291 -0.011108 -0.062613 0.000940 0.000016 0.000004 13.827107 0.004689 -11.860488 -1.212581 0.017465 -0.152888 -1.330652 -0.037854 -0.152586 0.000337 0.000008 -0.000040 0.000000 0.000000 0.000000 0.000000 0.000000 0.000000 -5.689168 -11.451670 19.180449 -0.133459 -1.047728 4.699908 1.465982 -10.141109 16.870403 -1.310464 1.337043 -17.492241 0.000000 0.000000 0.000000 0.000000 0.000000 0.000000 0.000000 0.000000 0.000000 2.882864 -1.062094 13.103149 0.133716 0.715156 9.837421 0.129077 3.963554 16.133785 0.606473 -0.738487 -19.329563 0.000000 0.000000 0.000000 0.000000 0.000000 0.000000 0.000000 0.000000 0.000000 
0.226517 88.426506 5.278869 0.078238 -1.223385 -13.775253 1.053483 -0.066503 9.081296 -0.083148 0.111166 1.931831 -0.774784 0.485751 8.572078 -1.899826 0.336691 4.328502 0.819722 0.074160 2.180675 0.077677 0.372184 -4.646370 0.043541 -0.892892 -18.076466 0.000000 0.000000 0.000000 89.708153 0.106311 11.877473 64.415680 -24.550365 3.226837 -0.579278 15.452013 68.444519 -29.367455 -1.692240 1.883074 4.822278 -1.044852 42.628002 -0.000014 0.000023 -11.940284 -0.000009 0.000047 -8.397710 0.000017 0.000008 -0.000028 -17.758904 -0.027396 2.035690 0.637387 -0.003277 -0.140458 0.626512 0.025014 -0.144630 -0.000007 0.000010 -0.000010 -16.882820 -0.002650 -2.527693 0.602959 -0.004814 -0.057578 0.747296 0.010887 -0.038346 0.000008 0.000124 0.000006 -15.098495 -0.010606 -8.810171 0.678127 0.000147 0.035912 0.690748 -0.011630 0.030089 0.000002 0.000108 0.000006 -12.492194 -0.025648 -15.554996 1.132679 -0.007913 0.249283 1.186912 -0.050986 0.177278 -0.000296 -0.000006 -0.000012 0.000000 0.000000 0.000000 0.000000 0.000000 0.000000 -88.104813 -0.096273 6.737346 -70.552063 19.472624 -10.149257 0.132110 -11.750617 83.059906 31.834963 -5.990495 0.912527 -3.043595 0.663407 43.517460 0.000023 0.000019 -7.229125 0.000004 -0.000017 -5.063346 -0.000081 0.000011 0.000187 28.167234 -0.017770 9.894987 -0.576543 0.008930 0.155854 -0.728248 0.027727 0.125630 -0.000010 0.000455 -0.000012 25.284883 0.006299 3.949528 -0.754053 -0.005305 0.050826 -0.616960 0.010735 0.057782 0.000985 -0.000019 0.000027 19.520023 0.020758 -4.123228 -0.582318 0.017084 -0.085400 -0.441644 -0.011204 -0.062618 0.000904 0.000016 0.000004 13.578600 0.004771 -11.891211 -1.242020 0.017113 -0.152781 -1.358771 -0.038078 -0.151978 0.000335 0.000008 -0.000040 0.000000 0.000000 0.000000 0.000000 0.000000 0.000000 -5.691306 -11.443538 19.220480 -0.133501 -1.049164 4.707195 1.481396 -10.132754 16.828918 -1.312292 1.340922 -17.481087 0.000000 0.000000 0.000000 0.000000 0.000000 0.000000 0.000000 0.000000 0.000000 2.878809 -1.081444 13.152303 0.133833 0.716304 9.825490 0.105924 3.915278 16.101549 0.607878 -0.741230 -19.310568 0.000000 0.000000 0.000000 0.000000 0.000000 0.000000 0.000000 0.000000 0.000000 
0.222578 88.423103 5.292956 0.088914 -1.215052 -13.793259 1.064813 -0.065798 9.090657 -0.090496 0.116138 1.934654 -0.778849 0.512233 8.553951 -1.915182 0.346686 4.318167 0.852462 0.032260 2.099944 0.083885 0.340898 -4.671449 0.052852 -0.902303 -18.030153 0.000000 0.000000 0.000000 89.654869 0.117695 11.896071 64.486389 -24.479908 3.203465 -0.587383 15.426010 68.956017 -29.625555 -1.771198 1.974384 4.838283 -1.048827 42.619091 -0.000014 0.000023 -11.983824 -0.000009 0.000047 -8.428067 0.000017 0.000008 -0.000028 -17.628826 -0.028777 2.012170 0.636094 -0.003342 -0.138970 0.624858 0.025107 -0.143224 -0.000007 0.000010 -0.000010 -16.761070 -0.003102 -2.539648 0.596016 -0.004820 -0.057089 0.740222 0.010808 -0.037870 0.000008 0.000125 0.000006 -15.001344 -0.009978 -8.806130 0.667080 0.000204 0.034977 0.681435 -0.011626 0.029450 0.000002 0.000072 0.000005 -12.423061 -0.025797 -15.520011 1.119122 -0.007236 0.245706 1.174844 -0.050466 0.174577 -0.000291 -0.000006 -0.000012 0.000000 0.000000 0.000000 0.000000 0.000000 0.000000 -88.068947 -0.105041 6.735805 -70.621964 19.414328 -10.201005 0.139185 -11.778033 83.392891 31.786961 -6.108012 0.943874 -3.083944 0.670516 43.496960 0.000023 0.000019 -7.343226 0.000007 -0.000017 -5.143537 -0.000078 0.000011 0.000179 27.867830 -0.018381 9.825911 -0.593870 0.009174 0.155575 -0.747403 0.027957 0.124932 -0.000009 0.000457 -0.000012 24.999653 0.006215 3.890281 -0.770181 -0.005083 0.050462 -0.635576 0.010837 0.057394 0.000991 -0.000019 0.000031 19.247614 0.021072 -4.172566 -0.600631 0.016845 -0.085720 -0.459491 -0.011296 -0.062607 0.000870 0.000017 0.000004 13.324883 0.005003 -11.922997 -1.271169 0.016743 -0.152510 -1.386450 -0.038299 -0.151218 0.000334 0.000008 -0.000040 0.000000 0.000000 0.000000 0.000000 0.000000 0.000000 -5.693370 -11.436721 19.261517 -0.133600 -1.050814 4.713243 1.497546 -10.126472 16.785559 -1.314258 1.344691 -17.469265 0.000000 0.000000 0.000000 0.000000 0.000000 0.000000 0.000000 0.000000 0.000000 2.873902 -1.101519 13.202360 0.133926 0.717551 9.810963 0.083786 3.867019 16.070526 0.609236 -0.743935 -19.291437 0.000000 0.000000 0.000000 0.000000 0.000000 0.000000 0.000000 0.000000 0.000000 
0.218333 88.420113 5.306758 0.099608 -1.203686 -13.810665 1.075336 -0.064895 9.098628 -0.097821 0.121068 1.937805 -0.782667 0.537141 8.533877 -1.928726 0.355826 4.308886 0.886547 -0.010210 2.020151 0.090210 0.309593 -4.695832 0.062386 -0.911439 -17.984533 0.000000 0.000000 0.000000 89.602753 0.128920 11.913376 64.555351 -24.416117 3.181258 -0.594848 15.401994 69.452835 -29.860355 -1.857062 2.057704 4.854353 -1.052688 42.610279 -0.000014 0.000023 -12.026941 -0.000009 0.000047 -8.458089 0.000017 0.000008 -0.000028 -17.502382 -0.030136 1.989107 0.635972 -0.003362 -0.137576 0.624547 0.025199 -0.141914 -0.000007 0.000010 -0.000010 -16.643309 -0.003562 -2.551539 0.590052 -0.004819 -0.056650 0.734062 0.010737 -0.037436 0.000008 0.000125 0.000007 -14.908837 -0.009345 -8.802405 0.656293 0.000253 0.034093 0.672544 -0.011624 0.028866 0.000002 0.000035 0.000005 -12.358663 -0.025851 -15.486186 1.104926 -0.006553 0.242023 1.162144 -0.049939 0.171839 -0.000285 -0.000006 -0.000012 0.000000 0.000000 0.000000 0.000000 0.000000 0.000000 -88.032219 -0.113857 6.735629 -70.692574 19.359112 -10.248662 0.145684 -11.806346 83.710922 31.722456 -6.221956 0.964771 -3.125554 0.677805 43.475830 0.000023 0.000019 -7.460663 0.000010 -0.000017 -5.226058 -0.000075 0.000011 0.000170 27.561573 -0.018982 9.753938 -0.611189 0.009390 0.155093 -0.766514 0.028149 0.124031 -0.000009 0.000459 -0.000012 24.708288 0.006115 3.828935 -0.785763 -0.004883 0.050029 -0.653706 0.010920 0.056933 0.000999 -0.000019 0.000035 18.969950 0.021408 -4.222894 -0.618535 0.016637 -0.085978 -0.476709 -0.011374 -0.062559 0.000835 0.000017 0.000004 13.067757 0.005343 -11.955241 -1.299823 0.016383 -0.152046 -1.413534 -0.038496 -0.150290 0.000334 0.000008 -0.000041 0.000000 0.000000 0.000000 0.000000 0.000000 0.000000 -5.695046 -11.431418 19.303137 -0.133735 -1.052650 4.717587 1.514206 -10.121514 16.740952 -1.316305 1.348293 -17.456961 0.000000 0.000000 0.000000 0.000000 0.000000 0.000000 0.000000 0.000000 0.000000 2.868633 -1.122206 13.252436 0.133995 0.718872 9.794497 0.062595 3.819047 16.041134 0.610554 -0.746605 -19.272614 0.000000 0.000000 0.000000 0.000000 0.000000 0.000000 0.000000 0.000000 0.000000 
0.213598 88.417557 5.319916 0.109534 -1.190362 -13.827301 1.085589 -0.063993 9.105321 -0.105146 0.125966 1.942146 -0.786085 0.559973 8.510966 -1.940504 0.364095 4.300434 0.922072 -0.051646 1.941411 0.096633 0.279524 -4.719631 0.071615 -0.920400 -17.939375 0.000000 0.000000 0.000000 89.549973 0.140039 11.929332 64.620453 -24.359598 3.161726 -0.601670 15.377751 69.939949 -30.073984 -1.949416 2.133661 4.870482 -1.056479 42.601562 -0.000013 0.000023 -12.069376 -0.000009 0.000047 -8.487705 0.000017 0.000008 -0.000028 -17.378828 -0.031428 1.965505 0.636163 -0.003379 -0.136290 0.624496 0.025247 -0.140710 -0.000007 0.000010 -0.000010 -16.527992 -0.004022 -2.564057 0.583950 -0.004829 -0.056245 0.727859 0.010655 -0.037044 0.000007 0.000126 0.000007 -14.818161 -0.008716 -8.799967 0.644623 0.000342 0.033220 0.662838 -0.011600 0.028306 0.000002 -0.000002 0.000005 -12.295806 -0.025819 -15.454562 1.089092 -0.005734 0.238084 1.147717 -0.049315 0.168932 -0.000278 -0.000006 -0.000012 0.000000 0.000000 0.000000 0.000000 0.000000 0.000000 -87.993919 -0.122756 6.736425 -70.762993 19.307903 -10.291791 0.151334 -11.835296 84.019127 31.640669 -6.334797 0.974705 -3.168844 0.685354 43.453831 0.000024 0.000019 -7.582495 0.000013 -0.000017 -5.311675 -0.000075 0.000011 0.000162 27.245712 -0.019572 9.677347 -0.627358 0.009544 0.154326 -0.784438 0.028271 0.122881 -0.000009 0.000461 -0.000012 24.408539 0.006005 3.763793 -0.799463 -0.004724 0.049492 -0.670006 0.010973 0.056375 0.001009 -0.000019 0.000039 18.685081 0.021760 -4.276148 -0.634357 0.016493 -0.086112 -0.491670 -0.011417 -0.062420 0.000801 0.000017 0.000004 12.805984 0.005748 -11.990022 -1.326225 0.016149 -0.151119 -1.438307 -0.038593 -0.148982 0.000336 0.000007 -0.000041 0.000000 0.000000 0.000000 0.000000 0.000000 0.000000 -5.695944 -11.428557 19.345016 -0.133882 -1.054671 4.719836 1.531036 -10.117277 16.696106 -1.318340 1.351667 -17.444969 0.000000 0.000000 0.000000 0.000000 0.000000 0.000000 0.000000 0.000000 0.000000 2.864128 -1.143286 13.300822 0.134063 0.720230 9.777946 0.042436 3.770399 16.013660 0.611732 -0.749219 -19.254868 0.000000 0.000000 0.000000 0.000000 0.000000 0.000000 0.000000 0.000000 0.000000 
0.208267 88.415390 5.332186 0.118296 -1.175961 -13.842878 1.095940 -0.063171 9.110483 -0.112438 0.130821 1.948395 -0.789170 0.580477 8.484034 -1.950737 0.371486 4.292907 0.959338 -0.090708 1.864018 0.103165 0.251635 -4.742892 0.080230 -0.929182 -17.894823 0.000000 0.000000 0.000000 89.495544 0.151142 11.943686 64.679840 -24.310350 3.145547 -0.607854 15.351452 70.421791 -30.267262 -2.048604 2.202717 4.887171 -1.060204 42.592850 -0.000013 0.000023 -12.111891 -0.000009 0.000047 -8.517604 0.000017 0.000008 -0.000028 -17.257126 -0.032621 1.941195 0.636912 -0.003361 -0.135159 0.624756 0.025275 -0.139641 -0.000006 0.000010 -0.000010 -16.414082 -0.004479 -2.577147 0.577651 -0.004837 -0.055865 0.721608 0.010563 -0.036697 0.000007 0.000127 0.000007 -14.728276 -0.008093 -8.799171 0.631453 0.000472 0.032293 0.651728 -0.011553 0.027721 0.000002 -0.000041 0.000005 -12.233575 -0.025693 -15.425472 1.070941 -0.004749 0.233612 1.130831 -0.048569 0.165654 -0.000270 -0.000006 -0.000012 0.000000 0.000000 0.000000 0.000000 0.000000 0.000000 -87.953506 -0.131475 6.737314 -70.832199 19.260706 -10.330185 0.156046 -11.864183 84.322617 31.540186 -6.449615 0.974153 -3.214714 0.693258 43.430588 0.000024 0.000019 -7.710821 0.000016 -0.000017 -5.401978 -0.000077 0.000011 0.000154 26.916338 -0.020161 9.593989 -0.641393 0.009651 0.153258 -0.800187 0.028329 0.121478 -0.000009 0.000462 -0.000012 24.097036 0.005886 3.692943 -0.810082 -0.004606 0.048834 -0.683322 0.010999 0.055713 0.001024 -0.000019 0.000043 18.390322 0.022121 -4.334242 -0.646603 0.016409 -0.086088 -0.502872 -0.011424 -0.062147 0.000768 0.000017 0.000004 12.537868 0.006217 -12.028994 -1.348821 0.016057 -0.149535 -1.459365 -0.038591 -0.147151 0.000339 0.000007 -0.000041 0.000000 0.000000 0.000000 0.000000 0.000000 0.000000 -5.695793 -11.428564 19.386299 -0.134041 -1.056911 4.720132 1.547552 -10.112478 16.651323 -1.320292 1.354795 -17.433733 0.000000 0.000000 0.000000 0.000000 0.000000 0.000000 0.000000 0.000000 0.000000 2.860934 -1.164319 13.346358 0.134159 0.721588 9.762580 0.023285 3.720920 15.988210 0.612696 -0.751690 -19.238819 0.000000 0.000000 0.000000 0.000000 0.000000 0.000000 0.000000 0.000000 0.000000 
0.202291 88.413628 5.343416 0.125839 -1.161258 -13.856780 1.106328 -0.062404 9.113139 -0.119505 0.135566 1.956950 -0.792524 0.599120 8.452052 -1.958950 0.378278 4.286299 0.998633 -0.126830 1.789839 0.110013 0.226683 -4.764836 0.088106 -0.937787 -17.851767 0.000000 0.000000 0.000000 89.439636 0.162197 11.956356 64.733162 -24.265144 3.132747 -0.613461 15.322221 70.900116 -30.440748 -2.152966 2.266924 4.904832 -1.063970 42.583893 -0.000013 0.000024 -12.155389 -0.000009 0.000048 -8.548553 0.000017 0.000008 -0.000028 -17.134167 -0.033687 1.915348 0.637633 -0.003316 -0.134139 0.624700 0.025270 -0.138647 -0.000006 0.000009 -0.000010 -16.298542 -0.004941 -2.591087 0.570366 -0.004851 -0.055479 0.714509 0.010461 -0.036368 0.000007 0.000128 0.000007 -14.636492 -0.007480 -8.799145 0.615764 0.000654 0.031259 0.638198 -0.011473 0.027074 0.000002 -0.000078 0.000005 -12.170081 -0.025477 -15.397287 1.049396 -0.003559 0.228446 1.110402 -0.047670 0.161930 -0.000260 -0.000006 -0.000012 0.000000 0.000000 0.000000 0.000000 0.000000 0.000000 -87.911324 -0.139852 6.738045 -70.899048 19.218285 -10.363579 0.159793 -11.891730 84.622673 31.420961 -6.566854 0.962861 -3.263849 0.701672 43.405674 0.000024 0.000019 -7.847663 0.000019 -0.000017 -5.498343 -0.000081 0.000011 0.000147 26.567064 -0.020728 9.500885 -0.651854 0.009651 0.151541 -0.812152 0.028267 0.119547 -0.000009 0.000462 -0.000011 23.768238 0.005758 3.614351 -0.816103 -0.004553 0.047939 -0.692158 0.010979 0.054846 0.001041 -0.000019 0.000047 18.081209 0.022485 -4.397448 -0.653738 0.016403 -0.085772 -0.508865 -0.011379 -0.061638 0.000736 0.000017 0.000004 12.260798 0.006729 -12.071116 -1.366282 0.016143 -0.146955 -1.475436 -0.038458 -0.144545 0.000341 0.000007 -0.000041 0.000000 0.000000 0.000000 0.000000 0.000000 0.000000 -5.694170 -11.431805 19.426161 -0.134236 -1.059422 4.717929 1.563161 -10.105452 16.606783 -1.322090 1.357622 -17.423105 0.000000 0.000000 0.000000 0.000000 0.000000 0.000000 0.000000 0.000000 0.000000 2.858912 -1.185067 13.388538 0.134296 0.722877 9.748427 0.004899 3.671763 15.964789 0.613515 -0.753930 -19.224907 0.000000 0.000000 0.000000 0.000000 0.000000 0.000000 0.000000 0.000000 0.000000 
0.195382 88.412354 5.353400 0.131339 -1.146745 -13.868776 1.117505 -0.061686 9.112111 -0.126715 0.140348 1.968918 -0.795648 0.615586 8.412149 -1.965060 0.384668 4.281493 1.042195 -0.158904 1.720131 0.117419 0.206585 -4.784983 0.094839 -0.946159 -17.811323 0.000000 0.000000 0.000000 89.381157 0.172715 11.965898 64.777405 -24.226019 3.123941 -0.618076 15.288999 71.380783 -30.590322 -2.261205 2.314830 4.923709 -1.067804 42.574642 -0.000013 0.000024 -12.200148 -0.000009 0.000048 -8.580719 0.000017 0.000008 -0.000028 -17.010160 -0.034581 1.886889 0.637656 -0.003289 -0.133277 0.623511 0.025179 -0.137775 -0.000006 0.000009 -0.000010 -16.180983 -0.005404 -2.606744 0.561085 -0.004895 -0.055079 0.705604 0.010324 -0.036063 0.000007 0.000129 0.000008 -14.541301 -0.006877 -8.801594 0.595926 0.000956 0.030014 0.620534 -0.011321 0.026292 0.000002 -0.000116 0.000005 -12.104048 -0.025190 -15.371999 1.022386 -0.001929 0.222110 1.084214 -0.046457 0.157376 -0.000249 -0.000006 -0.000012 0.000000 0.000000 0.000000 0.000000 0.000000 0.000000 -87.867332 -0.147107 6.736854 -70.962440 19.182892 -10.390070 0.162328 -11.916695 84.923920 31.269655 -6.691880 0.931715 -3.317693 0.710806 43.378319 0.000024 0.000019 -7.997142 0.000022 -0.000017 -5.603881 -0.000089 0.000011 0.000143 26.189297 -0.021261 9.393491 -0.657341 0.009512 0.149160 -0.819020 0.028046 0.117093 -0.000009 0.000461 -0.000011 23.414328 0.005621 3.523798 -0.815766 -0.004588 0.046786 -0.694790 0.010902 0.053765 0.001063 -0.000020 0.000052 17.750708 0.022850 -4.470361 -0.653612 0.016514 -0.085128 -0.507331 -0.011262 -0.060852 0.000707 0.000017 0.000004 11.969114 0.007278 -12.120872 -1.376190 0.016514 -0.143102 -1.484333 -0.038118 -0.140938 0.000343 0.000007 -0.000041 0.000000 0.000000 0.000000 0.000000 0.000000 0.000000 -5.690183 -11.438561 19.464622 -0.134501 -1.062373 4.712598 1.577710 -10.095226 16.562550 -1.323566 1.360148 -17.413612 0.000000 0.000000 0.000000 0.000000 0.000000 0.000000 0.000000 0.000000 0.000000 2.858926 -1.206655 13.426265 0.134507 0.724054 9.736355 -0.013120 3.623157 15.943563 0.614236 -0.755869 -19.213568 0.000000 0.000000 0.000000 0.000000 0.000000 0.000000 0.000000 0.000000 0.000000 
0.187064 88.411652 5.361929 0.133531 -1.132617 -13.877695 1.130196 -0.061070 9.104761 -0.134306 0.145312 1.985154 -0.798301 0.629605 8.360534 -1.967861 0.390954 4.279811 1.094401 -0.187373 1.656372 0.125899 0.193264 -4.802961 0.100117 -0.954355 -17.775143 0.000000 0.000000 0.000000 89.320053 0.181989 11.969858 64.809929 -24.190453 3.117918 -0.621422 15.248188 71.872375 -30.711929 -2.373273 2.337236 4.944340 -1.071739 42.564960 -0.000013 0.000024 -12.246933 -0.000009 0.000048 -8.614704 0.000017 0.000008 -0.000028 -16.883373 -0.035228 1.856188 0.637001 -0.003243 -0.132865 0.621069 0.025032 -0.137277 -0.000006 0.000009 -0.000010 -16.059994 -0.005864 -2.623705 0.549470 -0.004962 -0.054752 0.694512 0.010160 -0.035873 0.000006 0.000130 0.000008 -14.442274 -0.006297 -8.806798 0.570599 0.001380 0.028564 0.597399 -0.011098 0.025396 0.000002 -0.000153 0.000005 -12.037439 -0.024901 -15.350325 0.987568 0.000231 0.214355 1.049865 -0.044884 0.151837 -0.000235 -0.000005 -0.000011 0.000000 0.000000 0.000000 0.000000 0.000000 0.000000 -87.822418 -0.152108 6.732156 -71.020416 19.156565 -10.409908 0.163666 -11.935685 85.229362 31.075979 -6.824951 0.871651 -3.377774 0.720940 43.347645 0.000024 0.000019 -8.163822 0.000024 -0.000017 -5.721997 -0.000097 0.000011 0.000145 25.770256 -0.021709 9.268014 -0.655505 0.009209 0.146018 -0.818431 0.027637 0.114083 -0.000009 0.000460 -0.000011 23.024288 0.005477 3.417696 -0.806382 -0.004727 0.045359 -0.688582 0.010761 0.052462 0.001089 -0.000020 0.000056 17.390728 0.023210 -4.556473 -0.642898 0.016746 -0.084185 -0.494896 -0.011072 -0.059801 0.000681 0.000017 0.000004 11.658359 0.007838 -12.181555 -1.374996 0.017171 -0.137981 -1.482842 -0.037585 -0.136358 0.000342 0.000007 -0.000042 0.000000 0.000000 0.000000 0.000000 0.000000 0.000000 -5.681636 -11.449178 19.501656 -0.134921 -1.066066 4.702802 1.590755 -10.079947 16.517937 -1.324394 1.362404 -17.405237 0.000000 0.000000 0.000000 0.000000 0.000000 0.000000 0.000000 0.000000 0.000000 2.861798 -1.231926 13.458315 0.134838 0.725048 9.726341 -0.031423 3.575589 15.924302 0.615116 -0.757350 -19.205391 0.000000 0.000000 0.000000 0.000000 0.000000 0.000000 0.000000 0.000000 0.000000 
0.177064 88.411461 5.369320 0.132251 -1.118403 -13.881801 1.144549 -0.060528 9.088581 -0.142787 0.150503 2.003903 -0.799701 0.641170 8.295626 -1.965638 0.397309 4.282466 1.162355 -0.215591 1.598587 0.136731 0.187216 -4.819225 0.104724 -0.962389 -17.744633 0.000000 0.000000 0.000000 89.260124 0.188918 11.965273 64.827827 -24.156551 3.112006 -0.623705 15.200896 72.375244 -30.799513 -2.500296 2.332364 4.966914 -1.075706 42.554913 -0.000013 0.000023 -12.296199 -0.000009 0.000048 -8.650469 0.000016 0.000008 -0.000028 -16.752289 -0.035570 1.823905 0.637849 -0.003060 -0.133306 0.619557 0.024948 -0.137485 -0.000006 0.000009 -0.000010 -15.936276 -0.006299 -2.641660 0.538158 -0.005010 -0.054684 0.683652 0.010029 -0.035942 0.000006 0.000131 0.000009 -14.343128 -0.005754 -8.814832 0.542109 0.001821 0.027140 0.571378 -0.010875 0.024563 0.000002 -0.000186 0.000004 -11.977787 -0.024732 -15.332367 0.946089 0.002699 0.205661 1.008605 -0.043138 0.145738 -0.000218 -0.000005 -0.000011 0.000000 0.000000 0.000000 0.000000 0.000000 0.000000 -87.779488 -0.153935 6.722463 -71.071861 19.141504 -10.428880 0.164546 -11.947348 85.548195 30.834850 -6.941074 0.788028 -3.443895 0.732044 43.313713 0.000024 0.000019 -8.347486 0.000026 -0.000017 -5.852826 -0.000108 0.000011 0.000161 25.308172 -0.021987 9.128085 -0.646133 0.008823 0.142550 -0.810176 0.027125 0.110880 -0.000009 0.000460 -0.000011 22.597878 0.005323 3.298454 -0.787886 -0.004938 0.043853 -0.673786 0.010589 0.051085 0.001116 -0.000020 0.000060 17.004431 0.023530 -4.655607 -0.621435 0.017017 -0.083239 -0.471407 -0.010872 -0.058706 0.000659 0.000017 0.000005 11.334289 0.008301 -12.254164 -1.362252 0.017875 -0.132556 -1.470955 -0.037064 -0.131588 0.000342 0.000007 -0.000042 0.000000 0.000000 0.000000 0.000000 0.000000 0.000000 -5.666702 -11.461974 19.536726 -0.135624 -1.070728 4.686993 1.602070 -10.058122 16.471390 -1.324437 1.364614 -17.396294 0.000000 0.000000 0.000000 0.000000 0.000000 0.000000 0.000000 0.000000 0.000000 2.866607 -1.264637 13.485272 0.135310 0.725924 9.714373 -0.050935 3.529693 15.907257 0.616476 -0.758387 -19.200121 0.000000 0.000000 0.000000 0.000000 0.000000 0.000000 0.000000 0.000000 0.000000 
0.165156 88.411705 5.375834 0.127393 -1.103857 -13.880241 1.160387 -0.060149 9.063197 -0.152475 0.155961 2.023525 -0.799551 0.650731 8.217743 -1.956892 0.403834 4.290146 1.249174 -0.247075 1.545874 0.150656 0.186800 -4.834636 0.109822 -0.970305 -17.720240 0.000000 0.000000 0.000000 89.205109 0.193388 11.951480 64.831734 -24.120626 3.101572 -0.625560 15.147880 72.879143 -30.854948 -2.647359 2.307990 4.990488 -1.079640 42.544800 -0.000012 0.000023 -12.346627 -0.000009 0.000048 -8.686427 0.000016 0.000008 -0.000028 -16.616430 -0.035615 1.790846 0.641887 -0.002765 -0.134798 0.620681 0.024907 -0.138589 -0.000006 0.000009 -0.000010 -15.811865 -0.006711 -2.660183 0.529634 -0.005036 -0.055000 0.675224 0.009949 -0.036375 0.000006 0.000131 0.000009 -14.249601 -0.005269 -8.825228 0.513347 0.002267 0.025982 0.545556 -0.010668 0.023979 0.000003 -0.000210 0.000004 -11.934731 -0.024831 -15.317072 0.900320 0.005434 0.196702 0.963048 -0.041237 0.139664 -0.000201 -0.000005 -0.000011 0.000000 0.000000 0.000000 0.000000 0.000000 0.000000 -87.741165 -0.152328 6.707261 -71.115387 19.138243 -10.454115 0.166385 -11.948888 85.892143 30.555977 -7.011503 0.697459 -3.513725 0.743884 43.277489 0.000024 0.000019 -8.542745 0.000028 -0.000017 -5.992462 -0.000122 0.000011 0.000199 24.810276 -0.022048 8.982362 -0.629759 0.008393 0.139137 -0.794841 0.026548 0.107812 -0.000009 0.000460 -0.000010 22.143219 0.005151 3.172417 -0.761388 -0.005199 0.042446 -0.651707 0.010402 0.049769 0.001142 -0.000020 0.000063 16.602142 0.023778 -4.764354 -0.590702 0.017288 -0.082561 -0.438559 -0.010690 -0.057783 0.000636 0.000018 0.000005 11.007703 0.008557 -12.337563 -1.339430 0.018544 -0.127777 -1.450326 -0.036631 -0.127388 0.000342 0.000007 -0.000042 0.000000 0.000000 0.000000 0.000000 0.000000 0.000000 -5.644794 -11.475818 19.569319 -0.136632 -1.076246 4.664637 1.611556 -10.028932 16.422380 -1.323619 1.366862 -17.385187 0.000000 0.000000 0.000000 0.000000 0.000000 0.000000 0.000000 0.000000 0.000000 2.872330 -1.306648 13.507146 0.135918 0.726815 9.698536 -0.071555 3.485377 15.892698 0.618496 -0.759170 -19.197405 0.000000 0.000000 0.000000 0.000000 0.000000 0.000000 0.000000 0.000000 0.000000 
0.151126 88.412201 5.381540 0.118440 -1.089010 -13.873285 1.177180 -0.060155 9.029700 -0.162817 0.161567 2.042990 -0.798271 0.658890 8.127870 -1.940439 0.410424 4.303477 1.352838 -0.283989 1.497663 0.167480 0.189307 -4.849621 0.116332 -0.978128 -17.701723 0.000000 0.000000 0.000000 89.158310 0.196286 11.929744 64.824738 -24.076071 3.081670 -0.627963 15.087604 73.369049 -30.887243 -2.808366 2.277702 5.014224 -1.083546 42.534775 -0.000012 0.000023 -12.397486 -0.000009 0.000048 -8.721607 0.000016 0.000008 -0.000028 -16.474285 -0.035396 1.759171 0.649716 -0.002434 -0.137392 0.625137 0.024840 -0.140649 -0.000006 0.000009 -0.000010 -15.687617 -0.007114 -2.677532 0.525114 -0.005054 -0.055754 0.670098 0.009923 -0.037223 0.000006 0.000131 0.000009 -14.167912 -0.004856 -8.835776 0.485807 0.002739 0.025253 0.521453 -0.010473 0.023762 0.000003 -0.000223 0.000004 -11.918106 -0.025300 -15.301456 0.851774 0.008434 0.188121 0.915115 -0.039136 0.134148 -0.000182 -0.000005 -0.000011 0.000000 0.000000 0.000000 0.000000 0.000000 0.000000 -87.708931 -0.147604 6.687602 -71.148621 19.145283 -10.490758 0.171202 -11.934162 86.267952 30.261322 -7.023307 0.614710 -3.584455 0.756203 43.240120 0.000024 0.000019 -8.743026 0.000030 -0.000017 -6.135903 -0.000139 0.000011 0.000259 24.285652 -0.021866 8.840419 -0.605884 0.007895 0.135693 -0.771884 0.025880 0.104827 -0.000009 0.000461 -0.000010 21.669792 0.004955 3.047065 -0.726814 -0.005511 0.041145 -0.622250 0.010203 0.048524 0.001166 -0.000020 0.000065 16.195293 0.023937 -4.876895 -0.550650 0.017560 -0.082207 -0.396732 -0.010524 -0.057091 0.000612 0.000018 0.000005 10.690596 0.008599 -12.427681 -1.306559 0.019210 -0.123996 -1.420927 -0.036265 -0.124074 0.000344 0.000008 -0.000043 0.000000 0.000000 0.000000 0.000000 0.000000 0.000000 -5.616186 -11.491970 19.599827 -0.137850 -1.082226 4.636433 1.618495 -9.991632 16.370415 -1.321850 1.368994 -17.370546 0.000000 0.000000 0.000000 0.000000 0.000000 0.000000 0.000000 0.000000 0.000000 2.879268 -1.356395 13.524128 0.136648 0.727737 9.679241 -0.092021 3.442383 15.880593 0.621227 -0.759830 -19.196978 0.000000 0.000000 0.000000 0.000000 0.000000 0.000000 0.000000 0.000000 0.000000 
0.135025 88.412613 5.386584 0.105328 -1.073753 -13.862636 1.193761 -0.060483 8.990626 -0.173114 0.167060 2.061180 -0.795720 0.666099 8.028378 -1.915947 0.416796 4.322272 1.469541 -0.327503 1.453566 0.186671 0.192064 -4.864067 0.124991 -0.985585 -17.688881 0.000000 0.000000 0.000000 89.122513 0.198650 11.901482 64.810585 -24.019156 3.048586 -0.631330 15.023792 73.827271 -30.898363 -2.974724 2.248421 5.038539 -1.087647 42.524353 -0.000012 0.000023 -12.451056 -0.000009 0.000049 -8.757436 0.000016 0.000008 -0.000028 -16.321087 -0.034926 1.727796 0.660642 -0.002206 -0.140629 0.632410 0.024617 -0.143295 -0.000006 0.000009 -0.000010 -15.559269 -0.007517 -2.695161 0.524467 -0.005105 -0.056821 0.667855 0.009918 -0.038360 0.000006 0.000129 0.000010 -14.096007 -0.004496 -8.847110 0.460257 0.003284 0.024940 0.499661 -0.010256 0.023894 0.000003 -0.000225 0.000003 -11.925819 -0.026083 -15.285546 0.802289 0.011717 0.180434 0.866721 -0.036796 0.129566 -0.000164 -0.000005 -0.000011 0.000000 0.000000 0.000000 0.000000 0.000000 0.000000 -87.682274 -0.140673 6.664783 -71.172287 19.163172 -10.540439 0.180497 -11.901520 86.677895 29.962406 -6.975288 0.545981 -3.654435 0.768828 43.202328 0.000024 0.000018 -8.944208 0.000031 -0.000017 -6.280031 -0.000161 0.000011 0.000338 23.742075 -0.021409 8.707202 -0.575086 0.007250 0.131823 -0.741819 0.025041 0.101536 -0.000009 0.000463 -0.000009 21.184719 0.004737 2.926508 -0.684937 -0.005896 0.039798 -0.586002 0.009967 0.047220 0.001187 -0.000020 0.000065 15.791305 0.024006 -4.990132 -0.501920 0.017891 -0.081991 -0.346941 -0.010334 -0.056522 0.000584 0.000018 0.000005 10.389900 0.008516 -12.522704 -1.264221 0.020000 -0.120980 -1.383152 -0.035858 -0.121434 0.000350 0.000008 -0.000043 0.000000 0.000000 0.000000 0.000000 0.000000 0.000000 -5.582051 -11.512301 19.629820 -0.139152 -1.088235 4.603581 1.622459 -9.947127 16.314592 -1.319203 1.370913 -17.350948 0.000000 0.000000 0.000000 0.000000 0.000000 0.000000 0.000000 0.000000 0.000000 2.888693 -1.409345 13.537876 0.137465 0.728657 9.656827 -0.110794 3.400906 15.870420 0.624639 -0.760435 -19.197432 0.000000 0.000000 0.000000 0.000000 0.000000 0.000000 0.000000 0.000000 0.000000 
0.117059 88.412682 5.390927 0.088629 -1.058154 -13.851218 1.208498 -0.060685 8.949086 -0.183054 0.172271 2.078307 -0.791417 0.672900 7.922090 -1.883757 0.422661 4.345832 1.594225 -0.378603 1.413609 0.207341 0.192033 -4.877650 0.136433 -0.992301 -17.682037 0.000000 0.000000 0.000000 89.098450 0.201191 11.868251 64.789490 -23.946274 3.002847 -0.635545 14.961699 74.241020 -30.881033 -3.132043 2.218212 5.065042 -1.092400 42.512417 -0.000011 0.000022 -12.512463 -0.000009 0.000049 -8.797507 0.000015 0.000008 -0.000028 -16.147991 -0.034218 1.691678 0.672403 -0.002289 -0.143756 0.640520 0.024038 -0.145909 -0.000006 0.000009 -0.000010 -15.416127 -0.007921 -2.717774 0.525714 -0.005275 -0.057940 0.666470 0.009864 -0.039544 0.000006 0.000128 0.000010 -14.021689 -0.004150 -8.862913 0.436026 0.003997 0.024821 0.479132 -0.009942 0.024199 0.000003 -0.000219 0.000003 -11.943532 -0.027053 -15.272828 0.752533 0.015455 0.173589 0.818489 -0.034078 0.125775 -0.000146 -0.000005 -0.000011 0.000000 0.000000 0.000000 0.000000 0.000000 0.000000 -87.658340 -0.132817 6.640079 -71.186592 19.193964 -10.599914 0.194839 -11.853683 87.121384 29.651606 -6.877603 0.485388 -3.723335 0.781712 43.164310 0.000025 0.000018 -9.145314 0.000031 -0.000017 -6.424134 -0.000185 0.000011 0.000429 23.182823 -0.020652 8.583171 -0.538547 0.006304 0.126985 -0.705779 0.023877 0.097418 -0.000009 0.000467 -0.000009 20.689863 0.004505 2.811301 -0.637045 -0.006407 0.038163 -0.543786 0.009642 0.045653 0.001206 -0.000020 0.000065 15.390677 0.024007 -5.103992 -0.445423 0.018411 -0.081546 -0.290299 -0.010039 -0.055841 0.000550 0.000018 0.000005 10.104840 0.008403 -12.623610 -1.213020 0.021179 -0.117920 -1.337268 -0.035170 -0.118759 0.000361 0.000008 -0.000043 0.000000 0.000000 0.000000 0.000000 0.000000 0.000000 -5.544518 -11.538194 19.661991 -0.140425 -1.093955 4.567646 1.623593 -9.897828 16.254393 -1.315811 1.372565 -17.325745 0.000000 0.000000 0.000000 0.000000 0.000000 0.000000 0.000000 0.000000 0.000000 2.901736 -1.460302 13.551234 0.138293 0.729560 9.632100 -0.126227 3.361014 15.861428 0.628605 -0.761042 -19.197138 0.000000 0.000000 0.000000 0.000000 0.000000 0.000000 0.000000 0.000000 0.000000 
0.097678 88.412193 5.394416 0.069761 -1.042683 -13.842380 1.219386 -0.060025 8.907989 -0.192120 0.177034 2.095578 -0.785457 0.680117 7.811069 -1.844614 0.427707 4.373650 1.721003 -0.438057 1.379761 0.228438 0.185871 -4.889105 0.151137 -0.997984 -17.682190 0.000000 0.000000 0.000000 89.084404 0.204605 11.831889 64.757225 -23.852345 2.950259 -0.640434 14.906363 74.601151 -30.824249 -3.262604 2.183753 5.095719 -1.098284 42.497715 -0.000011 0.000022 -12.587368 -0.000009 0.000049 -8.845905 0.000015 0.000008 -0.000027 -15.945335 -0.033266 1.645236 0.682035 -0.002961 -0.145685 0.646834 0.022821 -0.147563 -0.000006 0.000009 -0.000009 -15.245905 -0.008331 -2.749639 0.525926 -0.005693 -0.058670 0.663100 0.009643 -0.040374 0.000006 0.000126 0.000011 -13.930326 -0.003787 -8.885515 0.411484 0.005043 0.024366 0.457886 -0.009391 0.024265 0.000004 -0.000205 0.000003 -11.954835 -0.028095 -15.264946 0.702155 0.020046 0.166420 0.770142 -0.030648 0.121691 -0.000130 -0.000005 -0.000012 0.000000 0.000000 0.000000 0.000000 0.000000 0.000000 -87.632767 -0.125598 6.614216 -71.189354 19.239244 -10.664116 0.214260 -11.795072 87.597176 29.310205 -6.745484 0.423133 -3.791358 0.794846 43.125988 0.000025 0.000018 -9.346520 0.000030 -0.000017 -6.568401 -0.000210 0.000011 0.000521 22.608562 -0.019609 8.465762 -0.496580 0.004827 0.120347 -0.664035 0.022165 0.091707 -0.000009 0.000473 -0.000008 20.184919 0.004262 2.700150 -0.583525 -0.007126 0.035848 -0.495380 0.009146 0.043497 0.001225 -0.000020 0.000063 14.991697 0.023970 -5.219142 -0.381224 0.019303 -0.080249 -0.226876 -0.009514 -0.054621 0.000509 0.000018 0.000005 9.832522 0.008345 -12.731327 -1.152893 0.023137 -0.113127 -1.282813 -0.033843 -0.114624 0.000378 0.000008 -0.000044 0.000000 0.000000 0.000000 0.000000 0.000000 0.000000 -5.506711 -11.570112 19.698853 -0.141611 -1.099241 4.530435 1.622441 -9.845300 16.189495 -1.311955 1.374009 -17.294767 0.000000 0.000000 0.000000 0.000000 0.000000 0.000000 0.000000 0.000000 0.000000 2.918784 -1.504374 13.567598 0.139051 0.730515 9.606407 -0.137256 3.322958 15.852583 0.632927 -0.761713 -19.194750 0.000000 0.000000 0.000000 0.000000 0.000000 0.000000 0.000000 0.000000 0.000000 
0.077842 88.410568 5.396899 0.052568 -1.027912 -13.837219 1.223116 -0.057482 8.870722 -0.200292 0.181028 2.113220 -0.778526 0.687082 7.699781 -1.801458 0.431505 4.402689 1.843727 -0.503015 1.349699 0.249108 0.173058 -4.898618 0.168509 -1.002316 -17.690010 0.000000 0.000000 0.000000 89.075829 0.208464 11.791618 64.711777 -23.740749 2.891429 -0.643875 14.869847 74.904343 -30.714195 -3.352582 2.144450 5.132953 -1.105844 42.478836 -0.000011 0.000021 -12.681534 -0.000009 0.000049 -8.906853 0.000015 0.000008 -0.000027 -15.701408 -0.032063 1.579053 0.687421 -0.004662 -0.144373 0.649237 0.020537 -0.146460 -0.000007 0.000010 -0.000009 -15.032822 -0.008758 -2.797663 0.522467 -0.006551 -0.058175 0.655717 0.009066 -0.040126 0.000006 0.000124 0.000011 -13.796671 -0.003361 -8.918151 0.385938 0.006727 0.022524 0.435054 -0.008357 0.023314 0.000004 -0.000188 0.000002 -11.927679 -0.028985 -15.263254 0.653060 0.026303 0.156416 0.723121 -0.025901 0.115172 -0.000117 -0.000005 -0.000012 0.000000 0.000000 0.000000 0.000000 0.000000 0.000000 -87.601028 -0.120562 6.583467 -71.181923 19.297518 -10.734486 0.237530 -11.739560 88.114380 28.908297 -6.600429 0.363722 -3.860948 0.808612 43.086361 0.000025 0.000018 -9.553079 0.000030 -0.000017 -6.716384 -0.000230 0.000011 0.000595 22.012409 -0.018384 8.342570 -0.452692 0.002536 0.110859 -0.620166 0.019643 0.083436 -0.000009 0.000480 -0.000008 19.661110 0.004028 2.584927 -0.528254 -0.008151 0.032325 -0.444073 0.008389 0.040307 0.001245 -0.000020 0.000061 14.580182 0.023923 -5.341321 -0.314453 0.020809 -0.077196 -0.161410 -0.008596 -0.052208 0.000457 0.000018 0.000005 9.554046 0.008411 -12.850103 -1.090201 0.026463 -0.103653 -1.225505 -0.031376 -0.106682 0.000402 0.000009 -0.000044 0.000000 0.000000 0.000000 0.000000 0.000000 0.000000 -5.473908 -11.605461 19.737665 -0.142809 -1.104226 4.493671 1.621698 -9.789966 16.120499 -1.308459 1.375830 -17.258644 0.000000 0.000000 0.000000 0.000000 0.000000 0.000000 0.000000 0.000000 0.000000 2.938268 -1.536920 13.587296 0.139644 0.731643 9.581471 -0.145969 3.287773 15.841436 0.637200 -0.762372 -19.187757 0.000000 0.000000 0.000000 0.000000 0.000000 0.000000 0.000000 0.000000 0.000000 
0.058410 88.407387 5.398351 0.039989 -1.014633 -13.835898 1.217417 -0.052565 8.838737 -0.206511 0.183847 2.132765 -0.772659 0.693387 7.591221 -1.757129 0.433845 4.431682 1.954666 -0.567966 1.319189 0.268397 0.155520 -4.908068 0.186917 -1.005417 -17.705530 0.000000 0.000000 0.000000 89.068336 0.211551 11.745701 64.652634 -23.610716 2.828074 -0.644711 14.853943 75.164108 -30.554867 -3.389752 2.100883 5.179044 -1.115444 42.454765 -0.000010 0.000021 -12.799721 -0.000009 0.000049 -8.984027 0.000015 0.000008 -0.000027 -15.407953 -0.030682 1.487540 0.687373 -0.007454 -0.138936 0.646567 0.017144 -0.141777 -0.000007 0.000010 -0.000009 -14.765757 -0.009212 -2.865314 0.513857 -0.007893 -0.056002 0.643362 0.008060 -0.038409 0.000006 0.000121 0.000011 -13.602408 -0.002858 -8.961086 0.358938 0.009141 0.018573 0.410176 -0.006744 0.020787 0.000005 -0.000168 0.000001 -11.838303 -0.029580 -15.266819 0.606721 0.034490 0.141412 0.678804 -0.019612 0.104330 -0.000107 -0.000005 -0.000012 0.000000 0.000000 0.000000 0.000000 0.000000 0.000000 -87.561005 -0.118455 6.544605 -71.167114 19.355387 -10.812203 0.263564 -11.694086 88.685539 28.425571 -6.474900 0.303872 -3.935652 0.823589 43.043804 0.000025 0.000018 -9.773335 0.000029 -0.000017 -6.873765 -0.000242 0.000010 0.000639 21.380791 -0.017106 8.202694 -0.409427 -0.000616 0.098105 -0.576808 0.016276 0.072261 -0.000009 0.000487 -0.000007 19.103390 0.003819 2.457772 -0.474480 -0.009492 0.027333 -0.392790 0.007352 0.035892 0.001266 -0.000020 0.000059 14.134496 0.023909 -5.475078 -0.250518 0.022986 -0.071865 -0.099091 -0.007220 -0.048202 0.000395 0.000018 0.000005 9.243209 0.008699 -12.982343 -1.032177 0.031357 -0.087463 -1.172259 -0.027572 -0.093358 0.000433 0.000009 -0.000044 0.000000 0.000000 0.000000 0.000000 0.000000 0.000000 -5.450656 -11.643446 19.776712 -0.144117 -1.109038 4.458073 1.623888 -9.733482 16.048502 -1.306099 1.378242 -17.218742 0.000000 0.000000 0.000000 0.000000 0.000000 0.000000 0.000000 0.000000 0.000000 2.958323 -1.556862 13.608645 0.140038 0.732993 9.561267 -0.154045 3.254533 15.825148 0.640953 -0.762858 -19.175055 0.000000 0.000000 0.000000 0.000000 0.000000 0.000000 0.000000 0.000000 0.000000 
0.039980 88.402695 5.399052 0.032901 -1.003527 -13.838773 1.202603 -0.045392 8.811576 -0.208636 0.185177 2.156070 -0.770567 0.699498 7.484591 -1.713416 0.434659 4.462809 2.046991 -0.627031 1.288746 0.285486 0.136124 -4.917838 0.204680 -1.007672 -17.728626 0.000000 0.000000 0.000000 89.059570 0.213217 11.692526 64.583649 -23.453074 2.762753 -0.644307 14.848706 75.405296 -30.367689 -3.365003 2.061064 5.236485 -1.127345 42.424713 -0.000010 0.000020 -12.946760 -0.000009 0.000049 -9.081139 0.000015 0.000008 -0.000027 -15.054474 -0.029256 1.372600 0.681879 -0.011031 -0.129991 0.638720 0.012964 -0.134004 -0.000007 0.000010 -0.000008 -14.435501 -0.009680 -2.949521 0.500077 -0.009613 -0.052241 0.626094 0.006680 -0.035316 0.000006 0.000119 0.000011 -13.339514 -0.002308 -9.009607 0.330679 0.012163 0.012371 0.383549 -0.004618 0.016527 0.000005 -0.000143 0.000001 -11.679988 -0.029905 -15.269510 0.563924 0.044299 0.120200 0.638347 -0.011940 0.088015 -0.000099 -0.000005 -0.000011 0.000000 0.000000 0.000000 0.000000 0.000000 0.000000 -87.514381 -0.118553 6.496710 -71.148140 19.391058 -10.895494 0.291946 -11.655738 89.316040 27.864130 -6.406114 0.235314 -4.019361 0.840349 42.996529 0.000025 0.000017 -10.016523 0.000028 -0.000017 -7.047007 -0.000249 0.000010 0.000656 20.693010 -0.015854 8.042008 -0.366899 -0.004407 0.082550 -0.534235 0.012291 0.058595 -0.000009 0.000492 -0.000006 18.491793 0.003632 2.315147 -0.422877 -0.011061 0.021003 -0.342439 0.006105 0.030372 0.001292 -0.000020 0.000057 13.631794 0.023964 -5.621068 -0.192340 0.025669 -0.064335 -0.042662 -0.005458 -0.042615 0.000323 0.000018 0.000005 8.876962 0.009312 -13.125837 -0.983339 0.037502 -0.064423 -1.127596 -0.022658 -0.074525 0.000469 0.000009 -0.000044 0.000000 0.000000 0.000000 0.000000 0.000000 0.000000 -5.439641 -11.685250 19.817373 -0.145561 -1.113714 4.423466 1.629751 -9.677748 15.974814 -1.305471 1.381005 -17.176180 0.000000 0.000000 0.000000 0.000000 0.000000 0.000000 0.000000 0.000000 0.000000 2.977360 -1.565604 13.630226 0.140299 0.734748 9.550629 -0.161668 3.220481 15.801469 0.643758 -0.763385 -19.157444 0.000000 0.000000 0.000000 0.000000 0.000000 0.000000 0.000000 0.000000 0.000000 
0.022978 88.396759 5.399460 0.031572 -0.994712 -13.845223 1.180519 -0.036304 8.788707 -0.205933 0.185060 2.182696 -0.773469 0.704773 7.379714 -1.672216 0.433988 4.497932 2.118359 -0.675176 1.258935 0.300176 0.119162 -4.927929 0.220350 -1.009350 -17.759357 0.000000 0.000000 0.000000 89.048279 0.212603 11.628844 64.512184 -23.261911 2.692282 -0.643628 14.847825 75.656891 -30.164047 -3.274865 2.031764 5.308930 -1.142032 42.387165 -0.000010 0.000020 -13.130645 -0.000008 0.000049 -9.203815 0.000015 0.000008 -0.000026 -14.620161 -0.027871 1.233436 0.672834 -0.015101 -0.118241 0.627127 0.008304 -0.123751 -0.000007 0.000010 -0.000008 -14.023373 -0.010144 -3.049402 0.482596 -0.011596 -0.047086 0.605552 0.004995 -0.031027 0.000006 0.000116 0.000011 -12.990208 -0.001741 -9.060736 0.302770 0.015686 0.003976 0.356948 -0.002058 0.010552 0.000006 -0.000114 0.000000 -11.437651 -0.029983 -15.265602 0.526367 0.055467 0.092253 0.603383 -0.003043 0.065736 -0.000094 -0.000005 -0.000011 0.000000 0.000000 0.000000 0.000000 0.000000 0.000000 -87.464401 -0.119232 6.436759 -71.128555 19.388439 -10.985785 0.321781 -11.625308 90.011169 27.218966 -6.432581 0.153910 -4.118509 0.859849 42.941647 0.000025 0.000017 -10.298053 0.000027 -0.000017 -7.246881 -0.000253 0.000010 0.000653 19.912386 -0.014640 7.851755 -0.326753 -0.008597 0.064923 -0.494145 0.007940 0.043044 -0.000009 0.000494 -0.000006 17.790890 0.003469 2.149721 -0.375146 -0.012775 0.013565 -0.295162 0.004723 0.023950 0.001324 -0.000020 0.000055 13.034384 0.024080 -5.783347 -0.144283 0.028677 -0.054872 0.003927 -0.003407 -0.035595 0.000240 0.000018 0.000005 8.419043 0.010266 -13.280711 -0.949800 0.044569 -0.035036 -1.097563 -0.016912 -0.050602 0.000511 0.000009 -0.000045 0.000000 0.000000 0.000000 0.000000 0.000000 0.000000 -5.441411 -11.730262 19.859606 -0.147175 -1.118407 4.389780 1.639164 -9.623610 15.900684 -1.306975 1.384077 -17.131617 0.000000 0.000000 0.000000 0.000000 0.000000 0.000000 0.000000 0.000000 0.000000 2.994015 -1.565404 13.651190 0.140507 0.737011 9.551745 -0.170147 3.185056 15.769170 0.645382 -0.764228 -19.135857 0.000000 0.000000 0.000000 0.000000 0.000000 0.000000 0.000000 0.000000 0.000000 
0.007461 88.390015 5.399774 0.035733 -0.987862 -13.854446 1.153458 -0.025680 8.770334 -0.198571 0.183673 2.211673 -0.781621 0.708216 7.278139 -1.634786 0.432038 4.537541 2.167984 -0.708103 1.228463 0.312577 0.109286 -4.938991 0.232581 -1.010653 -17.797834 0.000000 0.000000 0.000000 89.033318 0.208752 11.551930 64.443939 -23.033310 2.611347 -0.642831 14.850372 75.946152 -29.940525 -3.119951 2.011209 5.399295 -1.159811 42.340923 -0.000010 0.000019 -13.358012 -0.000008 0.000049 -9.356651 0.000015 0.000008 -0.000026 -14.088309 -0.026592 1.067000 0.663267 -0.019315 -0.104473 0.614156 0.003534 -0.111711 -0.000007 0.000010 -0.000008 -13.513607 -0.010596 -3.166672 0.463847 -0.013694 -0.040847 0.584397 0.003122 -0.025816 0.000005 0.000113 0.000011 -12.536661 -0.001165 -9.114638 0.277911 0.019515 -0.006280 0.333209 0.000790 0.003106 0.000006 -0.000083 -0.000000 -11.093495 -0.029768 -15.253569 0.496924 0.067477 0.058227 0.576385 0.006655 0.038053 -0.000089 -0.000004 -0.000011 0.000000 0.000000 0.000000 0.000000 0.000000 0.000000 -87.413528 -0.119006 6.360775 -71.108269 19.332972 -11.085664 0.351793 -11.606066 90.781586 26.468895 -6.585781 0.061130 -4.241792 0.883384 42.875164 0.000025 0.000017 -10.639485 0.000026 -0.000017 -7.488312 -0.000257 0.000011 0.000636 18.988594 -0.013439 7.616178 -0.291951 -0.012962 0.045842 -0.459411 0.003451 0.026157 -0.000009 0.000492 -0.000005 16.951075 0.003336 1.948107 -0.334098 -0.014561 0.005244 -0.254221 0.003277 0.016811 0.001359 -0.000020 0.000053 12.290370 0.024269 -5.970288 -0.112798 0.031833 -0.043801 0.034570 -0.001174 -0.027334 0.000146 0.000018 0.000005 7.819286 0.011597 -13.450353 -0.940540 0.052219 -0.000008 -1.091037 -0.010617 -0.022243 0.000558 0.000009 -0.000045 0.000000 0.000000 0.000000 0.000000 0.000000 0.000000 -5.454251 -11.776155 19.901852 -0.148932 -1.123201 4.358325 1.651166 -9.571700 15.827485 -1.310503 1.387433 -17.086054 0.000000 0.000000 0.000000 0.000000 0.000000 0.000000 0.000000 0.000000 0.000000 3.007269 -1.560153 13.671393 0.140693 0.739688 9.564818 -0.181199 3.149989 15.728149 0.645878 -0.765565 -19.111355 0.000000 0.000000 0.000000 0.000000 0.000000 0.000000 0.000000 0.000000 0.000000 
-0.006991 88.383102 5.400054 0.043813 -0.982786 -13.866582 1.124178 -0.013916 8.756710 -0.185921 0.181111 2.243008 -0.795169 0.710383 7.181518 -1.601268 0.429414 4.582285 2.194047 -0.722892 1.198250 0.322514 0.108672 -4.950919 0.240691 -1.011764 -17.844278 0.000000 0.000000 0.000000 89.013695 0.201326 11.461679 64.382217 -22.760937 2.518183 -0.642471 14.855351 76.293213 -29.697746 -2.904823 1.994921 5.508185 -1.180767 42.285591 -0.000010 0.000019 -13.630889 -0.000008 0.000049 -9.540852 0.000015 0.000007 -0.000026 -13.450626 -0.025519 0.872318 0.654006 -0.023458 -0.089218 0.600070 -0.001114 -0.098315 -0.000008 0.000010 -0.000008 -12.899244 -0.011054 -3.301366 0.444629 -0.015796 -0.033773 0.563448 0.001152 -0.019907 0.000005 0.000110 0.000011 -11.970553 -0.000572 -9.169637 0.258237 0.023498 -0.017983 0.314431 0.003801 -0.005524 0.000007 -0.000048 -0.000001 -10.639543 -0.029192 -15.230047 0.478773 0.079845 0.019372 0.560161 0.016765 0.006029 -0.000083 -0.000004 -0.000011 0.000000 0.000000 0.000000 0.000000 0.000000 0.000000 -87.364410 -0.116369 6.266597 -71.081818 19.207830 -11.196586 0.380995 -11.596192 91.638680 25.593935 -6.881428 -0.030976 -4.396125 0.912123 42.793613 0.000024 0.000016 -11.058775 0.000025 -0.000017 -7.783417 -0.000255 0.000011 0.000614 17.875011 -0.012272 7.320169 -0.263174 -0.017421 0.025341 -0.430426 -0.001088 0.008010 -0.000008 0.000483 -0.000004 15.927573 0.003212 1.697287 -0.300621 -0.016395 -0.003908 -0.220981 0.001796 0.008989 0.001392 -0.000020 0.000051 11.355066 0.024575 -6.188373 -0.103372 0.035009 -0.031308 0.043931 0.001168 -0.017922 0.000041 0.000018 0.000005 7.035970 0.013434 -13.636053 -0.964134 0.060206 0.040074 -1.116591 -0.003970 0.010015 0.000606 0.000009 -0.000045 0.000000 0.000000 0.000000 0.000000 0.000000 0.000000 -5.474468 -11.820534 19.943777 -0.150712 -1.127941 4.330058 1.663253 -9.521232 15.757756 -1.315472 1.390841 -17.041071 0.000000 0.000000 0.000000 0.000000 0.000000 0.000000 0.000000 0.000000 0.000000 3.017621 -1.553536 13.692071 0.140885 0.742724 9.588791 -0.196051 3.117709 15.679576 0.645552 -0.767666 -19.085707 0.000000 0.000000 0.000000 0.000000 0.000000 0.000000 0.000000 0.000000 0.000000 
-0.020879 88.376640 5.400385 0.053570 -0.979552 -13.882151 1.095416 -0.001605 8.747782 -0.167660 0.177440 2.276621 -0.813209 0.712174 7.091274 -1.570974 0.426837 4.632396 2.195413 -0.718846 1.171093 0.330023 0.117626 -4.962777 0.244626 -1.012993 -17.898745 0.000000 0.000000 0.000000 88.989761 0.190566 11.359101 64.326477 -22.441021 2.414099 -0.642863 14.864951 76.707443 -29.432295 -2.632488 1.976937 5.635528 -1.204942 42.220932 -0.000010 0.000019 -13.949847 -0.000008 0.000049 -9.756584 0.000015 0.000007 -0.000026 -12.702492 -0.024659 0.650366 0.644284 -0.027571 -0.072425 0.583674 -0.005670 -0.083466 -0.000008 0.000010 -0.000007 -12.176745 -0.011528 -3.451876 0.424559 -0.017896 -0.025932 0.542326 -0.000895 -0.013370 0.000005 0.000106 0.000010 -11.287351 0.000042 -9.222628 0.245704 0.027617 -0.030823 0.302631 0.006936 -0.015118 0.000007 -0.000007 -0.000002 -10.072176 -0.028217 -15.190258 0.475526 0.092378 -0.023058 0.557991 0.027136 -0.029256 -0.000074 -0.000004 -0.000011 0.000000 0.000000 0.000000 0.000000 0.000000 0.000000 -87.319908 -0.110202 6.152751 -71.041275 19.003370 -11.318771 0.408426 -11.594296 92.583336 24.577650 -7.322151 -0.103273 -4.585949 0.946743 42.694698 0.000024 0.000016 -11.567260 0.000024 -0.000017 -8.139861 -0.000245 0.000011 0.000595 16.542839 -0.011151 6.954434 -0.244108 -0.021940 0.003658 -0.410540 -0.005634 -0.011138 -0.000008 0.000467 -0.000004 14.693143 0.003078 1.389416 -0.278957 -0.018279 -0.013725 -0.199955 0.000299 0.000606 0.001420 -0.000020 0.000049 10.202288 0.025015 -6.439655 -0.124716 0.038117 -0.017767 0.023325 0.003566 -0.007600 -0.000072 0.000018 0.000005 6.045418 0.015800 -13.835555 -1.031615 0.068321 0.083825 -1.185290 0.002846 0.045043 0.000653 0.000009 -0.000045 0.000000 0.000000 0.000000 0.000000 0.000000 0.000000 -5.498124 -11.861618 19.985725 -0.152407 -1.132469 4.305079 1.672708 -9.469703 15.693800 -1.321177 1.394071 -16.997931 0.000000 0.000000 0.000000 0.000000 0.000000 0.000000 0.000000 0.000000 0.000000 3.026827 -1.547872 13.715000 0.141126 0.746104 9.621407 -0.215281 3.090265 15.625049 0.644727 -0.770821 -19.060911 0.000000 0.000000 0.000000 0.000000 0.000000 0.000000 0.000000 0.000000 0.000000 
-0.034486 88.371048 5.400826 0.063422 -0.978078 -13.901211 1.068809 0.010747 8.743451 -0.144264 0.172662 2.311477 -0.833764 0.714303 7.009252 -1.542464 0.424849 4.686343 2.172739 -0.698139 1.148690 0.335625 0.135192 -4.974040 0.244752 -1.014802 -17.960833 0.000000 0.000000 0.000000 88.963615 0.176885 11.245175 64.269867 -22.077314 2.301674 -0.643584 14.885707 77.190063 -29.128601 -2.306138 1.950457 5.781634 -1.232420 42.146515 -0.000010 0.000018 -14.316490 -0.000008 0.000049 -10.004701 0.000015 0.000007 -0.000025 -11.840694 -0.023918 0.401140 0.633432 -0.031877 -0.053583 0.564097 -0.010358 -0.066677 -0.000008 0.000011 -0.000007 -11.342116 -0.012015 -3.618172 0.403731 -0.020059 -0.017308 0.521351 -0.003040 -0.006196 0.000005 0.000103 0.000010 -10.479428 0.000688 -9.273014 0.244103 0.031938 -0.044484 0.301792 0.010205 -0.025410 0.000008 0.000040 -0.000002 -9.383390 -0.026796 -15.132773 0.493289 0.105080 -0.067438 0.575660 0.037714 -0.066386 -0.000061 -0.000003 -0.000011 0.000000 0.000000 0.000000 0.000000 0.000000 0.000000 -87.281906 -0.100686 6.019156 -70.980896 18.716984 -11.452297 0.432971 -11.604657 93.604103 23.398281 -7.903985 -0.131774 -4.813118 0.987231 42.577744 0.000023 0.000016 -12.168484 0.000023 -0.000016 -8.560145 -0.000223 0.000011 0.000584 14.989462 -0.010053 6.517220 -0.247368 -0.026401 -0.017872 -0.412138 -0.010052 -0.030036 -0.000007 0.000443 -0.000003 13.244332 0.002930 1.023134 -0.283020 -0.020174 -0.023584 -0.205110 -0.001165 -0.007829 0.001438 -0.000019 0.000047 8.826989 0.025548 -6.722626 -0.196066 0.041039 -0.004192 -0.046450 0.005913 0.002877 -0.000188 0.000018 0.000005 4.840366 0.018507 -14.045818 -1.163708 0.076210 0.127833 -1.317899 0.009499 0.080104 0.000698 0.000009 -0.000046 0.000000 0.000000 0.000000 0.000000 0.000000 0.000000 -5.522539 -11.897748 20.028173 -0.153966 -1.136675 4.282430 1.677788 -9.414557 15.636607 -1.327049 1.397044 -16.956982 0.000000 0.000000 0.000000 0.000000 0.000000 0.000000 0.000000 0.000000 0.000000 3.036223 -1.544284 13.741195 0.141439 0.749807 9.659396 -0.239043 3.069612 15.566166 0.643647 -0.775242 -19.038254 0.000000 0.000000 0.000000 0.000000 0.000000 0.000000 0.000000 0.000000 0.000000 
-0.047990 88.366821 5.401277 0.071849 -0.978056 -13.924446 1.045965 0.022590 8.743109 -0.116524 0.166952 2.347533 -0.854603 0.718786 6.935055 -1.514043 0.424199 4.743116 2.126010 -0.664282 1.134500 0.339786 0.158362 -4.983612 0.241672 -1.017770 -18.030626 0.000000 0.000000 0.000000 88.938118 0.161153 11.122351 64.201813 -21.674318 2.185989 -0.644327 14.921905 77.732964 -28.768137 -1.906616 1.915014 5.945922 -1.263287 42.062134 -0.000010 0.000018 -14.730436 -0.000009 0.000049 -10.284740 0.000015 0.000006 -0.000025 -10.866570 -0.023130 0.126925 0.618803 -0.036842 -0.032029 0.538826 -0.015657 -0.047364 -0.000008 0.000011 -0.000007 -10.394974 -0.012492 -3.798863 0.380867 -0.022457 -0.007834 0.499336 -0.005385 0.001653 0.000004 0.000098 0.000009 -9.542348 0.001356 -9.320610 0.257053 0.036691 -0.058669 0.315666 0.013729 -0.036144 0.000008 0.000094 -0.000003 -8.568239 -0.024983 -15.058030 0.538303 0.118384 -0.112240 0.619473 0.048818 -0.104053 -0.000045 -0.000003 -0.000012 0.000000 0.000000 0.000000 0.000000 0.000000 0.000000 -87.252457 -0.088663 5.868123 -70.896935 18.346287 -11.594747 0.453637 -11.631922 94.672913 22.033705 -8.634457 -0.094146 -5.076896 1.033020 42.443527 0.000023 0.000016 -12.858623 0.000023 -0.000016 -9.041759 -0.000187 0.000011 0.000584 13.232317 -0.008951 6.013624 -0.291278 -0.030680 -0.037101 -0.453351 -0.014199 -0.046718 -0.000006 0.000412 -0.000003 11.596065 0.002771 0.603080 -0.333162 -0.022034 -0.032527 -0.256657 -0.002536 -0.015518 0.001441 -0.000019 0.000046 7.239032 0.026104 -7.031643 -0.344596 0.043683 0.007934 -0.192519 0.008108 0.012386 -0.000302 0.000018 0.000005 3.424089 0.021192 -14.261952 -1.389165 0.083530 0.167136 -1.543208 0.015656 0.111274 0.000740 0.000010 -0.000046 0.000000 0.000000 0.000000 0.000000 0.000000 0.000000 -5.546568 -11.929045 20.073202 -0.155338 -1.140406 4.260903 1.677047 -9.353784 15.586380 -1.332783 1.399445 -16.917912 0.000000 0.000000 0.000000 0.000000 0.000000 0.000000 0.000000 0.000000 0.000000 3.046829 -1.542270 13.771070 0.141850 0.753859 9.701092 -0.266011 3.056230 15.504397 0.642330 -0.781078 -19.018995 0.000000 0.000000 0.000000 0.000000 0.000000 0.000000 0.000000 0.000000 0.000000 
-0.061223 88.364082 5.401529 0.079087 -0.978805 -13.950335 1.027076 0.033562 8.745723 -0.086247 0.160361 2.382285 -0.872960 0.726557 6.868778 -1.484261 0.424825 4.800354 2.057826 -0.621762 1.128470 0.343446 0.184611 -4.991569 0.235912 -1.022175 -18.107567 0.000000 0.000000 0.000000 88.916840 0.143882 10.992176 64.108337 -21.247391 2.068820 -0.644341 14.980453 78.331192 -28.312447 -1.417098 1.867641 6.129148 -1.297596 41.967209 -0.000010 0.000017 -15.193997 -0.000009 0.000048 -10.598323 0.000015 0.000006 -0.000025 -9.779318 -0.022076 -0.174490 0.603352 -0.042874 -0.007117 0.510996 -0.021979 -0.024990 -0.000008 0.000012 -0.000007 -9.331393 -0.012924 -3.997238 0.360269 -0.025235 0.002491 0.480917 -0.008008 0.010173 0.000004 0.000094 0.000009 -8.464541 0.002048 -9.371175 0.294037 0.042046 -0.072951 0.353818 0.017596 -0.046923 0.000008 0.000150 -0.000004 -7.611400 -0.022766 -14.973331 0.622447 0.132596 -0.155411 0.701315 0.060589 -0.140430 -0.000030 -0.000003 -0.000012 0.000000 0.000000 0.000000 0.000000 0.000000 0.000000 -87.231613 -0.076003 5.702537 -70.791916 17.890186 -11.745584 0.468310 -11.688505 95.755035 20.444883 -9.535924 0.029419 -5.379903 1.083662 42.291862 0.000022 0.000016 -13.640924 0.000022 -0.000015 -9.587434 -0.000135 0.000012 0.000595 11.282387 -0.007782 5.441991 -0.404110 -0.034474 -0.050573 -0.562267 -0.017759 -0.058037 -0.000006 0.000373 -0.000002 9.753814 0.002617 0.129766 -0.460422 -0.023741 -0.039073 -0.385382 -0.003701 -0.021219 0.001422 -0.000018 0.000045 5.432433 0.026560 -7.364487 -0.611321 0.045855 0.016390 -0.455615 0.009956 0.019234 -0.000411 0.000018 0.000005 1.778725 0.023299 -14.482081 -1.752001 0.089631 0.194572 -1.904957 0.020719 0.132836 0.000780 0.000010 -0.000046 0.000000 0.000000 0.000000 0.000000 0.000000 0.000000 -5.570706 -11.955459 20.120567 -0.156546 -1.143696 4.239256 1.671178 -9.286911 15.541958 -1.338338 1.401301 -16.879921 0.000000 0.000000 0.000000 0.000000 0.000000 0.000000 0.000000 0.000000 0.000000 3.057848 -1.541630 13.802834 0.142343 0.758174 9.743947 -0.295377 3.050583 15.441455 0.640626 -0.788329 -19.003992 0.000000 0.000000 0.000000 0.000000 0.000000 0.000000 0.000000 0.000000 0.000000 
-0.074017 88.362778 5.400828 0.085900 -0.980051 -13.975269 1.012093 0.043188 8.750260 -0.055852 0.152975 2.413312 -0.886102 0.738040 6.810615 -1.452463 0.426038 4.854734 1.970356 -0.574478 1.126445 0.347150 0.210723 -4.999765 0.227729 -1.027897 -18.189516 0.000000 0.000000 0.000000 88.901253 0.126106 10.858009 63.978428 -20.811600 1.948066 -0.643358 15.066271 78.984924 -27.726738 -0.818259 1.810624 6.330728 -1.335000 41.862103 -0.000009 0.000017 -15.705534 -0.000009 0.000048 -10.944512 0.000015 0.000006 -0.000025 -8.588076 -0.020620 -0.505222 0.596691 -0.050136 0.020969 0.490518 -0.029493 0.000182 -0.000008 0.000012 -0.000007 -8.157586 -0.013298 -4.217438 0.352846 -0.028435 0.013356 0.477239 -0.010909 0.019104 0.000004 0.000090 0.000008 -7.243315 0.002784 -9.433060 0.370312 0.048015 -0.086526 0.431331 0.021786 -0.057070 0.000009 0.000202 -0.000004 -6.502267 -0.020036 -14.889921 0.762319 0.147568 -0.194019 0.837925 0.072829 -0.172959 -0.000017 -0.000002 -0.000012 0.000000 0.000000 0.000000 0.000000 0.000000 0.000000 -87.216431 -0.064603 5.526004 -70.672073 17.340523 -11.903162 0.473579 -11.789732 96.813606 18.604343 -10.638712 0.258015 -5.728261 1.139024 42.121056 0.000022 0.000016 -14.527866 0.000022 -0.000014 -10.206047 -0.000065 0.000012 0.000614 9.134048 -0.006577 4.790292 -0.621462 -0.037297 -0.053872 -0.774531 -0.020254 -0.059969 -0.000005 0.000329 -0.000002 7.704314 0.002460 -0.402702 -0.703396 -0.025104 -0.041373 -0.629562 -0.004498 -0.023355 0.001378 -0.000018 0.000044 3.376133 0.026796 -7.720209 -1.046422 0.047230 0.018436 -0.885569 0.011177 0.021348 -0.000508 0.000018 0.000005 -0.142270 0.024195 -14.701416 -2.306833 0.093535 0.201518 -2.457030 0.023872 0.137979 0.000819 0.000010 -0.000046 0.000000 0.000000 0.000000 0.000000 0.000000 0.000000 -5.595202 -11.977194 20.166733 -0.157583 -1.146562 4.217164 1.661778 -9.215964 15.503000 -1.343607 1.402580 -16.843409 0.000000 0.000000 0.000000 0.000000 0.000000 0.000000 0.000000 0.000000 0.000000 3.067758 -1.542523 13.831453 0.142883 0.762570 9.786774 -0.325889 3.051463 15.379885 0.638241 -0.796848 -18.995228 0.000000 0.000000 0.000000 0.000000 0.000000 0.000000 0.000000 0.000000 0.000000 
-0.086321 88.362976 5.398066 0.092519 -0.981725 -13.995956 1.001538 0.051074 8.756042 -0.027394 0.145108 2.439814 -0.892651 0.753730 6.758955 -1.419285 0.427265 4.904610 1.864347 -0.525295 1.126637 0.350452 0.233313 -5.008726 0.217175 -1.034680 -18.274937 0.000000 0.000000 0.000000 88.888412 0.109660 10.723722 63.812153 -20.373428 1.816749 -0.641511 15.174639 79.702904 -26.993336 -0.082289 1.763014 6.548205 -1.374789 41.748379 -0.000009 0.000016 -16.257933 -0.000009 0.000047 -11.318712 0.000015 0.000005 -0.000024 -7.311031 -0.018763 -0.861605 0.614218 -0.058584 0.051196 0.493416 -0.038182 0.027152 -0.000009 0.000013 -0.000007 -6.890569 -0.013606 -4.458511 0.374540 -0.032032 0.024292 0.504091 -0.014065 0.028066 0.000004 0.000086 0.000008 -5.891753 0.003572 -9.510612 0.502239 0.054548 -0.098641 0.564042 0.026263 -0.065996 0.000009 0.000247 -0.000005 -5.246147 -0.016634 -14.816252 0.972225 0.163125 -0.225921 1.043637 0.085393 -0.199853 -0.000010 -0.000002 -0.000012 0.000000 0.000000 0.000000 0.000000 0.000000 0.000000 -87.200996 -0.055763 5.343019 -70.551041 16.687038 -12.068327 0.466480 -11.943717 97.820000 16.518522 -11.956985 0.607166 -6.125359 1.198685 41.930344 0.000021 0.000016 -15.526416 0.000022 -0.000013 -10.902355 0.000023 0.000013 0.000639 6.790919 -0.005439 4.052651 -0.978278 -0.038824 -0.044067 -1.125574 -0.021381 -0.049879 -0.000003 0.000285 -0.000001 5.446997 0.002282 -0.994507 -1.097957 -0.025979 -0.038251 -1.024741 -0.004824 -0.020915 0.001307 -0.000017 0.000044 1.059445 0.026783 -8.092475 -1.687866 0.047600 0.012342 -1.520396 0.011613 0.017433 -0.000589 0.000018 0.000005 -2.358413 0.023697 -14.908917 -3.090297 0.094623 0.182682 -3.235356 0.024646 0.122700 0.000859 0.000011 -0.000046 0.000000 0.000000 0.000000 0.000000 0.000000 0.000000 -5.619362 -11.994536 20.207289 -0.158395 -1.148833 4.195608 1.649756 -9.144528 15.470787 -1.348356 1.402980 -16.809982 0.000000 0.000000 0.000000 0.000000 0.000000 0.000000 0.000000 0.000000 0.000000 3.075386 -1.544811 13.852180 0.143428 0.766950 9.829321 -0.355692 3.056303 15.322431 0.634952 -0.806355 -18.994879 0.000000 0.000000 0.000000 0.000000 0.000000 0.000000 0.000000 0.000000 0.000000 
-0.098031 88.364571 5.392096 0.099840 -0.984193 -14.009109 0.995607 0.057020 8.763353 -0.003067 0.137337 2.461438 -0.892518 0.771437 6.712108 -1.387301 0.428139 4.949311 1.743272 -0.477609 1.128736 0.352906 0.250028 -5.018229 0.204302 -1.042558 -18.363194 0.000000 0.000000 0.000000 88.870155 0.096692 10.591668 63.625893 -19.931322 1.665790 -0.638113 15.298122 80.499397 -26.104494 0.799106 1.748921 6.780320 -1.416057 41.627701 -0.000009 0.000016 -16.845289 -0.000010 0.000047 -11.717140 0.000014 0.000005 -0.000024 -5.961716 -0.016598 -1.237509 0.684370 -0.067839 0.081869 0.549301 -0.047710 0.054379 -0.000009 0.000014 -0.000008 -5.543857 -0.013842 -4.716283 0.452456 -0.035880 0.034739 0.588269 -0.017373 0.036640 0.000004 0.000083 0.000007 -4.425715 0.004426 -9.603244 0.710176 0.061429 -0.108789 0.771641 0.030894 -0.073321 0.000009 0.000283 -0.000005 -3.854020 -0.012278 -14.754632 1.265143 0.178842 -0.250125 1.330878 0.097943 -0.220308 -0.000008 -0.000002 -0.000011 0.000000 0.000000 0.000000 0.000000 0.000000 0.000000 -87.175507 -0.050429 5.157969 -70.453758 15.930343 -12.247267 0.445265 -12.148776 98.766998 14.262902 -13.444134 1.081918 -6.569131 1.261496 41.721230 0.000020 0.000016 -16.630947 0.000023 -0.000012 -11.672014 0.000125 0.000013 0.000666 4.278325 -0.004475 3.236628 -1.515262 -0.038889 -0.020503 -1.657188 -0.021007 -0.027299 -0.000002 0.000245 -0.000001 3.011039 0.002082 -1.634446 -1.681065 -0.026274 -0.029573 -1.607574 -0.004642 -0.013792 0.001218 -0.000016 0.000045 -1.477901 0.026587 -8.466945 -2.554323 0.046934 -0.001906 -2.379352 0.011256 0.007474 -0.000658 0.000018 0.000005 -4.822936 0.022187 -15.083953 -4.104344 0.092834 0.138715 -4.241601 0.023066 0.087762 0.000899 0.000011 -0.000047 0.000000 0.000000 0.000000 0.000000 0.000000 0.000000 -5.642730 -12.006931 20.236210 -0.159005 -1.150528 4.176661 1.636869 -9.076872 15.447095 -1.352354 1.402499 -16.782087 0.000000 0.000000 0.000000 0.000000 0.000000 0.000000 0.000000 0.000000 0.000000 3.079137 -1.548712 13.861834 0.143914 0.771231 9.869518 -0.383817 3.062016 15.271821 0.630741 -0.816499 -19.004082 0.000000 0.000000 0.000000 0.000000 0.000000 0.000000 0.000000 0.000000 0.000000 
-0.108729 88.367378 5.381736 0.109666 -0.988102 -14.012240 0.993775 0.061026 8.773393 0.015706 0.130191 2.479436 -0.886843 0.787379 6.669209 -1.359726 0.428998 4.988273 1.610010 -0.434011 1.132187 0.354522 0.259485 -5.028664 0.189197 -1.051736 -18.454266 0.000000 0.000000 0.000000 88.836304 0.089426 10.464862 63.444702 -19.472996 1.490297 -0.632082 15.431741 81.380249 -25.066820 1.809582 1.800062 7.028521 -1.458023 41.500900 -0.000009 0.000015 -17.467720 -0.000010 0.000046 -12.139788 0.000014 0.000004 -0.000024 -4.539824 -0.014330 -1.625966 0.846610 -0.077159 0.110518 0.699276 -0.057390 0.079621 -0.000009 0.000014 -0.000008 -4.119200 -0.014018 -4.984204 0.623353 -0.039697 0.043922 0.766189 -0.020624 0.044245 0.000004 0.000080 0.000007 -2.855768 0.005365 -9.704376 1.019400 0.068220 -0.116442 1.078972 0.035410 -0.078660 0.000009 0.000309 -0.000005 -2.336718 -0.006705 -14.698351 1.655678 0.193817 -0.265934 1.713671 0.109759 -0.233718 -0.000007 -0.000001 -0.000011 0.000000 0.000000 0.000000 0.000000 0.000000 0.000000 -87.129951 -0.049254 4.976118 -70.407425 15.072865 -12.444468 0.409842 -12.399497 99.665627 11.965000 -15.009953 1.674234 -7.053514 1.325984 41.496651 0.000019 0.000016 -17.827763 0.000024 -0.000011 -12.504498 0.000237 0.000014 0.000690 1.624471 -0.003812 2.357610 -2.275061 -0.037401 0.015839 -2.413446 -0.019085 0.006719 -0.000001 0.000217 -0.000001 0.436177 0.001865 -2.305859 -2.488531 -0.025926 -0.015935 -2.413614 -0.003945 -0.002488 0.001126 -0.000016 0.000047 -4.168975 0.026344 -8.825538 -3.650260 0.045291 -0.023125 -3.467832 0.010169 -0.007640 -0.000722 0.000018 0.000005 -7.448899 0.020339 -15.200281 -5.326429 0.088394 0.074540 -5.453404 0.019437 0.037262 0.000939 0.000011 -0.000047 0.000000 0.000000 0.000000 0.000000 0.000000 0.000000 -5.665687 -12.013366 20.247849 -0.159473 -1.151765 4.162716 1.625440 -9.017448 15.433756 -1.355547 1.401305 -16.762487 0.000000 0.000000 0.000000 0.000000 0.000000 0.000000 0.000000 0.000000 0.000000 3.076932 -1.553534 13.858963 0.144240 0.775205 9.904754 -0.410028 3.066741 15.230311 0.625690 -0.826929 -19.022442 0.000000 0.000000 0.000000 0.000000 0.000000 0.000000 0.000000 0.000000 0.000000 
-0.117874 88.371239 5.366172 0.123284 -0.994099 -14.003765 0.995907 0.062989 8.786741 0.029364 0.123766 2.495818 -0.877788 0.798923 6.630166 -1.338985 0.430939 5.019805 1.466357 -0.394726 1.136073 0.355540 0.261866 -5.040870 0.171871 -1.062477 -18.547768 0.000000 0.000000 0.000000 88.780228 0.089427 10.347999 63.293736 -18.979691 1.293342 -0.622891 15.575301 82.334862 -23.907820 2.925018 1.947551 7.295837 -1.500271 41.367855 -0.000009 0.000015 -18.130068 -0.000010 0.000046 -12.589837 0.000013 0.000003 -0.000023 -3.035506 -0.012154 -2.022131 1.138247 -0.085808 0.134360 0.982206 -0.066521 0.100354 -0.000009 0.000015 -0.000008 -2.610146 -0.014156 -5.256070 0.922008 -0.043198 0.050969 1.072087 -0.023595 0.050202 0.000004 0.000079 0.000006 -1.186745 0.006404 -9.804154 1.453517 0.074507 -0.121002 1.509617 0.039542 -0.081567 0.000010 0.000327 -0.000005 -0.704094 0.000082 -14.634615 2.157427 0.207206 -0.272559 2.205513 0.120164 -0.239366 -0.000005 -0.000001 -0.000011 0.000000 0.000000 0.000000 0.000000 0.000000 0.000000 -87.059952 -0.052164 4.804439 -70.431206 14.122552 -12.655803 0.361852 -12.690145 100.524559 9.758485 -16.571327 2.354599 -7.565815 1.390385 41.261765 0.000018 0.000016 -19.088503 0.000026 -0.000010 -13.379003 0.000355 0.000014 0.000712 -1.122482 -0.003549 1.440252 -3.262373 -0.034473 0.062394 -3.399891 -0.015754 0.049763 -0.000000 0.000202 -0.000001 -2.220190 0.001637 -2.987001 -3.519372 -0.024955 0.001529 -3.441612 -0.002781 0.012047 0.001038 -0.000015 0.000050 -6.932345 0.026163 -9.150198 -4.948339 0.042808 -0.049413 -4.758993 0.008479 -0.026495 -0.000785 0.000018 0.000005 -10.137182 0.018740 -15.238310 -6.709536 0.081771 -0.003071 -6.824163 0.014237 -0.023342 0.000978 0.000011 -0.000047 0.000000 0.000000 0.000000 0.000000 0.000000 0.000000 -5.687860 -12.013947 20.238733 -0.159872 -1.152787 4.155161 1.617098 -8.969210 15.431727 -1.358164 1.399520 -16.753227 0.000000 0.000000 0.000000 0.000000 0.000000 0.000000 0.000000 0.000000 0.000000 3.067961 -1.557652 13.842482 0.144346 0.778472 9.934315 -0.434330 3.069791 15.199475 0.619848 -0.837145 -19.048906 0.000000 0.000000 0.000000 0.000000 0.000000 0.000000 0.000000 0.000000 0.000000 
-0.124927 88.376091 5.345356 0.140935 -1.001894 -13.983956 1.001657 0.062872 8.802707 0.040016 0.117450 2.511567 -0.867725 0.804954 6.595400 -1.325174 0.434546 5.041390 1.313821 -0.358109 1.142413 0.356217 0.259295 -5.053937 0.152276 -1.074845 -18.643370 0.000000 0.000000 0.000000 88.702110 0.096550 10.244921 63.185467 -18.442621 1.086203 -0.611553 15.730131 83.342056 -22.663702 4.117089 2.211621 7.586381 -1.542749 41.227386 -0.000009 0.000014 -18.841457 -0.000010 0.000046 -13.073819 0.000013 0.000003 -0.000023 -1.434175 -0.010187 -2.422936 1.583739 -0.093076 0.150669 1.423400 -0.074402 0.114134 -0.000009 0.000015 -0.000008 -1.005871 -0.014256 -5.526458 1.371593 -0.046110 0.055012 1.528568 -0.026055 0.053791 0.000004 0.000080 0.000006 0.580764 0.007494 -9.892332 2.028837 0.079883 -0.121788 2.080065 0.043009 -0.081528 0.000010 0.000335 -0.000006 1.034603 0.007677 -14.549223 2.779885 0.218193 -0.268962 2.816246 0.128492 -0.236337 -0.000001 -0.000001 -0.000010 0.000000 0.000000 0.000000 0.000000 0.000000 0.000000 -86.967857 -0.059148 4.650511 -70.534370 13.094515 -12.870103 0.305123 -13.015723 101.342628 7.728023 -18.073671 3.079349 -8.084108 1.452324 41.025505 0.000017 0.000016 -20.361904 0.000028 -0.000009 -14.259625 0.000473 0.000015 0.000734 -3.865882 -0.003635 0.526823 -4.418323 -0.030474 0.114693 -4.557296 -0.011375 0.097851 0.000001 0.000202 -0.000001 -4.862502 0.001433 -3.647292 -4.713056 -0.023488 0.021130 -4.630798 -0.001259 0.028396 0.000963 -0.000015 0.000054 -9.663832 0.026070 -9.426800 -6.377153 0.039707 -0.078291 -6.181313 0.006352 -0.047271 -0.000846 0.000018 0.000005 -12.779500 0.017707 -15.198162 -8.180729 0.073602 -0.086535 -8.281308 0.008006 -0.088112 0.001016 0.000012 -0.000047 0.000000 0.000000 0.000000 0.000000 0.000000 0.000000 -5.708098 -12.010647 20.209650 -0.160251 -1.153719 4.153813 1.612228 -8.934473 15.441154 -1.360699 1.397079 -16.754717 0.000000 0.000000 0.000000 0.000000 0.000000 0.000000 0.000000 0.000000 0.000000 3.053287 -1.559353 13.812617 0.144255 0.780710 9.958935 -0.456907 3.071249 15.179857 0.613299 -0.846624 -19.081631 0.000000 0.000000 0.000000 0.000000 0.000000 0.000000 0.000000 0.000000 0.000000 
-0.129639 88.381889 5.319891 0.162173 -1.010235 -13.954372 1.010242 0.060680 8.819707 0.050161 0.110265 2.526005 -0.858777 0.804848 6.565599 -1.316689 0.439261 5.050583 1.154579 -0.321430 1.156536 0.356662 0.255312 -5.064903 0.130166 -1.088812 -18.740742 0.000000 0.000000 0.000000 88.606567 0.109226 10.157337 63.122173 -17.867065 0.885822 -0.600364 15.897204 84.374863 -21.373539 5.359957 2.592179 7.902865 -1.585540 41.078251 -0.000008 0.000014 -19.609127 -0.000011 0.000045 -13.597555 0.000012 0.000002 -0.000023 0.272008 -0.008446 -2.825707 2.189916 -0.098384 0.157270 2.029762 -0.080452 0.119044 -0.000009 0.000015 -0.000008 0.699429 -0.014297 -5.790781 1.978807 -0.048210 0.055358 2.141893 -0.027807 0.054395 0.000004 0.000081 0.000005 2.444123 0.008547 -9.960216 2.749798 0.084016 -0.118161 2.794930 0.045570 -0.078060 0.000010 0.000330 -0.000006 2.867827 0.015462 -14.430165 3.524332 0.226137 -0.254093 3.547646 0.134203 -0.223732 0.000002 -0.000000 -0.000009 0.000000 0.000000 0.000000 0.000000 0.000000 0.000000 -86.860794 -0.070290 4.519386 -70.715973 12.013916 -13.071615 0.244463 -13.367887 102.115288 5.915925 -19.480173 3.804485 -8.582397 1.509246 40.798790 0.000016 0.000016 -21.585472 0.000030 -0.000008 -15.103460 0.000587 0.000016 0.000756 -6.479075 -0.003916 -0.330852 -5.642922 -0.025934 0.167510 -5.784509 -0.006440 0.146471 0.000002 0.000216 -0.000000 -7.374494 0.001299 -4.252339 -5.970982 -0.021717 0.041029 -5.882375 0.000476 0.045014 0.000902 -0.000015 0.000058 -12.252428 0.026016 -9.646364 -7.839490 0.036270 -0.107200 -7.637001 0.003975 -0.068129 -0.000901 0.000019 0.000004 -15.272757 0.017291 -15.095695 -9.654829 0.064634 -0.168696 -9.739706 0.001305 -0.151571 0.001052 0.000012 -0.000046 0.000000 0.000000 0.000000 0.000000 0.000000 0.000000 -5.725252 -12.006473 20.163927 -0.160648 -1.154643 4.158315 1.610697 -8.914623 15.461548 -1.363700 1.393828 -16.766228 0.000000 0.000000 0.000000 0.000000 0.000000 0.000000 0.000000 0.000000 0.000000 3.035218 -1.558207 13.770668 0.144081 0.781862 9.979822 -0.478404 3.070221 15.171124 0.606207 -0.855031 -19.118479 0.000000 0.000000 0.000000 0.000000 0.000000 0.000000 0.000000 0.000000 0.000000 
-0.132106 88.388603 5.290704 0.186232 -1.017566 -13.917871 1.020065 0.056527 8.836873 0.061481 0.101289 2.537105 -0.851556 0.796974 6.542564 -1.311222 0.443365 5.045850 0.991246 -0.281329 1.184958 0.357010 0.254283 -5.069298 0.104895 -1.104176 -18.838949 0.000000 0.000000 0.000000 88.500328 0.125296 10.084468 63.099934 -17.265806 0.713302 -0.592242 16.075211 85.403748 -20.081402 6.624443 3.074946 8.246452 -1.628602 40.919655 -0.000008 0.000014 -20.437244 -0.000011 0.000045 -14.164907 0.000012 0.000001 -0.000023 2.081945 -0.006967 -3.225549 2.952947 -0.101168 0.152348 2.797073 -0.084085 0.113459 -0.000009 0.000016 -0.000009 2.504029 -0.014269 -6.044532 2.740037 -0.049279 0.051391 2.908390 -0.028657 0.051433 0.000003 0.000083 0.000005 4.395273 0.009491 -10.001685 3.613215 0.086572 -0.109416 3.651289 0.046971 -0.070607 0.000011 0.000311 -0.000006 4.779911 0.022885 -14.269950 4.386855 0.230337 -0.226635 4.396317 0.136710 -0.200408 0.000004 -0.000000 -0.000008 0.000000 0.000000 0.000000 0.000000 0.000000 0.000000 -86.747002 -0.085496 4.412479 -70.967773 10.907995 -13.243396 0.184299 -13.735916 102.839417 4.341939 -20.753254 4.495648 -9.042184 1.559422 40.589840 0.000015 0.000017 -22.713652 0.000032 -0.000008 -15.879644 0.000688 0.000016 0.000777 -8.865654 -0.004281 -1.092525 -6.846563 -0.021235 0.217102 -6.990712 -0.001304 0.192484 0.000002 0.000240 -0.000000 -9.671618 0.001258 -4.777295 -7.205761 -0.019788 0.059986 -7.108867 0.002320 0.060865 0.000853 -0.000015 0.000062 -14.623202 0.025948 -9.807294 -9.254798 0.032702 -0.134431 -9.045018 0.001463 -0.087896 -0.000944 0.000019 0.000004 -17.552599 0.017380 -14.951901 -11.066396 0.055398 -0.244904 -11.133656 -0.005509 -0.210336 0.001086 0.000012 -0.000046 0.000000 0.000000 0.000000 0.000000 0.000000 0.000000 -5.738392 -12.004019 20.107098 -0.161024 -1.155490 4.167666 1.612369 -8.910831 15.492340 -1.367622 1.389669 -16.786423 0.000000 0.000000 0.000000 0.000000 0.000000 0.000000 0.000000 0.000000 0.000000 3.016623 -1.555050 13.719650 0.143961 0.782095 9.998199 -0.500001 3.064937 15.171844 0.598688 -0.862280 -19.156914 0.000000 0.000000 0.000000 0.000000 0.000000 0.000000 0.000000 0.000000 0.000000 
-0.133001 88.396538 5.258919 0.211233 -1.022849 -13.877821 1.030208 0.050904 8.853111 0.075897 0.090127 2.543411 -0.845693 0.781001 6.527157 -1.306940 0.445398 5.027484 0.823828 -0.233480 1.230335 0.356962 0.259549 -5.064674 0.075698 -1.120706 -18.937450 0.000000 0.000000 0.000000 88.391464 0.142656 10.025061 63.113991 -16.648626 0.586111 -0.590609 16.256941 86.401115 -18.836575 7.883543 3.643726 8.611679 -1.671421 40.753284 -0.000008 0.000014 -21.315071 -0.000011 0.000045 -14.769176 0.000011 0.000000 -0.000023 3.969728 -0.005791 -3.609932 3.852843 -0.101605 0.135988 3.704479 -0.085408 0.097468 -0.000009 0.000016 -0.000009 4.381023 -0.014180 -6.279861 3.635742 -0.049380 0.043231 3.808679 -0.028654 0.044915 0.000003 0.000086 0.000004 6.402453 0.010316 -10.014517 4.601228 0.087689 -0.095608 4.631624 0.047286 -0.059210 0.000011 0.000279 -0.000006 6.733633 0.029590 -14.070896 5.351414 0.231301 -0.187170 5.346768 0.136467 -0.166807 0.000003 -0.000000 -0.000007 0.000000 0.000000 0.000000 0.000000 0.000000 0.000000 -86.636131 -0.103648 4.329961 -71.272491 9.797685 -13.369825 0.128724 -14.104764 103.509628 3.005111 -21.860647 5.142075 -9.454200 1.602330 40.402931 0.000014 0.000017 -23.723577 0.000034 -0.000007 -16.572819 0.000769 0.000017 0.000795 -10.975981 -0.004759 -1.738734 -7.967465 -0.017006 0.260327 -8.113423 0.003413 0.233231 0.000003 0.000270 0.000000 -11.709744 0.001285 -5.213149 -8.357043 -0.017955 0.076902 -8.250279 0.004084 0.075055 0.000811 -0.000015 0.000067 -16.736441 0.025879 -9.917444 -10.569193 0.029411 -0.158486 -10.351445 -0.000919 -0.105543 -0.000977 0.000019 0.000004 -19.585255 0.018015 -14.790350 -12.373978 0.047040 -0.311102 -12.421874 -0.011599 -0.261437 0.001117 0.000012 -0.000046 0.000000 0.000000 0.000000 0.000000 0.000000 0.000000 -5.745894 -12.004725 20.044443 -0.161302 -1.156084 4.181244 1.616622 -8.921956 15.533246 -1.372655 1.384452 -16.813696 0.000000 0.000000 0.000000 0.000000 0.000000 0.000000 0.000000 0.000000 0.000000 3.001040 -1.551589 13.664413 0.143998 0.781682 10.014869 -0.523036 3.054658 15.180151 0.590881 -0.868299 -19.194500 0.000000 0.000000 0.000000 0.000000 0.000000 0.000000 0.000000 0.000000 0.000000 
-0.133175 88.405785 5.225252 0.235146 -1.026965 -13.835842 1.040089 0.044231 8.867527 0.093186 0.076946 2.544057 -0.837544 0.754812 6.517261 -1.302130 0.444008 4.997086 0.653372 -0.175335 1.288088 0.356569 0.274148 -5.051732 0.042135 -1.138084 -19.034407 0.000000 0.000000 0.000000 88.287743 0.159370 9.975821 63.153324 -16.025177 0.515105 -0.597062 16.432201 87.345909 -17.679192 9.104460 4.275362 8.992273 -1.713379 40.581192 -0.000008 0.000014 -22.229658 -0.000012 0.000045 -15.401639 0.000010 -0.000000 -0.000023 5.905414 -0.004978 -3.968428 4.867725 -0.100391 0.109992 4.729263 -0.085032 0.072668 -0.000009 0.000016 -0.000009 6.299965 -0.014088 -6.491724 4.643776 -0.048789 0.031614 4.821469 -0.028032 0.035388 0.000002 0.000089 0.000004 8.432667 0.011087 -10.001934 5.693100 0.087823 -0.077484 5.715867 0.046816 -0.044441 0.000012 0.000241 -0.000006 8.694602 0.035495 -13.842829 6.399910 0.230289 -0.137871 6.381496 0.134542 -0.124631 0.000001 -0.000000 -0.000006 0.000000 0.000000 0.000000 0.000000 0.000000 0.000000 -86.534393 -0.123899 4.268797 -71.607460 8.699228 -13.440338 0.079694 -14.459231 104.114113 1.899273 -22.788454 5.740865 -9.819777 1.638494 40.237972 0.000013 0.000017 -24.616955 0.000037 -0.000006 -17.184612 0.000822 0.000018 0.000810 -12.811104 -0.005468 -2.272869 -8.980691 -0.013842 0.295416 -9.127404 0.007086 0.267153 0.000003 0.000301 0.000000 -13.488862 0.001333 -5.566568 -9.399552 -0.016492 0.091101 -9.281778 0.005563 0.087020 0.000771 -0.000015 0.000073 -18.590488 0.025884 -9.991795 -11.760750 0.026882 -0.178427 -11.534710 -0.002864 -0.120450 -0.001002 0.000019 0.000004 -21.369678 0.019374 -14.632552 -13.562612 0.040815 -0.364758 -13.589744 -0.016045 -0.303104 0.001143 0.000012 -0.000046 0.000000 0.000000 0.000000 0.000000 0.000000 0.000000 -5.746130 -12.009236 19.978621 -0.161395 -1.156317 4.197198 1.622918 -8.943272 15.582907 -1.378575 1.378136 -16.845839 0.000000 0.000000 0.000000 0.000000 0.000000 0.000000 0.000000 0.000000 0.000000 2.991463 -1.547787 13.608769 0.144185 0.780699 10.029297 -0.548651 3.040819 15.195762 0.582767 -0.872933 -19.230244 0.000000 0.000000 0.000000 0.000000 0.000000 0.000000 0.000000 0.000000 0.000000 
-0.133127 88.416542 5.190094 0.256606 -1.031736 -13.791247 1.049440 0.036922 8.878456 0.112430 0.062153 2.538130 -0.823653 0.717214 6.509892 -1.295177 0.438642 4.956846 0.483968 -0.107883 1.352687 0.356383 0.299649 -5.032759 0.004765 -1.156295 -19.127789 0.000000 0.000000 0.000000 88.194145 0.174296 9.935310 63.207798 -15.409781 0.501471 -0.611563 16.586626 88.223564 -16.640646 10.264259 4.946774 9.379745 -1.753719 40.406612 -0.000007 0.000014 -23.162157 -0.000012 0.000045 -16.049313 0.000010 -0.000001 -0.000023 7.848842 -0.004559 -4.294068 5.963901 -0.098163 0.076842 5.836808 -0.083529 0.041330 -0.000009 0.000016 -0.000010 8.221298 -0.014071 -6.677088 5.731046 -0.047760 0.017490 5.914277 -0.027002 0.023617 0.000001 0.000091 0.000004 10.445543 0.011873 -9.968785 6.857084 0.087342 -0.056056 6.872759 0.045808 -0.027112 0.000012 0.000204 -0.000007 10.624211 0.040699 -13.597363 7.504860 0.228160 -0.081252 7.473568 0.131669 -0.075944 -0.000002 -0.000000 -0.000004 0.000000 0.000000 0.000000 0.000000 0.000000 0.000000 -86.445015 -0.145882 4.227046 -71.947609 7.631808 -13.451108 0.037738 -14.782738 104.641426 1.024500 -23.559248 6.290809 -10.144524 1.668833 40.092888 0.000011 0.000017 -25.406246 0.000040 -0.000005 -17.724125 0.000846 0.000019 0.000828 -14.398247 -0.006487 -2.703932 -9.886254 -0.012065 0.321879 -10.032620 0.009352 0.293754 0.000004 0.000330 0.000001 -15.031162 0.001346 -5.846591 -10.332551 -0.015565 0.102361 -10.203154 0.006627 0.096550 0.000728 -0.000015 0.000080 -20.202982 0.026038 -10.041347 -12.828778 0.025421 -0.193962 -12.594851 -0.004175 -0.132420 -0.001024 0.000019 0.000004 -22.921152 0.021579 -14.490121 -14.633500 0.037437 -0.405304 -14.639012 -0.018328 -0.334902 0.001161 0.000012 -0.000046 0.000000 0.000000 0.000000 0.000000 0.000000 0.000000 -5.738595 -12.016573 19.909754 -0.161254 -1.156158 4.212857 1.630883 -8.968362 15.639449 -1.385107 1.370693 -16.880535 0.000000 0.000000 0.000000 0.000000 0.000000 0.000000 0.000000 0.000000 0.000000 2.988945 -1.542119 13.554363 0.144454 0.779102 10.039377 -0.576830 3.024432 15.220124 0.574277 -0.876080 -19.264687 0.000000 0.000000 0.000000 0.000000 0.000000 0.000000 0.000000 0.000000 0.000000 
-0.133037 88.428467 5.154003 0.274681 -1.039278 -13.742103 1.058260 0.029114 8.884284 0.131769 0.046237 2.523864 -0.801976 0.666800 6.501654 -1.284395 0.428903 4.910207 0.323894 -0.034339 1.423190 0.356795 0.338129 -5.007510 -0.035987 -1.175298 -19.215746 0.000000 0.000000 0.000000 88.116417 0.186278 9.900964 63.262630 -14.827703 0.543580 -0.632473 16.705755 89.015976 -15.730773 11.344022 5.625013 9.762578 -1.791510 40.234318 -0.000007 0.000014 -24.085287 -0.000012 0.000044 -16.693262 0.000009 -0.000002 -0.000023 9.746282 -0.004488 -4.583274 7.093813 -0.095339 0.039475 6.978700 -0.081295 0.006188 -0.000009 0.000015 -0.000010 10.091816 -0.014215 -6.835384 6.850762 -0.046484 0.001982 7.040433 -0.025735 0.010552 0.000000 0.000094 0.000004 12.384680 0.012742 -9.921376 8.044892 0.086498 -0.032770 8.054343 0.044447 -0.008358 0.000013 0.000173 -0.000007 12.469456 0.045468 -13.347991 8.621761 0.225378 -0.021012 8.579214 0.128262 -0.023918 -0.000004 -0.000000 -0.000003 0.000000 0.000000 0.000000 0.000000 0.000000 0.000000 -86.370811 -0.168691 4.199450 -72.268387 6.621141 -13.401799 0.001687 -15.060548 105.071701 0.397868 -24.227663 6.772319 -10.432969 1.694202 39.965813 0.000011 0.000018 -26.101820 0.000043 -0.000005 -18.199141 0.000837 0.000019 0.000860 -15.765034 -0.007824 -3.039839 -10.690518 -0.011653 0.340118 -10.835376 0.010187 0.313278 0.000004 0.000356 0.000001 -16.359764 0.001285 -6.059926 -11.161783 -0.015208 0.110796 -11.020652 0.007247 0.103664 0.000682 -0.000015 0.000087 -21.592201 0.026410 -10.072962 -13.776353 0.025061 -0.205279 -13.535673 -0.004818 -0.141586 -0.001049 0.000019 0.000004 -24.254770 0.024759 -14.369060 -15.588501 0.036798 -0.433850 -15.572136 -0.018532 -0.357572 0.001170 0.000012 -0.000046 0.000000 0.000000 0.000000 0.000000 0.000000 0.000000 -5.722838 -12.023405 19.834785 -0.160948 -1.155884 4.228763 1.640736 -8.987858 15.697963 -1.391733 1.362375 -16.915794 0.000000 0.000000 0.000000 0.000000 0.000000 0.000000 0.000000 0.000000 0.000000 2.993242 -1.532809 13.500997 0.144702 0.776809 10.043901 -0.607301 3.004546 15.252899 0.565516 -0.877702 -19.299128 0.000000 0.000000 0.000000 0.000000 0.000000 0.000000 0.000000 0.000000 0.000000 
-0.133264 88.440872 5.118372 0.285510 -1.050021 -13.689182 1.068355 0.021269 8.883306 0.150288 0.030169 2.499598 -0.772498 0.606552 6.492263 -1.268414 0.416086 4.863088 0.180889 0.043136 1.510532 0.357320 0.390545 -4.971497 -0.080110 -1.194495 -19.299599 0.000000 0.000000 0.000000 88.056259 0.195360 9.871961 63.300961 -14.313283 0.644687 -0.658283 16.773518 89.698738 -14.952960 12.329803 6.274040 10.122809 -1.825473 40.072014 -0.000007 0.000015 -24.955864 -0.000013 0.000044 -17.303118 0.000008 -0.000003 -0.000023 11.513347 -0.004879 -4.823990 8.186352 -0.092001 0.000079 8.083046 -0.078394 -0.030647 -0.000009 0.000015 -0.000011 11.826682 -0.014605 -6.960896 7.932899 -0.045017 -0.013995 8.129141 -0.024295 -0.003013 -0.000000 0.000096 0.000004 14.156284 0.013666 -9.864734 9.181333 0.085338 -0.009092 9.185306 0.042802 0.010655 0.000013 0.000146 -0.000006 14.134396 0.049767 -13.110778 9.679082 0.221944 0.039069 9.627576 0.124452 0.027909 -0.000004 -0.000000 -0.000002 0.000000 0.000000 0.000000 0.000000 0.000000 0.000000 -86.313599 -0.190308 4.182427 -72.551979 5.696516 -13.299305 -0.028598 -15.282344 105.389816 0.013777 -24.860126 7.167921 -10.682201 1.715041 39.857388 0.000010 0.000018 -26.698473 0.000047 -0.000005 -18.606493 0.000799 0.000019 0.000919 -16.911139 -0.009505 -3.272975 -11.388108 -0.012530 0.350461 -11.530509 0.009641 0.325865 0.000005 0.000380 0.000002 -17.471346 0.001117 -6.201870 -11.881636 -0.015399 0.116432 -11.729568 0.007421 0.108352 0.000633 -0.000015 0.000093 -22.749628 0.026992 -10.084368 -14.593257 0.025721 -0.212347 -14.347983 -0.004791 -0.147853 -0.001080 0.000019 0.000004 -25.362339 0.028669 -14.269937 -16.415432 0.038654 -0.450711 -16.377787 -0.016783 -0.371154 0.001162 0.000012 -0.000046 0.000000 0.000000 0.000000 0.000000 0.000000 0.000000 -5.693826 -12.023007 19.753317 -0.160428 -1.155365 4.246999 1.650474 -8.993955 15.753870 -1.397579 1.353675 -16.948809 0.000000 0.000000 0.000000 0.000000 0.000000 0.000000 0.000000 0.000000 0.000000 3.007197 -1.521653 13.448554 0.144835 0.773698 10.046790 -0.640927 2.984909 15.289828 0.557086 -0.877726 -19.333769 0.000000 0.000000 0.000000 0.000000 0.000000 0.000000 0.000000 0.000000 0.000000 
-0.134117 88.452293 5.085288 0.287544 -1.061849 -13.639057 1.080500 0.014526 8.875263 0.167603 0.015874 2.467859 -0.737348 0.544487 6.486086 -1.249487 0.402914 4.822237 0.060161 0.119387 1.624923 0.356781 0.450376 -4.921943 -0.126169 -1.212608 -19.381500 0.000000 0.000000 0.000000 88.016418 0.201790 9.854181 63.292019 -13.894589 0.818818 -0.685960 16.790903 90.266708 -14.269190 13.181894 6.851738 10.438813 -1.854249 39.929279 -0.000008 0.000015 -25.720484 -0.000013 0.000044 -17.840971 0.000008 -0.000004 -0.000023 13.047304 -0.005711 -5.013042 9.159084 -0.088427 -0.038719 9.065861 -0.075041 -0.066569 -0.000009 0.000016 -0.000011 13.323555 -0.015256 -7.057999 8.896341 -0.043466 -0.029303 9.099164 -0.022814 -0.016077 -0.000001 0.000098 0.000004 15.659517 0.014635 -9.818361 10.183585 0.083941 0.013094 10.182465 0.041013 0.028419 0.000013 0.000123 -0.000006 15.526230 0.053765 -12.920248 10.601482 0.217980 0.094700 10.543372 0.120433 0.075514 -0.000002 -0.000000 -0.000000 0.000000 0.000000 0.000000 0.000000 0.000000 0.000000 -86.276024 -0.209921 4.177004 -72.789482 4.896967 -13.150098 -0.054139 -15.456320 105.574539 -0.185397 -25.547569 7.465016 -10.883041 1.731004 39.771103 0.000009 0.000018 -27.176476 0.000051 -0.000005 -18.933327 0.000741 0.000019 0.001001 -17.803696 -0.011554 -3.401775 -11.957093 -0.014451 0.353569 -12.096503 0.007936 0.331719 0.000005 0.000400 0.000002 -18.335289 0.000847 -6.275015 -12.470959 -0.016067 0.119267 -12.310064 0.007199 0.110585 0.000587 -0.000015 0.000100 -23.646439 0.027767 -10.080482 -15.257305 0.027160 -0.215195 -15.010952 -0.004168 -0.151046 -0.001120 0.000019 0.000004 -26.220240 0.033147 -14.200544 -17.093122 0.042460 -0.456455 -17.036568 -0.013472 -0.375705 0.001137 0.000012 -0.000045 0.000000 0.000000 0.000000 0.000000 0.000000 0.000000 -5.650605 -12.010995 19.670288 -0.159644 -1.154273 4.272431 1.658127 -8.986917 15.801209 -1.401797 1.344972 -16.977505 0.000000 0.000000 0.000000 0.000000 0.000000 0.000000 0.000000 0.000000 0.000000 3.030761 -1.512940 13.400530 0.144906 0.770253 10.054219 -0.676025 2.965892 15.323578 0.550065 -0.876315 -19.367311 0.000000 0.000000 0.000000 0.000000 0.000000 0.000000 0.000000 0.000000 0.000000 
-0.134938 88.460686 5.056054 0.281912 -1.072979 -13.597974 1.093762 0.009016 8.864011 0.183724 0.004007 2.429564 -0.699602 0.484526 6.490489 -1.229891 0.390352 4.789792 -0.037784 0.189277 1.761880 0.352520 0.511583 -4.860837 -0.173497 -1.228356 -19.458664 0.000000 0.000000 0.000000 88.000504 0.205804 9.847571 63.206306 -13.594240 1.069105 -0.712073 16.768606 90.737495 -13.620614 13.848125 7.308655 10.699564 -1.877209 39.811306 -0.000008 0.000015 -26.350784 -0.000013 0.000044 -18.286552 0.000007 -0.000004 -0.000023 14.293423 -0.007105 -5.162591 9.962410 -0.084377 -0.075722 9.876172 -0.070952 -0.100319 -0.000009 0.000016 -0.000011 14.530543 -0.016198 -7.139031 9.691404 -0.041738 -0.043508 9.901623 -0.021245 -0.028243 -0.000002 0.000100 0.000004 16.848745 0.015697 -9.799847 11.001992 0.081992 0.032881 10.996314 0.038949 0.044215 0.000013 0.000108 -0.000006 16.608751 0.058053 -12.802667 11.345303 0.212627 0.144431 11.282819 0.115500 0.117395 0.000004 -0.000000 0.000000 0.000000 0.000000 0.000000 0.000000 0.000000 0.000000 -86.256996 -0.227172 4.184511 -72.990158 4.262551 -12.976414 -0.078279 -15.600749 105.598862 -0.273597 -26.359617 7.638061 -11.032177 1.742145 39.708206 0.000009 0.000018 -27.528496 0.000055 -0.000005 -19.175079 0.000674 0.000019 0.001101 -18.430790 -0.014146 -3.440482 -12.387097 -0.016650 0.351895 -12.523312 0.005827 0.332757 0.000006 0.000408 0.000003 -18.944118 0.000453 -6.290759 -12.920582 -0.016940 0.120109 -12.753623 0.006799 0.111043 0.000552 -0.000015 0.000105 -24.283667 0.028798 -10.065308 -15.762249 0.028781 -0.215233 -15.519436 -0.003331 -0.152047 -0.001173 0.000019 0.000004 -26.833569 0.038456 -14.161033 -17.616673 0.046678 -0.455354 -17.544205 -0.009843 -0.374551 0.001094 0.000012 -0.000045 0.000000 0.000000 0.000000 0.000000 0.000000 0.000000 -5.598077 -11.986246 19.593611 -0.158465 -1.152098 4.305559 1.663488 -8.970099 15.834332 -1.403621 1.336598 -17.000595 0.000000 0.000000 0.000000 0.000000 0.000000 0.000000 0.000000 0.000000 0.000000 3.062146 -1.507522 13.359458 0.144984 0.766721 10.071374 -0.710169 2.947731 15.348153 0.545027 -0.874173 -19.399275 0.000000 0.000000 0.000000 0.000000 0.000000 0.000000 0.000000 0.000000 0.000000 
-0.134313 88.464867 5.031156 0.272681 -1.082843 -13.571812 1.106562 0.004255 8.856366 0.199373 -0.005758 2.386446 -0.662064 0.428608 6.515573 -1.212913 0.378132 4.764379 -0.115745 0.250388 1.904234 0.342385 0.569391 -4.794461 -0.220838 -1.240698 -19.525400 0.000000 0.000000 0.000000 88.008514 0.206793 9.851936 63.037315 -13.404987 1.386367 -0.735494 16.726728 91.157143 -12.934353 14.301048 7.606472 10.907104 -1.895184 39.716717 -0.000008 0.000015 -26.851290 -0.000013 0.000043 -18.643272 0.000007 -0.000005 -0.000023 15.259390 -0.009169 -5.299824 10.579445 -0.079375 -0.110768 10.496220 -0.065663 -0.131608 -0.000009 0.000016 -0.000012 15.460729 -0.017381 -7.225404 10.301457 -0.039634 -0.056692 10.520524 -0.019443 -0.039535 -0.000002 0.000103 0.000004 17.750832 0.016906 -9.825663 11.624033 0.078942 0.050403 11.614723 0.036312 0.058094 0.000014 0.000102 -0.000006 17.421658 0.063417 -12.773846 11.904398 0.204252 0.190115 11.838828 0.108356 0.154868 0.000014 -0.000000 0.000001 0.000000 0.000000 0.000000 0.000000 0.000000 0.000000 -86.253212 -0.240862 4.211037 -73.176552 3.810247 -12.807778 -0.103614 -15.733096 105.455322 -0.330459 -27.356968 7.663371 -11.129783 1.748636 39.668423 0.000009 0.000018 -27.755421 0.000059 -0.000006 -19.332212 0.000615 0.000018 0.001213 -18.792391 -0.017347 -3.415766 -12.677289 -0.018175 0.348170 -12.810925 0.004234 0.331241 0.000006 0.000402 0.000003 -19.304361 -0.000069 -6.267212 -13.232364 -0.017660 0.120008 -13.062412 0.006497 0.110637 0.000524 -0.000014 0.000111 -24.684900 0.030137 -10.041972 -16.116467 0.029818 -0.214400 -15.881872 -0.002795 -0.152184 -0.001237 0.000018 0.000004 -27.233286 0.045035 -14.145571 -17.997362 0.049323 -0.453392 -17.911991 -0.007498 -0.372376 0.001034 0.000012 -0.000045 0.000000 0.000000 0.000000 0.000000 0.000000 0.000000 -5.545861 -11.954376 19.534063 -0.156765 -1.148483 4.341025 1.666377 -8.952990 15.852173 -1.403582 1.329060 -17.016310 0.000000 0.000000 0.000000 0.000000 0.000000 0.000000 0.000000 0.000000 0.000000 3.096807 -1.503666 13.328293 0.145121 0.763000 10.099120 -0.737264 2.927937 15.362597 0.541592 -0.871919 -19.428379 0.000000 0.000000 0.000000 0.000000 0.000000 0.000000 0.000000 0.000000 0.000000 
-0.130581 88.464600 5.010578 0.262578 -1.091414 -13.563472 1.118393 -0.000711 8.856662 0.215779 -0.014633 2.341381 -0.626361 0.378942 6.565583 -1.201238 0.366508 4.747709 -0.168702 0.300535 2.040566 0.326785 0.621618 -4.725903 -0.265360 -1.248066 -19.578497 0.000000 0.000000 0.000000 88.034973 0.204599 9.862818 62.799583 -13.319162 1.746013 -0.756853 16.680733 91.562569 -12.164089 14.560931 7.720657 11.071730 -1.909853 39.640263 -0.000008 0.000016 -27.246891 -0.000013 0.000043 -18.928553 0.000006 -0.000005 -0.000023 15.989253 -0.011868 -5.446683 11.019582 -0.073498 -0.143448 10.936381 -0.059292 -0.160256 -0.000009 0.000016 -0.000012 16.164927 -0.018696 -7.332593 10.736905 -0.037180 -0.068883 10.966044 -0.017417 -0.049941 -0.000003 0.000105 0.000004 18.429766 0.018224 -9.900415 12.063447 0.074742 0.065890 12.052461 0.033083 0.070233 0.000014 0.000100 -0.000006 18.038469 0.069932 -12.829075 12.296556 0.192629 0.233206 12.227823 0.098881 0.189268 0.000029 -0.000000 0.000001 0.000000 0.000000 0.000000 0.000000 0.000000 0.000000 -86.257790 -0.250069 4.256987 -73.364311 3.530709 -12.670455 -0.128882 -15.859463 105.170357 -0.430896 -28.542864 7.524002 -11.181126 1.750955 39.649422 0.000009 0.000018 -27.870256 0.000062 -0.000006 -19.413101 0.000574 0.000018 0.001338 -18.918764 -0.020945 -3.354572 -12.848356 -0.018452 0.345083 -12.980587 0.003723 0.329479 0.000006 0.000383 0.000003 -19.451479 -0.000655 -6.219350 -13.428799 -0.017980 0.119999 -13.258266 0.006465 0.110295 0.000501 -0.000014 0.000116 -24.902498 0.031694 -10.008247 -16.348055 0.029855 -0.214331 -16.124928 -0.002855 -0.152673 -0.001304 0.000018 0.000005 -27.479549 0.052526 -14.139133 -18.262922 0.049282 -0.455337 -18.167185 -0.007311 -0.373093 0.000968 0.000012 -0.000044 0.000000 0.000000 0.000000 0.000000 0.000000 0.000000 -5.500453 -11.926681 19.498604 -0.154617 -1.143668 4.371898 1.666222 -8.947559 15.856918 -1.402919 1.323147 -17.022749 0.000000 0.000000 0.000000 0.000000 0.000000 0.000000 0.000000 0.000000 0.000000 3.132902 -1.498883 13.308444 0.145305 0.758730 10.131944 -0.754095 2.906726 15.370296 0.539075 -0.869783 -19.452366 0.000000 0.000000 0.000000 0.000000 0.000000 0.000000 0.000000 0.000000 0.000000 
-0.123070 88.460388 4.994274 0.252916 -1.098307 -13.574792 1.129190 -0.006519 8.865757 0.235167 -0.023682 2.301364 -0.598220 0.342293 6.639349 -1.195728 0.356999 4.743321 -0.190389 0.338478 2.162064 0.308143 0.666053 -4.660558 -0.303929 -1.248608 -19.618589 0.000000 0.000000 0.000000 88.069405 0.199654 9.877954 62.526371 -13.313588 2.119426 -0.777409 16.643332 91.964256 -11.329219 14.667686 7.676201 11.204001 -1.922473 39.577240 -0.000008 0.000016 -27.563185 -0.000012 0.000043 -19.159468 0.000006 -0.000006 -0.000023 16.539003 -0.014873 -5.611849 11.314006 -0.067525 -0.172375 11.230000 -0.052708 -0.185462 -0.000009 0.000016 -0.000013 16.704420 -0.019975 -7.464164 11.030741 -0.034661 -0.079738 11.269926 -0.015382 -0.059137 -0.000003 0.000106 0.000004 18.961950 0.019534 -10.016648 12.358474 0.069966 0.079419 12.348477 0.029603 0.080747 0.000014 0.000099 -0.000006 18.542553 0.076865 -12.945213 12.562260 0.179247 0.274231 12.489179 0.088260 0.221448 0.000046 -0.000001 0.000001 0.000000 0.000000 0.000000 0.000000 0.000000 0.000000 -86.265266 -0.255270 4.315914 -73.548615 3.387442 -12.577472 -0.149807 -15.970385 104.809723 -0.628101 -29.821157 7.248163 -11.196463 1.749913 39.646965 0.000009 0.000018 -27.897875 0.000063 -0.000007 -19.434139 0.000558 0.000017 0.001466 -18.875317 -0.024497 -3.283632 -12.935477 -0.017481 0.344440 -13.067437 0.004338 0.329003 0.000006 0.000363 0.000003 -19.447834 -0.001196 -6.162860 -13.543945 -0.017858 0.120752 -13.374336 0.006730 0.110597 0.000477 -0.000013 0.000121 -24.998695 0.033292 -9.967679 -16.493444 0.028960 -0.215850 -16.282852 -0.003500 -0.154183 -0.001362 0.000018 0.000005 -27.631546 0.059892 -14.132092 -18.444492 0.046632 -0.463698 -18.341370 -0.009208 -0.378807 0.000905 0.000011 -0.000044 0.000000 0.000000 0.000000 0.000000 0.000000 0.000000 -5.463985 -11.912629 19.487785 -0.152299 -1.138286 4.397399 1.662267 -8.959356 15.851398 -1.402220 1.319059 -17.018997 0.000000 0.000000 0.000000 0.000000 0.000000 0.000000 0.000000 0.000000 0.000000 3.171297 -1.490117 13.302683 0.145431 0.753924 10.161827 -0.763200 2.887813 15.376785 0.537739 -0.867678 -19.468561 0.000000 0.000000 0.000000 0.000000 0.000000 0.000000 0.000000 0.000000 0.000000 
-0.112751 88.453369 4.981569 0.243616 -1.103933 -13.604174 1.139880 -0.013727 8.880815 0.259183 -0.033373 2.275700 -0.584498 0.322083 6.728378 -1.195336 0.350061 4.753000 -0.184348 0.368437 2.258320 0.289059 0.704173 -4.608129 -0.336437 -1.242267 -19.647270 0.000000 0.000000 0.000000 88.099358 0.193050 9.896660 62.262955 -13.350849 2.475036 -0.799187 16.619099 92.370979 -10.505194 14.645666 7.561934 11.309350 -1.933419 39.525894 -0.000009 0.000015 -27.813158 -0.000012 0.000043 -19.344070 0.000006 -0.000006 -0.000023 16.959587 -0.017773 -5.777588 11.501163 -0.062616 -0.195182 11.417286 -0.047221 -0.205489 -0.000009 0.000017 -0.000014 17.129076 -0.021070 -7.602337 11.221753 -0.032516 -0.088481 11.469711 -0.013680 -0.066480 -0.000004 0.000108 0.000005 19.403522 0.020701 -10.151278 12.553253 0.065595 0.090522 12.546632 0.026450 0.089366 0.000014 0.000107 -0.000006 18.990973 0.083262 -13.087592 12.745209 0.166688 0.311411 12.666384 0.078541 0.250369 0.000066 -0.000001 0.000001 0.000000 0.000000 0.000000 0.000000 0.000000 0.000000 -86.274994 -0.257922 4.377163 -73.716515 3.324464 -12.530808 -0.161351 -16.052940 104.448883 -0.924120 -31.042082 6.912378 -11.188516 1.746800 39.655350 0.000009 0.000019 -27.869328 0.000063 -0.000007 -19.415804 0.000572 0.000017 0.001572 -18.741491 -0.027575 -3.216542 -12.971434 -0.015686 0.346506 -13.103972 0.005733 0.330173 0.000006 0.000348 0.000003 -19.363159 -0.001580 -6.106946 -13.606921 -0.017407 0.122349 -13.439067 0.007211 0.111600 0.000453 -0.000012 0.000125 -25.023720 0.034780 -9.926144 -16.579855 0.027572 -0.218791 -16.380943 -0.004497 -0.156696 -0.001402 0.000017 0.000005 -27.724014 0.066212 -14.122469 -18.562262 0.042456 -0.477870 -18.455456 -0.012349 -0.389158 0.000852 0.000011 -0.000044 0.000000 0.000000 0.000000 0.000000 0.000000 0.000000 -5.433706 -11.913636 19.495247 -0.150062 -1.132760 4.423585 1.652663 -8.984661 15.838414 -1.401168 1.315879 -17.006578 0.000000 0.000000 0.000000 0.000000 0.000000 0.000000 0.000000 0.000000 0.000000 3.214754 -1.471138 13.312974 0.145412 0.749154 10.184403 -0.770676 2.875609 15.385345 0.538469 -0.865411 -19.475763 0.000000 0.000000 0.000000 0.000000 0.000000 0.000000 0.000000 0.000000 0.000000 
-0.101503 88.444778 4.970275 0.236939 -1.109045 -13.645386 1.150480 -0.022160 8.897457 0.287953 -0.044158 2.268094 -0.588143 0.312072 6.820937 -1.198734 0.342271 4.775031 -0.163335 0.395514 2.324211 0.272093 0.740028 -4.573334 -0.364975 -1.232268 -19.664942 0.000000 0.000000 0.000000 88.116913 0.186026 9.918320 62.037266 -13.405105 2.785635 -0.823253 16.612097 92.809067 -9.752968 14.496614 7.475484 11.393641 -1.942746 39.484550 -0.000009 0.000015 -28.009771 -0.000012 0.000043 -19.491167 0.000005 -0.000006 -0.000023 17.297470 -0.020210 -5.915307 11.617591 -0.058914 -0.211331 11.535085 -0.043160 -0.219944 -0.000009 0.000017 -0.000014 17.478817 -0.021898 -7.722705 11.343513 -0.030817 -0.094930 11.599151 -0.012356 -0.071841 -0.000004 0.000109 0.000005 19.789436 0.021696 -10.281056 12.683676 0.061959 0.099092 12.681746 0.023814 0.096076 0.000014 0.000125 -0.000006 19.413124 0.088737 -13.232154 12.877858 0.155916 0.343052 12.792345 0.070386 0.274661 0.000090 -0.000001 0.000001 0.000000 0.000000 0.000000 0.000000 0.000000 0.000000 -86.286964 -0.259404 4.431924 -73.851723 3.294555 -12.521555 -0.162163 -16.110073 104.141556 -1.279507 -32.108440 6.593066 -11.167752 1.742257 39.670315 0.000009 0.000019 -27.809040 0.000062 -0.000007 -19.374870 0.000611 0.000016 0.001633 -18.561033 -0.029969 -3.146272 -12.973203 -0.013048 0.351921 -13.107712 0.007966 0.333726 0.000007 0.000340 0.000002 -19.236614 -0.001794 -6.049461 -13.631856 -0.016589 0.124968 -13.466110 0.007947 0.113451 0.000424 -0.000011 0.000128 -25.001774 0.036126 -9.891536 -16.618721 0.025810 -0.223291 -16.429516 -0.005816 -0.160344 -0.001426 0.000017 0.000005 -27.770912 0.071459 -14.123425 -18.626282 0.037007 -0.497682 -18.519173 -0.016599 -0.403879 0.000813 0.000011 -0.000044 0.000000 0.000000 0.000000 0.000000 0.000000 0.000000 -5.408146 -11.924955 19.508989 -0.148001 -1.127113 4.460194 1.635257 -9.013185 15.819626 -1.399439 1.312429 -16.989073 0.000000 0.000000 0.000000 0.000000 0.000000 0.000000 0.000000 0.000000 0.000000 3.261439 -1.434635 13.337193 0.145243 0.745183 10.200364 -0.779992 2.870282 15.396890 0.541237 -0.862928 -19.474691 0.000000 0.000000 0.000000 0.000000 0.000000 0.000000 0.000000 0.000000 0.000000 
-0.090980 88.434708 4.958190 0.235619 -1.114638 -13.691915 1.159547 -0.031114 8.912546 0.321400 -0.056801 2.273198 -0.608084 0.300531 6.909802 -1.204380 0.328406 4.804682 -0.137301 0.422382 2.364378 0.259790 0.777534 -4.552929 -0.391900 -1.222598 -19.672132 0.000000 0.000000 0.000000 88.123619 0.179309 9.941228 61.850304 -13.471100 3.046674 -0.849039 16.627539 93.298805 -9.080492 14.222868 7.461665 11.460983 -1.950463 39.451889 -0.000009 0.000015 -28.162052 -0.000012 0.000043 -19.607018 0.000005 -0.000006 -0.000023 17.568895 -0.021820 -6.014341 11.686234 -0.055966 -0.222307 11.605749 -0.040116 -0.230035 -0.000009 0.000018 -0.000015 17.765371 -0.022397 -7.817557 11.416344 -0.029426 -0.099571 11.679699 -0.011285 -0.075650 -0.000003 0.000110 0.000005 20.129566 0.022578 -10.398814 12.772740 0.058865 0.105796 12.775428 0.021613 0.101372 0.000013 0.000147 -0.000006 19.813194 0.093288 -13.375682 12.980375 0.146678 0.369680 12.887527 0.063380 0.294502 0.000116 -0.000001 0.000001 0.000000 0.000000 0.000000 0.000000 0.000000 0.000000 -86.300629 -0.260584 4.480941 -73.944321 3.272068 -12.534241 -0.155459 -16.157566 103.916763 -1.664781 -32.979668 6.329292 -11.136797 1.736049 39.691193 0.000009 0.000019 -27.721502 0.000062 -0.000007 -19.315599 0.000662 0.000016 0.001637 -18.318563 -0.031559 -3.064502 -12.933074 -0.009602 0.360192 -13.071808 0.011011 0.339452 0.000007 0.000332 0.000002 -19.055605 -0.001845 -5.990095 -13.611571 -0.015422 0.128354 -13.448239 0.008938 0.115971 0.000386 -0.000010 0.000130 -24.925026 0.037372 -9.876772 -16.606565 0.023686 -0.229336 -16.424835 -0.007450 -0.164974 -0.001437 0.000017 0.000005 -27.768364 0.076031 -14.161038 -18.640295 0.030288 -0.522559 -18.534746 -0.022066 -0.422241 0.000788 0.000011 -0.000044 0.000000 0.000000 0.000000 0.000000 0.000000 0.000000 -5.388557 -11.942635 19.519283 -0.146202 -1.121457 4.512247 1.609633 -9.036640 15.795256 -1.397402 1.308435 -16.970045 0.000000 0.000000 0.000000 0.000000 0.000000 0.000000 0.000000 0.000000 0.000000 3.305992 -1.381396 13.369115 0.145009 0.742274 10.213392 -0.791714 2.868251 15.410617 0.544971 -0.860400 -19.468025 0.000000 0.000000 0.000000 0.000000 0.000000 0.000000 0.000000 0.000000 0.000000 
-0.081581 88.423119 4.944438 0.239028 -1.122383 -13.738601 1.166660 -0.040037 8.925105 0.359691 -0.071206 2.281379 -0.641917 0.281497 6.994924 -1.209039 0.307423 4.834850 -0.109415 0.451983 2.387021 0.252717 0.819775 -4.542532 -0.419103 -1.215507 -19.670404 0.000000 0.000000 0.000000 88.125961 0.173922 9.964815 61.696712 -13.546431 3.274730 -0.875531 16.656523 93.820168 -8.486769 13.871681 7.512075 11.512442 -1.956837 39.427048 -0.000009 0.000015 -28.273281 -0.000012 0.000043 -19.693636 0.000004 -0.000006 -0.000023 17.766905 -0.022625 -6.085892 11.717175 -0.053619 -0.230553 11.639042 -0.037785 -0.237800 -0.000008 0.000018 -0.000015 17.982542 -0.022633 -7.895229 11.451136 -0.028292 -0.103237 11.722536 -0.010405 -0.078637 -0.000003 0.000111 0.000004 20.417694 0.023428 -10.505737 12.832932 0.056204 0.111772 12.839207 0.019805 0.106096 0.000013 0.000172 -0.000006 20.176985 0.096794 -13.516995 13.063238 0.138959 0.394110 12.962812 0.057365 0.312294 0.000140 -0.000000 0.000001 0.000000 0.000000 0.000000 0.000000 0.000000 0.000000 -86.315338 -0.261421 4.530017 -74.002892 3.251462 -12.558388 -0.145649 -16.198399 103.781792 -2.046971 -33.669029 6.123192 -11.091835 1.727987 39.719315 0.000009 0.000019 -27.597132 0.000061 -0.000007 -19.232376 0.000709 0.000016 0.001595 -17.980282 -0.032420 -2.966668 -12.831316 -0.006035 0.368673 -12.976501 0.014211 0.345452 0.000006 0.000323 0.000001 -18.790379 -0.001770 -5.928119 -13.528954 -0.014180 0.131562 -13.368446 0.009972 0.118445 0.000344 -0.000010 0.000131 -24.777542 0.038553 -9.882763 -16.534513 0.021557 -0.235871 -16.358446 -0.009129 -0.169701 -0.001434 0.000017 0.000005 -27.708359 0.079990 -14.242240 -18.604685 0.023359 -0.548865 -18.500673 -0.027933 -0.441453 0.000775 0.000010 -0.000044 0.000000 0.000000 0.000000 0.000000 0.000000 0.000000 -5.374260 -11.964121 19.524082 -0.144724 -1.116157 4.571549 1.578995 -9.053656 15.768375 -1.395915 1.304215 -16.951824 0.000000 0.000000 0.000000 0.000000 0.000000 0.000000 0.000000 0.000000 0.000000 3.345425 -1.320800 13.400030 0.144872 0.740133 10.229329 -0.806508 2.870190 15.425368 0.548696 -0.858291 -19.460457 0.000000 0.000000 0.000000 0.000000 0.000000 0.000000 0.000000 0.000000 0.000000 
-0.073200 88.411064 4.928698 0.244921 -1.133889 -13.781517 1.173368 -0.048543 8.934306 0.403530 -0.086621 2.288393 -0.688274 0.260192 7.073886 -1.210921 0.283226 4.861279 -0.087348 0.488171 2.398782 0.249568 0.867035 -4.539687 -0.446522 -1.211430 -19.662870 0.000000 0.000000 0.000000 88.122421 0.171023 9.991210 61.577026 -13.623816 3.491101 -0.901994 16.684917 94.323418 -7.995964 13.508253 7.605115 11.546883 -1.962214 39.409573 -0.000009 0.000014 -28.343496 -0.000012 0.000043 -19.750740 0.000004 -0.000007 -0.000022 17.884153 -0.022950 -6.138680 11.712743 -0.052093 -0.237523 11.637696 -0.036254 -0.244427 -0.000008 0.000019 -0.000015 18.124811 -0.022748 -7.960792 11.451195 -0.027510 -0.106372 11.730791 -0.009757 -0.081205 -0.000003 0.000112 0.000004 20.645483 0.024222 -10.599006 12.866624 0.054124 0.117546 12.875618 0.018456 0.110625 0.000012 0.000195 -0.000005 20.489164 0.099099 -13.647891 13.127237 0.133214 0.417876 13.019639 0.052706 0.329702 0.000161 -0.000000 0.000001 0.000000 0.000000 0.000000 0.000000 0.000000 0.000000 -86.328850 -0.261803 4.579986 -74.039482 3.233580 -12.584947 -0.134199 -16.226353 103.734459 -2.390995 -34.225979 5.979661 -11.024905 1.717975 39.757153 0.000009 0.000019 -27.418432 0.000060 -0.000007 -19.112776 0.000747 0.000016 0.001536 -17.516201 -0.032687 -2.841873 -12.645521 -0.003209 0.374115 -12.798783 0.016746 0.349173 0.000006 0.000315 -0.000000 -18.412424 -0.001632 -5.854678 -13.363031 -0.013184 0.133488 -13.205473 0.010794 0.119965 0.000307 -0.000009 0.000131 -24.537510 0.039671 -9.898647 -16.386799 0.019928 -0.241201 -16.214987 -0.010494 -0.173335 -0.001419 0.000017 0.000005 -27.573429 0.083194 -14.356741 -18.509254 0.017705 -0.571264 -18.404858 -0.032956 -0.457531 0.000769 0.000010 -0.000045 0.000000 0.000000 0.000000 0.000000 0.000000 0.000000 -5.363679 -11.987350 19.525154 -0.143504 -1.111413 4.625820 1.545939 -9.065085 15.746243 -1.395092 1.299782 -16.936161 0.000000 0.000000 0.000000 0.000000 0.000000 0.000000 0.000000 0.000000 0.000000 3.379342 -1.264240 13.424397 0.144912 0.738413 10.250099 -0.824479 2.878172 15.441902 0.552092 -0.857152 -19.455404 0.000000 0.000000 0.000000 0.000000 0.000000 0.000000 0.000000 0.000000 0.000000 
-0.065711 88.399887 4.910960 0.250992 -1.149317 -13.817966 1.181599 -0.056129 8.939669 0.452670 -0.102058 2.293478 -0.744794 0.244395 7.141733 -1.210371 0.260263 4.881848 -0.078548 0.529499 2.403600 0.248319 0.914533 -4.542793 -0.472859 -1.210407 -19.651920 0.000000 0.000000 0.000000 88.109344 0.170949 10.022401 61.487312 -13.704355 3.706223 -0.927803 16.701195 94.770340 -7.629724 13.177931 7.718482 11.562882 -1.966865 39.399101 -0.000009 0.000014 -28.372368 -0.000012 0.000043 -19.777836 0.000004 -0.000007 -0.000022 17.919086 -0.023098 -6.172458 11.673706 -0.051737 -0.243561 11.602702 -0.035793 -0.250157 -0.000008 0.000019 -0.000015 18.190641 -0.022858 -8.012471 11.417334 -0.027211 -0.108994 11.705058 -0.009435 -0.083390 -0.000002 0.000112 0.000004 20.806370 0.024885 -10.672848 12.871775 0.052879 0.122978 12.883101 0.017691 0.114828 0.000011 0.000213 -0.000005 20.737318 0.100145 -13.759943 13.168753 0.130103 0.440594 13.054897 0.050029 0.346704 0.000176 0.000000 0.000001 0.000000 0.000000 0.000000 0.000000 0.000000 0.000000 -86.337875 -0.262057 4.628993 -74.063889 3.220626 -12.604263 -0.120276 -16.240562 103.763145 -2.686571 -34.687645 5.903461 -10.928637 1.706023 39.806873 0.000009 0.000019 -27.169653 0.000059 -0.000007 -18.944992 0.000776 0.000016 0.001476 -16.903917 -0.032486 -2.675805 -12.357416 -0.001818 0.373747 -12.519579 0.017952 0.348248 0.000005 0.000312 -0.000001 -17.898565 -0.001473 -5.757964 -13.095448 -0.012696 0.133168 -12.940489 0.011200 0.119719 0.000284 -0.000008 0.000131 -24.180067 0.040687 -9.912328 -16.145090 0.019245 -0.243660 -15.976411 -0.011229 -0.174773 -0.001395 0.000016 0.000005 -27.338869 0.085546 -14.493387 -18.336737 0.014663 -0.584547 -18.229141 -0.035989 -0.466636 0.000764 0.000010 -0.000045 0.000000 0.000000 0.000000 0.000000 0.000000 0.000000 -5.355096 -12.010587 19.525297 -0.142370 -1.107192 4.665442 1.511721 -9.072823 15.735512 -1.394544 1.295022 -16.924522 0.000000 0.000000 0.000000 0.000000 0.000000 0.000000 0.000000 0.000000 0.000000 3.408632 -1.219205 13.440881 0.145166 0.736970 10.273735 -0.844436 2.890950 15.461593 0.555107 -0.857365 -19.454645 0.000000 0.000000 0.000000 0.000000 0.000000 0.000000 0.000000 0.000000 0.000000 
-0.058816 88.390617 4.891448 0.255281 -1.166632 -13.846655 1.193086 -0.062207 8.941232 0.505877 -0.116422 2.296197 -0.807537 0.239401 7.193761 -1.208916 0.241376 4.894777 -0.084105 0.567920 2.403277 0.247192 0.954126 -4.550381 -0.496834 -1.213117 -19.637854 0.000000 0.000000 0.000000 88.086555 0.173050 10.058839 61.415482 -13.796214 3.916441 -0.952355 16.699177 95.151794 -7.387665 12.897741 7.829884 11.563046 -1.971022 39.394150 -0.000009 0.000014 -28.367624 -0.000013 0.000043 -19.780325 0.000003 -0.000007 -0.000022 17.887957 -0.023212 -6.182045 11.607886 -0.052640 -0.248703 11.541269 -0.036461 -0.254999 -0.000008 0.000019 -0.000016 18.194204 -0.023016 -8.044348 11.356706 -0.027413 -0.111057 11.652130 -0.009463 -0.085164 -0.000002 0.000112 0.000003 20.908035 0.025393 -10.720811 12.851834 0.052553 0.127816 12.865213 0.017534 0.118511 0.000011 0.000222 -0.000005 20.921911 0.100019 -13.846500 13.189041 0.129846 0.461428 13.069827 0.049610 0.362661 0.000184 0.000001 0.000001 0.000000 0.000000 0.000000 0.000000 0.000000 0.000000 -86.340385 -0.262124 4.674318 -74.083427 3.212832 -12.610797 -0.103222 -16.246887 103.854424 -2.960285 -35.054920 5.894971 -10.801094 1.692272 39.868729 0.000009 0.000019 -26.847179 0.000057 -0.000007 -18.725977 0.000794 0.000016 0.001417 -16.141651 -0.031943 -2.457435 -11.962838 -0.002148 0.366296 -12.134022 0.017560 0.341448 0.000005 0.000316 -0.000002 -17.243391 -0.001338 -5.629125 -12.720959 -0.012833 0.130168 -12.567786 0.011108 0.117331 0.000270 -0.000007 0.000129 -23.689747 0.041551 -9.916587 -15.798990 0.019704 -0.242351 -15.632628 -0.011187 -0.173460 -0.001364 0.000016 0.000005 -26.983154 0.087068 -14.646811 -18.072863 0.014882 -0.585757 -17.959997 -0.036458 -0.466683 0.000755 0.000010 -0.000045 0.000000 0.000000 0.000000 0.000000 0.000000 0.000000 -5.347051 -12.032414 19.528114 -0.141146 -1.103416 4.684670 1.477605 -9.078447 15.739062 -1.394008 1.289977 -16.917547 0.000000 0.000000 0.000000 0.000000 0.000000 0.000000 0.000000 0.000000 0.000000 3.433697 -1.187771 13.449977 0.145643 0.735771 10.298175 -0.863282 2.906071 15.484953 0.557541 -0.858908 -19.459110 0.000000 0.000000 0.000000 0.000000 0.000000 0.000000 0.000000 0.000000 0.000000 
-0.051929 88.383476 4.870609 0.256879 -1.182285 -13.867461 1.208580 -0.066742 8.938945 0.560766 -0.128872 2.296053 -0.871597 0.247453 7.227930 -1.207366 0.228227 4.900927 -0.100534 0.594962 2.396205 0.245648 0.979169 -4.562317 -0.517352 -1.219988 -19.620670 0.000000 0.000000 0.000000 88.059319 0.175185 10.098180 61.339527 -13.898250 4.118959 -0.974572 16.676161 95.467201 -7.257958 12.681977 7.913302 11.554328 -1.974821 39.392113 -0.000009 0.000014 -28.345669 -0.000013 0.000042 -19.769953 0.000003 -0.000006 -0.000022 17.823179 -0.023336 -6.165774 11.528944 -0.054411 -0.253176 11.466334 -0.037899 -0.259221 -0.000008 0.000019 -0.000016 18.163759 -0.023230 -8.052650 11.281894 -0.027961 -0.112655 11.584016 -0.009730 -0.086580 -0.000001 0.000112 0.000003 20.966911 0.025772 -10.739873 12.814510 0.052943 0.131864 12.829794 0.017823 0.121543 0.000010 0.000220 -0.000005 21.048746 0.098899 -13.902984 13.191689 0.131902 0.479313 13.068075 0.051081 0.376580 0.000186 0.000001 0.000001 0.000000 0.000000 0.000000 0.000000 0.000000 0.000000 -86.337738 -0.260978 4.712363 -74.097397 3.204013 -12.607069 -0.083694 -16.250015 103.993668 -3.238142 -35.307590 5.933272 -10.646685 1.676855 39.940994 0.000009 0.000019 -26.461681 0.000056 -0.000007 -18.463163 0.000796 0.000016 0.001352 -15.252448 -0.031173 -2.186710 -11.474697 -0.003956 0.352298 -11.654183 0.015816 0.329040 0.000004 0.000325 -0.000002 -16.463449 -0.001274 -5.467547 -12.250770 -0.013519 0.124722 -12.097864 0.010586 0.112961 0.000258 -0.000006 0.000128 -23.065506 0.042251 -9.910263 -15.350901 0.021204 -0.237292 -15.186172 -0.010437 -0.169489 -0.001328 0.000016 0.000005 -26.494171 0.087898 -14.813042 -17.712738 0.018082 -0.574775 -17.593771 -0.034574 -0.457725 0.000739 0.000010 -0.000045 0.000000 0.000000 0.000000 0.000000 0.000000 0.000000 -5.339885 -12.052231 19.536850 -0.139810 -1.100169 4.682776 1.445946 -9.082098 15.753656 -1.393722 1.284929 -16.913105 0.000000 0.000000 0.000000 0.000000 0.000000 0.000000 0.000000 0.000000 0.000000 3.454034 -1.167562 13.452772 0.146344 0.734676 10.322675 -0.877549 2.921651 15.510343 0.558829 -0.861546 -19.469255 0.000000 0.000000 0.000000 0.000000 0.000000 0.000000 0.000000 0.000000 0.000000 
-0.044506 88.378067 4.849010 0.256658 -1.192657 -13.882399 1.227309 -0.070219 8.933014 0.613867 -0.139002 2.293937 -0.933234 0.268781 7.245321 -1.206246 0.221380 4.903225 -0.125233 0.606880 2.378917 0.243901 0.986957 -4.579756 -0.532993 -1.230084 -19.601437 0.000000 0.000000 0.000000 88.033890 0.174796 10.136962 61.234158 -14.000600 4.319211 -0.993018 16.632017 95.713585 -7.219661 12.535240 7.941112 11.542051 -1.978130 39.391506 -0.000009 0.000013 -28.318476 -0.000013 0.000042 -19.755251 0.000003 -0.000006 -0.000022 17.746176 -0.023462 -6.128071 11.444051 -0.056522 -0.256982 11.384978 -0.039661 -0.262871 -0.000008 0.000020 -0.000016 18.116537 -0.023453 -8.040000 11.198975 -0.028671 -0.113803 11.506479 -0.010101 -0.087600 -0.000001 0.000111 0.000003 20.988871 0.026033 -10.736074 12.761357 0.053755 0.134785 12.778831 0.018355 0.123666 0.000010 0.000207 -0.000005 21.117104 0.097020 -13.935022 13.174264 0.135476 0.492639 13.047398 0.053827 0.386944 0.000181 0.000002 0.000001 0.000000 0.000000 0.000000 0.000000 0.000000 0.000000 -86.331009 -0.257744 4.741953 -74.094597 3.192240 -12.596848 -0.063181 -16.252413 104.174446 -3.530329 -35.419079 5.993771 -10.468869 1.659441 40.022934 0.000010 0.000019 -26.020437 0.000055 -0.000007 -18.161970 0.000776 0.000017 0.001278 -14.247323 -0.030209 -1.868446 -10.903528 -0.006831 0.332457 -11.090021 0.013115 0.311428 0.000003 0.000336 -0.000003 -15.564793 -0.001287 -5.277774 -11.693977 -0.014617 0.117103 -11.539113 0.009747 0.106774 0.000243 -0.000005 0.000127 -22.297646 0.042819 -9.898613 -14.801499 0.023588 -0.228596 -14.637585 -0.009105 -0.162994 -0.001292 0.000016 0.000005 -25.855228 0.088350 -14.994954 -17.251324 0.023696 -0.552072 -17.126118 -0.030833 -0.440146 0.000717 0.000010 -0.000045 0.000000 0.000000 0.000000 0.000000 0.000000 0.000000 -5.337236 -12.070102 19.553434 -0.138441 -1.097489 4.664164 1.419502 -9.083543 15.772860 -1.394042 1.280204 -16.907801 0.000000 0.000000 0.000000 0.000000 0.000000 0.000000 0.000000 0.000000 0.000000 3.467774 -1.155759 13.451819 0.147254 0.733582 10.345960 -0.884111 2.933080 15.536512 0.558312 -0.865077 -19.485559 0.000000 0.000000 0.000000 0.000000 0.000000 0.000000 0.000000 0.000000 0.000000 
-0.036082 88.373650 4.827178 0.258178 -1.195300 -13.893503 1.245840 -0.072519 8.926051 0.661642 -0.146347 2.288100 -0.992320 0.302761 7.254777 -1.205545 0.220639 4.900928 -0.152790 0.605351 2.356007 0.242484 0.979231 -4.599663 -0.543001 -1.241490 -19.582647 0.000000 0.000000 0.000000 88.016747 0.170985 10.173760 61.094769 -14.108120 4.516787 -1.006390 16.575159 95.880524 -7.239757 12.452305 7.886353 11.526936 -1.980775 39.392525 -0.000009 0.000013 -28.287006 -0.000013 0.000042 -19.736900 0.000002 -0.000006 -0.000022 17.659830 -0.023548 -6.078275 11.352345 -0.058600 -0.260065 11.295961 -0.041417 -0.265880 -0.000008 0.000020 -0.000016 18.053425 -0.023651 -8.014322 11.106751 -0.029421 -0.114486 11.418173 -0.010496 -0.088176 -0.000000 0.000111 0.000002 20.971687 0.026158 -10.719476 12.688501 0.054794 0.136410 12.708422 0.018992 0.124746 0.000009 0.000191 -0.000005 21.125443 0.094578 -13.951945 13.130383 0.139921 0.500769 13.001316 0.057294 0.393122 0.000171 0.000002 0.000001 0.000000 0.000000 0.000000 0.000000 0.000000 0.000000 -86.320610 -0.253011 4.762703 -74.066734 3.199788 -12.581867 -0.042640 -16.252789 104.391167 -3.799224 -35.386513 6.047468 -10.272595 1.640137 40.112877 0.000010 0.000020 -25.534382 0.000053 -0.000007 -17.830095 0.000736 0.000017 0.001201 -13.150163 -0.029015 -1.515738 -10.270905 -0.010404 0.307714 -10.463002 0.009784 0.289330 0.000003 0.000347 -0.000003 -14.568200 -0.001323 -5.067504 -11.071493 -0.016017 0.107599 -10.912497 0.008672 0.098979 0.000224 -0.000005 0.000126 -21.399698 0.043268 -9.883523 -14.167812 0.026711 -0.216497 -14.003718 -0.007292 -0.154118 -0.001261 0.000016 0.000005 -25.077394 0.088622 -15.186867 -16.700338 0.031244 -0.518417 -16.569071 -0.025632 -0.414393 0.000691 0.000010 -0.000046 0.000000 0.000000 0.000000 0.000000 0.000000 0.000000 -5.344311 -12.085752 19.576595 -0.137139 -1.095406 4.634699 1.400127 -9.082711 15.791314 -1.395083 1.275976 -16.900272 0.000000 0.000000 0.000000 0.000000 0.000000 0.000000 0.000000 0.000000 0.000000 3.471930 -1.149511 13.447267 0.148218 0.732512 10.365975 -0.883686 2.937737 15.564593 0.556142 -0.869467 -19.507166 0.000000 0.000000 0.000000 0.000000 0.000000 0.000000 0.000000 0.000000 0.000000 
-0.027348 88.370407 4.805049 0.263665 -1.188386 -13.904159 1.263506 -0.073124 8.917902 0.702281 -0.150107 2.283902 -1.048175 0.350623 7.258694 -1.206134 0.226612 4.895506 -0.184052 0.591587 2.325638 0.242472 0.956469 -4.624260 -0.546333 -1.253225 -19.568079 0.000000 0.000000 0.000000 88.004326 0.165011 10.210833 60.925484 -14.200905 4.703032 -1.015240 16.508408 95.988411 -7.295660 12.416134 7.769276 11.508034 -1.982534 39.395817 -0.000009 0.000013 -28.248693 -0.000013 0.000042 -19.712547 0.000002 -0.000006 -0.000022 17.557722 -0.023610 -6.016976 11.254164 -0.060717 -0.262043 11.199855 -0.043293 -0.267895 -0.000008 0.000020 -0.000015 17.968147 -0.023805 -7.979201 11.005403 -0.030236 -0.114555 11.319815 -0.010942 -0.088179 0.000000 0.000111 0.000002 20.911161 0.026163 -10.700361 12.595034 0.056102 0.136517 12.618147 0.019801 0.124617 0.000009 0.000171 -0.000005 21.074284 0.091727 -13.968448 13.058853 0.145412 0.503058 12.928735 0.061663 0.394630 0.000161 0.000002 0.000001 0.000000 0.000000 0.000000 0.000000 0.000000 0.000000 -86.303474 -0.247514 4.776917 -74.004723 3.223588 -12.552803 -0.021685 -16.253155 104.661629 -4.076911 -35.194031 6.125426 -10.052785 1.618074 40.213455 0.000010 0.000020 -24.991100 0.000052 -0.000007 -17.458660 0.000685 0.000017 0.001123 -11.933221 -0.027598 -1.120718 -9.575541 -0.014846 0.277306 -9.772684 0.005575 0.262120 0.000002 0.000356 -0.000003 -13.445539 -0.001349 -4.834433 -10.381400 -0.017804 0.095873 -10.216721 0.007293 0.089310 0.000203 -0.000005 0.000127 -20.341469 0.043616 -9.872403 -13.444114 0.030655 -0.200491 -13.278874 -0.004915 -0.142461 -0.001239 0.000016 0.000004 -24.135227 0.089002 -15.405026 -16.052586 0.040993 -0.472234 -15.916307 -0.018705 -0.379158 0.000660 0.000010 -0.000046 0.000000 0.000000 0.000000 0.000000 0.000000 0.000000 -5.363117 -12.102858 19.604349 -0.135994 -1.094096 4.604120 1.386715 -9.079250 15.804806 -1.396411 1.272337 -16.890148 0.000000 0.000000 0.000000 0.000000 0.000000 0.000000 0.000000 0.000000 0.000000 3.463811 -1.152328 13.441579 0.149041 0.731120 10.381165 -0.874211 2.935222 15.597475 0.553029 -0.873972 -19.533520 0.000000 0.000000 0.000000 0.000000 0.000000 0.000000 0.000000 0.000000 0.000000 
-0.018712 88.368088 4.783158 0.277444 -1.171207 -13.915781 1.277883 -0.071223 8.908876 0.735777 -0.150152 2.280201 -1.102562 0.411138 7.263532 -1.207916 0.239109 4.884807 -0.215602 0.569524 2.293287 0.244924 0.922567 -4.651425 -0.543361 -1.264288 -19.563330 0.000000 0.000000 0.000000 87.998016 0.158162 10.250297 60.741608 -14.277729 4.866197 -1.019873 16.440149 96.056549 -7.349415 12.405756 7.590595 11.482890 -1.983328 39.402420 -0.000009 0.000012 -28.196775 -0.000013 0.000042 -19.677036 0.000002 -0.000005 -0.000022 17.429186 -0.023527 -5.946225 11.147045 -0.063063 -0.262557 11.094059 -0.045472 -0.268555 -0.000008 0.000019 -0.000015 17.851307 -0.023932 -7.938572 10.893563 -0.031191 -0.113894 11.209950 -0.011501 -0.087506 0.000001 0.000112 0.000002 20.802401 0.026080 -10.685818 12.479137 0.057774 0.135094 12.506153 0.020863 0.123303 0.000009 0.000156 -0.000005 20.962736 0.088620 -13.994570 12.957462 0.152183 0.499809 12.827641 0.067079 0.391802 0.000153 0.000003 0.000001 0.000000 0.000000 0.000000 0.000000 0.000000 0.000000 -86.280396 -0.242431 4.785195 -73.908958 3.272290 -12.504229 -0.000383 -16.247984 104.991364 -4.337996 -34.823669 6.211947 -9.808880 1.593241 40.324764 0.000011 0.000019 -24.389847 0.000051 -0.000007 -17.046738 0.000628 0.000018 0.001046 -10.599915 -0.025929 -0.683745 -8.832561 -0.020235 0.241556 -9.034441 0.000362 0.230115 0.000002 0.000366 -0.000004 -12.198083 -0.001342 -4.577803 -9.638036 -0.020021 0.081905 -9.466942 0.005560 0.077798 0.000183 -0.000004 0.000127 -19.121647 0.043881 -9.865995 -12.641985 0.035446 -0.180509 -12.474549 -0.001924 -0.127900 -0.001228 0.000015 0.000004 -23.026232 0.089724 -15.650162 -15.314456 0.053066 -0.412889 -15.174565 -0.009865 -0.333827 0.000625 0.000010 -0.000046 0.000000 0.000000 0.000000 0.000000 0.000000 0.000000 -5.393969 -12.123830 19.633245 -0.135104 -1.093880 4.578179 1.377084 -9.073894 15.809093 -1.397667 1.269145 -16.878260 0.000000 0.000000 0.000000 0.000000 0.000000 0.000000 0.000000 0.000000 0.000000 3.441159 -1.165624 13.435254 0.149507 0.729050 10.387459 -0.859038 2.929168 15.639065 0.549959 -0.878195 -19.563917 0.000000 0.000000 0.000000 0.000000 0.000000 0.000000 0.000000 0.000000 0.000000 
-0.010825 88.366066 4.762043 0.300962 -1.144055 -13.929354 1.287857 -0.066363 8.900340 0.762906 -0.146740 2.277139 -1.155898 0.481501 7.272807 -1.210197 0.257105 4.867939 -0.247009 0.541893 2.265600 0.250059 0.879879 -4.678442 -0.534407 -1.273734 -19.572924 0.000000 0.000000 0.000000 87.998390 0.151838 10.293097 60.557976 -14.338308 4.999399 -1.020931 16.378727 96.104034 -7.375002 12.392420 7.355455 11.448400 -1.982813 39.413864 -0.000009 0.000012 -28.122828 -0.000013 0.000043 -19.624392 0.000002 -0.000005 -0.000021 17.260992 -0.023278 -5.863775 11.026840 -0.065645 -0.261209 10.974452 -0.047975 -0.267447 -0.000008 0.000019 -0.000015 17.691010 -0.024062 -7.893506 10.767832 -0.032296 -0.112375 11.085219 -0.012180 -0.086044 0.000001 0.000112 0.000002 20.638262 0.025971 -10.681601 12.337960 0.059769 0.132174 12.369529 0.022175 0.120855 0.000009 0.000150 -0.000005 20.788790 0.085588 -14.040014 12.823892 0.160042 0.491457 12.695713 0.073351 0.384966 0.000148 0.000003 0.000000 0.000000 0.000000 0.000000 0.000000 0.000000 0.000000 -86.253342 -0.239182 4.787940 -73.783195 3.343415 -12.428240 0.021748 -16.234089 105.385292 -4.565491 -34.253696 6.297129 -9.539264 1.565407 40.447491 0.000011 0.000019 -23.727076 0.000051 -0.000007 -16.591585 0.000567 0.000018 0.000977 -9.148842 -0.024096 -0.203709 -8.055494 -0.026467 0.201134 -8.261945 -0.005777 0.193879 0.000001 0.000377 -0.000004 -10.822870 -0.001324 -4.297138 -8.854274 -0.022628 0.065841 -8.676651 0.003482 0.064566 0.000166 -0.000004 0.000129 -17.735794 0.044148 -9.867192 -11.772159 0.040983 -0.156737 -11.601584 0.001636 -0.110516 -0.001227 0.000015 0.000004 -21.745216 0.091215 -15.926614 -14.492764 0.067185 -0.340718 -14.350600 0.000780 -0.278440 0.000586 0.000010 -0.000046 0.000000 0.000000 0.000000 0.000000 0.000000 0.000000 -5.434789 -12.151624 19.660345 -0.134455 -1.094560 4.562011 1.368757 -9.069666 15.803049 -1.398223 1.265976 -16.865959 0.000000 0.000000 0.000000 0.000000 0.000000 0.000000 0.000000 0.000000 0.000000 3.404994 -1.190373 13.428726 0.149500 0.726214 10.382627 -0.840463 2.919624 15.691633 0.547569 -0.881975 -19.597170 0.000000 0.000000 0.000000 0.000000 0.000000 0.000000 0.000000 0.000000 0.000000 
-0.004296 88.363449 4.742587 0.332852 -1.108068 -13.946054 1.292801 -0.058702 8.893786 0.784468 -0.140475 2.275275 -1.208078 0.557478 7.286975 -1.212034 0.278666 4.845532 -0.280208 0.510377 2.249146 0.257413 0.830019 -4.701877 -0.520106 -1.281043 -19.597191 0.000000 0.000000 0.000000 88.006950 0.147208 10.337853 60.383816 -14.388004 5.102388 -1.018877 16.330254 96.135689 -7.357751 12.348145 7.067795 11.402029 -1.980483 39.431709 -0.000009 0.000011 -28.019484 -0.000013 0.000043 -19.549849 0.000002 -0.000005 -0.000021 17.041513 -0.022821 -5.767138 10.888393 -0.068242 -0.257842 10.836019 -0.050605 -0.264362 -0.000008 0.000019 -0.000014 17.476774 -0.024196 -7.844029 10.623425 -0.033478 -0.109944 10.940726 -0.012938 -0.083723 0.000001 0.000113 0.000002 20.411095 0.025892 -10.692209 12.167538 0.061929 0.127781 12.204045 0.023661 0.117317 0.000009 0.000159 -0.000005 20.548908 0.082935 -14.112105 12.655430 0.168432 0.478279 12.529737 0.079989 0.374237 0.000145 0.000004 0.000000 0.000000 0.000000 0.000000 0.000000 0.000000 0.000000 -86.224213 -0.238929 4.785543 -73.633087 3.431009 -12.318203 0.045905 -16.211742 105.839455 -4.741777 -33.455360 6.370031 -9.244960 1.534311 40.581501 0.000011 0.000019 -23.004824 0.000052 -0.000006 -16.094770 0.000503 0.000018 0.000915 -7.587110 -0.022184 0.319792 -7.263825 -0.033073 0.157925 -7.474673 -0.012372 0.154995 0.000001 0.000388 -0.000004 -9.325851 -0.001318 -3.991860 -8.049320 -0.025436 0.048343 -7.865257 0.001182 0.050109 0.000156 -0.000004 0.000130 -16.188948 0.044474 -9.876465 -10.852425 0.046960 -0.130085 -10.678275 0.005567 -0.090950 -0.001236 0.000015 0.000004 -20.294409 0.093720 -16.234035 -13.601315 0.082465 -0.258540 -13.458140 0.012589 -0.214958 0.000546 0.000010 -0.000046 0.000000 0.000000 0.000000 0.000000 0.000000 0.000000 -5.484249 -12.189341 19.684591 -0.134061 -1.095791 4.558583 1.362306 -9.070246 15.787319 -1.397837 1.262622 -16.854052 0.000000 0.000000 0.000000 0.000000 0.000000 0.000000 0.000000 0.000000 0.000000 3.358719 -1.224994 13.421885 0.149053 0.722902 10.367640 -0.818710 2.900705 15.754050 0.545903 -0.885463 -19.631794 0.000000 0.000000 0.000000 0.000000 0.000000 0.000000 0.000000 0.000000 0.000000 
0.000393 88.359627 4.726165 0.370108 -1.064558 -13.966701 1.292926 -0.048828 8.889335 0.801513 -0.132015 2.274416 -1.259185 0.635322 7.304286 -1.213198 0.302118 4.819645 -0.317101 0.475759 2.248127 0.266351 0.774167 -4.719362 -0.501107 -1.286155 -19.634411 0.000000 0.000000 0.000000 88.025146 0.146064 10.381830 60.228146 -14.427335 5.174341 -1.014688 16.293821 96.146957 -7.289704 12.254838 6.733283 11.339798 -1.975867 39.457932 -0.000009 0.000010 -27.876642 -0.000013 0.000043 -19.446676 0.000002 -0.000004 -0.000021 16.754471 -0.022162 -5.651245 10.720742 -0.070770 -0.252294 10.668066 -0.053282 -0.259120 -0.000008 0.000019 -0.000014 17.193094 -0.024327 -7.788131 10.449888 -0.034705 -0.106540 10.765814 -0.013773 -0.080469 0.000002 0.000112 0.000003 20.104746 0.025913 -10.720905 11.958115 0.064208 0.121806 11.999764 0.025321 0.112646 0.000009 0.000184 -0.000005 20.228483 0.080928 -14.217587 12.444331 0.177172 0.460103 12.321315 0.086877 0.359396 0.000140 0.000004 -0.000000 0.000000 0.000000 0.000000 0.000000 0.000000 0.000000 -86.194603 -0.242023 4.779439 -73.467262 3.525410 -12.170494 0.075291 -16.180351 106.345070 -4.863102 -32.410667 6.428225 -8.923791 1.499384 40.727947 0.000012 0.000018 -22.217463 0.000053 -0.000007 -15.552702 0.000430 0.000018 0.000862 -5.903077 -0.020262 0.896919 -6.466532 -0.039643 0.113527 -6.681553 -0.019013 0.114867 0.000000 0.000400 -0.000004 -7.696457 -0.001348 -3.654372 -7.232678 -0.028262 0.030055 -7.042158 -0.001213 0.034890 0.000156 -0.000004 0.000131 -14.471215 0.044879 -9.889913 -9.891540 0.053081 -0.101487 -9.714158 0.009673 -0.069873 -0.001250 0.000015 0.000004 -18.661083 0.097348 -16.571278 -12.646666 0.098130 -0.169359 -12.504005 0.024967 -0.145597 0.000508 0.000010 -0.000046 0.000000 0.000000 0.000000 0.000000 0.000000 0.000000 -5.541730 -12.240330 19.707605 -0.134060 -1.097534 4.567538 1.360310 -9.077332 15.760939 -1.396865 1.259436 -16.840887 0.000000 0.000000 0.000000 0.000000 0.000000 0.000000 0.000000 0.000000 0.000000 3.306222 -1.267126 13.415343 0.148279 0.719519 10.343890 -0.792469 2.866123 15.821974 0.544931 -0.888789 -19.665365 0.000000 0.000000 0.000000 0.000000 0.000000 0.000000 0.000000 0.000000 0.000000 
0.003211 88.354446 4.714231 0.410700 -1.014395 -13.991308 1.288007 -0.037487 8.886391 0.814966 -0.122085 2.272455 -1.309975 0.711968 7.323793 -1.213872 0.326178 4.792228 -0.358211 0.439336 2.266125 0.276091 0.713801 -4.729048 -0.478019 -1.288881 -19.683884 0.000000 0.000000 0.000000 88.054199 0.149509 10.421877 60.096817 -14.462877 5.213374 -1.009639 16.265324 96.128540 -7.159274 12.088920 6.347764 11.254828 -1.968516 39.495384 -0.000008 0.000010 -27.678076 -0.000013 0.000043 -19.303526 0.000002 -0.000004 -0.000020 16.372786 -0.021365 -5.508254 10.503976 -0.073353 -0.244139 10.451031 -0.056111 -0.251295 -0.000008 0.000018 -0.000013 16.813046 -0.024457 -7.722824 10.228121 -0.036023 -0.102002 10.541259 -0.014742 -0.076132 0.000002 0.000112 0.000003 19.690189 0.026103 -10.771559 11.690988 0.066679 0.113988 11.737837 0.027230 0.106671 0.000010 0.000228 -0.000005 19.799377 0.079847 -14.365889 12.174081 0.186447 0.436436 12.053370 0.094218 0.339966 0.000130 0.000004 -0.000001 0.000000 0.000000 0.000000 0.000000 0.000000 0.000000 -86.165558 -0.248504 4.771346 -73.295883 3.623552 -11.984740 0.113664 -16.137835 106.892799 -4.932256 -31.099201 6.470600 -8.570898 1.459970 40.888893 0.000012 0.000018 -21.352840 0.000054 -0.000007 -14.957094 0.000347 0.000018 0.000820 -4.075721 -0.018402 1.542342 -5.669769 -0.045916 0.069172 -5.888730 -0.025437 0.074647 -0.000001 0.000412 -0.000004 -5.914903 -0.001443 -3.273462 -6.411345 -0.030965 0.011500 -6.214248 -0.003608 0.019303 0.000167 -0.000003 0.000131 -12.563293 0.045363 -9.901314 -8.896613 0.059131 -0.071734 -8.717001 0.013825 -0.047863 -0.001264 0.000016 0.000004 -16.822956 0.102091 -16.936367 -11.633221 0.113709 -0.075673 -11.492887 0.037546 -0.072286 0.000474 0.000010 -0.000046 0.000000 0.000000 0.000000 0.000000 0.000000 0.000000 -5.607557 -12.305287 19.732275 -0.134599 -1.099772 4.585922 1.365368 -9.091468 15.722680 -1.395904 1.256868 -16.824078 0.000000 0.000000 0.000000 0.000000 0.000000 0.000000 0.000000 0.000000 0.000000 3.249897 -1.315204 13.410266 0.147274 0.716438 10.311587 -0.761528 2.811926 15.890762 0.544710 -0.892230 -19.694956 0.000000 0.000000 0.000000 0.000000 0.000000 0.000000 0.000000 0.000000 0.000000 
0.004491 88.348221 4.707631 0.454145 -0.957055 -14.018250 1.277878 -0.025439 8.884348 0.824943 -0.111344 2.266017 -1.360569 0.784308 7.345069 -1.214769 0.349805 4.765809 -0.404884 0.405864 2.304628 0.285782 0.652516 -4.729754 -0.452107 -1.288638 -19.745485 0.000000 0.000000 0.000000 88.092590 0.156743 10.454181 59.987320 -14.513973 5.221079 -1.004572 16.243881 96.070297 -6.957902 11.815379 5.893917 11.136580 -1.957699 39.548481 -0.000008 0.000009 -27.399082 -0.000012 0.000043 -19.102909 0.000002 -0.000004 -0.000019 15.851014 -0.020580 -5.327632 10.206808 -0.076214 -0.232494 10.153776 -0.059269 -0.240082 -0.000008 0.000018 -0.000012 16.290281 -0.024599 -7.644819 9.927678 -0.037514 -0.096048 10.236805 -0.015927 -0.070470 0.000003 0.000110 0.000003 19.119993 0.026524 -10.850011 11.336134 0.069444 0.103982 11.387917 0.029474 0.099143 0.000010 0.000288 -0.000005 19.216377 0.080060 -14.571214 11.817237 0.196510 0.406771 11.698088 0.102256 0.315442 0.000111 0.000005 -0.000001 0.000000 0.000000 0.000000 0.000000 0.000000 0.000000 -86.137093 -0.258023 4.760843 -73.126205 3.733805 -11.767155 0.163365 -16.084040 107.471886 -4.961444 -29.501863 6.494053 -8.184376 1.415772 41.065086 0.000012 0.000017 -20.405529 0.000055 -0.000007 -14.304094 0.000257 0.000018 0.000792 -2.100309 -0.016746 2.258224 -4.891062 -0.051594 0.026993 -5.113831 -0.031351 0.036341 -0.000001 0.000425 -0.000004 -3.976175 -0.001654 -2.845497 -5.603967 -0.033397 -0.006449 -5.400312 -0.005889 0.004075 0.000188 -0.000003 0.000130 -10.461784 0.045919 -9.906314 -7.889593 0.064855 -0.042196 -7.709078 0.017850 -0.025937 -0.001273 0.000016 0.000004 -14.775266 0.107808 -17.323639 -10.579866 0.128656 0.018409 -10.444011 0.049901 0.001699 0.000448 0.000011 -0.000046 0.000000 0.000000 0.000000 0.000000 0.000000 0.000000 -5.681881 -12.381487 19.760109 -0.135730 -1.102279 4.609881 1.379078 -9.113104 15.672802 -1.395548 1.255250 -16.802038 0.000000 0.000000 0.000000 0.000000 0.000000 0.000000 0.000000 0.000000 0.000000 3.190935 -1.369033 13.406718 0.146154 0.714045 10.270534 -0.728703 2.737968 15.956774 0.545404 -0.896284 -19.717661 0.000000 0.000000 0.000000 0.000000 0.000000 0.000000 0.000000 0.000000 0.000000 
0.004226 88.341644 4.706413 0.499518 -0.890425 -14.046112 1.263928 -0.013624 8.882278 0.831515 -0.100324 2.253594 -1.410148 0.850867 7.365726 -1.216736 0.372328 4.744429 -0.461230 0.383788 2.360670 0.294908 0.595772 -4.722006 -0.425708 -1.285294 -19.817120 0.000000 0.000000 0.000000 88.134956 0.165889 10.476090 59.895237 -14.589639 5.202375 -1.001424 16.222174 95.974510 -6.703977 11.405365 5.361258 10.966509 -1.942160 39.624989 -0.000008 0.000008 -26.996622 -0.000012 0.000044 -18.814693 0.000002 -0.000003 -0.000019 15.106697 -0.019929 -5.085363 9.772240 -0.079904 -0.215151 9.719411 -0.063238 -0.223493 -0.000009 0.000017 -0.000012 15.542085 -0.024735 -7.542754 9.492781 -0.039373 -0.087886 9.797086 -0.017499 -0.062866 0.000003 0.000108 0.000003 18.311180 0.027214 -10.960237 10.840031 0.072749 0.090982 10.895862 0.032228 0.089422 0.000011 0.000358 -0.000005 18.402536 0.081946 -14.852483 11.326175 0.207896 0.369733 11.207889 0.111524 0.284543 0.000084 0.000005 -0.000001 0.000000 0.000000 0.000000 0.000000 0.000000 0.000000 -86.109283 -0.269866 4.746159 -72.961952 3.855043 -11.527362 0.225639 -16.010462 108.073410 -4.945251 -27.612921 6.502956 -7.761252 1.366637 41.257412 0.000012 0.000016 -19.368210 0.000056 -0.000007 -13.587953 0.000170 0.000018 0.000786 0.031079 -0.015369 3.045543 -4.145139 -0.056543 -0.011081 -4.371643 -0.036617 0.001757 -0.000002 0.000437 -0.000004 -1.870784 -0.002034 -2.366201 -4.826104 -0.035468 -0.022942 -4.616453 -0.007975 -0.010039 0.000217 -0.000002 0.000129 -8.157450 0.046562 -9.897529 -6.890438 0.070059 -0.014325 -6.710665 0.021624 -0.005180 -0.001274 0.000016 0.000004 -12.507668 0.114444 -17.722694 -9.504528 0.142660 0.108313 -9.375788 0.061729 0.072679 0.000431 0.000011 -0.000045 0.000000 0.000000 0.000000 0.000000 0.000000 0.000000 -5.764076 -12.467196 19.792673 -0.137343 -1.104538 4.635087 1.401094 -9.141500 15.614768 -1.396138 1.254409 -16.774794 0.000000 0.000000 0.000000 0.000000 0.000000 0.000000 0.000000 0.000000 0.000000 3.130022 -1.430395 13.404275 0.145059 0.712733 10.223133 -0.696661 2.646000 16.016485 0.547013 -0.901357 -19.731968 0.000000 0.000000 0.000000 0.000000 0.000000 0.000000 0.000000 0.000000 0.000000 
0.002347 88.335457 4.709890 0.545522 -0.811397 -14.073798 1.248092 -0.003203 8.880118 0.834192 -0.089669 2.233510 -1.455938 0.910003 7.383760 -1.220051 0.392621 4.730812 -0.532357 0.381804 2.430299 0.302899 0.549583 -4.706051 -0.401690 -1.279175 -19.894068 0.000000 0.000000 0.000000 88.176048 0.174345 10.485048 59.814175 -14.692238 5.164771 -1.003167 16.184767 95.852509 -6.444186 10.837464 4.747387 10.720964 -1.920046 39.735088 -0.000008 0.000006 -26.414803 -0.000011 0.000044 -18.400465 0.000002 -0.000002 -0.000018 14.027239 -0.019433 -4.743599 9.120450 -0.084850 -0.188856 9.068212 -0.068392 -0.198596 -0.000009 0.000017 -0.000011 14.456950 -0.024812 -7.395626 8.845553 -0.041746 -0.076343 9.144531 -0.019593 -0.052419 0.000003 0.000107 0.000003 17.152075 0.028178 -11.101483 10.128339 0.076716 0.073820 10.186621 0.035591 0.076554 0.000011 0.000429 -0.000005 17.257399 0.085865 -15.229533 10.635830 0.220728 0.323278 10.518140 0.122262 0.245450 0.000051 0.000005 -0.000001 0.000000 0.000000 0.000000 0.000000 0.000000 0.000000 -86.083488 -0.283159 4.724417 -72.805473 3.976833 -11.276512 0.300078 -15.902991 108.682877 -4.830767 -25.431328 6.492296 -7.301027 1.312523 41.465820 0.000013 0.000015 -18.239368 0.000056 -0.000007 -12.807022 0.000094 0.000018 0.000805 2.320860 -0.014270 3.906938 -3.451024 -0.060496 -0.042654 -3.680912 -0.040948 -0.027027 -0.000003 0.000445 -0.000004 0.406110 -0.002612 -1.827954 -4.097090 -0.037045 -0.036949 -3.882767 -0.009746 -0.022119 0.000255 -0.000002 0.000127 -5.643256 0.047333 -9.861805 -5.921972 0.074469 0.010130 -5.744896 0.024958 0.013095 -0.001268 0.000016 0.000004 -10.010567 0.121970 -18.114336 -8.427743 0.155133 0.188235 -8.309141 0.072428 0.136065 0.000421 0.000011 -0.000045 0.000000 0.000000 0.000000 0.000000 0.000000 0.000000 -5.852847 -12.561452 19.831656 -0.139181 -1.105841 4.656293 1.429528 -9.175853 15.555279 -1.397892 1.253682 -16.744400 0.000000 0.000000 0.000000 0.000000 0.000000 0.000000 0.000000 0.000000 0.000000 3.067655 -1.500252 13.401481 0.144103 0.712850 10.174926 -0.667035 2.538215 16.066538 0.548953 -0.907704 -19.738342 0.000000 0.000000 0.000000 0.000000 0.000000 0.000000 0.000000 0.000000 0.000000 
-0.001204 88.330338 4.717357 0.590668 -0.717037 -14.102088 1.232028 0.004770 8.879035 0.831865 -0.079866 2.202936 -1.493900 0.960040 7.400168 -1.224361 0.409162 4.725017 -0.619557 0.402289 2.512803 0.309065 0.515474 -4.680314 -0.381402 -1.271164 -19.971060 0.000000 0.000000 0.000000 88.215027 0.179988 10.480133 59.738541 -14.817917 5.113097 -1.013507 16.110138 95.719276 -6.240928 10.094045 4.067176 10.374168 -1.889025 39.889954 -0.000008 0.000005 -25.591768 -0.000011 0.000044 -17.818178 0.000003 -0.000002 -0.000017 12.483452 -0.019020 -4.254670 8.157529 -0.091377 -0.149417 8.106317 -0.075017 -0.161603 -0.000009 0.000016 -0.000010 12.907818 -0.024748 -7.174096 7.895620 -0.044752 -0.059900 8.188323 -0.022303 -0.037954 0.000003 0.000105 0.000003 15.515611 0.029363 -11.266220 9.115533 0.081399 0.050983 9.174186 0.039623 0.059311 0.000011 0.000498 -0.000006 15.669304 0.091997 -15.717823 9.673281 0.234915 0.264651 9.556481 0.134534 0.195862 0.000012 0.000005 -0.000001 0.000000 0.000000 0.000000 0.000000 0.000000 0.000000 -86.064072 -0.297429 4.696881 -72.653084 4.086141 -11.022714 0.385776 -15.747898 109.264404 -4.554887 -22.967239 6.447783 -6.808398 1.253790 41.688000 0.000013 0.000014 -17.030134 0.000056 -0.000008 -11.968616 0.000036 0.000018 0.000856 4.751040 -0.013419 4.848383 -2.833230 -0.063156 -0.065316 -3.065397 -0.044012 -0.047984 -0.000004 0.000449 -0.000004 2.839067 -0.003394 -1.219948 -3.442245 -0.037993 -0.047439 -3.225269 -0.011081 -0.031245 0.000303 -0.000001 0.000125 -2.932314 0.048251 -9.779599 -5.014436 0.077801 0.029393 -4.841978 0.027643 0.027557 -0.001256 0.000016 0.000003 -7.292734 0.130204 -18.470196 -7.378652 0.165345 0.251898 -7.273258 0.081242 0.187021 0.000415 0.000011 -0.000045 0.000000 0.000000 0.000000 0.000000 0.000000 0.000000 -5.946219 -12.663786 19.882046 -0.140950 -1.105626 4.665361 1.460918 -9.215707 15.502151 -1.401167 1.252510 -16.712149 0.000000 0.000000 0.000000 0.000000 0.000000 0.000000 0.000000 0.000000 0.000000 3.004529 -1.577832 13.398257 0.143357 0.714620 10.130678 -0.640187 2.417588 16.105211 0.550225 -0.915388 -19.738152 0.000000 0.000000 0.000000 0.000000 0.000000 0.000000 0.000000 0.000000 0.000000 
-0.006409 88.326744 4.727991 0.632691 -0.607222 -14.132014 1.217184 0.009071 8.881412 0.821799 -0.071259 2.158949 -1.517946 0.995568 7.416852 -1.227712 0.419144 4.724234 -0.719716 0.443466 2.606283 0.312562 0.494167 -4.644461 -0.365422 -1.262043 -20.043297 0.000000 0.000000 0.000000 88.257011 0.181363 10.461070 59.655258 -14.977805 5.055261 -1.035075 15.986742 95.582253 -6.144565 9.152980 3.326952 9.910070 -1.846842 40.096867 -0.000008 0.000004 -24.487188 -0.000010 0.000044 -17.040686 0.000004 -0.000001 -0.000017 10.383873 -0.018489 -3.582922 6.827236 -0.099211 -0.094592 6.777412 -0.082826 -0.110510 -0.000010 0.000015 -0.000009 10.802366 -0.024444 -6.852285 6.589578 -0.048297 -0.037769 6.873999 -0.025531 -0.018902 0.000003 0.000104 0.000003 13.305200 0.030665 -11.440876 7.748918 0.086566 0.021649 7.805857 0.044189 0.037013 0.000012 0.000560 -0.000006 13.553577 0.100191 -16.318981 8.392025 0.249808 0.191966 8.277491 0.147850 0.134390 -0.000030 0.000005 -0.000001 0.000000 0.000000 0.000000 0.000000 0.000000 0.000000 -86.056343 -0.312392 4.664923 -72.491913 4.184915 -10.771622 0.478913 -15.541802 109.769958 -4.057171 -20.236504 6.324286 -6.296985 1.191374 41.918274 0.000014 0.000014 -15.772851 0.000055 -0.000008 -11.095626 0.000001 0.000018 0.000948 7.270895 -0.012768 5.855794 -2.320913 -0.064063 -0.076544 -2.553053 -0.045298 -0.059002 -0.000005 0.000453 -0.000004 5.377844 -0.004360 -0.547417 -2.891598 -0.038148 -0.053375 -2.674332 -0.011836 -0.036512 0.000357 -0.000001 0.000123 -0.079082 0.049306 -9.639783 -4.203969 0.079712 0.041741 -4.037482 0.029396 0.036924 -0.001236 0.000017 0.000003 -4.406374 0.138753 -18.762676 -6.394940 0.172239 0.293371 -6.305435 0.087195 0.221020 0.000411 0.000011 -0.000044 0.000000 0.000000 0.000000 0.000000 0.000000 0.000000 -6.040418 -12.771827 19.947655 -0.142362 -1.103622 4.654809 1.492455 -9.260946 15.461382 -1.405946 1.250610 -16.679047 0.000000 0.000000 0.000000 0.000000 0.000000 0.000000 0.000000 0.000000 0.000000 2.942763 -1.660724 13.395440 0.142877 0.718150 10.093064 -0.616001 2.286209 16.133188 0.549824 -0.924389 -19.734919 0.000000 0.000000 0.000000 0.000000 0.000000 0.000000 0.000000 0.000000 0.000000 
-0.013418 88.324699 4.740227 0.668920 -0.485889 -14.162485 1.203815 0.008479 8.890209 0.800189 -0.063893 2.100312 -1.522360 1.007370 7.435376 -1.225964 0.419004 4.721941 -0.827613 0.502549 2.702223 0.312834 0.489030 -4.601898 -0.355141 -1.252459 -20.105314 0.000000 0.000000 0.000000 88.310127 0.178220 10.427773 59.544765 -15.184968 5.007731 -1.067683 15.823149 95.440109 -6.173406 7.996676 2.539360 9.341273 -1.792850 40.351025 -0.000008 0.000003 -23.128368 -0.000010 0.000045 -16.087677 0.000004 -0.000000 -0.000016 7.765728 -0.017713 -2.736344 5.191224 -0.106810 -0.029066 5.143145 -0.090293 -0.049572 -0.000010 0.000015 -0.000008 8.170621 -0.023875 -6.426919 4.987413 -0.051801 -0.011751 5.260791 -0.028753 0.003198 0.000003 0.000103 0.000004 10.536003 0.031942 -11.608273 6.080141 0.091312 -0.012336 6.134037 0.048646 0.011050 0.000012 0.000611 -0.000006 10.920297 0.109859 -17.007277 6.831237 0.263357 0.108337 6.722064 0.160466 0.063914 -0.000076 0.000005 -0.000001 0.000000 0.000000 0.000000 0.000000 0.000000 0.000000 -86.060837 -0.328380 4.629955 -72.299583 4.289234 -10.527028 0.571806 -15.294690 110.158272 -3.300706 -17.293026 6.062407 -5.786523 1.126620 42.148907 0.000015 0.000013 -14.513867 0.000054 -0.000009 -10.221339 -0.000009 0.000018 0.001081 9.813693 -0.012281 6.891228 -1.927053 -0.062629 -0.074776 -2.155851 -0.044152 -0.058795 -0.000006 0.000457 -0.000004 7.951793 -0.005472 0.162847 -2.458724 -0.037326 -0.054055 -2.243304 -0.011844 -0.037335 0.000409 -0.000000 0.000122 2.832519 0.050490 -9.448378 -3.511047 0.079860 0.046155 -3.351191 0.029911 0.040437 -0.001208 0.000017 0.000003 -1.437262 0.147244 -18.978727 -5.505425 0.174621 0.309539 -5.433239 0.089256 0.235491 0.000404 0.000011 -0.000044 0.000000 0.000000 0.000000 0.000000 0.000000 0.000000 -6.129765 -12.880083 20.025827 -0.143149 -1.099709 4.622553 1.523672 -9.308943 15.435562 -1.411237 1.247905 -16.646646 0.000000 0.000000 0.000000 0.000000 0.000000 0.000000 0.000000 0.000000 0.000000 2.884995 -1.746640 13.391708 0.142672 0.723263 10.065162 -0.594697 2.145430 16.151627 0.547173 -0.934497 -19.734142 0.000000 0.000000 0.000000 0.000000 0.000000 0.000000 0.000000 0.000000 0.000000 
-0.022396 88.323868 4.752971 0.697171 -0.359374 -14.195247 1.192020 0.003240 8.907146 0.765779 -0.056658 2.031359 -1.507787 0.991674 7.458064 -1.216372 0.408447 4.711050 -0.933293 0.569921 2.788613 0.310378 0.499527 -4.559277 -0.351929 -1.243735 -20.151915 0.000000 0.000000 0.000000 88.380119 0.172377 10.386526 59.392017 -15.423776 4.997047 -1.106502 15.643463 95.281410 -6.323401 6.638668 1.768064 8.725996 -1.729906 40.628494 -0.000008 0.000002 -21.651918 -0.000009 0.000045 -15.054819 0.000005 0.000000 -0.000015 4.870433 -0.016983 -1.788635 3.480729 -0.111258 0.033526 3.434839 -0.094617 0.008886 -0.000010 0.000014 -0.000007 5.242220 -0.023178 -5.932346 3.313140 -0.054130 0.013018 3.572835 -0.030993 0.024147 0.000003 0.000103 0.000004 7.418775 0.033059 -11.749921 4.320172 0.093948 -0.045464 4.370997 0.051766 -0.014410 0.000012 0.000642 -0.000007 7.952698 0.120016 -17.717236 5.169808 0.271618 0.024757 5.070344 0.169009 -0.006393 -0.000121 0.000005 -0.000002 0.000000 0.000000 0.000000 0.000000 0.000000 0.000000 -86.076294 -0.345780 4.601719 -72.055649 4.416103 -10.280457 0.655813 -15.029074 110.404335 -2.311574 -14.252505 5.645806 -5.296967 1.061087 42.372269 0.000016 0.000012 -13.298807 0.000053 -0.000010 -9.378404 0.000008 0.000018 0.001250 12.320174 -0.012150 7.911748 -1.634150 -0.058460 -0.061154 -1.856630 -0.040151 -0.048438 -0.000007 0.000465 -0.000005 10.494994 -0.006702 0.874768 -2.127080 -0.035424 -0.049754 -1.914916 -0.010997 -0.034021 0.000456 0.000000 0.000122 5.717177 0.051821 -9.223022 -2.928367 0.078076 0.043345 -2.775236 0.029040 0.038616 -0.001175 0.000017 0.000003 1.520418 0.155519 -19.124851 -4.719074 0.171665 0.303048 -4.664364 0.086822 0.232250 0.000393 0.000011 -0.000044 0.000000 0.000000 0.000000 0.000000 0.000000 0.000000 -6.207719 -12.982269 20.114002 -0.143183 -1.094082 4.572501 1.553452 -9.354911 15.423167 -1.415485 1.244659 -16.614439 0.000000 0.000000 0.000000 0.000000 0.000000 0.000000 0.000000 0.000000 0.000000 2.833097 -1.835451 13.389735 0.142735 0.729591 10.047665 -0.575738 1.998629 16.161648 0.542869 -0.945097 -19.739565 0.000000 0.000000 0.000000 0.000000 0.000000 0.000000 0.000000 0.000000 0.000000 
-0.032650 88.324142 4.768087 0.717572 -0.232898 -14.241285 1.185457 -0.003998 8.928671 0.726992 -0.048425 1.962779 -1.486340 0.960423 7.487918 -1.205542 0.393004 4.694298 -1.029258 0.623024 2.864888 0.305690 0.509112 -4.520124 -0.353278 -1.238541 -20.183407 0.000000 0.000000 0.000000 88.464844 0.167252 10.354381 59.201412 -15.659845 5.036275 -1.145533 15.455525 95.076721 -6.591181 5.111939 1.114064 8.137571 -1.663154 40.898823 -0.000008 0.000001 -20.231331 -0.000008 0.000045 -14.062692 0.000006 0.000001 -0.000014 2.019078 -0.016803 -0.828305 1.969744 -0.110359 0.080542 1.926679 -0.093886 0.053498 -0.000010 0.000013 -0.000006 2.327597 -0.022446 -5.410148 1.832921 -0.054427 0.031938 2.076946 -0.031533 0.040281 0.000002 0.000103 0.000004 4.257897 0.033848 -11.841988 2.729879 0.093297 -0.072713 2.779333 0.052689 -0.035583 0.000012 0.000652 -0.000007 4.926311 0.129418 -18.360510 3.640241 0.271654 -0.048711 3.554638 0.170958 -0.068594 -0.000163 0.000005 -0.000003 0.000000 0.000000 0.000000 0.000000 0.000000 0.000000 -86.111565 -0.361242 4.596262 -71.755241 4.566281 -10.014874 0.728463 -14.764334 110.491913 -1.234109 -11.229444 5.122015 -4.841322 0.996712 42.582218 0.000017 0.000011 -12.158998 0.000050 -0.000011 -8.588285 0.000055 0.000019 0.001440 14.733327 -0.012612 8.896257 -1.402299 -0.051916 -0.041109 -1.617718 -0.033732 -0.032790 -0.000008 0.000477 -0.000005 12.948085 -0.007911 1.564529 -1.858984 -0.032639 -0.042475 -1.650926 -0.009420 -0.028425 0.000501 0.000001 0.000124 8.500257 0.053300 -8.979596 -2.429707 0.074644 0.036237 -2.282695 0.027019 0.033709 -0.001136 0.000018 0.000003 4.382178 0.163841 -19.220627 -4.025090 0.163745 0.283099 -3.988365 0.080437 0.218795 0.000378 0.000011 -0.000044 0.000000 0.000000 0.000000 0.000000 0.000000 0.000000 -6.273008 -13.079204 20.219131 -0.142816 -1.087914 4.513148 1.573702 -9.396467 15.419415 -1.418453 1.241445 -16.577570 0.000000 0.000000 0.000000 0.000000 0.000000 0.000000 0.000000 0.000000 0.000000 2.787730 -1.929116 13.406624 0.142984 0.737012 10.028481 -0.554979 1.848356 16.166975 0.538509 -0.955334 -19.748394 0.000000 0.000000 0.000000 0.000000 0.000000 0.000000 0.000000 0.000000 0.000000 
-0.043162 88.324898 4.785855 0.731718 -0.113623 -14.300230 1.185979 -0.012116 8.951911 0.693912 -0.040813 1.899395 -1.470085 0.919618 7.523579 -1.195933 0.374634 4.672228 -1.110570 0.659462 2.922128 0.299157 0.516314 -4.490720 -0.358621 -1.236539 -20.197035 0.000000 0.000000 0.000000 88.565109 0.165777 10.341334 58.987896 -15.876469 5.132828 -1.181627 15.272122 94.817696 -6.969875 3.470894 0.621047 7.632729 -1.597706 41.138386 -0.000007 -0.000000 -19.001677 -0.000007 0.000045 -13.204540 0.000007 0.000002 -0.000013 -0.524912 -0.017391 0.055155 0.878545 -0.104160 0.103723 0.838907 -0.088158 0.076638 -0.000011 0.000013 -0.000005 -0.313713 -0.021818 -4.909968 0.761422 -0.052648 0.041895 0.988947 -0.030270 0.049038 0.000002 0.000103 0.000004 1.320207 0.034259 -11.881121 1.523989 0.089521 -0.090339 1.573839 0.051354 -0.049499 0.000012 0.000647 -0.000007 2.081861 0.136789 -18.879673 2.435106 0.264232 -0.103881 2.367046 0.166586 -0.115655 -0.000201 0.000005 -0.000004 0.000000 0.000000 0.000000 0.000000 0.000000 0.000000 -86.166222 -0.372530 4.614134 -71.424484 4.733155 -9.745548 0.787213 -14.518811 110.453682 -0.169802 -8.375797 4.529584 -4.439875 0.936819 42.769314 0.000018 0.000011 -11.145726 0.000046 -0.000012 -7.886591 0.000125 0.000019 0.001641 16.942928 -0.013604 9.789433 -1.213273 -0.044169 -0.019661 -1.421690 -0.026058 -0.016184 -0.000009 0.000486 -0.000005 15.195825 -0.008973 2.189968 -1.637255 -0.029451 -0.034179 -1.433613 -0.007438 -0.022170 0.000542 0.000002 0.000126 11.043660 0.054833 -8.743090 -2.006736 0.070366 0.027590 -1.864036 0.024345 0.027749 -0.001090 0.000018 0.000004 7.004589 0.171924 -19.280407 -3.425206 0.153025 0.258620 -3.406010 0.071882 0.201896 0.000360 0.000012 -0.000044 0.000000 0.000000 0.000000 0.000000 0.000000 0.000000 -6.324780 -13.167284 20.335155 -0.142354 -1.082328 4.453585 1.582464 -9.434911 15.420903 -1.420327 1.238464 -16.535872 0.000000 0.000000 0.000000 0.000000 0.000000 0.000000 0.000000 0.000000 0.000000 2.749728 -2.022023 13.448731 0.143285 0.744931 9.999419 -0.532785 1.704839 16.172529 0.534925 -0.964609 -19.759911 0.000000 0.000000 0.000000 0.000000 0.000000 0.000000 0.000000 0.000000 0.000000 
-0.054182 88.324921 4.806007 0.741270 -0.007055 -14.363824 1.193921 -0.021079 8.973234 0.670062 -0.035665 1.842142 -1.463909 0.871419 7.560983 -1.190209 0.353666 4.649613 -1.185049 0.688776 2.954581 0.290815 0.525702 -4.472838 -0.367762 -1.235955 -20.191599 0.000000 0.000000 0.000000 88.673042 0.168979 10.342678 58.780945 -16.079090 5.277019 -1.215335 15.096648 94.550003 -7.474097 1.780351 0.300652 7.215329 -1.535893 41.344067 -0.000007 -0.000000 -17.974468 -0.000007 0.000046 -12.488075 0.000007 0.000002 -0.000013 -2.715939 -0.018878 0.833444 0.216971 -0.095325 0.106600 0.181190 -0.079936 0.081095 -0.000011 0.000012 -0.000004 -2.623669 -0.021433 -4.450524 0.108992 -0.049752 0.044106 0.320414 -0.027954 0.051353 0.000002 0.000102 0.000004 -1.305768 0.034318 -11.870664 0.725349 0.084302 -0.099192 0.776600 0.048753 -0.056726 0.000012 0.000635 -0.000008 -0.487120 0.141660 -19.263226 1.584156 0.253809 -0.141629 1.535669 0.159354 -0.148004 -0.000233 0.000005 -0.000006 0.000000 0.000000 0.000000 0.000000 0.000000 0.000000 -86.230782 -0.378815 4.641900 -71.102158 4.914594 -9.505791 0.830378 -14.308837 110.349419 0.836995 -5.818352 3.932136 -4.107402 0.884439 42.926037 0.000019 0.000010 -10.300249 0.000043 -0.000013 -7.301118 0.000213 0.000019 0.001833 18.846828 -0.014997 10.535038 -1.063541 -0.037048 -0.001976 -1.264991 -0.018910 -0.002675 -0.000010 0.000490 -0.000006 17.129841 -0.009869 2.711898 -1.458417 -0.026549 -0.026908 -1.258684 -0.005575 -0.016759 0.000578 0.000002 0.000127 13.216591 0.056336 -8.533065 -1.662353 0.066441 0.019912 -1.521550 0.021772 0.022550 -0.001034 0.000018 0.000004 9.247245 0.179237 -19.310137 -2.930248 0.142842 0.237165 -2.925377 0.063806 0.187082 0.000343 0.000012 -0.000044 0.000000 0.000000 0.000000 0.000000 0.000000 0.000000 -6.362306 -13.242270 20.449558 -0.141842 -1.077347 4.401324 1.580900 -9.476498 15.427559 -1.421353 1.235360 -16.493172 0.000000 0.000000 0.000000 0.000000 0.000000 0.000000 0.000000 0.000000 0.000000 2.719287 -2.107358 13.508736 0.143558 0.752757 9.961594 -0.514981 1.579473 16.177050 0.532272 -0.972674 -19.771173 0.000000 0.000000 0.000000 0.000000 0.000000 0.000000 0.000000 0.000000 0.000000 
-0.066793 88.323738 4.828438 0.748252 0.084211 -14.426921 1.207755 -0.030634 8.988806 0.657009 -0.033689 1.795555 -1.469141 0.822545 7.593725 -1.192540 0.331664 4.633878 -1.263915 0.715587 2.956184 0.280279 0.534114 -4.468723 -0.378493 -1.235484 -20.168060 0.000000 0.000000 0.000000 88.777863 0.175825 10.354267 58.603519 -16.259647 5.442596 -1.247225 14.936308 94.311668 -8.113959 0.118214 0.128140 6.866866 -1.478866 41.520733 -0.000006 -0.000001 -17.109632 -0.000006 0.000046 -11.885180 0.000008 0.000002 -0.000012 -4.606761 -0.020926 1.520689 -0.141960 -0.086724 0.099390 -0.173908 -0.072015 0.075859 -0.000011 0.000012 -0.000003 -4.634075 -0.021257 -4.024272 -0.247823 -0.046839 0.042419 -0.051435 -0.025514 0.050335 0.000001 0.000101 0.000004 -3.612406 0.034136 -11.810930 0.228340 0.079428 -0.103184 0.281017 0.046093 -0.060251 0.000013 0.000628 -0.000008 -2.751374 0.144239 -19.522003 1.008891 0.244679 -0.169274 0.980197 0.152843 -0.171708 -0.000257 0.000005 -0.000006 0.000000 0.000000 0.000000 0.000000 0.000000 0.000000 -86.295280 -0.379894 4.666870 -70.819603 5.086043 -9.312434 0.859281 -14.144788 110.230850 1.764658 -3.631928 3.393554 -3.846934 0.841070 43.050228 0.000019 0.000010 -9.634469 0.000040 -0.000014 -6.839203 0.000313 0.000018 0.002003 20.402021 -0.016716 11.117053 -0.947013 -0.031643 0.009590 -1.142188 -0.013391 0.005906 -0.000010 0.000482 -0.000006 18.700621 -0.010657 3.120705 -1.316454 -0.024345 -0.021738 -1.119493 -0.004158 -0.012963 0.000607 0.000002 0.000128 14.958762 0.057731 -8.355149 -1.391569 0.063579 0.014510 -1.250171 0.019794 0.019017 -0.000973 0.000019 0.000004 11.038745 0.185292 -19.312559 -2.538633 0.135210 0.222404 -2.544328 0.057855 0.177076 0.000325 0.000012 -0.000044 0.000000 0.000000 0.000000 0.000000 0.000000 0.000000 -6.387285 -13.304012 20.555176 -0.141227 -1.072748 4.363337 1.569536 -9.521295 15.437413 -1.421194 1.231516 -16.453909 0.000000 0.000000 0.000000 0.000000 0.000000 0.000000 0.000000 0.000000 0.000000 2.694498 -2.181283 13.581015 0.143729 0.760103 9.915165 -0.501216 1.476085 16.182289 0.530382 -0.979138 -19.780191 0.000000 0.000000 0.000000 0.000000 0.000000 0.000000 0.000000 0.000000 0.000000 
-0.081448 88.321365 4.852969 0.754139 0.160170 -14.486815 1.224637 -0.040650 8.996775 0.655337 -0.034984 1.763621 -1.484996 0.779983 7.618056 -1.203512 0.310332 4.629702 -1.351663 0.742423 2.924483 0.267661 0.538919 -4.479443 -0.389269 -1.234241 -20.129875 0.000000 0.000000 0.000000 88.874222 0.184430 10.372139 58.464584 -16.400515 5.601002 -1.276252 14.803340 94.117737 -8.873646 -1.417475 0.054319 6.576977 -1.428361 41.669979 -0.000006 -0.000001 -16.385765 -0.000006 0.000046 -11.380933 0.000008 0.000003 -0.000012 -6.225994 -0.022988 2.121364 -0.324078 -0.080041 0.090048 -0.352557 -0.066014 0.068059 -0.000011 0.000011 -0.000002 -6.355282 -0.021158 -3.631332 -0.431811 -0.044578 0.039859 -0.249005 -0.023558 0.048459 0.000001 0.000100 0.000004 -5.578493 0.033847 -11.709374 -0.077687 0.075942 -0.105436 -0.024330 0.044155 -0.062490 0.000013 0.000632 -0.000008 -4.674221 0.144993 -19.676020 0.622207 0.239162 -0.192366 0.612117 0.149050 -0.191521 -0.000271 0.000005 -0.000007 0.000000 0.000000 0.000000 0.000000 0.000000 0.000000 -86.352898 -0.375664 4.681511 -70.607452 5.209853 -9.174645 0.876370 -14.035557 110.141006 2.606210 -1.887652 2.954541 -3.656646 0.807212 43.142559 0.000019 0.000010 -9.144643 0.000037 -0.000015 -6.498425 0.000414 0.000018 0.002135 21.609562 -0.018635 11.541430 -0.854925 -0.028065 0.016125 -1.044996 -0.009664 0.010475 -0.000010 0.000460 -0.000006 19.903557 -0.011381 3.423074 -1.203071 -0.022881 -0.018447 -1.007180 -0.003225 -0.010590 0.000624 0.000003 0.000128 16.259916 0.058899 -8.209127 -1.182604 0.061883 0.011138 -1.038331 0.018524 0.016920 -0.000916 0.000019 0.000004 12.357662 0.189634 -19.292833 -2.238892 0.130480 0.213599 -2.251919 0.054322 0.171265 0.000311 0.000012 -0.000044 0.000000 0.000000 0.000000 0.000000 0.000000 0.000000 -6.401147 -13.353042 20.648224 -0.140449 -1.068358 4.343770 1.550187 -9.563958 15.445343 -1.419356 1.226559 -16.420315 0.000000 0.000000 0.000000 0.000000 0.000000 0.000000 0.000000 0.000000 0.000000 2.674823 -2.240360 13.661819 0.143820 0.766674 9.859331 -0.489224 1.393236 16.191847 0.529170 -0.983865 -19.787296 0.000000 0.000000 0.000000 0.000000 0.000000 0.000000 0.000000 0.000000 0.000000 
-0.097872 88.317879 4.879610 0.758228 0.223304 -14.543017 1.243175 -0.051257 8.997609 0.663821 -0.039096 1.747089 -1.509343 0.747536 7.635130 -1.220528 0.290799 4.637932 -1.446541 0.770555 2.865306 0.253376 0.540731 -4.501908 -0.399740 -1.231723 -20.083776 0.000000 0.000000 0.000000 88.961800 0.193179 10.390643 58.370636 -16.487219 5.725207 -1.300306 14.707809 93.967819 -9.719895 -2.725854 0.036779 6.342501 -1.385944 41.791607 -0.000005 -0.000000 -15.796489 -0.000005 0.000046 -10.971367 0.000009 0.000003 -0.000012 -7.580062 -0.024670 2.629141 -0.414702 -0.075717 0.082613 -0.440431 -0.062303 0.061341 -0.000011 0.000011 -0.000002 -7.783318 -0.021021 -3.280201 -0.526025 -0.043159 0.037910 -0.355296 -0.022299 0.046959 0.000000 0.000099 0.000004 -7.181250 0.033534 -11.578485 -0.270382 0.074092 -0.107502 -0.217455 0.043186 -0.064649 0.000013 0.000644 -0.000008 -6.222197 0.144480 -19.746996 0.360693 0.237629 -0.213265 0.366684 0.148325 -0.209593 -0.000276 0.000005 -0.000008 0.000000 0.000000 0.000000 0.000000 0.000000 0.000000 -86.402779 -0.365861 4.681367 -70.484520 5.259068 -9.100793 0.883686 -13.984758 110.112282 3.364543 -0.644514 2.643391 -3.533822 0.783073 43.204308 0.000019 0.000010 -8.823144 0.000034 -0.000015 -6.274491 0.000501 0.000018 0.002216 22.483103 -0.020570 11.819303 -0.777668 -0.025830 0.020042 -0.963597 -0.007317 0.013052 -0.000010 0.000431 -0.000007 20.750322 -0.012028 3.628025 -1.109402 -0.021977 -0.016241 -0.912374 -0.002637 -0.009017 0.000627 0.000003 0.000126 17.129332 0.059776 -8.096141 -1.021959 0.061081 0.008759 -0.873192 0.017814 0.015506 -0.000875 0.000020 0.000004 13.205583 0.192141 -19.261774 -2.017303 0.127950 0.207731 -2.034554 0.052623 0.167401 0.000301 0.000012 -0.000044 0.000000 0.000000 0.000000 0.000000 0.000000 0.000000 -6.403339 -13.390623 20.728697 -0.139446 -1.063929 4.341178 1.525468 -9.600798 15.446725 -1.415562 1.220433 -16.391899 0.000000 0.000000 0.000000 0.000000 0.000000 0.000000 0.000000 0.000000 0.000000 2.662565 -2.283052 13.747532 0.143957 0.772262 9.796269 -0.478004 1.327534 16.206953 0.528790 -0.986988 -19.793213 0.000000 0.000000 0.000000 0.000000 0.000000 0.000000 0.000000 0.000000 0.000000 
-0.115246 88.313622 4.908168 0.759367 0.278334 -14.596433 1.263642 -0.062111 8.992574 0.682006 -0.045261 1.744128 -1.540460 0.728263 7.648522 -1.240713 0.274170 4.656806 -1.543700 0.799728 2.788063 0.237720 0.540361 -4.532318 -0.409570 -1.227819 -20.037970 0.000000 0.000000 0.000000 89.042221 0.201604 10.407213 58.332809 -16.498375 5.792590 -1.317255 14.650593 93.847191 -10.616247 -3.734770 0.053811 6.161963 -1.352355 41.885933 -0.000005 0.000000 -15.338461 -0.000005 0.000046 -10.654482 0.000009 0.000003 -0.000012 -8.668738 -0.025812 3.040107 -0.461807 -0.073317 0.078403 -0.485762 -0.060415 0.057007 -0.000011 0.000011 -0.000001 -8.916858 -0.020787 -2.978266 -0.576788 -0.042427 0.036996 -0.416699 -0.021648 0.046223 -0.000000 0.000099 0.000004 -8.415880 0.033229 -11.431194 -0.395297 0.073572 -0.109911 -0.343835 0.043030 -0.067117 0.000013 0.000660 -0.000008 -7.385098 0.143261 -19.754538 0.185435 0.239041 -0.232564 0.204170 0.149825 -0.226426 -0.000271 0.000005 -0.000008 0.000000 0.000000 0.000000 0.000000 0.000000 0.000000 -86.449341 -0.350426 4.667812 -70.449303 5.219965 -9.089521 0.883146 -13.985133 110.147369 4.027886 0.066047 2.471888 -3.475851 0.768925 43.236202 0.000019 0.000010 -8.664168 0.000030 -0.000016 -6.164145 0.000566 0.000017 0.002245 23.022827 -0.022300 11.967439 -0.706155 -0.024355 0.022947 -0.888644 -0.005840 0.014972 -0.000010 0.000401 -0.000007 21.244160 -0.012569 3.746244 -1.027399 -0.021408 -0.014552 -0.826925 -0.002229 -0.007808 0.000614 0.000003 0.000125 17.575878 0.060363 -8.018091 -0.898786 0.060780 0.006567 -0.744749 0.017426 0.014233 -0.000854 0.000020 0.000004 13.594452 0.193183 -19.231907 -1.862687 0.126598 0.202384 -1.881188 0.051889 0.163767 0.000294 0.000013 -0.000044 0.000000 0.000000 0.000000 0.000000 0.000000 0.000000 -6.393851 -13.420453 20.800119 -0.138268 -1.059483 4.350408 1.497749 -9.630836 15.438696 -1.410048 1.213359 -16.366577 0.000000 0.000000 0.000000 0.000000 0.000000 0.000000 0.000000 0.000000 0.000000 2.659274 -2.312100 13.835179 0.144250 0.776708 9.729577 -0.466182 1.277331 16.227085 0.529342 -0.988639 -19.797800 0.000000 0.000000 0.000000 0.000000 0.000000 0.000000 0.000000 0.000000 0.000000 
-0.132879 88.308868 4.937747 0.756777 0.330464 -14.647567 1.285603 -0.072477 8.984907 0.709506 -0.053088 1.747330 -1.575764 0.721724 7.664693 -1.260148 0.260178 4.681317 -1.638705 0.831211 2.701760 0.221104 0.541195 -4.565943 -0.419350 -1.223117 -19.997530 0.000000 0.000000 0.000000 89.119995 0.209211 10.420082 58.352783 -16.414114 5.795232 -1.326771 14.621021 93.749969 -11.523497 -4.431482 0.102762 6.031150 -1.327460 41.955017 -0.000005 0.000001 -15.001638 -0.000005 0.000046 -10.423195 0.000010 0.000003 -0.000012 -9.504234 -0.026598 3.353379 -0.491128 -0.072027 0.076717 -0.514242 -0.059502 0.054614 -0.000011 0.000010 -0.000001 -9.773507 -0.020497 -2.731934 -0.608449 -0.042074 0.036827 -0.457623 -0.021371 0.046054 -0.000001 0.000100 0.000004 -9.311676 0.032917 -11.281456 -0.479757 0.073818 -0.112519 -0.430090 0.043334 -0.069748 0.000013 0.000672 -0.000009 -8.195295 0.141719 -19.717428 0.069299 0.241812 -0.250016 0.097876 0.152283 -0.241637 -0.000258 0.000005 -0.000007 0.000000 0.000000 0.000000 0.000000 0.000000 0.000000 -86.498634 -0.331356 4.650413 -70.482880 5.096227 -9.131550 0.876449 -14.024930 110.216919 4.576961 0.264735 2.425662 -3.478125 0.764763 43.239494 0.000020 0.000011 -8.658848 0.000027 -0.000016 -6.161145 0.000611 0.000017 0.002232 23.229687 -0.023693 12.009661 -0.632730 -0.023343 0.024658 -0.812574 -0.004977 0.016099 -0.000010 0.000379 -0.000007 21.393080 -0.012982 3.791874 -0.950589 -0.021056 -0.013431 -0.744959 -0.001932 -0.007014 0.000593 0.000003 0.000125 17.621176 0.060715 -7.972957 -0.805620 0.060711 0.004576 -0.646367 0.017212 0.013169 -0.000850 0.000021 0.000004 13.557953 0.193390 -19.210245 -1.767123 0.125778 0.197536 -1.783718 0.051555 0.160416 0.000290 0.000013 -0.000043 0.000000 0.000000 0.000000 0.000000 0.000000 0.000000 -6.373909 -13.445832 20.867739 -0.137038 -1.055220 4.364296 1.469370 -9.657840 15.421288 -1.403535 1.205848 -16.342602 0.000000 0.000000 0.000000 0.000000 0.000000 0.000000 0.000000 0.000000 0.000000 2.664367 -2.334480 13.921209 0.144687 0.779905 9.664289 -0.453566 1.242553 16.248890 0.530613 -0.989310 -19.799837 0.000000 0.000000 0.000000 0.000000 0.000000 0.000000 0.000000 0.000000 0.000000 
-0.150610 88.303513 4.966882 0.750470 0.383921 -14.696430 1.307753 -0.081657 8.979136 0.744206 -0.062125 1.748020 -1.610956 0.724353 7.689478 -1.275004 0.247848 4.705342 -1.729239 0.866339 2.611408 0.203988 0.546096 -4.598787 -0.429977 -1.218834 -19.961817 0.000000 0.000000 0.000000 89.199463 0.214995 10.428030 58.416264 -16.222698 5.742128 -1.330295 14.606348 93.677177 -12.404812 -4.847756 0.187624 5.943445 -1.310367 42.002380 -0.000005 0.000002 -14.770090 -0.000004 0.000047 -10.266097 0.000010 0.000003 -0.000012 -10.115931 -0.027355 3.575072 -0.514361 -0.071014 0.075781 -0.537324 -0.058702 0.052775 -0.000011 0.000010 -0.000001 -10.390077 -0.020248 -2.543049 -0.631605 -0.041791 0.036788 -0.488918 -0.021210 0.045969 -0.000001 0.000102 0.000003 -9.925798 0.032576 -11.141757 -0.539512 0.074249 -0.114839 -0.491084 0.043716 -0.072130 0.000014 0.000679 -0.000009 -8.719443 0.139988 -19.653170 -0.007177 0.244418 -0.264950 0.029756 0.154509 -0.254492 -0.000240 0.000005 -0.000007 0.000000 0.000000 0.000000 0.000000 0.000000 0.000000 -86.554405 -0.312278 4.639574 -70.557327 4.905672 -9.210822 0.865064 -14.093404 110.271820 5.002050 0.019750 2.466382 -3.529980 0.769364 43.218449 0.000020 0.000011 -8.782718 0.000024 -0.000016 -6.247865 0.000642 0.000017 0.002191 23.138750 -0.024793 11.976633 -0.554105 -0.022682 0.024553 -0.732523 -0.004591 0.015860 -0.000010 0.000368 -0.000008 21.240046 -0.013288 3.783901 -0.876278 -0.020872 -0.013080 -0.664712 -0.001747 -0.006816 0.000579 0.000003 0.000124 17.327179 0.060885 -7.952623 -0.737702 0.060725 0.003209 -0.573770 0.017098 0.012637 -0.000860 0.000022 0.000004 13.172293 0.193232 -19.194944 -1.722879 0.125174 0.194358 -1.734490 0.051348 0.158235 0.000286 0.000013 -0.000043 0.000000 0.000000 0.000000 0.000000 0.000000 0.000000 -6.346219 -13.468444 20.935240 -0.135839 -1.051366 4.377664 1.442469 -9.685063 15.397043 -1.396590 1.198452 -16.319677 0.000000 0.000000 0.000000 0.000000 0.000000 0.000000 0.000000 0.000000 0.000000 2.675845 -2.357945 14.000851 0.145188 0.781877 9.607121 -0.441176 1.222631 16.268469 0.532140 -0.989709 -19.798775 0.000000 0.000000 0.000000 0.000000 0.000000 0.000000 0.000000 0.000000 0.000000 
-0.168266 88.297729 4.994352 0.741378 0.440779 -14.741514 1.330160 -0.089714 8.975966 0.782861 -0.071965 1.742383 -1.643244 0.732834 7.722406 -1.284495 0.236986 4.726305 -1.817043 0.903871 2.518194 0.186821 0.555358 -4.629986 -0.441352 -1.216109 -19.928446 0.000000 0.000000 0.000000 89.278084 0.217889 10.429348 58.511414 -15.922555 5.649938 -1.329671 14.596745 93.620453 -13.235493 -5.029482 0.300181 5.890290 -1.299741 42.032227 -0.000005 0.000002 -14.623466 -0.000004 0.000047 -10.168652 0.000011 0.000003 -0.000013 -10.541612 -0.028183 3.719124 -0.537016 -0.069923 0.074706 -0.559781 -0.057731 0.050818 -0.000011 0.000010 -0.000001 -10.809357 -0.020094 -2.405628 -0.651254 -0.041485 0.036581 -0.516020 -0.021049 0.045735 -0.000002 0.000104 0.000003 -10.319423 0.032189 -11.017424 -0.583669 0.074634 -0.116708 -0.535220 0.044018 -0.074081 0.000014 0.000680 -0.000009 -9.025933 0.138163 -19.572107 -0.057252 0.246368 -0.277777 -0.012248 0.156127 -0.265187 -0.000217 0.000005 -0.000007 0.000000 0.000000 0.000000 0.000000 0.000000 0.000000 -86.617889 -0.294485 4.634822 -70.652832 4.667987 -9.314629 0.848318 -14.181298 110.289780 5.307145 -0.583403 2.558195 -3.615790 0.780328 43.180138 0.000019 0.000011 -8.996183 0.000020 -0.000016 -6.396373 0.000665 0.000017 0.002136 22.818659 -0.025715 11.891020 -0.473419 -0.022310 0.023017 -0.651767 -0.004546 0.014590 -0.000009 0.000367 -0.000008 20.860029 -0.013545 3.736357 -0.807115 -0.020823 -0.013304 -0.589204 -0.001667 -0.007096 0.000581 0.000003 0.000124 16.786709 0.060910 -7.952110 -0.693925 0.060759 0.002419 -0.525469 0.017038 0.012508 -0.000880 0.000022 0.000004 12.538836 0.192791 -19.185318 -1.723112 0.124584 0.192519 -1.726918 0.051133 0.156964 0.000282 0.000013 -0.000044 0.000000 0.000000 0.000000 0.000000 0.000000 0.000000 -6.314955 -13.490619 21.002661 -0.134781 -1.048277 4.387681 1.418377 -9.712788 15.369616 -1.389645 1.191337 -16.297735 0.000000 0.000000 0.000000 0.000000 0.000000 0.000000 0.000000 0.000000 0.000000 2.691874 -2.385429 14.068982 0.145685 0.782700 9.561269 -0.429313 1.214087 16.285292 0.533692 -0.989959 -19.794893 0.000000 0.000000 0.000000 0.000000 0.000000 0.000000 0.000000 0.000000 0.000000 
-0.185498 88.292007 5.019339 0.730690 0.500633 -14.781869 1.354660 -0.096674 8.972652 0.824133 -0.082267 1.731218 -1.673034 0.750363 7.759498 -1.290359 0.229683 4.745348 -1.904014 0.938147 2.424986 0.170226 0.564169 -4.659763 -0.451599 -1.215641 -19.898020 0.000000 0.000000 0.000000 89.347488 0.218410 10.424194 58.633160 -15.511024 5.536418 -1.325617 14.585159 93.554749 -13.995613 -5.011673 0.419402 5.862803 -1.293949 42.049026 -0.000005 0.000003 -14.540812 -0.000004 0.000047 -10.115782 0.000011 0.000003 -0.000013 -10.825519 -0.029029 3.800629 -0.560614 -0.068747 0.073770 -0.582034 -0.056744 0.049081 -0.000011 0.000011 -0.000001 -11.077168 -0.020021 -2.311273 -0.669078 -0.041207 0.036308 -0.541001 -0.020880 0.045463 -0.000003 0.000105 0.000003 -10.549186 0.031757 -10.909950 -0.616519 0.074990 -0.118372 -0.566325 0.044277 -0.075726 0.000014 0.000675 -0.000009 -9.173078 0.136397 -19.481134 -0.087748 0.247859 -0.289628 -0.034384 0.157307 -0.274479 -0.000191 0.000005 -0.000006 0.000000 0.000000 0.000000 0.000000 0.000000 0.000000 -86.690048 -0.276790 4.631149 -70.761597 4.395370 -9.436816 0.825973 -14.283445 110.282394 5.468453 -1.460017 2.678485 -3.720318 0.794926 43.131817 0.000019 0.000012 -9.259442 0.000017 -0.000016 -6.578822 0.000685 0.000017 0.002073 22.346743 -0.026564 11.768428 -0.400292 -0.022183 0.020947 -0.579739 -0.004736 0.013112 -0.000009 0.000372 -0.000008 20.334759 -0.013812 3.658744 -0.750918 -0.020875 -0.013696 -0.526205 -0.001670 -0.007567 0.000600 0.000003 0.000123 16.096025 0.060794 -7.969242 -0.676476 0.060783 0.001812 -0.502942 0.017002 0.012377 -0.000907 0.000022 0.000004 11.756920 0.191883 -19.184618 -1.762361 0.123835 0.190786 -1.756420 0.050844 0.155639 0.000278 0.000013 -0.000044 0.000000 0.000000 0.000000 0.000000 0.000000 0.000000 -6.284046 -13.515325 21.069622 -0.134017 -1.046256 4.393270 1.397000 -9.740618 15.341882 -1.383209 1.184590 -16.274879 0.000000 0.000000 0.000000 0.000000 0.000000 0.000000 0.000000 0.000000 0.000000 2.710646 -2.417429 14.123868 0.146109 0.782243 9.525985 -0.416994 1.214561 16.300240 0.535303 -0.989785 -19.787291 0.000000 0.000000 0.000000 0.000000 0.000000 0.000000 0.000000 0.000000 0.000000 
-0.202174 88.286545 5.041524 0.718448 0.561624 -14.816913 1.382105 -0.102385 8.968260 0.865587 -0.092181 1.715725 -1.700895 0.778500 7.796247 -1.292969 0.227270 4.761780 -1.985498 0.966440 2.338787 0.155004 0.570891 -4.685378 -0.460322 -1.217402 -19.870892 0.000000 0.000000 0.000000 89.404434 0.217355 10.412070 58.763248 -15.018841 5.422348 -1.318084 14.576531 93.459335 -14.660210 -4.821200 0.517703 5.853717 -1.291719 42.056377 -0.000005 0.000003 -14.504263 -0.000003 0.000048 -10.094735 0.000012 0.000003 -0.000013 -11.006727 -0.029776 3.828486 -0.585435 -0.067607 0.073208 -0.604387 -0.055901 0.047767 -0.000011 0.000011 -0.000001 -11.233228 -0.019994 -2.255668 -0.685792 -0.041019 0.036032 -0.564536 -0.020732 0.045214 -0.000003 0.000107 0.000002 -10.657106 0.031290 -10.820848 -0.639864 0.075375 -0.119857 -0.586691 0.044532 -0.077059 0.000014 0.000663 -0.000009 -9.200775 0.134856 -19.387127 -0.102289 0.249089 -0.300376 -0.040474 0.158201 -0.282351 -0.000163 0.000005 -0.000006 0.000000 0.000000 0.000000 0.000000 0.000000 0.000000 -86.770676 -0.259159 4.621993 -70.877144 4.110951 -9.570768 0.798328 -14.400027 110.267334 5.479359 -2.559989 2.816004 -3.833250 0.811075 43.078880 0.000019 0.000012 -9.544671 0.000014 -0.000016 -6.776196 0.000703 0.000018 0.002009 21.788731 -0.027427 11.615978 -0.345423 -0.022162 0.019668 -0.526530 -0.004965 0.012502 -0.000009 0.000382 -0.000008 19.730288 -0.014102 3.556196 -0.716514 -0.020965 -0.013729 -0.484664 -0.001701 -0.007805 0.000633 0.000003 0.000123 15.325979 0.060524 -8.002280 -0.690046 0.060724 0.000818 -0.510620 0.016922 0.011773 -0.000939 0.000023 0.000004 10.896531 0.190390 -19.193691 -1.839370 0.122740 0.187516 -1.822356 0.050346 0.152999 0.000274 0.000013 -0.000044 0.000000 0.000000 0.000000 0.000000 0.000000 0.000000 -6.254211 -13.542361 21.134842 -0.133540 -1.045169 4.394073 1.378289 -9.767965 15.316376 -1.377251 1.178288 -16.251219 0.000000 0.000000 0.000000 0.000000 0.000000 0.000000 0.000000 0.000000 0.000000 2.732712 -2.454227 14.164415 0.146519 0.780706 9.502778 -0.406472 1.221106 16.311428 0.537250 -0.989404 -19.775896 0.000000 0.000000 0.000000 0.000000 0.000000 0.000000 0.000000 0.000000 0.000000 
-0.218593 88.281326 5.060900 0.705139 0.621529 -14.846611 1.411770 -0.106597 8.962739 0.905011 -0.100647 1.697806 -1.728005 0.817562 7.828299 -1.293624 0.229965 4.774997 -2.058071 0.988021 2.261540 0.140863 0.573508 -4.706576 -0.467765 -1.221075 -19.845779 0.000000 0.000000 0.000000 89.448250 0.215158 10.393745 58.880127 -14.480784 5.324488 -1.306366 14.574546 93.321320 -15.207733 -4.475380 0.580662 5.858499 -1.292286 42.056477 -0.000005 0.000004 -14.502892 -0.000003 0.000048 -10.097423 0.000012 0.000003 -0.000014 -11.109166 -0.030295 3.809198 -0.611088 -0.066661 0.073314 -0.627047 -0.055321 0.047118 -0.000011 0.000011 -0.000002 -11.301690 -0.019979 -2.235057 -0.702081 -0.040959 0.035897 -0.586960 -0.020644 0.045092 -0.000004 0.000108 0.000002 -10.664925 0.030822 -10.750214 -0.655308 0.075885 -0.121292 -0.598541 0.044837 -0.078190 0.000014 0.000644 -0.000010 -9.127539 0.133670 -19.294746 -0.103424 0.250311 -0.310118 -0.033516 0.158991 -0.288978 -0.000137 0.000005 -0.000006 0.000000 0.000000 0.000000 0.000000 0.000000 0.000000 -86.857567 -0.242207 4.601710 -70.988831 3.823285 -9.705819 0.766276 -14.528625 110.252205 5.327958 -3.872111 2.959361 -3.951059 0.828047 43.023285 0.000019 0.000012 -9.842606 0.000012 -0.000016 -6.982279 0.000721 0.000018 0.001946 21.170465 -0.028314 11.434719 -0.313657 -0.022157 0.019944 -0.496488 -0.005114 0.013323 -0.000009 0.000393 -0.000008 19.071138 -0.014413 3.429590 -0.706873 -0.021058 -0.013114 -0.467800 -0.001719 -0.007568 0.000680 0.000002 0.000124 14.501887 0.060104 -8.051526 -0.736011 0.060548 -0.000798 -0.549875 0.016760 0.010534 -0.000972 0.000023 0.000004 9.984915 0.188388 -19.212635 -1.952012 0.121320 0.182202 -1.923433 0.049634 0.148623 0.000270 0.000013 -0.000044 0.000000 0.000000 0.000000 0.000000 0.000000 0.000000 -6.226046 -13.570889 21.196911 -0.133281 -1.044868 4.392026 1.362829 -9.792452 15.293237 -1.371465 1.172561 -16.228313 0.000000 0.000000 0.000000 0.000000 0.000000 0.000000 0.000000 0.000000 0.000000 2.757174 -2.496652 14.190095 0.146983 0.778377 9.494551 -0.398757 1.231704 16.317020 0.539522 -0.988979 -19.761671 0.000000 0.000000 0.000000 0.000000 0.000000 0.000000 0.000000 0.000000 0.000000 
-0.234881 88.276253 5.078096 0.690414 0.678484 -14.870679 1.442202 -0.109633 8.957378 0.940007 -0.107316 1.678149 -1.753860 0.863472 7.853935 -1.292781 0.236321 4.783659 -2.118930 1.003681 2.194852 0.127479 0.573036 -4.722541 -0.474828 -1.226148 -19.821064 0.000000 0.000000 0.000000 89.482101 0.211757 10.367975 58.968292 -13.933684 5.248480 -1.290779 14.580459 93.145355 -15.624759 -4.001947 0.606475 5.875108 -1.295385 42.050304 -0.000005 0.000004 -14.531178 -0.000003 0.000048 -10.119832 0.000012 0.000003 -0.000014 -11.144689 -0.030556 3.748764 -0.638727 -0.065957 0.074097 -0.651952 -0.054978 0.047117 -0.000011 0.000012 -0.000002 -11.295732 -0.019943 -2.245680 -0.719828 -0.041017 0.035946 -0.609799 -0.020626 0.045118 -0.000004 0.000109 0.000002 -10.582990 0.030360 -10.696131 -0.665143 0.076513 -0.122635 -0.604644 0.045181 -0.079146 0.000013 0.000620 -0.000010 -8.959913 0.132841 -19.206284 -0.093765 0.251488 -0.318435 -0.016789 0.159656 -0.294269 -0.000114 0.000005 -0.000005 0.000000 0.000000 0.000000 0.000000 0.000000 0.000000 -86.946762 -0.226852 4.566431 -71.094231 3.529281 -9.833493 0.731014 -14.669811 110.239189 5.020023 -5.389034 3.106834 -4.075172 0.846086 42.964645 0.000018 0.000013 -10.155986 0.000011 -0.000016 -7.199092 0.000738 0.000018 0.001889 20.494585 -0.029160 11.219658 -0.305789 -0.022136 0.021787 -0.489881 -0.005141 0.015504 -0.000009 0.000403 -0.000008 18.356726 -0.014709 3.276124 -0.721880 -0.021139 -0.011866 -0.475845 -0.001708 -0.006828 0.000735 0.000002 0.000124 13.618026 0.059560 -8.117869 -0.815304 0.060234 -0.003068 -0.622039 0.016504 0.008685 -0.001005 0.000023 0.000004 9.015039 0.185986 -19.240341 -2.101151 0.119616 0.174702 -2.060595 0.048687 0.142364 0.000266 0.000012 -0.000044 0.000000 0.000000 0.000000 0.000000 0.000000 0.000000 -6.198685 -13.599982 21.253639 -0.133113 -1.044810 4.388841 1.349988 -9.813642 15.273791 -1.365444 1.167327 -16.208559 0.000000 0.000000 0.000000 0.000000 0.000000 0.000000 0.000000 0.000000 0.000000 2.784634 -2.543735 14.200603 0.147523 0.775633 9.503975 -0.394946 1.242975 16.315149 0.542031 -0.988764 -19.746115 0.000000 0.000000 0.000000 0.000000 0.000000 0.000000 0.000000 0.000000 0.000000 
-0.251109 88.271492 5.093850 0.675408 0.731190 -14.889948 1.472500 -0.111515 8.951785 0.970229 -0.111983 1.658178 -1.779091 0.915715 7.872472 -1.293042 0.245690 4.788870 -2.169921 1.011586 2.138088 0.114171 0.566242 -4.734506 -0.480979 -1.232384 -19.796841 0.000000 0.000000 0.000000 89.505234 0.207698 10.336811 59.024246 -13.387597 5.194549 -1.271800 14.590820 92.935677 -15.907207 -3.425206 0.601969 5.902194 -1.300658 42.038597 -0.000005 0.000004 -14.585940 -0.000003 0.000049 -10.159492 0.000012 0.000003 -0.000014 -11.121968 -0.030561 3.655520 -0.668726 -0.065596 0.075993 -0.679637 -0.054966 0.048149 -0.000011 0.000012 -0.000002 -11.225330 -0.019874 -2.281757 -0.740254 -0.041212 0.036404 -0.634149 -0.020713 0.045466 -0.000004 0.000110 0.000002 -10.421045 0.029940 -10.656129 -0.671357 0.077320 -0.124137 -0.606915 0.045623 -0.080161 0.000013 0.000595 -0.000010 -8.706692 0.132397 -19.122669 -0.074846 0.252793 -0.325927 0.007903 0.160359 -0.298782 -0.000095 0.000004 -0.000005 0.000000 0.000000 0.000000 0.000000 0.000000 0.000000 -87.034508 -0.212834 4.516511 -71.192947 3.212963 -9.946174 0.693444 -14.822227 110.226242 4.540091 -7.101044 3.258910 -4.208128 0.865578 42.901802 0.000018 0.000013 -10.491031 0.000010 -0.000016 -7.430712 0.000759 0.000019 0.001840 19.750774 -0.029908 10.968030 -0.319780 -0.022152 0.024892 -0.504559 -0.005118 0.018832 -0.000008 0.000412 -0.000007 17.575993 -0.014990 3.094213 -0.758533 -0.021225 -0.010108 -0.506139 -0.001679 -0.005659 0.000792 0.000002 0.000125 12.662840 0.058909 -8.201136 -0.925886 0.059800 -0.005922 -0.725136 0.016176 0.006328 -0.001036 0.000023 0.000004 7.976773 0.183254 -19.275305 -2.284939 0.117733 0.165290 -2.232622 0.047588 0.134412 0.000262 0.000012 -0.000044 0.000000 0.000000 0.000000 0.000000 0.000000 0.000000 -6.172633 -13.629697 21.304873 -0.133014 -1.044837 4.387130 1.338973 -9.831472 15.257074 -1.359216 1.162712 -16.192543 0.000000 0.000000 0.000000 0.000000 0.000000 0.000000 0.000000 0.000000 0.000000 2.812845 -2.594985 14.198637 0.148103 0.772628 9.529782 -0.393514 1.254653 16.306519 0.544670 -0.988614 -19.729794 0.000000 0.000000 0.000000 0.000000 0.000000 0.000000 0.000000 0.000000 0.000000 
-0.267151 88.267258 5.108817 0.661040 0.778237 -14.904470 1.502251 -0.112446 8.945022 0.996279 -0.114871 1.638802 -1.804724 0.973545 7.882804 -1.296707 0.257436 4.791422 -2.211248 1.009531 2.090615 0.100663 0.550878 -4.743536 -0.485781 -1.239630 -19.773998 0.000000 0.000000 0.000000 89.516830 0.203441 10.302247 59.045444 -12.852601 5.163875 -1.249920 14.603047 92.702545 -16.053541 -2.771030 0.568168 5.938860 -1.307832 42.021866 -0.000005 0.000004 -14.664728 -0.000002 0.000049 -10.214628 0.000013 0.000003 -0.000014 -11.046293 -0.030279 3.536560 -0.701306 -0.065728 0.079471 -0.710446 -0.055433 0.050615 -0.000011 0.000012 -0.000003 -11.097383 -0.019755 -2.338362 -0.764160 -0.041593 0.037501 -0.660793 -0.020954 0.046320 -0.000004 0.000111 0.000002 -10.187649 0.029580 -10.628661 -0.675572 0.078387 -0.126088 -0.606973 0.046248 -0.081484 0.000013 0.000568 -0.000010 -8.377787 0.132329 -19.045261 -0.048670 0.254518 -0.333431 0.038443 0.161364 -0.303283 -0.000078 0.000004 -0.000005 0.000000 0.000000 0.000000 0.000000 0.000000 0.000000 -87.118477 -0.199532 4.453521 -71.288872 2.864251 -10.041902 0.653805 -14.986167 110.219017 3.883130 -8.989862 3.420414 -4.351219 0.886660 42.834141 0.000017 0.000013 -10.850687 0.000009 -0.000016 -7.679229 0.000783 0.000019 0.001798 18.936417 -0.030500 10.678237 -0.351025 -0.022315 0.028794 -0.535887 -0.005175 0.022955 -0.000008 0.000418 -0.000007 16.726068 -0.015251 2.883025 -0.811786 -0.021358 -0.008060 -0.553791 -0.001667 -0.004205 0.000846 0.000001 0.000125 11.633297 0.058163 -8.301453 -1.062966 0.059316 -0.009175 -0.854384 0.015833 0.003646 -0.001061 0.000023 0.000004 6.868313 0.180231 -19.317085 -2.498828 0.115862 0.154595 -2.435275 0.046500 0.125308 0.000260 0.000012 -0.000044 0.000000 0.000000 0.000000 0.000000 0.000000 0.000000 -6.148026 -13.659331 21.349903 -0.133015 -1.044920 4.388551 1.328924 -9.846334 15.242496 -1.352898 1.158813 -16.181154 0.000000 0.000000 0.000000 0.000000 0.000000 0.000000 0.000000 0.000000 0.000000 2.840506 -2.649221 14.186381 0.148719 0.769566 9.569397 -0.393869 1.266448 16.292360 0.547415 -0.988479 -19.713299 0.000000 0.000000 0.000000 0.000000 0.000000 0.000000 0.000000 0.000000 0.000000 
-0.282959 88.263451 5.123457 0.646941 0.818571 -14.913581 1.531273 -0.112783 8.937028 1.018097 -0.116187 1.620930 -1.830571 1.033979 7.884640 -1.304155 0.270524 4.791133 -2.241958 0.997427 2.050732 0.087077 0.527903 -4.750557 -0.489625 -1.247669 -19.752710 0.000000 0.000000 0.000000 89.517952 0.199189 10.265092 59.030193 -12.344718 5.153698 -1.226224 14.617874 92.466255 -16.067854 -2.068614 0.514021 5.984327 -1.316626 42.000641 -0.000005 0.000004 -14.764968 -0.000002 0.000049 -10.283643 0.000013 0.000003 -0.000015 -10.922259 -0.029695 3.398812 -0.734913 -0.066363 0.084569 -0.743258 -0.056373 0.054567 -0.000011 0.000013 -0.000003 -10.918952 -0.019585 -2.410610 -0.790444 -0.042157 0.039285 -0.688662 -0.021356 0.047722 -0.000005 0.000111 0.000002 -9.892910 0.029269 -10.611649 -0.677896 0.079705 -0.128577 -0.605049 0.047056 -0.083212 0.000012 0.000541 -0.000010 -7.985516 0.132569 -18.974459 -0.016742 0.256683 -0.341235 0.073262 0.162713 -0.308156 -0.000063 0.000004 -0.000005 0.000000 0.000000 0.000000 0.000000 0.000000 0.000000 -87.195541 -0.186888 4.378781 -71.387688 2.479560 -10.122585 0.612619 -15.163837 110.220955 3.062512 -11.032661 3.606601 -4.504488 0.909309 42.761688 0.000017 0.000013 -11.234814 0.000009 -0.000016 -7.944726 0.000811 0.000020 0.001766 18.057985 -0.030885 10.352400 -0.393604 -0.022692 0.032894 -0.577852 -0.005388 0.027334 -0.000008 0.000422 -0.000007 15.812243 -0.015471 2.644966 -0.875656 -0.021570 -0.005991 -0.612864 -0.001701 -0.002669 0.000892 0.000001 0.000126 10.533646 0.057338 -8.415830 -1.220408 0.058842 -0.012541 -1.003890 0.015513 0.000899 -0.001082 0.000023 0.000004 5.693213 0.177014 -19.362171 -2.737519 0.114134 0.143453 -2.663166 0.045520 0.115803 0.000258 0.000012 -0.000044 0.000000 0.000000 0.000000 0.000000 0.000000 0.000000 -6.123905 -13.687303 21.386841 -0.133091 -1.044844 4.394037 1.319064 -9.857218 15.230682 -1.346271 1.155648 -16.175751 0.000000 0.000000 0.000000 0.000000 0.000000 0.000000 0.000000 0.000000 0.000000 2.868548 -2.704591 14.164106 0.149393 0.766737 9.621893 -0.397176 1.277614 16.273548 0.550246 -0.988507 -19.698174 0.000000 0.000000 0.000000 0.000000 0.000000 0.000000 0.000000 0.000000 0.000000 
-0.298656 88.259567 5.138145 0.631577 0.852399 -14.916627 1.559243 -0.112967 8.928841 1.034254 -0.115955 1.605708 -1.854121 1.091543 7.879909 -1.313283 0.283521 4.787730 -2.263151 0.979366 2.016160 0.073747 0.502212 -4.756025 -0.494030 -1.256222 -19.732254 0.000000 0.000000 0.000000 89.512779 0.194671 10.224613 58.979294 -11.881948 5.154846 -1.203007 14.636357 92.256477 -15.965035 -1.350039 0.461103 6.038011 -1.326790 41.975357 -0.000005 0.000004 -14.884614 -0.000002 0.000049 -10.365521 0.000013 0.000003 -0.000015 -10.752612 -0.028862 3.249582 -0.766255 -0.067303 0.090683 -0.775407 -0.057555 0.059499 -0.000011 0.000014 -0.000003 -10.696108 -0.019389 -2.493003 -0.816225 -0.042805 0.041530 -0.715029 -0.021854 0.049481 -0.000005 0.000111 0.000002 -9.546789 0.028963 -10.601112 -0.677010 0.081148 -0.131368 -0.600033 0.047933 -0.085206 0.000012 0.000512 -0.000010 -7.541831 0.132972 -18.907921 0.020251 0.258971 -0.348850 0.111584 0.164168 -0.313159 -0.000051 0.000005 -0.000005 0.000000 0.000000 0.000000 0.000000 0.000000 0.000000 -87.261292 -0.175366 4.291993 -71.492241 2.059585 -10.190451 0.570577 -15.357025 110.224304 2.112340 -13.201251 3.835180 -4.668608 0.933684 42.684143 0.000016 0.000014 -11.644822 0.000009 -0.000015 -8.228149 0.000843 0.000020 0.001746 17.119846 -0.031055 9.994687 -0.443800 -0.023192 0.037019 -0.626478 -0.005671 0.031727 -0.000007 0.000422 -0.000007 14.836374 -0.015626 2.384873 -0.946454 -0.021826 -0.003984 -0.679642 -0.001760 -0.001113 0.000933 0.000001 0.000127 9.363018 0.056449 -8.537700 -1.394619 0.058345 -0.015960 -1.170397 0.015182 -0.001832 -0.001100 0.000023 0.000004 4.447925 0.173694 -19.401951 -2.998790 0.112441 0.131899 -2.913602 0.044521 0.106001 0.000254 0.000011 -0.000045 0.000000 0.000000 0.000000 0.000000 0.000000 0.000000 -6.098306 -13.712210 21.413094 -0.133156 -1.044217 4.405055 1.308676 -9.862003 15.222526 -1.338891 1.153104 -16.176893 0.000000 0.000000 0.000000 0.000000 0.000000 0.000000 0.000000 0.000000 0.000000 2.899671 -2.758305 14.130886 0.150122 0.764280 9.688512 -0.405417 1.287807 16.250469 0.553106 -0.988789 -19.686493 0.000000 0.000000 0.000000 0.000000 0.000000 0.000000 0.000000 0.000000 0.000000 
-0.314346 88.255478 5.153232 0.615405 0.881012 -14.915066 1.586042 -0.112802 8.920604 1.044820 -0.114108 1.593048 -1.874743 1.145578 7.873179 -1.323867 0.296028 4.781805 -2.278644 0.956246 1.985670 0.060660 0.473494 -4.760725 -0.499080 -1.265620 -19.714533 0.000000 0.000000 0.000000 89.503960 0.190206 10.183203 58.898315 -11.455479 5.162350 -1.182092 14.653384 92.091492 -15.762681 -0.628663 0.429072 6.099754 -1.338143 41.946163 -0.000005 0.000004 -15.023767 -0.000002 0.000050 -10.460679 0.000013 0.000002 -0.000015 -10.538055 -0.027827 3.095454 -0.793234 -0.068472 0.097527 -0.804661 -0.058921 0.065136 -0.000011 0.000014 -0.000004 -10.430351 -0.019201 -2.581094 -0.839245 -0.043500 0.044094 -0.738001 -0.022416 0.051476 -0.000005 0.000111 0.000002 -9.154402 0.028678 -10.595250 -0.671001 0.082688 -0.134316 -0.590041 0.048857 -0.087346 0.000012 0.000484 -0.000010 -7.054965 0.133445 -18.845484 0.063841 0.261363 -0.356059 0.155229 0.165744 -0.318097 -0.000039 0.000005 -0.000005 0.000000 0.000000 0.000000 0.000000 0.000000 0.000000 -87.315353 -0.164496 4.197073 -71.599663 1.600516 -10.243368 0.527877 -15.561632 110.216888 1.048953 -15.466073 4.106628 -4.842925 0.959729 42.601692 0.000016 0.000014 -12.079268 0.000009 -0.000015 -8.528174 0.000877 0.000020 0.001736 16.127193 -0.031043 9.613744 -0.498838 -0.023781 0.041365 -0.679169 -0.006014 0.036340 -0.000006 0.000417 -0.000007 13.803209 -0.015738 2.109889 -1.021536 -0.022111 -0.001952 -0.751513 -0.001834 0.000528 0.000967 0.000001 0.000128 8.127847 0.055502 -8.661438 -1.582745 0.057815 -0.019575 -1.351009 0.014829 -0.004655 -0.001118 0.000023 0.000003 3.138921 0.170225 -19.432219 -3.280270 0.110724 0.119422 -3.184405 0.043468 0.095483 0.000248 0.000011 -0.000045 0.000000 0.000000 0.000000 0.000000 0.000000 0.000000 -6.070917 -13.734730 21.430214 -0.133242 -1.043233 4.422520 1.297653 -9.860507 15.215331 -1.331052 1.151248 -16.182043 0.000000 0.000000 0.000000 0.000000 0.000000 0.000000 0.000000 0.000000 0.000000 2.932964 -2.808376 14.090064 0.150823 0.762037 9.766688 -0.417901 1.299865 16.224627 0.556096 -0.988953 -19.678259 0.000000 0.000000 0.000000 0.000000 0.000000 0.000000 0.000000 0.000000 0.000000 
-0.329863 88.251274 5.168985 0.598674 0.905728 -14.910002 1.612050 -0.112268 8.912419 1.050207 -0.110922 1.581573 -1.891410 1.195871 7.868035 -1.335348 0.307789 4.773459 -2.290124 0.926838 1.962020 0.047896 0.440668 -4.763370 -0.504307 -1.276172 -19.702639 0.000000 0.000000 0.000000 89.493149 0.186216 10.141631 58.792618 -11.055925 5.172034 -1.164815 14.663426 91.987152 -15.469145 0.091447 0.428607 6.170439 -1.350726 41.912636 -0.000005 0.000004 -15.184833 -0.000002 0.000050 -10.571168 0.000013 0.000002 -0.000016 -10.274058 -0.026635 2.939795 -0.814641 -0.069798 0.104957 -0.829393 -0.060441 0.071327 -0.000011 0.000015 -0.000004 -10.117147 -0.019037 -2.673240 -0.857791 -0.044225 0.046869 -0.756202 -0.023019 0.053635 -0.000005 0.000111 0.000002 -8.714497 0.028427 -10.594349 -0.657926 0.084285 -0.137282 -0.573118 0.049808 -0.089522 0.000012 0.000457 -0.000010 -6.526122 0.133992 -18.788492 0.115855 0.263794 -0.362635 0.206275 0.167408 -0.322789 -0.000028 0.000005 -0.000005 0.000000 0.000000 0.000000 0.000000 0.000000 0.000000 -87.359894 -0.153790 4.098300 -71.710014 1.100923 -10.279895 0.484705 -15.774794 110.187614 -0.115514 -17.792356 4.416888 -5.026283 0.987233 42.514885 0.000015 0.000014 -12.534742 0.000010 -0.000015 -8.842157 0.000910 0.000020 0.001734 15.089703 -0.030888 9.217237 -0.558809 -0.024429 0.046117 -0.736270 -0.006400 0.041358 -0.000006 0.000408 -0.000006 12.723219 -0.015819 1.825748 -1.101303 -0.022413 0.000188 -0.828800 -0.001915 0.002302 0.000994 0.000001 0.000129 6.841826 0.054489 -8.783472 -1.783724 0.057252 -0.023523 -1.544523 0.014452 -0.007703 -0.001134 0.000023 0.000003 1.780039 0.166533 -19.451668 -3.580103 0.108914 0.105473 -3.473611 0.042318 0.083789 0.000238 0.000010 -0.000045 0.000000 0.000000 0.000000 0.000000 0.000000 0.000000 -6.041141 -13.754910 21.439859 -0.133390 -1.042040 4.446521 1.285657 -9.854274 15.207262 -1.323167 1.150026 -16.188229 0.000000 0.000000 0.000000 0.000000 0.000000 0.000000 0.000000 0.000000 0.000000 2.968083 -2.853436 14.045399 0.151429 0.759816 9.852036 -0.433891 1.314698 16.197268 0.559293 -0.988810 -19.672453 0.000000 0.000000 0.000000 0.000000 0.000000 0.000000 0.000000 0.000000 0.000000 
-0.344997 88.246841 5.185339 0.581738 0.928028 -14.901083 1.636835 -0.111643 8.905020 1.049501 -0.106435 1.569214 -1.902638 1.239917 7.865949 -1.345924 0.318023 4.762088 -2.298889 0.894765 1.946333 0.035664 0.407577 -4.762434 -0.510805 -1.287909 -19.696808 0.000000 0.000000 0.000000 89.482475 0.181900 10.098127 58.664574 -10.685396 5.181579 -1.151999 14.666183 91.961487 -15.096295 0.806435 0.463702 6.250784 -1.364638 41.874393 -0.000005 0.000004 -15.369555 -0.000001 0.000050 -10.698435 0.000013 0.000002 -0.000016 -9.955154 -0.025324 2.782518 -0.828035 -0.071176 0.112483 -0.846991 -0.062016 0.077620 -0.000011 0.000015 -0.000005 -9.750597 -0.018910 -2.769780 -0.869209 -0.044946 0.049633 -0.767132 -0.023626 0.055785 -0.000005 0.000111 0.000003 -8.222110 0.028193 -10.598662 -0.635058 0.085882 -0.140033 -0.546731 0.050727 -0.091552 0.000012 0.000430 -0.000010 -5.951283 0.134601 -18.737055 0.177855 0.266102 -0.368196 0.266312 0.169012 -0.326961 -0.000017 0.000005 -0.000005 0.000000 0.000000 0.000000 0.000000 0.000000 0.000000 -87.397026 -0.143230 3.995450 -71.823036 0.569997 -10.302437 0.440275 -15.992903 110.123642 -1.343244 -20.157049 4.756354 -5.218319 1.016102 42.423996 0.000015 0.000014 -13.009767 0.000011 -0.000015 -9.169003 0.000940 0.000020 0.001736 14.013356 -0.030614 8.808497 -0.626594 -0.024995 0.051757 -0.800869 -0.006683 0.047135 -0.000005 0.000395 -0.000006 11.602734 -0.015857 1.535482 -1.188442 -0.022678 0.002614 -0.914097 -0.001965 0.004307 0.001014 0.000000 0.000130 5.514166 0.053403 -8.901392 -1.998065 0.056631 -0.027958 -1.751294 0.014012 -0.011135 -0.001152 0.000022 0.000004 0.381960 0.162588 -19.456881 -3.896706 0.106910 0.089626 -3.779293 0.040981 0.070568 0.000224 0.000010 -0.000045 0.000000 0.000000 0.000000 0.000000 0.000000 0.000000 -6.009153 -13.770939 21.441895 -0.133596 -1.040761 4.476985 1.273425 -9.842744 15.197626 -1.315456 1.149309 -16.194056 0.000000 0.000000 0.000000 0.000000 0.000000 0.000000 0.000000 0.000000 0.000000 3.004791 -2.892830 13.997716 0.151923 0.757505 9.941964 -0.453703 1.331589 16.168940 0.562617 -0.988420 -19.668322 0.000000 0.000000 0.000000 0.000000 0.000000 0.000000 0.000000 0.000000 0.000000 
-0.359496 88.242256 5.202074 0.565079 0.949473 -14.889277 1.660160 -0.110965 8.899093 1.043036 -0.100650 1.554520 -1.908083 1.277543 7.868899 -1.355034 0.326545 4.747203 -2.305735 0.861641 1.936992 0.023931 0.375480 -4.758456 -0.519011 -1.300903 -19.696823 0.000000 0.000000 0.000000 89.472473 0.177037 10.053071 58.519848 -10.333035 5.190384 -1.143424 14.660946 92.022736 -14.657430 1.523956 0.533336 6.341411 -1.379853 41.831242 -0.000005 0.000005 -15.579372 -0.000001 0.000050 -10.843640 0.000013 0.000002 -0.000016 -9.579543 -0.023957 2.622506 -0.830498 -0.072556 0.119743 -0.854326 -0.063597 0.083657 -0.000011 0.000016 -0.000005 -9.327829 -0.018842 -2.871987 -0.870134 -0.045644 0.052206 -0.767541 -0.024215 0.057782 -0.000005 0.000112 0.000003 -7.674539 0.028012 -10.610354 -0.598822 0.087429 -0.142391 -0.507434 0.051580 -0.093281 0.000012 0.000402 -0.000009 -5.328339 0.135305 -18.693670 0.252783 0.268173 -0.372336 0.338421 0.170452 -0.330276 -0.000006 0.000005 -0.000005 0.000000 0.000000 0.000000 0.000000 0.000000 0.000000 -87.429237 -0.132504 3.890532 -71.938042 0.013894 -10.312758 0.394018 -16.211374 110.014740 -2.613510 -22.543917 5.114284 -5.417056 1.045964 42.330025 0.000014 0.000014 -13.499104 0.000013 -0.000015 -9.505093 0.000966 0.000021 0.001735 12.911725 -0.030269 8.392168 -0.703609 -0.025406 0.058578 -0.874787 -0.006792 0.053923 -0.000005 0.000379 -0.000006 10.456106 -0.015862 1.242109 -1.284499 -0.022882 0.005456 -1.008981 -0.001965 0.006614 0.001028 0.000000 0.000132 4.162465 0.052264 -9.014480 -2.225498 0.055939 -0.033004 -1.970974 0.013489 -0.015067 -0.001170 0.000022 0.000004 -1.036626 0.158420 -19.448862 -4.228112 0.104661 0.071516 -4.099732 0.039423 0.055530 0.000207 0.000010 -0.000045 0.000000 0.000000 0.000000 0.000000 0.000000 0.000000 -5.974918 -13.781669 21.437777 -0.133875 -1.039629 4.513868 1.261587 -9.826444 15.184587 -1.308204 1.149099 -16.198034 0.000000 0.000000 0.000000 0.000000 0.000000 0.000000 0.000000 0.000000 0.000000 3.042234 -2.926367 13.948976 0.152288 0.754984 10.033678 -0.476579 1.351194 16.140381 0.566158 -0.987675 -19.664417 0.000000 0.000000 0.000000 0.000000 0.000000 0.000000 0.000000 0.000000 0.000000 
-0.372878 88.237709 5.218878 0.548779 0.971294 -14.875235 1.681988 -0.110448 8.895248 1.031715 -0.093936 1.536454 -1.907397 1.308040 7.878056 -1.362466 0.333212 4.727924 -2.309964 0.828791 1.931155 0.012755 0.345799 -4.752609 -0.528953 -1.314843 -19.701231 0.000000 0.000000 0.000000 89.463356 0.171362 10.007305 58.365959 -9.988660 5.198837 -1.138263 14.649303 92.174019 -14.163257 2.254032 0.629449 6.442612 -1.396353 41.783112 -0.000005 0.000005 -15.814600 -0.000002 0.000050 -11.007049 0.000012 0.000002 -0.000016 -9.146337 -0.022596 2.457313 -0.819121 -0.073957 0.126472 -0.848336 -0.065200 0.089187 -0.000010 0.000016 -0.000005 -8.847763 -0.018849 -2.981761 -0.857257 -0.046334 0.054473 -0.754147 -0.024785 0.059539 -0.000005 0.000112 0.000003 -7.071540 0.027912 -10.631616 -0.546110 0.088900 -0.144258 -0.452149 0.052359 -0.094623 0.000011 0.000373 -0.000009 -4.657892 0.136144 -18.660791 0.342775 0.269982 -0.374836 0.424867 0.171701 -0.332588 0.000005 0.000005 -0.000005 0.000000 0.000000 0.000000 0.000000 0.000000 0.000000 -87.458359 -0.121382 3.786871 -72.057632 -0.560891 -10.312212 0.345582 -16.427397 109.854942 -3.903739 -24.936190 5.480354 -5.618496 1.076222 42.234798 0.000014 0.000014 -13.992640 0.000015 -0.000015 -9.843589 0.000987 0.000021 0.001725 11.808373 -0.029886 7.972388 -0.787759 -0.025698 0.066227 -0.956338 -0.006771 0.061388 -0.000005 0.000360 -0.000006 9.307852 -0.015838 0.947764 -1.387738 -0.023048 0.008578 -1.111737 -0.001935 0.009096 0.001034 0.000000 0.000134 2.813969 0.051108 -9.123497 -2.462029 0.055240 -0.038490 -2.199641 0.012919 -0.019375 -0.001191 0.000022 0.000004 -2.448878 0.154128 -19.431171 -4.569001 0.102294 0.051570 -4.429770 0.037732 0.039062 0.000184 0.000009 -0.000045 0.000000 0.000000 0.000000 0.000000 0.000000 0.000000 -5.938352 -13.786127 21.428627 -0.134221 -1.038714 4.556088 1.250280 -9.806972 15.167759 -1.301613 1.149368 -16.199697 0.000000 0.000000 0.000000 0.000000 0.000000 0.000000 0.000000 0.000000 0.000000 3.080458 -2.953662 13.900508 0.152534 0.752205 10.124383 -0.501860 1.372494 16.112738 0.569849 -0.986588 -19.659769 0.000000 0.000000 0.000000 0.000000 0.000000 0.000000 0.000000 0.000000 0.000000 
-0.384873 88.233322 5.235346 0.532382 0.994439 -14.859282 1.702690 -0.110169 8.894167 1.016383 -0.086399 1.514496 -1.900477 1.330299 7.894284 -1.368640 0.338090 4.703648 -2.310874 0.799351 1.922971 0.002311 0.320791 -4.747241 -0.540864 -1.329210 -19.706778 0.000000 0.000000 0.000000 89.454536 0.164774 9.962757 58.215118 -9.645441 5.207647 -1.135542 14.635295 92.407486 -13.632179 3.008454 0.740640 6.553735 -1.413977 41.730343 -0.000005 0.000005 -16.073742 -0.000002 0.000049 -11.187497 0.000012 0.000001 -0.000016 -8.657949 -0.021335 2.283763 -0.789233 -0.075465 0.132474 -0.824336 -0.066865 0.094078 -0.000010 0.000017 -0.000006 -8.313376 -0.018962 -3.100862 -0.825704 -0.047033 0.056347 -0.722153 -0.025348 0.060985 -0.000005 0.000113 0.000003 -6.416863 0.027929 -10.663415 -0.472576 0.090297 -0.145570 -0.376593 0.053063 -0.095515 0.000011 0.000343 -0.000009 -3.945298 0.137121 -18.639269 0.450981 0.271557 -0.375341 0.528876 0.172765 -0.333668 0.000015 0.000005 -0.000005 0.000000 0.000000 0.000000 0.000000 0.000000 0.000000 -87.485001 -0.109670 3.688661 -72.184784 -1.140480 -10.303839 0.294854 -16.635651 109.639450 -5.181149 -27.317217 5.841028 -5.815731 1.106028 42.141266 0.000014 0.000014 -14.474005 0.000017 -0.000014 -10.173466 0.001007 0.000021 0.001699 10.739277 -0.029486 7.555809 -0.869979 -0.025997 0.073839 -1.036924 -0.006749 0.068714 -0.000004 0.000336 -0.000006 8.195033 -0.015794 0.656274 -1.489568 -0.023231 0.011647 -1.213774 -0.001919 0.011471 0.001032 0.000000 0.000136 1.508917 0.049995 -9.228905 -2.696619 0.054640 -0.044007 -2.426414 0.012369 -0.023716 -0.001213 0.000022 0.000004 -3.815427 0.149973 -19.408367 -4.907960 0.100044 0.030892 -4.758119 0.036088 0.022185 0.000155 0.000009 -0.000045 0.000000 0.000000 0.000000 0.000000 0.000000 0.000000 -5.899234 -13.782857 21.415531 -0.134586 -1.038055 4.601357 1.240088 -9.785780 15.147724 -1.295750 1.150287 -16.199259 0.000000 0.000000 0.000000 0.000000 0.000000 0.000000 0.000000 0.000000 0.000000 3.119651 -2.976534 13.851751 0.152708 0.749237 10.213056 -0.529374 1.393865 16.087355 0.573549 -0.985241 -19.654125 0.000000 0.000000 0.000000 0.000000 0.000000 0.000000 0.000000 0.000000 0.000000 
-0.395500 88.229691 5.250916 0.515482 1.019150 -14.843196 1.723538 -0.109936 8.895304 0.999684 -0.078677 1.489631 -1.887770 1.346896 7.918637 -1.376216 0.341721 4.675936 -2.310512 0.769843 1.907630 -0.007866 0.295230 -4.745090 -0.552466 -1.343465 -19.712667 0.000000 0.000000 0.000000 89.443451 0.158373 9.923296 58.073364 -9.285432 5.216430 -1.134624 14.618155 92.700569 -13.065432 3.800501 0.856815 6.674175 -1.432455 41.673309 -0.000005 0.000005 -16.356075 -0.000002 0.000049 -11.384256 0.000012 0.000001 -0.000017 -8.120734 -0.020226 2.100080 -0.738095 -0.077202 0.138031 -0.779265 -0.068711 0.098645 -0.000010 0.000017 -0.000006 -7.731769 -0.019203 -3.230903 -0.772348 -0.047785 0.057925 -0.668512 -0.025922 0.062206 -0.000005 0.000113 0.000003 -5.720114 0.028132 -10.709473 -0.375796 0.091647 -0.146458 -0.277906 0.053745 -0.096031 0.000011 0.000311 -0.000008 -3.202780 0.138327 -18.634165 0.580040 0.273054 -0.373924 0.653564 0.173763 -0.333520 0.000024 0.000005 -0.000005 0.000000 0.000000 0.000000 0.000000 0.000000 0.000000 -87.509201 -0.096630 3.604067 -72.317184 -1.723972 -10.288321 0.242562 -16.833973 109.372993 -6.487992 -29.662981 6.208033 -6.000211 1.134204 42.053154 0.000013 0.000014 -14.922954 0.000020 -0.000014 -10.480978 0.001023 0.000021 0.001656 9.749599 -0.029086 7.155847 -0.935630 -0.026611 0.079931 -1.102384 -0.007049 0.074617 -0.000004 0.000308 -0.000006 7.164935 -0.015773 0.374263 -1.576329 -0.023552 0.014112 -1.301470 -0.002015 0.013302 0.001018 0.000000 0.000138 0.298404 0.048981 -9.332850 -2.914192 0.054291 -0.048963 -2.636297 0.011961 -0.027620 -0.001234 0.000022 0.000004 -5.087865 0.146232 -19.393326 -5.231418 0.098261 0.010946 -5.071875 0.034795 0.006159 0.000122 0.000009 -0.000046 0.000000 0.000000 0.000000 0.000000 0.000000 0.000000 -5.856738 -13.772192 21.401888 -0.134901 -1.037560 4.647488 1.230497 -9.766959 15.124883 -1.290677 1.152019 -16.196230 0.000000 0.000000 0.000000 0.000000 0.000000 0.000000 0.000000 0.000000 0.000000 3.159274 -2.997066 13.804205 0.152810 0.746106 10.297017 -0.557033 1.415955 16.067842 0.577128 -0.983486 -19.646969 0.000000 0.000000 0.000000 0.000000 0.000000 0.000000 0.000000 0.000000 0.000000 
-0.404590 88.227432 5.265084 0.498488 1.045005 -14.826285 1.744923 -0.109855 8.896738 0.983515 -0.071775 1.462608 -1.869812 1.359011 7.949001 -1.387030 0.344363 4.646468 -2.310851 0.737294 1.884794 -0.018074 0.265556 -4.746445 -0.561431 -1.356877 -19.718733 0.000000 0.000000 0.000000 89.428757 0.152348 9.890243 57.939590 -8.904290 5.227273 -1.134966 14.599655 93.031456 -12.451171 4.633200 0.965967 6.802735 -1.451617 41.612537 -0.000005 0.000006 -16.659006 -0.000002 0.000049 -11.595222 0.000012 0.000001 -0.000017 -7.541727 -0.019257 1.906159 -0.664590 -0.079292 0.143181 -0.711583 -0.070853 0.102976 -0.000009 0.000017 -0.000007 -7.111272 -0.019559 -3.372023 -0.696094 -0.048645 0.059257 -0.591991 -0.026538 0.063262 -0.000005 0.000114 0.000003 -4.993974 0.028513 -10.771377 -0.256505 0.093000 -0.147066 -0.156279 0.054470 -0.096277 0.000011 0.000271 -0.000008 -2.445529 0.139764 -18.648493 0.728446 0.274738 -0.371067 0.797798 0.174905 -0.332427 0.000032 0.000005 -0.000005 0.000000 0.000000 0.000000 0.000000 0.000000 0.000000 -87.530792 -0.081826 3.536626 -72.449821 -2.310357 -10.267491 0.189333 -17.023872 109.068329 -7.856905 -31.934885 6.598065 -6.165901 1.159884 41.973301 0.000013 0.000014 -15.324811 0.000023 -0.000014 -10.756331 0.001034 0.000020 0.001596 8.871282 -0.028659 6.781505 -0.975835 -0.027813 0.083254 -1.143847 -0.007954 0.078002 -0.000003 0.000277 -0.000006 6.251024 -0.015783 0.105891 -1.639217 -0.024117 0.015479 -1.365840 -0.002311 0.014207 0.000993 -0.000000 0.000141 -0.780762 0.048080 -9.438069 -3.103249 0.054376 -0.052703 -2.817948 0.011839 -0.030598 -0.001254 0.000021 0.000004 -6.231005 0.143015 -19.395998 -5.527470 0.097397 -0.006298 -5.359192 0.034226 -0.007463 0.000085 0.000008 -0.000046 0.000000 0.000000 0.000000 0.000000 0.000000 0.000000 -5.811666 -13.754788 21.389122 -0.135129 -1.037066 4.691092 1.220915 -9.753241 15.101141 -1.286470 1.154451 -16.191196 0.000000 0.000000 0.000000 0.000000 0.000000 0.000000 0.000000 0.000000 0.000000 3.198391 -3.015749 13.757970 0.152832 0.742831 10.373245 -0.583516 1.438819 16.057241 0.580145 -0.981454 -19.638910 0.000000 0.000000 0.000000 0.000000 0.000000 0.000000 0.000000 0.000000 0.000000 
-0.411789 88.226311 5.277857 0.481491 1.072315 -14.806415 1.766031 -0.110028 8.897999 0.967278 -0.065786 1.433451 -1.846944 1.364226 7.982437 -1.399546 0.346154 4.615034 -2.307566 0.705727 1.855506 -0.027323 0.237091 -4.749843 -0.568368 -1.368596 -19.722031 0.000000 0.000000 0.000000 89.412529 0.145553 9.862861 57.822487 -8.521784 5.243434 -1.135692 14.590304 93.380051 -11.802804 5.501215 1.056180 6.936578 -1.471121 41.549458 -0.000005 0.000006 -16.974976 -0.000002 0.000049 -11.814901 0.000011 0.000001 -0.000017 -6.932017 -0.018495 1.704853 -0.565702 -0.081645 0.147268 -0.618125 -0.073156 0.106502 -0.000009 0.000018 -0.000007 -6.464730 -0.020032 -3.521032 -0.594598 -0.049578 0.060130 -0.490048 -0.027180 0.063996 -0.000005 0.000115 0.000003 -4.255021 0.028990 -10.843491 -0.114626 0.094294 -0.147222 -0.011681 0.055180 -0.096154 0.000011 0.000223 -0.000007 -1.690380 0.141277 -18.675959 0.894167 0.276430 -0.366436 0.959453 0.176041 -0.330126 0.000039 0.000005 -0.000005 0.000000 0.000000 0.000000 0.000000 0.000000 0.000000 -87.548981 -0.066026 3.483077 -72.583450 -2.876851 -10.247907 0.135730 -17.203915 108.735390 -9.220741 -34.095802 6.995653 -6.310881 1.182851 41.902657 0.000012 0.000014 -15.675113 0.000026 -0.000014 -10.996681 0.001042 0.000020 0.001521 8.109113 -0.028195 6.428501 -0.994598 -0.029524 0.083754 -1.165102 -0.009371 0.078757 -0.000003 0.000244 -0.000006 5.458504 -0.015797 -0.151239 -1.680970 -0.024899 0.015694 -1.409430 -0.002801 0.014163 0.000958 -0.000000 0.000144 -1.720804 0.047320 -9.545179 -3.262666 0.054930 -0.054979 -2.970751 0.012013 -0.032446 -0.001270 0.000021 0.000004 -7.235947 0.140350 -19.412748 -5.791546 0.097539 -0.019674 -5.614942 0.034424 -0.017697 0.000044 0.000008 -0.000046 0.000000 0.000000 0.000000 0.000000 0.000000 0.000000 -5.765336 -13.729834 21.376284 -0.135225 -1.036366 4.728583 1.211602 -9.744834 15.078523 -1.282980 1.157471 -16.185591 0.000000 0.000000 0.000000 0.000000 0.000000 0.000000 0.000000 0.000000 0.000000 3.237037 -3.034804 13.711077 0.152851 0.739623 10.442116 -0.610520 1.459862 16.054016 0.582340 -0.979735 -19.631794 0.000000 0.000000 0.000000 0.000000 0.000000 0.000000 0.000000 0.000000 0.000000 
-0.417084 88.226028 5.289278 0.464653 1.102630 -14.784202 1.786440 -0.110182 8.899468 0.951090 -0.060328 1.403001 -1.820328 1.363292 8.019521 -1.413075 0.347477 4.581860 -2.297154 0.676855 1.816370 -0.034746 0.212272 -4.756457 -0.573543 -1.378141 -19.718979 0.000000 0.000000 0.000000 89.396873 0.137484 9.843679 57.732574 -8.149957 5.264164 -1.136193 14.597053 93.717522 -11.147194 6.402270 1.121618 7.073335 -1.490467 41.485439 -0.000005 0.000007 -17.298065 -0.000003 0.000048 -12.039191 0.000011 0.000001 -0.000017 -6.302535 -0.017976 1.498265 -0.439610 -0.083991 0.149821 -0.497056 -0.075342 0.108785 -0.000009 0.000018 -0.000007 -5.803530 -0.020619 -3.674982 -0.466355 -0.050467 0.060358 -0.361247 -0.027767 0.064262 -0.000005 0.000116 0.000003 -3.516025 0.029540 -10.921067 0.050660 0.095392 -0.146724 0.156390 0.055765 -0.095512 0.000011 0.000167 -0.000007 -0.949290 0.142743 -18.709719 1.077813 0.277723 -0.359525 1.139154 0.176814 -0.326144 0.000043 0.000005 -0.000005 0.000000 0.000000 0.000000 0.000000 0.000000 0.000000 -87.562935 -0.049803 3.443057 -72.714798 -3.402027 -10.233295 0.083019 -17.370419 108.384705 -10.535250 -36.120960 7.385934 -6.434820 1.202933 41.841606 0.000012 0.000014 -15.973588 0.000028 -0.000015 -11.202020 0.001048 0.000020 0.001435 7.459191 -0.027716 6.096009 -0.996289 -0.031489 0.082176 -1.170604 -0.011043 0.077553 -0.000003 0.000211 -0.000006 4.784001 -0.015812 -0.397050 -1.705260 -0.025805 0.015061 -1.435894 -0.003413 0.013434 0.000919 -0.000000 0.000147 -2.523290 0.046737 -9.653249 -3.394255 0.055811 -0.056066 -3.096833 0.012381 -0.033353 -0.001277 0.000021 0.000004 -8.103083 0.138233 -19.439936 -6.023418 0.098385 -0.029756 -5.839281 0.035128 -0.024933 -0.000000 0.000008 -0.000046 0.000000 0.000000 0.000000 0.000000 0.000000 0.000000 -5.718898 -13.698391 21.365461 -0.135153 -1.035449 4.756976 1.202926 -9.743112 15.058023 -1.280204 1.161190 -16.179825 0.000000 0.000000 0.000000 0.000000 0.000000 0.000000 0.000000 0.000000 0.000000 3.274629 -3.056963 13.663627 0.152922 0.736689 10.503928 -0.637910 1.476547 16.057323 0.583670 -0.978439 -19.626266 0.000000 0.000000 0.000000 0.000000 0.000000 0.000000 0.000000 0.000000 0.000000 
-0.420483 88.226440 5.299641 0.448543 1.137893 -14.761093 1.806039 -0.110200 8.901401 0.935423 -0.055211 1.371870 -1.791477 1.359001 8.061106 -1.427266 0.348735 4.548272 -2.277500 0.649381 1.767870 -0.039445 0.190610 -4.765768 -0.576246 -1.385408 -19.707878 0.000000 0.000000 0.000000 89.383461 0.127781 9.833927 57.679638 -7.794917 5.285142 -1.136282 14.620673 94.016838 -10.505713 7.338376 1.160145 7.210520 -1.509441 41.421432 -0.000005 0.000007 -17.622971 -0.000003 0.000048 -12.264426 0.000011 0.000001 -0.000017 -5.660306 -0.017693 1.287771 -0.291046 -0.086248 0.150940 -0.353045 -0.077346 0.109886 -0.000009 0.000018 -0.000007 -5.134241 -0.021295 -3.831687 -0.315731 -0.051276 0.059968 -0.210168 -0.028272 0.064077 -0.000005 0.000118 0.000003 -2.783453 0.030131 -11.000035 0.236218 0.096268 -0.145524 0.344480 0.056192 -0.094313 0.000012 0.000105 -0.000007 -0.227301 0.144063 -18.742929 1.277944 0.278488 -0.350157 1.335430 0.177125 -0.320282 0.000045 0.000006 -0.000005 0.000000 0.000000 0.000000 0.000000 0.000000 0.000000 -87.573524 -0.033616 3.416170 -72.841118 -3.872752 -10.225576 0.032861 -17.520891 108.032600 -11.780867 -37.987133 7.765898 -6.538609 1.220276 41.789703 0.000012 0.000014 -16.223000 0.000030 -0.000015 -11.374187 0.001054 0.000020 0.001346 6.908412 -0.027229 5.784506 -0.984791 -0.033596 0.078880 -1.164239 -0.012872 0.074774 -0.000002 0.000176 -0.000006 4.216017 -0.015834 -0.630682 -1.715765 -0.026793 0.013748 -1.448924 -0.004109 0.012173 0.000877 -0.000000 0.000151 -3.198117 0.046308 -9.760222 -3.501379 0.056945 -0.056141 -3.199569 0.012895 -0.033467 -0.001275 0.000020 0.000004 -8.840399 0.136476 -19.473230 -6.224921 0.099816 -0.037037 -6.034390 0.036235 -0.029622 -0.000047 0.000008 -0.000046 0.000000 0.000000 0.000000 0.000000 0.000000 0.000000 -5.674157 -13.663941 21.359835 -0.134920 -1.034448 4.774064 1.194801 -9.750882 15.040271 -1.278369 1.165652 -16.173349 0.000000 0.000000 0.000000 0.000000 0.000000 0.000000 0.000000 0.000000 0.000000 3.310178 -3.082960 13.617214 0.153061 0.734115 10.557442 -0.664504 1.485997 16.066681 0.584130 -0.977604 -19.622017 0.000000 0.000000 0.000000 0.000000 0.000000 0.000000 0.000000 0.000000 0.000000 
-0.421970 88.227707 5.309045 0.434788 1.179473 -14.737886 1.825045 -0.109952 8.902924 0.921723 -0.050528 1.340550 -1.763319 1.356588 8.106962 -1.442957 0.350601 4.516290 -2.250412 0.618668 1.712613 -0.041086 0.168069 -4.777122 -0.574855 -1.390994 -19.689924 0.000000 0.000000 0.000000 89.373047 0.116392 9.834285 57.667030 -7.454008 5.300161 -1.135836 14.657769 94.253998 -9.879613 8.315338 1.170406 7.346862 -1.527917 41.357853 -0.000005 0.000008 -17.947229 -0.000003 0.000048 -12.489196 0.000010 0.000001 -0.000017 -5.009698 -0.017538 1.075846 -0.126215 -0.088311 0.150908 -0.192173 -0.079117 0.110067 -0.000008 0.000019 -0.000008 -4.459857 -0.022012 -3.988268 -0.148198 -0.051981 0.059073 -0.042477 -0.028667 0.063525 -0.000005 0.000120 0.000003 -2.059200 0.030732 -11.077497 0.437692 0.096895 -0.143739 0.548124 0.056462 -0.092636 0.000012 0.000037 -0.000006 0.476232 0.145243 -18.771646 1.492370 0.278690 -0.338741 1.546188 0.176948 -0.312711 0.000044 0.000006 -0.000005 0.000000 0.000000 0.000000 0.000000 0.000000 0.000000 -87.584244 -0.017227 3.401341 -72.953598 -4.287092 -10.223330 -0.013393 -17.654612 107.698769 -12.978478 -39.670612 8.152960 -6.623688 1.234952 41.746418 0.000012 0.000014 -16.426695 0.000032 -0.000015 -11.515705 0.001056 0.000020 0.001262 6.446802 -0.026704 5.502230 -0.961238 -0.035787 0.074050 -1.146915 -0.014819 0.070652 -0.000002 0.000141 -0.000006 3.745652 -0.015856 -0.846082 -1.713880 -0.027833 0.011861 -1.449717 -0.004866 0.010458 0.000834 -0.000000 0.000155 -3.752563 0.045980 -9.862691 -3.585346 0.058276 -0.055304 -3.280106 0.013531 -0.032911 -0.001268 0.000020 0.000004 -9.452535 0.134888 -19.511139 -6.396405 0.101742 -0.041721 -6.200928 0.037682 -0.032073 -0.000094 0.000007 -0.000046 0.000000 0.000000 0.000000 0.000000 0.000000 0.000000 -5.634591 -13.631724 21.361620 -0.134640 -1.033729 4.779150 1.187853 -9.770598 15.025455 -1.278010 1.170739 -16.165487 0.000000 0.000000 0.000000 0.000000 0.000000 0.000000 0.000000 0.000000 0.000000 3.340704 -3.111880 13.572334 0.153219 0.731843 10.601728 -0.687779 1.486736 16.082294 0.583597 -0.977159 -19.618479 0.000000 0.000000 0.000000 0.000000 0.000000 0.000000 0.000000 0.000000 0.000000 
-0.421426 88.230179 5.317515 0.425463 1.227676 -14.713972 1.843450 -0.109337 8.902399 0.911811 -0.046514 1.309595 -1.739930 1.361108 8.154822 -1.461143 0.353892 4.487578 -2.218956 0.580313 1.653477 -0.039842 0.140675 -4.790186 -0.568170 -1.395679 -19.667915 0.000000 0.000000 0.000000 89.365494 0.103156 9.844263 57.692192 -7.129085 5.303369 -1.134557 14.704550 94.414742 -9.258297 9.332299 1.149132 7.481443 -1.545947 41.294895 -0.000005 0.000008 -18.269079 -0.000003 0.000048 -12.712379 0.000010 0.000001 -0.000017 -4.352796 -0.017353 0.864791 0.050105 -0.090230 0.149934 -0.019047 -0.080748 0.109511 -0.000008 0.000019 -0.000008 -3.780775 -0.022711 -4.141779 0.031646 -0.052624 0.057796 0.137298 -0.028976 0.062689 -0.000005 0.000122 0.000003 -1.341850 0.031297 -11.150261 0.650592 0.097361 -0.141578 0.762980 0.056650 -0.090623 0.000012 -0.000034 -0.000006 1.164812 0.146242 -18.792484 1.717559 0.278653 -0.326160 1.767978 0.176551 -0.303951 0.000041 0.000006 -0.000005 0.000000 0.000000 0.000000 0.000000 0.000000 0.000000 -87.598000 -0.000309 3.395179 -73.042984 -4.646306 -10.224008 -0.055027 -17.771797 107.402245 -14.152091 -41.145042 8.566357 -6.691624 1.247105 41.711128 0.000011 0.000014 -16.588221 0.000034 -0.000015 -11.629251 0.001053 0.000020 0.001189 6.065141 -0.026043 5.256791 -0.926698 -0.038096 0.067800 -1.119222 -0.016936 0.065345 -0.000002 0.000109 -0.000007 3.363809 -0.015849 -1.037070 -1.700569 -0.028933 0.009447 -1.438808 -0.005684 0.008328 0.000790 -0.000000 0.000159 -4.195102 0.045681 -9.957228 -3.646833 0.059832 -0.053534 -3.338918 0.014315 -0.031719 -0.001257 0.000020 0.000005 -9.944905 0.133264 -19.552347 -6.537326 0.104299 -0.043319 -6.338201 0.039585 -0.032106 -0.000137 0.000007 -0.000046 0.000000 0.000000 0.000000 0.000000 0.000000 0.000000 -5.604505 -13.606620 21.371063 -0.134465 -1.033685 4.772289 1.183286 -9.802925 15.013612 -1.279688 1.176203 -16.156467 0.000000 0.000000 0.000000 0.000000 0.000000 0.000000 0.000000 0.000000 0.000000 3.362555 -3.142707 13.527755 0.153324 0.729722 10.637154 -0.705672 1.478631 16.104305 0.581864 -0.977078 -19.616026 0.000000 0.000000 0.000000 0.000000 0.000000 0.000000 0.000000 0.000000 0.000000 
-0.418483 88.233734 5.325426 0.421785 1.282525 -14.687532 1.860423 -0.108439 8.900018 0.905434 -0.043000 1.278309 -1.724880 1.374063 8.201476 -1.479945 0.359372 4.462114 -2.179761 0.535437 1.593434 -0.035248 0.110570 -4.803630 -0.557135 -1.399473 -19.642622 0.000000 0.000000 0.000000 89.361572 0.087433 9.860784 57.753910 -6.841573 5.294148 -1.131589 14.762616 94.487869 -8.650158 10.378186 1.089353 7.612393 -1.563429 41.233383 -0.000005 0.000009 -18.583433 -0.000003 0.000048 -12.930332 0.000010 0.000001 -0.000017 -3.698806 -0.017126 0.658772 0.235535 -0.091918 0.147611 0.163986 -0.082143 0.107807 -0.000008 0.000019 -0.000008 -3.106130 -0.023373 -4.287898 0.220914 -0.053184 0.056037 0.326448 -0.029196 0.061485 -0.000005 0.000123 0.000003 -0.640060 0.031760 -11.212069 0.870535 0.097666 -0.138977 0.984662 0.056740 -0.088245 0.000012 -0.000106 -0.000005 1.831807 0.146915 -18.798750 1.948036 0.278363 -0.312565 1.995200 0.175955 -0.294104 0.000038 0.000006 -0.000005 0.000000 0.000000 0.000000 0.000000 0.000000 0.000000 -87.614761 0.015915 3.390013 -73.111969 -4.943304 -10.229785 -0.091169 -17.872061 107.152916 -15.252471 -42.404175 8.985659 -6.746735 1.257298 41.681961 0.000011 0.000014 -16.718302 0.000035 -0.000015 -11.722393 0.001047 0.000020 0.001135 5.740122 -0.025177 5.043120 -0.891614 -0.040334 0.061052 -1.091003 -0.019030 0.059636 -0.000001 0.000080 -0.000007 3.046218 -0.015763 -1.205060 -1.685100 -0.030017 0.006819 -1.425156 -0.006511 0.006036 0.000748 -0.000001 0.000163 -4.550839 0.045381 -10.041008 -3.694447 0.061551 -0.051038 -3.384717 0.015201 -0.030054 -0.001243 0.000020 0.000005 -10.339149 0.131455 -19.588367 -6.653792 0.107364 -0.041801 -6.451715 0.041844 -0.029821 -0.000177 0.000007 -0.000046 0.000000 0.000000 0.000000 0.000000 0.000000 0.000000 -5.586369 -13.591130 21.385393 -0.134463 -1.034490 4.754152 1.181522 -9.845304 15.004051 -1.283415 1.181823 -16.146761 0.000000 0.000000 0.000000 0.000000 0.000000 0.000000 0.000000 0.000000 0.000000 3.374460 -3.175107 13.481219 0.153377 0.727703 10.665242 -0.719533 1.461604 16.129972 0.579113 -0.977726 -19.615461 0.000000 0.000000 0.000000 0.000000 0.000000 0.000000 0.000000 0.000000 0.000000 
-0.413331 88.238564 5.332654 0.424191 1.344619 -14.658773 1.876210 -0.107131 8.896030 0.902694 -0.039579 1.248342 -1.720144 1.397058 8.246246 -1.499135 0.367391 4.439626 -2.134567 0.483579 1.529192 -0.027749 0.076788 -4.819539 -0.542246 -1.402725 -19.614208 0.000000 0.000000 0.000000 89.360680 0.069630 9.884227 57.848373 -6.599219 5.267727 -1.126965 14.829585 94.468109 -8.066351 11.430653 0.995970 7.737860 -1.579994 41.174404 -0.000005 0.000009 -18.885603 -0.000003 0.000047 -13.139835 0.000009 0.000001 -0.000017 -3.059089 -0.016803 0.464634 0.427122 -0.093197 0.143782 0.354040 -0.083147 0.104768 -0.000008 0.000019 -0.000008 -2.447546 -0.023970 -4.420839 0.415980 -0.053592 0.053748 0.521441 -0.029284 0.059859 -0.000005 0.000125 0.000003 0.034546 0.032119 -11.259521 1.092456 0.097771 -0.135968 1.208089 0.056700 -0.085517 0.000012 -0.000172 -0.000005 2.466897 0.147193 -18.788692 2.178133 0.277780 -0.298403 2.222266 0.175114 -0.283468 0.000033 0.000006 -0.000005 0.000000 0.000000 0.000000 0.000000 0.000000 0.000000 -87.632973 0.030889 3.384864 -73.158630 -5.183375 -10.235017 -0.120708 -17.956839 106.957298 -16.281755 -43.448647 9.411815 -6.790421 1.265584 41.658386 0.000010 0.000014 -16.820604 0.000035 -0.000015 -11.797722 0.001042 0.000020 0.001099 5.466854 -0.024094 4.866343 -0.857497 -0.042335 0.054582 -1.063689 -0.020943 0.054218 -0.000001 0.000053 -0.000007 2.786192 -0.015584 -1.346110 -1.668594 -0.031011 0.004286 -1.409758 -0.007284 0.003838 0.000708 -0.000001 0.000167 -4.828575 0.045079 -10.112422 -3.729213 0.063319 -0.048171 -3.418486 0.016106 -0.028178 -0.001228 0.000019 0.000005 -10.643830 0.129490 -19.619688 -6.747034 0.110687 -0.037910 -6.542863 0.044257 -0.025848 -0.000213 0.000007 -0.000046 0.000000 0.000000 0.000000 0.000000 0.000000 0.000000 -5.581256 -13.587914 21.404259 -0.134636 -1.036159 4.726237 1.183051 -9.896271 14.996538 -1.289036 1.187435 -16.137064 0.000000 0.000000 0.000000 0.000000 0.000000 0.000000 0.000000 0.000000 0.000000 3.375570 -3.209167 13.431817 0.153339 0.725746 10.687185 -0.728335 1.435708 16.159565 0.575460 -0.978923 -19.616982 0.000000 0.000000 0.000000 0.000000 0.000000 0.000000 0.000000 0.000000 0.000000 
-0.406419 88.244751 5.339134 0.432627 1.414529 -14.627486 1.890888 -0.105405 8.890249 0.903287 -0.035995 1.220986 -1.726396 1.430307 8.288143 -1.518431 0.377962 4.419982 -2.086375 0.425828 1.459266 -0.018031 0.039325 -4.838767 -0.524289 -1.405557 -19.583185 0.000000 0.000000 0.000000 89.361847 0.050049 9.913431 57.969486 -6.409211 5.220702 -1.120872 14.899874 94.355354 -7.519173 12.465679 0.873603 7.854550 -1.595394 41.119221 -0.000005 0.000009 -19.168221 -0.000002 0.000047 -13.335582 0.000009 0.000001 -0.000017 -2.446049 -0.016360 0.288520 0.618170 -0.094123 0.138562 0.544532 -0.083827 0.100449 -0.000008 0.000019 -0.000008 -1.817675 -0.024481 -4.535677 0.609583 -0.053867 0.050999 0.715061 -0.029264 0.057845 -0.000005 0.000126 0.000003 0.669099 0.032372 -11.289660 1.308252 0.097765 -0.132656 1.425143 0.056580 -0.082511 0.000012 -0.000229 -0.000005 3.057136 0.147006 -18.760845 2.399474 0.277196 -0.284223 2.440774 0.174267 -0.272435 0.000027 0.000006 -0.000005 0.000000 0.000000 0.000000 0.000000 0.000000 0.000000 -87.650826 0.044245 3.378896 -73.183716 -5.371505 -10.236133 -0.142909 -18.026428 106.819229 -17.235708 -44.274647 9.838416 -6.823213 1.272132 41.639999 0.000010 0.000014 -16.897150 0.000036 -0.000015 -11.856421 0.001039 0.000020 0.001082 5.241095 -0.022778 4.729604 -0.823957 -0.044106 0.048654 -1.036717 -0.022679 0.049347 -0.000001 0.000027 -0.000007 2.578576 -0.015309 -1.457535 -1.650321 -0.031901 0.001966 -1.391737 -0.007988 0.001835 0.000674 -0.000001 0.000171 -5.034458 0.044762 -10.169753 -3.750695 0.065122 -0.045055 -3.439576 0.017017 -0.026191 -0.001213 0.000019 0.000005 -10.864201 0.127392 -19.646059 -6.816811 0.114290 -0.031856 -6.611261 0.046837 -0.020438 -0.000247 0.000007 -0.000047 0.000000 0.000000 0.000000 0.000000 0.000000 0.000000 -5.589160 -13.598221 21.426741 -0.134958 -1.038610 4.690186 1.188261 -9.953709 14.990881 -1.296252 1.192862 -16.128244 0.000000 0.000000 0.000000 0.000000 0.000000 0.000000 0.000000 0.000000 0.000000 3.365931 -3.245389 13.378900 0.153183 0.723781 10.703822 -0.731788 1.401352 16.193415 0.570963 -0.980484 -19.620979 0.000000 0.000000 0.000000 0.000000 0.000000 0.000000 0.000000 0.000000 0.000000 
-0.398396 88.252258 5.344768 0.446354 1.492877 -14.593406 1.904713 -0.103375 8.882454 0.906460 -0.032037 1.197485 -1.742491 1.472913 8.325819 -1.537444 0.390818 4.403176 -2.038973 0.363625 1.384518 -0.006898 -0.001610 -4.861050 -0.503983 -1.408023 -19.550591 0.000000 0.000000 0.000000 89.364143 0.029110 9.946565 58.110775 -6.274221 5.151340 -1.113505 14.967858 94.153931 -7.021544 13.462233 0.727495 7.959102 -1.609281 41.069324 -0.000005 0.000009 -19.423380 -0.000002 0.000047 -13.512077 0.000009 0.000001 -0.000018 -1.874475 -0.015817 0.138215 0.800783 -0.094706 0.132157 0.727622 -0.084211 0.094995 -0.000008 0.000020 -0.000008 -1.231518 -0.024901 -4.626759 0.793371 -0.054009 0.047879 0.898977 -0.029151 0.055499 -0.000005 0.000126 0.000003 1.247875 0.032534 -11.299664 1.508764 0.097692 -0.129143 1.626648 0.056405 -0.079303 0.000012 -0.000275 -0.000005 3.586491 0.146363 -18.714600 2.602811 0.276747 -0.270444 2.641426 0.173531 -0.261331 0.000021 0.000006 -0.000005 0.000000 0.000000 0.000000 0.000000 0.000000 0.000000 -87.667145 0.055838 3.371416 -73.187416 -5.513164 -10.230526 -0.157571 -18.081871 106.739113 -18.109331 -44.881241 10.257537 -6.845406 1.276983 41.626606 0.000010 0.000014 -16.948957 0.000036 -0.000015 -11.898945 0.001040 0.000020 0.001080 5.062825 -0.021271 4.636414 -0.789435 -0.045647 0.043390 -1.008344 -0.024232 0.045133 -0.000001 -0.000001 -0.000007 2.422513 -0.014956 -1.536458 -1.628391 -0.032671 -0.000074 -1.369010 -0.008608 0.000079 0.000647 -0.000001 0.000174 -5.169138 0.044426 -10.211130 -3.756838 0.066928 -0.041746 -3.445641 0.017912 -0.024160 -0.001200 0.000019 0.000005 -11.000292 0.125239 -19.667398 -6.861250 0.118127 -0.023780 -6.654917 0.049549 -0.013770 -0.000278 0.000006 -0.000047 0.000000 0.000000 0.000000 0.000000 0.000000 0.000000 -5.608685 -13.621798 21.451347 -0.135377 -1.041653 4.648408 1.196993 -10.014634 14.986876 -1.304618 1.197878 -16.121138 0.000000 0.000000 0.000000 0.000000 0.000000 0.000000 0.000000 0.000000 0.000000 3.346539 -3.284163 13.322032 0.152899 0.721739 10.716152 -0.730080 1.359777 16.231562 0.565674 -0.982263 -19.627684 0.000000 0.000000 0.000000 0.000000 0.000000 0.000000 0.000000 0.000000 0.000000 
-0.389495 88.260773 5.349608 0.464719 1.580561 -14.555998 1.917138 -0.101323 8.873716 0.910397 -0.027614 1.178106 -1.766138 1.522068 8.357107 -1.554793 0.405479 4.389255 -1.992055 0.300850 1.309761 0.005337 -0.042921 -4.883477 -0.482604 -1.409789 -19.517057 0.000000 0.000000 0.000000 89.367325 0.006831 9.979908 58.264214 -6.202146 5.066225 -1.104530 15.033197 93.871773 -6.589291 14.401474 0.558856 8.048244 -1.621345 41.026226 -0.000005 0.000009 -19.642660 -0.000002 0.000047 -13.663462 0.000009 0.000001 -0.000018 -1.361172 -0.015256 0.020290 0.966237 -0.094947 0.124781 0.894441 -0.084292 0.088549 -0.000008 0.000020 -0.000009 -0.706719 -0.025236 -4.690175 0.958371 -0.054016 0.044501 1.064283 -0.028969 0.052901 -0.000005 0.000127 0.000003 1.753094 0.032609 -11.287649 1.684379 0.097554 -0.125518 1.802982 0.056176 -0.075988 0.000012 -0.000309 -0.000004 4.038154 0.145266 -18.650141 2.778351 0.276382 -0.257353 2.814279 0.172897 -0.250517 0.000013 0.000006 -0.000005 0.000000 0.000000 0.000000 0.000000 0.000000 0.000000 -87.680817 0.065000 3.359027 -73.175171 -5.612080 -10.216697 -0.164999 -18.125072 106.710258 -18.858438 -45.288231 10.641671 -6.859289 1.280468 41.617195 0.000009 0.000014 -16.981644 0.000037 -0.000015 -11.928887 0.001044 0.000021 0.001092 4.921419 -0.019627 4.580033 -0.758386 -0.046889 0.039060 -0.982815 -0.025520 0.041761 -0.000001 -0.000030 -0.000007 2.306400 -0.014533 -1.586901 -1.606764 -0.033285 -0.001735 -1.345669 -0.009124 -0.001359 0.000628 -0.000002 0.000177 -5.245287 0.044078 -10.236803 -3.752258 0.068682 -0.038338 -3.441088 0.018755 -0.022158 -0.001190 0.000019 0.000005 -11.064672 0.123087 -19.679897 -6.884694 0.122060 -0.013971 -6.677909 0.052292 -0.006128 -0.000307 0.000006 -0.000047 0.000000 0.000000 0.000000 0.000000 0.000000 0.000000 -5.637869 -13.657084 21.474960 -0.135815 -1.044943 4.604259 1.208164 -10.075959 14.984215 -1.313572 1.202198 -16.116646 0.000000 0.000000 0.000000 0.000000 0.000000 0.000000 0.000000 0.000000 0.000000 3.319232 -3.324767 13.260724 0.152511 0.719637 10.725253 -0.724406 1.311506 16.272593 0.559724 -0.984350 -19.636517 0.000000 0.000000 0.000000 0.000000 0.000000 0.000000 0.000000 0.000000 0.000000 
-0.379979 88.270058 5.353715 0.486601 1.678981 -14.516187 1.928307 -0.099388 8.865128 0.913786 -0.022445 1.164365 -1.794419 1.575402 8.381063 -1.569954 0.421382 4.378579 -1.947604 0.240448 1.238076 0.018262 -0.083050 -4.904224 -0.461167 -1.410945 -19.483202 0.000000 0.000000 0.000000 89.371284 -0.016000 10.011583 58.424526 -6.188175 4.969964 -1.094426 15.095460 93.524719 -6.239784 15.268757 0.375673 8.119349 -1.631267 40.991268 -0.000005 0.000009 -19.819374 -0.000001 0.000047 -13.785114 0.000008 0.000001 -0.000018 -0.919926 -0.014752 -0.059181 1.106895 -0.094888 0.116956 1.037215 -0.084124 0.081525 -0.000008 0.000020 -0.000009 -0.257794 -0.025494 -4.722744 1.096823 -0.053898 0.041072 1.203230 -0.028742 0.050200 -0.000005 0.000126 0.000003 2.170798 0.032640 -11.253976 1.827305 0.097375 -0.121975 1.946236 0.055912 -0.072723 0.000012 -0.000332 -0.000004 4.399461 0.143764 -18.570192 2.918538 0.276120 -0.245424 2.951738 0.172407 -0.240478 0.000004 0.000006 -0.000005 0.000000 0.000000 0.000000 0.000000 0.000000 0.000000 -87.691490 0.071620 3.340733 -73.149765 -5.679036 -10.188658 -0.165758 -18.158682 106.725166 -19.463696 -45.520702 10.982126 -6.864887 1.282565 41.611794 0.000009 0.000014 -16.995281 0.000037 -0.000014 -11.945931 0.001051 0.000021 0.001112 4.819054 -0.017944 4.558380 -0.728967 -0.047836 0.035521 -0.958260 -0.026544 0.039075 -0.000001 -0.000064 -0.000007 2.230817 -0.014066 -1.610523 -1.583558 -0.033742 -0.003057 -1.320021 -0.009533 -0.002517 0.000617 -0.000002 0.000179 -5.264642 0.043731 -10.247850 -3.735686 0.070349 -0.034854 -3.424477 0.019526 -0.020189 -0.001184 0.000019 0.000005 -11.060992 0.121051 -19.684212 -6.886899 0.125991 -0.002705 -6.680101 0.055006 0.002314 -0.000335 0.000006 -0.000047 0.000000 0.000000 0.000000 0.000000 0.000000 0.000000 -5.674422 -13.703321 21.496260 -0.136199 -1.048182 4.561288 1.221046 -10.135902 14.982178 -1.322650 1.205624 -16.115166 0.000000 0.000000 0.000000 0.000000 0.000000 0.000000 0.000000 0.000000 0.000000 3.285842 -3.366655 13.195477 0.152031 0.717546 10.732429 -0.714538 1.256627 16.315638 0.553267 -0.986602 -19.646511 0.000000 0.000000 0.000000 0.000000 0.000000 0.000000 0.000000 0.000000 0.000000 
-0.369908 88.279907 5.357255 0.511035 1.789268 -14.474564 1.938070 -0.097820 8.857632 0.915648 -0.016559 1.156704 -1.824362 1.630159 8.397250 -1.582574 0.437775 4.371238 -1.907737 0.184989 1.173437 0.031480 -0.120710 -4.920742 -0.440289 -1.411609 -19.450098 0.000000 0.000000 0.000000 89.375694 -0.038411 10.039228 58.588921 -6.221419 4.866516 -1.084190 15.152761 93.134399 -5.985900 16.053066 0.184128 8.170663 -1.638870 40.965302 -0.000005 0.000010 -19.949102 -0.000001 0.000047 -13.873920 0.000008 0.000001 -0.000018 -0.560338 -0.014401 -0.095677 1.216949 -0.094630 0.109190 1.150154 -0.083809 0.074358 -0.000008 0.000020 -0.000009 0.104980 -0.025690 -4.722468 1.203081 -0.053689 0.037806 1.310188 -0.028511 0.047554 -0.000005 0.000126 0.000003 2.490629 0.032672 -11.199737 1.931887 0.097191 -0.118707 2.050758 0.055648 -0.069671 0.000012 -0.000343 -0.000004 4.660405 0.141916 -18.477905 3.017812 0.276032 -0.235097 3.048307 0.172167 -0.231676 -0.000006 0.000006 -0.000005 0.000000 0.000000 0.000000 0.000000 0.000000 0.000000 -87.699135 0.075567 3.315790 -73.115028 -5.728633 -10.141295 -0.160314 -18.184124 106.777138 -19.907907 -45.598930 11.273024 -6.861244 1.283181 41.610870 0.000009 0.000014 -16.987444 0.000038 -0.000014 -11.948000 0.001060 0.000021 0.001136 4.762278 -0.016320 4.571001 -0.697786 -0.048581 0.032283 -0.931163 -0.027399 0.036620 -0.000001 -0.000101 -0.000007 2.200899 -0.013590 -1.607852 -1.555492 -0.034076 -0.004230 -1.288998 -0.009866 -0.003543 0.000614 -0.000002 0.000182 -5.224643 0.043394 -10.244783 -3.704206 0.071948 -0.031138 -3.392783 0.020256 -0.018125 -0.001182 0.000019 0.000005 -10.988786 0.119224 -19.681168 -6.865792 0.129956 0.010274 -6.659367 0.057756 0.011768 -0.000364 0.000006 -0.000047 0.000000 0.000000 0.000000 0.000000 0.000000 0.000000 -5.716142 -13.759739 21.514870 -0.136476 -1.051120 4.521044 1.234982 -10.193411 14.980260 -1.331620 1.208080 -16.116735 0.000000 0.000000 0.000000 0.000000 0.000000 0.000000 0.000000 0.000000 0.000000 3.248035 -3.408572 13.127260 0.151440 0.715471 10.738487 -0.700495 1.195525 16.359768 0.546357 -0.988911 -19.656603 0.000000 0.000000 0.000000 0.000000 0.000000 0.000000 0.000000 0.000000 0.000000 
-0.359209 88.290131 5.360467 0.537081 1.911791 -14.431323 1.946250 -0.096826 8.851971 0.914987 -0.010077 1.155031 -1.853538 1.683253 8.404578 -1.592285 0.453839 4.367768 -1.874510 0.137739 1.119863 0.044598 -0.153763 -4.930606 -0.420572 -1.411830 -19.419113 0.000000 0.000000 0.000000 89.379021 -0.059324 10.059692 58.758316 -6.291066 4.759555 -1.074867 15.204789 92.726479 -5.842159 16.740345 -0.012094 8.201002 -1.643991 40.949051 -0.000005 0.000010 -20.028767 -0.000000 0.000047 -13.927739 0.000008 0.000001 -0.000018 -0.290826 -0.014337 -0.085935 1.293313 -0.094285 0.101850 1.230336 -0.083446 0.067367 -0.000008 0.000019 -0.000009 0.372650 -0.025863 -4.687928 1.274370 -0.053431 0.034865 1.382331 -0.028311 0.045087 -0.000006 0.000126 0.000003 2.703971 0.032757 -11.125945 1.995328 0.097031 -0.115860 2.113761 0.055416 -0.066961 0.000012 -0.000345 -0.000004 4.812252 0.139779 -18.376019 3.073087 0.276182 -0.226717 3.100978 0.172279 -0.224473 -0.000017 0.000006 -0.000005 0.000000 0.000000 0.000000 0.000000 0.000000 0.000000 -87.703621 0.076943 3.282398 -73.074051 -5.772664 -10.072354 -0.149220 -18.200012 106.861191 -20.169506 -45.537926 11.505469 -6.847019 1.282201 41.615082 0.000009 0.000013 -16.954557 0.000038 -0.000014 -11.932321 0.001067 0.000021 0.001158 4.758648 -0.014850 4.616219 -0.661431 -0.049207 0.028988 -0.897968 -0.028172 0.034034 -0.000001 -0.000142 -0.000007 2.223144 -0.013151 -1.579967 -1.519238 -0.034316 -0.005399 -1.249576 -0.010152 -0.004552 0.000613 -0.000003 0.000184 -5.122087 0.043098 -10.228347 -3.654941 0.073490 -0.027085 -3.343032 0.020977 -0.015868 -0.001182 0.000019 0.000005 -10.847171 0.117719 -19.671200 -6.819086 0.133958 0.025049 -6.613327 0.060589 0.022335 -0.000392 0.000006 -0.000047 0.000000 0.000000 0.000000 0.000000 0.000000 0.000000 -5.760935 -13.825514 21.530235 -0.136605 -1.053562 4.484013 1.249234 -10.247131 14.978043 -1.340312 1.209621 -16.121078 0.000000 0.000000 0.000000 0.000000 0.000000 0.000000 0.000000 0.000000 0.000000 3.207302 -3.449624 13.056414 0.150714 0.713390 10.744873 -0.682602 1.128965 16.403860 0.539069 -0.991116 -19.665903 0.000000 0.000000 0.000000 0.000000 0.000000 0.000000 0.000000 0.000000 0.000000 
-0.347699 88.300476 5.363456 0.563546 2.045996 -14.386503 1.952577 -0.096528 8.848985 0.910716 -0.003153 1.159393 -1.880165 1.730874 8.401189 -1.598348 0.468513 4.369063 -1.849238 0.102820 1.080917 0.057274 -0.178789 -4.931761 -0.402953 -1.411537 -19.391140 0.000000 0.000000 0.000000 89.379044 -0.077663 10.069229 58.933739 -6.390821 4.653621 -1.067148 15.254003 92.328163 -5.826127 17.309629 -0.210984 8.209897 -1.646455 40.943035 -0.000005 0.000009 -20.056791 0.000000 0.000048 -13.945526 0.000009 0.000002 -0.000018 -0.118042 -0.014706 -0.028780 1.336250 -0.093914 0.095013 1.278221 -0.083063 0.060609 -0.000008 0.000019 -0.000009 0.537930 -0.026059 -4.618983 1.311198 -0.053143 0.032302 1.420174 -0.028159 0.042841 -0.000006 0.000125 0.000004 2.804028 0.032942 -11.034291 2.017960 0.096897 -0.113487 2.135525 0.055225 -0.064659 0.000012 -0.000338 -0.000004 4.847597 0.137378 -18.267427 3.083768 0.276569 -0.220481 3.109205 0.172779 -0.219127 -0.000029 0.000006 -0.000004 0.000000 0.000000 0.000000 0.000000 0.000000 0.000000 -87.704323 0.075830 3.238198 -73.029442 -5.817187 -9.982988 -0.133052 -18.203081 106.970573 -20.218069 -45.351311 11.664605 -6.821264 1.279524 41.625092 0.000009 0.000013 -16.893669 0.000039 -0.000014 -11.896759 0.001069 0.000022 0.001174 4.813836 -0.013624 4.691158 -0.618352 -0.049719 0.025732 -0.857069 -0.028857 0.031336 -0.000000 -0.000186 -0.000007 2.302283 -0.012797 -1.528411 -1.473332 -0.034461 -0.006545 -1.200744 -0.010394 -0.005514 0.000613 -0.000003 0.000187 -4.956638 0.042883 -10.199208 -3.587164 0.074935 -0.022817 -3.274477 0.021683 -0.013468 -0.001180 0.000019 0.000005 -10.638253 0.116614 -19.653656 -6.746349 0.137874 0.041043 -6.541555 0.063445 0.033605 -0.000419 0.000005 -0.000047 0.000000 0.000000 0.000000 0.000000 0.000000 0.000000 -5.806672 -13.899869 21.540974 -0.136538 -1.055292 4.450936 1.262968 -10.295710 14.975324 -1.348456 1.210378 -16.127985 0.000000 0.000000 0.000000 0.000000 0.000000 0.000000 0.000000 0.000000 0.000000 3.165373 -3.489787 12.982055 0.149848 0.711268 10.754823 -0.661102 1.057493 16.446398 0.531500 -0.992971 -19.673990 0.000000 0.000000 0.000000 0.000000 0.000000 0.000000 0.000000 0.000000 0.000000 
-0.335460 88.310638 5.366061 0.588783 2.190033 -14.340036 1.957016 -0.097004 8.848806 0.902862 0.003831 1.169410 -1.903582 1.770053 8.385663 -1.600063 0.480581 4.375494 -1.833803 0.082043 1.058807 0.069026 -0.193650 -4.923278 -0.388064 -1.410905 -19.366730 0.000000 0.000000 0.000000 89.372673 -0.091943 10.066008 59.120972 -6.507957 4.547322 -1.062357 15.301288 91.961212 -5.951769 17.743969 -0.409673 8.197424 -1.646148 40.947403 -0.000005 0.000009 -20.033545 0.000001 0.000048 -13.927713 0.000009 0.000002 -0.000018 -0.042980 -0.015512 0.076359 1.347370 -0.093539 0.088765 1.295698 -0.082663 0.054174 -0.000007 0.000019 -0.000009 0.599970 -0.026280 -4.515519 1.315424 -0.052826 0.030137 1.425658 -0.028043 0.040838 -0.000006 0.000125 0.000004 2.790600 0.033250 -10.926353 2.002225 0.096782 -0.111593 2.118366 0.055060 -0.062786 0.000012 -0.000325 -0.000004 4.765776 0.134767 -18.154768 3.051956 0.277132 -0.216470 3.075175 0.173602 -0.215725 -0.000042 0.000006 -0.000004 0.000000 0.000000 0.000000 0.000000 0.000000 0.000000 -87.700119 0.072273 3.184130 -72.984543 -5.863073 -9.878325 -0.112400 -18.188513 107.096893 -20.039009 -45.050446 11.741990 -6.782593 1.274953 41.641716 0.000009 0.000013 -16.800682 0.000040 -0.000014 -11.838359 0.001062 0.000022 0.001181 4.935131 -0.012643 4.798767 -0.566043 -0.050039 0.022993 -0.806116 -0.029357 0.028894 -0.000000 -0.000233 -0.000007 2.445366 -0.012561 -1.450104 -1.415514 -0.034477 -0.007469 -1.140477 -0.010555 -0.006260 0.000610 -0.000004 0.000190 -4.723394 0.042776 -10.154901 -3.498890 0.076191 -0.018684 -3.185224 0.022317 -0.011160 -0.001176 0.000019 0.000005 -10.357845 0.115983 -19.627262 -6.645768 0.141461 0.056952 -6.442195 0.066117 0.044642 -0.000444 0.000005 -0.000047 0.000000 0.000000 0.000000 0.000000 0.000000 0.000000 -5.851543 -13.981828 21.546396 -0.136259 -1.056249 4.421621 1.276199 -10.337741 14.972204 -1.355802 1.210594 -16.137018 0.000000 0.000000 0.000000 0.000000 0.000000 0.000000 0.000000 0.000000 0.000000 3.123467 -3.530977 12.902680 0.148862 0.709122 10.771740 -0.635909 0.980804 16.486263 0.523737 -0.994281 -19.681551 0.000000 0.000000 0.000000 0.000000 0.000000 0.000000 0.000000 0.000000 0.000000 
-0.322408 88.320198 5.368106 0.612048 2.340913 -14.291782 1.959024 -0.098365 8.851333 0.890975 0.010462 1.183509 -1.923114 1.797999 8.357770 -1.596393 0.488942 4.387773 -1.826205 0.075093 1.055689 0.079464 -0.196925 -4.904150 -0.375997 -1.409668 -19.346588 0.000000 0.000000 0.000000 89.357750 -0.101445 10.048705 59.322552 -6.633709 4.440092 -1.061373 15.348635 91.641083 -6.220819 18.033817 -0.611666 8.164184 -1.643088 40.961926 -0.000005 0.000009 -19.960772 0.000001 0.000048 -13.875682 0.000009 0.000002 -0.000018 -0.063917 -0.016731 0.226502 1.328341 -0.093179 0.083094 1.284657 -0.082221 0.048055 -0.000007 0.000019 -0.000009 0.561005 -0.026516 -4.379892 1.289561 -0.052482 0.028340 1.401301 -0.027950 0.039065 -0.000006 0.000123 0.000004 2.667397 0.033667 -10.804182 1.951595 0.096668 -0.110105 2.065712 0.054899 -0.061312 0.000012 -0.000308 -0.000004 4.570492 0.131941 -18.040327 2.981201 0.277773 -0.214466 3.002561 0.174622 -0.214091 -0.000055 0.000006 -0.000003 0.000000 0.000000 0.000000 0.000000 0.000000 0.000000 -87.689621 0.066351 3.122474 -72.944931 -5.903314 -9.768105 -0.088117 -18.152487 107.223366 -19.617693 -44.654720 11.719464 -6.731248 1.268499 41.665081 0.000009 0.000013 -16.675251 0.000041 -0.000014 -11.756775 0.001042 0.000022 0.001177 5.122176 -0.011858 4.940017 -0.506125 -0.050061 0.021476 -0.746812 -0.029536 0.027315 -0.000000 -0.000279 -0.000007 2.651984 -0.012453 -1.342524 -1.347943 -0.034318 -0.007874 -1.071138 -0.010591 -0.006547 0.000601 -0.000004 0.000193 -4.424831 0.042785 -10.090741 -3.393327 0.077143 -0.015121 -3.078579 0.022806 -0.009257 -0.001170 0.000020 0.000005 -10.008750 0.115785 -19.586393 -6.520417 0.144416 0.071262 -6.318198 0.068354 0.054287 -0.000465 0.000005 -0.000047 0.000000 0.000000 0.000000 0.000000 0.000000 0.000000 -5.894485 -14.068343 21.545372 -0.135798 -1.056488 4.396087 1.289425 -10.371465 14.968442 -1.362150 1.210620 -16.147373 0.000000 0.000000 0.000000 0.000000 0.000000 0.000000 0.000000 0.000000 0.000000 3.081954 -3.575519 12.817382 0.147813 0.707014 10.798391 -0.608331 0.899688 16.522060 0.515980 -0.995159 -19.689718 0.000000 0.000000 0.000000 0.000000 0.000000 0.000000 0.000000 0.000000 0.000000 
-0.308545 88.328682 5.369504 0.632778 2.494351 -14.242817 1.958013 -0.100789 8.856438 0.874570 0.016367 1.200172 -1.937455 1.812111 8.318941 -1.586820 0.492684 4.406251 -1.821669 0.079718 1.071039 0.088591 -0.187909 -4.874845 -0.367114 -1.407559 -19.330011 0.000000 0.000000 0.000000 89.335197 -0.106734 10.017149 59.531811 -6.763488 4.335021 -1.063641 15.397527 91.375320 -6.620884 18.172470 -0.820009 8.112443 -1.637493 40.985546 -0.000005 0.000009 -19.844032 0.000002 0.000048 -13.793478 0.000009 0.000002 -0.000018 -0.173440 -0.018202 0.413729 1.281410 -0.092798 0.078010 1.247212 -0.081669 0.042258 -0.000007 0.000019 -0.000009 0.429635 -0.026710 -4.217588 1.236379 -0.052099 0.026892 1.349886 -0.027856 0.037520 -0.000007 0.000122 0.000004 2.445491 0.034142 -10.670403 1.870797 0.096510 -0.108973 1.982278 0.054709 -0.060229 0.000012 -0.000289 -0.000004 4.274653 0.128931 -17.924995 2.877116 0.278282 -0.214276 2.897221 0.175605 -0.214079 -0.000067 0.000006 -0.000002 0.000000 0.000000 0.000000 0.000000 0.000000 0.000000 -87.672508 0.058492 3.057065 -72.913841 -5.923371 -9.661409 -0.061918 -18.093946 107.323555 -18.947712 -44.186550 11.574106 -6.669084 1.260311 41.694538 0.000009 0.000013 -16.521109 0.000042 -0.000014 -11.654515 0.001005 0.000022 0.001163 5.367084 -0.011158 5.108487 -0.442484 -0.049664 0.021822 -0.683194 -0.029245 0.027164 -0.000000 -0.000322 -0.000007 2.914752 -0.012441 -1.208820 -1.274963 -0.033954 -0.007490 -0.997152 -0.010460 -0.006160 0.000587 -0.000004 0.000196 -4.069938 0.042885 -10.004786 -3.276927 0.077687 -0.012561 -2.961140 0.023070 -0.008066 -0.001161 0.000020 0.000005 -9.599747 0.115899 -19.525373 -6.377150 0.146406 0.082417 -6.176361 0.069863 0.061366 -0.000481 0.000005 -0.000047 0.000000 0.000000 0.000000 0.000000 0.000000 0.000000 -5.934705 -14.155378 21.536798 -0.135204 -1.056172 4.376537 1.303339 -10.396811 14.963311 -1.367239 1.210746 -16.159040 0.000000 0.000000 0.000000 0.000000 0.000000 0.000000 0.000000 0.000000 0.000000 3.041111 -3.626251 12.727963 0.146796 0.705152 10.834748 -0.579752 0.814418 16.552334 0.508552 -0.995785 -19.699762 0.000000 0.000000 0.000000 0.000000 0.000000 0.000000 0.000000 0.000000 0.000000 
-0.293789 88.335732 5.370481 0.650360 2.645366 -14.195108 1.953914 -0.104616 8.864744 0.852659 0.021383 1.217412 -1.943546 1.809619 8.272831 -1.571265 0.491314 4.431214 -1.812698 0.092655 1.101799 0.096864 -0.166340 -4.836495 -0.361723 -1.404151 -19.315601 0.000000 0.000000 0.000000 89.308929 -0.109294 9.970681 59.737267 -6.893271 4.237001 -1.067780 15.450492 91.168869 -7.131669 18.152235 -1.034651 8.045035 -1.629675 41.016872 -0.000005 0.000010 -19.690203 0.000002 0.000048 -13.685922 0.000009 0.000002 -0.000018 -0.364603 -0.019835 0.625485 1.207895 -0.092331 0.073375 1.184374 -0.080906 0.036657 -0.000007 0.000018 -0.000009 0.214790 -0.026812 -4.037467 1.157820 -0.051656 0.025719 1.273299 -0.027740 0.036154 -0.000007 0.000120 0.000004 2.136857 0.034606 -10.528564 1.764603 0.096204 -0.108028 1.873123 0.054434 -0.059449 0.000011 -0.000271 -0.000004 3.892931 0.125788 -17.808933 2.746315 0.278275 -0.215134 2.766213 0.176242 -0.215142 -0.000077 0.000006 -0.000002 0.000000 0.000000 0.000000 0.000000 0.000000 0.000000 -87.649643 0.049308 2.992998 -72.896095 -5.910161 -9.564924 -0.035530 -18.017103 107.361877 -18.034477 -43.677269 11.283384 -6.598783 1.250616 41.728992 0.000009 0.000013 -16.344595 0.000044 -0.000014 -11.535804 0.000951 0.000023 0.001133 5.659508 -0.010487 5.291054 -0.379469 -0.048809 0.024239 -0.619749 -0.028435 0.028619 -0.000000 -0.000359 -0.000007 3.223347 -0.012488 -1.057203 -1.201705 -0.033389 -0.006211 -0.923814 -0.010161 -0.005017 0.000570 -0.000005 0.000199 -3.673433 0.043052 -9.896854 -3.158886 0.077762 -0.011265 -2.842179 0.023071 -0.007758 -0.001152 0.000020 0.000005 -9.147851 0.116209 -19.437870 -6.227257 0.147152 0.089342 -6.027982 0.070438 0.065032 -0.000492 0.000005 -0.000047 0.000000 0.000000 0.000000 0.000000 0.000000 0.000000 -5.970900 -14.238267 21.520634 -0.134502 -1.055348 4.365303 1.318042 -10.415855 14.956192 -1.370909 1.211276 -16.171936 0.000000 0.000000 0.000000 0.000000 0.000000 0.000000 0.000000 0.000000 0.000000 3.001681 -3.686078 12.639212 0.145899 0.703799 10.878222 -0.551982 0.726617 16.574661 0.501895 -0.996439 -19.711182 0.000000 0.000000 0.000000 0.000000 0.000000 0.000000 0.000000 0.000000 0.000000 
-0.278582 88.341255 5.371418 0.662983 2.788412 -14.151983 1.947982 -0.110128 8.877366 0.824188 0.025816 1.233797 -1.937721 1.790304 8.224736 -1.550300 0.485456 4.461687 -1.791967 0.108725 1.142996 0.104658 -0.134169 -4.791395 -0.359673 -1.399167 -19.302288 0.000000 0.000000 0.000000 89.283867 -0.110853 9.910404 59.929443 -7.008826 4.151874 -1.072225 15.510642 91.014618 -7.727334 17.979609 -1.254217 7.964723 -1.619978 41.054405 -0.000004 0.000010 -19.506350 0.000003 0.000047 -13.557981 0.000010 0.000003 -0.000018 -0.629306 -0.021478 0.845879 1.108848 -0.091775 0.069363 1.096931 -0.079940 0.031392 -0.000007 0.000018 -0.000009 -0.071681 -0.026765 -3.851234 1.055301 -0.051158 0.024808 1.172910 -0.027589 0.034972 -0.000007 0.000118 0.000003 1.758840 0.034997 -10.383982 1.638662 0.095667 -0.107042 1.744146 0.054019 -0.058827 0.000011 -0.000258 -0.000004 3.447617 0.122623 -17.692778 2.597208 0.277397 -0.215774 2.618307 0.176216 -0.216311 -0.000085 0.000006 -0.000001 0.000000 0.000000 0.000000 0.000000 0.000000 0.000000 -87.623833 0.039779 2.936124 -72.892380 -5.852604 -9.483558 -0.010656 -17.928442 107.308853 -16.900261 -43.149956 10.832575 -6.522665 1.239587 41.767277 0.000009 0.000013 -16.152287 0.000046 -0.000015 -11.404923 0.000881 0.000023 0.001089 5.987476 -0.009784 5.472144 -0.320869 -0.047525 0.028568 -0.560392 -0.027133 0.031499 -0.000000 -0.000387 -0.000007 3.566019 -0.012552 -0.898782 -1.132470 -0.032658 -0.004064 -0.855332 -0.009717 -0.003166 0.000552 -0.000005 0.000201 -3.251096 0.043256 -9.769819 -3.047461 0.077368 -0.011316 -2.729935 0.022804 -0.008407 -0.001145 0.000020 0.000005 -8.671073 0.116594 -19.321100 -6.081599 0.146493 0.091306 -5.883806 0.069974 0.064802 -0.000496 0.000005 -0.000047 0.000000 0.000000 0.000000 0.000000 0.000000 0.000000 -6.000039 -14.311980 21.498842 -0.133678 -1.053996 4.364267 1.333034 -10.432691 14.947657 -1.372984 1.212458 -16.185722 0.000000 0.000000 0.000000 0.000000 0.000000 0.000000 0.000000 0.000000 0.000000 2.965514 -3.757847 12.558787 0.145158 0.703140 10.922918 -0.526560 0.640056 16.587673 0.496677 -0.997358 -19.722155 0.000000 0.000000 0.000000 0.000000 0.000000 0.000000 0.000000 0.000000 0.000000 
-0.263863 88.345200 5.372455 0.668927 2.917609 -14.117657 1.942191 -0.117241 8.895422 0.789879 0.030198 1.248697 -1.919482 1.758023 8.181365 -1.525356 0.476544 4.493160 -1.756801 0.124495 1.187091 0.111699 -0.093937 -4.744302 -0.361347 -1.392884 -19.287094 0.000000 0.000000 0.000000 89.264481 -0.112898 9.842935 60.099957 -7.093371 4.090075 -1.074827 15.578142 90.893608 -8.363666 17.691896 -1.471760 7.874310 -1.608740 41.096626 -0.000004 0.000010 -19.299292 0.000003 0.000047 -13.414618 0.000010 0.000003 -0.000018 -0.956915 -0.022775 1.058420 0.987036 -0.091127 0.066510 0.986944 -0.078815 0.026976 -0.000007 0.000018 -0.000009 -0.413523 -0.026473 -3.671104 0.931522 -0.050610 0.024236 1.051411 -0.027379 0.034056 -0.000008 0.000116 0.000003 1.338411 0.035294 -10.242936 1.500640 0.094861 -0.105856 1.602830 0.053406 -0.058237 0.000011 -0.000253 -0.000004 2.975117 0.119564 -17.578468 2.441144 0.275460 -0.214829 2.464394 0.175207 -0.216424 -0.000092 0.000006 -0.000001 0.000000 0.000000 0.000000 0.000000 0.000000 0.000000 -87.600304 0.031290 2.892734 -72.893333 -5.743372 -9.421765 0.011419 -17.831497 107.163269 -15.595650 -42.605522 10.229909 -6.443076 1.227509 41.808006 0.000010 0.000013 -15.951196 0.000047 -0.000015 -11.266901 0.000797 0.000023 0.001039 6.335294 -0.008907 5.637923 -0.269413 -0.045869 0.034302 -0.507978 -0.025388 0.035274 0.000000 -0.000401 -0.000007 3.927750 -0.012572 -0.746018 -1.070115 -0.031807 -0.001225 -0.794270 -0.009157 -0.000812 0.000536 -0.000005 0.000202 -2.818453 0.043476 -9.633528 -2.947518 0.076559 -0.012616 -2.629361 0.022272 -0.009958 -0.001142 0.000020 0.000005 -8.184360 0.116858 -19.182947 -5.946769 0.144467 0.087992 -5.750422 0.068443 0.060655 -0.000495 0.000005 -0.000047 0.000000 0.000000 0.000000 0.000000 0.000000 0.000000 -6.018403 -14.371115 21.474201 -0.132733 -1.052174 4.375775 1.347236 -10.450709 14.938241 -1.373244 1.214217 -16.200359 0.000000 0.000000 0.000000 0.000000 0.000000 0.000000 0.000000 0.000000 0.000000 2.935075 -3.841323 12.494407 0.144542 0.703138 10.963117 -0.504329 0.559749 16.592587 0.493395 -0.998446 -19.731703 0.000000 0.000000 0.000000 0.000000 0.000000 0.000000 0.000000 0.000000 0.000000 
-0.249916 88.347672 5.373360 0.667915 3.027955 -14.093060 1.938175 -0.125898 8.919409 0.750850 0.034917 1.261971 -1.889038 1.715174 8.146650 -1.498219 0.465612 4.522536 -1.709207 0.140774 1.225242 0.117340 -0.047016 -4.700198 -0.367041 -1.385335 -19.266117 0.000000 0.000000 0.000000 89.254135 -0.115936 9.774075 60.244560 -7.139792 4.055350 -1.074755 15.650101 90.802109 -8.991542 17.332369 -1.674396 7.777577 -1.596427 41.141792 -0.000004 0.000010 -19.077036 0.000003 0.000047 -13.261321 0.000010 0.000003 -0.000017 -1.332758 -0.023648 1.249798 0.850712 -0.090388 0.064804 0.862104 -0.077555 0.023482 -0.000007 0.000017 -0.000009 -0.792625 -0.025932 -3.506581 0.794868 -0.050025 0.023953 0.917112 -0.027112 0.033374 -0.000008 0.000114 0.000003 0.900300 0.035479 -10.109334 1.360518 0.093797 -0.104330 1.459435 0.052601 -0.057553 0.000011 -0.000259 -0.000004 2.505733 0.116658 -17.466967 2.289827 0.272519 -0.211425 2.315843 0.173227 -0.214704 -0.000098 0.000006 -0.000001 0.000000 0.000000 0.000000 0.000000 0.000000 0.000000 -87.581665 0.024561 2.866027 -72.896408 -5.594800 -9.380607 0.030993 -17.728924 106.936340 -14.182609 -42.046574 9.498691 -6.363222 1.214877 41.849430 0.000010 0.000013 -15.749495 0.000049 -0.000015 -11.127672 0.000704 0.000023 0.000985 6.691040 -0.007850 5.777168 -0.227830 -0.043919 0.040967 -0.465217 -0.023299 0.039579 0.000000 -0.000402 -0.000008 4.295827 -0.012499 -0.609456 -1.018151 -0.030881 0.002105 -0.743973 -0.008516 0.001870 0.000523 -0.000006 0.000200 -2.392501 0.043705 -9.497869 -2.864257 0.075422 -0.015012 -2.545797 0.021524 -0.012294 -0.001139 0.000020 0.000005 -7.708557 0.116906 -19.032503 -5.830095 0.141272 0.079733 -5.635210 0.065982 0.052859 -0.000489 0.000006 -0.000046 0.000000 0.000000 0.000000 0.000000 0.000000 0.000000 -6.024530 -14.413431 21.447691 -0.131657 -1.049828 4.399943 1.359162 -10.472164 14.929350 -1.371744 1.216380 -16.216259 0.000000 0.000000 0.000000 0.000000 0.000000 0.000000 0.000000 0.000000 0.000000 2.912212 -3.933633 12.447252 0.143995 0.703598 10.998599 -0.485532 0.488703 16.590969 0.491858 -0.999457 -19.739481 0.000000 0.000000 0.000000 0.000000 0.000000 0.000000 0.000000 0.000000 0.000000 
-0.237007 88.348816 5.373699 0.659347 3.115618 -14.076357 1.937400 -0.135845 8.948997 0.708898 0.040111 1.273650 -1.847516 1.664506 8.121814 -1.470459 0.453772 4.547957 -1.653274 0.159938 1.250677 0.120972 0.005677 -4.662867 -0.376483 -1.376490 -19.237026 0.000000 0.000000 0.000000 89.252472 -0.119193 9.708329 60.367954 -7.148643 4.040897 -1.072610 15.720757 90.747498 -9.583444 16.928432 -1.844912 7.677815 -1.583486 41.188446 -0.000004 0.000011 -18.846512 0.000004 0.000047 -13.102771 0.000010 0.000003 -0.000017 -1.740238 -0.024121 1.413155 0.709429 -0.089662 0.064414 0.731598 -0.076294 0.021174 -0.000007 0.000017 -0.000008 -1.191108 -0.025189 -3.363078 0.654644 -0.049452 0.024020 0.779359 -0.026822 0.032987 -0.000009 0.000112 0.000003 0.464881 0.035518 -9.986499 1.226727 0.092576 -0.102584 1.322708 0.051670 -0.056829 0.000010 -0.000278 -0.000004 2.061598 0.113884 -17.360830 2.151733 0.268895 -0.205602 2.180744 0.170550 -0.211164 -0.000104 0.000006 -0.000002 0.000000 0.000000 0.000000 0.000000 0.000000 0.000000 -87.568092 0.019611 2.855793 -72.901924 -5.425405 -9.361917 0.049360 -17.623377 106.656815 -12.730229 -41.470451 8.683801 -6.285456 1.202170 41.890182 0.000010 0.000013 -15.553031 0.000051 -0.000016 -10.991643 0.000606 0.000024 0.000928 7.045395 -0.006620 5.885633 -0.197837 -0.041781 0.048074 -0.433780 -0.020990 0.044105 0.000001 -0.000388 -0.000008 4.660134 -0.012313 -0.494861 -0.978712 -0.029924 0.005674 -0.706495 -0.007833 0.004702 0.000512 -0.000006 0.000197 -1.985840 0.043935 -9.371545 -2.800258 0.074083 -0.018228 -2.481936 0.020635 -0.015204 -0.001135 0.000020 0.000005 -7.260372 0.116708 -18.881182 -5.735470 0.137277 0.067531 -5.542011 0.062862 0.042179 -0.000478 0.000006 -0.000046 0.000000 0.000000 0.000000 0.000000 0.000000 0.000000 -6.017742 -14.438743 21.418592 -0.130405 -1.046886 4.434872 1.367760 -10.497548 14.923676 -1.368552 1.218836 -16.234072 0.000000 0.000000 0.000000 0.000000 0.000000 0.000000 0.000000 0.000000 0.000000 2.898617 -4.031424 12.413125 0.143490 0.704399 11.032061 -0.470255 0.428139 16.584679 0.491636 -1.000260 -19.745745 0.000000 0.000000 0.000000 0.000000 0.000000 0.000000 0.000000 0.000000 0.000000 
-0.225336 88.348724 5.373146 0.642789 3.178338 -14.064581 1.940661 -0.146590 8.983121 0.666137 0.045631 1.283662 -1.796923 1.609069 8.107014 -1.443331 0.442030 4.568267 -1.593299 0.185289 1.259647 0.122435 0.064379 -4.634695 -0.389167 -1.366380 -19.199026 0.000000 0.000000 0.000000 89.256622 -0.121133 9.649529 60.478466 -7.127698 4.033350 -1.069813 15.783120 90.745911 -10.132202 16.488049 -1.965389 7.578012 -1.570300 41.235310 -0.000004 0.000011 -18.614187 0.000004 0.000047 -12.943383 0.000010 0.000003 -0.000017 -2.161652 -0.024206 1.548936 0.572615 -0.089018 0.065419 0.604582 -0.075135 0.020246 -0.000006 0.000017 -0.000008 -1.592357 -0.024298 -3.240896 0.519792 -0.048924 0.024513 0.647200 -0.026539 0.032959 -0.000009 0.000110 0.000003 0.047049 0.035387 -9.876358 1.105387 0.091297 -0.100852 1.198853 0.050679 -0.056192 0.000010 -0.000307 -0.000004 1.655620 0.111155 -17.263430 2.031412 0.264936 -0.198039 2.063251 0.167469 -0.206376 -0.000108 0.000005 -0.000002 0.000000 0.000000 0.000000 0.000000 0.000000 0.000000 -87.558502 0.016109 2.859731 -72.910973 -5.250993 -9.369020 0.067481 -17.519386 106.366882 -11.305306 -40.869644 7.843146 -6.211408 1.189767 41.929302 0.000010 0.000013 -15.365495 0.000053 -0.000016 -10.861842 0.000508 0.000024 0.000870 7.391339 -0.005212 5.965375 -0.179578 -0.039546 0.055193 -0.413678 -0.018570 0.048596 0.000001 -0.000363 -0.000008 5.013037 -0.012012 -0.403481 -0.951929 -0.028970 0.009225 -0.681966 -0.007134 0.007519 0.000501 -0.000006 0.000194 -1.605853 0.044155 -9.261550 -2.754871 0.072658 -0.021919 -2.437211 0.019674 -0.018421 -0.001127 0.000020 0.000005 -6.849555 0.116269 -18.741446 -5.662684 0.132866 0.052780 -5.470613 0.059346 0.029688 -0.000463 0.000006 -0.000046 0.000000 0.000000 0.000000 0.000000 0.000000 0.000000 -5.998395 -14.448049 21.385630 -0.128944 -1.043364 4.477790 1.372547 -10.525139 14.923665 -1.363771 1.221515 -16.254818 0.000000 0.000000 0.000000 0.000000 0.000000 0.000000 0.000000 0.000000 0.000000 2.895518 -4.130188 12.385942 0.143044 0.705543 11.067100 -0.458548 0.378386 16.575491 0.492270 -1.000825 -19.751585 0.000000 0.000000 0.000000 0.000000 0.000000 0.000000 0.000000 0.000000 0.000000 
-0.215014 88.347549 5.371740 0.618340 3.215317 -14.055361 1.948138 -0.157443 9.020465 0.624171 0.051370 1.292128 -1.739770 1.552207 8.102076 -1.417735 0.431310 4.582912 -1.533968 0.219985 1.253159 0.122071 0.129401 -4.615839 -0.404310 -1.355148 -19.153303 0.000000 0.000000 0.000000 89.262527 -0.119838 9.601564 60.584656 -7.088430 4.018305 -1.068268 15.833054 90.812889 -10.645466 16.013821 -2.022089 7.480986 -1.557248 41.281158 -0.000004 0.000011 -18.386648 0.000004 0.000047 -12.787621 0.000009 0.000002 -0.000017 -2.578793 -0.023923 1.662994 0.448299 -0.088506 0.067639 0.488926 -0.074157 0.020600 -0.000006 0.000016 -0.000008 -1.981172 -0.023314 -3.135968 0.397807 -0.048454 0.025423 0.528197 -0.026286 0.033279 -0.000010 0.000109 0.000003 -0.343055 0.035088 -9.778018 1.000553 0.090052 -0.099279 1.091782 0.049692 -0.055702 0.000010 -0.000343 -0.000004 1.292162 0.108366 -17.175665 1.930346 0.260978 -0.189482 1.964610 0.164271 -0.200953 -0.000109 0.000005 -0.000003 0.000000 0.000000 0.000000 0.000000 0.000000 0.000000 -87.551559 0.013645 2.875256 -72.923668 -5.079992 -9.403573 0.085435 -17.422846 106.108505 -9.962933 -40.250938 7.038375 -6.142399 1.177970 41.966099 0.000010 0.000013 -15.189761 0.000055 -0.000016 -10.740606 0.000414 0.000024 0.000811 7.721487 -0.003674 6.022229 -0.172162 -0.037306 0.062018 -0.403841 -0.016137 0.052853 0.000001 -0.000329 -0.000009 5.346797 -0.011623 -0.332619 -0.936571 -0.028048 0.012557 -0.669157 -0.006437 0.010196 0.000489 -0.000006 0.000190 -1.258983 0.044359 -9.170113 -2.725455 0.071235 -0.025741 -2.408916 0.018697 -0.021683 -0.001117 0.000020 0.000005 -6.483001 0.115616 -18.620363 -5.609058 0.128374 0.036906 -5.418261 0.055672 0.016502 -0.000446 0.000006 -0.000046 0.000000 0.000000 0.000000 0.000000 0.000000 0.000000 -5.967885 -14.442987 21.348850 -0.127254 -1.039304 4.525161 1.373467 -10.551795 14.930940 -1.357639 1.224373 -16.279177 0.000000 0.000000 0.000000 0.000000 0.000000 0.000000 0.000000 0.000000 0.000000 2.903546 -4.224080 12.361679 0.142694 0.707084 11.105780 -0.450790 0.340329 16.564898 0.493483 -1.001306 -19.758347 0.000000 0.000000 0.000000 0.000000 0.000000 0.000000 0.000000 0.000000 0.000000 
-0.206005 88.345673 5.369757 0.586904 3.226601 -14.047179 1.959392 -0.167673 9.059870 0.583728 0.057383 1.298960 -1.679041 1.497060 8.106978 -1.394481 0.422272 4.591632 -1.479865 0.265010 1.237396 0.120397 0.199420 -4.603687 -0.420647 -1.343095 -19.102921 0.000000 0.000000 0.000000 89.266144 -0.113727 9.567854 60.693829 -7.042068 3.984812 -1.069854 15.870444 90.951637 -11.138617 15.512073 -2.012864 7.388887 -1.544721 41.324921 -0.000004 0.000012 -18.169321 0.000004 0.000046 -12.639134 0.000009 0.000002 -0.000017 -2.977224 -0.023368 1.763289 0.340732 -0.088208 0.070707 0.388982 -0.073461 0.021916 -0.000006 0.000016 -0.000008 -2.346630 -0.022318 -3.042140 0.292738 -0.048062 0.026655 0.426299 -0.026095 0.033870 -0.000010 0.000108 0.000003 -0.701219 0.034650 -9.687756 0.913397 0.088939 -0.097864 1.002518 0.048782 -0.055323 0.000010 -0.000382 -0.000004 0.967346 0.105461 -17.094767 1.847386 0.257337 -0.180453 1.883729 0.161262 -0.195322 -0.000106 0.000005 -0.000003 0.000000 0.000000 0.000000 0.000000 0.000000 0.000000 -87.546165 0.011812 2.900680 -72.940041 -4.913711 -9.462945 0.102602 -17.339048 105.908295 -8.732101 -39.642517 6.317787 -6.079528 1.167014 41.999935 0.000010 0.000013 -15.028560 0.000056 -0.000017 -10.629839 0.000326 0.000024 0.000749 8.028214 -0.002150 6.063596 -0.174169 -0.035164 0.068394 -0.402830 -0.013804 0.056760 0.000001 -0.000289 -0.000009 5.653508 -0.011210 -0.276336 -0.930973 -0.027178 0.015557 -0.666390 -0.005761 0.012663 0.000471 -0.000006 0.000186 -0.952517 0.044550 -9.092622 -2.709242 0.069879 -0.029395 -2.394012 0.017761 -0.024773 -0.001107 0.000020 0.000006 -6.167489 0.114800 -18.514967 -5.571760 0.124058 0.021181 -5.381709 0.052078 0.003650 -0.000428 0.000007 -0.000046 0.000000 0.000000 0.000000 0.000000 0.000000 0.000000 -5.928782 -14.425970 21.310108 -0.125336 -1.034841 4.572086 1.370994 -10.574838 14.946784 -1.350582 1.227450 -16.307219 0.000000 0.000000 0.000000 0.000000 0.000000 0.000000 0.000000 0.000000 0.000000 2.922024 -4.307658 12.339606 0.142458 0.709073 11.146843 -0.447515 0.315231 16.554405 0.495223 -1.002045 -19.767063 0.000000 0.000000 0.000000 0.000000 0.000000 0.000000 0.000000 0.000000 0.000000 
-0.198078 88.343575 5.367528 0.550114 3.212592 -14.039290 1.973424 -0.176675 9.100741 0.545437 0.063686 1.302980 -1.618033 1.446132 8.122565 -1.374164 0.415228 4.594203 -1.434369 0.319026 1.221123 0.117871 0.271641 -4.593745 -0.436926 -1.330671 -19.051357 0.000000 0.000000 0.000000 89.265305 -0.102176 9.550542 60.809677 -6.998936 3.929640 -1.075408 15.897606 91.147369 -11.625957 14.994205 -1.948221 7.303220 -1.533082 41.365723 -0.000004 0.000012 -17.966261 0.000004 0.000046 -12.500675 0.000009 0.000002 -0.000017 -3.347812 -0.022714 1.855776 0.249846 -0.088212 0.074261 0.304914 -0.073135 0.023868 -0.000006 0.000016 -0.000008 -2.682629 -0.021415 -2.954486 0.204732 -0.047770 0.028087 0.341381 -0.026001 0.034645 -0.000011 0.000107 0.000003 -1.027597 0.034132 -9.601411 0.842372 0.088037 -0.096555 0.929424 0.048012 -0.054995 0.000009 -0.000418 -0.000004 0.673111 0.102457 -17.016329 1.779657 0.254236 -0.171329 1.818006 0.158694 -0.189759 -0.000099 0.000005 -0.000004 0.000000 0.000000 0.000000 0.000000 0.000000 0.000000 -87.542259 0.010408 2.935467 -72.959602 -4.748260 -9.540709 0.118452 -17.270243 105.766891 -7.613749 -39.083145 5.702990 -6.023847 1.157097 42.030193 0.000010 0.000012 -14.884991 0.000058 -0.000017 -10.531534 0.000248 0.000024 0.000680 8.303530 -0.000835 6.095836 -0.184365 -0.033204 0.074324 -0.409618 -0.011660 0.060328 0.000001 -0.000246 -0.000010 5.924883 -0.010859 -0.227835 -0.933973 -0.026376 0.018211 -0.672488 -0.005128 0.014908 0.000445 -0.000006 0.000182 -0.694224 0.044745 -9.020288 -2.704598 0.068627 -0.032684 -2.390536 0.016912 -0.027553 -0.001099 0.000020 0.000006 -5.909702 0.113884 -18.414515 -5.548964 0.120061 0.006534 -5.358671 0.048752 -0.008090 -0.000414 0.000007 -0.000046 0.000000 0.000000 0.000000 0.000000 0.000000 0.000000 -5.884341 -14.400166 21.272108 -0.123213 -1.030241 4.613348 1.365852 -10.593163 14.971645 -1.343177 1.230870 -16.338251 0.000000 0.000000 0.000000 0.000000 0.000000 0.000000 0.000000 0.000000 0.000000 2.949066 -4.377147 12.321511 0.142310 0.711499 11.186285 -0.449004 0.304220 16.544952 0.497548 -1.003455 -19.777725 0.000000 0.000000 0.000000 0.000000 0.000000 0.000000 0.000000 0.000000 0.000000 
-0.190875 88.341545 5.365424 0.509901 3.174179 -14.032029 1.988920 -0.184165 9.142985 0.510577 0.070031 1.302689 -1.559948 1.400887 8.149817 -1.356809 0.410141 4.590627 -1.398677 0.379540 1.211026 0.114940 0.343427 -4.582307 -0.452628 -1.318493 -19.000702 0.000000 0.000000 0.000000 89.260277 -0.085918 9.549909 60.931095 -6.967778 3.859461 -1.084187 15.917706 91.374214 -12.113647 14.476653 -1.844222 7.225155 -1.522626 41.402874 -0.000003 0.000012 -17.780434 0.000004 0.000046 -12.374348 0.000009 0.000002 -0.000017 -3.684431 -0.022126 1.941442 0.172989 -0.088540 0.078028 0.234095 -0.073185 0.026217 -0.000006 0.000016 -0.000007 -2.985118 -0.020675 -2.871810 0.131420 -0.047582 0.029603 0.270867 -0.026012 0.035535 -0.000011 0.000106 0.000003 -1.321491 0.033602 -9.517089 0.784921 0.087361 -0.095315 0.869895 0.047405 -0.054683 0.000009 -0.000454 -0.000004 0.404978 0.099431 -16.936920 1.724384 0.251718 -0.162405 1.764813 0.156658 -0.184438 -0.000089 0.000005 -0.000004 0.000000 0.000000 0.000000 0.000000 0.000000 0.000000 -87.541260 0.009179 2.979675 -72.980347 -4.577910 -9.629184 0.132598 -17.216206 105.666740 -6.597728 -38.605206 5.193750 -5.976046 1.148378 42.056423 0.000010 0.000012 -14.761277 0.000059 -0.000017 -10.447165 0.000179 0.000024 0.000604 8.540604 0.000127 6.122296 -0.201113 -0.031461 0.079867 -0.422905 -0.009747 0.063620 0.000001 -0.000202 -0.000010 6.154384 -0.010624 -0.182718 -0.944246 -0.025643 0.020562 -0.686141 -0.004548 0.016948 0.000411 -0.000006 0.000179 -0.488744 0.044963 -8.946292 -2.709929 0.067481 -0.035539 -2.396698 0.016167 -0.029966 -0.001093 0.000020 0.000006 -5.712485 0.112887 -18.308861 -5.538689 0.116420 -0.006589 -5.347006 0.045780 -0.018333 -0.000402 0.000007 -0.000046 0.000000 0.000000 0.000000 0.000000 0.000000 0.000000 -5.837985 -14.369008 21.237597 -0.120943 -1.025834 4.645172 1.358731 -10.606143 15.004142 -1.336067 1.234709 -16.370794 0.000000 0.000000 0.000000 0.000000 0.000000 0.000000 0.000000 0.000000 0.000000 2.982541 -4.430164 12.310425 0.142207 0.714266 11.219764 -0.455192 0.307466 16.535725 0.500513 -1.005826 -19.788813 0.000000 0.000000 0.000000 0.000000 0.000000 0.000000 0.000000 0.000000 0.000000 
-0.183953 88.339592 5.363794 0.468274 3.112932 -14.026155 2.004496 -0.190233 9.186360 0.480634 0.075909 1.297355 -1.506992 1.361545 8.188384 -1.341952 0.406655 4.581881 -1.371529 0.443554 1.208878 0.111935 0.412821 -4.568223 -0.467749 -1.307070 -18.951271 0.000000 0.000000 0.000000 89.252769 -0.066756 9.564283 61.053486 -6.953002 3.787195 -1.094570 15.933725 91.606079 -12.597775 13.977101 -1.717818 7.155344 -1.513513 41.436039 -0.000003 0.000013 -17.613239 0.000004 0.000046 -12.261168 0.000008 0.000002 -0.000017 -3.984019 -0.021721 2.017122 0.106942 -0.089118 0.081741 0.173187 -0.073513 0.028749 -0.000006 0.000015 -0.000007 -3.252045 -0.020120 -2.796238 0.069845 -0.047469 0.031091 0.211783 -0.026107 0.036462 -0.000011 0.000105 0.000003 -1.581279 0.033116 -9.435685 0.738920 0.086849 -0.094096 0.821795 0.046940 -0.054348 0.000009 -0.000490 -0.000004 0.162769 0.096464 -16.855549 1.679880 0.249632 -0.153826 1.722483 0.155075 -0.179375 -0.000078 0.000005 -0.000004 0.000000 0.000000 0.000000 0.000000 0.000000 0.000000 -87.544525 0.007585 3.033063 -73.001198 -4.399639 -9.721396 0.144444 -17.176138 105.586563 -5.676260 -38.225353 4.775922 -5.935862 1.140902 42.078667 0.000010 0.000012 -14.656957 0.000060 -0.000017 -10.376436 0.000121 0.000023 0.000518 8.737720 0.000688 6.142514 -0.222026 -0.029922 0.085075 -0.440610 -0.008063 0.066717 0.000001 -0.000157 -0.000011 6.341198 -0.010512 -0.140743 -0.959829 -0.024968 0.022668 -0.705416 -0.004024 0.018811 0.000368 -0.000006 0.000176 -0.334217 0.045215 -8.869173 -2.723110 0.066415 -0.038004 -2.410398 0.015518 -0.032031 -0.001088 0.000020 0.000006 -5.572432 0.111792 -18.194080 -5.538613 0.113099 -0.018188 -5.344615 0.043153 -0.027122 -0.000394 0.000007 -0.000046 0.000000 0.000000 0.000000 0.000000 0.000000 0.000000 -5.793048 -14.335371 21.208475 -0.118633 -1.021949 4.666064 1.350456 -10.612552 15.041252 -1.329816 1.238966 -16.403027 0.000000 0.000000 0.000000 0.000000 0.000000 0.000000 0.000000 0.000000 0.000000 3.020277 -4.465615 12.309055 0.142108 0.717223 11.244163 -0.465786 0.323760 16.524502 0.504094 -1.009191 -19.797997 0.000000 0.000000 0.000000 0.000000 0.000000 0.000000 0.000000 0.000000 0.000000 
-0.176863 88.337585 5.362778 0.427080 3.031003 -14.022077 2.019032 -0.195224 9.230165 0.456521 0.080750 1.287743 -1.460150 1.327735 8.235648 -1.328931 0.404436 4.569757 -1.351033 0.508265 1.213300 0.108955 0.478394 -4.551977 -0.482205 -1.296483 -18.902651 0.000000 0.000000 0.000000 89.244003 -0.046605 9.590891 61.173222 -6.952947 3.724660 -1.105184 15.947489 91.824089 -13.069234 13.511061 -1.583070 7.093678 -1.505748 41.465248 -0.000003 0.000013 -17.464399 0.000004 0.000046 -12.160883 0.000008 0.000002 -0.000017 -4.246691 -0.021563 2.078705 0.048958 -0.089844 0.085160 0.119343 -0.074000 0.031244 -0.000006 0.000015 -0.000007 -3.483667 -0.019737 -2.730785 0.017354 -0.047396 0.032447 0.161573 -0.026257 0.037345 -0.000011 0.000104 0.000003 -1.806217 0.032703 -9.359142 0.702648 0.086427 -0.092832 0.783465 0.046574 -0.053944 0.000009 -0.000533 -0.000004 -0.052313 0.093602 -16.772690 1.645041 0.247775 -0.145552 1.689881 0.153802 -0.174422 -0.000068 0.000005 -0.000004 0.000000 0.000000 0.000000 0.000000 0.000000 0.000000 -87.551659 0.004943 3.094434 -73.023987 -4.215384 -9.811749 0.153446 -17.148621 105.511078 -4.847415 -37.948997 4.430904 -5.902184 1.134578 42.097431 0.000010 0.000012 -14.569165 0.000060 -0.000018 -10.317377 0.000073 0.000023 0.000425 8.898123 0.000884 6.154546 -0.244874 -0.028560 0.090007 -0.460633 -0.006592 0.069704 0.000001 -0.000113 -0.000011 6.489653 -0.010499 -0.103814 -0.978772 -0.024338 0.024596 -0.728335 -0.003551 0.020542 0.000320 -0.000006 0.000175 -0.224019 0.045495 -8.790847 -2.742014 0.065397 -0.040189 -2.429706 0.014949 -0.033821 -0.001085 0.000020 0.000006 -5.482155 0.110556 -18.071432 -5.546716 0.110048 -0.028557 -5.349753 0.040821 -0.034796 -0.000386 0.000007 -0.000046 0.000000 0.000000 0.000000 0.000000 0.000000 0.000000 -5.752169 -14.300925 21.185358 -0.116395 -1.018800 4.676198 1.341826 -10.610515 15.079948 -1.324754 1.243575 -16.433287 0.000000 0.000000 0.000000 0.000000 0.000000 0.000000 0.000000 0.000000 0.000000 3.060094 -4.483655 12.318597 0.141983 0.720177 11.258396 -0.480292 0.351412 16.509371 0.508139 -1.013360 -19.803444 0.000000 0.000000 0.000000 0.000000 0.000000 0.000000 0.000000 0.000000 0.000000 
-0.169202 88.335480 5.362265 0.387784 2.931022 -14.019594 2.031934 -0.199536 9.273381 0.438269 0.084196 1.275668 -1.419429 1.298893 8.287365 -1.317234 0.403338 4.555954 -1.336144 0.571819 1.222028 0.105879 0.539349 -4.534418 -0.495780 -1.286459 -18.854483 0.000000 0.000000 0.000000 89.234535 -0.026891 9.626760 61.288746 -6.963167 3.678327 -1.115342 15.959813 92.019470 -13.517792 13.089049 -1.448703 7.039437 -1.499238 41.490807 -0.000003 0.000013 -17.332529 0.000004 0.000045 -12.072354 0.000008 0.000002 -0.000017 -4.474702 -0.021658 2.123430 -0.002855 -0.090632 0.088024 0.070676 -0.074545 0.033433 -0.000006 0.000015 -0.000007 -3.681840 -0.019499 -2.677505 -0.028039 -0.047338 0.033571 0.118375 -0.026436 0.038094 -0.000011 0.000104 0.000004 -1.997067 0.032369 -9.288922 0.674537 0.086040 -0.091431 0.753434 0.046268 -0.053406 0.000009 -0.000584 -0.000004 -0.239934 0.090844 -16.689184 1.618672 0.246003 -0.137403 1.665794 0.152727 -0.169317 -0.000059 0.000005 -0.000005 0.000000 0.000000 0.000000 0.000000 0.000000 0.000000 -87.560692 0.000730 3.161759 -73.052055 -4.029732 -9.896174 0.159403 -17.131714 105.432091 -4.112700 -37.774319 4.141430 -5.873640 1.129234 42.113361 0.000010 0.000012 -14.494366 0.000060 -0.000018 -10.267504 0.000033 0.000023 0.000326 9.027241 0.000792 6.157285 -0.268372 -0.027345 0.094773 -0.481600 -0.005307 0.072693 0.000002 -0.000068 -0.000011 6.606005 -0.010552 -0.073481 -0.999746 -0.023738 0.026420 -0.753464 -0.003121 0.022201 0.000269 -0.000006 0.000173 -0.150322 0.045785 -8.713678 -2.764930 0.064407 -0.042223 -2.453196 0.014445 -0.035434 -0.001081 0.000020 0.000006 -5.433316 0.109140 -17.944078 -5.561408 0.107238 -0.038117 -5.361050 0.038743 -0.041809 -0.000380 0.000008 -0.000046 0.000000 0.000000 0.000000 0.000000 0.000000 0.000000 -5.716867 -14.266071 21.167751 -0.114313 -1.016448 4.676383 1.333398 -10.598269 15.118303 -1.320955 1.248415 -16.460491 0.000000 0.000000 0.000000 0.000000 0.000000 0.000000 0.000000 0.000000 0.000000 3.100024 -4.485807 12.338698 0.141814 0.722939 11.263099 -0.498038 0.388985 16.489761 0.512390 -1.018032 -19.804565 0.000000 0.000000 0.000000 0.000000 0.000000 0.000000 0.000000 0.000000 0.000000 
-0.160698 88.333290 5.361970 0.351268 2.816170 -14.018149 2.043207 -0.203504 9.315041 0.425240 0.086225 1.263472 -1.384327 1.274182 8.338809 -1.306711 0.403273 4.541371 -1.327141 0.633789 1.232626 0.102492 0.595798 -4.516559 -0.508451 -1.276695 -18.806509 0.000000 0.000000 0.000000 89.224274 -0.008495 9.668914 61.399387 -6.979856 3.649559 -1.124828 15.970585 92.192505 -13.935806 12.717660 -1.316739 6.991672 -1.493840 41.513115 -0.000003 0.000013 -17.215862 0.000004 0.000045 -11.994123 0.000008 0.000002 -0.000017 -4.670790 -0.021966 2.150575 -0.049354 -0.091415 0.090046 0.026315 -0.075074 0.034993 -0.000005 0.000015 -0.000006 -3.848887 -0.019374 -2.636962 -0.067569 -0.047277 0.034361 0.081066 -0.026622 0.038610 -0.000011 0.000103 0.000004 -2.155580 0.032105 -9.225726 0.653176 0.085667 -0.089801 0.730353 0.045996 -0.052659 0.000009 -0.000645 -0.000004 -0.401095 0.088146 -16.605804 1.599372 0.244282 -0.129188 1.648734 0.151811 -0.163814 -0.000052 0.000005 -0.000005 0.000000 0.000000 0.000000 0.000000 0.000000 0.000000 -87.569176 -0.005239 3.232473 -73.087341 -3.848189 -9.971669 0.162564 -17.123461 105.347527 -3.475770 -37.695766 3.897004 -5.849233 1.124726 42.126972 0.000010 0.000012 -14.430020 0.000060 -0.000018 -10.224976 -0.000000 0.000023 0.000227 9.129339 0.000505 6.151030 -0.292192 -0.026237 0.099563 -0.503068 -0.004169 0.075838 0.000002 -0.000024 -0.000012 6.695122 -0.010632 -0.050263 -1.022118 -0.023157 0.028224 -0.780006 -0.002722 0.023865 0.000217 -0.000006 0.000172 -0.106759 0.046057 -8.639726 -2.790517 0.063437 -0.044237 -2.479803 0.013992 -0.036978 -0.001077 0.000020 0.000006 -5.418602 0.107526 -17.815578 -5.581245 0.104680 -0.047253 -5.377219 0.036888 -0.048572 -0.000374 0.000008 -0.000046 0.000000 0.000000 0.000000 0.000000 0.000000 0.000000 -5.687575 -14.230488 21.154379 -0.112421 -1.014779 4.667838 1.325336 -10.574864 15.155813 -1.318283 1.253292 -16.484468 0.000000 0.000000 0.000000 0.000000 0.000000 0.000000 0.000000 0.000000 0.000000 3.138537 -4.475242 12.367637 0.141607 0.725373 11.260678 -0.518126 0.435070 16.466146 0.516473 -1.022880 -19.802069 0.000000 0.000000 0.000000 0.000000 0.000000 0.000000 0.000000 0.000000 0.000000 
-0.151227 88.331078 5.361655 0.318029 2.689961 -14.016848 2.052981 -0.207300 9.354188 0.416314 0.087065 1.253221 -1.354055 1.252468 8.386217 -1.297477 0.404033 4.526421 -1.324765 0.693996 1.242598 0.098559 0.647939 -4.499577 -0.520291 -1.267017 -18.758524 0.000000 0.000000 0.000000 89.213409 0.008034 9.714216 61.504642 -6.999689 3.636019 -1.133665 15.978962 92.347244 -14.320275 12.399284 -1.186154 6.949542 -1.489409 41.532566 -0.000003 0.000014 -17.112782 0.000004 0.000045 -11.924886 0.000008 0.000002 -0.000017 -4.837814 -0.022436 2.161147 -0.090755 -0.092150 0.091028 -0.013877 -0.075543 0.035687 -0.000005 0.000015 -0.000006 -3.987614 -0.019333 -2.608315 -0.101874 -0.047200 0.034758 0.049047 -0.026803 0.038831 -0.000011 0.000102 0.000004 -2.284840 0.031898 -9.169204 0.637337 0.085311 -0.087910 0.713036 0.045746 -0.051677 0.000009 -0.000714 -0.000005 -0.538414 0.085464 -16.522499 1.585753 0.242652 -0.120883 1.637246 0.151075 -0.157850 -0.000047 0.000005 -0.000005 0.000000 0.000000 0.000000 0.000000 0.000000 0.000000 -87.575157 -0.012758 3.303803 -73.129761 -3.675828 -10.036469 0.163293 -17.121983 105.258034 -2.935854 -37.701828 3.690589 -5.828420 1.120951 42.138542 0.000010 0.000012 -14.374838 0.000059 -0.000018 -10.188781 -0.000026 0.000023 0.000129 9.207229 0.000097 6.136603 -0.316486 -0.025197 0.104555 -0.525118 -0.003134 0.079281 0.000002 0.000021 -0.000012 6.760217 -0.010713 -0.033991 -1.045726 -0.022581 0.030073 -0.807615 -0.002339 0.025601 0.000168 -0.000006 0.000170 -0.088774 0.046286 -8.570091 -2.818040 0.062485 -0.046325 -2.508917 0.013581 -0.038535 -0.001074 0.000020 0.000006 -5.432228 0.105724 -17.688189 -5.605219 0.102376 -0.056222 -5.397378 0.035230 -0.055353 -0.000370 0.000008 -0.000046 0.000000 0.000000 0.000000 0.000000 0.000000 0.000000 -5.664207 -14.193950 21.143423 -0.110734 -1.013652 4.652002 1.317874 -10.540471 15.192595 -1.316500 1.258063 -16.505577 0.000000 0.000000 0.000000 0.000000 0.000000 0.000000 0.000000 0.000000 0.000000 3.174498 -4.455517 12.403114 0.141382 0.727460 11.253685 -0.539701 0.487958 16.439461 0.520098 -1.027637 -19.797295 0.000000 0.000000 0.000000 0.000000 0.000000 0.000000 0.000000 0.000000 0.000000 
-0.140822 88.328949 5.361199 0.288218 2.555861 -14.014950 2.061495 -0.210993 9.390108 0.410291 0.087043 1.246508 -1.327867 1.232624 8.427177 -1.289767 0.405377 4.510930 -1.329085 0.751889 1.249894 0.093978 0.695867 -4.484590 -0.531380 -1.257486 -18.710325 0.000000 0.000000 0.000000 89.201775 0.022334 9.760142 61.604614 -7.021401 3.634110 -1.141919 15.984708 92.489220 -14.671635 12.130887 -1.055066 6.912183 -1.485801 41.549557 -0.000003 0.000014 -17.021456 0.000004 0.000045 -11.863272 0.000008 0.000002 -0.000017 -4.979250 -0.022996 2.156780 -0.127336 -0.092810 0.090911 -0.050118 -0.075930 0.035422 -0.000005 0.000015 -0.000006 -4.101428 -0.019342 -2.590282 -0.131644 -0.047103 0.034757 0.021649 -0.026971 0.038736 -0.000012 0.000100 0.000004 -2.388243 0.031729 -9.118667 0.625966 0.084981 -0.085764 0.700403 0.045514 -0.050461 0.000009 -0.000789 -0.000005 -0.654419 0.082767 -16.439072 1.576684 0.241154 -0.112546 1.630102 0.150527 -0.151477 -0.000044 0.000005 -0.000005 0.000000 0.000000 0.000000 0.000000 0.000000 0.000000 -87.577614 -0.021589 3.373884 -73.178146 -3.514473 -10.090004 0.161931 -17.126429 105.167923 -2.487466 -37.773003 3.517603 -5.810831 1.117838 42.148315 0.000010 0.000012 -14.328001 0.000058 -0.000018 -10.158279 -0.000048 0.000023 0.000036 9.263146 -0.000364 6.114860 -0.341094 -0.024202 0.109820 -0.547590 -0.002166 0.083064 0.000002 0.000065 -0.000012 6.803995 -0.010774 -0.024234 -1.070121 -0.022006 0.031991 -0.835726 -0.001962 0.027427 0.000124 -0.000006 0.000169 -0.092155 0.046453 -8.505406 -2.846581 0.061553 -0.048518 -2.539623 0.013205 -0.040136 -0.001071 0.000020 0.000006 -5.468578 0.103746 -17.563416 -5.632112 0.100330 -0.065084 -5.420356 0.033752 -0.062225 -0.000368 0.000008 -0.000046 0.000000 0.000000 0.000000 0.000000 0.000000 0.000000 -5.646265 -14.156341 21.133440 -0.109246 -1.012908 4.630026 1.311268 -10.496603 15.229198 -1.315386 1.262608 -16.524536 0.000000 0.000000 0.000000 0.000000 0.000000 0.000000 0.000000 0.000000 0.000000 3.207255 -4.429931 12.442829 0.141163 0.729261 11.244339 -0.562057 0.545581 16.410711 0.523096 -1.032113 -19.791637 0.000000 0.000000 0.000000 0.000000 0.000000 0.000000 0.000000 0.000000 0.000000 
-0.129596 88.326996 5.360576 0.261708 2.417024 -14.011930 2.068920 -0.214626 9.422338 0.406141 0.086450 1.244497 -1.305197 1.213711 8.460385 -1.283727 0.407027 4.494376 -1.339656 0.806283 1.252955 0.088726 0.739207 -4.472452 -0.541690 -1.248289 -18.661633 0.000000 0.000000 0.000000 89.189034 0.034253 9.804841 61.699814 -7.044253 3.639943 -1.149753 15.987777 92.622849 -14.992242 11.906748 -0.920649 6.878843 -1.482876 41.564503 -0.000003 0.000014 -16.940065 0.000004 0.000045 -11.808022 0.000008 0.000002 -0.000017 -5.098923 -0.023571 2.139633 -0.159457 -0.093371 0.089756 -0.082663 -0.076213 0.034234 -0.000005 0.000015 -0.000006 -4.194132 -0.019372 -2.581129 -0.157610 -0.046980 0.034390 -0.001849 -0.027118 0.038346 -0.000012 0.000099 0.000004 -2.469649 0.031582 -9.072912 0.618143 0.084674 -0.083408 0.691485 0.045293 -0.049045 0.000009 -0.000868 -0.000005 -0.751867 0.080059 -16.354830 1.571304 0.239779 -0.104293 1.626366 0.150137 -0.144824 -0.000043 0.000004 -0.000005 0.000000 0.000000 0.000000 0.000000 0.000000 0.000000 -87.576149 -0.031571 3.441586 -73.231377 -3.363770 -10.132896 0.158843 -17.136312 105.083153 -2.122952 -37.886074 3.376131 -5.796308 1.115325 42.156387 0.000010 0.000012 -14.289251 0.000057 -0.000019 -10.133254 -0.000065 0.000023 -0.000052 9.298830 -0.000821 6.086693 -0.365886 -0.023224 0.115368 -0.570393 -0.001229 0.087167 0.000002 0.000109 -0.000012 6.828646 -0.010798 -0.020339 -1.094918 -0.021421 0.033974 -0.863873 -0.001585 0.029337 0.000085 -0.000006 0.000167 -0.113212 0.046542 -8.445738 -2.875306 0.060637 -0.050808 -2.571022 0.012854 -0.041784 -0.001069 0.000020 0.000006 -5.522380 0.101598 -17.441862 -5.660760 0.098503 -0.073816 -5.444958 0.032411 -0.069168 -0.000367 0.000008 -0.000046 0.000000 0.000000 0.000000 0.000000 0.000000 0.000000 -5.632964 -14.117755 21.123604 -0.107942 -1.012409 4.602601 1.305844 -10.445354 15.266205 -1.314772 1.266840 -16.542173 0.000000 0.000000 0.000000 0.000000 0.000000 0.000000 0.000000 0.000000 0.000000 3.236665 -4.400766 12.484855 0.140973 0.730871 11.234108 -0.584695 0.605760 16.380865 0.525422 -1.036175 -19.786289 0.000000 0.000000 0.000000 0.000000 0.000000 0.000000 0.000000 0.000000 0.000000 
-0.117737 88.325333 5.359786 0.238033 2.276177 -14.007327 2.075586 -0.218233 9.450664 0.403139 0.085523 1.248008 -1.285450 1.194948 8.484894 -1.279598 0.408731 4.476413 -1.355866 0.855969 1.250351 0.082714 0.777254 -4.463936 -0.551110 -1.239586 -18.612228 0.000000 0.000000 0.000000 89.174789 0.043859 9.846745 61.790554 -7.069123 3.649640 -1.157340 15.988118 92.752403 -15.286596 11.719553 -0.779802 6.848880 -1.480508 41.577755 -0.000003 0.000015 -16.867023 0.000003 0.000045 -11.758069 0.000008 0.000002 -0.000017 -5.200406 -0.024112 2.112458 -0.187517 -0.093827 0.087746 -0.111856 -0.076397 0.032266 -0.000005 0.000015 -0.000006 -4.269581 -0.019399 -2.578755 -0.180501 -0.046834 0.033731 -0.022183 -0.027241 0.037718 -0.000012 0.000097 0.000004 -2.533099 0.031450 -9.030597 0.613002 0.084393 -0.080926 0.685354 0.045083 -0.047491 0.000009 -0.000948 -0.000006 -0.833836 0.077358 -16.269096 1.568753 0.238542 -0.096356 1.625136 0.149897 -0.138135 -0.000044 0.000004 -0.000005 0.000000 0.000000 0.000000 0.000000 0.000000 0.000000 -87.570732 -0.042441 3.505843 -73.288231 -3.223072 -10.166500 0.154481 -17.151279 105.009911 -1.834580 -38.020519 3.266359 -5.784861 1.113376 42.162762 0.000009 0.000012 -14.258829 0.000055 -0.000019 -10.113823 -0.000081 0.000022 -0.000133 9.315058 -0.001249 6.052418 -0.390946 -0.022241 0.121171 -0.593706 -0.000291 0.091544 0.000003 0.000153 -0.000012 6.835344 -0.010778 -0.022030 -1.119991 -0.020821 0.036009 -0.891903 -0.001200 0.031311 0.000053 -0.000006 0.000166 -0.149426 0.046550 -8.391336 -2.903769 0.059731 -0.053178 -2.602556 0.012519 -0.043472 -0.001069 0.000020 0.000006 -5.589795 0.099310 -17.323965 -5.690385 0.096845 -0.082366 -5.470389 0.031166 -0.076119 -0.000369 0.000008 -0.000046 0.000000 0.000000 0.000000 0.000000 0.000000 0.000000 -5.623164 -14.078529 21.113089 -0.106788 -1.012004 4.570555 1.301633 -10.389164 15.304357 -1.314493 1.270652 -16.559412 0.000000 0.000000 0.000000 0.000000 0.000000 0.000000 0.000000 0.000000 0.000000 3.263001 -4.369772 12.527245 0.140841 0.732400 11.224255 -0.607133 0.666469 16.350777 0.527055 -1.039730 -19.782225 0.000000 0.000000 0.000000 0.000000 0.000000 0.000000 0.000000 0.000000 0.000000 
-0.105499 88.324051 5.358848 0.216519 2.135524 -14.000605 2.082007 -0.221817 9.475000 0.400924 0.084440 1.257490 -1.268040 1.175758 8.500055 -1.277768 0.410284 4.457074 -1.376918 0.900183 1.240538 0.075810 0.809429 -4.459972 -0.559564 -1.231500 -18.561893 0.000000 0.000000 0.000000 89.158440 0.051408 9.884734 61.877098 -7.098809 3.659231 -1.164746 15.985306 92.882767 -15.559284 11.560218 -0.630658 6.821781 -1.478586 41.589600 -0.000003 0.000015 -16.801016 0.000003 0.000046 -11.712561 0.000008 0.000002 -0.000017 -5.286876 -0.024596 2.078176 -0.211941 -0.094198 0.085115 -0.138066 -0.076509 0.029720 -0.000005 0.000015 -0.000005 -4.331376 -0.019412 -2.581054 -0.200942 -0.046674 0.032874 -0.040029 -0.027348 0.036920 -0.000012 0.000094 0.000004 -2.582460 0.031328 -8.990677 0.609689 0.084159 -0.078434 0.681124 0.044898 -0.045884 0.000009 -0.001026 -0.000006 -0.903398 0.074705 -16.181839 1.568089 0.237505 -0.089044 1.625472 0.149839 -0.131715 -0.000046 0.000004 -0.000005 0.000000 0.000000 0.000000 0.000000 0.000000 0.000000 -87.561623 -0.053777 3.565751 -73.347054 -3.092196 -10.192357 0.149297 -17.171066 104.953987 -1.613775 -38.157825 3.187979 -5.776588 1.111990 42.167446 0.000009 0.000012 -14.237149 0.000054 -0.000019 -10.100180 -0.000096 0.000022 -0.000207 9.312171 -0.001641 6.011848 -0.416370 -0.021252 0.127157 -0.617718 0.000653 0.096115 0.000003 0.000196 -0.000012 6.824858 -0.010717 -0.029433 -1.145267 -0.020209 0.038066 -0.919788 -0.000808 0.033315 0.000028 -0.000006 0.000164 -0.199001 0.046486 -8.342808 -2.931794 0.058845 -0.055594 -2.633862 0.012198 -0.045181 -0.001070 0.000020 0.000006 -5.668181 0.096932 -17.210526 -5.720459 0.095339 -0.090652 -5.496185 0.030006 -0.082983 -0.000374 0.000008 -0.000046 0.000000 0.000000 0.000000 0.000000 0.000000 0.000000 -5.615591 -14.039229 21.100863 -0.105737 -1.011548 4.535015 1.298323 -10.330691 15.344576 -1.314369 1.273901 -16.577290 0.000000 0.000000 0.000000 0.000000 0.000000 0.000000 0.000000 0.000000 0.000000 3.286774 -4.338348 12.567935 0.140791 0.733972 11.215990 -0.628817 0.725773 16.321260 0.527948 -1.042707 -19.780294 0.000000 0.000000 0.000000 0.000000 0.000000 0.000000 0.000000 0.000000 0.000000 
-0.093145 88.323196 5.357807 0.196515 1.996774 -13.991320 2.088605 -0.225342 9.495378 0.399422 0.083299 1.272923 -1.252647 1.155965 8.505816 -1.278496 0.411551 4.436559 -1.401744 0.938506 1.222263 0.067940 0.835437 -4.461287 -0.567025 -1.224096 -18.510294 0.000000 0.000000 0.000000 89.139526 0.057298 9.918459 61.960125 -7.136097 3.664885 -1.171918 15.978467 93.016708 -15.812980 11.419214 -0.472922 6.797165 -1.477019 41.600273 -0.000003 0.000016 -16.740984 0.000003 0.000046 -11.670850 0.000009 0.000002 -0.000017 -5.361475 -0.024999 2.039542 -0.233149 -0.094515 0.082134 -0.161646 -0.076587 0.026833 -0.000005 0.000015 -0.000005 -4.383042 -0.019404 -2.586112 -0.219448 -0.046513 0.031925 -0.056014 -0.027448 0.036033 -0.000012 0.000092 0.000004 -2.621633 0.031206 -8.952347 0.607362 0.083989 -0.076052 0.677926 0.044750 -0.044315 0.000008 -0.001100 -0.000006 -0.963642 0.072123 -16.093458 1.568348 0.236737 -0.082661 1.626444 0.149995 -0.125867 -0.000051 0.000004 -0.000005 0.000000 0.000000 0.000000 0.000000 0.000000 0.000000 -87.549171 -0.065135 3.620979 -73.405952 -2.970817 -10.212029 0.143782 -17.194862 104.919060 -1.449993 -38.280064 3.139007 -5.771647 1.111162 42.170406 0.000009 0.000012 -14.224677 0.000052 -0.000019 -10.092551 -0.000112 0.000022 -0.000274 9.290561 -0.001989 5.964928 -0.442479 -0.020273 0.133193 -0.642802 0.001592 0.100761 0.000003 0.000238 -0.000012 6.797896 -0.010618 -0.042547 -1.170913 -0.019594 0.040095 -0.947781 -0.000413 0.035302 0.000011 -0.000006 0.000162 -0.260523 0.046363 -8.300413 -2.959571 0.057996 -0.058000 -2.664947 0.011898 -0.046874 -0.001073 0.000020 0.000006 -5.755532 0.094505 -17.102133 -5.750757 0.093988 -0.098538 -5.522211 0.028935 -0.089633 -0.000381 0.000008 -0.000046 0.000000 0.000000 0.000000 0.000000 0.000000 0.000000 -5.609079 -14.000502 21.086048 -0.104743 -1.010938 4.497066 1.295493 -10.272315 15.387754 -1.314234 1.276459 -16.596733 0.000000 0.000000 0.000000 0.000000 0.000000 0.000000 0.000000 0.000000 0.000000 3.308643 -4.307234 12.605211 0.140844 0.735681 11.210240 -0.649257 0.781930 16.293188 0.528067 -1.045065 -19.781147 0.000000 0.000000 0.000000 0.000000 0.000000 0.000000 0.000000 0.000000 0.000000 
-0.080882 88.322830 5.356734 0.177588 1.861235 -13.979280 2.095584 -0.228733 9.511898 0.398690 0.082119 1.293862 -1.239147 1.135894 8.502653 -1.281774 0.412527 4.415217 -1.428989 0.970601 1.195166 0.059159 0.855136 -4.468035 -0.573412 -1.217337 -18.457262 0.000000 0.000000 0.000000 89.117744 0.061988 9.948367 62.040203 -7.182932 3.663960 -1.178708 15.966969 93.153069 -16.048737 11.288149 -0.308305 6.774701 -1.475733 41.609974 -0.000003 0.000016 -16.685991 0.000003 0.000046 -11.632381 0.000009 0.000002 -0.000017 -5.427314 -0.025315 1.998919 -0.251630 -0.094816 0.079085 -0.182951 -0.076674 0.023864 -0.000005 0.000015 -0.000005 -4.427924 -0.019377 -2.592311 -0.236488 -0.046365 0.030990 -0.070751 -0.027551 0.035144 -0.000012 0.000089 0.000004 -2.654378 0.031077 -8.914833 0.605184 0.083897 -0.073891 0.674927 0.044653 -0.042869 0.000008 -0.001168 -0.000006 -1.017482 0.069631 -16.004379 1.568638 0.236285 -0.077417 1.627240 0.150385 -0.120804 -0.000057 0.000004 -0.000005 0.000000 0.000000 0.000000 0.000000 0.000000 0.000000 -87.533752 -0.076143 3.671824 -73.463272 -2.857462 -10.226617 0.138400 -17.221302 104.905617 -1.331630 -38.371674 3.115370 -5.770195 1.110872 42.171631 0.000009 0.000012 -14.221776 0.000050 -0.000019 -10.091128 -0.000130 0.000022 -0.000333 9.250779 -0.002289 5.911610 -0.469877 -0.019336 0.139100 -0.669522 0.002501 0.105328 0.000003 0.000278 -0.000011 6.755139 -0.010491 -0.061277 -1.197377 -0.018990 0.042035 -0.976418 -0.000025 0.037214 -0.000001 -0.000007 0.000160 -0.333032 0.046189 -8.263870 -2.987654 0.057201 -0.060320 -2.696221 0.011628 -0.048504 -0.001076 0.000020 0.000006 -5.850492 0.092063 -16.998665 -5.781441 0.092796 -0.105878 -5.548710 0.027968 -0.095938 -0.000390 0.000008 -0.000047 0.000000 0.000000 0.000000 0.000000 0.000000 0.000000 -5.602701 -13.962944 21.068207 -0.103774 -1.010123 4.457591 1.292776 -10.215836 15.434365 -1.313966 1.278262 -16.618256 0.000000 0.000000 0.000000 0.000000 0.000000 0.000000 0.000000 0.000000 0.000000 3.329243 -4.276398 12.638285 0.141005 0.737573 11.207127 -0.668200 0.833866 16.267374 0.527461 -1.046793 -19.785053 0.000000 0.000000 0.000000 0.000000 0.000000 0.000000 0.000000 0.000000 0.000000 
-0.068849 88.322945 5.355684 0.159490 1.729974 -13.964516 2.103078 -0.231914 9.524796 0.398773 0.080904 1.319677 -1.227443 1.116047 8.491169 -1.287471 0.413300 4.393406 -1.457144 0.996413 1.159706 0.049629 0.868664 -4.479841 -0.578665 -1.211150 -18.402748 0.000000 0.000000 0.000000 89.093018 0.065862 9.975272 62.117329 -7.241153 3.655558 -1.184875 15.950977 93.288719 -16.266850 11.160544 -0.139730 6.754104 -1.474666 41.618877 -0.000003 0.000016 -16.635197 0.000003 0.000046 -11.596655 0.000009 0.000002 -0.000018 -5.487175 -0.025541 1.957917 -0.267940 -0.095138 0.076201 -0.202428 -0.076806 0.021028 -0.000005 0.000015 -0.000005 -4.468847 -0.019332 -2.598654 -0.252543 -0.046243 0.030149 -0.084813 -0.027667 0.034319 -0.000012 0.000087 0.000004 -2.683581 0.030938 -8.877728 0.602463 0.083890 -0.072016 0.671451 0.044612 -0.041597 0.000008 -0.001228 -0.000006 -1.066968 0.067242 -15.915310 1.568268 0.236164 -0.073374 1.627227 0.150996 -0.116617 -0.000064 0.000004 -0.000005 0.000000 0.000000 0.000000 0.000000 0.000000 0.000000 -87.515739 -0.086543 3.718884 -73.517723 -2.749317 -10.236780 0.133521 -17.248993 104.911964 -1.247674 -38.421967 3.111664 -5.772372 1.111088 42.171074 0.000009 0.000012 -14.228705 0.000048 -0.000019 -10.096088 -0.000152 0.000022 -0.000386 9.193262 -0.002542 5.851443 -0.499214 -0.018468 0.144734 -0.698462 0.003353 0.109691 0.000003 0.000316 -0.000011 6.697028 -0.010346 -0.085806 -1.225145 -0.018410 0.043838 -1.006317 0.000346 0.039006 -0.000009 -0.000007 0.000157 -0.416144 0.045975 -8.232979 -3.016670 0.056474 -0.062498 -2.728198 0.011393 -0.050034 -0.001078 0.000020 0.000006 -5.952443 0.089613 -16.899908 -5.812819 0.091764 -0.112590 -5.576086 0.027112 -0.101819 -0.000401 0.000008 -0.000047 0.000000 0.000000 0.000000 0.000000 0.000000 0.000000 -5.595864 -13.927089 21.047243 -0.102811 -1.009093 4.417254 1.289912 -10.162400 15.484447 -1.313503 1.279302 -16.641981 0.000000 0.000000 0.000000 0.000000 0.000000 0.000000 0.000000 0.000000 0.000000 3.349080 -4.245536 12.666991 0.141270 0.739655 11.206248 -0.685566 0.881003 16.244381 0.526211 -1.047915 -19.791908 0.000000 0.000000 0.000000 0.000000 0.000000 0.000000 0.000000 0.000000 0.000000 
-0.057143 88.323540 5.354670 0.141889 1.603934 -13.947259 2.111355 -0.234868 9.534374 0.399685 0.079693 1.349951 -1.217399 1.096819 8.471649 -1.295555 0.413989 4.371459 -1.484863 1.016457 1.116489 0.039539 0.876632 -4.496268 -0.582886 -1.205490 -18.346687 0.000000 0.000000 0.000000 89.064842 0.069276 10.000094 62.191006 -7.312937 3.639945 -1.190173 15.930472 93.420494 -16.467356 11.032182 0.029605 6.735061 -1.473754 41.627163 -0.000003 0.000017 -16.587704 0.000003 0.000046 -11.563144 0.000010 0.000003 -0.000018 -5.543410 -0.025667 1.917546 -0.282660 -0.095500 0.073612 -0.220614 -0.077002 0.018448 -0.000005 0.000015 -0.000005 -4.508062 -0.019268 -2.604657 -0.268153 -0.046152 0.029439 -0.098792 -0.027799 0.033590 -0.000012 0.000084 0.000004 -2.711262 0.030785 -8.841202 0.598549 0.083964 -0.070442 0.666855 0.044623 -0.040515 0.000008 -0.001282 -0.000006 -1.113378 0.064963 -15.827504 1.566558 0.236366 -0.070474 1.625750 0.151802 -0.113299 -0.000073 0.000004 -0.000005 0.000000 0.000000 0.000000 0.000000 0.000000 0.000000 -87.495476 -0.096177 3.762780 -73.568054 -2.643149 -10.242660 0.129420 -17.276726 104.936256 -1.188661 -38.424313 3.122289 -5.778275 1.111784 42.168770 0.000009 0.000012 -14.245631 0.000046 -0.000019 -10.107572 -0.000176 0.000022 -0.000431 9.118135 -0.002745 5.783700 -0.530921 -0.017686 0.150011 -0.730017 0.004133 0.113780 0.000003 0.000352 -0.000011 6.623680 -0.010189 -0.116645 -1.254483 -0.017860 0.045484 -1.037836 0.000696 0.040656 -0.000015 -0.000007 0.000155 -0.509761 0.045731 -8.208002 -3.046831 0.055822 -0.064505 -2.761046 0.011194 -0.051448 -0.001081 0.000020 0.000006 -6.061041 0.087163 -16.806116 -5.844792 0.090897 -0.118655 -5.604298 0.026372 -0.107239 -0.000415 0.000009 -0.000047 0.000000 0.000000 0.000000 0.000000 0.000000 0.000000 -5.588145 -13.893467 21.023270 -0.101838 -1.007849 4.376544 1.286700 -10.112641 15.538039 -1.312805 1.279583 -16.667950 0.000000 0.000000 0.000000 0.000000 0.000000 0.000000 0.000000 0.000000 0.000000 3.368752 -4.214516 12.691228 0.141640 0.741917 11.207454 -0.701302 0.922609 16.224428 0.524362 -1.048453 -19.801449 0.000000 0.000000 0.000000 0.000000 0.000000 0.000000 0.000000 0.000000 0.000000 
-0.045812 88.324570 5.353764 0.124769 1.483972 -13.927777 2.120400 -0.237511 9.540767 0.401366 0.078534 1.384048 -1.208853 1.078688 8.444887 -1.305838 0.414692 4.349927 -1.511115 1.031044 1.066555 0.029108 0.879446 -4.516693 -0.586084 -1.200259 -18.289370 0.000000 0.000000 0.000000 89.033783 0.072491 10.023709 62.260670 -7.398274 3.617887 -1.194470 15.905358 93.544281 -16.650249 10.901282 0.196337 6.717543 -1.472964 41.634846 -0.000003 0.000017 -16.543407 0.000003 0.000046 -11.531793 0.000010 0.000003 -0.000018 -5.596883 -0.025712 1.878589 -0.295989 -0.095910 0.071389 -0.237578 -0.077270 0.016180 -0.000005 0.000015 -0.000005 -4.546464 -0.019194 -2.609932 -0.283407 -0.046093 0.028874 -0.112803 -0.027946 0.032967 -0.000012 0.000081 0.000005 -2.738726 0.030619 -8.805304 0.593104 0.084111 -0.069157 0.660873 0.044683 -0.039617 0.000008 -0.001330 -0.000006 -1.157962 0.062792 -15.741731 1.563088 0.236877 -0.068613 1.622506 0.152777 -0.110779 -0.000083 0.000004 -0.000005 0.000000 0.000000 0.000000 0.000000 0.000000 0.000000 -87.473343 -0.104805 3.804067 -73.613152 -2.536694 -10.243389 0.126163 -17.303005 104.973923 -1.148248 -38.376789 3.141582 -5.788083 1.112940 42.164658 0.000009 0.000012 -14.272862 0.000044 -0.000018 -10.125835 -0.000204 0.000022 -0.000469 9.025119 -0.002910 5.707916 -0.565518 -0.017005 0.154886 -0.764643 0.004825 0.117571 0.000004 0.000386 -0.000011 6.534699 -0.010029 -0.154043 -1.285815 -0.017347 0.046974 -1.071490 0.001021 0.042160 -0.000021 -0.000007 0.000153 -0.614507 0.045460 -8.188756 -3.078656 0.055242 -0.066346 -2.795244 0.011028 -0.052753 -0.001082 0.000020 0.000006 -6.176623 0.084715 -16.716944 -5.877689 0.090176 -0.124157 -5.633781 0.025737 -0.112265 -0.000429 0.000009 -0.000047 0.000000 0.000000 0.000000 0.000000 0.000000 0.000000 -5.579533 -13.862691 20.996437 -0.100871 -1.006459 4.336212 1.283158 -10.066736 15.594400 -1.311865 1.279198 -16.695820 0.000000 0.000000 0.000000 0.000000 0.000000 0.000000 0.000000 0.000000 0.000000 3.388415 -4.183139 12.711597 0.142102 0.744317 11.210005 -0.715518 0.958708 16.207476 0.522033 -1.048434 -19.813171 0.000000 0.000000 0.000000 0.000000 0.000000 0.000000 0.000000 0.000000 0.000000 
-0.034903 88.325981 5.353045 0.108000 1.370870 -13.906459 2.130280 -0.239801 9.544241 0.403645 0.077509 1.421422 -1.201538 1.061856 8.411525 -1.318151 0.415504 4.329245 -1.534953 1.040810 1.011076 0.018564 0.877889 -4.540422 -0.588406 -1.195409 -18.231190 0.000000 0.000000 0.000000 89.000191 0.075661 10.046628 62.325905 -7.497334 3.590533 -1.197711 15.875605 93.657707 -16.816347 10.766745 0.357432 6.701459 -1.472277 41.641987 -0.000002 0.000017 -16.502073 0.000003 0.000047 -11.502486 0.000010 0.000003 -0.000018 -5.648162 -0.025682 1.841129 -0.308279 -0.096375 0.069547 -0.253586 -0.077614 0.014236 -0.000005 0.000015 -0.000005 -4.584536 -0.019114 -2.614739 -0.298549 -0.046065 0.028449 -0.127059 -0.028110 0.032447 -0.000012 0.000079 0.000005 -2.766478 0.030442 -8.770741 0.585863 0.084329 -0.068133 0.653285 0.044788 -0.038884 0.000008 -0.001372 -0.000006 -1.201179 0.060721 -15.659321 1.557526 0.237689 -0.067651 1.617210 0.153904 -0.108957 -0.000094 0.000004 -0.000005 0.000000 0.000000 0.000000 0.000000 0.000000 0.000000 -87.449745 -0.112290 3.843205 -73.652359 -2.427640 -10.238023 0.123789 -17.326944 105.021057 -1.121445 -38.279724 3.164079 -5.801816 1.114555 42.158752 0.000009 0.000012 -14.310396 0.000042 -0.000018 -10.150941 -0.000235 0.000022 -0.000502 8.914039 -0.003039 5.623633 -0.603049 -0.016433 0.159340 -0.802342 0.005418 0.121056 0.000004 0.000417 -0.000011 6.429767 -0.009873 -0.198371 -1.319159 -0.016877 0.048315 -1.107348 0.001318 0.043525 -0.000028 -0.000007 0.000151 -0.730941 0.045168 -8.175447 -3.112222 0.054735 -0.068036 -2.830863 0.010894 -0.053962 -0.001081 0.000021 0.000006 -6.299583 0.082271 -16.632593 -5.911469 0.089600 -0.129184 -5.664543 0.025205 -0.116965 -0.000445 0.000009 -0.000047 0.000000 0.000000 0.000000 0.000000 0.000000 0.000000 -5.570135 -13.835320 20.967150 -0.099918 -1.004974 4.296654 1.279298 -10.024735 15.653063 -1.310681 1.278244 -16.725252 0.000000 0.000000 0.000000 0.000000 0.000000 0.000000 0.000000 0.000000 0.000000 3.408240 -4.151619 12.728459 0.142643 0.746819 11.213635 -0.728277 0.989143 16.193218 0.519298 -1.047905 -19.826527 0.000000 0.000000 0.000000 0.000000 0.000000 0.000000 0.000000 0.000000 0.000000 
-0.024451 88.327698 5.352596 0.091622 1.265329 -13.883714 2.140886 -0.241680 9.545044 0.406299 0.076697 1.461484 -1.195198 1.046414 8.372439 -1.332236 0.416450 4.309847 -1.555672 1.046297 0.951307 0.008155 0.872687 -4.566748 -0.589973 -1.190908 -18.172642 0.000000 0.000000 0.000000 88.964912 0.078855 10.069103 62.386711 -7.608724 3.558975 -1.199967 15.840990 93.759697 -16.966707 10.628207 0.510770 6.686833 -1.471680 41.648582 -0.000002 0.000018 -16.463804 0.000003 0.000047 -11.475279 0.000011 0.000003 -0.000019 -5.697246 -0.025595 1.805064 -0.319627 -0.096891 0.068056 -0.268642 -0.078029 0.012587 -0.000005 0.000015 -0.000005 -4.622275 -0.019035 -2.619476 -0.313555 -0.046063 0.028142 -0.141479 -0.028287 0.032011 -0.000012 0.000076 0.000005 -2.794869 0.030256 -8.738324 0.576781 0.084608 -0.067336 0.644135 0.044934 -0.038291 0.000009 -0.001408 -0.000006 -1.243667 0.058732 -15.581531 1.549762 0.238787 -0.067468 1.609809 0.155167 -0.107731 -0.000106 0.000004 -0.000005 0.000000 0.000000 0.000000 0.000000 0.000000 0.000000 -87.425110 -0.118527 3.880529 -73.685173 -2.315228 -10.225430 0.122257 -17.347876 105.074059 -1.106166 -38.135937 3.185681 -5.819443 1.116630 42.151051 0.000009 0.000012 -14.358069 0.000040 -0.000018 -10.182860 -0.000267 0.000022 -0.000530 8.785035 -0.003135 5.530893 -0.643243 -0.015975 0.163378 -0.842792 0.005905 0.124255 0.000004 0.000447 -0.000011 6.308853 -0.009727 -0.249698 -1.354299 -0.016451 0.049522 -1.145224 0.001583 0.044762 -0.000036 -0.000008 0.000149 -0.859386 0.044861 -8.168247 -3.147448 0.054297 -0.069602 -2.867829 0.010787 -0.055092 -0.001078 0.000021 0.000006 -6.430134 0.079844 -16.553482 -5.946070 0.089160 -0.133841 -5.696576 0.024772 -0.121427 -0.000461 0.000009 -0.000047 0.000000 0.000000 0.000000 0.000000 0.000000 0.000000 -5.560337 -13.811946 20.935860 -0.099002 -1.003473 4.258299 1.275243 -9.986518 15.713276 -1.309272 1.276856 -16.755842 0.000000 0.000000 0.000000 0.000000 0.000000 0.000000 0.000000 0.000000 0.000000 3.428081 -4.120327 12.742195 0.143244 0.749372 11.218203 -0.739631 1.013972 16.181202 0.516226 -1.046906 -19.840963 0.000000 0.000000 0.000000 0.000000 0.000000 0.000000 0.000000 0.000000 0.000000 
-0.014492 88.329636 5.352492 0.075715 1.167896 -13.859962 2.151995 -0.243097 9.543465 0.409094 0.076160 1.503616 -1.189581 1.032370 8.328636 -1.347709 0.417531 4.292054 -1.572677 1.047923 0.888659 -0.001867 0.864509 -4.594873 -0.590880 -1.186737 -18.114271 0.000000 0.000000 0.000000 88.928925 0.082097 10.091208 62.443607 -7.730212 3.524262 -1.201377 15.801375 93.850151 -17.102781 10.485429 0.655098 6.673623 -1.471167 41.654617 -0.000002 0.000018 -16.428589 0.000003 0.000047 -11.450162 0.000011 0.000003 -0.000019 -5.744107 -0.025463 1.770030 -0.330154 -0.097452 0.066879 -0.282767 -0.078509 0.011200 -0.000005 0.000015 -0.000005 -4.659724 -0.018960 -2.624757 -0.328392 -0.046085 0.027932 -0.155949 -0.028476 0.031644 -0.000012 0.000074 0.000005 -2.824393 0.030066 -8.708981 0.565919 0.084945 -0.066738 0.633529 0.045119 -0.037819 0.000009 -0.001441 -0.000006 -1.286288 0.056814 -15.509549 1.539796 0.240161 -0.067971 1.600342 0.156564 -0.107022 -0.000117 0.000004 -0.000005 0.000000 0.000000 0.000000 0.000000 0.000000 0.000000 -87.399864 -0.123491 3.916358 -73.711441 -2.199369 -10.204732 0.121537 -17.365355 105.129997 -1.102081 -37.949745 3.203653 -5.840727 1.119169 42.141647 0.000010 0.000012 -14.415262 0.000038 -0.000018 -10.221247 -0.000300 0.000022 -0.000553 8.638925 -0.003195 5.430195 -0.685397 -0.015637 0.166988 -0.885227 0.006277 0.127168 0.000004 0.000475 -0.000011 6.172568 -0.009592 -0.307821 -1.390669 -0.016074 0.050600 -1.184565 0.001816 0.045880 -0.000046 -0.000008 0.000147 -0.999480 0.044542 -8.167268 -3.183951 0.053927 -0.071058 -2.905801 0.010707 -0.056149 -0.001074 0.000021 0.000007 -6.567928 0.077441 -16.480129 -5.981276 0.088857 -0.138180 -5.729667 0.024436 -0.125689 -0.000477 0.000009 -0.000047 0.000000 0.000000 0.000000 0.000000 0.000000 0.000000 -5.550598 -13.793068 20.903133 -0.098149 -1.002033 4.221444 1.271136 -9.951894 15.774272 -1.307672 1.275182 -16.787117 0.000000 0.000000 0.000000 0.000000 0.000000 0.000000 0.000000 0.000000 0.000000 3.447686 -4.089742 12.753118 0.143880 0.751925 11.223747 -0.749644 1.033369 16.170898 0.512876 -1.045487 -19.855949 0.000000 0.000000 0.000000 0.000000 0.000000 0.000000 0.000000 0.000000 0.000000 
-0.005044 88.331718 5.352808 0.060494 1.078889 -13.835607 2.163191 -0.243989 9.539831 0.411812 0.075945 1.547005 -1.184477 1.019728 8.281429 -1.364012 0.418731 4.276087 -1.585417 1.045760 0.824693 -0.011234 0.853757 -4.623881 -0.591136 -1.182880 -18.056648 0.000000 0.000000 0.000000 88.893684 0.085356 10.112954 62.497353 -7.858973 3.487444 -1.202148 15.757430 93.929359 -17.226141 10.338295 0.790252 6.661786 -1.470747 41.660088 -0.000002 0.000018 -16.396450 0.000003 0.000047 -11.427115 0.000011 0.000003 -0.000019 -5.788477 -0.025308 1.735437 -0.339998 -0.098055 0.065990 -0.296020 -0.079046 0.010059 -0.000005 0.000015 -0.000005 -4.696784 -0.018898 -2.631332 -0.342985 -0.046130 0.027803 -0.170313 -0.028677 0.031336 -0.000012 0.000071 0.000005 -2.855492 0.029873 -8.683528 0.553467 0.085332 -0.066319 0.621730 0.045343 -0.037458 0.000009 -0.001470 -0.000006 -1.329945 0.054948 -15.444198 1.527821 0.241789 -0.069088 1.589054 0.158087 -0.106759 -0.000128 0.000004 -0.000005 0.000000 0.000000 0.000000 0.000000 0.000000 0.000000 -87.374565 -0.127240 3.951038 -73.731178 -2.080126 -10.175533 0.121534 -17.379318 105.185982 -1.109374 -37.725853 3.216398 -5.865223 1.122154 42.130657 0.000010 0.000013 -14.480841 0.000037 -0.000018 -10.265403 -0.000332 0.000022 -0.000574 8.477407 -0.003220 5.322556 -0.728422 -0.015427 0.170143 -0.928469 0.006525 0.129779 0.000004 0.000500 -0.000011 6.022419 -0.009472 -0.372121 -1.427398 -0.015750 0.051545 -1.224511 0.002010 0.046875 -0.000059 -0.000008 0.000145 -1.149917 0.044220 -8.172277 -3.221135 0.053623 -0.072408 -2.944220 0.010655 -0.057128 -0.001067 0.000021 0.000007 -6.711783 0.075083 -16.412725 -6.016763 0.088682 -0.142225 -5.763508 0.024196 -0.129766 -0.000494 0.000009 -0.000047 0.000000 0.000000 0.000000 0.000000 0.000000 0.000000 -5.541430 -13.778906 20.869602 -0.097387 -1.000736 4.186261 1.267170 -9.920662 15.835106 -1.305945 1.273389 -16.818501 0.000000 0.000000 0.000000 0.000000 0.000000 0.000000 0.000000 0.000000 0.000000 3.466636 -4.060301 12.761731 0.144522 0.754430 11.230096 -0.758486 1.047775 16.161781 0.509343 -1.043719 -19.870951 0.000000 0.000000 0.000000 0.000000 0.000000 0.000000 0.000000 0.000000 0.000000 
0.003872 88.333900 5.353571 0.046044 0.998289 -13.810987 2.174057 -0.244361 9.534506 0.414258 0.076063 1.590870 -1.179684 1.008422 8.231997 -1.380535 0.420057 4.261889 -1.593487 1.039928 0.760822 -0.019750 0.840825 -4.652845 -0.590769 -1.179341 -18.000202 0.000000 0.000000 0.000000 88.860062 0.088589 10.134410 62.548534 -7.992854 3.449602 -1.202547 15.710010 93.998093 -17.338314 10.186823 0.916807 6.651180 -1.470429 41.665028 -0.000002 0.000018 -16.367184 0.000003 0.000048 -11.405992 0.000011 0.000003 -0.000019 -5.830234 -0.025136 1.700523 -0.349514 -0.098701 0.065363 -0.308704 -0.079640 0.009152 -0.000005 0.000015 -0.000005 -4.733424 -0.018849 -2.639943 -0.357485 -0.046196 0.027742 -0.184636 -0.028890 0.031081 -0.000013 0.000069 0.000005 -2.888394 0.029681 -8.662558 0.539613 0.085762 -0.066053 0.608918 0.045603 -0.037192 0.000009 -0.001497 -0.000006 -1.375176 0.053119 -15.385893 1.514074 0.243630 -0.070714 1.576205 0.159717 -0.106856 -0.000139 0.000004 -0.000005 0.000000 0.000000 0.000000 0.000000 0.000000 0.000000 -87.349594 -0.129993 3.984958 -73.744781 -1.956723 -10.138190 0.122097 -17.389957 105.240112 -1.126409 -37.467453 3.222447 -5.892320 1.125556 42.118317 0.000010 0.000013 -14.553288 0.000035 -0.000018 -10.314346 -0.000362 0.000022 -0.000593 8.302677 -0.003202 5.209052 -0.770953 -0.015353 0.172797 -0.971050 0.006637 0.132047 0.000004 0.000524 -0.000010 5.860487 -0.009367 -0.441833 -1.463320 -0.015484 0.052340 -1.263885 0.002161 0.047738 -0.000074 -0.000008 0.000144 -1.308752 0.043895 -8.182823 -3.258066 0.053385 -0.073633 -2.982200 0.010632 -0.058010 -0.001058 0.000021 0.000007 -6.859959 0.072766 -16.351109 -6.051918 0.088633 -0.145947 -5.797406 0.024055 -0.133611 -0.000510 0.000009 -0.000047 0.000000 0.000000 0.000000 0.000000 0.000000 0.000000 -5.533153 -13.769506 20.836094 -0.096729 -0.999637 4.152464 1.263493 -9.892631 15.895116 -1.304153 1.271606 -16.849527 0.000000 0.000000 0.000000 0.000000 0.000000 0.000000 0.000000 0.000000 0.000000 3.484712 -4.032318 12.768529 0.145144 0.756851 11.236962 -0.766333 1.057488 16.153442 0.505720 -1.041687 -19.885532 0.000000 0.000000 0.000000 0.000000 0.000000 0.000000 0.000000 0.000000 0.000000 
0.012241 88.336159 5.354763 0.032287 0.925793 -13.786367 2.184294 -0.244279 9.527805 0.416291 0.076499 1.634637 -1.174966 0.998312 8.181081 -1.396744 0.421524 4.249266 -1.596660 1.030689 0.698206 -0.027304 0.826143 -4.680993 -0.589822 -1.176115 -17.945227 0.000000 0.000000 0.000000 88.828323 0.091790 10.155643 62.597389 -8.130404 3.411659 -1.202857 15.659849 94.057602 -17.440615 10.031091 1.035992 6.641642 -1.470207 41.669476 -0.000002 0.000019 -16.340467 0.000003 0.000048 -11.386608 0.000012 0.000004 -0.000020 -5.869433 -0.024946 1.664808 -0.359012 -0.099378 0.064950 -0.321133 -0.080280 0.008449 -0.000005 0.000015 -0.000005 -4.769685 -0.018813 -2.650959 -0.372051 -0.046281 0.027727 -0.199006 -0.029110 0.030861 -0.000013 0.000067 0.000006 -2.923278 0.029489 -8.646285 0.524561 0.086218 -0.065900 0.595281 0.045891 -0.036994 0.000009 -0.001523 -0.000006 -1.422322 0.051313 -15.334614 1.498847 0.245611 -0.072701 1.562098 0.161411 -0.107191 -0.000148 0.000005 -0.000005 0.000000 0.000000 0.000000 0.000000 0.000000 0.000000 -87.325073 -0.132056 4.018392 -73.752914 -1.828083 -10.093601 0.123071 -17.397337 105.291481 -1.151058 -37.177608 3.221050 -5.921454 1.129333 42.104847 0.000010 0.000013 -14.631191 0.000034 -0.000018 -10.367175 -0.000390 0.000022 -0.000611 8.116768 -0.003139 5.090508 -0.811819 -0.015415 0.174931 -1.011700 0.006614 0.133947 0.000004 0.000547 -0.000010 5.688721 -0.009274 -0.516302 -1.497405 -0.015277 0.052977 -1.301625 0.002266 0.048462 -0.000090 -0.000009 0.000142 -1.474094 0.043569 -8.198462 -3.293837 0.053209 -0.074719 -3.018877 0.010639 -0.058780 -0.001049 0.000021 0.000007 -7.010760 0.070485 -16.294973 -6.086099 0.088696 -0.149316 -5.830616 0.024007 -0.137191 -0.000525 0.000009 -0.000047 0.000000 0.000000 0.000000 0.000000 0.000000 0.000000 -5.525840 -13.764810 20.803320 -0.096176 -0.998765 4.119589 1.260187 -9.867497 15.953928 -1.302343 1.269910 -16.879906 0.000000 0.000000 0.000000 0.000000 0.000000 0.000000 0.000000 0.000000 0.000000 3.501918 -4.005945 12.773920 0.145730 0.759154 11.244043 -0.773320 1.062758 16.145643 0.502076 -1.039459 -19.899412 0.000000 0.000000 0.000000 0.000000 0.000000 0.000000 0.000000 0.000000 0.000000 
0.020040 88.338478 5.356292 0.018943 0.860961 -13.761921 2.193899 -0.243880 9.519942 0.417755 0.077238 1.678192 -1.170070 0.989036 8.128621 -1.412449 0.423096 4.237995 -1.594726 1.018728 0.637366 -0.033881 0.810448 -4.707924 -0.588444 -1.173210 -17.891762 0.000000 0.000000 0.000000 88.797852 0.094953 10.176521 62.643631 -8.271378 3.374171 -1.203279 15.606662 94.110229 -17.533764 9.870252 1.149156 6.632999 -1.470042 41.673531 -0.000001 0.000019 -16.315863 0.000003 0.000048 -11.368739 0.000012 0.000004 -0.000020 -5.906558 -0.024707 1.628152 -0.368575 -0.100060 0.064655 -0.333448 -0.080944 0.007868 -0.000006 0.000015 -0.000005 -4.805919 -0.018779 -2.664426 -0.386771 -0.046377 0.027724 -0.213454 -0.029332 0.030648 -0.000013 0.000065 0.000006 -2.960609 0.029289 -8.634949 0.508426 0.086681 -0.065815 0.580887 0.046192 -0.036830 0.000009 -0.001548 -0.000006 -1.472001 0.049514 -15.290573 1.482226 0.247666 -0.074915 1.546787 0.163119 -0.107656 -0.000156 0.000005 -0.000005 0.000000 0.000000 0.000000 0.000000 0.000000 0.000000 -87.300766 -0.133708 4.051345 -73.756035 -1.692970 -10.042966 0.124391 -17.401123 105.340851 -1.180955 -36.857433 3.211609 -5.952247 1.133445 42.090401 0.000010 0.000013 -14.713564 0.000033 -0.000018 -10.423280 -0.000415 0.000022 -0.000627 7.921172 -0.003022 4.967328 -0.850283 -0.015597 0.176580 -1.049672 0.006470 0.135499 0.000005 0.000569 -0.000010 5.508636 -0.009186 -0.595277 -1.528930 -0.015124 0.053471 -1.336955 0.002328 0.049059 -0.000106 -0.000009 0.000141 -1.644228 0.043237 -8.219342 -3.327602 0.053088 -0.075669 -3.053446 0.010672 -0.059435 -0.001037 0.000022 0.000007 -7.162507 0.068227 -16.244690 -6.118502 0.088859 -0.152317 -5.862242 0.024039 -0.140476 -0.000540 0.000009 -0.000047 0.000000 0.000000 0.000000 0.000000 0.000000 0.000000 -5.519482 -13.764881 20.771706 -0.095717 -0.998121 4.087196 1.257309 -9.844960 16.011665 -1.300531 1.268316 -16.909679 0.000000 0.000000 0.000000 0.000000 0.000000 0.000000 0.000000 0.000000 0.000000 3.518426 -3.981583 12.777791 0.146278 0.761316 11.251521 -0.779330 1.063358 16.138338 0.498373 -1.037058 -19.912615 0.000000 0.000000 0.000000 0.000000 0.000000 0.000000 0.000000 0.000000 0.000000 
0.027258 88.340843 5.358147 0.006034 0.803343 -13.737735 2.202750 -0.243178 9.511054 0.418649 0.078274 1.721205 -1.164851 0.980405 8.074918 -1.427423 0.424697 4.228002 -1.587637 1.004419 0.578850 -0.039423 0.794063 -4.733372 -0.586679 -1.170624 -17.840055 0.000000 0.000000 0.000000 88.768967 0.098104 10.196913 62.687206 -8.414988 3.337496 -1.204006 15.551220 94.158546 -17.618534 9.703264 1.258666 6.625242 -1.469908 41.677219 -0.000001 0.000019 -16.293362 0.000003 0.000048 -11.352378 0.000012 0.000004 -0.000020 -5.941431 -0.024422 1.590638 -0.378041 -0.100718 0.064392 -0.345520 -0.081602 0.007332 -0.000006 0.000015 -0.000005 -4.842072 -0.018748 -2.680207 -0.401395 -0.046472 0.027697 -0.227733 -0.029547 0.030413 -0.000013 0.000063 0.000006 -3.000565 0.029083 -8.628399 0.491572 0.087129 -0.065754 0.566087 0.046493 -0.036670 0.000009 -0.001574 -0.000006 -1.524857 0.047711 -15.253430 1.464570 0.249730 -0.077233 1.530652 0.164798 -0.108148 -0.000163 0.000005 -0.000004 0.000000 0.000000 0.000000 0.000000 0.000000 0.000000 -87.276855 -0.135041 4.083802 -73.754349 -1.551503 -9.987135 0.125998 -17.401373 105.387909 -1.216846 -36.511410 3.195547 -5.984479 1.137862 42.075111 0.000011 0.000013 -14.799798 0.000032 -0.000018 -10.482250 -0.000438 0.000022 -0.000643 7.716873 -0.002851 4.840040 -0.885949 -0.015874 0.177823 -1.084580 0.006227 0.136764 0.000005 0.000590 -0.000010 5.321171 -0.009099 -0.678331 -1.557607 -0.015020 0.053850 -1.369592 0.002354 0.049554 -0.000123 -0.000009 0.000140 -1.818244 0.042897 -8.245295 -3.359168 0.053006 -0.076520 -3.085721 0.010720 -0.059997 -0.001026 0.000022 0.000007 -7.314524 0.065995 -16.200138 -6.149071 0.089084 -0.155047 -5.892251 0.024118 -0.143536 -0.000555 0.000009 -0.000048 0.000000 0.000000 0.000000 0.000000 0.000000 0.000000 -5.514129 -13.769451 20.741352 -0.095359 -0.997733 4.055315 1.254895 -9.824723 16.067890 -1.298757 1.266876 -16.938663 0.000000 0.000000 0.000000 0.000000 0.000000 0.000000 0.000000 0.000000 0.000000 3.534046 -3.959568 12.780355 0.146780 0.763318 11.259141 -0.784404 1.059748 16.131516 0.494630 -1.034510 -19.925074 0.000000 0.000000 0.000000 0.000000 0.000000 0.000000 0.000000 0.000000 0.000000 
0.033888 88.343216 5.360422 -0.006088 0.752346 -13.713867 2.210421 -0.242053 9.501513 0.419110 0.079592 1.762700 -1.159241 0.972371 8.021338 -1.441119 0.426246 4.219236 -1.575854 0.987701 0.523614 -0.043893 0.776719 -4.756824 -0.584438 -1.168316 -17.790619 0.000000 0.000000 0.000000 88.743683 0.101253 10.216604 62.729088 -8.559594 3.301872 -1.205269 15.495954 94.204582 -17.697088 9.529618 1.367380 6.618395 -1.469848 41.680481 -0.000001 0.000019 -16.273273 0.000003 0.000048 -11.337626 0.000012 0.000004 -0.000020 -5.973084 -0.024144 1.551854 -0.387461 -0.101351 0.064145 -0.357380 -0.082245 0.006829 -0.000006 0.000015 -0.000005 -4.877507 -0.018731 -2.698595 -0.415680 -0.046562 0.027636 -0.241619 -0.029751 0.030149 -0.000013 0.000061 0.000006 -3.042501 0.028884 -8.626244 0.474471 0.087559 -0.065690 0.551349 0.046795 -0.036502 0.000010 -0.001599 -0.000006 -1.580851 0.045897 -15.222155 1.446447 0.251773 -0.079561 1.514309 0.166448 -0.108578 -0.000170 0.000005 -0.000004 0.000000 0.000000 0.000000 0.000000 0.000000 0.000000 -87.254257 -0.136027 4.115789 -73.748695 -1.405404 -9.927001 0.127784 -17.399130 105.430435 -1.261724 -36.149853 3.175376 -6.017788 1.142571 42.059101 0.000011 0.000013 -14.888946 0.000030 -0.000018 -10.543390 -0.000458 0.000022 -0.000658 7.505234 -0.002648 4.709825 -0.918439 -0.016233 0.178751 -1.116031 0.005901 0.137810 0.000005 0.000609 -0.000010 5.127417 -0.009024 -0.764410 -1.583378 -0.014956 0.054148 -1.399529 0.002351 0.049977 -0.000141 -0.000010 0.000139 -1.995943 0.042554 -8.275235 -3.389059 0.052944 -0.077325 -3.116204 0.010775 -0.060504 -0.001013 0.000022 0.000007 -7.467505 0.063808 -16.160162 -6.178782 0.089322 -0.157688 -5.921669 0.024216 -0.146506 -0.000569 0.000009 -0.000048 0.000000 0.000000 0.000000 0.000000 0.000000 0.000000 -5.509820 -13.777582 20.712334 -0.095111 -0.997624 4.024083 1.252892 -9.806480 16.121634 -1.297083 1.265686 -16.966217 0.000000 0.000000 0.000000 0.000000 0.000000 0.000000 0.000000 0.000000 0.000000 3.548337 -3.939910 12.782488 0.147208 0.765170 11.265978 -0.788924 1.053314 16.125078 0.490984 -1.031918 -19.936493 0.000000 0.000000 0.000000 0.000000 0.000000 0.000000 0.000000 0.000000 0.000000 
0.039887 88.345612 5.363086 -0.017541 0.707084 -13.690432 2.216798 -0.240578 9.491691 0.419072 0.081156 1.802156 -1.153147 0.964508 7.968580 -1.453311 0.427672 4.211412 -1.559996 0.969139 0.471921 -0.047493 0.758861 -4.777950 -0.581903 -1.166274 -17.743395 0.000000 0.000000 0.000000 88.722046 0.104350 10.235129 62.769661 -8.705533 3.267518 -1.207186 15.440748 94.250755 -17.771387 9.348208 1.475963 6.612210 -1.469874 41.683357 -0.000001 0.000019 -16.255142 0.000003 0.000049 -11.324166 0.000012 0.000004 -0.000020 -6.001753 -0.023895 1.511310 -0.397276 -0.101966 0.063868 -0.369462 -0.082876 0.006320 -0.000006 0.000015 -0.000005 -4.912244 -0.018728 -2.719903 -0.429975 -0.046650 0.027529 -0.255435 -0.029948 0.029848 -0.000014 0.000060 0.000006 -3.086245 0.028690 -8.628445 0.456997 0.087975 -0.065611 0.536499 0.047099 -0.036319 0.000010 -0.001624 -0.000006 -1.639980 0.044074 -15.196458 1.427694 0.253795 -0.081870 1.497558 0.168078 -0.108933 -0.000175 0.000005 -0.000004 0.000000 0.000000 0.000000 0.000000 0.000000 0.000000 -87.233009 -0.136777 4.147201 -73.739876 -1.253892 -9.864259 0.129625 -17.394768 105.467979 -1.313296 -35.775551 3.149652 -6.051623 1.147540 42.042614 0.000011 0.000013 -14.979670 0.000030 -0.000018 -10.605754 -0.000474 0.000021 -0.000673 7.288414 -0.002420 4.577682 -0.947201 -0.016673 0.179383 -1.143452 0.005493 0.138649 0.000005 0.000627 -0.000010 4.929251 -0.008958 -0.852749 -1.605836 -0.014934 0.054370 -1.426313 0.002319 0.050335 -0.000159 -0.000010 0.000138 -2.176061 0.042217 -8.308602 -3.417093 0.052905 -0.078079 -3.144727 0.010838 -0.060951 -0.001001 0.000022 0.000007 -7.620841 0.061679 -16.124577 -6.207612 0.089588 -0.160218 -5.950360 0.024345 -0.149359 -0.000582 0.000009 -0.000048 0.000000 0.000000 0.000000 0.000000 0.000000 0.000000 -5.506464 -13.788795 20.685030 -0.094948 -0.997751 3.993015 1.251251 -9.790051 16.173031 -1.295492 1.264705 -16.992350 0.000000 0.000000 0.000000 0.000000 0.000000 0.000000 0.000000 0.000000 0.000000 3.561501 -3.922653 12.784392 0.147558 0.766910 11.271860 -0.792974 1.044103 16.119032 0.487471 -1.029368 -19.946920 0.000000 0.000000 0.000000 0.000000 0.000000 0.000000 0.000000 0.000000 0.000000 
0.045252 88.348007 5.366045 -0.028498 0.666714 -13.667447 2.221927 -0.238862 9.481775 0.418526 0.082912 1.839416 -1.146484 0.956426 7.916759 -1.463957 0.428889 4.204293 -1.540346 0.949188 0.423746 -0.050389 0.740927 -4.796726 -0.579224 -1.164467 -17.698214 0.000000 0.000000 0.000000 88.703651 0.107385 10.252021 62.808697 -8.852872 3.234622 -1.209813 15.385419 94.299095 -17.842625 9.157928 1.585419 6.606580 -1.469952 41.685936 -0.000001 0.000019 -16.238640 0.000003 0.000049 -11.311855 0.000012 0.000004 -0.000020 -6.027932 -0.023667 1.469305 -0.407450 -0.102532 0.063501 -0.381759 -0.083466 0.005756 -0.000006 0.000015 -0.000005 -4.946608 -0.018732 -2.743783 -0.444256 -0.046724 0.027358 -0.269133 -0.030129 0.029495 -0.000014 0.000058 0.000007 -3.132130 0.028495 -8.634616 0.439234 0.088355 -0.065495 0.521568 0.047391 -0.036107 0.000010 -0.001650 -0.000006 -1.702568 0.042255 -15.175870 1.408340 0.255735 -0.084093 1.480372 0.169645 -0.109178 -0.000179 0.000005 -0.000004 0.000000 0.000000 0.000000 0.000000 0.000000 0.000000 -87.212967 -0.137426 4.177832 -73.728508 -1.096477 -9.800883 0.131456 -17.388416 105.501595 -1.370606 -35.390877 3.119008 -6.085691 1.152709 42.025795 0.000011 0.000013 -15.071107 0.000029 -0.000018 -10.668782 -0.000489 0.000021 -0.000687 7.068361 -0.002168 4.444338 -0.972134 -0.017165 0.179802 -1.166768 0.005035 0.139344 0.000005 0.000644 -0.000010 4.728456 -0.008898 -0.942873 -1.624937 -0.014939 0.054546 -1.449842 0.002267 0.050651 -0.000176 -0.000010 0.000138 -2.356920 0.041885 -8.345243 -3.443179 0.052870 -0.078810 -3.171222 0.010900 -0.061359 -0.000988 0.000022 0.000007 -7.773185 0.059617 -16.093660 -6.235476 0.089846 -0.162693 -5.978191 0.024472 -0.152137 -0.000593 0.000009 -0.000048 0.000000 0.000000 0.000000 0.000000 0.000000 0.000000 -5.503878 -13.802671 20.659409 -0.094852 -0.998079 3.961995 1.249919 -9.775078 16.222258 -1.293961 1.263894 -17.017193 0.000000 0.000000 0.000000 0.000000 0.000000 0.000000 0.000000 0.000000 0.000000 3.573783 -3.907779 12.786066 0.147839 0.768559 11.276767 -0.796570 1.032173 16.113392 0.484091 -1.026890 -19.956520 0.000000 0.000000 0.000000 0.000000 0.000000 0.000000 0.000000 0.000000 0.000000 
0.050015 88.350403 5.369199 -0.039053 0.630468 -13.644869 2.225893 -0.236994 9.471857 0.417501 0.084804 1.874429 -1.139231 0.947846 7.865858 -1.473112 0.429818 4.197669 -1.517172 0.928250 0.378982 -0.052714 0.723245 -4.813219 -0.576487 -1.162839 -17.654911 0.000000 0.000000 0.000000 88.687981 0.110355 10.267022 62.845802 -9.002097 3.203201 -1.213197 15.330029 94.351158 -17.911400 8.957756 1.696604 6.601408 -1.470054 41.688282 -0.000000 0.000019 -16.223499 0.000003 0.000049 -11.300550 0.000012 0.000004 -0.000020 -6.051992 -0.023456 1.426279 -0.417903 -0.103022 0.062996 -0.394224 -0.083988 0.005093 -0.000006 0.000015 -0.000005 -4.980845 -0.018737 -2.769744 -0.458472 -0.046773 0.027110 -0.282656 -0.030286 0.029079 -0.000014 0.000057 0.000007 -3.180367 0.028296 -8.644230 0.421278 0.088685 -0.065321 0.506596 0.047657 -0.035852 0.000010 -0.001677 -0.000006 -1.768853 0.040441 -15.159811 1.388435 0.257540 -0.086172 1.462771 0.171109 -0.109281 -0.000182 0.000005 -0.000004 0.000000 0.000000 0.000000 0.000000 0.000000 0.000000 -87.193932 -0.138066 4.207562 -73.715088 -0.932750 -9.738564 0.133270 -17.380116 105.532356 -1.432468 -34.997894 3.084279 -6.119781 1.158028 42.008785 0.000011 0.000013 -15.162633 0.000028 -0.000018 -10.732040 -0.000501 0.000021 -0.000701 6.846577 -0.001894 4.310321 -0.993301 -0.017678 0.180079 -1.186100 0.004556 0.139952 0.000005 0.000660 -0.000009 4.526439 -0.008838 -1.034393 -1.640778 -0.014962 0.054703 -1.470172 0.002204 0.050948 -0.000193 -0.000011 0.000138 -2.537186 0.041559 -8.384931 -3.467293 0.052826 -0.079539 -3.195679 0.010952 -0.061743 -0.000976 0.000022 0.000007 -7.923424 0.057626 -16.067402 -6.262281 0.090065 -0.165159 -6.005050 0.024566 -0.154882 -0.000604 0.000009 -0.000048 0.000000 0.000000 0.000000 0.000000 0.000000 0.000000 -5.501905 -13.818759 20.635288 -0.094810 -0.998581 3.930994 1.248843 -9.761286 16.269482 -1.292478 1.263220 -17.040880 0.000000 0.000000 0.000000 0.000000 0.000000 0.000000 0.000000 0.000000 0.000000 3.585310 -3.895287 12.787474 0.148056 0.770134 11.280605 -0.799741 1.017715 16.108305 0.480831 -1.024495 -19.965475 0.000000 0.000000 0.000000 0.000000 0.000000 0.000000 0.000000 0.000000 0.000000 
0.054218 88.352806 5.372457 -0.049223 0.597643 -13.622644 2.228780 -0.235027 9.461973 0.416050 0.086784 1.907164 -1.131439 0.938609 7.815891 -1.480877 0.430410 4.191388 -1.490890 0.906710 0.337578 -0.054589 0.706046 -4.827474 -0.573749 -1.161321 -17.613388 0.000000 0.000000 0.000000 88.674744 0.113280 10.280040 62.880718 -9.153996 3.173107 -1.217370 15.274747 94.408020 -17.978214 8.746898 1.810210 6.596563 -1.470157 41.690456 -0.000000 0.000019 -16.209427 0.000003 0.000049 -11.290063 0.000013 0.000004 -0.000021 -6.074247 -0.023256 1.382694 -0.428587 -0.103426 0.062327 -0.406825 -0.084432 0.004308 -0.000006 0.000015 -0.000005 -5.015153 -0.018738 -2.797291 -0.472596 -0.046794 0.026779 -0.295994 -0.030416 0.028596 -0.000014 0.000056 0.000007 -3.231091 0.028090 -8.656690 0.403169 0.088957 -0.065080 0.491581 0.047894 -0.035550 0.000010 -0.001704 -0.000006 -1.839026 0.038630 -15.147624 1.367985 0.259190 -0.088074 1.444744 0.172456 -0.109226 -0.000185 0.000005 -0.000004 0.000000 0.000000 0.000000 0.000000 0.000000 0.000000 -87.175690 -0.138730 4.236346 -73.700058 -0.762474 -9.678526 0.135101 -17.369898 105.560913 -1.497630 -34.598919 3.046323 -6.153699 1.163457 41.991707 0.000011 0.000013 -15.253707 0.000027 -0.000018 -10.795138 -0.000511 0.000021 -0.000714 6.624341 -0.001600 4.176166 -1.010862 -0.018197 0.180258 -1.201663 0.004076 0.140505 0.000005 0.000676 -0.000009 4.324338 -0.008776 -1.126829 -1.653532 -0.014995 0.054856 -1.487446 0.002137 0.051237 -0.000208 -0.000011 0.000137 -2.715909 0.041238 -8.427215 -3.489513 0.052764 -0.080279 -3.218183 0.010988 -0.062114 -0.000963 0.000022 0.000007 -8.070863 0.055709 -16.045450 -6.288015 0.090229 -0.167637 -6.030910 0.024613 -0.157604 -0.000614 0.000009 -0.000048 0.000000 0.000000 0.000000 0.000000 0.000000 0.000000 -5.500421 -13.836580 20.612455 -0.094813 -0.999230 3.900040 1.247966 -9.748506 16.314875 -1.291040 1.262660 -17.063519 0.000000 0.000000 0.000000 0.000000 0.000000 0.000000 0.000000 0.000000 0.000000 3.596115 -3.885188 12.788609 0.148218 0.771648 11.283256 -0.802531 1.001055 16.103968 0.477679 -1.022196 -19.973944 0.000000 0.000000 0.000000 0.000000 0.000000 0.000000 0.000000 0.000000 0.000000 
0.057914 88.355225 5.375745 -0.058993 0.567595 -13.600746 2.230664 -0.232996 9.452124 0.414219 0.088815 1.937632 -1.123184 0.928626 7.766902 -1.487376 0.430636 4.185343 -1.461993 0.884914 0.299500 -0.056135 0.689499 -4.839529 -0.571061 -1.159848 -17.573547 0.000000 0.000000 0.000000 88.663681 0.116182 10.291087 62.913239 -9.309543 3.144171 -1.222344 15.219672 94.470421 -18.043489 8.524806 1.926646 6.591912 -1.470249 41.692528 -0.000000 0.000020 -16.196112 0.000003 0.000049 -11.280193 0.000013 0.000004 -0.000021 -6.095018 -0.023064 1.338977 -0.439495 -0.103742 0.061486 -0.419563 -0.084793 0.003388 -0.000006 0.000015 -0.000005 -5.049698 -0.018733 -2.825975 -0.486650 -0.046786 0.026364 -0.309174 -0.030518 0.028046 -0.000014 0.000055 0.000007 -3.284344 0.027876 -8.671420 0.384924 0.089171 -0.064769 0.476502 0.048097 -0.035199 0.000010 -0.001731 -0.000005 -1.913143 0.036828 -15.138670 1.346990 0.260677 -0.089788 1.426267 0.173681 -0.109013 -0.000187 0.000005 -0.000003 0.000000 0.000000 0.000000 0.000000 0.000000 0.000000 -87.158203 -0.139422 4.264211 -73.683792 -0.585278 -9.621620 0.136989 -17.357798 105.587509 -1.564699 -34.195889 3.005785 -6.187255 1.168958 41.974648 0.000012 0.000013 -15.343824 0.000027 -0.000018 -10.857712 -0.000519 0.000021 -0.000726 6.402835 -0.001281 4.042408 -1.025027 -0.018709 0.180370 -1.213703 0.003605 0.141023 0.000005 0.000690 -0.000009 4.123190 -0.008709 -1.219675 -1.663404 -0.015035 0.055013 -1.501845 0.002070 0.051527 -0.000223 -0.000011 0.000137 -2.892286 0.040918 -8.471553 -3.509940 0.052681 -0.081027 -3.238839 0.011005 -0.062475 -0.000951 0.000022 0.000007 -8.214941 0.053868 -16.027285 -6.312673 0.090334 -0.170121 -6.055757 0.024608 -0.160308 -0.000622 0.000009 -0.000048 0.000000 0.000000 0.000000 0.000000 0.000000 0.000000 -5.499345 -13.855671 20.590712 -0.094856 -1.000001 3.869172 1.247240 -9.736630 16.358629 -1.289647 1.262191 -17.085207 0.000000 0.000000 0.000000 0.000000 0.000000 0.000000 0.000000 0.000000 0.000000 3.606205 -3.877470 12.789519 0.148330 0.773118 11.284612 -0.804986 0.982493 16.100525 0.474622 -1.020005 -19.982071 0.000000 0.000000 0.000000 0.000000 0.000000 0.000000 0.000000 0.000000 0.000000 
0.061160 88.357658 5.378993 -0.068363 0.539755 -13.579211 2.231645 -0.230928 9.442283 0.412031 0.090872 1.965961 -1.114533 0.917847 7.718865 -1.492776 0.430489 4.179496 -1.430956 0.863132 0.264636 -0.057471 0.673721 -4.849482 -0.568466 -1.158365 -17.535275 0.000000 0.000000 0.000000 88.654480 0.119078 10.300234 62.943047 -9.469733 3.116279 -1.228092 15.164717 94.538467 -18.107483 8.291297 2.045970 6.587327 -1.470314 41.694523 0.000000 0.000020 -16.183281 0.000003 0.000050 -11.270759 0.000013 0.000004 -0.000021 -6.114653 -0.022874 1.295519 -0.450618 -0.103967 0.060472 -0.432427 -0.085071 0.002332 -0.000006 0.000016 -0.000005 -5.084647 -0.018719 -2.855386 -0.500651 -0.046747 0.025870 -0.322227 -0.030593 0.027433 -0.000014 0.000054 0.000007 -3.340145 0.027651 -8.687924 0.366546 0.089328 -0.064393 0.461306 0.048268 -0.034804 0.000011 -0.001759 -0.000005 -1.991126 0.035033 -15.132404 1.325435 0.262000 -0.091319 1.407308 0.174781 -0.108650 -0.000189 0.000005 -0.000003 0.000000 0.000000 0.000000 0.000000 0.000000 0.000000 -87.141319 -0.140134 4.291213 -73.666519 -0.400691 -9.568414 0.138970 -17.343758 105.612358 -1.632585 -33.790104 2.963261 -6.220288 1.174497 41.957722 0.000012 0.000013 -15.432550 0.000026 -0.000018 -10.919437 -0.000526 0.000021 -0.000737 6.183166 -0.000943 3.909438 -1.036026 -0.019207 0.180430 -1.222511 0.003152 0.141517 0.000006 0.000704 -0.000009 3.923971 -0.008633 -1.312581 -1.670617 -0.015076 0.055180 -1.513571 0.002006 0.051820 -0.000237 -0.000012 0.000137 -3.065516 0.040599 -8.517536 -3.528658 0.052574 -0.081782 -3.257740 0.011004 -0.062824 -0.000939 0.000022 0.000007 -8.355052 0.052098 -16.012501 -6.336194 0.090379 -0.172594 -6.079510 0.024547 -0.162980 -0.000630 0.000009 -0.000048 0.000000 0.000000 0.000000 0.000000 0.000000 0.000000 -5.498619 -13.875638 20.569864 -0.094935 -1.000873 3.838494 1.246634 -9.725579 16.400932 -1.288300 1.261790 -17.106037 0.000000 0.000000 0.000000 0.000000 0.000000 0.000000 0.000000 0.000000 0.000000 3.615608 -3.872093 12.790278 0.148403 0.774562 11.284664 -0.807133 0.962206 16.098038 0.471643 -1.017928 -19.989981 0.000000 0.000000 0.000000 0.000000 0.000000 0.000000 0.000000 0.000000 0.000000 
0.064019 88.360115 5.382142 -0.077312 0.513642 -13.558092 2.231821 -0.228847 9.432405 0.409505 0.092937 1.992336 -1.105525 0.906263 7.671727 -1.497259 0.429971 4.173864 -1.398168 0.841542 0.232779 -0.058693 0.658744 -4.857509 -0.565982 -1.156820 -17.498486 0.000000 0.000000 0.000000 88.646835 0.121983 10.307610 62.969765 -9.635462 3.089389 -1.234565 15.109810 94.612022 -18.170330 8.046478 2.167987 6.582736 -1.470344 41.696491 0.000000 0.000020 -16.170750 0.000003 0.000050 -11.261640 0.000013 0.000004 -0.000021 -6.133416 -0.022686 1.252646 -0.461908 -0.104099 0.059283 -0.445379 -0.085262 0.001138 -0.000006 0.000016 -0.000005 -5.120095 -0.018692 -2.885180 -0.514584 -0.046676 0.025297 -0.335148 -0.030639 0.026759 -0.000015 0.000053 0.000007 -3.398367 0.027414 -8.705773 0.348081 0.089427 -0.063953 0.446003 0.048403 -0.034366 0.000011 -0.001786 -0.000005 -2.072706 0.033249 -15.128354 1.303382 0.263155 -0.092664 1.387903 0.175752 -0.108144 -0.000191 0.000005 -0.000003 0.000000 0.000000 0.000000 0.000000 0.000000 0.000000 -87.124931 -0.140851 4.317431 -73.648277 -0.208412 -9.519207 0.141069 -17.327757 105.635826 -1.700656 -33.382610 2.919360 -6.252677 1.180044 41.940987 0.000012 0.000013 -15.519555 0.000026 -0.000018 -10.980069 -0.000531 0.000020 -0.000746 5.966226 -0.000583 3.777459 -1.044127 -0.019683 0.180454 -1.228400 0.002727 0.141999 0.000006 0.000717 -0.000009 3.727495 -0.008548 -1.405358 -1.675405 -0.015115 0.055358 -1.522842 0.001948 0.052117 -0.000250 -0.000012 0.000137 -3.234921 0.040278 -8.564898 -3.545743 0.052442 -0.082539 -3.274974 0.010982 -0.063164 -0.000927 0.000022 0.000007 -8.490685 0.050396 -16.000765 -6.358524 0.090363 -0.175042 -6.102115 0.024429 -0.165614 -0.000636 0.000009 -0.000048 0.000000 0.000000 0.000000 0.000000 0.000000 0.000000 -5.498216 -13.896110 20.549746 -0.095048 -1.001827 3.808162 1.246133 -9.715290 16.441948 -1.287004 1.261437 -17.126104 0.000000 0.000000 0.000000 0.000000 0.000000 0.000000 0.000000 0.000000 0.000000 3.624331 -3.868977 12.791002 0.148446 0.775997 11.283391 -0.808998 0.940348 16.096512 0.468728 -1.015963 -19.997759 0.000000 0.000000 0.000000 0.000000 0.000000 0.000000 0.000000 0.000000 0.000000 
0.066552 88.362587 5.385139 -0.085815 0.488852 -13.537464 2.231282 -0.226766 9.422453 0.406661 0.094995 2.016963 -1.096182 0.893882 7.625440 -1.500996 0.429087 4.168483 -1.363988 0.820256 0.203656 -0.059886 0.644543 -4.863828 -0.563610 -1.155171 -17.463110 0.000000 0.000000 0.000000 88.640556 0.124888 10.313375 62.993015 -9.807520 3.063494 -1.241702 15.054876 94.690681 -18.232018 7.790656 2.292330 6.578106 -1.470335 41.698444 0.000001 0.000020 -16.158457 0.000003 0.000050 -11.252792 0.000013 0.000004 -0.000021 -6.151434 -0.022492 1.210567 -0.473306 -0.104138 0.057923 -0.458355 -0.085362 -0.000195 -0.000006 0.000016 -0.000005 -5.156008 -0.018651 -2.915101 -0.528406 -0.046572 0.024649 -0.347901 -0.030655 0.026028 -0.000015 0.000052 0.000007 -3.458743 0.027166 -8.724621 0.329605 0.089467 -0.063450 0.430636 0.048502 -0.033889 0.000011 -0.001813 -0.000005 -2.157450 0.031481 -15.126114 1.280936 0.264133 -0.093820 1.368146 0.176586 -0.107494 -0.000192 0.000005 -0.000003 0.000000 0.000000 0.000000 0.000000 0.000000 0.000000 -87.108994 -0.141560 4.342972 -73.629105 -0.008331 -9.474101 0.143315 -17.309740 105.658073 -1.768592 -32.974258 2.874546 -6.284342 1.185576 41.924488 0.000012 0.000013 -15.604601 0.000025 -0.000018 -11.039430 -0.000535 0.000020 -0.000755 5.752695 -0.000200 3.646559 -1.049603 -0.020131 0.180453 -1.231689 0.002333 0.142475 0.000006 0.000730 -0.000009 3.534386 -0.008450 -1.497918 -1.678019 -0.015150 0.055551 -1.529889 0.001898 0.052422 -0.000261 -0.000012 0.000137 -3.399995 0.039954 -8.613450 -3.561301 0.052281 -0.083296 -3.290649 0.010938 -0.063494 -0.000916 0.000022 0.000007 -8.621462 0.048758 -15.991804 -6.379630 0.090285 -0.177453 -6.123538 0.024253 -0.168203 -0.000641 0.000009 -0.000048 0.000000 0.000000 0.000000 0.000000 0.000000 0.000000 -5.498127 -13.916755 20.530205 -0.095195 -1.002846 3.778352 1.245735 -9.705721 16.481796 -1.285764 1.261115 -17.145468 0.000000 0.000000 0.000000 0.000000 0.000000 0.000000 0.000000 0.000000 0.000000 3.632373 -3.867999 12.791857 0.148468 0.777439 11.280780 -0.810621 0.917062 16.095903 0.465862 -1.014108 -20.005438 0.000000 0.000000 0.000000 0.000000 0.000000 0.000000 0.000000 0.000000 0.000000 
0.068816 88.365082 5.387942 -0.093852 0.465047 -13.517409 2.230099 -0.224696 9.412392 0.403522 0.097029 2.040037 -1.086513 0.880724 7.579968 -1.504133 0.427844 4.163396 -1.328744 0.799345 0.176957 -0.061126 0.631066 -4.868671 -0.561350 -1.153381 -17.429064 0.000000 0.000000 0.000000 88.635468 0.127784 10.317707 63.012447 -9.986565 3.038585 -1.249451 14.999827 94.773941 -18.292393 7.524255 2.418556 6.573438 -1.470289 41.700386 0.000001 0.000020 -16.146423 0.000003 0.000050 -11.244222 0.000013 0.000004 -0.000021 -6.168712 -0.022293 1.169391 -0.484739 -0.104080 0.056387 -0.471286 -0.085371 -0.001667 -0.000006 0.000016 -0.000005 -5.192241 -0.018593 -2.944981 -0.542068 -0.046435 0.023928 -0.360445 -0.030641 0.025240 -0.000015 0.000052 0.000008 -3.520892 0.026905 -8.744205 0.311216 0.089449 -0.062887 0.415267 0.048564 -0.033373 0.000011 -0.001839 -0.000005 -2.244826 0.029735 -15.125356 1.258218 0.264931 -0.094785 1.348147 0.177279 -0.106703 -0.000193 0.000005 -0.000003 0.000000 0.000000 0.000000 0.000000 0.000000 0.000000 -87.093399 -0.142244 4.367957 -73.609062 0.199557 -9.433056 0.145748 -17.289688 105.679237 -1.836300 -32.565788 2.829167 -6.315242 1.191083 41.908287 0.000012 0.000013 -15.687576 0.000025 -0.000017 -11.097415 -0.000538 0.000020 -0.000762 5.543013 0.000205 3.516756 -1.052741 -0.020548 0.180430 -1.232707 0.001974 0.142948 0.000006 0.000742 -0.000009 3.345039 -0.008340 -1.590233 -1.678711 -0.015179 0.055758 -1.534962 0.001857 0.052732 -0.000271 -0.000013 0.000137 -3.560445 0.039626 -8.663054 -3.575451 0.052093 -0.084047 -3.304897 0.010872 -0.063814 -0.000905 0.000022 0.000007 -8.747213 0.047180 -15.985352 -6.399517 0.090150 -0.179808 -6.143792 0.024022 -0.170742 -0.000645 0.000009 -0.000048 0.000000 0.000000 0.000000 0.000000 0.000000 0.000000 -5.498344 -13.937267 20.511145 -0.095376 -1.003915 3.749230 1.245440 -9.696829 16.520582 -1.284580 1.260808 -17.164173 0.000000 0.000000 0.000000 0.000000 0.000000 0.000000 0.000000 0.000000 0.000000 3.639742 -3.869020 12.792994 0.148478 0.778897 11.276845 -0.812041 0.892496 16.096138 0.463035 -1.012362 -20.013033 0.000000 0.000000 0.000000 0.000000 0.000000 0.000000 0.000000 0.000000 0.000000 
0.070859 88.367584 5.390510 -0.101412 0.441943 -13.497993 2.228333 -0.222646 9.402201 0.400118 0.099022 2.061741 -1.076521 0.866820 7.535286 -1.506793 0.426251 4.158633 -1.292734 0.778853 0.152348 -0.062477 0.618248 -4.872258 -0.559198 -1.151417 -17.396297 0.000000 0.000000 0.000000 88.631447 0.130657 10.320780 63.027802 -10.173150 3.014633 -1.257761 14.944562 94.861130 -18.351204 7.247733 2.546191 6.568767 -1.470215 41.702278 0.000001 0.000020 -16.134741 0.000003 0.000050 -11.235991 0.000013 0.000004 -0.000021 -6.185149 -0.022089 1.129145 -0.496125 -0.103928 0.054682 -0.484093 -0.085287 -0.003276 -0.000006 0.000016 -0.000005 -5.228547 -0.018520 -2.974726 -0.555506 -0.046264 0.023135 -0.372717 -0.030598 0.024399 -0.000015 0.000051 0.000008 -3.584351 0.026634 -8.764340 0.293008 0.089371 -0.062262 0.399976 0.048589 -0.032820 0.000011 -0.001866 -0.000005 -2.334218 0.028013 -15.125841 1.235376 0.265547 -0.095548 1.328044 0.177827 -0.105764 -0.000194 0.000005 -0.000003 0.000000 0.000000 0.000000 0.000000 0.000000 0.000000 -87.078110 -0.142894 4.392516 -73.588142 0.415201 -9.395952 0.148401 -17.267584 105.699379 -1.903853 -32.157688 2.783416 -6.345372 1.196555 41.892368 0.000012 0.000013 -15.768454 0.000024 -0.000017 -11.153995 -0.000541 0.000020 -0.000767 5.337374 0.000632 3.388024 -1.053849 -0.020932 0.180389 -1.231791 0.001652 0.143417 0.000006 0.000754 -0.000009 3.159630 -0.008216 -1.682302 -1.677754 -0.015200 0.055977 -1.538325 0.001826 0.053047 -0.000281 -0.000013 0.000137 -3.716177 0.039294 -8.713597 -3.588357 0.051876 -0.084789 -3.317888 0.010785 -0.064123 -0.000894 0.000022 0.000007 -8.867917 0.045659 -15.981180 -6.418240 0.089961 -0.182097 -6.162922 0.023739 -0.173223 -0.000648 0.000009 -0.000048 0.000000 0.000000 0.000000 0.000000 0.000000 0.000000 -5.498852 -13.957376 20.492466 -0.095590 -1.005016 3.720945 1.245253 -9.688575 16.558384 -1.283456 1.260503 -17.182253 0.000000 0.000000 0.000000 0.000000 0.000000 0.000000 0.000000 0.000000 0.000000 3.646452 -3.871882 12.794570 0.148483 0.780381 11.271632 -0.813307 0.866805 16.097113 0.460235 -1.010721 -20.020531 0.000000 0.000000 0.000000 0.000000 0.000000 0.000000 0.000000 0.000000 0.000000 
0.072718 88.370094 5.392812 -0.108501 0.419300 -13.479292 2.226037 -0.220621 9.391859 0.396484 0.100955 2.082238 -1.066206 0.852215 7.491376 -1.509074 0.424325 4.154228 -1.256214 0.758784 0.129502 -0.063996 0.606008 -4.874805 -0.557152 -1.149255 -17.364748 0.000000 0.000000 0.000000 88.628403 0.133491 10.322764 63.038895 -10.367734 2.991595 -1.266592 14.889017 94.951668 -18.408087 6.961551 2.674774 6.564153 -1.470124 41.704098 0.000001 0.000020 -16.123573 0.000003 0.000050 -11.228209 0.000013 0.000004 -0.000021 -6.200531 -0.021881 1.089775 -0.507378 -0.103683 0.052816 -0.496692 -0.085110 -0.005015 -0.000006 0.000016 -0.000005 -5.264595 -0.018431 -3.004315 -0.568650 -0.046059 0.022274 -0.384655 -0.030524 0.023506 -0.000015 0.000050 0.000008 -3.648577 0.026355 -8.784904 0.275104 0.089234 -0.061579 0.384862 0.048576 -0.032231 0.000011 -0.001892 -0.000005 -2.424954 0.026324 -15.127374 1.212571 0.265978 -0.096105 1.307983 0.178230 -0.104671 -0.000195 0.000005 -0.000003 0.000000 0.000000 0.000000 0.000000 0.000000 0.000000 -87.063087 -0.143497 4.416784 -73.566399 0.638553 -9.362638 0.151315 -17.243404 105.718513 -1.971444 -31.750231 2.737386 -6.374766 1.201993 41.876740 0.000012 0.000013 -15.847312 0.000024 -0.000017 -11.209208 -0.000542 0.000019 -0.000771 5.135752 0.001080 3.260282 -1.053257 -0.021284 0.180327 -1.229292 0.001366 0.143876 0.000006 0.000766 -0.000009 2.978132 -0.008078 -1.774162 -1.675442 -0.015214 0.056207 -1.540264 0.001806 0.053365 -0.000289 -0.000013 0.000137 -3.867279 0.038956 -8.764988 -3.600209 0.051632 -0.085516 -3.329817 0.010679 -0.064420 -0.000884 0.000022 0.000007 -8.983704 0.044198 -15.979068 -6.435893 0.089724 -0.184302 -6.181033 0.023409 -0.175642 -0.000650 0.000009 -0.000048 0.000000 0.000000 0.000000 0.000000 0.000000 0.000000 -5.499632 -13.976850 20.474117 -0.095835 -1.006137 3.693635 1.245179 -9.680908 16.595272 -1.282386 1.260191 -17.199739 0.000000 0.000000 0.000000 0.000000 0.000000 0.000000 0.000000 0.000000 0.000000 3.652531 -3.876418 12.796718 0.148486 0.781896 11.265201 -0.814468 0.840159 16.098715 0.457457 -1.009186 -20.027897 0.000000 0.000000 0.000000 0.000000 0.000000 0.000000 0.000000 0.000000 0.000000 
0.074418 88.372604 5.394819 -0.115132 0.396905 -13.461356 2.223251 -0.218624 9.381360 0.392655 0.102811 2.101668 -1.055562 0.836961 7.448230 -1.511050 0.422087 4.150208 -1.219395 0.739116 0.108087 -0.065731 0.594253 -4.876517 -0.555204 -1.146873 -17.334356 0.000000 0.000000 0.000000 88.626289 0.136263 10.323824 63.045612 -10.570690 2.969406 -1.275900 14.833128 95.044930 -18.462559 6.666184 2.803860 6.559679 -1.470029 41.705799 0.000001 0.000020 -16.113131 0.000003 0.000050 -11.221013 0.000013 0.000004 -0.000021 -6.214561 -0.021667 1.051164 -0.518408 -0.103348 0.050795 -0.508987 -0.084844 -0.006878 -0.000006 0.000016 -0.000005 -5.299951 -0.018328 -3.033785 -0.581427 -0.045823 0.021349 -0.396184 -0.030422 0.022566 -0.000015 0.000050 0.000008 -3.712950 0.026069 -8.805837 0.257617 0.089040 -0.060838 0.370029 0.048525 -0.031608 0.000011 -0.001918 -0.000005 -2.516279 0.024675 -15.129829 1.189976 0.266224 -0.096447 1.288132 0.178487 -0.103415 -0.000196 0.000005 -0.000003 0.000000 0.000000 0.000000 0.000000 0.000000 0.000000 -87.048203 -0.144044 4.440894 -73.543869 0.869584 -9.332936 0.154530 -17.217161 105.736618 -2.039405 -31.343430 2.691081 -6.403484 1.207401 41.861366 0.000012 0.000013 -15.924303 0.000024 -0.000017 -11.263146 -0.000543 0.000019 -0.000774 4.937924 0.001544 3.133400 -1.051313 -0.021604 0.180242 -1.225570 0.001112 0.144323 0.000006 0.000779 -0.000009 2.800327 -0.007926 -1.865886 -1.672076 -0.015219 0.056443 -1.541073 0.001796 0.053682 -0.000296 -0.000014 0.000137 -4.014014 0.038614 -8.817167 -3.611237 0.051364 -0.086225 -3.340925 0.010554 -0.064705 -0.000874 0.000022 0.000008 -9.094867 0.042793 -15.978832 -6.452625 0.089443 -0.186415 -6.198267 0.023039 -0.177996 -0.000651 0.000009 -0.000048 0.000000 0.000000 0.000000 0.000000 0.000000 0.000000 -5.500645 -13.995471 20.456036 -0.096113 -1.007265 3.667428 1.245224 -9.673767 16.631285 -1.281365 1.259861 -17.216635 0.000000 0.000000 0.000000 0.000000 0.000000 0.000000 0.000000 0.000000 0.000000 3.658021 -3.882456 12.799555 0.148494 0.783444 11.257636 -0.815571 0.812735 16.100819 0.454696 -1.007752 -20.035101 0.000000 0.000000 0.000000 0.000000 0.000000 0.000000 0.000000 0.000000 0.000000 
0.075973 88.375092 5.396513 -0.121333 0.374569 -13.444245 2.220011 -0.216659 9.370678 0.388668 0.104575 2.120154 -1.044578 0.821124 7.405853 -1.512778 0.419562 4.146605 -1.182436 0.719806 0.087781 -0.067721 0.582889 -4.877590 -0.553347 -1.144251 -17.305059 0.000000 0.000000 0.000000 88.625076 0.138953 10.324119 63.047882 -10.782322 2.948003 -1.285644 14.776864 95.140335 -18.514061 6.362096 2.933037 6.555448 -1.469948 41.707329 0.000001 0.000020 -16.103678 0.000003 0.000050 -11.214579 0.000013 0.000004 -0.000021 -6.226853 -0.021453 1.013125 -0.529130 -0.102927 0.048634 -0.520899 -0.084492 -0.008853 -0.000006 0.000016 -0.000006 -5.334112 -0.018212 -3.063228 -0.593761 -0.045555 0.020363 -0.407235 -0.030291 0.021582 -0.000016 0.000049 0.000008 -3.776760 0.025779 -8.827128 0.240688 0.088790 -0.060041 0.355612 0.048439 -0.030951 0.000011 -0.001944 -0.000005 -2.607366 0.023077 -15.133096 1.167783 0.266287 -0.096564 1.268673 0.178599 -0.101988 -0.000196 0.000005 -0.000002 0.000000 0.000000 0.000000 0.000000 0.000000 0.000000 -87.033508 -0.144519 4.464977 -73.520607 1.108269 -9.306694 0.158082 -17.188839 105.753700 -2.108146 -30.937054 2.644428 -6.431620 1.212790 41.846226 0.000012 0.000013 -15.999644 0.000024 -0.000017 -11.315946 -0.000544 0.000019 -0.000774 4.743514 0.002027 3.007191 -1.048373 -0.021896 0.180130 -1.220986 0.000891 0.144751 0.000007 0.000791 -0.000009 2.625863 -0.007761 -1.957594 -1.667978 -0.015217 0.056685 -1.541070 0.001795 0.053997 -0.000302 -0.000014 0.000136 -4.156779 0.038267 -8.870101 -3.621700 0.051072 -0.086913 -3.351473 0.010413 -0.064977 -0.000865 0.000022 0.000008 -9.201796 0.041445 -15.980289 -6.468632 0.089125 -0.188432 -6.214819 0.022634 -0.180285 -0.000651 0.000009 -0.000048 0.000000 0.000000 0.000000 0.000000 0.000000 0.000000 -5.501849 -14.013062 20.438200 -0.096421 -1.008390 3.642424 1.245393 -9.667091 16.666439 -1.280385 1.259511 -17.232956 0.000000 0.000000 0.000000 0.000000 0.000000 0.000000 0.000000 0.000000 0.000000 3.662971 -3.889818 12.803185 0.148510 0.785025 11.249023 -0.816667 0.784717 16.103294 0.451952 -1.006417 -20.042082 0.000000 0.000000 0.000000 0.000000 0.000000 0.000000 0.000000 0.000000 0.000000 
0.077384 88.377556 5.397876 -0.127142 0.352108 -13.427987 2.216348 -0.214726 9.359802 0.384562 0.106231 2.137797 -1.033242 0.804774 7.364264 -1.514295 0.416779 4.143445 -1.145467 0.700793 0.068276 -0.070001 0.571808 -4.878207 -0.551568 -1.141375 -17.276804 0.000000 0.000000 0.000000 88.624763 0.141540 10.323799 63.045689 -11.002834 2.927314 -1.295787 14.720208 95.237396 -18.561935 6.049775 3.061936 6.551584 -1.469899 41.708626 0.000002 0.000020 -16.095514 0.000003 0.000050 -11.209105 0.000013 0.000004 -0.000021 -6.236942 -0.021238 0.975417 -0.539459 -0.102423 0.046348 -0.532347 -0.084056 -0.010928 -0.000006 0.000016 -0.000006 -5.366495 -0.018083 -3.092781 -0.605581 -0.045257 0.019323 -0.417728 -0.030134 0.020558 -0.000016 0.000049 0.000008 -3.839224 0.025489 -8.848793 0.224452 0.088484 -0.059188 0.341747 0.048318 -0.030261 0.000012 -0.001969 -0.000005 -2.697308 0.021534 -15.137117 1.146197 0.266168 -0.096446 1.249803 0.178567 -0.100379 -0.000197 0.000005 -0.000002 0.000000 0.000000 0.000000 0.000000 0.000000 0.000000 -87.018951 -0.144908 4.489157 -73.496628 1.354588 -9.283762 0.161996 -17.158455 105.769730 -2.178146 -30.530718 2.597291 -6.459272 1.218170 41.831272 0.000012 0.000013 -16.073591 0.000023 -0.000017 -11.367782 -0.000545 0.000019 -0.000773 4.552017 0.002522 2.881421 -1.044807 -0.022161 0.179988 -1.215904 0.000697 0.145157 0.000007 0.000803 -0.000008 2.454265 -0.007584 -2.049420 -1.663471 -0.015208 0.056929 -1.540573 0.001802 0.054307 -0.000307 -0.000014 0.000136 -4.296061 0.037918 -8.923781 -3.631882 0.050759 -0.087577 -3.361753 0.010257 -0.065237 -0.000857 0.000022 0.000008 -9.304994 0.040154 -15.983293 -6.484144 0.088773 -0.190352 -6.230919 0.022198 -0.182514 -0.000650 0.000009 -0.000049 0.000000 0.000000 0.000000 0.000000 0.000000 0.000000 -5.503185 -14.029450 20.420565 -0.096760 -1.009501 3.618724 1.245687 -9.660805 16.700748 -1.279436 1.259133 -17.248701 0.000000 0.000000 0.000000 0.000000 0.000000 0.000000 0.000000 0.000000 0.000000 3.667446 -3.898326 12.807692 0.148536 0.786638 11.239457 -0.817798 0.756292 16.106022 0.449225 -1.005177 -20.048800 0.000000 0.000000 0.000000 0.000000 0.000000 0.000000 0.000000 0.000000 0.000000 
0.078644 88.379982 5.398899 -0.132602 0.329345 -13.412621 2.212291 -0.212827 9.348716 0.380371 0.107767 2.154681 -1.021543 0.787992 7.323488 -1.515623 0.413772 4.140755 -1.108574 0.682009 0.049282 -0.072596 0.560913 -4.878541 -0.549853 -1.138232 -17.249521 0.000000 0.000000 0.000000 88.625366 0.144002 10.323006 63.039070 -11.232380 2.907269 -1.306293 14.663165 95.335594 -18.605459 5.729711 3.190226 6.548220 -1.469903 41.709625 0.000002 0.000020 -16.088968 0.000003 0.000050 -11.204810 0.000014 0.000004 -0.000021 -6.244296 -0.021025 0.937757 -0.549321 -0.101841 0.043953 -0.543249 -0.083542 -0.013086 -0.000006 0.000016 -0.000006 -5.396449 -0.017944 -3.122621 -0.616807 -0.044931 0.018234 -0.427588 -0.029950 0.019500 -0.000016 0.000049 0.000008 -3.899489 0.025198 -8.870885 0.209068 0.088126 -0.058282 0.328582 0.048163 -0.029539 0.000012 -0.001995 -0.000004 -2.785139 0.020053 -15.141839 1.125443 0.265869 -0.096081 1.231742 0.178392 -0.098573 -0.000197 0.000005 -0.000002 0.000000 0.000000 0.000000 0.000000 0.000000 0.000000 -87.004524 -0.145195 4.513550 -73.472038 1.608527 -9.264032 0.166298 -17.126030 105.784782 -2.249923 -30.123884 2.549475 -6.486556 1.223554 41.816448 0.000012 0.000013 -16.146437 0.000023 -0.000017 -11.418841 -0.000546 0.000018 -0.000770 4.362883 0.003027 2.755840 -1.040977 -0.022403 0.179818 -1.210684 0.000528 0.145538 0.000007 0.000816 -0.000008 2.285014 -0.007396 -2.141527 -1.658890 -0.015193 0.057174 -1.539904 0.001817 0.054611 -0.000311 -0.000015 0.000136 -4.432426 0.037567 -8.978205 -3.642089 0.050427 -0.088220 -3.372074 0.010088 -0.065488 -0.000850 0.000022 0.000008 -9.405008 0.038920 -15.987700 -6.499426 0.088391 -0.192184 -6.246826 0.021736 -0.184690 -0.000649 0.000009 -0.000049 0.000000 0.000000 0.000000 0.000000 0.000000 0.000000 -5.504576 -14.044489 20.403122 -0.097126 -1.010593 3.596410 1.246100 -9.654833 16.734203 -1.278507 1.258726 -17.263870 0.000000 0.000000 0.000000 0.000000 0.000000 0.000000 0.000000 0.000000 0.000000 3.671515 -3.907799 12.813141 0.148574 0.788281 11.229022 -0.819012 0.727649 16.108879 0.446521 -1.004028 -20.055212 0.000000 0.000000 0.000000 0.000000 0.000000 0.000000 0.000000 0.000000 0.000000 
0.079733 88.382347 5.399574 -0.137761 0.306100 -13.398164 2.207867 -0.210963 9.337403 0.376134 0.109169 2.170869 -1.009473 0.770863 7.283563 -1.516771 0.410577 4.138559 -1.071830 0.663385 0.030535 -0.075525 0.550109 -4.878747 -0.548187 -1.134810 -17.223162 0.000000 0.000000 0.000000 88.626862 0.146319 10.321864 63.028107 -11.471027 2.887802 -1.317125 14.605747 95.434532 -18.643881 5.402446 3.317620 6.545503 -1.469984 41.710266 0.000002 0.000020 -16.084381 0.000003 0.000050 -11.201934 0.000014 0.000004 -0.000021 -6.248322 -0.020813 0.899829 -0.558638 -0.101185 0.041468 -0.553533 -0.082955 -0.015314 -0.000006 0.000016 -0.000006 -5.423265 -0.017797 -3.152944 -0.627366 -0.044580 0.017101 -0.436742 -0.029743 0.018412 -0.000016 0.000048 0.000008 -3.956636 0.024911 -8.893465 0.194691 0.087717 -0.057321 0.316275 0.047976 -0.028785 0.000012 -0.002021 -0.000004 -2.869828 0.018646 -15.147203 1.105752 0.265393 -0.095460 1.214710 0.178077 -0.096563 -0.000197 0.000005 -0.000002 0.000000 0.000000 0.000000 0.000000 0.000000 0.000000 -86.990227 -0.145364 4.538250 -73.446854 1.870069 -9.247413 0.171004 -17.091578 105.798813 -2.323993 -29.716017 2.500747 -6.513591 1.228955 41.801712 0.000012 0.000012 -16.218472 0.000023 -0.000017 -11.469328 -0.000546 0.000018 -0.000766 4.175503 0.003538 2.630177 -1.037256 -0.022622 0.179619 -1.205686 0.000382 0.145892 0.000007 0.000830 -0.000008 2.117556 -0.007196 -2.234077 -1.654564 -0.015173 0.057418 -1.539394 0.001839 0.054909 -0.000313 -0.000015 0.000135 -4.566470 0.037214 -9.033388 -3.652638 0.050077 -0.088842 -3.382752 0.009907 -0.065733 -0.000843 0.000022 0.000008 -9.502422 0.037745 -15.993404 -6.514765 0.087979 -0.193939 -6.262824 0.021250 -0.186826 -0.000646 0.000009 -0.000049 0.000000 0.000000 0.000000 0.000000 0.000000 0.000000 -5.505939 -14.058041 20.385839 -0.097520 -1.011657 3.575557 1.246626 -9.649097 16.766781 -1.277584 1.258286 -17.278454 0.000000 0.000000 0.000000 0.000000 0.000000 0.000000 0.000000 0.000000 0.000000 3.675256 -3.918058 12.819592 0.148628 0.789948 11.217812 -0.820347 0.698983 16.111767 0.443847 -1.002964 -20.061270 0.000000 0.000000 0.000000 0.000000 0.000000 0.000000 0.000000 0.000000 0.000000 
0.080629 88.384644 5.399899 -0.142669 0.282191 -13.384625 2.203100 -0.209133 9.325853 0.371885 0.110430 2.186410 -0.997028 0.753477 7.244540 -1.517740 0.407231 4.136876 -1.035278 0.644854 0.011809 -0.078805 0.539316 -4.878965 -0.546558 -1.131102 -17.197670 0.000000 0.000000 0.000000 88.629280 0.148475 10.320499 63.012882 -11.718776 2.868863 -1.328246 14.548001 95.533936 -18.676405 5.068566 3.443869 6.543589 -1.470163 41.710457 0.000002 0.000020 -16.082123 0.000003 0.000050 -11.200717 0.000014 0.000004 -0.000021 -6.248389 -0.020606 0.861295 -0.567341 -0.100461 0.038908 -0.563134 -0.082300 -0.017593 -0.000006 0.000016 -0.000006 -5.446205 -0.017642 -3.183968 -0.637185 -0.044204 0.015930 -0.445113 -0.029512 0.017299 -0.000016 0.000048 0.000008 -4.009711 0.024629 -8.916601 0.181487 0.087260 -0.056309 0.304992 0.047757 -0.027998 0.000012 -0.002047 -0.000004 -2.950300 0.017317 -15.153173 1.087363 0.264742 -0.094570 1.198938 0.177624 -0.094336 -0.000197 0.000005 -0.000002 0.000000 0.000000 0.000000 0.000000 0.000000 0.000000 -86.976067 -0.145393 4.563347 -73.421173 2.139187 -9.233839 0.176120 -17.055149 105.811844 -2.400908 -29.306547 2.450851 -6.540500 1.234388 41.787006 0.000012 0.000012 -16.289999 0.000023 -0.000017 -11.519453 -0.000547 0.000018 -0.000759 3.989275 0.004050 2.504166 -1.034004 -0.022823 0.179396 -1.201255 0.000254 0.146220 0.000007 0.000843 -0.000008 1.951317 -0.006988 -2.327234 -1.650829 -0.015148 0.057665 -1.539375 0.001867 0.055200 -0.000314 -0.000015 0.000135 -4.698792 0.036863 -9.089352 -3.663864 0.049710 -0.089450 -3.394123 0.009714 -0.065975 -0.000837 0.000022 0.000008 -9.597841 0.036627 -16.000299 -6.530469 0.087539 -0.195636 -6.279221 0.020742 -0.188936 -0.000643 0.000009 -0.000049 0.000000 0.000000 0.000000 0.000000 0.000000 0.000000 -5.507181 -14.069985 20.368689 -0.097938 -1.012687 3.556230 1.247245 -9.643508 16.798450 -1.276656 1.257812 -17.292440 0.000000 0.000000 0.000000 0.000000 0.000000 0.000000 0.000000 0.000000 0.000000 3.678749 -3.928925 12.827077 0.148697 0.791636 11.205913 -0.821847 0.670484 16.114571 0.441213 -1.001979 -20.066936 0.000000 0.000000 0.000000 0.000000 0.000000 0.000000 0.000000 0.000000 0.000000 
0.081301 88.386841 5.399869 -0.147375 0.257431 -13.372016 2.198016 -0.207337 9.314048 0.367658 0.111538 2.201337 -0.984213 0.735925 7.206477 -1.518523 0.403773 4.135727 -0.998963 0.626362 -0.007084 -0.082444 0.528463 -4.879316 -0.544951 -1.127100 -17.173008 0.000000 0.000000 0.000000 88.632591 0.150452 10.319015 62.993568 -11.975553 2.850405 -1.339621 14.489969 95.633537 -18.702217 4.728724 3.568747 6.542631 -1.470466 41.710152 0.000002 0.000020 -16.082556 0.000003 0.000050 -11.201414 0.000014 0.000004 -0.000021 -6.243834 -0.020404 0.821804 -0.575367 -0.099674 0.036295 -0.571988 -0.081581 -0.019910 -0.000006 0.000016 -0.000006 -5.464489 -0.017481 -3.215916 -0.646190 -0.043806 0.014726 -0.452631 -0.029259 0.016165 -0.000016 0.000048 0.000008 -4.057712 0.024353 -8.940380 0.169619 0.086756 -0.055243 0.294897 0.047510 -0.027179 0.000012 -0.002072 -0.000004 -3.025455 0.016075 -15.159705 1.070521 0.263922 -0.093400 1.184663 0.177037 -0.091882 -0.000197 0.000005 -0.000002 0.000000 0.000000 0.000000 0.000000 0.000000 0.000000 -86.962067 -0.145267 4.588905 -73.395073 2.415838 -9.223262 0.181653 -17.016808 105.823875 -2.481188 -28.894991 2.399515 -6.567399 1.239863 41.772285 0.000012 0.000012 -16.361319 0.000022 -0.000017 -11.569415 -0.000548 0.000018 -0.000751 3.803606 0.004561 2.377552 -1.031588 -0.023005 0.179157 -1.197745 0.000144 0.146528 0.000008 0.000857 -0.000008 1.785738 -0.006771 -2.421153 -1.648028 -0.015119 0.057914 -1.540174 0.001901 0.055486 -0.000314 -0.000015 0.000134 -4.829997 0.036513 -9.146116 -3.676102 0.049327 -0.090048 -3.406525 0.009512 -0.066220 -0.000832 0.000022 0.000008 -9.691856 0.035569 -16.008310 -6.546862 0.087068 -0.197303 -6.296329 0.020212 -0.191038 -0.000640 0.000009 -0.000049 0.000000 0.000000 0.000000 0.000000 0.000000 0.000000 -5.508201 -14.080208 20.351635 -0.098378 -1.013679 3.538486 1.247935 -9.637974 16.829166 -1.275709 1.257301 -17.305834 0.000000 0.000000 0.000000 0.000000 0.000000 0.000000 0.000000 0.000000 0.000000 3.682077 -3.940218 12.835634 0.148783 0.793339 11.193403 -0.823552 0.642343 16.117203 0.438631 -1.001068 -20.072176 0.000000 0.000000 0.000000 0.000000 0.000000 0.000000 0.000000 0.000000 0.000000 
0.081717 88.388939 5.399486 -0.151924 0.231633 -13.360327 2.192641 -0.205574 9.301973 0.363484 0.112489 2.215673 -0.971037 0.718299 7.169436 -1.519112 0.400242 4.135122 -0.962916 0.607866 -0.026295 -0.086448 0.517498 -4.879903 -0.543358 -1.122803 -17.149134 0.000000 0.000000 0.000000 88.636856 0.152232 10.317508 62.970268 -12.241224 2.832406 -1.351214 14.431723 95.733139 -18.720526 4.383647 3.692052 6.542790 -1.470916 41.709259 0.000002 0.000020 -16.086031 0.000003 0.000050 -11.204267 0.000014 0.000004 -0.000021 -6.233954 -0.020209 0.781009 -0.582662 -0.098828 0.033644 -0.580043 -0.080805 -0.022246 -0.000006 0.000016 -0.000006 -5.477317 -0.017315 -3.249015 -0.654318 -0.043388 0.013495 -0.459229 -0.028987 0.015015 -0.000016 0.000047 0.000008 -4.099626 0.024086 -8.964872 0.159249 0.086208 -0.054126 0.286155 0.047234 -0.026327 0.000012 -0.002098 -0.000004 -3.094164 0.014924 -15.166743 1.055461 0.262936 -0.091943 1.172121 0.176320 -0.089193 -0.000196 0.000005 -0.000002 0.000000 0.000000 0.000000 0.000000 0.000000 0.000000 -86.948265 -0.144965 4.614977 -73.368584 2.699950 -9.215619 0.187594 -16.976635 105.834839 -2.565370 -28.481016 2.346482 -6.594411 1.245395 41.757488 0.000012 0.000012 -16.432722 0.000022 -0.000016 -11.619421 -0.000549 0.000017 -0.000741 3.617914 0.005065 2.250079 -1.030372 -0.023170 0.178915 -1.195502 0.000051 0.146824 0.000008 0.000872 -0.000008 1.620270 -0.006547 -2.515979 -1.646498 -0.015086 0.058169 -1.542136 0.001939 0.055770 -0.000313 -0.000016 0.000133 -4.960680 0.036167 -9.203701 -3.689699 0.048928 -0.090645 -3.420302 0.009299 -0.066474 -0.000828 0.000021 0.000008 -9.785084 0.034566 -16.017359 -6.564281 0.086565 -0.198967 -6.314485 0.019662 -0.193154 -0.000636 0.000009 -0.000049 0.000000 0.000000 0.000000 0.000000 0.000000 0.000000 -5.508896 -14.088609 20.334641 -0.098839 -1.014628 3.522380 1.248661 -9.632401 16.858894 -1.274731 1.256752 -17.318613 0.000000 0.000000 0.000000 0.000000 0.000000 0.000000 0.000000 0.000000 0.000000 3.685323 -3.951754 12.845278 0.148886 0.795052 11.180364 -0.825499 0.614746 16.119583 0.436113 -1.000222 -20.076973 0.000000 0.000000 0.000000 0.000000 0.000000 0.000000 0.000000 0.000000 0.000000 
0.081841 88.390907 5.398747 -0.156358 0.204610 -13.349554 2.187004 -0.203843 9.289625 0.359394 0.113275 2.229424 -0.957518 0.700691 7.133493 -1.519493 0.396674 4.135072 -0.927171 0.589341 -0.045932 -0.090815 0.506389 -4.880808 -0.541770 -1.118210 -17.126024 0.000000 0.000000 0.000000 88.641975 0.153804 10.316057 62.943207 -12.515592 2.814855 -1.362990 14.373352 95.832642 -18.730526 4.034144 3.813595 6.544214 -1.471537 41.707703 0.000003 0.000020 -16.092899 0.000003 0.000050 -11.209513 0.000014 0.000004 -0.000021 -6.218070 -0.020021 0.738562 -0.589173 -0.097930 0.030972 -0.587249 -0.079977 -0.024588 -0.000006 0.000016 -0.000006 -5.483886 -0.017146 -3.283489 -0.661504 -0.042951 0.012242 -0.464845 -0.028697 0.013855 -0.000017 0.000047 0.000008 -4.134432 0.023829 -8.990148 0.150539 0.085620 -0.052957 0.278929 0.046933 -0.025442 0.000012 -0.002124 -0.000004 -3.155308 0.013871 -15.174239 1.042425 0.261793 -0.090191 1.161539 0.175476 -0.086259 -0.000195 0.000005 -0.000003 0.000000 0.000000 0.000000 0.000000 0.000000 0.000000 -86.934685 -0.144475 4.641589 -73.341820 2.991417 -9.210864 0.193922 -16.934755 105.844772 -2.653957 -28.064453 2.291512 -6.621649 1.250993 41.742577 0.000012 0.000012 -16.504505 0.000022 -0.000016 -11.669671 -0.000550 0.000017 -0.000729 3.431622 0.005557 2.121509 -1.030724 -0.023319 0.178683 -1.194880 -0.000027 0.147120 0.000008 0.000887 -0.000008 1.454372 -0.006316 -2.611854 -1.646592 -0.015050 0.058436 -1.545605 0.001983 0.056056 -0.000310 -0.000016 0.000132 -5.091451 0.035826 -9.262138 -3.705013 0.048513 -0.091251 -3.435808 0.009077 -0.066745 -0.000824 0.000021 0.000008 -9.878133 0.033626 -16.027380 -6.583074 0.086027 -0.200663 -6.334029 0.019088 -0.195309 -0.000631 0.000009 -0.000049 0.000000 0.000000 0.000000 0.000000 0.000000 0.000000 -5.509165 -14.095097 20.317667 -0.099318 -1.015529 3.507959 1.249387 -9.626694 16.887568 -1.273709 1.256162 -17.330774 0.000000 0.000000 0.000000 0.000000 0.000000 0.000000 0.000000 0.000000 0.000000 3.688567 -3.963362 12.856023 0.149008 0.796769 11.166865 -0.827726 0.587876 16.121628 0.433671 -0.999435 -20.081305 0.000000 0.000000 0.000000 0.000000 0.000000 0.000000 0.000000 0.000000 0.000000 
0.081641 88.392731 5.397655 -0.160709 0.176182 -13.339686 2.181129 -0.202142 9.276992 0.355413 0.113893 2.242593 -0.943679 0.683188 7.098716 -1.519654 0.393103 4.135580 -0.891773 0.570778 -0.066066 -0.095542 0.495122 -4.882097 -0.540184 -1.113322 -17.103666 0.000000 0.000000 0.000000 88.647980 0.155153 10.314740 62.912548 -12.798386 2.797766 -1.374919 14.314960 95.931938 -18.731453 3.681098 3.933188 6.547057 -1.472354 41.705433 0.000003 0.000020 -16.103498 0.000003 0.000050 -11.217389 0.000014 0.000004 -0.000021 -6.195471 -0.019841 0.694130 -0.594858 -0.096984 0.028297 -0.593571 -0.079103 -0.026919 -0.000006 0.000016 -0.000006 -5.483399 -0.016975 -3.319551 -0.667687 -0.042498 0.010972 -0.469419 -0.028390 0.012686 -0.000017 0.000047 0.000008 -4.161102 0.023583 -9.016274 0.143644 0.084994 -0.051736 0.273370 0.046608 -0.024525 0.000012 -0.002150 -0.000004 -3.207764 0.012914 -15.182132 1.031645 0.260499 -0.088135 1.153146 0.174511 -0.083077 -0.000193 0.000005 -0.000003 0.000000 0.000000 0.000000 0.000000 0.000000 0.000000 -86.921364 -0.143785 4.668752 -73.314842 3.290092 -9.208930 0.200628 -16.891300 105.853523 -2.747493 -27.645357 2.234424 -6.649237 1.256668 41.727497 0.000012 0.000012 -16.576960 0.000022 -0.000016 -11.720380 -0.000552 0.000017 -0.000716 3.244150 0.006033 1.991601 -1.033023 -0.023452 0.178481 -1.196240 -0.000090 0.147430 0.000008 0.000903 -0.000008 1.287481 -0.006081 -2.708916 -1.648675 -0.015009 0.058720 -1.550938 0.002033 0.056348 -0.000306 -0.000016 0.000132 -5.222917 0.035489 -9.321449 -3.722421 0.048083 -0.091876 -3.453419 0.008845 -0.067042 -0.000822 0.000021 0.000008 -9.971638 0.032739 -16.038324 -6.603614 0.085450 -0.202429 -6.355330 0.018489 -0.197529 -0.000625 0.000009 -0.000049 0.000000 0.000000 0.000000 0.000000 0.000000 0.000000 -5.508916 -14.099596 20.300669 -0.099811 -1.016378 3.495253 1.250068 -9.620756 16.915148 -1.272635 1.255527 -17.342310 0.000000 0.000000 0.000000 0.000000 0.000000 0.000000 0.000000 0.000000 0.000000 3.691886 -3.974866 12.867878 0.149148 0.798485 11.152975 -0.830269 0.561905 16.123266 0.431319 -0.998700 -20.085163 0.000000 0.000000 0.000000 0.000000 0.000000 0.000000 0.000000 0.000000 0.000000 
0.081083 88.394386 5.396210 -0.165002 0.146175 -13.330711 2.175045 -0.200470 9.264073 0.351568 0.114341 2.255170 -0.929553 0.665870 7.065178 -1.519581 0.389559 4.136645 -0.856760 0.552185 -0.086728 -0.100620 0.483698 -4.883818 -0.538600 -1.108145 -17.082056 0.000000 0.000000 0.000000 88.654831 0.156263 10.313620 62.878494 -13.089307 2.781161 -1.386960 14.256671 96.030975 -18.722561 3.325475 4.050646 6.551457 -1.473388 41.702362 0.000003 0.000020 -16.118137 0.000003 0.000050 -11.228110 0.000014 0.000004 -0.000021 -6.165470 -0.019669 0.647388 -0.599681 -0.095999 0.025635 -0.598970 -0.078191 -0.029224 -0.000006 0.000016 -0.000006 -5.475056 -0.016803 -3.357408 -0.672821 -0.042032 0.009690 -0.472905 -0.028068 0.011515 -0.000017 0.000047 0.000008 -4.178642 0.023347 -9.043307 0.138708 0.084335 -0.050463 0.269629 0.046261 -0.023574 0.000013 -0.002177 -0.000004 -3.250443 0.012060 -15.190364 1.023344 0.259063 -0.085772 1.147151 0.173432 -0.079640 -0.000192 0.000005 -0.000003 0.000000 0.000000 0.000000 0.000000 0.000000 0.000000 -86.908379 -0.142883 4.696462 -73.287720 3.595755 -9.209719 0.207677 -16.846441 105.861023 -2.846502 -27.224005 2.175078 -6.677300 1.262431 41.712196 0.000012 0.000012 -16.650393 0.000022 -0.000016 -11.771756 -0.000554 0.000017 -0.000701 3.054891 0.006489 1.860114 -1.037657 -0.023568 0.178330 -1.199955 -0.000137 0.147772 0.000009 0.000919 -0.000008 1.119012 -0.005841 -2.807301 -1.653130 -0.014964 0.059029 -1.558517 0.002087 0.056654 -0.000301 -0.000016 0.000131 -5.355723 0.035161 -9.381667 -3.742311 0.047636 -0.092535 -3.473524 0.008602 -0.067374 -0.000821 0.000021 0.000008 -10.066266 0.031906 -16.050135 -6.626287 0.084830 -0.204307 -6.378769 0.017863 -0.199842 -0.000619 0.000009 -0.000049 0.000000 0.000000 0.000000 0.000000 0.000000 0.000000 -5.508056 -14.102040 20.283594 -0.100316 -1.017172 3.484295 1.250660 -9.614498 16.941570 -1.271496 1.254846 -17.353224 0.000000 0.000000 0.000000 0.000000 0.000000 0.000000 0.000000 0.000000 0.000000 3.695349 -3.986097 12.880832 0.149306 0.800194 11.138767 -0.833160 0.536994 16.124447 0.429069 -0.998010 -20.088543 0.000000 0.000000 0.000000 0.000000 0.000000 0.000000 0.000000 0.000000 0.000000 
0.080134 88.395859 5.394411 -0.169259 0.114432 -13.322609 2.168776 -0.198824 9.250869 0.347882 0.114615 2.267137 -0.915174 0.648810 7.032951 -1.519262 0.386066 4.138261 -0.822184 0.533586 -0.107924 -0.106036 0.472138 -4.886004 -0.537021 -1.102686 -17.061186 0.000000 0.000000 0.000000 88.662514 0.157122 10.312752 62.841255 -13.387989 2.765089 -1.399087 14.198609 96.129692 -18.703131 2.968294 4.165761 6.557551 -1.474664 41.698425 0.000003 0.000020 -16.137115 0.000003 0.000050 -11.241890 0.000014 0.000004 -0.000022 -6.127377 -0.019503 0.598032 -0.603612 -0.094980 0.023001 -0.603423 -0.077247 -0.031490 -0.000007 0.000016 -0.000006 -5.458086 -0.016630 -3.397259 -0.676859 -0.041554 0.008400 -0.475254 -0.027734 0.010344 -0.000017 0.000046 0.000008 -4.186068 0.023124 -9.071302 0.135868 0.083646 -0.049140 0.267844 0.045894 -0.022589 0.000013 -0.002203 -0.000004 -3.282293 0.011311 -15.198855 1.017732 0.257495 -0.083099 1.143766 0.172246 -0.075951 -0.000190 0.000005 -0.000003 0.000000 0.000000 0.000000 0.000000 0.000000 0.000000 -86.895775 -0.141763 4.724697 -73.260551 3.908158 -9.213121 0.215035 -16.800375 105.867218 -2.951507 -26.800932 2.113405 -6.705972 1.268295 41.696617 0.000012 0.000012 -16.725145 0.000021 -0.000016 -11.824034 -0.000556 0.000016 -0.000686 2.863195 0.006924 1.726806 -1.045035 -0.023666 0.178256 -1.206421 -0.000168 0.148168 0.000009 0.000936 -0.000008 0.948334 -0.005599 -2.907147 -1.660353 -0.014914 0.059372 -1.568737 0.002148 0.056979 -0.000295 -0.000016 0.000130 -5.490553 0.034839 -9.442826 -3.765100 0.047174 -0.093240 -3.496537 0.008349 -0.067751 -0.000820 0.000021 0.000008 -10.162717 0.031128 -16.062757 -6.651508 0.084164 -0.206339 -6.404757 0.017207 -0.202280 -0.000613 0.000009 -0.000049 0.000000 0.000000 0.000000 0.000000 0.000000 0.000000 -5.506508 -14.102384 20.266407 -0.100830 -1.017905 3.475112 1.251110 -9.607827 16.966782 -1.270286 1.254113 -17.363489 0.000000 0.000000 0.000000 0.000000 0.000000 0.000000 0.000000 0.000000 0.000000 3.699020 -3.996893 12.894880 0.149483 0.801893 11.124301 -0.836431 0.513292 16.125107 0.426932 -0.997357 -20.091438 0.000000 0.000000 0.000000 0.000000 0.000000 0.000000 0.000000 0.000000 0.000000 
0.078764 88.397133 5.392259 -0.173489 0.080809 -13.315358 2.162350 -0.197203 9.237382 0.344373 0.114717 2.278474 -0.900579 0.632070 7.002102 -1.518690 0.382646 4.140419 -0.788098 0.515012 -0.129628 -0.111773 0.460474 -4.888678 -0.535453 -1.096958 -17.041065 0.000000 0.000000 0.000000 88.670944 0.157710 10.312181 62.801018 -13.694041 2.749605 -1.411265 14.140915 96.228088 -18.672485 2.610610 4.278316 6.565466 -1.476204 41.693581 0.000003 0.000020 -16.160723 0.000003 0.000050 -11.258924 0.000014 0.000004 -0.000022 -6.080517 -0.019345 0.545768 -0.606627 -0.093934 0.020413 -0.606908 -0.076278 -0.033703 -0.000007 0.000016 -0.000006 -5.431725 -0.016460 -3.439290 -0.679758 -0.041068 0.007107 -0.476426 -0.027389 0.009178 -0.000017 0.000046 0.000008 -4.182433 0.022912 -9.100307 0.135251 0.082932 -0.047766 0.268143 0.045511 -0.021570 0.000013 -0.002230 -0.000004 -3.302295 0.010665 -15.207556 1.015012 0.255807 -0.080116 1.143180 0.170961 -0.072007 -0.000187 0.000005 -0.000003 0.000000 0.000000 0.000000 0.000000 0.000000 0.000000 -86.883591 -0.140425 4.753417 -73.233368 4.226973 -9.218983 0.222667 -16.753313 105.871925 -3.063046 -26.376856 2.049408 -6.735399 1.274271 41.680702 0.000012 0.000012 -16.801559 0.000021 -0.000015 -11.877464 -0.000558 0.000016 -0.000669 2.668358 0.007332 1.591424 -1.055582 -0.023746 0.178288 -1.216049 -0.000181 0.148641 0.000009 0.000954 -0.000008 0.774762 -0.005354 -3.008604 -1.670769 -0.014859 0.059757 -1.582020 0.002214 0.057333 -0.000287 -0.000017 0.000129 -5.628140 0.034525 -9.504963 -3.791229 0.046694 -0.094006 -3.522898 0.008085 -0.068184 -0.000820 0.000021 0.000008 -10.261754 0.030398 -16.076138 -6.679713 0.083447 -0.208573 -6.433723 0.016518 -0.204874 -0.000606 0.000009 -0.000049 0.000000 0.000000 0.000000 0.000000 0.000000 0.000000 -5.504201 -14.100582 20.249052 -0.101351 -1.018575 3.467709 1.251367 -9.600662 16.990734 -1.268999 1.253323 -17.373112 0.000000 0.000000 0.000000 0.000000 0.000000 0.000000 0.000000 0.000000 0.000000 3.702954 -4.007107 12.909999 0.149678 0.803579 11.109651 -0.840111 0.490925 16.125198 0.424917 -0.996737 -20.093859 0.000000 0.000000 0.000000 0.000000 0.000000 0.000000 0.000000 0.000000 0.000000 
0.076947 88.398178 5.389750 -0.177699 0.045187 -13.308943 2.155793 -0.195603 9.223619 0.341064 0.114646 2.289152 -0.885809 0.615704 6.972693 -1.517855 0.379313 4.143104 -0.754556 0.496505 -0.151806 -0.117809 0.448748 -4.891848 -0.533904 -1.090974 -17.021708 0.000000 0.000000 0.000000 88.680107 0.158013 10.311954 62.758022 -14.007051 2.734764 -1.423473 14.083725 96.326012 -18.629986 2.253516 4.388080 6.575330 -1.478030 41.687740 0.000003 0.000021 -16.189234 0.000003 0.000050 -11.279402 0.000014 0.000004 -0.000022 -6.024242 -0.019194 0.490324 -0.608701 -0.092870 0.017883 -0.609413 -0.075292 -0.035848 -0.000007 0.000016 -0.000006 -5.395236 -0.016291 -3.483682 -0.681486 -0.040575 0.005815 -0.476388 -0.027036 0.008020 -0.000017 0.000046 0.000008 -4.166842 0.022713 -9.130370 0.136973 0.082198 -0.046344 0.270649 0.045113 -0.020518 0.000013 -0.002257 -0.000004 -3.309504 0.010119 -15.216383 1.015364 0.254012 -0.076824 1.145570 0.169585 -0.067813 -0.000184 0.000005 -0.000003 0.000000 0.000000 0.000000 0.000000 0.000000 0.000000 -86.871872 -0.138869 4.782575 -73.206261 4.551839 -9.227135 0.230529 -16.705488 105.875076 -3.181642 -25.952726 1.983155 -6.765736 1.280374 41.664371 0.000012 0.000012 -16.880028 0.000021 -0.000015 -11.932316 -0.000560 0.000016 -0.000651 2.469609 0.007711 1.453706 -1.069745 -0.023805 0.178453 -1.229270 -0.000175 0.149216 0.000010 0.000972 -0.000007 0.597560 -0.005107 -3.111821 -1.684822 -0.014799 0.060196 -1.598808 0.002288 0.057724 -0.000278 -0.000017 0.000128 -5.769264 0.034220 -9.568123 -3.821155 0.046196 -0.094850 -3.553064 0.007809 -0.068685 -0.000822 0.000021 0.000008 -10.364177 0.029712 -16.090210 -6.711357 0.082676 -0.211053 -6.466120 0.015794 -0.207655 -0.000598 0.000009 -0.000049 0.000000 0.000000 0.000000 0.000000 0.000000 0.000000 -5.501073 -14.096615 20.231506 -0.101876 -1.019176 3.462104 1.251378 -9.592929 17.013384 -1.267628 1.252472 -17.382093 0.000000 0.000000 0.000000 0.000000 0.000000 0.000000 0.000000 0.000000 0.000000 3.707201 -4.016600 12.926162 0.149892 0.805247 11.094882 -0.844224 0.470016 16.124674 0.423032 -0.996143 -20.095806 0.000000 0.000000 0.000000 0.000000 0.000000 0.000000 0.000000 0.000000 0.000000 
0.074655 88.398994 5.386885 -0.181891 0.007469 -13.303342 2.149128 -0.194021 9.209584 0.337969 0.114405 2.299140 -0.870902 0.599750 6.944774 -1.516757 0.376080 4.146298 -0.721613 0.478109 -0.174402 -0.124122 0.437007 -4.895521 -0.532386 -1.084754 -17.003126 0.000000 0.000000 0.000000 88.689957 0.158013 10.312101 62.712471 -14.326584 2.720628 -1.435679 14.027179 96.423477 -18.575029 1.898101 4.494784 6.587253 -1.480166 41.680870 0.000003 0.000021 -16.222893 0.000003 0.000049 -11.303504 0.000014 0.000004 -0.000022 -5.957917 -0.019051 0.431439 -0.609817 -0.091794 0.015428 -0.610916 -0.074296 -0.037914 -0.000007 0.000016 -0.000006 -5.347920 -0.016125 -3.530602 -0.682008 -0.040079 0.004528 -0.475110 -0.026677 0.006873 -0.000017 0.000046 0.000008 -4.138443 0.022525 -9.161535 0.141138 0.081449 -0.044876 0.275463 0.044704 -0.019433 0.000013 -0.002284 -0.000004 -3.303039 0.009676 -15.225283 1.018958 0.252120 -0.073230 1.151093 0.168129 -0.063371 -0.000181 0.000005 -0.000003 0.000000 0.000000 0.000000 0.000000 0.000000 0.000000 -86.860703 -0.137099 4.812111 -73.179268 4.882332 -9.237353 0.238578 -16.657129 105.876480 -3.307797 -25.529606 1.914781 -6.797153 1.286622 41.647552 0.000012 0.000012 -16.960964 0.000021 -0.000015 -11.988873 -0.000562 0.000016 -0.000632 2.266115 0.008061 1.313381 -1.087992 -0.023844 0.178785 -1.246549 -0.000149 0.149923 0.000010 0.000990 -0.000007 0.415918 -0.004860 -3.216962 -1.702982 -0.014732 0.060698 -1.619570 0.002369 0.058161 -0.000268 -0.000017 0.000127 -5.914754 0.033924 -9.632352 -3.855361 0.045682 -0.095787 -3.587519 0.007520 -0.069264 -0.000823 0.000021 0.000008 -10.470816 0.029068 -16.104916 -6.746915 0.081849 -0.213826 -6.502415 0.015034 -0.210658 -0.000591 0.000009 -0.000050 0.000000 0.000000 0.000000 0.000000 0.000000 0.000000 -5.497077 -14.090471 20.213717 -0.102402 -1.019705 3.458295 1.251091 -9.584566 17.034674 -1.266171 1.251554 -17.390425 0.000000 0.000000 0.000000 0.000000 0.000000 0.000000 0.000000 0.000000 0.000000 3.711806 -4.025247 12.943330 0.150124 0.806896 11.080074 -0.848792 0.450654 16.123482 0.421282 -0.995569 -20.097281 0.000000 0.000000 0.000000 0.000000 0.000000 0.000000 0.000000 0.000000 0.000000 
0.071866 88.399559 5.383660 -0.186062 -0.032415 -13.298525 2.142384 -0.192455 9.195288 0.335102 0.113998 2.308405 -0.855895 0.584238 6.918394 -1.515394 0.372953 4.149981 -0.689320 0.459866 -0.197359 -0.130683 0.425303 -4.899692 -0.530908 -1.078319 -16.985338 0.000000 0.000000 0.000000 88.700386 0.157695 10.312652 62.664551 -14.652198 2.707262 -1.447859 13.971408 96.520386 -18.507082 1.545430 4.598160 6.601343 -1.482629 41.672905 0.000003 0.000021 -16.261942 0.000003 0.000049 -11.331393 0.000014 0.000004 -0.000022 -5.880926 -0.018912 0.368877 -0.609954 -0.090716 0.013061 -0.611410 -0.073298 -0.039888 -0.000007 0.000016 -0.000006 -5.289121 -0.015964 -3.580210 -0.681293 -0.039582 0.003251 -0.472563 -0.026315 0.005740 -0.000018 0.000046 0.000008 -4.096463 0.022349 -9.193845 0.147835 0.080689 -0.043364 0.282688 0.044286 -0.018317 0.000013 -0.002311 -0.000004 -3.282109 0.009330 -15.234201 1.025940 0.250149 -0.069341 1.159894 0.166603 -0.058690 -0.000177 0.000005 -0.000003 0.000000 0.000000 0.000000 0.000000 0.000000 0.000000 -86.850090 -0.135122 4.841956 -73.152412 5.218002 -9.249413 0.246773 -16.608490 105.876068 -3.441962 -25.108686 1.844461 -6.829826 1.293031 41.630188 0.000012 0.000012 -17.044802 0.000020 -0.000015 -12.047445 -0.000564 0.000016 -0.000613 2.056993 0.008379 1.170178 -1.110807 -0.023859 0.179315 -1.268358 -0.000102 0.150787 0.000010 0.001009 -0.000007 0.228984 -0.004612 -3.324188 -1.725732 -0.014659 0.061275 -1.644786 0.002458 0.058654 -0.000258 -0.000017 0.000126 -6.065464 0.033636 -9.697699 -3.894343 0.045150 -0.096832 -3.626761 0.007220 -0.069933 -0.000826 0.000021 0.000008 -10.582530 0.028459 -16.120180 -6.786861 0.080964 -0.216936 -6.543092 0.014236 -0.213912 -0.000583 0.000009 -0.000050 0.000000 0.000000 0.000000 0.000000 0.000000 0.000000 -5.492169 -14.082161 20.195650 -0.102929 -1.020159 3.456277 1.250453 -9.575520 17.054562 -1.264624 1.250564 -17.398117 0.000000 0.000000 0.000000 0.000000 0.000000 0.000000 0.000000 0.000000 0.000000 3.716802 -4.032941 12.961463 0.150374 0.808525 11.065299 -0.853831 0.432913 16.121590 0.419670 -0.995010 -20.098295 0.000000 0.000000 0.000000 0.000000 0.000000 0.000000 0.000000 0.000000 0.000000 
0.068554 88.399841 5.380072 -0.190209 -0.074508 -13.294472 2.135583 -0.190901 9.180736 0.332474 0.113429 2.316915 -0.840819 0.569182 6.893586 -1.513770 0.369935 4.154136 -0.657724 0.441817 -0.220610 -0.137462 0.413685 -4.904361 -0.529482 -1.071692 -16.968365 0.000000 0.000000 0.000000 88.711395 0.157039 10.313636 62.614437 -14.983437 2.694721 -1.459991 13.916542 96.616722 -18.425634 1.196537 4.697903 6.617699 -1.485441 41.663792 0.000004 0.000021 -16.306599 0.000003 0.000049 -11.363224 0.000014 0.000003 -0.000022 -5.792714 -0.018779 0.302427 -0.609086 -0.089643 0.010793 -0.610872 -0.072306 -0.041759 -0.000007 0.000016 -0.000006 -5.218225 -0.015807 -3.632648 -0.679317 -0.039087 0.001987 -0.468715 -0.025951 0.004626 -0.000018 0.000046 0.000008 -4.040203 0.022186 -9.227345 0.157140 0.079925 -0.041812 0.292404 0.043863 -0.017171 0.000013 -0.002339 -0.000004 -3.246009 0.009078 -15.243083 1.036434 0.248111 -0.065170 1.172093 0.165017 -0.053781 -0.000173 0.000005 -0.000003 0.000000 0.000000 0.000000 0.000000 0.000000 0.000000 -86.840080 -0.132944 4.872036 -73.125763 5.558348 -9.263048 0.255069 -16.559801 105.873695 -3.584525 -24.691202 1.772429 -6.863939 1.299620 41.612164 0.000012 0.000012 -17.132004 0.000020 -0.000015 -12.108344 -0.000567 0.000015 -0.000593 1.841306 0.008664 1.023823 -1.138696 -0.023851 0.180073 -1.295197 -0.000032 0.151840 0.000011 0.001028 -0.000007 0.035884 -0.004365 -3.433660 -1.753574 -0.014579 0.061937 -1.674966 0.002555 0.059212 -0.000246 -0.000017 0.000125 -6.222260 0.033357 -9.764211 -3.938602 0.044601 -0.098002 -3.671294 0.006906 -0.070703 -0.000830 0.000021 0.000008 -10.700169 0.027880 -16.135918 -6.831677 0.080020 -0.220423 -6.588622 0.013399 -0.217446 -0.000574 0.000009 -0.000050 0.000000 0.000000 0.000000 0.000000 0.000000 0.000000 -5.486316 -14.071697 20.177294 -0.103454 -1.020534 3.456040 1.249413 -9.565749 17.073019 -1.262987 1.249495 -17.405161 0.000000 0.000000 0.000000 0.000000 0.000000 0.000000 0.000000 0.000000 0.000000 3.722221 -4.039595 12.980499 0.150643 0.810134 11.050643 -0.859355 0.416850 16.118944 0.418199 -0.994463 -20.098854 0.000000 0.000000 0.000000 0.000000 0.000000 0.000000 0.000000 0.000000 0.000000 
0.064699 88.399849 5.376118 -0.194327 -0.118823 -13.291152 2.128750 -0.189355 9.165941 0.330095 0.112705 2.324633 -0.825702 0.554586 6.870373 -1.511891 0.367024 4.158737 -0.626865 0.423995 -0.244091 -0.144427 0.402202 -4.909514 -0.528122 -1.064902 -16.952217 0.000000 0.000000 0.000000 88.722878 0.156029 10.315068 62.562359 -15.319852 2.683052 -1.472059 13.862690 96.712341 -18.330261 0.852395 4.793715 6.636410 -1.488618 41.653496 0.000004 0.000021 -16.357063 0.000003 0.000049 -11.399130 0.000014 0.000003 -0.000022 -5.692756 -0.018651 0.231896 -0.607191 -0.088583 0.008640 -0.609286 -0.071328 -0.043518 -0.000007 0.000016 -0.000006 -5.134683 -0.015656 -3.688044 -0.676050 -0.038598 0.000740 -0.463544 -0.025588 0.003532 -0.000018 0.000046 0.000008 -3.969054 0.022034 -9.262076 0.169121 0.079161 -0.040222 0.304683 0.043438 -0.015997 0.000013 -0.002366 -0.000004 -3.194162 0.008919 -15.251892 1.050539 0.246021 -0.060730 1.187788 0.163382 -0.048655 -0.000169 0.000005 -0.000003 0.000000 0.000000 0.000000 0.000000 0.000000 0.000000 -86.830711 -0.130578 4.902268 -73.099289 5.902858 -9.277987 0.263421 -16.511295 105.869324 -3.735755 -24.278368 1.698929 -6.899681 1.306411 41.593430 0.000012 0.000012 -17.223036 0.000020 -0.000014 -12.171895 -0.000569 0.000015 -0.000573 1.618116 0.008917 0.874060 -1.172171 -0.023817 0.181091 -1.327578 0.000061 0.153109 0.000011 0.001047 -0.000007 -0.164276 -0.004119 -3.545538 -1.787028 -0.014491 0.062695 -1.710623 0.002661 0.059846 -0.000234 -0.000018 0.000124 -6.385983 0.033087 -9.831937 -3.988636 0.044035 -0.099309 -3.721623 0.006579 -0.071585 -0.000834 0.000020 0.000008 -10.824550 0.027331 -16.152050 -6.881826 0.079017 -0.224324 -6.639472 0.012523 -0.221290 -0.000565 0.000009 -0.000050 0.000000 0.000000 0.000000 0.000000 0.000000 0.000000 -5.479486 -14.059112 20.158607 -0.103976 -1.020827 3.457572 1.247920 -9.555230 17.089998 -1.261259 1.248342 -17.411568 0.000000 0.000000 0.000000 0.000000 0.000000 0.000000 0.000000 0.000000 0.000000 3.728088 -4.045129 13.000383 0.150930 0.811723 11.036184 -0.865371 0.402494 16.115513 0.416869 -0.993922 -20.098959 0.000000 0.000000 0.000000 0.000000 0.000000 0.000000 0.000000 0.000000 0.000000 
0.060276 88.399551 5.371792 -0.198413 -0.165346 -13.288543 2.121910 -0.187812 9.150903 0.327970 0.111834 2.331530 -0.810566 0.540441 6.848768 -1.509765 0.364218 4.163765 -0.596777 0.406432 -0.267737 -0.151544 0.390896 -4.915145 -0.526837 -1.057979 -16.936920 0.000000 0.000000 0.000000 88.734787 0.154656 10.316972 62.508438 -15.660982 2.672304 -1.484039 13.809958 96.807243 -18.220591 0.513899 4.885278 6.657547 -1.492176 41.641972 0.000004 0.000021 -16.413506 0.000003 0.000049 -11.439227 0.000015 0.000003 -0.000022 -5.580598 -0.018527 0.157133 -0.604233 -0.087544 0.006610 -0.606626 -0.070371 -0.045153 -0.000007 0.000016 -0.000006 -5.038029 -0.015512 -3.746508 -0.671458 -0.038116 -0.000486 -0.457012 -0.025229 0.002462 -0.000018 0.000046 0.000008 -3.882524 0.021893 -9.298084 0.183833 0.078403 -0.038602 0.319583 0.043014 -0.014797 0.000013 -0.002394 -0.000004 -3.126107 0.008849 -15.260591 1.068344 0.243893 -0.056040 1.207051 0.161708 -0.043326 -0.000164 0.000005 -0.000004 0.000000 0.000000 0.000000 0.000000 0.000000 0.000000 -86.821976 -0.128032 4.932574 -73.072990 6.251012 -9.293931 0.271791 -16.463186 105.862854 -3.895816 -23.871363 1.624240 -6.937236 1.313422 41.573875 0.000012 0.000012 -17.318348 0.000020 -0.000014 -12.238408 -0.000571 0.000015 -0.000552 1.386480 0.009134 0.720644 -1.211760 -0.023758 0.182399 -1.366021 0.000178 0.154620 0.000011 0.001066 -0.000007 -0.372365 -0.003874 -3.659961 -1.826600 -0.014396 0.063557 -1.752270 0.002775 0.060563 -0.000221 -0.000018 0.000123 -6.557431 0.032825 -9.900907 -4.044937 0.043453 -0.100769 -3.778238 0.006240 -0.072587 -0.000838 0.000020 0.000008 -10.956430 0.026802 -16.168472 -6.937743 0.077956 -0.228670 -6.696082 0.011609 -0.225463 -0.000557 0.000009 -0.000050 0.000000 0.000000 0.000000 0.000000 0.000000 0.000000 -5.471656 -14.044450 20.139587 -0.104493 -1.021035 3.460854 1.245924 -9.543943 17.105478 -1.259439 1.247101 -17.417339 0.000000 0.000000 0.000000 0.000000 0.000000 0.000000 0.000000 0.000000 0.000000 3.734426 -4.049489 13.021041 0.151236 0.813293 11.022013 -0.871884 0.389858 16.111254 0.415676 -0.993383 -20.098618 0.000000 0.000000 0.000000 0.000000 0.000000 0.000000 0.000000 0.000000 0.000000 
0.055262 88.398949 5.367090 -0.202464 -0.214037 -13.286612 2.115084 -0.186268 9.135636 0.326102 0.110825 2.337578 -0.795422 0.526727 6.828772 -1.507403 0.361511 4.169196 -0.567487 0.389144 -0.291483 -0.158778 0.379806 -4.921238 -0.525642 -1.050956 -16.922478 0.000000 0.000000 0.000000 88.747078 0.152902 10.319361 62.452850 -16.006369 2.662514 -1.495916 13.758438 96.901344 -18.096323 0.181863 4.972288 6.681174 -1.496129 41.629196 0.000004 0.000021 -16.476049 0.000003 0.000049 -11.483603 0.000015 0.000003 -0.000022 -5.455850 -0.018406 0.078011 -0.600177 -0.086533 0.004712 -0.602859 -0.069442 -0.046658 -0.000007 0.000016 -0.000006 -4.927870 -0.015375 -3.808126 -0.665514 -0.037645 -0.001687 -0.449092 -0.024875 0.001418 -0.000018 0.000046 0.000008 -3.780223 0.021765 -9.335401 0.201314 0.077654 -0.036955 0.337151 0.042594 -0.013573 0.000013 -0.002421 -0.000004 -3.041510 0.008864 -15.269165 1.089895 0.241740 -0.051119 1.229938 0.160008 -0.037811 -0.000159 0.000005 -0.000004 0.000000 0.000000 0.000000 0.000000 0.000000 0.000000 -86.813889 -0.125320 4.962873 -73.046829 6.602265 -9.310575 0.280138 -16.415680 105.854286 -4.064713 -23.471241 1.548632 -6.976781 1.320672 41.553440 0.000012 0.000012 -17.418394 0.000019 -0.000014 -12.308188 -0.000573 0.000015 -0.000532 1.145487 0.009318 0.563368 -1.257984 -0.023673 0.184023 -1.411050 0.000320 0.156399 0.000012 0.001086 -0.000007 -0.589217 -0.003631 -3.777054 -1.872808 -0.014293 0.064534 -1.800427 0.002899 0.061372 -0.000207 -0.000018 0.000122 -6.737337 0.032572 -9.971155 -4.107965 0.042855 -0.102390 -3.841614 0.005888 -0.073716 -0.000843 0.000020 0.000008 -11.096470 0.026292 -16.185093 -6.999830 0.076839 -0.233486 -6.758852 0.010658 -0.229983 -0.000547 0.000009 -0.000050 0.000000 0.000000 0.000000 0.000000 0.000000 0.000000 -5.462801 -14.027764 20.120207 -0.105006 -1.021156 3.465868 1.243376 -9.531894 17.119442 -1.257528 1.245766 -17.422485 0.000000 0.000000 0.000000 0.000000 0.000000 0.000000 0.000000 0.000000 0.000000 3.741256 -4.052631 13.042392 0.151563 0.814847 11.008220 -0.878896 0.378936 16.106131 0.414619 -0.992845 -20.097834 0.000000 0.000000 0.000000 0.000000 0.000000 0.000000 0.000000 0.000000 0.000000 
0.049632 88.398010 5.362004 -0.206481 -0.264832 -13.285327 2.108294 -0.184718 9.120141 0.324492 0.109688 2.342754 -0.780278 0.513415 6.810372 -1.504817 0.358895 4.175004 -0.539022 0.372151 -0.315263 -0.166094 0.368962 -4.927782 -0.524545 -1.043866 -16.908911 0.000000 0.000000 0.000000 88.759636 0.150759 10.322245 62.395729 -16.355543 2.653718 -1.507678 13.708205 96.994568 -17.957253 -0.142998 5.054438 6.707332 -1.500483 41.615116 0.000004 0.000021 -16.544802 0.000003 0.000049 -11.532324 0.000015 0.000003 -0.000022 -5.318198 -0.018291 -0.005550 -0.594975 -0.085556 0.002958 -0.597954 -0.068547 -0.048024 -0.000007 0.000016 -0.000006 -4.803910 -0.015248 -3.872961 -0.658180 -0.037187 -0.002860 -0.439745 -0.024528 0.000403 -0.000018 0.000047 0.000008 -3.661895 0.021648 -9.374058 0.221598 0.076920 -0.035286 0.357426 0.042180 -0.012330 0.000013 -0.002448 -0.000004 -2.940192 0.008962 -15.277591 1.115227 0.239576 -0.045989 1.256470 0.158290 -0.032129 -0.000154 0.000005 -0.000004 0.000000 0.000000 0.000000 0.000000 0.000000 0.000000 -86.806435 -0.122455 4.993083 -73.020775 6.956088 -9.327607 0.288427 -16.368946 105.843643 -4.242297 -23.078941 1.472380 -7.018486 1.328179 41.532036 0.000012 0.000012 -17.523584 0.000019 -0.000014 -12.381519 -0.000574 0.000015 -0.000512 0.894289 0.009468 0.402052 -1.311361 -0.023562 0.185986 -1.463186 0.000485 0.158466 0.000012 0.001105 -0.000006 -0.815590 -0.003392 -3.896914 -1.926154 -0.014181 0.065631 -1.855596 0.003032 0.062279 -0.000193 -0.000018 0.000121 -6.926328 0.032327 -10.042688 -4.178157 0.042244 -0.104183 -3.912186 0.005523 -0.074979 -0.000849 0.000020 0.000008 -11.245214 0.025798 -16.201784 -7.068436 0.075669 -0.238788 -6.828140 0.009674 -0.234861 -0.000538 0.000010 -0.000050 0.000000 0.000000 0.000000 0.000000 0.000000 0.000000 -5.452897 -14.009122 20.100464 -0.105513 -1.021188 3.472584 1.240228 -9.519093 17.131870 -1.255527 1.244334 -17.427013 0.000000 0.000000 0.000000 0.000000 0.000000 0.000000 0.000000 0.000000 0.000000 3.748598 -4.054529 13.064351 0.151909 0.816388 10.994892 -0.886402 0.369702 16.100109 0.413693 -0.992301 -20.096611 0.000000 0.000000 0.000000 0.000000 0.000000 0.000000 0.000000 0.000000 0.000000 
0.043359 88.396744 5.356526 -0.210468 -0.317643 -13.284662 2.101559 -0.183159 9.104432 0.323137 0.108435 2.347039 -0.765134 0.500465 6.793545 -1.502017 0.356359 4.181167 -0.511391 0.355462 -0.339012 -0.173457 0.358392 -4.934755 -0.523560 -1.036745 -16.896240 0.000000 0.000000 0.000000 88.772446 0.148219 10.325641 62.337200 -16.708042 2.645946 -1.519312 13.659325 97.086891 -17.803251 -0.460080 5.131440 6.736049 -1.505248 41.599751 0.000004 0.000021 -16.619814 0.000003 0.000049 -11.585426 0.000015 0.000003 -0.000022 -5.167428 -0.018178 -0.093593 -0.588572 -0.084622 0.001352 -0.591852 -0.067691 -0.049246 -0.000007 0.000016 -0.000006 -4.665962 -0.015129 -3.941044 -0.649407 -0.036743 -0.004003 -0.428929 -0.024191 -0.000580 -0.000018 0.000047 0.000008 -3.527421 0.021543 -9.414078 0.244707 0.076205 -0.033602 0.380435 0.041775 -0.011070 0.000014 -0.002476 -0.000004 -2.822101 0.009138 -15.285856 1.144344 0.237412 -0.040674 1.286658 0.156565 -0.026299 -0.000148 0.000005 -0.000004 0.000000 0.000000 0.000000 0.000000 0.000000 0.000000 -86.799599 -0.119449 5.023132 -72.994766 7.311957 -9.344718 0.296625 -16.323139 105.830925 -4.428248 -22.695227 1.395743 -7.062499 1.335959 41.509605 0.000012 0.000012 -17.634293 0.000019 -0.000013 -12.458651 -0.000576 0.000015 -0.000492 0.632116 0.009583 0.236571 -1.372397 -0.023424 0.188309 -1.522936 0.000674 0.160842 0.000012 0.001125 -0.000006 -1.052157 -0.003155 -4.019606 -1.987118 -0.014062 0.066854 -1.918264 0.003174 0.063290 -0.000179 -0.000018 0.000120 -7.124908 0.032091 -10.115501 -4.255900 0.041620 -0.106153 -3.990359 0.005148 -0.076380 -0.000855 0.000020 0.000008 -11.403071 0.025317 -16.218428 -7.143853 0.074451 -0.244588 -6.904241 0.008659 -0.240102 -0.000529 0.000010 -0.000050 0.000000 0.000000 0.000000 0.000000 0.000000 0.000000 -5.441920 -13.988587 20.080349 -0.106014 -1.021130 3.480978 1.236428 -9.505563 17.142754 -1.253436 1.242799 -17.430939 0.000000 0.000000 0.000000 0.000000 0.000000 0.000000 0.000000 0.000000 0.000000 3.756471 -4.055173 13.086834 0.152276 0.817919 10.982120 -0.894400 0.362117 16.093157 0.412894 -0.991751 -20.094952 0.000000 0.000000 0.000000 0.000000 0.000000 0.000000 0.000000 0.000000 0.000000 
0.036414 88.395126 5.350649 -0.214429 -0.372368 -13.284586 2.094901 -0.181584 9.088511 0.322034 0.107078 2.350425 -0.749980 0.487832 6.778256 -1.499019 0.353894 4.187661 -0.484616 0.339084 -0.362663 -0.180832 0.348114 -4.942140 -0.522697 -1.029627 -16.884468 0.000000 0.000000 0.000000 88.785370 0.145284 10.329544 62.277393 -17.063375 2.639235 -1.530805 13.611853 97.178276 -17.634279 -0.768877 5.203026 6.767332 -1.510422 41.583069 0.000004 0.000021 -16.701092 0.000003 0.000049 -11.642906 0.000015 0.000003 -0.000023 -5.003417 -0.018067 -0.186111 -0.580897 -0.083733 -0.000100 -0.584493 -0.066881 -0.050319 -0.000007 0.000016 -0.000007 -4.513942 -0.015021 -4.012377 -0.639152 -0.036317 -0.005112 -0.416595 -0.023865 -0.001530 -0.000019 0.000047 0.000008 -3.376806 0.021451 -9.455472 0.270651 0.075513 -0.031908 0.406186 0.041382 -0.009797 0.000014 -0.002503 -0.000004 -2.687344 0.009394 -15.293965 1.177230 0.235260 -0.035200 1.320482 0.154842 -0.020340 -0.000142 0.000005 -0.000004 0.000000 0.000000 0.000000 0.000000 0.000000 0.000000 -86.793327 -0.116317 5.052956 -72.968727 7.669363 -9.361584 0.304702 -16.278389 105.816208 -4.622076 -22.320669 1.318955 -7.108948 1.344022 41.486080 0.000012 0.000012 -17.750845 0.000019 -0.000013 -12.539805 -0.000577 0.000014 -0.000472 0.358317 0.009665 0.066848 -1.441565 -0.023261 0.191006 -1.590780 0.000885 0.163541 0.000013 0.001144 -0.000006 -1.299474 -0.002921 -4.145158 -2.056150 -0.013936 0.068207 -1.988883 0.003325 0.064410 -0.000165 -0.000018 0.000119 -7.333451 0.031863 -10.189572 -4.341534 0.040985 -0.108304 -4.076477 0.004761 -0.077921 -0.000862 0.000020 0.000008 -11.570294 0.024845 -16.234900 -7.226305 0.073188 -0.250884 -6.987383 0.007618 -0.245705 -0.000519 0.000010 -0.000051 0.000000 0.000000 0.000000 0.000000 0.000000 0.000000 -5.429845 -13.966253 20.059860 -0.106508 -1.020980 3.491019 1.231930 -9.491343 17.152096 -1.251257 1.241159 -17.434278 0.000000 0.000000 0.000000 0.000000 0.000000 0.000000 0.000000 0.000000 0.000000 3.764892 -4.054565 13.109744 0.152665 0.819445 10.969988 -0.902885 0.356129 16.085260 0.412215 -0.991190 -20.092861 0.000000 0.000000 0.000000 0.000000 0.000000 0.000000 0.000000 0.000000 0.000000 
