HIERARCHY
ROOT Hips
{
	OFFSET -2.367664 84.929161 5.921969
	CHANNELS 6 Xposition Yposition Zposition Zrotation Yrotation Xrotation 
	JOINT Spine
	{
		OFFSET 0.000000 8.814246 -2.080107
		CHANNELS 3 Zrotation Yrotation Xrotation
		JOINT Spine1
		{
			OFFSET -0.000000 8.844141 0.000000
			CHANNELS 3 Zrotation Yrotation Xrotation
			JOINT Spine2
			{
				OFFSET 0.000000 11.682268 0.000000
				CHANNELS 3 Zrotation Yrotation Xrotation
				JOINT Spine3
				{
					OFFSET -0.000000 11.746700 0.000000
					CHANNELS 3 Zrotation Yrotation Xrotation
					JOINT Neck
					{
						OFFSET -0.000000 17.658264 0.000000
						CHANNELS 3 Zrotation Yrotation Xrotation
						JOINT Neck1
						{
							OFFSET 0.000000 5.101515 0.000000
							CHANNELS 3 Zrotation Yrotation Xrotation
							JOINT Head
							{
								OFFSET 0.000000 5.101515 -0.000000
								CHANNELS 3 Zrotation Yrotation Xrotation
								JOINT HeadEnd
								{
									OFFSET -0.000000 11.655085 0.000000
									CHANNELS 3 Zrotation Yrotation Xrotation
									End Site
									{
										OFFSET 0.000000 0.000000 0.000000
									}
								}
							}
						}
					}
					JOINT RightShoulder
					{
						OFFSET -2.625389 11.175210 0.000000
						CHANNELS 3 Zrotation Yrotation Xrotation
						JOINT RightArm
						{
							OFFSET 0.000000 10.434715 0.000000
							CHANNELS 3 Zrotation Yrotation Xrotation
							JOINT RightForeArm
							{
								OFFSET 0.000000 29.628420 0.000000
								CHANNELS 3 Zrotation Yrotation Xrotation
								JOINT RightHand
								{
									OFFSET -0.000000 22.857611 0.000000
									CHANNELS 3 Zrotation Yrotation Xrotation
									JOINT RightHandThumb1
									{
										OFFSET -2.867323 3.959563 2.944291
										CHANNELS 3 Zrotation Yrotation Xrotation
										JOINT RightHandThumb2
										{
											OFFSET -0.000000 3.350399 -0.000000
											CHANNELS 3 Zrotation Yrotation Xrotation
											JOINT RightHandThumb3
											{
												OFFSET 0.000000 3.756509 0.000000
												CHANNELS 3 Zrotation Yrotation Xrotation
												JOINT RightHandThumb4
												{
													OFFSET 0.000000 3.147345 0.000000
													CHANNELS 3 Zrotation Yrotation Xrotation
													End Site
													{
														OFFSET 0.000000 0.000000 0.000000
													}
												}
											}
										}
									}
									JOINT RightHandIndex1
									{
										OFFSET -0.086752 10.030893 2.345280
										CHANNELS 3 Zrotation Yrotation Xrotation
										JOINT RightHandIndex2
										{
											OFFSET 0.000000 4.061090 0.000000
											CHANNELS 3 Zrotation Yrotation Xrotation
											JOINT RightHandIndex3
											{
												OFFSET 0.000000 3.248873 -0.000000
												CHANNELS 3 Zrotation Yrotation Xrotation
												JOINT RightHandIndex4
												{
													OFFSET 0.000000 2.639709 0.000000
													CHANNELS 3 Zrotation Yrotation Xrotation
													End Site
													{
														OFFSET 0.000000 0.000000 0.000000
													}
												}
											}
										}
									}
									JOINT RightHandMiddle1
									{
										OFFSET 0.104102 9.502952 0.006768
										CHANNELS 3 Zrotation Yrotation Xrotation
										JOINT RightHandMiddle2
										{
											OFFSET -0.000000 4.568727 -0.000000
											CHANNELS 3 Zrotation Yrotation Xrotation
											JOINT RightHandMiddle3
											{
												OFFSET -0.000000 3.654981 -0.000000
												CHANNELS 3 Zrotation Yrotation Xrotation
												JOINT RightHandMiddle4
												{
													OFFSET 0.000000 2.741236 0.000000
													CHANNELS 3 Zrotation Yrotation Xrotation
													End Site
													{
														OFFSET 0.000000 0.000000 0.000000
													}
												}
											}
										}
									}
									JOINT RightHandRing1
									{
										OFFSET 0.086752 8.921708 -2.267442
										CHANNELS 3 Zrotation Yrotation Xrotation
										JOINT RightHandRing2
										{
											OFFSET 0.000000 4.061090 0.000000
											CHANNELS 3 Zrotation Yrotation Xrotation
											JOINT RightHandRing3
											{
												OFFSET 0.000000 3.654981 0.000000
												CHANNELS 3 Zrotation Yrotation Xrotation
												JOINT RightHandRing4
												{
													OFFSET 0.000000 2.741236 0.000000
													CHANNELS 3 Zrotation Yrotation Xrotation
													End Site
													{
														OFFSET 0.000000 0.000000 0.000000
													}
												}
											}
										}
									}
									JOINT RightHandPinky1
									{
										OFFSET -0.173504 7.976997 -4.467199
										CHANNELS 3 Zrotation Yrotation Xrotation
										JOINT RightHandPinky2
										{
											OFFSET 0.000000 3.350399 0.000000
											CHANNELS 3 Zrotation Yrotation Xrotation
											JOINT RightHandPinky3
											{
												OFFSET 0.000000 2.842763 0.000000
												CHANNELS 3 Zrotation Yrotation Xrotation
												JOINT RightHandPinky4
												{
													OFFSET 0.000000 2.639709 0.000000
													CHANNELS 3 Zrotation Yrotation Xrotation
													End Site
													{
														OFFSET 0.000000 0.000000 0.000000
													}
												}
											}
										}
									}
									JOINT RightForeArmEnd
									{
										OFFSET 0.000000 0.000000 0.000000
										CHANNELS 3 Zrotation Yrotation Xrotation
										End Site
										{
											OFFSET 0.000000 0.000000 0.000000
										}
									}
								}
								JOINT RightArmEnd
								{
									OFFSET 0.000000 0.000000 0.000000
									CHANNELS 3 Zrotation Yrotation Xrotation
									End Site
									{
										OFFSET 0.000000 0.000000 0.000000
									}
								}
							}
						}
					}
					JOINT LeftShoulder
					{
						OFFSET 2.625389 11.175210 -0.000000
						CHANNELS 3 Zrotation Yrotation Xrotation
						JOINT LeftArm
						{
							OFFSET -0.000000 10.813635 0.000000
							CHANNELS 3 Zrotation Yrotation Xrotation
							JOINT LeftForeArm
							{
								OFFSET -0.000000 28.724781 0.000000
								CHANNELS 3 Zrotation Yrotation Xrotation
								JOINT LeftHand
								{
									OFFSET 0.644384 25.716167 -0.328871
									CHANNELS 3 Zrotation Yrotation Xrotation
									JOINT LeftHandThumb1
									{
										OFFSET 2.867323 3.959563 2.944291
										CHANNELS 3 Zrotation Yrotation Xrotation
										JOINT LeftHandThumb2
										{
											OFFSET 0.000000 3.350399 -0.000000
											CHANNELS 3 Zrotation Yrotation Xrotation
											JOINT LeftHandThumb3
											{
												OFFSET 0.000000 3.756509 -0.000000
												CHANNELS 3 Zrotation Yrotation Xrotation
												JOINT LeftHandThumb4
												{
													OFFSET 0.000000 3.100000 -0.000000
													CHANNELS 3 Zrotation Yrotation Xrotation
													End Site
													{
														OFFSET 0.000000 0.000000 0.000000
													}
												}
											}
										}
									}
									JOINT LeftHandIndex1
									{
										OFFSET 0.086752 10.030893 2.345280
										CHANNELS 3 Zrotation Yrotation Xrotation
										JOINT LeftHandIndex2
										{
											OFFSET -0.000000 4.061090 -0.000000
											CHANNELS 3 Zrotation Yrotation Xrotation
											JOINT LeftHandIndex3
											{
												OFFSET -0.000000 3.248873 0.000000
												CHANNELS 3 Zrotation Yrotation Xrotation
												JOINT LeftHandIndex4
												{
													OFFSET -0.000000 2.639709 0.000000
													CHANNELS 3 Zrotation Yrotation Xrotation
													End Site
													{
														OFFSET 0.000000 0.000000 0.000000
													}
												}
											}
										}
									}
									JOINT LeftHandMiddle1
									{
										OFFSET -0.104102 9.502952 0.006768
										CHANNELS 3 Zrotation Yrotation Xrotation
										JOINT LeftHandMiddle2
										{
											OFFSET 0.000000 4.568727 -0.000000
											CHANNELS 3 Zrotation Yrotation Xrotation
											JOINT LeftHandMiddle3
											{
												OFFSET 0.000000 3.654981 0.000000
												CHANNELS 3 Zrotation Yrotation Xrotation
												JOINT LeftHandMiddle4
												{
													OFFSET 0.000000 2.741236 0.000000
													CHANNELS 3 Zrotation Yrotation Xrotation
													End Site
													{
														OFFSET 0.000000 0.000000 0.000000
													}
												}
											}
										}
									}
									JOINT LeftHandRing1
									{
										OFFSET -0.086752 8.921708 -2.267442
										CHANNELS 3 Zrotation Yrotation Xrotation
										JOINT LeftHandRing2
										{
											OFFSET -0.000000 4.061090 0.000000
											CHANNELS 3 Zrotation Yrotation Xrotation
											JOINT LeftHandRing3
											{
												OFFSET 0.000000 3.654981 -0.000000
												CHANNELS 3 Zrotation Yrotation Xrotation
												JOINT LeftHandRing4
												{
													OFFSET -0.000000 2.741236 0.000000
													CHANNELS 3 Zrotation Yrotation Xrotation
													End Site
													{
														OFFSET 0.000000 0.000000 0.000000
													}
												}
											}
										}
									}
									JOINT LeftHandPinky1
									{
										OFFSET 0.173504 7.976997 -4.467199
										CHANNELS 3 Zrotation Yrotation Xrotation
										JOINT LeftHandPinky2
										{
											OFFSET 0.000000 3.350399 0.000000
											CHANNELS 3 Zrotation Yrotation Xrotation
											JOINT LeftHandPinky3
											{
												OFFSET -0.000000 2.842763 0.000000
												CHANNELS 3 Zrotation Yrotation Xrotation
												JOINT LeftHandPinky4
												{
													OFFSET -0.000000 2.639709 0.000000
													CHANNELS 3 Zrotation Yrotation Xrotation
													End Site
													{
														OFFSET 0.000000 0.000000 0.000000
													}
												}
											}
										}
									}
									JOINT LeftForeArmEnd
									{
										OFFSET 0.000000 0.000000 0.000000
										CHANNELS 3 Zrotation Yrotation Xrotation
										End Site
										{
											OFFSET 0.000000 0.000000 0.000000
										}
									}
								}
								JOINT LeftArmEnd
								{
									OFFSET 0.000000 0.000000 0.000000
									CHANNELS 3 Zrotation Yrotation Xrotation
									End Site
									{
										OFFSET 0.000000 0.000000 0.000000
									}
								}
							}
						}
					}
				}
			}
		}
	}
	JOINT RightUpLeg
	{
		OFFSET -11.289943 -0.000000 0.000000
		CHANNELS 3 Zrotation Yrotation Xrotation
		JOINT RightLeg
		{
			OFFSET 0.000000 -38.200325 -0.000000
			CHANNELS 3 Zrotation Yrotation Xrotation
			JOINT RightFoot
			{
				OFFSET 0.000000 -39.900856 -0.000000
				CHANNELS 3 Zrotation Yrotation Xrotation
				JOINT RightToeBase
				{
					OFFSET 0.000000 0.000000 15.261641
					CHANNELS 3 Zrotation Yrotation Xrotation
					JOINT RightToeBaseEnd
					{
						OFFSET 0.000000 0.000000 7.370709
						CHANNELS 3 Zrotation Yrotation Xrotation
						End Site
						{
							OFFSET 0.000000 0.000000 0.000000
						}
					}
				}
				JOINT RightLegEnd
				{
					OFFSET 0.000000 0.000000 0.000000
					CHANNELS 3 Zrotation Yrotation Xrotation
					End Site
					{
						OFFSET 0.000000 0.000000 0.000000
					}
				}
			}
			JOINT RightUpLegEnd
			{
				OFFSET 0.000000 0.000000 0.000000
				CHANNELS 3 Zrotation Yrotation Xrotation
				End Site
				{
					OFFSET 0.000000 0.000000 0.000000
				}
			}
		}
	}
	JOINT LeftUpLeg
	{
		OFFSET 11.315661 0.000000 -0.000000
		CHANNELS 3 Zrotation Yrotation Xrotation
		JOINT LeftLeg
		{
			OFFSET -0.000000 -38.200325 0.000000
			CHANNELS 3 Zrotation Yrotation Xrotation
			JOINT LeftFoot
			{
				OFFSET -0.000000 -39.900856 0.000000
				CHANNELS 3 Zrotation Yrotation Xrotation
				JOINT LeftToeBase
				{
					OFFSET 0.000000 -0.000000 15.261641
					CHANNELS 3 Zrotation Yrotation Xrotation
					JOINT LeftToeBaseEnd
					{
						OFFSET 0.000000 0.000000 7.539996
						CHANNELS 3 Zrotation Yrotation Xrotation
						End Site
						{
							OFFSET 0.000000 0.000000 0.000000
						}
					}
				}
				JOINT LeftLegEnd
				{
					OFFSET 0.000000 0.000000 0.000000
					CHANNELS 3 Zrotation Yrotation Xrotation
					End Site
					{
						OFFSET 0.000000 0.000000 0.000000
					}
				}
			}
			JOINT LeftUpLegEnd
			{
				OFFSET 0.000000 0.000000 0.000000
				CHANNELS 3 Zrotation Yrotation Xrotation
				End Site
				{
					OFFSET 0.000000 0.000000 0.000000
				}
			}
		}
	}
}
MOTION
Frames: 360
Frame Time: 0.016667
-2.367664 84.929161 5.921969 -8.581385 -1.830069 -11.949049 3.659144 -0.927064 5.217630 3.685197 -1.273880 1.963381 5.993554 -4.182142 13.560153 -0.777196 -0.462617 0.805712 0.721662 4.431673 11.623075 -4.782038 1.780841 -7.065895 -2.034045 3.039728 -24.472458 0.000000 0.000000 0.000000 96.218544 -0.679415 5.653879 54.183990 -39.727943 5.925569 1.369749 15.677073 39.215183 3.666619 13.764137 -13.199202 10.039282 -1.787270 40.137463 0.000000 0.000000 -24.480000 0.000000 0.000000 -16.999998 0.000000 0.000000 0.000000 13.302605 -0.000000 -8.418694 9.311825 0.000000 0.000000 9.311825 0.000000 0.000000 0.000000 0.000000 0.000000 13.718872 0.000000 -10.504246 9.603210 0.000000 0.000000 9.603210 0.000000 0.000000 0.000000 0.000000 0.000000 14.977846 0.000000 -11.514284 10.484491 0.000000 0.000000 10.484491 0.000000 0.000000 0.000000 0.000000 0.000000 15.428146 0.000000 -14.236147 10.799702 0.000000 0.000000 10.799702 0.000000 0.000000 0.000000 0.000000 0.000000 0.000000 0.000000 0.000000 0.000000 0.000000 0.000000 -94.548340 0.546180 5.958871 -61.953194 38.237366 0.419283 -1.595641 -9.043112 47.113026 6.417896 -22.625128 -16.613049 -9.142712 1.696614 40.542110 0.000000 0.000000 -22.320000 0.000000 0.000000 -15.500000 0.000000 0.000000 0.000000 -13.157762 -0.000000 -11.636312 -9.210433 0.000000 0.000000 -9.210433 0.000000 0.000000 0.000000 0.000000 0.000000 -13.774017 -0.000000 -12.823768 -9.641812 0.000000 0.000000 -9.641812 0.000000 0.000000 0.000000 0.000000 0.000000 -15.362568 -0.000000 -12.003651 -10.753797 0.000000 0.000000 -10.753797 0.000000 0.000000 0.000000 0.000000 0.000000 -15.800038 0.000000 -11.703666 -11.060026 0.000000 0.000000 -11.060026 0.000000 0.000000 0.000000 0.000000 0.000000 0.000000 0.000000 0.000000 0.000000 0.000000 0.000000 14.359435 -8.712116 14.610677 -0.050562 -0.261360 10.924130 -9.697422 -20.525286 15.244452 0.390710 -0.992686 -28.424366 0.000000 0.000000 0.000000 0.000000 0.000000 0.000000 0.000000 0.000000 0.000000 25.265409 17.241943 -5.343299 0.298626 0.469053 31.757898 -8.298603 18.413588 18.101807 0.989832 1.579208 -27.029493 0.000000 0.000000 0.000000 0.000000 0.000000 0.000000 0.000000 0.000000 0.000000 
-2.204559 85.430183 5.829616 -8.798897 -2.795500 -13.327415 5.175747 -1.174639 6.301662 3.114933 -1.029593 3.637357 4.315587 -2.521799 16.254335 0.034066 -0.071206 -0.052512 3.134966 1.616480 10.613402 -4.330201 -0.128854 -6.890123 -0.907105 2.938569 -23.916979 0.000000 0.000000 0.000000 97.444267 -1.210802 5.756361 53.459766 -36.049721 5.585084 1.236617 16.544693 39.031425 5.533189 13.665116 -12.798990 10.062865 -1.775692 40.116962 -0.000008 0.000035 -24.568726 0.000022 0.000035 -17.032127 0.000025 0.000006 -0.000052 13.529468 0.201019 -7.495381 9.246874 0.016708 -0.087849 9.197927 0.022207 -0.040970 -0.000019 0.000037 -0.000040 13.230751 0.078767 -10.003922 8.787048 -0.017654 0.006489 8.814109 0.002882 0.011254 0.000012 0.000061 -0.000027 12.800784 -0.100922 -12.102025 8.277542 0.055946 -0.067023 8.198672 0.013373 -0.045835 -0.000019 -0.000070 -0.000008 12.275418 -0.219912 -16.005810 7.615229 0.124364 -0.298242 7.405900 0.030065 -0.213251 -0.000073 -0.000001 0.000057 0.000000 0.000000 0.000000 0.000000 0.000000 0.000000 -95.776230 1.013959 5.618794 -61.261963 38.697472 2.791713 -1.379325 -11.578866 47.298622 2.893227 -16.386799 -15.069135 -9.534163 1.673095 40.435341 0.000001 0.000031 -23.361563 0.000061 -0.000036 -16.123909 -0.001568 0.000018 -0.000909 -15.009784 0.195527 -14.880149 -11.094942 0.019173 0.321308 -10.967915 0.054498 0.245770 -0.000001 0.000045 -0.000003 -15.006878 0.082762 -15.094864 -11.014729 -0.012218 0.118256 -10.771600 0.012582 0.085099 0.000481 -0.000031 0.000114 -14.786580 -0.076634 -13.076428 -11.040654 0.014210 -0.141082 -10.765040 -0.025160 -0.106705 -0.000002 0.000001 0.000012 -13.954252 -0.198661 -11.763915 -10.026561 -0.003217 -0.316065 -10.025371 -0.070314 -0.223115 -0.000105 0.000009 -0.000037 0.000000 0.000000 0.000000 0.000000 0.000000 0.000000 13.795017 -10.903719 11.781844 -0.009341 -0.153436 10.313432 -12.317806 -17.928154 18.257763 0.536182 -1.315918 -28.154524 0.000000 0.000000 0.000000 0.000000 0.000000 0.000000 0.000000 0.000000 0.000000 25.053488 12.942287 -4.615400 0.521116 1.105795 31.918097 -7.843335 16.095352 16.801407 1.377950 1.586837 -28.230536 0.000000 0.000000 0.000000 0.000000 0.000000 0.000000 0.000000 0.000000 0.000000 
-2.184992 85.386635 5.825489 -8.711246 -2.996681 -13.292675 5.130717 -1.154576 6.248692 3.155318 -1.054241 3.699472 4.248299 -2.621397 16.105379 -0.008056 -0.102846 -0.015342 3.031736 1.838395 10.645180 -4.313883 0.089769 -6.842885 -0.990370 2.942363 -23.921091 0.000000 0.000000 0.000000 97.434578 -1.205243 5.611134 53.191025 -36.102291 5.586024 1.252678 16.662798 39.206989 5.948972 13.351599 -12.671689 9.949323 -1.768372 40.165535 -0.000001 0.000028 -24.303980 0.000029 0.000038 -16.842430 0.000025 0.000008 -0.000057 13.182318 0.203306 -7.196781 9.004521 0.010509 -0.059601 8.958753 0.016616 -0.017194 -0.000016 0.000047 -0.000041 12.799850 0.080175 -9.712374 8.556571 -0.019414 0.018535 8.579951 0.000567 0.020056 0.000011 0.000029 -0.000035 12.307929 -0.102927 -11.865472 8.006757 0.060450 -0.086077 7.929585 0.017839 -0.060471 -0.000020 -0.000029 -0.000004 11.884773 -0.214469 -15.825011 7.373335 0.137793 -0.356668 7.171525 0.044003 -0.260969 -0.000026 -0.000003 0.000051 0.000000 0.000000 0.000000 0.000000 0.000000 0.000000 -95.748810 0.960065 5.469648 -61.469234 38.571972 2.309858 -1.352607 -11.595438 47.866661 2.255799 -16.240688 -15.099264 -9.567465 1.684480 40.407715 0.000009 0.000034 -23.463640 0.000044 -0.000038 -16.180374 -0.001506 0.000018 -0.001118 -15.191911 0.194664 -14.846416 -11.128707 0.020096 0.311166 -10.991646 0.054836 0.235214 0.000014 -0.000270 -0.000015 -15.201428 0.084048 -15.081168 -11.067519 -0.011254 0.112822 -10.834286 0.013044 0.082337 0.000347 -0.000033 0.000081 -14.961322 -0.072893 -13.156260 -11.096542 0.013898 -0.132890 -10.827811 -0.023798 -0.099846 0.000195 -0.000001 0.000006 -13.978247 -0.180170 -11.955771 -10.029136 0.001381 -0.278063 -10.053538 -0.066690 -0.202338 -0.000189 0.000015 -0.000053 0.000000 0.000000 0.000000 0.000000 0.000000 0.000000 13.733623 -10.655622 11.649224 -0.012532 -0.153878 10.371470 -12.387800 -17.605455 18.187382 0.547196 -1.318329 -28.223763 0.000000 0.000000 0.000000 0.000000 0.000000 0.000000 0.000000 0.000000 0.000000 25.033138 13.083329 -4.377913 0.522017 1.100689 31.805183 -7.957851 16.151459 16.683676 1.360318 1.590628 -28.255253 0.000000 0.000000 0.000000 0.000000 0.000000 0.000000 0.000000 0.000000 0.000000 
-2.164972 85.366364 5.816895 -8.701051 -3.134782 -13.249950 5.131020 -1.147953 6.198194 3.195139 -1.066396 3.794672 4.254027 -2.720700 15.944782 -0.041113 -0.133437 0.013057 2.937568 2.045250 10.625231 -4.298197 0.253215 -6.872938 -1.057557 2.943035 -23.936958 0.000000 0.000000 0.000000 97.355766 -1.184716 5.405803 53.232967 -36.196373 5.390752 1.273388 16.815315 39.519352 5.745473 12.892752 -12.584041 9.777802 -1.748021 40.251545 -0.000002 0.000027 -23.870981 0.000028 0.000038 -16.539240 0.000024 0.000008 -0.000057 12.445310 0.203695 -6.737961 8.661858 0.004184 -0.025275 8.612384 0.010632 0.012886 -0.000017 0.000046 -0.000042 11.994781 0.079802 -9.349230 8.220188 -0.021705 0.033113 8.243479 -0.002056 0.031159 0.000010 0.000019 -0.000034 11.469354 -0.103088 -11.666284 7.640569 0.064806 -0.106570 7.561660 0.021900 -0.076256 -0.000018 -0.000047 -0.000003 11.139851 -0.208357 -15.769805 7.044845 0.149401 -0.415980 6.851715 0.055070 -0.310297 -0.000022 -0.000004 0.000043 0.000000 0.000000 0.000000 0.000000 0.000000 0.000000 -95.647018 0.948516 5.324612 -61.533695 38.323597 2.141008 -1.345612 -11.840661 48.553181 1.450896 -16.020029 -15.275062 -9.563045 1.687450 40.400238 0.000008 0.000035 -23.484764 0.000035 -0.000037 -16.179977 -0.001505 0.000018 -0.001138 -15.200039 0.189171 -14.823105 -11.092280 0.022777 0.314038 -10.948771 0.057218 0.235421 0.000015 -0.000510 -0.000015 -15.227165 0.082691 -15.097486 -11.040257 -0.009967 0.112222 -10.812058 0.013825 0.083262 0.000048 -0.000036 0.000075 -14.972880 -0.067993 -13.285101 -11.082068 0.012470 -0.132373 -10.816514 -0.023405 -0.097942 0.000420 -0.000000 0.000005 -13.911826 -0.165865 -12.193483 -10.002373 0.000721 -0.269571 -10.045274 -0.066739 -0.196099 -0.000249 0.000014 -0.000053 0.000000 0.000000 0.000000 0.000000 0.000000 0.000000 13.751283 -10.477612 11.613605 -0.013924 -0.150344 10.393775 -12.425643 -17.486294 18.161873 0.551941 -1.323814 -28.309523 0.000000 0.000000 0.000000 0.000000 0.000000 0.000000 0.000000 0.000000 0.000000 25.086163 13.158524 -4.251155 0.523589 1.096519 31.738495 -8.034849 16.187382 16.616808 1.347482 1.598331 -28.298323 0.000000 0.000000 0.000000 0.000000 0.000000 0.000000 0.000000 0.000000 0.000000 
-2.140352 85.355721 5.813633 -8.701166 -3.208930 -13.217650 5.153638 -1.144655 6.156607 3.219434 -1.065017 3.917574 4.273745 -2.806668 15.775351 -0.085995 -0.154493 0.041998 2.842721 2.210721 10.557869 -4.275364 0.367389 -6.961497 -1.100769 2.941320 -23.990841 0.000000 0.000000 0.000000 97.233749 -1.156319 5.225499 53.594028 -36.173580 4.972085 1.308055 16.976376 39.970901 5.265407 12.443109 -12.489657 9.561542 -1.719048 40.363117 -0.000002 0.000027 -23.320669 0.000028 0.000039 -16.157587 0.000024 0.000008 -0.000058 11.401713 0.202828 -6.251990 8.197164 -0.000078 0.008608 8.138783 0.006988 0.042802 -0.000018 0.000044 -0.000042 10.898017 0.078639 -9.011204 7.756377 -0.023375 0.047384 7.783191 -0.004037 0.042304 0.000010 0.000020 -0.000034 10.362823 -0.102370 -11.580088 7.149017 0.067392 -0.127644 7.068052 0.025002 -0.092495 -0.000016 -0.000167 -0.000003 10.159908 -0.201779 -15.893698 6.602663 0.156348 -0.475722 6.422146 0.062537 -0.359669 -0.000042 -0.000005 0.000038 0.000000 0.000000 0.000000 0.000000 0.000000 0.000000 -95.545464 0.946654 5.208969 -61.572983 37.916183 2.141841 -1.349044 -12.200044 49.247257 0.685047 -15.888117 -15.401466 -9.506173 1.680194 40.422680 0.000007 0.000035 -23.382713 0.000030 -0.000037 -16.094664 -0.001527 0.000017 -0.001125 -14.948886 0.183090 -14.806170 -10.953184 0.026266 0.321914 -10.806059 0.060448 0.239158 0.000014 -0.000688 -0.000015 -15.008930 0.079988 -15.131440 -10.909233 -0.008618 0.113152 -10.683752 0.014631 0.085113 -0.000236 -0.000038 0.000080 -14.799957 -0.062666 -13.453125 -10.979757 0.010388 -0.135292 -10.717837 -0.023662 -0.097927 0.000578 0.000001 0.000005 -13.750599 -0.152972 -12.488396 -9.932992 -0.003425 -0.276237 -9.990143 -0.069380 -0.197018 -0.000284 0.000014 -0.000052 0.000000 0.000000 0.000000 0.000000 0.000000 0.000000 13.764022 -10.354984 11.617291 -0.014663 -0.144575 10.434380 -12.442105 -17.449461 18.143368 0.555508 -1.330583 -28.403135 0.000000 0.000000 0.000000 0.000000 0.000000 0.000000 0.000000 0.000000 0.000000 25.129274 13.168169 -4.150555 0.524395 1.092592 31.689112 -8.071869 16.153345 16.573227 1.336975 1.606852 -28.337931 0.000000 0.000000 0.000000 0.000000 0.000000 0.000000 0.000000 0.000000 0.000000 
-2.112240 85.350746 5.820876 -8.703860 -3.232380 -13.201789 5.186100 -1.146316 6.124436 3.221599 -1.054131 4.034438 4.298291 -2.887814 15.606400 -0.136497 -0.171978 0.082330 2.759617 2.359962 10.467358 -4.247974 0.477741 -7.073242 -1.132218 2.938073 -24.067696 0.000000 0.000000 0.000000 97.100685 -1.132306 5.062189 54.165245 -36.057926 4.391063 1.348066 17.106365 40.514557 4.632700 12.052590 -12.369280 9.290221 -1.683789 40.498516 -0.000003 0.000027 -22.641644 0.000028 0.000039 -15.688376 0.000024 0.000009 -0.000058 10.063622 0.200822 -5.769147 7.554547 -0.003420 0.043072 7.487710 0.004378 0.073544 -0.000019 0.000043 -0.000043 9.538672 0.076965 -8.707002 7.118838 -0.024743 0.061428 7.150373 -0.005589 0.053488 0.000010 0.000023 -0.000033 9.031767 -0.101180 -11.581495 6.497274 0.068884 -0.148894 6.416978 0.027564 -0.108411 -0.000015 -0.000348 -0.000003 9.000744 -0.195292 -16.153816 6.023497 0.160661 -0.532998 5.858260 0.068139 -0.405844 -0.000072 -0.000005 0.000036 0.000000 0.000000 0.000000 0.000000 0.000000 0.000000 -95.466583 0.945831 5.108637 -61.624157 37.448875 2.208670 -1.352103 -12.576567 49.930355 0.049602 -15.871911 -15.424856 -9.381151 1.664244 40.478054 0.000007 0.000035 -23.121080 0.000027 -0.000037 -15.901848 -0.001542 0.000017 -0.001106 -14.376294 0.176879 -14.712629 -10.654214 0.028307 0.323788 -10.503331 0.062158 0.238007 0.000013 -0.000820 -0.000014 -14.499859 0.076660 -15.110078 -10.619916 -0.007889 0.111882 -10.394862 0.014830 0.084900 -0.000467 -0.000038 0.000089 -14.412593 -0.057336 -13.600039 -10.729099 0.009017 -0.135712 -10.469447 -0.023578 -0.096229 0.000668 0.000002 0.000005 -13.450660 -0.141100 -12.801742 -9.749434 -0.006775 -0.278491 -9.816133 -0.071053 -0.193562 -0.000285 0.000013 -0.000051 0.000000 0.000000 0.000000 0.000000 0.000000 0.000000 13.765362 -10.278840 11.672762 -0.015009 -0.139389 10.464554 -12.441775 -17.453403 18.121683 0.557798 -1.336501 -28.487011 0.000000 0.000000 0.000000 0.000000 0.000000 0.000000 0.000000 0.000000 0.000000 25.160246 13.111522 -4.060866 0.524481 1.088208 31.659182 -8.080830 16.069496 16.536718 1.328203 1.614861 -28.364397 0.000000 0.000000 0.000000 0.000000 0.000000 0.000000 0.000000 0.000000 0.000000 
-2.083862 85.347733 5.839422 -8.708105 -3.215090 -13.198931 5.219198 -1.154946 6.099434 3.202612 -1.039362 4.126719 4.325576 -2.965914 15.443325 -0.182203 -0.191566 0.141341 2.697525 2.498238 10.378969 -4.221311 0.593839 -7.178833 -1.160146 2.934152 -24.143057 0.000000 0.000000 0.000000 96.970222 -1.116523 4.906146 54.822472 -35.906410 3.742342 1.384750 17.182144 41.085812 3.881684 11.665457 -12.272251 8.952929 -1.641250 40.661083 -0.000003 0.000027 -21.809525 0.000027 0.000039 -15.115104 0.000025 0.000009 -0.000058 8.408260 0.198041 -5.256707 6.717912 -0.004382 0.075891 6.644698 0.004053 0.103601 -0.000020 0.000042 -0.000043 7.889426 0.075198 -8.398353 6.294411 -0.025151 0.074424 6.329363 -0.006260 0.063827 0.000011 0.000027 -0.000033 7.443365 -0.099914 -11.611139 5.672935 0.068361 -0.168484 5.596189 0.028895 -0.122739 -0.000015 -0.000539 -0.000002 7.627309 -0.189137 -16.476841 5.295849 0.159343 -0.582971 5.147069 0.069420 -0.445602 -0.000108 -0.000005 0.000035 0.000000 0.000000 0.000000 0.000000 0.000000 0.000000 -95.399361 0.939709 5.014214 -61.734772 37.020939 2.238621 -1.344931 -12.883217 50.622990 -0.397195 -15.853145 -15.374582 -9.171823 1.638941 40.571957 0.000007 0.000034 -22.656401 0.000023 -0.000037 -15.573365 -0.001541 0.000017 -0.001077 -13.375316 0.170788 -14.473534 -10.122738 0.029326 0.315256 -9.965784 0.062783 0.228327 0.000011 -0.000921 -0.000014 -13.599451 0.073321 -14.984796 -10.098869 -0.007468 0.107144 -9.874166 0.014641 0.081632 -0.000655 -0.000039 0.000096 -13.692496 -0.052324 -13.690306 -10.246432 0.007849 -0.131745 -9.985441 -0.023350 -0.091541 0.000722 0.000003 0.000005 -12.872231 -0.129048 -13.109038 -9.358674 -0.010089 -0.268558 -9.432659 -0.072280 -0.181339 -0.000253 0.000013 -0.000050 0.000000 0.000000 0.000000 0.000000 0.000000 0.000000 13.753679 -10.241681 11.772974 -0.015449 -0.136934 10.472404 -12.425405 -17.470974 18.081985 0.558637 -1.340089 -28.554184 0.000000 0.000000 0.000000 0.000000 0.000000 0.000000 0.000000 0.000000 0.000000 25.182718 13.004711 -3.981967 0.524392 1.084700 31.645340 -8.076009 15.945641 16.494585 1.322620 1.621013 -28.376759 0.000000 0.000000 0.000000 0.000000 0.000000 0.000000 0.000000 0.000000 0.000000 
-2.056539 85.345032 5.865954 -8.711157 -3.162014 -13.205283 5.243630 -1.169010 6.081159 3.168067 -1.024354 4.190373 4.352634 -3.036364 15.295276 -0.217771 -0.213796 0.210631 2.671063 2.614793 10.310832 -4.199487 0.706500 -7.264040 -1.184629 2.933016 -24.205212 0.000000 0.000000 0.000000 96.838097 -1.108855 4.761529 55.474506 -35.737041 3.112569 1.417648 17.215843 41.633080 3.023866 11.221671 -12.250142 8.565207 -1.591729 40.845001 -0.000003 0.000026 -20.858246 0.000027 0.000040 -14.461094 0.000025 0.000010 -0.000057 6.502295 0.194830 -4.706827 5.752191 -0.000352 0.100865 5.674089 0.008450 0.127508 -0.000021 0.000041 -0.000043 6.010550 0.073638 -8.064688 5.347647 -0.023535 0.084195 5.383176 -0.005290 0.071429 0.000011 0.000028 -0.000032 5.650537 -0.098772 -11.621468 4.736694 0.064273 -0.183490 4.664840 0.027877 -0.133530 -0.000014 -0.000709 -0.000002 6.073376 -0.183482 -16.795349 4.469581 0.148240 -0.619490 4.336718 0.062812 -0.475058 -0.000152 -0.000004 0.000032 0.000000 0.000000 0.000000 0.000000 0.000000 0.000000 -95.317337 0.921619 4.929737 -61.928528 36.699951 2.186495 -1.324014 -13.086389 51.331779 -0.618914 -15.686983 -15.334476 -8.867852 1.603023 40.708466 0.000006 0.000034 -21.958038 0.000018 -0.000037 -15.089254 -0.001526 0.000016 -0.001047 -11.855525 0.164922 -14.046533 -9.296671 0.030753 0.295890 -9.130723 0.063781 0.209312 0.000009 -0.001002 -0.000015 -12.228585 0.070256 -14.732637 -9.283803 -0.006704 0.098963 -9.060130 0.014570 0.075273 -0.000822 -0.000039 0.000100 -12.551476 -0.047756 -13.716850 -9.468404 0.005814 -0.122774 -9.201176 -0.023565 -0.083488 0.000761 0.000004 0.000005 -11.914739 -0.116482 -13.412485 -8.697705 -0.015662 -0.243372 -8.779251 -0.074790 -0.158822 -0.000192 0.000012 -0.000050 0.000000 0.000000 0.000000 0.000000 0.000000 0.000000 13.728286 -10.237693 11.901877 -0.016163 -0.138228 10.462526 -12.394526 -17.492083 18.018185 0.558196 -1.340555 -28.606886 0.000000 0.000000 0.000000 0.000000 0.000000 0.000000 0.000000 0.000000 0.000000 25.197433 12.869429 -3.913013 0.524353 1.082232 31.633169 -8.064655 15.785499 16.450586 1.320602 1.625255 -28.381485 0.000000 0.000000 0.000000 0.000000 0.000000 0.000000 0.000000 0.000000 0.000000 
-2.030012 85.342484 5.896597 -8.709389 -3.074969 -13.219431 5.251659 -1.185044 6.069469 3.126354 -1.010293 4.230987 4.374552 -3.093765 15.164573 -0.242807 -0.236049 0.278783 2.690098 2.697770 10.263976 -4.184494 0.804585 -7.328826 -1.202520 2.937780 -24.253435 0.000000 0.000000 0.000000 96.693108 -1.107626 4.638573 56.095123 -35.523632 2.546717 1.448976 17.242321 42.132881 2.082273 10.735637 -12.303381 8.153984 -1.537088 41.039463 -0.000003 0.000026 -19.850155 0.000026 0.000040 -13.768770 0.000025 0.000010 -0.000056 4.471180 0.191364 -4.138440 4.762527 0.009823 0.113011 4.680673 0.018612 0.140431 -0.000021 0.000040 -0.000042 4.023680 0.072362 -7.707390 4.381757 -0.019397 0.088989 4.415123 -0.002335 0.074878 0.000012 0.000025 -0.000031 3.765899 -0.097780 -11.588895 3.788837 0.056054 -0.191820 3.722283 0.024024 -0.139354 -0.000013 -0.000843 -0.000001 4.428513 -0.178416 -17.064444 3.631286 0.126145 -0.638653 3.512321 0.047145 -0.491549 -0.000197 -0.000004 0.000029 0.000000 0.000000 0.000000 0.000000 0.000000 0.000000 -95.202324 0.889527 4.865621 -62.211491 36.509411 2.054230 -1.289579 -13.190978 52.044094 -0.595526 -15.296080 -15.369713 -8.464443 1.555394 40.889286 0.000006 0.000034 -21.011267 0.000009 -0.000038 -14.438415 -0.001503 0.000016 -0.001027 -9.786810 0.159338 -13.414488 -8.162443 0.033218 0.265116 -7.985594 0.065750 0.180079 0.000007 -0.001067 -0.000015 -10.362144 0.067517 -14.344467 -8.160478 -0.005338 0.087036 -7.938198 0.014828 0.065508 -0.000983 -0.000040 0.000103 -10.957597 -0.043570 -13.680447 -8.380708 0.002644 -0.107435 -8.102991 -0.024340 -0.071199 0.000794 0.000004 0.000006 -10.537910 -0.103387 -13.713789 -7.752661 -0.023735 -0.198197 -7.842812 -0.078812 -0.122866 -0.000107 0.000012 -0.000049 0.000000 0.000000 0.000000 0.000000 0.000000 0.000000 13.688965 -10.261216 12.045074 -0.017102 -0.143080 10.444996 -12.350489 -17.511621 17.932114 0.556568 -1.337786 -28.648302 0.000000 0.000000 0.000000 0.000000 0.000000 0.000000 0.000000 0.000000 0.000000 25.202602 12.723895 -3.853160 0.524329 1.079728 31.614723 -8.048231 15.594173 16.413921 1.321164 1.628330 -28.385418 0.000000 0.000000 0.000000 0.000000 0.000000 0.000000 0.000000 0.000000 0.000000 
-2.003676 85.340225 5.928659 -8.700370 -2.955461 -13.242370 5.240963 -1.200304 6.063090 3.084315 -0.997088 4.259793 4.387876 -3.138226 15.044819 -0.259003 -0.256207 0.340790 2.751823 2.744323 10.228938 -4.175140 0.883928 -7.380338 -1.212615 2.949196 -24.292292 0.000000 0.000000 0.000000 96.529137 -1.110940 4.541224 56.705734 -35.226662 2.050791 1.478473 17.286020 42.580864 1.087280 10.256950 -12.400605 7.737875 -1.479396 41.236385 -0.000003 0.000025 -18.829765 0.000025 0.000041 -13.068156 0.000025 0.000011 -0.000055 2.413744 0.187678 -3.566327 3.832899 0.025065 0.112025 3.749264 0.033489 0.141625 -0.000021 0.000039 -0.000041 2.023896 0.071303 -7.331997 3.477575 -0.013109 0.088835 3.507028 0.002263 0.074278 0.000013 0.000019 -0.000030 1.870554 -0.096814 -11.511582 2.905681 0.044562 -0.193704 2.844484 0.017814 -0.140434 -0.000012 -0.000935 -0.000001 2.760436 -0.173606 -17.271276 2.845827 0.095694 -0.642125 2.737903 0.024518 -0.496452 -0.000235 -0.000004 0.000026 0.000000 0.000000 0.000000 0.000000 0.000000 0.000000 -95.053085 0.847656 4.827154 -62.583618 36.434906 1.864191 -1.244279 -13.212077 52.731091 -0.311112 -14.657546 -15.521826 -7.966969 1.496133 41.111137 0.000006 0.000033 -19.830088 -0.000002 -0.000039 -13.627791 -0.001478 0.000016 -0.001019 -7.217845 0.153954 -12.581626 -6.779549 0.036292 0.222462 -6.591877 0.068223 0.140106 0.000005 -0.001111 -0.000015 -8.039249 0.064995 -13.821762 -6.786151 -0.003562 0.070896 -6.565062 0.015270 0.051971 -0.001128 -0.000040 0.000103 -8.934299 -0.039584 -13.581381 -7.033348 -0.001125 -0.084426 -6.742997 -0.025296 -0.053731 0.000820 0.000005 0.000006 -8.752962 -0.089440 -14.004986 -6.563904 -0.032579 -0.128928 -6.662310 -0.083096 -0.070265 -0.000008 0.000011 -0.000048 0.000000 0.000000 0.000000 0.000000 0.000000 0.000000 13.637219 -10.307795 12.195497 -0.018168 -0.150562 10.427717 -12.295284 -17.531176 17.831383 0.553927 -1.332597 -28.681585 0.000000 0.000000 0.000000 0.000000 0.000000 0.000000 0.000000 0.000000 0.000000 25.196566 12.576628 -3.800947 0.524175 1.076022 31.590668 -8.025190 15.378920 16.390810 1.322934 1.631122 -28.392572 0.000000 0.000000 0.000000 0.000000 0.000000 0.000000 0.000000 0.000000 0.000000 
-1.976737 85.338295 5.960221 -8.681865 -2.806123 -13.272858 5.212863 -1.213582 6.060715 3.045956 -0.984736 4.282842 4.391204 -3.171857 14.933262 -0.269640 -0.272948 0.394351 2.848265 2.755015 10.193098 -4.169334 0.943679 -7.426044 -1.214242 2.967030 -24.324736 0.000000 0.000000 0.000000 96.346687 -1.118085 4.467396 57.335522 -34.824577 1.615096 1.503967 17.357374 42.968262 0.065513 9.808587 -12.503234 7.328958 -1.420066 41.430820 -0.000002 0.000025 -17.825012 0.000025 0.000041 -12.378477 0.000025 0.000012 -0.000054 0.390338 0.183911 -2.995498 3.019767 0.043597 0.100368 2.937411 0.051384 0.132879 -0.000021 0.000038 -0.000040 0.063132 0.070389 -6.942449 2.688609 -0.005371 0.084681 2.713060 0.007938 0.070531 0.000013 0.000010 -0.000029 -0.006300 -0.095727 -11.399683 2.133125 0.031066 -0.190587 2.077025 0.010059 -0.137801 -0.000011 -0.000991 0.000000 1.091942 -0.168288 -17.424362 2.149692 0.060342 -0.634256 2.049739 -0.002192 -0.493060 -0.000260 -0.000005 0.000022 0.000000 0.000000 0.000000 0.000000 0.000000 0.000000 -94.878372 0.802798 4.812470 -63.028934 36.444172 1.647461 -1.194661 -13.167646 53.345917 0.249097 -13.792777 -15.791605 -7.417466 1.428959 41.355225 0.000007 0.000033 -18.518734 -0.000016 -0.000040 -12.726786 -0.001449 0.000016 -0.001011 -4.383857 0.148518 -11.613736 -5.340722 0.039956 0.174185 -5.144829 0.071112 0.094905 0.000003 -0.001126 -0.000016 -5.464091 0.062521 -13.203624 -5.351086 -0.001437 0.052532 -5.131023 0.015859 0.036407 -0.001239 -0.000041 0.000102 -6.652036 -0.035638 -13.426588 -5.606002 -0.005270 -0.056276 -5.303650 -0.026316 -0.032860 0.000841 0.000006 0.000007 -6.701803 -0.074491 -14.255779 -5.282729 -0.041601 -0.042894 -5.387529 -0.087262 -0.006308 0.000098 0.000011 -0.000047 0.000000 0.000000 0.000000 0.000000 0.000000 0.000000 13.575573 -10.371138 12.349152 -0.019304 -0.159874 10.414294 -12.231281 -17.558537 17.723806 0.550819 -1.325954 -28.709866 0.000000 0.000000 0.000000 0.000000 0.000000 0.000000 0.000000 0.000000 0.000000 25.178198 12.430900 -3.756442 0.523697 1.070420 31.562983 -7.994009 15.148396 16.383724 1.324907 1.634274 -28.404465 0.000000 0.000000 0.000000 0.000000 0.000000 0.000000 0.000000 0.000000 0.000000 
-1.948882 85.336670 5.990163 -8.652913 -2.631939 -13.308672 5.170379 -1.224962 6.060920 3.012637 -0.973479 4.301725 4.384295 -3.196592 14.831370 -0.279277 -0.285920 0.440798 2.970368 2.731282 10.146791 -4.164872 0.982423 -7.470329 -1.206579 2.990416 -24.351194 0.000000 0.000000 0.000000 96.153656 -1.128420 4.414690 57.990086 -34.324295 1.235663 1.523058 17.462799 43.271130 -0.963440 9.376781 -12.573252 6.935877 -1.359934 41.619682 -0.000002 0.000025 -16.854925 0.000024 0.000042 -11.713125 0.000025 0.000012 -0.000053 -1.569969 0.180404 -2.426923 2.362505 0.063294 0.081646 2.285211 0.070277 0.117152 -0.000021 0.000037 -0.000039 -1.840763 0.069594 -6.542330 2.052516 0.002926 0.077738 2.071191 0.014007 0.064761 0.000014 0.000000 -0.000029 -1.866846 -0.094501 -11.265412 1.504177 0.017045 -0.184213 1.452282 0.001746 -0.132617 -0.000010 -0.001016 0.000001 -0.579475 -0.161958 -17.538471 1.571020 0.023713 -0.619521 1.476637 -0.030014 -0.484573 -0.000269 -0.000005 0.000017 0.000000 0.000000 0.000000 0.000000 0.000000 0.000000 -94.693954 0.761211 4.816778 -63.504726 36.491547 1.446550 -1.150558 -13.079572 53.831696 1.061530 -12.794557 -16.127014 -6.882846 1.360408 41.593094 0.000007 0.000033 -17.240301 -0.000032 -0.000041 -11.845987 -0.001413 0.000017 -0.000989 -1.629288 0.142843 -10.634162 -4.096629 0.044624 0.131840 -3.897012 0.074801 0.054821 0.000002 -0.001106 -0.000016 -2.944256 0.059997 -12.567928 -4.106648 0.001120 0.036060 -3.887837 0.016707 0.022362 -0.001301 -0.000041 0.000098 -4.388820 -0.031710 -13.237234 -4.351609 -0.009946 -0.029087 -4.040105 -0.027619 -0.012948 0.000864 0.000006 0.000007 -4.636204 -0.059016 -14.434371 -4.134640 -0.051522 0.041738 -4.242832 -0.092021 0.055584 0.000201 0.000010 -0.000047 0.000000 0.000000 0.000000 0.000000 0.000000 0.000000 13.507866 -10.445149 12.505462 -0.020476 -0.170477 10.403951 -12.161280 -17.604395 17.615667 0.547756 -1.318392 -28.735680 0.000000 0.000000 0.000000 0.000000 0.000000 0.000000 0.000000 0.000000 0.000000 25.147774 12.285948 -3.720882 0.522795 1.063049 31.533964 -7.956257 14.912375 16.391991 1.326640 1.638193 -28.420238 0.000000 0.000000 0.000000 0.000000 0.000000 0.000000 0.000000 0.000000 0.000000 
-1.920604 85.334976 6.018122 -8.615904 -2.441330 -13.349666 5.118889 -1.234949 6.061835 2.985388 -0.963886 4.320257 4.364809 -3.213378 14.738794 -0.291236 -0.296082 0.485135 3.108403 2.673855 10.083740 -4.158879 0.994754 -7.517293 -1.188414 3.016581 -24.370569 0.000000 0.000000 0.000000 95.965889 -1.140001 4.384948 58.634998 -33.747501 0.917723 1.537116 17.616556 43.463367 -1.959172 8.960843 -12.604074 6.563838 -1.299851 41.800835 -0.000002 0.000025 -15.931321 0.000024 0.000043 -11.080004 0.000025 0.000013 -0.000053 -3.464638 0.177632 -1.877420 1.874941 0.081297 0.061573 1.805950 0.087445 0.099586 -0.000021 0.000036 -0.000038 -3.691734 0.068981 -6.146637 1.581398 0.010559 0.070069 1.594161 0.019537 0.058705 0.000014 -0.000011 -0.000028 -3.713889 -0.093242 -11.122624 1.030416 0.004449 -0.177324 0.981440 -0.005795 -0.126863 -0.000009 -0.001028 0.000002 -2.248732 -0.154689 -17.625391 1.122220 -0.009372 -0.604750 1.032842 -0.055123 -0.476228 -0.000264 -0.000005 0.000013 0.000000 0.000000 0.000000 0.000000 0.000000 0.000000 -94.515053 0.725889 4.836978 -63.949253 36.533653 1.304248 -1.121216 -12.964816 54.157799 2.046955 -11.793197 -16.462475 -6.408226 1.295095 41.806698 0.000007 0.000033 -16.102692 -0.000049 -0.000042 -11.058585 -0.001365 0.000017 -0.000946 0.845721 0.137065 -9.747200 -3.178926 0.050126 0.102392 -2.979922 0.079218 0.026118 -0.000000 -0.001057 -0.000017 -0.661660 0.057498 -11.983946 -3.187351 0.003938 0.024082 -2.970371 0.017772 0.012068 -0.001318 -0.000041 0.000092 -2.322004 -0.027929 -13.040679 -3.416526 -0.014939 -0.007469 -3.099166 -0.029244 0.002823 0.000891 0.000007 0.000007 -2.733482 -0.043789 -14.539225 -3.261518 -0.062371 0.110517 -3.370177 -0.097642 0.105375 0.000298 0.000010 -0.000046 0.000000 0.000000 0.000000 0.000000 0.000000 0.000000 13.437270 -10.529148 12.664758 -0.021659 -0.181929 10.395151 -12.088236 -17.675642 17.512415 0.544912 -1.310135 -28.760719 0.000000 0.000000 0.000000 0.000000 0.000000 0.000000 0.000000 0.000000 0.000000 25.106005 12.136225 -3.694457 0.521503 1.054641 31.508053 -7.914641 14.679119 16.412386 1.327909 1.643075 -28.437775 0.000000 0.000000 0.000000 0.000000 0.000000 0.000000 0.000000 0.000000 0.000000 
-1.892381 85.333733 6.043538 -8.572879 -2.242546 -13.392556 5.062041 -1.243521 6.063664 2.967402 -0.956797 4.334590 4.327994 -3.221809 14.659501 -0.306219 -0.304564 0.530742 3.257508 2.582979 10.006481 -4.150134 0.977788 -7.565133 -1.159300 3.041952 -24.381580 0.000000 0.000000 0.000000 95.795013 -1.152547 4.377046 59.230057 -33.138336 0.666170 1.548918 17.824974 43.522926 -2.891243 8.561960 -12.607540 6.215564 -1.240604 41.972858 -0.000001 0.000026 -15.061151 0.000023 0.000043 -10.483829 0.000025 0.000013 -0.000052 -5.297841 0.175795 -1.375132 1.543833 0.096156 0.042508 1.484766 0.101552 0.082581 -0.000022 0.000035 -0.000037 -5.493437 0.068514 -5.778369 1.260472 0.016860 0.062609 1.268195 0.024051 0.053084 0.000014 -0.000021 -0.000028 -5.542560 -0.091998 -10.985736 0.696061 -0.005689 -0.171294 0.649000 -0.011861 -0.121576 -0.000008 -0.001035 0.000003 -3.906614 -0.146771 -17.692335 0.789983 -0.036309 -0.593572 0.706914 -0.075527 -0.470809 -0.000250 -0.000005 0.000010 0.000000 0.000000 0.000000 0.000000 0.000000 0.000000 -94.348396 0.696076 4.869032 -64.309776 36.554779 1.233347 -1.110498 -12.837761 54.335094 3.118710 -10.876765 -16.757910 -6.003227 1.234132 41.993122 0.000008 0.000033 -15.126913 -0.000064 -0.000043 -10.379926 -0.001309 0.000017 -0.000885 3.024150 0.131417 -8.994280 -2.577600 0.056116 0.086785 -2.381840 0.084123 0.009706 -0.000002 -0.000989 -0.000018 1.365056 0.055119 -11.481587 -2.585248 0.006821 0.017096 -2.370593 0.018993 0.005947 -0.001295 -0.000042 0.000084 -0.475480 -0.024403 -12.857020 -2.799486 -0.019989 0.007089 -2.479088 -0.031152 0.013520 0.000927 0.000008 0.000007 -1.031355 -0.029244 -14.591076 -2.672618 -0.073720 0.158665 -2.779628 -0.104034 0.139961 0.000388 0.000009 -0.000045 0.000000 0.000000 0.000000 0.000000 0.000000 0.000000 13.364668 -10.622144 12.826494 -0.022884 -0.193846 10.383261 -12.014199 -17.770472 17.417919 0.542297 -1.301103 -28.786367 0.000000 0.000000 0.000000 0.000000 0.000000 0.000000 0.000000 0.000000 0.000000 25.054255 11.981176 -3.677728 0.519980 1.045866 31.484226 -7.872875 14.456267 16.444056 1.328776 1.648966 -28.455696 0.000000 0.000000 0.000000 0.000000 0.000000 0.000000 0.000000 0.000000 0.000000 
-1.864923 85.333427 6.065743 -8.527755 -2.043533 -13.435397 5.004310 -1.250472 6.066162 2.960423 -0.951710 4.343929 4.273563 -3.221468 14.595419 -0.326451 -0.311284 0.582302 3.415440 2.460485 9.926733 -4.138164 0.930455 -7.608709 -1.120085 3.062787 -24.386850 0.000000 0.000000 0.000000 95.645477 -1.166483 4.388426 59.742146 -32.549091 0.488513 1.562165 18.076683 43.430649 -3.743923 8.189698 -12.608661 5.891668 -1.182992 42.135098 -0.000001 0.000026 -14.245761 0.000023 0.000044 -9.925598 0.000025 0.000014 -0.000051 -7.079863 0.174755 -0.944421 1.331782 0.107391 0.025581 1.282431 0.112212 0.067418 -0.000022 0.000034 -0.000036 -7.248971 0.068113 -5.457253 1.052514 0.021584 0.055894 1.056669 0.027387 0.048251 0.000014 -0.000031 -0.000027 -7.338829 -0.090793 -10.866301 0.465032 -0.013060 -0.166766 0.419135 -0.016244 -0.117304 -0.000008 -0.001041 0.000004 -5.534110 -0.138755 -17.745131 0.544154 -0.056279 -0.587405 0.469162 -0.090693 -0.469383 -0.000228 -0.000006 0.000007 0.000000 0.000000 0.000000 0.000000 0.000000 0.000000 -94.200287 0.670439 4.907083 -64.550446 36.561222 1.230628 -1.116639 -12.711751 54.397427 4.212137 -10.085623 -17.008780 -5.660711 1.177259 42.155842 0.000008 0.000033 -14.293816 -0.000077 -0.000043 -9.798667 -0.001251 0.000017 -0.000819 4.960579 0.126156 -8.375519 -2.218076 0.062190 0.082825 -2.026203 0.089180 0.003790 -0.000003 -0.000912 -0.000018 3.181673 0.052944 -11.064347 -2.226729 0.009588 0.014453 -2.014164 0.020290 0.003460 -0.001245 -0.000042 0.000074 1.187529 -0.021189 -12.697437 -2.427639 -0.024781 0.015053 -2.106229 -0.033208 0.019592 0.000970 0.000008 0.000007 0.489203 -0.015849 -14.617263 -2.309331 -0.084791 0.187435 -2.413476 -0.110716 0.160494 0.000470 0.000009 -0.000044 0.000000 0.000000 0.000000 0.000000 0.000000 0.000000 13.291594 -10.723311 12.990473 -0.024172 -0.205600 10.365520 -11.940609 -17.884357 17.335554 0.539701 -1.291091 -28.813879 0.000000 0.000000 0.000000 0.000000 0.000000 0.000000 0.000000 0.000000 0.000000 24.995138 11.818307 -3.674164 0.518491 1.037248 31.469507 -7.832837 14.251140 16.481941 1.328851 1.655835 -28.472260 0.000000 0.000000 0.000000 0.000000 0.000000 0.000000 0.000000 0.000000 0.000000 
-1.838989 85.334404 6.085169 -8.485185 -1.850777 -13.476008 4.950330 -1.255306 6.066821 2.965605 -0.947779 4.348890 4.205389 -3.210829 14.547906 -0.353523 -0.315356 0.642525 3.582582 2.311180 9.849607 -4.123691 0.853417 -7.647026 -1.072770 3.077279 -24.385683 0.000000 0.000000 0.000000 95.518517 -1.181917 4.418303 60.146172 -32.015068 0.382878 1.581901 18.354502 43.182045 -4.489991 7.858316 -12.641868 5.595820 -1.128553 42.285149 -0.000000 0.000027 -13.494558 0.000023 0.000045 -9.411503 0.000025 0.000014 -0.000051 -8.792870 0.174155 -0.603723 1.198440 0.114864 0.012466 1.156975 0.119340 0.055717 -0.000022 0.000033 -0.000035 -8.935917 0.067702 -5.197469 0.918289 0.024694 0.050657 0.920509 0.029516 0.044687 0.000015 -0.000040 -0.000027 -9.063753 -0.089557 -10.772883 0.300115 -0.017713 -0.164265 0.254930 -0.018963 -0.114590 -0.000007 -0.001049 0.000004 -7.090417 -0.130864 -17.788321 0.354690 -0.069304 -0.586962 0.288748 -0.100709 -0.472455 -0.000202 -0.000006 0.000005 0.000000 0.000000 0.000000 0.000000 0.000000 0.000000 -94.074776 0.648347 4.948226 -64.658836 36.566978 1.285144 -1.135864 -12.594917 54.380550 5.261510 -9.435979 -17.233812 -5.373360 1.124936 42.297272 0.000009 0.000033 -13.585554 -0.000088 -0.000044 -9.304272 -0.001197 0.000017 -0.000771 6.693014 0.121322 -7.875139 -2.018084 0.067750 0.086357 -1.829366 0.093826 0.004798 -0.000005 -0.000834 -0.000019 4.819933 0.050992 -10.723267 -2.028692 0.012013 0.014671 -1.817730 0.021507 0.003408 -0.001181 -0.000043 0.000062 2.693408 -0.018295 -12.561464 -2.215486 -0.028910 0.018241 -1.894143 -0.035128 0.022442 0.001012 0.000008 0.000007 1.846441 -0.003951 -14.631139 -2.096524 -0.094484 0.201961 -2.198221 -0.116796 0.170874 0.000544 0.000009 -0.000043 0.000000 0.000000 0.000000 0.000000 0.000000 0.000000 13.219190 -10.830727 13.152259 -0.025515 -0.216473 10.342793 -11.868130 -18.007639 17.266090 0.537222 -1.280267 -28.843050 0.000000 0.000000 0.000000 0.000000 0.000000 0.000000 0.000000 0.000000 0.000000 24.930864 11.644567 -3.684653 0.517279 1.029345 31.468168 -7.793641 14.067352 16.518877 1.328026 1.662918 -28.485210 0.000000 0.000000 0.000000 0.000000 0.000000 0.000000 0.000000 0.000000 0.000000 
-1.815168 85.336662 6.103429 -8.449575 -1.668243 -13.513707 4.903763 -1.257890 6.063034 2.982975 -0.944345 4.352069 4.130072 -3.188506 14.516214 -0.386153 -0.316133 0.710473 3.755317 2.148715 9.774268 -4.109270 0.754371 -7.682412 -1.021703 3.086824 -24.374453 0.000000 0.000000 0.000000 95.415001 -1.198023 4.466238 60.434998 -31.550083 0.342113 1.611656 18.636496 42.789543 -5.105565 7.578472 -12.724273 5.336574 -1.079371 42.418480 -0.000000 0.000027 -12.829197 0.000023 0.000045 -8.956153 0.000025 0.000014 -0.000050 -10.380183 0.173580 -0.355347 1.117990 0.119040 0.003865 1.081676 0.123393 0.048062 -0.000022 0.000032 -0.000034 -10.498022 0.067236 -5.000379 0.833270 0.026435 0.047203 0.835077 0.030607 0.042527 0.000015 -0.000047 -0.000027 -10.652740 -0.088228 -10.705699 0.179190 -0.020097 -0.163721 0.134222 -0.020301 -0.113512 -0.000006 -0.001055 0.000005 -8.515263 -0.123186 -17.821663 0.205146 -0.076379 -0.591381 0.148291 -0.106373 -0.479174 -0.000176 -0.000006 0.000003 0.000000 0.000000 0.000000 0.000000 0.000000 0.000000 -93.974815 0.630172 4.993264 -64.651260 36.574127 1.383713 -1.164313 -12.493789 54.307140 6.199838 -8.941037 -17.456656 -5.137404 1.078400 42.417580 0.000009 0.000033 -12.994493 -0.000098 -0.000045 -8.892617 -0.001149 0.000017 -0.000759 8.222054 0.116760 -7.479613 -1.914180 0.072414 0.093555 -1.727107 0.097690 0.009493 -0.000006 -0.000757 -0.000020 6.276526 0.049254 -10.450327 -1.926572 0.013972 0.016391 -1.716861 0.022539 0.004697 -0.001115 -0.000043 0.000051 4.036474 -0.015700 -12.445529 -2.096520 -0.032187 0.018360 -1.775698 -0.036717 0.023332 0.001041 0.000008 0.000007 3.037044 0.006287 -14.635995 -1.973561 -0.102221 0.206839 -2.074447 -0.121728 0.174402 0.000612 0.000009 -0.000042 0.000000 0.000000 0.000000 0.000000 0.000000 0.000000 13.150255 -10.941051 13.306420 -0.026791 -0.225786 10.317394 -11.797929 -18.131983 17.208158 0.535131 -1.269395 -28.872564 0.000000 0.000000 0.000000 0.000000 0.000000 0.000000 0.000000 0.000000 0.000000 24.866770 11.461374 -3.707067 0.516569 1.022668 31.481747 -7.754243 13.903983 16.549797 1.326460 1.669361 -28.494101 0.000000 0.000000 0.000000 0.000000 0.000000 0.000000 0.000000 0.000000 0.000000 
-1.793847 85.339897 6.122114 -8.423679 -1.497203 -13.549937 4.865940 -1.258564 6.054290 3.009993 -0.940928 4.357815 4.054775 -3.155815 14.494983 -0.419726 -0.314034 0.781847 3.922265 1.993661 9.694315 -4.098047 0.647533 -7.720412 -0.972589 3.094462 -24.351606 0.000000 0.000000 0.000000 95.336258 -1.213429 4.528580 60.621777 -31.149260 0.353586 1.651452 18.903332 42.286182 -5.578679 7.367496 -12.844412 5.121706 -1.037324 42.531013 0.000000 0.000028 -12.270070 0.000023 0.000046 -8.573447 0.000025 0.000015 -0.000050 -11.777832 0.172792 -0.186136 1.074096 0.120786 -0.000634 1.040104 0.125213 0.043978 -0.000023 0.000031 -0.000033 -11.871702 0.066728 -4.855618 0.782868 0.027214 0.045329 0.785477 0.030969 0.041542 0.000015 -0.000053 -0.000027 -12.038148 -0.086888 -10.656391 0.092532 -0.020921 -0.164379 0.046884 -0.020720 -0.113554 -0.000005 -0.001053 0.000006 -9.748453 -0.116095 -17.840469 0.090223 -0.079241 -0.598024 0.042005 -0.109059 -0.487187 -0.000156 -0.000006 0.000002 0.000000 0.000000 0.000000 0.000000 0.000000 0.000000 -93.900513 0.616221 5.043859 -64.560600 36.566715 1.512197 -1.198648 -12.413942 54.194122 6.977801 -8.599862 -17.688906 -4.949346 1.038812 42.516624 0.000009 0.000034 -12.515421 -0.000105 -0.000046 -8.560049 -0.001107 0.000017 -0.000784 9.533061 0.112410 -7.176145 -1.864605 0.076199 0.102244 -1.677294 0.100797 0.016023 -0.000007 -0.000688 -0.000020 7.532138 0.047770 -10.237879 -1.878028 0.015498 0.018873 -1.669192 0.023385 0.006722 -0.001058 -0.000044 0.000040 5.194014 -0.013419 -12.346547 -2.028404 -0.034688 0.016393 -1.708479 -0.037955 0.022919 0.001053 0.000009 0.000007 4.045619 0.014697 -14.632601 -1.901231 -0.108168 0.204466 -2.003037 -0.125581 0.172678 0.000675 0.000009 -0.000041 0.000000 0.000000 0.000000 0.000000 0.000000 0.000000 13.088882 -11.049673 13.449875 -0.027801 -0.233134 10.290217 -11.732064 -18.252007 17.159647 0.533531 -1.259487 -28.900919 0.000000 0.000000 0.000000 0.000000 0.000000 0.000000 0.000000 0.000000 0.000000 24.809917 11.274065 -3.736293 0.516491 1.017600 31.508720 -7.715737 13.756849 16.573427 1.324166 1.674697 -28.500946 0.000000 0.000000 0.000000 0.000000 0.000000 0.000000 0.000000 0.000000 0.000000 
-1.775020 85.343933 6.142366 -8.407101 -1.336944 -13.586506 4.835651 -1.257788 6.042201 3.043051 -0.937590 4.367253 3.984576 -3.116349 14.479139 -0.449431 -0.310342 0.852331 4.070998 1.863112 9.605637 -4.092096 0.546998 -7.764966 -0.929632 3.102957 -24.320576 0.000000 0.000000 0.000000 95.281548 -1.226746 4.596614 60.731361 -30.804321 0.398122 1.697951 19.142010 41.724239 -5.919756 7.239482 -12.973518 4.953482 -1.003396 42.621059 0.000000 0.000029 -11.824844 0.000023 0.000046 -8.268933 0.000025 0.000015 -0.000050 -12.947018 0.171743 -0.076650 1.052837 0.121077 -0.002363 1.018878 0.125758 0.042217 -0.000023 0.000031 -0.000033 -13.016891 0.066227 -4.749382 0.755080 0.027460 0.044460 0.759396 0.030953 0.041227 0.000015 -0.000058 -0.000026 -13.178885 -0.085719 -10.615196 0.033550 -0.020924 -0.165179 -0.013936 -0.020714 -0.113893 -0.000005 -0.001043 0.000006 -10.755433 -0.110128 -17.841688 0.006544 -0.079860 -0.603617 -0.033620 -0.110281 -0.493673 -0.000147 -0.000006 0.000000 0.000000 0.000000 0.000000 0.000000 0.000000 0.000000 -93.848068 0.606222 5.098258 -64.416832 36.527863 1.657014 -1.235829 -12.357736 54.062180 7.575931 -8.407861 -17.920551 -4.803942 1.006719 42.595249 0.000009 0.000034 -12.139506 -0.000111 -0.000046 -8.299618 -0.001072 0.000017 -0.000832 10.618361 0.108379 -6.950878 -1.842873 0.079283 0.111416 -1.653530 0.103311 0.023505 -0.000007 -0.000629 -0.000021 8.573407 0.046602 -10.077168 -1.857084 0.016676 0.021791 -1.648622 0.024086 0.009222 -0.001016 -0.000044 0.000029 6.147351 -0.011502 -12.261499 -1.987728 -0.036603 0.012902 -1.669245 -0.038919 0.021505 0.001052 0.000009 0.000007 4.859945 0.021171 -14.621153 -1.858439 -0.112759 0.196260 -1.962168 -0.128682 0.166568 0.000733 0.000009 -0.000041 0.000000 0.000000 0.000000 0.000000 0.000000 0.000000 13.037514 -11.152081 13.582846 -0.028456 -0.238611 10.260340 -11.673728 -18.364086 17.118467 0.532327 -1.251391 -28.927397 0.000000 0.000000 0.000000 0.000000 0.000000 0.000000 0.000000 0.000000 0.000000 24.765100 11.090377 -3.764496 0.516994 1.014287 31.541515 -7.680818 13.619990 16.591255 1.321186 1.678803 -28.508224 0.000000 0.000000 0.000000 0.000000 0.000000 0.000000 0.000000 0.000000 0.000000 
-1.758369 85.348518 6.165032 -8.396780 -1.185436 -13.624086 4.810518 -1.255765 6.028920 3.079509 -0.934846 4.377264 3.921798 -3.074164 14.468042 -0.472816 -0.306607 0.918318 4.192873 1.764712 9.507425 -4.091498 0.461383 -7.817491 -0.894241 3.113616 -24.286591 0.000000 0.000000 0.000000 95.246979 -1.236925 4.661121 60.791637 -30.507523 0.451654 1.746684 19.346449 41.161568 -6.157158 7.194984 -13.082635 4.829447 -0.977707 42.689148 0.000000 0.000029 -11.489930 0.000023 0.000047 -8.040567 0.000025 0.000015 -0.000050 -13.876000 0.170522 -0.009753 1.041700 0.120672 -0.002612 1.006093 0.125759 0.041662 -0.000024 0.000030 -0.000032 -13.921820 0.065790 -4.670997 0.738369 0.027486 0.044100 0.745110 0.030816 0.041157 0.000015 -0.000061 -0.000026 -14.065595 -0.084837 -10.576875 -0.006641 -0.020606 -0.165474 -0.056940 -0.020597 -0.113996 -0.000004 -0.001026 0.000007 -11.531096 -0.105536 -17.827049 -0.052880 -0.079607 -0.606405 -0.085611 -0.111043 -0.497210 -0.000149 -0.000007 -0.000001 0.000000 0.000000 0.000000 0.000000 0.000000 0.000000 -93.810623 0.599642 5.153114 -64.245270 36.449440 1.802306 -1.273091 -12.323741 53.932083 8.003046 -8.360814 -18.129629 -4.694810 0.981964 42.655396 0.000010 0.000034 -11.854461 -0.000117 -0.000046 -8.101919 -0.001040 0.000017 -0.000889 11.486718 0.104782 -6.789213 -1.832007 0.081766 0.120423 -1.639464 0.105326 0.031319 -0.000008 -0.000583 -0.000021 9.404043 0.045761 -9.958714 -1.848018 0.017566 0.024893 -1.639412 0.024667 0.012001 -0.000992 -0.000044 0.000019 6.894526 -0.009974 -12.188354 -1.962897 -0.038090 0.008425 -1.646408 -0.039697 0.019389 0.001042 0.000009 0.000007 5.481209 0.025875 -14.603661 -1.835628 -0.116322 0.183882 -1.941665 -0.131284 0.157260 0.000783 0.000009 -0.000041 0.000000 0.000000 0.000000 0.000000 0.000000 0.000000 12.995462 -11.246020 13.706759 -0.028838 -0.242687 10.227436 -11.625576 -18.465763 17.081953 0.531330 -1.245440 -28.952009 0.000000 0.000000 0.000000 0.000000 0.000000 0.000000 0.000000 0.000000 0.000000 24.733194 10.917952 -3.783118 0.517881 1.012586 31.567909 -7.652313 13.487111 16.605400 1.317785 1.681699 -28.516748 0.000000 0.000000 0.000000 0.000000 0.000000 0.000000 0.000000 0.000000 0.000000 
-1.743412 85.353401 6.190608 -8.390107 -1.040885 -13.664586 4.789791 -1.252987 6.016608 3.116523 -0.932838 4.385615 3.867795 -3.032539 14.461936 -0.490362 -0.303631 0.977903 4.286219 1.698177 9.403121 -4.095215 0.393800 -7.876911 -0.866031 3.126491 -24.255302 0.000000 0.000000 0.000000 95.226875 -1.243372 4.715981 60.830875 -30.246664 0.496685 1.793751 19.515778 40.639069 -6.325087 7.229832 -13.155425 4.742602 -0.959240 42.738300 0.000000 0.000030 -11.249479 0.000024 0.000047 -7.877688 0.000025 0.000015 -0.000050 -14.587736 0.169238 0.033186 1.032441 0.120084 -0.002284 0.994117 0.125670 0.041591 -0.000024 0.000030 -0.000032 -14.610100 0.065487 -4.608857 0.724827 0.027477 0.043906 0.734427 0.030714 0.041064 0.000014 -0.000063 -0.000026 -14.725328 -0.084274 -10.537539 -0.035694 -0.020254 -0.165020 -0.089256 -0.020537 -0.113613 -0.000004 -0.001007 0.000008 -12.102098 -0.102382 -17.800381 -0.095139 -0.079272 -0.605973 -0.121009 -0.111875 -0.497607 -0.000161 -0.000007 -0.000002 0.000000 0.000000 0.000000 0.000000 0.000000 0.000000 -93.784470 0.596475 5.205520 -64.069473 36.323761 1.932185 -1.308681 -12.312436 53.819260 8.288766 -8.445207 -18.300480 -4.615170 0.963737 42.699825 0.000010 0.000035 -11.645482 -0.000122 -0.000046 -7.956146 -0.001010 0.000016 -0.000941 12.161178 0.101703 -6.679652 -1.822712 0.083779 0.129101 -1.626612 0.106966 0.039242 -0.000009 -0.000552 -0.000022 10.043122 0.045218 -9.875771 -1.842800 0.018228 0.028099 -1.633436 0.025160 0.014989 -0.000988 -0.000044 0.000010 7.450439 -0.008811 -12.129153 -1.949329 -0.039305 0.003255 -1.635138 -0.040384 0.016713 0.001029 0.000009 0.000007 5.924758 0.029146 -14.587038 -1.829554 -0.119222 0.168371 -1.937717 -0.133642 0.145597 0.000826 0.000009 -0.000040 0.000000 0.000000 0.000000 0.000000 0.000000 0.000000 12.962308 -11.331341 13.825715 -0.029066 -0.245945 10.193097 -11.588876 -18.557938 17.046432 0.530428 -1.241393 -28.974354 0.000000 0.000000 0.000000 0.000000 0.000000 0.000000 0.000000 0.000000 0.000000 24.713440 10.760139 -3.785847 0.518916 1.012051 31.580471 -7.631447 13.353874 16.617430 1.314236 1.683691 -28.526497 0.000000 0.000000 0.000000 0.000000 0.000000 0.000000 0.000000 0.000000 0.000000 
-1.729810 85.358345 6.219503 -8.385728 -0.902573 -13.709888 4.773987 -1.249861 6.006018 3.150988 -0.931166 4.390988 3.823448 -2.993257 14.461147 -0.504054 -0.301303 1.030885 4.354062 1.658656 9.296849 -4.101646 0.343043 -7.941483 -0.843826 3.140635 -24.230408 0.000000 0.000000 0.000000 95.216324 -1.245769 4.758473 60.870197 -30.009285 0.524410 1.837227 19.653702 40.176895 -6.452599 7.332173 -13.194014 4.684069 -0.946436 42.772743 0.000000 0.000031 -11.082300 0.000024 0.000048 -7.765598 0.000025 0.000015 -0.000050 -15.123816 0.168038 0.066702 1.021207 0.119517 -0.001883 0.979437 0.125640 0.041626 -0.000024 0.000030 -0.000032 -15.124725 0.065371 -4.553704 0.710554 0.027493 0.043678 0.723202 0.030694 0.040807 0.000014 -0.000064 -0.000026 -15.204335 -0.084026 -10.494993 -0.058756 -0.019957 -0.163835 -0.115531 -0.020581 -0.112715 -0.000004 -0.000992 0.000008 -12.511416 -0.100658 -17.765215 -0.125840 -0.079089 -0.602723 -0.145279 -0.112873 -0.495381 -0.000183 -0.000007 -0.000002 0.000000 0.000000 0.000000 0.000000 0.000000 0.000000 -93.768036 0.596929 5.252842 -63.908089 36.148090 2.035374 -1.342753 -12.327377 53.729534 8.468992 -8.641820 -18.428108 -4.558100 0.950772 42.731915 0.000010 0.000035 -11.495865 -0.000127 -0.000047 -7.850478 -0.000978 0.000016 -0.000977 12.676082 0.099222 -6.611653 -1.812050 0.085448 0.137784 -1.612522 0.108360 0.047466 -0.000009 -0.000536 -0.000022 10.522979 0.044927 -9.821779 -1.838982 0.018717 0.031498 -1.628286 0.025600 0.018249 -0.001003 -0.000045 0.000001 7.845826 -0.007993 -12.084997 -1.946003 -0.040348 -0.002553 -1.634056 -0.041045 0.013486 0.001020 0.000009 0.000007 6.219450 0.031200 -14.576746 -1.839330 -0.121721 0.150168 -1.949270 -0.135922 0.131950 0.000858 0.000009 -0.000040 0.000000 0.000000 0.000000 0.000000 0.000000 0.000000 12.937982 -11.408786 13.944731 -0.029249 -0.248953 10.158330 -11.563084 -18.641659 17.007809 0.529664 -1.238561 -28.993370 0.000000 0.000000 0.000000 0.000000 0.000000 0.000000 0.000000 0.000000 0.000000 24.704374 10.615773 -3.768610 0.519934 1.012192 31.576433 -7.618212 13.217806 16.627548 1.310822 1.685212 -28.537142 0.000000 0.000000 0.000000 0.000000 0.000000 0.000000 0.000000 0.000000 0.000000 
-1.717222 85.363136 6.251961 -8.382236 -0.769751 -13.760448 4.763103 -1.246181 5.997021 3.180809 -0.929094 4.391387 3.787534 -2.955863 14.465893 -0.516012 -0.298987 1.078679 4.398555 1.640953 9.194492 -4.109368 0.305813 -8.007574 -0.826170 3.154866 -24.213501 0.000000 0.000000 0.000000 95.212189 -1.243662 4.788482 60.921574 -29.790134 0.532163 1.876101 19.763744 39.777905 -6.562183 7.479681 -13.203500 4.645228 -0.937724 42.796696 0.000000 0.000031 -10.967163 0.000024 0.000049 -7.689584 0.000025 0.000015 -0.000051 -15.527120 0.167075 0.098057 1.007082 0.119028 -0.001838 0.961150 0.125704 0.041440 -0.000025 0.000030 -0.000032 -15.510307 0.065446 -4.501224 0.694182 0.027546 0.043280 0.710132 0.030761 0.040280 0.000014 -0.000064 -0.000025 -15.550963 -0.084082 -10.449658 -0.079108 -0.019723 -0.162000 -0.138783 -0.020722 -0.111343 -0.000003 -0.000980 0.000009 -12.803835 -0.100350 -17.724886 -0.149257 -0.079038 -0.597256 -0.162601 -0.113964 -0.491230 -0.000212 -0.000007 -0.000003 0.000000 0.000000 0.000000 0.000000 0.000000 0.000000 -93.758652 0.600838 5.292727 -63.773247 35.926552 2.106346 -1.375848 -12.370659 53.657467 8.574557 -8.934971 -18.508980 -4.515942 0.941499 42.755741 0.000009 0.000035 -11.385219 -0.000132 -0.000046 -7.770974 -0.000940 0.000016 -0.000995 13.078002 0.097404 -6.571769 -1.801373 0.086879 0.146934 -1.598588 0.109616 0.056300 -0.000009 -0.000534 -0.000022 10.889658 0.044852 -9.787426 -1.837737 0.019080 0.035221 -1.625369 0.026020 0.021880 -0.001036 -0.000045 -0.000007 8.126988 -0.007521 -12.052756 -1.953342 -0.041278 -0.008972 -1.643440 -0.041710 0.009729 0.001015 0.000009 0.000007 6.407035 0.032112 -14.573589 -1.864322 -0.123921 0.129690 -1.975773 -0.138178 0.116590 0.000880 0.000009 -0.000040 0.000000 0.000000 0.000000 0.000000 0.000000 0.000000 12.920923 -11.478592 14.067876 -0.029444 -0.252022 10.121727 -11.546268 -18.715754 16.963137 0.529118 -1.236254 -29.007977 0.000000 0.000000 0.000000 0.000000 0.000000 0.000000 0.000000 0.000000 0.000000 24.703541 10.482265 -3.730247 0.520863 1.012605 31.556499 -7.612238 13.078444 16.636011 1.307624 1.686557 -28.548635 0.000000 0.000000 0.000000 0.000000 0.000000 0.000000 0.000000 0.000000 0.000000 
-1.705119 85.367439 6.288119 -8.377829 -0.640923 -13.815091 4.756724 -1.241315 5.988739 3.204635 -0.925809 4.384532 3.757914 -2.918678 14.476774 -0.527984 -0.295622 1.123165 4.420249 1.639230 9.100150 -4.117319 0.277520 -8.072499 -0.811493 3.167798 -24.204058 0.000000 0.000000 0.000000 95.214256 -1.237359 4.807769 60.987431 -29.585754 0.520484 1.910347 19.853840 39.435448 -6.667334 7.642653 -13.186575 4.619922 -0.931740 42.813522 -0.000000 0.000032 -10.888046 0.000024 0.000050 -7.638685 0.000025 0.000015 -0.000051 -15.833306 0.166469 0.127254 0.991911 0.118740 -0.002480 0.941229 0.125964 0.040754 -0.000025 0.000030 -0.000032 -15.803102 0.065668 -4.452655 0.677144 0.027680 0.042615 0.696886 0.030940 0.039430 0.000014 -0.000063 -0.000025 -15.805287 -0.084370 -10.405810 -0.097317 -0.019611 -0.159599 -0.159563 -0.020984 -0.109566 -0.000003 -0.000968 0.000009 -13.015553 -0.101222 -17.684700 -0.167048 -0.079231 -0.590209 -0.174729 -0.115219 -0.485836 -0.000245 -0.000007 -0.000003 0.000000 0.000000 0.000000 0.000000 0.000000 0.000000 -93.754341 0.607706 5.322379 -63.668488 35.670681 2.147440 -1.409010 -12.441655 53.591217 8.629894 -9.299395 -18.545231 -4.481314 0.934173 42.775578 0.000010 0.000035 -11.292770 -0.000135 -0.000046 -7.703851 -0.000895 0.000016 -0.000999 13.419586 0.096180 -6.541174 -1.794008 0.088241 0.157154 -1.588027 0.110892 0.066146 -0.000010 -0.000541 -0.000022 11.195870 0.044928 -9.759235 -1.841226 0.019390 0.039395 -1.627230 0.026470 0.025953 -0.001081 -0.000045 -0.000014 8.347986 -0.007370 -12.025909 -1.970743 -0.042167 -0.015870 -1.662742 -0.042404 0.005531 0.001015 0.000009 0.000007 6.536945 0.031977 -14.575090 -1.901881 -0.125937 0.107682 -2.014964 -0.140456 0.100016 0.000892 0.000009 -0.000040 0.000000 0.000000 0.000000 0.000000 0.000000 0.000000 12.907865 -11.540877 14.196128 -0.029665 -0.255171 10.081825 -11.535458 -18.777546 16.910469 0.528738 -1.234111 -29.016821 0.000000 0.000000 0.000000 0.000000 0.000000 0.000000 0.000000 0.000000 0.000000 24.706875 10.357110 -3.673266 0.521700 1.013040 31.523773 -7.612483 12.937585 16.641672 1.304558 1.687804 -28.560310 0.000000 0.000000 0.000000 0.000000 0.000000 0.000000 0.000000 0.000000 0.000000 
-1.693350 85.371277 6.328125 -8.372705 -0.515458 -13.873980 4.755871 -1.235291 5.979713 3.221071 -0.920606 4.371470 3.734635 -2.881108 14.491784 -0.541372 -0.290249 1.166600 4.421223 1.648513 9.014702 -4.124743 0.254509 -8.135833 -0.798943 3.178046 -24.201357 0.000000 0.000000 0.000000 95.222336 -1.228481 4.818519 61.068390 -29.387638 0.493387 1.941379 19.933683 39.137775 -6.777051 7.809051 -13.158970 4.603384 -0.927315 42.825928 -0.000000 0.000032 -10.832630 0.000024 0.000050 -7.604035 0.000025 0.000015 -0.000051 -16.076643 0.166167 0.156005 0.978500 0.118661 -0.003885 0.922762 0.126385 0.039477 -0.000025 0.000029 -0.000032 -16.036791 0.065990 -4.406685 0.662083 0.027890 0.041633 0.686130 0.031219 0.038277 0.000013 -0.000062 -0.000025 -16.002542 -0.084777 -10.364412 -0.111689 -0.019643 -0.156738 -0.176358 -0.021363 -0.107467 -0.000003 -0.000958 0.000010 -13.177965 -0.102951 -17.646780 -0.178582 -0.079665 -0.582173 -0.181039 -0.116608 -0.479702 -0.000281 -0.000007 -0.000003 0.000000 0.000000 0.000000 0.000000 0.000000 0.000000 -93.757355 0.617082 5.339972 -63.593552 35.384754 2.164048 -1.443857 -12.539698 53.526054 8.664736 -9.706124 -18.552437 -4.449210 0.927561 42.794205 0.000010 0.000035 -11.205232 -0.000138 -0.000046 -7.640107 -0.000843 0.000016 -0.000993 13.737592 0.095337 -6.506533 -1.791143 0.089637 0.168786 -1.581918 0.112281 0.077219 -0.000010 -0.000555 -0.000023 11.478599 0.045051 -9.727311 -1.849204 0.019695 0.044052 -1.633853 0.026967 0.030454 -0.001134 -0.000045 -0.000019 8.546746 -0.007448 -12.000082 -1.995749 -0.043033 -0.023122 -1.689343 -0.043116 0.000966 0.001017 0.000009 0.000007 6.644433 0.031005 -14.579740 -1.948420 -0.127871 0.084679 -2.063227 -0.142737 0.082662 0.000897 0.000009 -0.000040 0.000000 0.000000 0.000000 0.000000 0.000000 0.000000 12.897385 -11.597745 14.330344 -0.029893 -0.258392 10.039375 -11.527909 -18.827635 16.849041 0.528436 -1.231912 -29.018761 0.000000 0.000000 0.000000 0.000000 0.000000 0.000000 0.000000 0.000000 0.000000 24.711241 10.235086 -3.600854 0.522498 1.013457 31.483932 -7.616945 12.796857 16.641874 1.301572 1.688963 -28.571266 0.000000 0.000000 0.000000 0.000000 0.000000 0.000000 0.000000 0.000000 0.000000 
-1.682009 85.375053 6.371852 -8.367579 -0.392682 -13.937371 4.760853 -1.228229 5.969761 3.230261 -0.913167 4.353512 3.716987 -2.842500 14.507196 -0.556369 -0.282290 1.210593 4.405408 1.664035 8.942680 -4.131235 0.233444 -8.194777 -0.787707 3.184977 -24.205435 0.000000 0.000000 0.000000 95.233810 -1.217892 4.822543 61.167183 -29.188194 0.453957 1.970406 20.008163 38.867085 -6.893861 7.981355 -13.129078 4.589070 -0.923336 42.837048 -0.000000 0.000032 -10.784519 0.000024 0.000051 -7.573809 0.000025 0.000015 -0.000051 -16.294947 0.166037 0.186864 0.967808 0.118629 -0.006075 0.906695 0.126792 0.037550 -0.000026 0.000029 -0.000033 -16.248344 0.066369 -4.361309 0.649776 0.028115 0.040323 0.678732 0.031542 0.036834 0.000013 -0.000060 -0.000025 -16.178907 -0.085251 -10.324962 -0.121431 -0.019753 -0.153491 -0.188429 -0.021802 -0.105096 -0.000004 -0.000948 0.000011 -13.322985 -0.105399 -17.611950 -0.183709 -0.080150 -0.573458 -0.181497 -0.117921 -0.473131 -0.000319 -0.000007 -0.000003 0.000000 0.000000 0.000000 0.000000 0.000000 0.000000 -93.767441 0.627525 5.345828 -63.554874 35.071728 2.151915 -1.480026 -12.662744 53.465282 8.705791 -10.139420 -18.535791 -4.413626 0.920623 42.814419 0.000010 0.000035 -11.107824 -0.000141 -0.000046 -7.569316 -0.000783 0.000016 -0.000979 14.068283 0.094727 -6.458920 -1.791205 0.090993 0.181270 -1.578640 0.113703 0.088973 -0.000010 -0.000573 -0.000023 11.773961 0.045162 -9.685223 -1.859267 0.019976 0.048940 -1.643170 0.027482 0.035155 -0.001193 -0.000046 -0.000022 8.759062 -0.007686 -11.972836 -2.024112 -0.043819 -0.030383 -1.718978 -0.043785 -0.003702 0.001020 0.000009 0.000007 6.762098 0.029412 -14.588226 -1.998995 -0.129579 0.061748 -2.115437 -0.144855 0.065396 0.000893 0.000009 -0.000040 0.000000 0.000000 0.000000 0.000000 0.000000 0.000000 12.888573 -11.652015 14.471514 -0.030084 -0.261594 9.994022 -11.522383 -18.867188 16.780853 0.528235 -1.229579 -29.014334 0.000000 0.000000 0.000000 0.000000 0.000000 0.000000 0.000000 0.000000 0.000000 24.714724 10.111003 -3.515306 0.523332 1.014028 31.440746 -7.623763 12.654906 16.635729 1.298705 1.689801 -28.581144 0.000000 0.000000 0.000000 0.000000 0.000000 0.000000 0.000000 0.000000 0.000000 
-1.671100 85.378792 6.419116 -8.362288 -0.271949 -14.004871 4.770090 -1.220157 5.958868 3.233872 -0.903949 4.329867 3.703793 -2.803474 14.522849 -0.572525 -0.272178 1.256155 4.376898 1.680364 8.887069 -4.136966 0.210815 -8.247320 -0.776825 3.188407 -24.215710 0.000000 0.000000 0.000000 95.247246 -1.206889 4.820784 61.284328 -28.982843 0.402903 1.998258 20.081615 38.608959 -7.025997 8.163107 -13.101420 4.572457 -0.919078 42.848999 -0.000000 0.000033 -10.732483 0.000023 0.000051 -7.539955 0.000025 0.000016 -0.000052 -16.514235 0.165935 0.219491 0.960188 0.118554 -0.009131 0.893346 0.127106 0.034879 -0.000026 0.000029 -0.000033 -16.462618 0.066759 -4.316704 0.640652 0.028327 0.038688 0.675145 0.031871 0.035114 0.000013 -0.000058 -0.000025 -16.358349 -0.085717 -10.288327 -0.126698 -0.019908 -0.149979 -0.195918 -0.022263 -0.102544 -0.000004 -0.000938 0.000011 -13.470807 -0.108314 -17.581577 -0.183263 -0.080599 -0.564576 -0.177071 -0.119050 -0.466558 -0.000356 -0.000007 -0.000003 0.000000 0.000000 0.000000 0.000000 0.000000 0.000000 -93.781326 0.637519 5.340689 -63.560139 34.739349 2.105567 -1.517270 -12.804422 53.412292 8.786298 -10.592975 -18.499130 -4.369306 0.912430 42.838692 0.000010 0.000035 -10.987490 -0.000143 -0.000046 -7.482475 -0.000716 0.000016 -0.000963 14.446098 0.094169 -6.385349 -1.792013 0.092235 0.193979 -1.576011 0.115075 0.100795 -0.000010 -0.000594 -0.000023 12.115438 0.045210 -9.623145 -1.868493 0.020215 0.053755 -1.652561 0.027987 0.039798 -0.001253 -0.000046 -0.000024 9.017337 -0.008012 -11.937980 -2.049859 -0.044470 -0.037174 -1.745721 -0.044349 -0.008097 0.001023 0.000010 0.000007 6.919602 0.027469 -14.597305 -2.045958 -0.130870 0.040465 -2.164177 -0.146609 0.049429 0.000884 0.000009 -0.000040 0.000000 0.000000 0.000000 0.000000 0.000000 0.000000 12.878980 -11.706407 14.619283 -0.030234 -0.264661 9.945764 -11.517125 -18.898003 16.708111 0.527899 -1.227160 -29.004902 0.000000 0.000000 0.000000 0.000000 0.000000 0.000000 0.000000 0.000000 0.000000 24.715258 9.981584 -3.419455 0.524254 1.014993 31.396555 -7.631112 12.509023 16.621664 1.295866 1.690000 -28.588945 0.000000 0.000000 0.000000 0.000000 0.000000 0.000000 0.000000 0.000000 0.000000 
-1.660378 85.382370 6.469295 -8.357120 -0.153101 -14.075767 4.781708 -1.211335 5.947989 3.234177 -0.893709 4.300322 3.693779 -2.764934 14.539698 -0.589271 -0.260837 1.303603 4.339799 1.693503 8.849783 -4.142617 0.183812 -8.291867 -0.765513 3.188780 -24.231361 0.000000 0.000000 0.000000 95.261162 -1.196121 4.814055 61.420460 -28.769186 0.340706 2.025178 20.156099 38.355480 -7.181747 8.360887 -13.076406 4.550244 -0.914183 42.863102 -0.000000 0.000033 -10.668636 0.000023 0.000052 -7.496891 0.000025 0.000016 -0.000052 -16.748598 0.165691 0.252749 0.955321 0.118278 -0.013027 0.882268 0.127189 0.031430 -0.000026 0.000029 -0.000032 -16.692955 0.067103 -4.273623 0.634465 0.028470 0.036778 0.675033 0.032146 0.033146 0.000013 -0.000056 -0.000025 -16.553808 -0.086096 -10.255531 -0.128332 -0.020006 -0.146342 -0.199668 -0.022666 -0.099903 -0.000004 -0.000927 0.000012 -13.632616 -0.111413 -17.556665 -0.178790 -0.080755 -0.555959 -0.169305 -0.119756 -0.460364 -0.000392 -0.000007 -0.000003 0.000000 0.000000 0.000000 0.000000 0.000000 0.000000 -93.794273 0.645924 5.325272 -63.617565 34.391129 2.019255 -1.554834 -12.958159 53.370277 8.937705 -11.072742 -18.443344 -4.312986 0.902472 42.868507 0.000010 0.000035 -10.836214 -0.000145 -0.000046 -7.374039 -0.000643 0.000017 -0.000951 14.891475 0.093482 -6.277522 -1.792375 0.093244 0.206285 -1.572923 0.116259 0.112134 -0.000011 -0.000616 -0.000023 12.522561 0.045161 -9.534534 -1.875479 0.020376 0.058232 -1.660596 0.028444 0.044171 -0.001309 -0.000046 -0.000025 9.339638 -0.008361 -11.890363 -2.068906 -0.044919 -0.043087 -1.765587 -0.044746 -0.011903 0.001025 0.000010 0.000007 7.133309 0.025427 -14.603047 -2.083551 -0.131491 0.022174 -2.203815 -0.147759 0.035736 0.000871 0.000009 -0.000040 0.000000 0.000000 0.000000 0.000000 0.000000 0.000000 12.866954 -11.762482 14.772083 -0.030338 -0.267428 9.895445 -11.510694 -18.922413 16.633307 0.527209 -1.224721 -28.992226 0.000000 0.000000 0.000000 0.000000 0.000000 0.000000 0.000000 0.000000 0.000000 24.712631 9.845735 -3.316865 0.525297 1.016513 31.354057 -7.637826 12.356580 16.598799 1.292841 1.689312 -28.594339 0.000000 0.000000 0.000000 0.000000 0.000000 0.000000 0.000000 0.000000 0.000000 
-1.649407 85.385460 6.521395 -8.352380 -0.035761 -14.148765 4.794032 -1.201987 5.938476 3.233366 -0.883136 4.265410 3.685580 -2.727210 14.558551 -0.605683 -0.249054 1.351876 4.298294 1.700322 8.829873 -4.148749 0.150338 -8.328357 -0.752958 3.186939 -24.250828 0.000000 0.000000 0.000000 95.274384 -1.185780 4.803100 61.576038 -28.542738 0.267697 2.051440 20.235247 38.104771 -7.359441 8.575670 -13.050804 4.521208 -0.908514 42.879829 -0.000000 0.000033 -10.589606 0.000023 0.000052 -7.442523 0.000026 0.000016 -0.000052 -17.002674 0.165192 0.284841 0.953083 0.117776 -0.017767 0.873298 0.127031 0.027146 -0.000026 0.000029 -0.000032 -16.942858 0.067355 -4.233698 0.631072 0.028542 0.034601 0.678088 0.032346 0.030926 0.000013 -0.000054 -0.000026 -16.768442 -0.086322 -10.228567 -0.126789 -0.020024 -0.142572 -0.200099 -0.022986 -0.097157 -0.000004 -0.000915 0.000013 -13.810772 -0.114377 -17.539053 -0.171275 -0.080594 -0.547469 -0.159198 -0.120026 -0.454498 -0.000425 -0.000007 -0.000003 0.000000 0.000000 0.000000 0.000000 0.000000 0.000000 -93.801430 0.651960 5.300570 -63.733276 34.025406 1.889393 -1.592165 -13.119655 53.341457 9.173700 -11.580522 -18.369295 -4.244457 0.890598 42.904068 0.000010 0.000035 -10.653095 -0.000147 -0.000045 -7.243588 -0.000569 0.000017 -0.000944 15.407893 0.092525 -6.134382 -1.793125 0.094019 0.218140 -1.570457 0.117231 0.122961 -0.000011 -0.000637 -0.000023 12.998395 0.044992 -9.418694 -1.881075 0.020463 0.062364 -1.667838 0.028852 0.048271 -0.001355 -0.000045 -0.000026 9.728445 -0.008690 -11.828454 -2.080308 -0.045188 -0.048073 -1.777649 -0.044981 -0.015080 0.001026 0.000010 0.000007 7.405626 0.023472 -14.603284 -2.109518 -0.131445 0.007087 -2.232179 -0.148282 0.024434 0.000856 0.000009 -0.000039 0.000000 0.000000 0.000000 0.000000 0.000000 0.000000 12.851635 -11.820393 14.926995 -0.030368 -0.269646 9.844545 -11.502062 -18.942148 16.558172 0.526136 -1.222368 -28.977659 0.000000 0.000000 0.000000 0.000000 0.000000 0.000000 0.000000 0.000000 0.000000 24.706976 9.703564 -3.212113 0.526466 1.018568 31.316265 -7.643146 12.196950 16.567389 1.289389 1.687674 -28.597687 0.000000 0.000000 0.000000 0.000000 0.000000 0.000000 0.000000 0.000000 0.000000 
-1.637875 85.387497 6.574416 -8.348573 0.079980 -14.222583 4.806085 -1.192452 5.931271 3.232739 -0.872683 4.226508 3.679131 -2.690938 14.579945 -0.620506 -0.237320 1.398737 4.255202 1.699727 8.820189 -4.155521 0.110016 -8.360021 -0.739032 3.183683 -24.271408 0.000000 0.000000 0.000000 95.287903 -1.176357 4.788872 61.749157 -28.296072 0.183355 2.077822 20.324049 37.862057 -7.556238 8.803400 -13.028575 4.486683 -0.902128 42.898705 -0.000000 0.000033 -10.498046 0.000023 0.000052 -7.379003 0.000026 0.000016 -0.000052 -17.273525 0.164379 0.314643 0.953627 0.117121 -0.023110 0.866829 0.126688 0.022203 -0.000027 0.000029 -0.000032 -17.208273 0.067499 -4.197419 0.630607 0.028569 0.032211 0.684172 0.032481 0.028528 0.000013 -0.000053 -0.000026 -16.997705 -0.086334 -10.207973 -0.122207 -0.019994 -0.138684 -0.197318 -0.023244 -0.094309 -0.000005 -0.000902 0.000013 -14.000245 -0.116831 -17.528887 -0.161093 -0.080258 -0.538897 -0.147030 -0.120013 -0.448746 -0.000456 -0.000008 -0.000003 0.000000 0.000000 0.000000 0.000000 0.000000 0.000000 -93.801544 0.655347 5.267375 -63.910091 33.635765 1.714850 -1.630230 -13.285650 53.330879 9.495288 -12.104758 -18.284708 -4.166892 0.877104 42.944012 0.000010 0.000034 -10.446128 -0.000149 -0.000045 -7.096841 -0.000495 0.000017 -0.000948 15.979001 0.091172 -5.962542 -1.794225 0.094629 0.229727 -1.568955 0.118046 0.133457 -0.000012 -0.000654 -0.000024 13.527032 0.044678 -9.280357 -1.885227 0.020507 0.066234 -1.673755 0.029226 0.052153 -0.001389 -0.000045 -0.000026 10.168291 -0.008948 -11.753616 -2.083333 -0.045344 -0.052279 -1.781068 -0.045101 -0.017741 0.001025 0.000010 0.000007 7.723835 0.021779 -14.596104 -2.122782 -0.130970 -0.005274 -2.248098 -0.148330 0.015165 0.000840 0.000009 -0.000039 0.000000 0.000000 0.000000 0.000000 0.000000 0.000000 12.833256 -11.880026 15.080464 -0.030334 -0.271217 9.796044 -11.489813 -18.959520 16.483133 0.524758 -1.220135 -28.961851 0.000000 0.000000 0.000000 0.000000 0.000000 0.000000 0.000000 0.000000 0.000000 24.698387 9.555456 -3.109127 0.527757 1.021068 31.285379 -7.646778 12.031747 16.527126 1.285477 1.685096 -28.599337 0.000000 0.000000 0.000000 0.000000 0.000000 0.000000 0.000000 0.000000 0.000000 
-1.625402 85.388168 6.627348 -8.346557 0.193800 -14.296653 4.817390 -1.183030 5.927504 3.233482 -0.862668 4.186155 3.673651 -2.655790 14.602988 -0.633184 -0.225814 1.442571 4.212781 1.692667 8.815447 -4.163095 0.063932 -8.388698 -0.724107 3.179931 -24.290899 0.000000 0.000000 0.000000 95.301254 -1.167491 4.772841 61.937885 -28.027807 0.087992 2.104386 20.423481 37.635895 -7.767927 9.040042 -13.011116 4.447911 -0.895105 42.919319 -0.000000 0.000033 -10.396288 0.000023 0.000053 -7.308371 0.000026 0.000017 -0.000051 -17.558180 0.163241 0.342864 0.957129 0.116419 -0.028932 0.863161 0.126257 0.016677 -0.000027 0.000028 -0.000032 -17.485313 0.067521 -4.163939 0.633258 0.028589 0.029625 0.693213 0.032573 0.025973 0.000013 -0.000052 -0.000026 -17.237171 -0.086133 -10.193101 -0.114573 -0.019953 -0.134657 -0.191388 -0.023465 -0.091329 -0.000005 -0.000891 0.000014 -14.196362 -0.118620 -17.525930 -0.148517 -0.079887 -0.529959 -0.132976 -0.119879 -0.442814 -0.000484 -0.000008 -0.000003 0.000000 0.000000 0.000000 0.000000 0.000000 0.000000 -93.793907 0.655862 5.227401 -64.145119 33.218330 1.498426 -1.669083 -13.454921 53.342522 9.892562 -12.637620 -18.196459 -4.083638 0.862424 42.986759 0.000011 0.000034 -10.223939 -0.000150 -0.000045 -6.939831 -0.000423 0.000017 -0.000962 16.585461 0.089410 -5.769975 -1.795807 0.095165 0.241220 -1.568733 0.118784 0.143844 -0.000013 -0.000668 -0.000024 14.089293 0.044247 -9.125333 -1.888449 0.020542 0.069961 -1.678514 0.029589 0.055904 -0.001409 -0.000045 -0.000026 10.640036 -0.009107 -11.667685 -2.079067 -0.045469 -0.055971 -1.777004 -0.045166 -0.020082 0.001023 0.000010 0.000007 8.071222 0.020409 -14.580664 -2.124955 -0.130320 -0.015752 -2.252986 -0.148104 0.007304 0.000825 0.000009 -0.000039 0.000000 0.000000 0.000000 0.000000 0.000000 0.000000 12.813061 -11.940481 15.230230 -0.030239 -0.272154 9.752004 -11.473220 -18.976820 16.408932 0.523170 -1.217939 -28.945309 0.000000 0.000000 0.000000 0.000000 0.000000 0.000000 0.000000 0.000000 0.000000 24.687569 9.402089 -3.011418 0.529166 1.023891 31.264919 -7.648830 11.862657 16.477907 1.281114 1.681646 -28.599981 0.000000 0.000000 0.000000 0.000000 0.000000 0.000000 0.000000 0.000000 0.000000 
-1.611634 85.387047 6.679459 -8.346519 0.304967 -14.370048 4.827623 -1.174081 5.927890 3.236206 -0.853443 4.145862 3.668944 -2.621934 14.627599 -0.643165 -0.214752 1.481287 4.171163 1.681411 8.807685 -4.171557 0.013977 -8.417663 -0.708819 3.176444 -24.306475 0.000000 0.000000 0.000000 95.315552 -1.159294 4.755970 62.136196 -27.737020 -0.018350 2.131392 20.534853 37.438187 -7.993840 9.277658 -13.003046 4.406590 -0.887605 42.940952 0.000000 0.000033 -10.288226 0.000022 0.000053 -7.233538 0.000026 0.000017 -0.000051 -17.851284 0.161808 0.370349 0.962488 0.115765 -0.034816 0.861493 0.125826 0.010935 -0.000027 0.000028 -0.000032 -17.768435 0.067437 -4.132177 0.638224 0.028635 0.026962 0.704134 0.032646 0.023385 0.000013 -0.000051 -0.000026 -17.480381 -0.085733 -10.182831 -0.104782 -0.019939 -0.130584 -0.183328 -0.023682 -0.088286 -0.000005 -0.000883 0.000015 -14.391981 -0.119561 -17.529360 -0.134265 -0.079639 -0.520654 -0.117631 -0.119798 -0.436597 -0.000512 -0.000008 -0.000003 0.000000 0.000000 0.000000 0.000000 0.000000 0.000000 -93.779602 0.653548 5.181951 -64.430550 32.771339 1.246207 -1.709666 -13.625051 53.381245 10.351348 -13.164412 -18.114742 -3.997957 0.847066 43.030663 0.000011 0.000034 -9.995613 -0.000151 -0.000045 -6.778757 -0.000353 0.000018 -0.000988 17.207201 0.087271 -5.565502 -1.796584 0.095708 0.252570 -1.568726 0.119517 0.154113 -0.000013 -0.000678 -0.000024 14.665945 0.043732 -8.960015 -1.889599 0.020596 0.073556 -1.680845 0.029955 0.059519 -0.001412 -0.000045 -0.000026 11.125771 -0.009147 -11.573191 -2.066910 -0.045626 -0.059287 -1.764983 -0.045224 -0.022205 0.001020 0.000010 0.000007 8.433637 0.019482 -14.555984 -2.115819 -0.129717 -0.024815 -2.246621 -0.147785 0.000517 0.000812 0.000009 -0.000039 0.000000 0.000000 0.000000 0.000000 0.000000 0.000000 12.792107 -12.000230 15.373983 -0.030124 -0.272574 9.713905 -11.451755 -18.995258 16.335573 0.521458 -1.215696 -28.927990 0.000000 0.000000 0.000000 0.000000 0.000000 0.000000 0.000000 0.000000 0.000000 24.674934 9.245307 -2.920485 0.530692 1.026964 31.255276 -7.650015 11.692245 16.419443 1.276410 1.677329 -28.600052 0.000000 0.000000 0.000000 0.000000 0.000000 0.000000 0.000000 0.000000 0.000000 
-1.596075 85.384132 6.730062 -8.348654 0.413082 -14.441420 4.836515 -1.165871 5.932944 3.242114 -0.845491 4.107115 3.663544 -2.588852 14.652813 -0.650339 -0.204230 1.513443 4.131196 1.668523 8.792870 -4.180944 -0.037539 -8.448144 -0.693606 3.174154 -24.315948 0.000000 0.000000 0.000000 95.329552 -1.151287 4.739213 62.337570 -27.429167 -0.134051 2.158693 20.657164 37.279064 -8.230196 9.508094 -13.006709 4.363725 -0.879788 42.963173 0.000000 0.000033 -10.176257 0.000022 0.000053 -7.156440 0.000026 0.000017 -0.000051 -18.147848 0.160116 0.397240 0.968313 0.115252 -0.040517 0.860568 0.125509 0.005203 -0.000027 0.000028 -0.000031 -18.052792 0.067248 -4.101960 0.644332 0.028748 0.024306 0.715564 0.032725 0.020826 0.000013 -0.000050 -0.000027 -17.721918 -0.085168 -10.176596 -0.093857 -0.019992 -0.126523 -0.174315 -0.023925 -0.085233 -0.000005 -0.000877 0.000016 -14.581424 -0.119553 -17.538488 -0.119140 -0.079668 -0.510920 -0.101758 -0.119927 -0.430044 -0.000538 -0.000008 -0.000003 0.000000 0.000000 0.000000 0.000000 0.000000 0.000000 -93.758217 0.648270 5.132684 -64.752823 32.300888 0.968979 -1.751630 -13.792809 53.448174 10.850320 -13.672711 -18.046595 -3.912076 0.831465 43.074543 0.000011 0.000034 -9.767405 -0.000151 -0.000045 -6.617873 -0.000287 0.000018 -0.001026 17.829317 0.084834 -5.357963 -1.796286 0.096361 0.263795 -1.568722 0.120332 0.164299 -0.000014 -0.000684 -0.000025 15.242956 0.043182 -8.791234 -1.888718 0.020710 0.077071 -1.680791 0.030349 0.063035 -0.001402 -0.000045 -0.000025 11.612697 -0.009053 -11.473327 -2.047961 -0.045894 -0.062424 -1.746290 -0.045329 -0.024237 0.001017 0.000010 0.000007 8.800463 0.019096 -14.522559 -2.096943 -0.129350 -0.033081 -2.230538 -0.147557 -0.005665 0.000800 0.000009 -0.000038 0.000000 0.000000 0.000000 0.000000 0.000000 0.000000 12.771226 -12.057135 15.509666 -0.029998 -0.272556 9.681212 -11.426015 -19.014429 16.264196 0.519705 -1.213382 -28.910030 0.000000 0.000000 0.000000 0.000000 0.000000 0.000000 0.000000 0.000000 0.000000 24.661457 9.088256 -2.837997 0.532319 1.030170 31.256371 -7.651236 11.523296 16.353094 1.271457 1.672283 -28.600317 0.000000 0.000000 0.000000 0.000000 0.000000 0.000000 0.000000 0.000000 0.000000 
-1.578130 85.379898 6.778724 -8.352602 0.518659 -14.509437 4.844071 -1.158370 5.942186 3.252201 -0.839093 4.071103 3.655301 -2.555430 14.677389 -0.655240 -0.194107 1.538773 4.094099 1.657256 8.771580 -4.190853 -0.087757 -8.479247 -0.678995 3.173627 -24.318291 0.000000 0.000000 0.000000 95.342155 -1.143010 4.723061 62.533138 -27.117123 -0.254034 2.186053 20.787500 37.164261 -8.471694 9.721106 -13.025973 4.320303 -0.871905 42.985428 0.000001 0.000033 -10.063098 0.000022 0.000054 -7.079057 0.000026 0.000017 -0.000051 -18.441116 0.158202 0.422167 0.972951 0.114915 -0.045854 0.858840 0.125382 -0.000347 -0.000027 0.000027 -0.000031 -18.331726 0.066951 -4.074403 0.650039 0.028946 0.021736 0.725837 0.032824 0.018340 0.000013 -0.000049 -0.000027 -17.954969 -0.084488 -10.174459 -0.082861 -0.020110 -0.122521 -0.165617 -0.024208 -0.082225 -0.000006 -0.000869 0.000017 -14.759022 -0.118658 -17.552332 -0.104017 -0.080024 -0.500731 -0.086181 -0.120331 -0.423156 -0.000562 -0.000008 -0.000003 0.000000 0.000000 0.000000 0.000000 0.000000 0.000000 -93.729965 0.640329 5.080830 -65.089851 31.819672 0.684982 -1.794192 -13.954687 53.539619 11.362937 -14.149799 -17.999496 -3.827755 0.816030 43.117447 0.000011 0.000034 -9.544092 -0.000152 -0.000045 -6.460379 -0.000226 0.000018 -0.001068 18.439018 0.082214 -5.156590 -1.795532 0.097191 0.274937 -1.569201 0.121288 0.174463 -0.000014 -0.000687 -0.000025 15.808443 0.042646 -8.626265 -1.886761 0.020909 0.080563 -1.679397 0.030787 0.066507 -0.001380 -0.000044 -0.000024 12.090124 -0.008849 -11.372240 -2.024781 -0.046318 -0.065590 -1.723609 -0.045517 -0.026311 0.001014 0.000010 0.000007 9.162038 0.019201 -14.482386 -2.071409 -0.129302 -0.041189 -2.207792 -0.147540 -0.011761 0.000789 0.000009 -0.000038 0.000000 0.000000 0.000000 0.000000 0.000000 0.000000 12.750656 -12.109355 15.635962 -0.029861 -0.272211 9.652193 -11.397434 -19.032827 16.195942 0.517944 -1.211023 -28.891375 0.000000 0.000000 0.000000 0.000000 0.000000 0.000000 0.000000 0.000000 0.000000 24.647657 8.934360 -2.764551 0.534003 1.033339 31.266586 -7.653478 11.359147 16.282070 1.266342 1.666771 -28.601814 0.000000 0.000000 0.000000 0.000000 0.000000 0.000000 0.000000 0.000000 0.000000 
-1.557443 85.374809 6.825747 -8.357391 0.621591 -14.576471 4.851824 -1.151849 5.955029 3.263831 -0.833616 4.040614 3.645392 -2.522001 14.699266 -0.658648 -0.183849 1.558645 4.056311 1.651516 8.742258 -4.200901 -0.133232 -8.512043 -0.666282 3.174514 -24.315184 0.000000 0.000000 0.000000 95.355751 -1.134825 4.708227 62.716721 -26.800959 -0.371881 2.212934 20.920506 37.092819 -8.711137 9.918150 -13.066086 4.277710 -0.864188 43.007034 0.000001 0.000033 -9.952789 0.000022 0.000054 -7.003588 0.000026 0.000017 -0.000051 -18.725536 0.156106 0.446554 0.975944 0.114622 -0.050395 0.856351 0.125307 -0.005299 -0.000027 0.000027 -0.000031 -18.598804 0.066577 -4.048076 0.655075 0.029155 0.019368 0.734542 0.032922 0.016068 0.000013 -0.000047 -0.000027 -18.172783 -0.083761 -10.173999 -0.071355 -0.020215 -0.118734 -0.156984 -0.024489 -0.079352 -0.000006 -0.000862 0.000017 -14.919578 -0.117150 -17.568727 -0.088543 -0.080424 -0.490510 -0.070166 -0.120800 -0.416024 -0.000585 -0.000009 -0.000002 0.000000 0.000000 0.000000 0.000000 0.000000 0.000000 -93.701958 0.631150 5.027762 -65.425125 31.323963 0.406749 -1.838020 -14.111902 53.658936 11.873883 -14.567943 -17.984638 -3.746134 0.801183 43.158489 0.000011 0.000034 -9.330059 -0.000152 -0.000045 -6.308712 -0.000169 0.000018 -0.001114 19.021273 0.079515 -4.970072 -1.793684 0.098140 0.285819 -1.569145 0.122334 0.184477 -0.000015 -0.000688 -0.000026 16.348129 0.042151 -8.471848 -1.882737 0.021161 0.083954 -1.675520 0.031247 0.069866 -0.001352 -0.000044 -0.000024 12.546926 -0.008544 -11.276701 -1.996138 -0.046820 -0.068814 -1.695700 -0.045762 -0.028497 0.001011 0.000010 0.000007 9.512150 0.019706 -14.441044 -2.037104 -0.129464 -0.049186 -2.175949 -0.147660 -0.017832 0.000778 0.000009 -0.000038 0.000000 0.000000 0.000000 0.000000 0.000000 0.000000 12.730370 -12.158091 15.755836 -0.029749 -0.271799 9.628318 -11.366356 -19.051378 16.129818 0.516342 -1.208752 -28.871658 0.000000 0.000000 0.000000 0.000000 0.000000 0.000000 0.000000 0.000000 0.000000 24.632643 8.784246 -2.695030 0.535644 1.036309 31.281803 -7.656718 11.202843 16.208517 1.261315 1.660868 -28.604151 0.000000 0.000000 0.000000 0.000000 0.000000 0.000000 0.000000 0.000000 0.000000 
-1.533612 85.369286 6.871843 -8.362518 0.722297 -14.643622 4.859736 -1.146240 5.971340 3.276795 -0.829147 4.014806 3.633190 -2.488579 14.717113 -0.660459 -0.173440 1.574334 4.018780 1.650281 8.707711 -4.210484 -0.173254 -8.544629 -0.655664 3.176426 -24.307632 0.000000 0.000000 0.000000 95.369957 -1.126120 4.694987 62.883801 -26.487509 -0.484992 2.238596 21.050171 37.057934 -8.937236 10.104157 -13.120454 4.235508 -0.856512 43.028313 0.000001 0.000033 -9.844086 0.000021 0.000054 -6.929053 0.000026 0.000017 -0.000051 -19.005926 0.153918 0.470356 0.978859 0.114393 -0.054314 0.854550 0.125308 -0.009707 -0.000027 0.000026 -0.000031 -18.858829 0.066151 -4.022918 0.660992 0.029373 0.017169 0.743215 0.033038 0.013985 0.000013 -0.000044 -0.000027 -18.380617 -0.083069 -10.174453 -0.058027 -0.020325 -0.115177 -0.146948 -0.024780 -0.076621 -0.000006 -0.000856 0.000018 -15.068544 -0.115290 -17.586712 -0.071821 -0.080909 -0.480509 -0.052716 -0.121349 -0.408791 -0.000606 -0.000009 -0.000002 0.000000 0.000000 0.000000 0.000000 0.000000 0.000000 -93.675713 0.620674 4.976375 -65.749741 30.820028 0.138819 -1.882525 -14.263098 53.798851 12.368417 -14.916346 -17.994970 -3.666915 0.786962 43.197712 0.000012 0.000034 -9.124838 -0.000151 -0.000045 -6.162330 -0.000119 0.000019 -0.001161 19.577732 0.076894 -4.798902 -1.790379 0.099200 0.296290 -1.567935 0.123480 0.194140 -0.000015 -0.000689 -0.000026 16.864170 0.041729 -8.328605 -1.876226 0.021463 0.087169 -1.668953 0.031724 0.073052 -0.001319 -0.000044 -0.000023 12.987492 -0.008155 -11.188396 -1.961538 -0.047370 -0.072050 -1.662198 -0.046051 -0.030746 0.001006 0.000010 0.000007 9.857002 0.020561 -14.400898 -1.993028 -0.129769 -0.056859 -2.133899 -0.147908 -0.023774 0.000767 0.000009 -0.000037 0.000000 0.000000 0.000000 0.000000 0.000000 0.000000 12.709044 -12.204487 15.871646 -0.029715 -0.271541 9.607901 -11.332958 -19.068108 16.066481 0.514918 -1.206424 -28.851271 0.000000 0.000000 0.000000 0.000000 0.000000 0.000000 0.000000 0.000000 0.000000 24.615814 8.637916 -2.625999 0.537175 1.039117 31.297834 -7.660776 11.052832 16.133154 1.256567 1.654499 -28.606266 0.000000 0.000000 0.000000 0.000000 0.000000 0.000000 0.000000 0.000000 0.000000 
-1.506309 85.363930 6.917863 -8.368331 0.821211 -14.712005 4.868108 -1.141300 5.990351 3.291058 -0.825614 3.992669 3.618232 -2.454651 14.730569 -0.660901 -0.162775 1.587919 3.983668 1.652312 8.674934 -4.219000 -0.207740 -8.573618 -0.647068 3.178940 -24.297752 0.000000 0.000000 0.000000 95.383583 -1.116452 4.682781 63.029800 -26.186802 -0.586999 2.262822 21.172586 37.046391 -9.138290 10.285904 -13.183915 4.192961 -0.848848 43.049561 0.000001 0.000033 -9.735243 0.000021 0.000055 -6.854068 0.000026 0.000017 -0.000051 -19.285498 0.151693 0.491388 0.982619 0.114115 -0.057666 0.854240 0.125279 -0.013569 -0.000027 0.000026 -0.000031 -19.115032 0.065681 -4.000764 0.668425 0.029555 0.015176 0.752482 0.033144 0.012103 0.000013 -0.000041 -0.000028 -18.581806 -0.082444 -10.177078 -0.042181 -0.020376 -0.111898 -0.134648 -0.025035 -0.074069 -0.000006 -0.000851 0.000019 -15.209948 -0.113286 -17.606377 -0.053426 -0.081311 -0.471008 -0.033380 -0.121810 -0.401695 -0.000625 -0.000009 -0.000002 0.000000 0.000000 0.000000 0.000000 0.000000 0.000000 -93.652260 0.609529 4.927622 -66.050255 30.318949 -0.107589 -1.927123 -14.406929 53.943665 12.830748 -15.198514 -18.022654 -3.589741 0.773389 43.235340 0.000012 0.000034 -8.927110 -0.000151 -0.000045 -6.020295 -0.000077 0.000019 -0.001204 20.109320 0.074433 -4.645870 -1.785597 0.100266 0.306064 -1.565342 0.124629 0.203176 -0.000015 -0.000692 -0.000027 17.357906 0.041373 -8.199142 -1.867196 0.021769 0.090100 -1.659755 0.032185 0.075984 -0.001288 -0.000044 -0.000022 13.413328 -0.007718 -11.110290 -1.921879 -0.047890 -0.075184 -1.623870 -0.046332 -0.032958 0.001001 0.000010 0.000007 10.197332 0.021596 -14.365373 -1.940449 -0.130027 -0.064004 -2.082804 -0.148162 -0.029462 0.000755 0.000009 -0.000037 0.000000 0.000000 0.000000 0.000000 0.000000 0.000000 12.685855 -12.249808 15.985634 -0.029781 -0.271611 9.589561 -11.297183 -19.081280 16.006115 0.513665 -1.203923 -28.830479 0.000000 0.000000 0.000000 0.000000 0.000000 0.000000 0.000000 0.000000 0.000000 24.597412 8.495148 -2.553991 0.538560 1.041873 31.310545 -7.665328 10.906759 16.057009 1.252306 1.647644 -28.607597 0.000000 0.000000 0.000000 0.000000 0.000000 0.000000 0.000000 0.000000 0.000000 
-1.475243 85.359100 6.964567 -8.375274 0.918455 -14.782214 4.877080 -1.136836 6.011252 3.306391 -0.822871 3.972991 3.601251 -2.420285 14.740751 -0.659994 -0.151882 1.600135 3.951470 1.657399 8.647420 -4.226099 -0.236550 -8.597899 -0.640575 3.181549 -24.287004 0.000000 0.000000 0.000000 95.396683 -1.106165 4.670722 63.150875 -25.902529 -0.673140 2.286117 21.287058 37.044277 -9.307710 10.469452 -13.256817 4.151037 -0.841323 43.070377 0.000001 0.000033 -9.628529 0.000021 0.000055 -6.780186 0.000027 0.000017 -0.000051 -19.562164 0.149469 0.506161 0.987497 0.113764 -0.060383 0.855677 0.125192 -0.016781 -0.000027 0.000026 -0.000030 -19.365576 0.065185 -3.984428 0.677318 0.029685 0.013449 0.762306 0.033231 0.010474 0.000013 -0.000038 -0.000028 -18.774614 -0.081865 -10.183963 -0.024168 -0.020368 -0.108959 -0.120288 -0.025248 -0.071761 -0.000006 -0.000847 0.000019 -15.342619 -0.111162 -17.628559 -0.033706 -0.081622 -0.462225 -0.012465 -0.122166 -0.394966 -0.000643 -0.000009 -0.000002 0.000000 0.000000 0.000000 0.000000 0.000000 0.000000 -93.633156 0.598743 4.881752 -66.316071 29.827431 -0.323785 -1.971874 -14.541989 54.080414 13.252028 -15.423572 -18.064829 -3.515143 0.760529 43.271244 0.000012 0.000035 -8.737608 -0.000150 -0.000045 -5.883327 -0.000041 0.000019 -0.001242 20.614082 0.072133 -4.513708 -1.778859 0.101289 0.314950 -1.560885 0.125735 0.211383 -0.000016 -0.000698 -0.000027 17.827536 0.041049 -8.085951 -1.855175 0.022057 0.092681 -1.647432 0.032609 0.078610 -0.001259 -0.000044 -0.000021 13.822351 -0.007246 -11.044953 -1.877546 -0.048350 -0.078109 -1.580890 -0.046581 -0.035041 0.000994 0.000010 0.000007 10.530186 0.022777 -14.336892 -1.880480 -0.130203 -0.070518 -2.023758 -0.148395 -0.034779 0.000741 0.000009 -0.000037 0.000000 0.000000 0.000000 0.000000 0.000000 0.000000 12.660285 -12.294850 16.099337 -0.029944 -0.272101 9.572579 -11.258435 -19.090361 15.947979 0.512532 -1.201220 -28.809303 0.000000 0.000000 0.000000 0.000000 0.000000 0.000000 0.000000 0.000000 0.000000 24.577663 8.355198 -2.475847 0.539780 1.044666 31.315863 -7.669682 10.762409 15.980377 1.248566 1.640261 -28.607834 0.000000 0.000000 0.000000 0.000000 0.000000 0.000000 0.000000 0.000000 0.000000 
-1.439984 85.354942 7.012488 -8.383269 1.014222 -14.854177 4.885781 -1.132622 6.033580 3.323070 -0.820970 3.954124 3.582560 -2.385838 14.749887 -0.657725 -0.141126 1.610891 3.922899 1.664806 8.625557 -4.231821 -0.260071 -8.617672 -0.635970 3.184093 -24.275797 0.000000 0.000000 0.000000 95.409393 -1.095815 4.658470 63.245464 -25.636765 -0.741955 2.308851 21.394089 37.041912 -9.446404 10.656929 -13.339431 4.111134 -0.834138 43.090168 0.000001 0.000033 -9.527241 0.000020 0.000055 -6.709868 0.000027 0.000017 -0.000051 -19.830999 0.147271 0.511492 0.992826 0.113387 -0.062508 0.858128 0.125097 -0.019354 -0.000027 0.000025 -0.000030 -19.605925 0.064671 -3.976348 0.686903 0.029781 0.012001 0.772019 0.033306 0.009111 0.000013 -0.000035 -0.000028 -18.954763 -0.081292 -10.196680 -0.005171 -0.020341 -0.106391 -0.104894 -0.025440 -0.069740 -0.000006 -0.000843 0.000020 -15.462583 -0.108839 -17.654091 -0.013529 -0.081954 -0.454284 0.009067 -0.122506 -0.388810 -0.000660 -0.000009 -0.000002 0.000000 0.000000 0.000000 0.000000 0.000000 0.000000 -93.618401 0.588780 4.839737 -66.543533 29.350605 -0.507605 -2.016801 -14.667016 54.200233 13.630219 -15.606768 -18.118607 -3.443679 0.748450 43.305294 0.000012 0.000035 -8.557111 -0.000149 -0.000045 -5.752356 -0.000011 0.000019 -0.001275 21.091330 0.069963 -4.401169 -1.769091 0.102263 0.322889 -1.553581 0.126789 0.218673 -0.000016 -0.000706 -0.000027 18.271984 0.040732 -7.988337 -1.839608 0.022325 0.094899 -1.631372 0.032995 0.080913 -0.001235 -0.000044 -0.000020 14.212073 -0.006727 -10.991930 -1.829205 -0.048759 -0.080745 -1.533818 -0.046797 -0.036913 0.000984 0.000010 0.000007 10.850997 0.024183 -14.315651 -1.815085 -0.130341 -0.076337 -1.958778 -0.148631 -0.039617 0.000726 0.000009 -0.000036 0.000000 0.000000 0.000000 0.000000 0.000000 0.000000 12.631370 -12.339331 16.213501 -0.030205 -0.273051 9.556028 -11.215766 -19.095478 15.891706 0.511324 -1.198260 -28.788019 0.000000 0.000000 0.000000 0.000000 0.000000 0.000000 0.000000 0.000000 0.000000 24.555988 8.217034 -2.390485 0.540817 1.047523 31.312170 -7.672793 10.618044 15.902840 1.245167 1.632354 -28.606806 0.000000 0.000000 0.000000 0.000000 0.000000 0.000000 0.000000 0.000000 0.000000 
-1.399994 85.351868 7.061671 -8.391308 1.109893 -14.925246 4.892303 -1.128016 6.056307 3.342127 -0.820000 3.933908 3.559738 -2.350753 14.760412 -0.654344 -0.131010 1.620592 3.901427 1.674000 8.610995 -4.235822 -0.278664 -8.632127 -0.632801 3.186781 -24.263716 0.000000 0.000000 0.000000 95.420631 -1.085575 4.645262 63.310947 -25.403887 -0.791286 2.331033 21.493530 37.032684 -9.557729 10.842213 -13.428871 4.073842 -0.827486 43.108601 0.000001 0.000033 -9.432687 0.000020 0.000055 -6.644320 0.000027 0.000016 -0.000051 -20.085394 0.145156 0.504004 0.997716 0.113056 -0.064325 0.860349 0.125110 -0.021525 -0.000027 0.000025 -0.000030 -19.831278 0.064149 -3.979268 0.696195 0.029892 0.010798 0.780801 0.033380 0.007939 0.000014 -0.000032 -0.000028 -19.118471 -0.080733 -10.217472 0.013933 -0.020335 -0.104127 -0.089368 -0.025639 -0.067994 -0.000006 -0.000835 0.000021 -15.566801 -0.106335 -17.684044 0.006884 -0.082471 -0.446958 0.030615 -0.122962 -0.383224 -0.000675 -0.000010 -0.000003 0.000000 0.000000 0.000000 0.000000 0.000000 0.000000 -93.605850 0.579660 4.801805 -66.725281 28.905315 -0.654991 -2.061366 -14.780863 54.290783 13.954942 -15.772458 -18.177242 -3.375957 0.737206 43.337452 0.000012 0.000035 -8.385728 -0.000147 -0.000045 -5.627975 0.000015 0.000020 -0.001301 21.541069 0.067946 -4.308094 -1.756244 0.103189 0.329952 -1.543341 0.127788 0.225098 -0.000016 -0.000716 -0.000028 18.691616 0.040429 -7.906590 -1.821280 0.022576 0.096801 -1.612487 0.033347 0.082943 -0.001212 -0.000044 -0.000020 14.580642 -0.006204 -10.950722 -1.780274 -0.049154 -0.083108 -1.486009 -0.046993 -0.038531 0.000973 0.000010 0.000007 11.153548 0.025718 -14.301592 -1.749930 -0.130448 -0.081611 -1.893633 -0.148913 -0.044112 0.000709 0.000009 -0.000036 0.000000 0.000000 0.000000 0.000000 0.000000 0.000000 12.597470 -12.381563 16.325888 -0.030580 -0.274468 9.537599 -11.169200 -19.094568 15.838199 0.509847 -1.195009 -28.767174 0.000000 0.000000 0.000000 0.000000 0.000000 0.000000 0.000000 0.000000 0.000000 24.531204 8.081844 -2.300456 0.541684 1.050510 31.299490 -7.674392 10.473689 15.825785 1.241985 1.624073 -28.605555 0.000000 0.000000 0.000000 0.000000 0.000000 0.000000 0.000000 0.000000 0.000000 
-1.354808 85.349770 7.112606 -8.399321 1.204684 -14.999143 4.897773 -1.123536 6.079707 3.361210 -0.819453 3.914822 3.536867 -2.316439 14.773373 -0.650538 -0.121566 1.629386 3.881631 1.685332 8.596298 -4.239039 -0.292622 -8.646233 -0.631182 3.189485 -24.251961 0.000000 0.000000 0.000000 95.434074 -1.077011 4.632234 63.352699 -25.183474 -0.822634 2.352479 21.586443 37.014816 -9.645310 11.027728 -13.527565 4.041500 -0.821639 43.124577 0.000001 0.000034 -9.351066 0.000020 0.000055 -6.587586 0.000027 0.000016 -0.000051 -20.316870 0.143038 0.486726 1.001503 0.112739 -0.065437 0.862259 0.125123 -0.022986 -0.000027 0.000024 -0.000030 -20.030899 0.063614 -3.990554 0.704543 0.029974 0.009873 0.788014 0.033442 0.007062 0.000014 -0.000029 -0.000028 -19.255146 -0.080098 -10.243481 0.032214 -0.020323 -0.102268 -0.074518 -0.025822 -0.066561 -0.000006 -0.000829 0.000021 -15.645738 -0.103492 -17.716686 0.026416 -0.082966 -0.440681 0.051485 -0.123405 -0.378377 -0.000691 -0.000010 -0.000003 0.000000 0.000000 0.000000 0.000000 0.000000 0.000000 -93.600136 0.572814 4.768347 -66.870117 28.469009 -0.771000 -2.106767 -14.886513 54.359974 14.236568 -15.907341 -18.251991 -3.312768 0.727013 43.367096 0.000012 0.000035 -8.226557 -0.000146 -0.000045 -5.512239 0.000037 0.000020 -0.001324 21.954208 0.065913 -4.233815 -1.738983 0.104043 0.336205 -1.528869 0.128707 0.230803 -0.000016 -0.000726 -0.000028 19.076002 0.040078 -7.839988 -1.798865 0.022804 0.098416 -1.588860 0.033656 0.084702 -0.001192 -0.000044 -0.000019 14.917375 -0.005580 -10.922265 -1.728230 -0.049514 -0.085204 -1.434714 -0.047162 -0.039988 0.000958 0.000011 0.000007 11.430119 0.027634 -14.296582 -1.681802 -0.130611 -0.086469 -1.825035 -0.149205 -0.048245 0.000692 0.000009 -0.000036 0.000000 0.000000 0.000000 0.000000 0.000000 0.000000 12.558804 -12.422965 16.440266 -0.031058 -0.276403 9.521561 -11.117132 -19.093515 15.784894 0.507984 -1.191627 -28.746630 0.000000 0.000000 0.000000 0.000000 0.000000 0.000000 0.000000 0.000000 0.000000 24.502089 7.946503 -2.201716 0.542304 1.053417 31.278139 -7.672128 10.329441 15.747678 1.238766 1.615494 -28.603123 0.000000 0.000000 0.000000 0.000000 0.000000 0.000000 0.000000 0.000000 0.000000 
-1.304019 85.348511 7.165959 -8.408523 1.297290 -15.077477 4.902608 -1.119538 6.104581 3.380142 -0.819408 3.896461 3.515490 -2.282866 14.787600 -0.646326 -0.112538 1.637893 3.863784 1.695198 8.580151 -4.241928 -0.304566 -8.660428 -0.630444 3.192062 -24.241119 0.000000 0.000000 0.000000 95.448799 -1.069302 4.621412 63.376209 -24.971500 -0.842509 2.372693 21.668627 36.988430 -9.710463 11.219728 -13.625067 4.012681 -0.816328 43.138786 0.000001 0.000034 -9.278604 0.000019 0.000055 -6.537073 0.000027 0.000016 -0.000051 -20.534472 0.140940 0.464946 1.006521 0.112423 -0.065945 0.865964 0.125085 -0.023845 -0.000027 0.000024 -0.000030 -20.213985 0.063085 -4.005664 0.714249 0.030018 0.009171 0.796060 0.033490 0.006429 0.000014 -0.000025 -0.000028 -19.374229 -0.079442 -10.270466 0.051547 -0.020297 -0.100789 -0.058284 -0.025979 -0.065401 -0.000006 -0.000828 0.000022 -15.707994 -0.100469 -17.748676 0.046497 -0.083406 -0.435558 0.072995 -0.123783 -0.374319 -0.000706 -0.000010 -0.000003 0.000000 0.000000 0.000000 0.000000 0.000000 0.000000 -93.600586 0.567243 4.740389 -66.991547 28.037169 -0.869718 -2.152525 -14.984271 54.410610 14.484468 -16.019154 -18.329851 -3.253177 0.717758 43.394588 0.000012 0.000035 -8.077598 -0.000145 -0.000044 -5.403585 0.000055 0.000020 -0.001347 22.337322 0.063927 -4.171069 -1.716648 0.104792 0.341393 -1.509549 0.129525 0.235569 -0.000016 -0.000738 -0.000028 19.431080 0.039704 -7.782775 -1.771920 0.023002 0.099654 -1.560186 0.033911 0.086110 -0.001175 -0.000045 -0.000019 15.227390 -0.004854 -10.902370 -1.672380 -0.049810 -0.086945 -1.379501 -0.047287 -0.041223 0.000936 0.000011 0.000007 11.685349 0.029960 -14.298685 -1.609987 -0.130775 -0.090681 -1.752380 -0.149465 -0.051839 0.000674 0.000009 -0.000036 0.000000 0.000000 0.000000 0.000000 0.000000 0.000000 12.515729 -12.464377 16.558142 -0.031641 -0.278865 9.508989 -11.058944 -19.093161 15.732674 0.505715 -1.187889 -28.727074 0.000000 0.000000 0.000000 0.000000 0.000000 0.000000 0.000000 0.000000 0.000000 24.469193 7.808208 -2.092153 0.542697 1.056280 31.247892 -7.665696 10.181207 15.666086 1.235601 1.606433 -28.598061 0.000000 0.000000 0.000000 0.000000 0.000000 0.000000 0.000000 0.000000 0.000000 
-1.247304 85.348206 7.222148 -8.419582 1.387211 -15.159269 4.906650 -1.115751 6.130518 3.399483 -0.819842 3.877056 3.494668 -2.248961 14.803200 -0.641854 -0.103561 1.647257 3.850374 1.701990 8.566395 -4.244291 -0.316221 -8.672859 -0.630042 3.194274 -24.231594 0.000000 0.000000 0.000000 95.463715 -1.061589 4.612618 63.382217 -24.776205 -0.851912 2.392046 21.739399 36.949566 -9.755463 11.421931 -13.714917 3.985801 -0.811399 43.151966 0.000001 0.000034 -9.211184 0.000019 0.000055 -6.489982 0.000027 0.000016 -0.000051 -20.743685 0.138942 0.439039 1.013363 0.112044 -0.066003 0.871627 0.124950 -0.024263 -0.000027 0.000023 -0.000029 -20.387901 0.062581 -4.024379 0.725914 0.030020 0.008683 0.805599 0.033505 0.005988 0.000014 -0.000022 -0.000028 -19.483185 -0.078829 -10.298412 0.072877 -0.020226 -0.099637 -0.039787 -0.026092 -0.064481 -0.000006 -0.000831 0.000022 -15.760850 -0.097483 -17.779423 0.068317 -0.083776 -0.431403 0.095960 -0.124042 -0.371011 -0.000722 -0.000010 -0.000003 0.000000 0.000000 0.000000 0.000000 0.000000 0.000000 -93.605560 0.562346 4.716384 -67.087952 27.624054 -0.952350 -2.197992 -15.072688 54.436729 14.701066 -16.129162 -18.399000 -3.196289 0.709229 43.420525 0.000012 0.000034 -7.935723 -0.000143 -0.000044 -5.299930 0.000070 0.000020 -0.001369 22.698656 0.062082 -4.117231 -1.690131 0.105386 0.345371 -1.486344 0.130182 0.239261 -0.000015 -0.000752 -0.000028 19.765915 0.039341 -7.733080 -1.741536 0.023142 0.100471 -1.527964 0.034099 0.087151 -0.001158 -0.000045 -0.000020 15.518607 -0.004115 -10.888858 -1.614988 -0.050014 -0.088303 -1.322769 -0.047341 -0.042165 0.000911 0.000011 0.000007 11.923823 0.032428 -14.305978 -1.537644 -0.130806 -0.094155 -1.679112 -0.149623 -0.054893 0.000655 0.000009 -0.000036 0.000000 0.000000 0.000000 0.000000 0.000000 0.000000 12.468396 -12.505263 16.678724 -0.032324 -0.281835 9.498441 -10.995033 -19.091183 15.682105 0.502974 -1.183655 -28.708540 0.000000 0.000000 0.000000 0.000000 0.000000 0.000000 0.000000 0.000000 0.000000 24.433516 7.667538 -1.971883 0.542950 1.059278 31.208342 -7.655993 10.027456 15.580429 1.232679 1.596837 -28.590242 0.000000 0.000000 0.000000 0.000000 0.000000 0.000000 0.000000 0.000000 0.000000 
-1.184344 85.349045 7.281279 -8.432111 1.474163 -15.243938 4.909477 -1.111968 6.156821 3.418874 -0.820542 3.856038 3.474216 -2.214576 14.821407 -0.637246 -0.094624 1.657741 3.841453 1.706846 8.556276 -4.245855 -0.327216 -8.683225 -0.629980 3.195803 -24.223732 0.000000 0.000000 0.000000 95.480095 -1.054182 4.604475 63.370869 -24.599974 -0.848894 2.411033 21.799801 36.895660 -9.784650 11.633311 -13.799516 3.961679 -0.806991 43.163807 0.000001 0.000034 -9.150668 0.000019 0.000055 -6.447690 0.000027 0.000016 -0.000051 -20.939640 0.137071 0.407788 1.021581 0.111640 -0.065761 0.878647 0.124783 -0.024397 -0.000027 0.000023 -0.000029 -20.549013 0.062114 -4.047998 0.738916 0.030002 0.008366 0.816096 0.033500 0.005683 0.000014 -0.000019 -0.000028 -19.579597 -0.078262 -10.328614 0.095545 -0.020140 -0.098743 -0.019793 -0.026182 -0.063760 -0.000006 -0.000836 0.000022 -15.803214 -0.094625 -17.809753 0.091141 -0.084145 -0.428044 0.119676 -0.124232 -0.368373 -0.000737 -0.000010 -0.000004 0.000000 0.000000 0.000000 0.000000 0.000000 0.000000 -93.614899 0.558521 4.694623 -67.155563 27.235106 -1.015641 -2.242897 -15.151445 54.436161 14.889496 -16.248949 -18.461641 -3.142279 0.701347 43.445084 0.000012 0.000034 -7.800541 -0.000142 -0.000044 -5.201263 0.000085 0.000020 -0.001389 23.039808 0.060382 -4.072575 -1.661206 0.105858 0.348418 -1.461030 0.130697 0.242137 -0.000015 -0.000769 -0.000028 20.082329 0.038992 -7.691342 -1.709596 0.023229 0.100998 -1.494108 0.034230 0.087947 -0.001143 -0.000045 -0.000020 15.792426 -0.003407 -10.881930 -1.558344 -0.050145 -0.089403 -1.266801 -0.047337 -0.042902 0.000882 0.000011 0.000007 12.145421 0.034859 -14.318449 -1.467458 -0.130735 -0.097261 -1.608044 -0.149714 -0.057733 0.000635 0.000009 -0.000035 0.000000 0.000000 0.000000 0.000000 0.000000 0.000000 12.416582 -12.544831 16.802128 -0.033101 -0.285302 9.489049 -10.925782 -19.087095 15.632298 0.499693 -1.179015 -28.690653 0.000000 0.000000 0.000000 0.000000 0.000000 0.000000 0.000000 0.000000 0.000000 24.395060 7.525734 -1.840569 0.543080 1.062398 31.159235 -7.642996 9.869776 15.491422 1.229926 1.586842 -28.580027 0.000000 0.000000 0.000000 0.000000 0.000000 0.000000 0.000000 0.000000 0.000000 
-1.114641 85.351013 7.343358 -8.444669 1.558133 -15.331166 4.910184 -1.108112 6.183190 3.437659 -0.821394 3.832883 3.454716 -2.180272 14.843864 -0.632402 -0.086017 1.668167 3.835445 1.710942 8.546254 -4.246586 -0.336625 -8.693401 -0.630318 3.196579 -24.216736 0.000000 0.000000 0.000000 95.499985 -1.047707 4.596097 63.345215 -24.437449 -0.835500 2.429643 21.851233 36.828690 -9.804787 11.848935 -13.881145 3.941880 -0.803325 43.173599 0.000001 0.000034 -9.101003 0.000019 0.000055 -6.413024 0.000027 0.000016 -0.000051 -21.114195 0.135346 0.370588 1.029989 0.111302 -0.065387 0.885859 0.124685 -0.024380 -0.000027 0.000022 -0.000029 -20.689514 0.061689 -4.077147 0.751964 0.029992 0.008140 0.826444 0.033503 0.005462 0.000014 -0.000016 -0.000028 -19.657452 -0.077728 -10.361302 0.117791 -0.020097 -0.098063 -0.000044 -0.026292 -0.063207 -0.000006 -0.000843 0.000023 -15.830554 -0.091876 -17.839924 0.113027 -0.084598 -0.425475 0.142432 -0.124448 -0.366408 -0.000752 -0.000011 -0.000004 0.000000 0.000000 0.000000 0.000000 0.000000 0.000000 -93.628525 0.556214 4.674813 -67.198006 26.866547 -1.063200 -2.287221 -15.220644 54.413860 15.057103 -16.377506 -18.521734 -3.091302 0.694129 43.468182 0.000012 0.000034 -7.672541 -0.000140 -0.000043 -5.108092 0.000099 0.000020 -0.001406 23.359962 0.058796 -4.035204 -1.630406 0.106260 0.350824 -1.434153 0.131119 0.244438 -0.000015 -0.000787 -0.000028 20.379150 0.038655 -7.656193 -1.676830 0.023286 0.101350 -1.459236 0.034323 0.088585 -0.001126 -0.000045 -0.000021 16.047882 -0.002717 -10.880842 -1.502887 -0.050234 -0.090313 -1.212105 -0.047300 -0.043502 0.000850 0.000011 0.000007 12.349700 0.037320 -14.335859 -1.399765 -0.130634 -0.100132 -1.539607 -0.149788 -0.060458 0.000614 0.000009 -0.000035 0.000000 0.000000 0.000000 0.000000 0.000000 0.000000 12.359157 -12.581840 16.928888 -0.033981 -0.289282 9.480348 -10.850965 -19.081635 15.582121 0.495688 -1.174070 -28.673109 0.000000 0.000000 0.000000 0.000000 0.000000 0.000000 0.000000 0.000000 0.000000 24.352261 7.383462 -1.697546 0.543046 1.065515 31.100237 -7.625858 9.710237 15.399661 1.227041 1.576571 -28.567404 0.000000 0.000000 0.000000 0.000000 0.000000 0.000000 0.000000 0.000000 0.000000 
-1.037732 85.354179 7.408028 -8.455544 1.640261 -15.419612 4.907466 -1.103828 6.209614 3.455709 -0.822349 3.806916 3.434728 -2.146289 14.870776 -0.627044 -0.078125 1.678334 3.832907 1.714119 8.535555 -4.246193 -0.344232 -8.703531 -0.630767 3.196839 -24.209982 0.000000 0.000000 0.000000 95.523705 -1.042094 4.586737 63.307400 -24.289286 -0.812566 2.447321 21.896414 36.752983 -9.817762 12.062397 -13.953830 3.926031 -0.800323 43.181526 0.000001 0.000035 -9.061180 0.000019 0.000055 -6.385440 0.000028 0.000015 -0.000051 -21.266859 0.133820 0.328149 1.037673 0.111119 -0.065132 0.892120 0.124760 -0.024399 -0.000027 0.000022 -0.000029 -20.809660 0.061310 -4.111505 0.764211 0.030033 0.007922 0.835969 0.033544 0.005244 0.000014 -0.000013 -0.000028 -19.718187 -0.077257 -10.396443 0.139024 -0.020152 -0.097494 0.018849 -0.026460 -0.062755 -0.000006 -0.000849 0.000023 -15.844426 -0.089315 -17.870319 0.133808 -0.085305 -0.423447 0.163952 -0.124841 -0.364977 -0.000766 -0.000011 -0.000004 0.000000 0.000000 0.000000 0.000000 0.000000 0.000000 -93.645271 0.555001 4.657023 -67.217026 26.522579 -1.098476 -2.330706 -15.282140 54.373672 15.200474 -16.509409 -18.575005 -3.042977 0.687479 43.490044 0.000012 0.000034 -7.550478 -0.000139 -0.000043 -5.019652 0.000113 0.000019 -0.001421 23.662167 0.057359 -4.003734 -1.598248 0.106623 0.352762 -1.406144 0.131482 0.246290 -0.000015 -0.000807 -0.000028 20.660053 0.038349 -7.626970 -1.643970 0.023326 0.101587 -1.424235 0.034394 0.089118 -0.001106 -0.000045 -0.000021 16.289644 -0.002059 -10.885116 -1.449695 -0.050310 -0.091066 -1.159898 -0.047253 -0.043972 0.000816 0.000012 0.000007 12.541262 0.039765 -14.358106 -1.335989 -0.130523 -0.102703 -1.475357 -0.149886 -0.063056 0.000591 0.000008 -0.000035 0.000000 0.000000 0.000000 0.000000 0.000000 0.000000 12.294564 -12.614518 17.058044 -0.035000 -0.293784 9.471054 -10.771146 -19.072916 15.531593 0.490864 -1.168919 -28.655842 0.000000 0.000000 0.000000 0.000000 0.000000 0.000000 0.000000 0.000000 0.000000 24.303167 7.242907 -1.544982 0.542849 1.068631 31.033218 -7.603979 9.551154 15.306050 1.223907 1.566153 -28.552845 0.000000 0.000000 0.000000 0.000000 0.000000 0.000000 0.000000 0.000000 0.000000 
-0.953394 85.358559 7.474613 -8.463280 1.722367 -15.506884 4.900353 -1.098645 6.235483 3.472819 -0.823127 3.778303 3.412727 -2.112777 14.901469 -0.620680 -0.071229 1.688263 3.834871 1.716866 8.523314 -4.244097 -0.349395 -8.714223 -0.631172 3.196892 -24.202929 0.000000 0.000000 0.000000 95.551147 -1.037366 4.575569 63.259270 -24.154804 -0.779771 2.463868 21.939405 36.671772 -9.821708 12.266304 -14.016878 3.913279 -0.797942 43.187851 0.000001 0.000035 -9.029579 0.000019 0.000055 -6.363711 0.000028 0.000015 -0.000051 -21.396955 0.132558 0.280448 1.043143 0.111063 -0.065076 0.895793 0.125000 -0.024514 -0.000027 0.000021 -0.000029 -20.909290 0.060988 -4.151246 0.774110 0.030125 0.007709 0.843287 0.033619 0.005010 0.000014 -0.000010 -0.000028 -19.761799 -0.076868 -10.434740 0.158382 -0.020280 -0.096961 0.035827 -0.026679 -0.062365 -0.000006 -0.000851 0.000024 -15.845160 -0.086992 -17.901691 0.153065 -0.086223 -0.421666 0.183751 -0.125404 -0.363893 -0.000779 -0.000011 -0.000005 0.000000 0.000000 0.000000 0.000000 0.000000 0.000000 -93.665031 0.554727 4.640491 -67.211113 26.208784 -1.121195 -2.373374 -15.338203 54.319759 15.309550 -16.629984 -18.622805 -2.997262 0.681353 43.510704 0.000012 0.000034 -7.434337 -0.000138 -0.000043 -4.935839 0.000129 0.000019 -0.001432 23.945770 0.056115 -3.980736 -1.565694 0.106934 0.354369 -1.377810 0.131773 0.247829 -0.000015 -0.000827 -0.000028 20.925297 0.038090 -7.606126 -1.611677 0.023341 0.101740 -1.389835 0.034445 0.089583 -0.001081 -0.000046 -0.000022 16.518978 -0.001463 -10.896516 -1.399663 -0.050368 -0.091689 -1.111047 -0.047196 -0.044310 0.000781 0.000012 0.000007 12.721997 0.042094 -14.386379 -1.277112 -0.130323 -0.104882 -1.416320 -0.149979 -0.065496 0.000567 0.000008 -0.000035 0.000000 0.000000 0.000000 0.000000 0.000000 0.000000 12.221753 -12.641281 17.187170 -0.036190 -0.298844 9.460624 -10.686963 -19.058748 15.480462 0.485301 -1.163781 -28.638851 0.000000 0.000000 0.000000 0.000000 0.000000 0.000000 0.000000 0.000000 0.000000 24.246233 7.107284 -1.386115 0.542513 1.071722 30.959501 -7.577359 9.395809 15.212234 1.220567 1.555720 -28.537378 0.000000 0.000000 0.000000 0.000000 0.000000 0.000000 0.000000 0.000000 0.000000 
-0.861419 85.364143 7.542850 -8.467828 1.805572 -15.593150 4.889382 -1.092617 6.260303 3.488692 -0.823573 3.748223 3.389728 -2.080021 14.934495 -0.613285 -0.065409 1.697814 3.839779 1.719592 8.508348 -4.240581 -0.351960 -8.726388 -0.631465 3.197096 -24.195902 0.000000 0.000000 0.000000 95.582199 -1.033782 4.563031 63.205570 -24.024929 -0.736938 2.479120 21.982277 36.586372 -9.817567 12.456719 -14.077530 3.903340 -0.796129 43.192627 0.000001 0.000035 -9.005996 0.000019 0.000054 -6.347497 0.000028 0.000015 -0.000051 -21.506023 0.131515 0.230018 1.045446 0.111111 -0.065142 0.896123 0.125354 -0.024682 -0.000027 0.000021 -0.000028 -20.988440 0.060718 -4.194158 0.780604 0.030253 0.007499 0.847474 0.033719 0.004771 0.000014 -0.000007 -0.000028 -19.787806 -0.076525 -10.474813 0.174962 -0.020464 -0.096433 0.049929 -0.026943 -0.062017 -0.000006 -0.000850 0.000025 -15.832164 -0.084829 -17.933588 0.169886 -0.087262 -0.420013 0.201189 -0.126101 -0.363032 -0.000790 -0.000011 -0.000005 0.000000 0.000000 0.000000 0.000000 0.000000 0.000000 -93.688828 0.555709 4.625720 -67.184326 25.917418 -1.132151 -2.415435 -15.391576 54.259064 15.383754 -16.718740 -18.674086 -2.954460 0.675815 43.529884 0.000012 0.000034 -7.325703 -0.000137 -0.000042 -4.857605 0.000148 0.000019 -0.001439 24.207184 0.055007 -3.966697 -1.533194 0.107204 0.355839 -1.349369 0.132016 0.249275 -0.000015 -0.000845 -0.000028 21.170574 0.037859 -7.594196 -1.579937 0.023344 0.101865 -1.355833 0.034483 0.090029 -0.001052 -0.000046 -0.000022 16.731598 -0.000894 -10.915642 -1.352050 -0.050410 -0.092255 -1.064779 -0.047139 -0.044598 0.000744 0.000012 0.000007 12.889338 0.044362 -14.421689 -1.221823 -0.130048 -0.106827 -1.361097 -0.150064 -0.067858 0.000541 0.000008 -0.000035 0.000000 0.000000 0.000000 0.000000 0.000000 0.000000 12.141113 -12.662166 17.316664 -0.037539 -0.304464 9.449810 -10.598328 -19.041536 15.428582 0.479005 -1.158819 -28.622139 0.000000 0.000000 0.000000 0.000000 0.000000 0.000000 0.000000 0.000000 0.000000 24.180939 6.976713 -1.221714 0.542054 1.074747 30.880270 -7.545466 9.244950 15.118862 1.216952 1.545264 -28.521154 0.000000 0.000000 0.000000 0.000000 0.000000 0.000000 0.000000 0.000000 0.000000 
-0.761526 85.370804 7.612778 -8.469384 1.890359 -15.679066 4.875025 -1.085981 6.284323 3.503703 -0.823791 3.716796 3.366070 -2.047227 14.969260 -0.604981 -0.060386 1.706170 3.846886 1.720791 8.488354 -4.236157 -0.353145 -8.741174 -0.631243 3.197735 -24.188610 0.000000 0.000000 0.000000 95.615829 -1.031232 4.550166 63.151562 -23.890026 -0.686778 2.493089 22.026400 36.496189 -9.808603 12.633794 -14.138837 3.895594 -0.794716 43.196125 0.000001 0.000036 -8.989229 0.000019 0.000054 -6.335903 0.000028 0.000015 -0.000051 -21.599985 0.130668 0.180399 1.044720 0.111272 -0.065325 0.893337 0.125802 -0.024897 -0.000027 0.000020 -0.000028 -21.052008 0.060502 -4.236920 0.783786 0.030413 0.007269 0.848670 0.033850 0.004526 0.000014 -0.000003 -0.000028 -19.800772 -0.076211 -10.513989 0.188404 -0.020707 -0.095909 0.060907 -0.027253 -0.061703 -0.000006 -0.000851 0.000025 -15.809407 -0.082743 -17.964500 0.183735 -0.088388 -0.418507 0.215951 -0.126920 -0.362388 -0.000800 -0.000011 -0.000005 0.000000 0.000000 0.000000 0.000000 0.000000 0.000000 -93.716492 0.557818 4.613646 -67.144501 25.641800 -1.137897 -2.457024 -15.444345 54.200489 15.431468 -16.761786 -18.728449 -2.914556 0.670852 43.547470 0.000012 0.000034 -7.225458 -0.000135 -0.000042 -4.785374 0.000168 0.000019 -0.001441 24.446365 0.054001 -3.957973 -1.500466 0.107446 0.357149 -1.320492 0.132232 0.250617 -0.000015 -0.000862 -0.000028 21.394924 0.037644 -7.588112 -1.548037 0.023349 0.101936 -1.321465 0.034511 0.090425 -0.001018 -0.000046 -0.000021 16.926477 -0.000314 -10.939991 -1.305145 -0.050433 -0.092726 -1.019498 -0.047085 -0.044828 0.000706 0.000012 0.000007 13.043858 0.046679 -14.462520 -1.167781 -0.129693 -0.108358 -1.307394 -0.150124 -0.069966 0.000514 0.000008 -0.000034 0.000000 0.000000 0.000000 0.000000 0.000000 0.000000 12.052669 -12.677618 17.447540 -0.039035 -0.310709 9.438915 -10.504648 -19.023239 15.376316 0.471924 -1.153975 -28.605730 0.000000 0.000000 0.000000 0.000000 0.000000 0.000000 0.000000 0.000000 0.000000 24.106936 6.850456 -1.051358 0.541488 1.077711 30.795521 -7.508368 9.097980 15.025201 1.213135 1.534620 -28.503563 0.000000 0.000000 0.000000 0.000000 0.000000 0.000000 0.000000 0.000000 0.000000 
-0.653547 85.378632 7.684699 -8.469042 1.976249 -15.766494 4.858331 -1.079100 6.308104 3.518072 -0.823837 3.684739 3.342032 -2.013199 15.005249 -0.596127 -0.055621 1.713575 3.856059 1.718337 8.463836 -4.231278 -0.354964 -8.758386 -0.629972 3.198788 -24.181749 0.000000 0.000000 0.000000 95.650490 -1.029261 4.538088 63.101292 -23.744360 -0.630478 2.505830 22.070877 36.398861 -9.798721 12.802779 -14.199214 3.888840 -0.793501 43.198914 0.000001 0.000036 -8.976562 0.000019 0.000054 -6.326939 0.000028 0.000015 -0.000051 -21.686470 0.129985 0.135905 1.042254 0.111469 -0.065582 0.888750 0.126236 -0.025151 -0.000027 0.000020 -0.000028 -21.107336 0.060332 -4.275690 0.784876 0.030570 0.007011 0.847961 0.033990 0.004271 0.000014 0.000001 -0.000028 -19.808193 -0.075935 -10.549148 0.199547 -0.020955 -0.095408 0.069684 -0.027574 -0.061414 -0.000005 -0.000854 0.000026 -15.784365 -0.080800 -17.992016 0.194998 -0.089435 -0.417257 0.228564 -0.127715 -0.361986 -0.000809 -0.000011 -0.000006 0.000000 0.000000 0.000000 0.000000 0.000000 0.000000 -93.747559 0.560830 4.604710 -67.096855 25.377369 -1.141935 -2.497910 -15.497907 54.148006 15.466961 -16.757441 -18.779890 -2.876763 0.666365 43.563732 0.000012 0.000033 -7.132110 -0.000134 -0.000041 -4.717785 0.000189 0.000018 -0.001438 24.667177 0.053073 -3.950073 -1.467491 0.107594 0.358062 -1.291164 0.132363 0.251678 -0.000015 -0.000877 -0.000028 21.601624 0.037437 -7.583985 -1.515715 0.023332 0.101872 -1.286449 0.034510 0.090704 -0.000979 -0.000046 -0.000021 17.106707 0.000288 -10.966403 -1.258047 -0.050382 -0.093017 -0.974363 -0.047002 -0.044962 0.000664 0.000012 0.000007 13.189141 0.049005 -14.506659 -1.113563 -0.129143 -0.109258 -1.253779 -0.150058 -0.071672 0.000486 0.000008 -0.000034 0.000000 0.000000 0.000000 0.000000 0.000000 0.000000 11.956884 -12.688971 17.582008 -0.040650 -0.317627 9.428181 -10.405523 -19.005909 15.324883 0.464040 -1.149173 -28.589943 0.000000 0.000000 0.000000 0.000000 0.000000 0.000000 0.000000 0.000000 0.000000 24.025011 6.727191 -0.873799 0.540828 1.080696 30.706043 -7.466311 8.953286 14.930296 1.209255 1.523619 -28.483946 0.000000 0.000000 0.000000 0.000000 0.000000 0.000000 0.000000 0.000000 0.000000 
-0.537407 85.387550 7.758667 -8.466881 2.063048 -15.855272 4.839327 -1.071841 6.331953 3.532081 -0.823544 3.651615 3.316197 -1.976712 15.042738 -0.586531 -0.050609 1.720210 3.869652 1.710868 8.435900 -4.225579 -0.358491 -8.777632 -0.627325 3.200000 -24.175501 0.000000 0.000000 0.000000 95.685974 -1.027447 4.526453 63.055115 -23.588963 -0.568928 2.518008 22.117966 36.292950 -9.790876 12.966453 -14.255378 3.881989 -0.792264 43.201588 0.000001 0.000036 -8.965102 0.000019 0.000054 -6.318676 0.000028 0.000014 -0.000051 -21.771919 0.129530 0.096096 1.039727 0.111676 -0.065948 0.883806 0.126645 -0.025491 -0.000026 0.000019 -0.000028 -21.162058 0.060215 -4.310603 0.785610 0.030724 0.006725 0.846980 0.034135 0.003998 0.000014 0.000004 -0.000028 -19.817526 -0.075727 -10.580519 0.210073 -0.021203 -0.094906 0.077822 -0.027904 -0.061131 -0.000005 -0.000858 0.000026 -15.763872 -0.079106 -18.016233 0.205157 -0.090422 -0.416101 0.240382 -0.128493 -0.361716 -0.000818 -0.000011 -0.000006 0.000000 0.000000 0.000000 0.000000 0.000000 0.000000 -93.781746 0.564375 4.597943 -67.040390 25.132895 -1.145393 -2.537921 -15.552104 54.102737 15.499459 -16.710314 -18.820950 -2.840207 0.662079 43.579338 0.000013 0.000033 -7.042911 -0.000133 -0.000041 -4.652884 0.000212 0.000018 -0.001431 24.878242 0.052276 -3.941008 -1.434972 0.107611 0.358416 -1.262040 0.132371 0.252289 -0.000015 -0.000891 -0.000028 21.799940 0.037252 -7.580065 -1.483458 0.023269 0.101605 -1.251490 0.034464 0.090814 -0.000937 -0.000046 -0.000020 17.281719 0.000869 -10.993160 -1.211048 -0.050228 -0.093044 -0.929769 -0.046871 -0.044914 0.000620 0.000012 0.000007 13.333722 0.051184 -14.552023 -1.059415 -0.128315 -0.109249 -1.200649 -0.149817 -0.072807 0.000457 0.000008 -0.000034 0.000000 0.000000 0.000000 0.000000 0.000000 0.000000 11.853509 -12.696036 17.720211 -0.042377 -0.325272 9.416475 -10.300850 -18.988262 15.274496 0.455388 -1.144357 -28.574593 0.000000 0.000000 0.000000 0.000000 0.000000 0.000000 0.000000 0.000000 0.000000 23.935534 6.607674 -0.689503 0.540099 1.083810 30.611958 -7.420385 8.811503 14.833774 1.205520 1.512130 -28.462315 0.000000 0.000000 0.000000 0.000000 0.000000 0.000000 0.000000 0.000000 0.000000 
-0.412986 85.397606 7.834606 -8.462277 2.150358 -15.945262 4.817818 -1.064184 6.356019 3.545517 -0.822759 3.617295 3.288107 -1.937360 15.082353 -0.576105 -0.045200 1.725695 3.888633 1.698776 8.404980 -4.218700 -0.363342 -8.798764 -0.623262 3.201211 -24.169840 0.000000 0.000000 0.000000 95.722847 -1.025875 4.514909 63.014141 -23.422598 -0.501795 2.530198 22.168819 36.176949 -9.788568 13.126056 -14.309548 3.874998 -0.791021 43.204182 0.000001 0.000037 -8.954817 0.000019 0.000053 -6.311033 0.000028 0.000014 -0.000051 -21.855883 0.129290 0.059480 1.037587 0.111846 -0.066379 0.878934 0.127000 -0.025894 -0.000026 0.000019 -0.000028 -21.216160 0.060141 -4.342678 0.786470 0.030859 0.006426 0.846183 0.034271 0.003719 0.000014 0.000009 -0.000028 -19.828754 -0.075574 -10.608741 0.220500 -0.021430 -0.094408 0.085773 -0.028230 -0.060856 -0.000005 -0.000863 0.000027 -15.748216 -0.077668 -18.037313 0.214496 -0.091286 -0.415003 0.251822 -0.129204 -0.361528 -0.000825 -0.000012 -0.000006 0.000000 0.000000 0.000000 0.000000 0.000000 0.000000 -93.818794 0.568334 4.592843 -66.974854 24.909683 -1.146554 -2.576905 -15.605991 54.062962 15.535976 -16.623171 -18.852880 -2.804447 0.657857 43.594597 0.000013 0.000033 -6.956419 -0.000131 -0.000040 -4.589657 0.000236 0.000018 -0.001418 25.083651 0.051592 -3.930228 -1.403864 0.107476 0.358245 -1.233963 0.132233 0.252477 -0.000015 -0.000905 -0.000028 21.993931 0.037083 -7.575700 -1.452131 0.023146 0.101148 -1.217420 0.034366 0.090773 -0.000892 -0.000046 -0.000019 17.455273 0.001425 -11.019499 -1.164758 -0.049949 -0.092810 -0.886311 -0.046682 -0.044690 0.000573 0.000012 0.000007 13.480842 0.053156 -14.597445 -1.005726 -0.127165 -0.108384 -1.148335 -0.149371 -0.073430 0.000428 0.000007 -0.000034 0.000000 0.000000 0.000000 0.000000 0.000000 0.000000 11.741855 -12.698466 17.862635 -0.044209 -0.333676 9.402807 -10.190348 -18.970346 15.225204 0.445915 -1.139584 -28.559591 0.000000 0.000000 0.000000 0.000000 0.000000 0.000000 0.000000 0.000000 0.000000 23.837982 6.492675 -0.498455 0.539264 1.087057 30.512663 -7.370752 8.674019 14.736515 1.201843 1.500108 -28.438965 0.000000 0.000000 0.000000 0.000000 0.000000 0.000000 0.000000 0.000000 0.000000 
-0.279978 85.408890 7.912463 -8.454057 2.237523 -16.036692 4.793606 -1.056273 6.380703 3.558174 -0.821556 3.581527 3.258126 -1.895033 15.124926 -0.565049 -0.039398 1.728934 3.912492 1.682197 8.370158 -4.210584 -0.369347 -8.822105 -0.617637 3.202405 -24.164150 0.000000 0.000000 0.000000 95.761497 -1.024783 4.503542 62.980850 -23.240519 -0.429549 2.542649 22.223951 36.049866 -9.795991 13.281995 -14.363332 3.868569 -0.789835 43.206402 0.000001 0.000037 -8.947348 0.000019 0.000053 -6.305161 0.000027 0.000014 -0.000051 -21.935942 0.129216 0.025564 1.035970 0.112009 -0.066828 0.874378 0.127335 -0.026309 -0.000026 0.000018 -0.000027 -21.267056 0.060091 -4.372118 0.787595 0.030978 0.006110 0.845731 0.034407 0.003449 0.000014 0.000013 -0.000028 -19.839773 -0.075452 -10.633427 0.230672 -0.021659 -0.093944 0.093482 -0.028564 -0.060614 -0.000005 -0.000868 0.000027 -15.735676 -0.076400 -18.054581 0.222684 -0.092060 -0.414093 0.262793 -0.129877 -0.361494 -0.000833 -0.000012 -0.000006 0.000000 0.000000 0.000000 0.000000 0.000000 0.000000 -93.858109 0.572612 4.589816 -66.904625 24.700815 -1.146564 -2.614635 -15.658156 54.028328 15.585152 -16.494818 -18.876852 -2.769002 0.653601 43.609783 0.000013 0.000032 -6.871327 -0.000130 -0.000039 -4.527246 0.000262 0.000018 -0.001401 25.286783 0.050969 -3.915675 -1.374327 0.107219 0.357656 -1.207108 0.131985 0.252305 -0.000015 -0.000917 -0.000028 22.186605 0.036915 -7.568971 -1.421959 0.022980 0.100542 -1.184386 0.034225 0.090606 -0.000843 -0.000047 -0.000018 17.630531 0.001987 -11.043741 -1.118814 -0.049562 -0.092339 -0.843613 -0.046446 -0.044321 0.000524 0.000013 0.000007 13.633785 0.055020 -14.641261 -0.951699 -0.125765 -0.106794 -1.095973 -0.148765 -0.073609 0.000400 0.000007 -0.000034 0.000000 0.000000 0.000000 0.000000 0.000000 0.000000 11.620618 -12.696219 18.010370 -0.046135 -0.342870 9.386222 -10.073447 -18.953329 15.177465 0.435415 -1.134892 -28.545069 0.000000 0.000000 0.000000 0.000000 0.000000 0.000000 0.000000 0.000000 0.000000 23.730732 6.382092 -0.299807 0.538253 1.090442 30.406778 -7.316699 8.541266 14.639535 1.197936 1.487487 -28.413921 0.000000 0.000000 0.000000 0.000000 0.000000 0.000000 0.000000 0.000000 0.000000 
-0.138124 85.421532 7.992217 -8.441206 2.323478 -16.129568 4.766642 -1.048251 6.406577 3.570200 -0.820130 3.544058 3.226598 -1.849560 15.170774 -0.553623 -0.033061 1.728794 3.940441 1.660111 8.330187 -4.201400 -0.377455 -8.848248 -0.610048 3.203661 -24.157801 0.000000 0.000000 0.000000 95.801399 -1.024072 4.492885 62.957874 -23.037298 -0.352573 2.555531 22.283987 35.910412 -9.815634 13.435666 -14.415938 3.863090 -0.788767 43.208031 0.000001 0.000037 -8.943614 0.000019 0.000053 -6.301663 0.000027 0.000014 -0.000051 -22.009960 0.129269 -0.005732 1.034932 0.112150 -0.067162 0.870331 0.127631 -0.026617 -0.000026 0.000017 -0.000027 -21.312393 0.060049 -4.398782 0.789058 0.031071 0.005800 0.845700 0.034535 0.003226 0.000014 0.000017 -0.000027 -19.848663 -0.075343 -10.653691 0.240478 -0.021886 -0.093590 0.100991 -0.028896 -0.060456 -0.000005 -0.000875 0.000028 -15.724657 -0.075226 -18.066620 0.229573 -0.092714 -0.413584 0.273254 -0.130472 -0.361759 -0.000839 -0.000012 -0.000007 0.000000 0.000000 0.000000 0.000000 0.000000 0.000000 -93.898697 0.576895 4.589143 -66.835968 24.498348 -1.148530 -2.650696 -15.706562 54.000210 15.655498 -16.321348 -18.889977 -2.732754 0.649173 43.625286 0.000013 0.000032 -6.785026 -0.000128 -0.000039 -4.463787 0.000286 0.000017 -0.001380 25.492340 0.050373 -3.895241 -1.345803 0.106852 0.356588 -1.181121 0.131641 0.251676 -0.000015 -0.000930 -0.000028 22.382563 0.036738 -7.557810 -1.392545 0.022783 0.099760 -1.151962 0.034045 0.090275 -0.000788 -0.000047 -0.000016 17.812567 0.002584 -11.063680 -1.072298 -0.049075 -0.091593 -0.800696 -0.046167 -0.043789 0.000473 0.000013 0.000007 13.797598 0.056877 -14.681070 -0.895927 -0.124153 -0.104405 -1.042114 -0.148013 -0.073247 0.000372 0.000007 -0.000033 0.000000 0.000000 0.000000 0.000000 0.000000 0.000000 11.488495 -12.689666 18.164257 -0.048153 -0.352887 9.365758 -9.949621 -18.938078 15.132402 0.423675 -1.130281 -28.531534 0.000000 0.000000 0.000000 0.000000 0.000000 0.000000 0.000000 0.000000 0.000000 23.612164 6.275719 -0.092343 0.537009 1.094045 30.291973 -7.257560 8.412899 14.543610 1.193597 1.474156 -28.386906 0.000000 0.000000 0.000000 0.000000 0.000000 0.000000 0.000000 0.000000 0.000000 
0.012751 85.435722 8.074006 -8.423098 2.406626 -16.224363 4.737082 -1.040241 6.434087 3.581612 -0.818644 3.504942 3.193970 -1.800864 15.219968 -0.542248 -0.025908 1.724777 3.972295 1.630700 8.284657 -4.191446 -0.389191 -8.877495 -0.600029 3.204978 -24.150726 0.000000 0.000000 0.000000 95.842094 -1.023498 4.483749 62.945587 -22.809950 -0.268940 2.568907 22.349367 35.757748 -9.849712 13.588220 -14.466498 3.858568 -0.787864 43.209019 0.000001 0.000037 -8.943680 0.000019 0.000053 -6.300515 0.000027 0.000013 -0.000051 -22.077295 0.129401 -0.033911 1.034820 0.112210 -0.067347 0.867326 0.127827 -0.026804 -0.000026 0.000017 -0.000027 -21.351135 0.059993 -4.422202 0.791289 0.031112 0.005487 0.846401 0.034636 0.003054 0.000015 0.000021 -0.000027 -19.854774 -0.075241 -10.668627 0.250151 -0.022069 -0.093407 0.108611 -0.029190 -0.060409 -0.000005 -0.000885 0.000028 -15.715183 -0.074153 -18.072317 0.235093 -0.093118 -0.413659 0.283093 -0.130866 -0.362431 -0.000846 -0.000012 -0.000007 0.000000 0.000000 0.000000 0.000000 0.000000 0.000000 -93.939766 0.580991 4.590877 -66.772858 24.296379 -1.153821 -2.684684 -15.749278 53.979774 15.756674 -16.098389 -18.889219 -2.694005 0.644378 43.641773 0.000013 0.000032 -6.693496 -0.000127 -0.000038 -4.396377 0.000306 0.000017 -0.001357 25.707199 0.049780 -3.865813 -1.317526 0.106343 0.354921 -1.155527 0.131175 0.250466 -0.000015 -0.000944 -0.000028 22.588514 0.036544 -7.539317 -1.363372 0.022550 0.098762 -1.119648 0.033814 0.089732 -0.000728 -0.000047 -0.000015 18.008152 0.003225 -11.076642 -1.024405 -0.048471 -0.090522 -0.756606 -0.045829 -0.043076 0.000419 0.000013 0.000007 13.978451 0.058736 -14.714523 -0.837109 -0.122298 -0.101115 -0.985389 -0.147070 -0.072251 0.000347 0.000007 -0.000033 0.000000 0.000000 0.000000 0.000000 0.000000 0.000000 11.344429 -12.679419 18.325665 -0.050265 -0.363787 9.340631 -9.818298 -18.925575 15.091297 0.410455 -1.125710 -28.519676 0.000000 0.000000 0.000000 0.000000 0.000000 0.000000 0.000000 0.000000 0.000000 23.481089 6.173143 0.125826 0.535480 1.097971 30.166212 -7.192817 8.288120 14.448954 1.188683 1.460005 -28.357433 0.000000 0.000000 0.000000 0.000000 0.000000 0.000000 0.000000 0.000000 0.000000 
0.172504 85.451584 8.157795 -8.399444 2.485251 -16.320528 4.704618 -1.031953 6.463520 3.592278 -0.816917 3.464131 3.159353 -1.748935 15.271716 -0.530936 -0.017712 1.717739 4.009794 1.593155 8.236772 -4.180326 -0.405375 -8.908442 -0.587565 3.206093 -24.143951 0.000000 0.000000 0.000000 95.883736 -1.022254 4.476127 62.939808 -22.564014 -0.174512 2.583145 22.421890 35.593025 -9.895484 13.739660 -14.512912 3.853997 -0.786999 43.209869 0.000001 0.000038 -8.944702 0.000019 0.000052 -6.299766 0.000027 0.000013 -0.000050 -22.141798 0.129646 -0.059671 1.037032 0.112106 -0.067343 0.866574 0.127857 -0.026882 -0.000026 0.000016 -0.000026 -21.388033 0.059916 -4.443036 0.795664 0.031080 0.005203 0.849128 0.034684 0.002943 0.000015 0.000024 -0.000027 -19.862459 -0.075181 -10.678911 0.261551 -0.022153 -0.093406 0.118040 -0.029409 -0.060474 -0.000005 -0.000895 0.000029 -15.711375 -0.073315 -18.071609 0.240960 -0.093194 -0.414308 0.293720 -0.130965 -0.363501 -0.000851 -0.000012 -0.000007 0.000000 0.000000 0.000000 0.000000 0.000000 0.000000 -93.981552 0.584642 4.593195 -66.710915 24.102652 -1.161306 -2.716497 -15.786262 53.965031 15.885773 -15.829130 -18.870689 -2.652052 0.639005 43.659744 0.000013 0.000031 -6.594318 -0.000126 -0.000038 -4.323275 0.000325 0.000017 -0.001331 25.937016 0.049247 -3.829397 -1.290419 0.105657 0.352570 -1.131354 0.130544 0.248613 -0.000015 -0.000959 -0.000028 22.811083 0.036360 -7.514854 -1.335435 0.022259 0.097520 -1.088708 0.033519 0.088964 -0.000663 -0.000047 -0.000014 18.223991 0.003863 -11.082987 -0.976686 -0.047728 -0.089154 -0.712781 -0.045417 -0.042176 0.000365 0.000013 0.000007 14.181839 0.060403 -14.740946 -0.777026 -0.120137 -0.096969 -0.927556 -0.145908 -0.070693 0.000324 0.000007 -0.000033 0.000000 0.000000 0.000000 0.000000 0.000000 0.000000 11.188108 -12.665153 18.494114 -0.052483 -0.375642 9.310362 -9.679673 -18.913555 15.054185 0.395741 -1.121034 -28.509686 0.000000 0.000000 0.000000 0.000000 0.000000 0.000000 0.000000 0.000000 0.000000 23.337687 6.076678 0.355314 0.533652 1.102329 30.028074 -7.122835 8.168160 14.355873 1.183379 1.445067 -28.325422 0.000000 0.000000 0.000000 0.000000 0.000000 0.000000 0.000000 0.000000 0.000000 
0.341128 85.469437 8.243665 -8.369654 2.557407 -16.418810 4.669338 -1.023376 6.494612 3.601275 -0.814772 3.422024 3.123151 -1.694112 15.326098 -0.520056 -0.008620 1.708636 4.052630 1.548788 8.190619 -4.167899 -0.425141 -8.939078 -0.572936 3.206790 -24.138823 0.000000 0.000000 0.000000 95.927841 -1.020500 4.470009 62.937008 -22.303423 -0.063883 2.598400 22.501745 35.417805 -9.951854 13.889208 -14.557195 3.849462 -0.786159 43.210632 0.000001 0.000038 -8.946543 0.000019 0.000052 -6.299262 0.000027 0.000013 -0.000050 -22.204636 0.129971 -0.082631 1.041830 0.111831 -0.067228 0.868433 0.127726 -0.026917 -0.000026 0.000016 -0.000026 -21.423883 0.059809 -4.461318 0.802524 0.030965 0.004908 0.854091 0.034678 0.002861 0.000015 0.000028 -0.000027 -19.872091 -0.075163 -10.685115 0.275238 -0.022131 -0.093548 0.129746 -0.029551 -0.060612 -0.000005 -0.000906 0.000029 -15.713671 -0.072802 -18.065268 0.247495 -0.092911 -0.415500 0.305419 -0.130757 -0.364909 -0.000856 -0.000012 -0.000007 0.000000 0.000000 0.000000 0.000000 0.000000 0.000000 -94.024811 0.588477 4.595384 -66.643791 23.917355 -1.164689 -2.746306 -15.817544 53.950607 16.040228 -15.518482 -18.839935 -2.606900 0.633002 43.679291 0.000013 0.000031 -6.486891 -0.000124 -0.000037 -4.244198 0.000342 0.000017 -0.001302 26.183657 0.048754 -3.786676 -1.265578 0.104813 0.349827 -1.109652 0.129769 0.246397 -0.000015 -0.000978 -0.000028 23.051844 0.036179 -7.484966 -1.309894 0.021915 0.096166 -1.060405 0.033171 0.088089 -0.000595 -0.000047 -0.000012 18.461102 0.004482 -11.083499 -0.930689 -0.046859 -0.087685 -0.670605 -0.044940 -0.041247 0.000309 0.000013 0.000007 14.408009 0.061762 -14.761327 -0.717189 -0.117729 -0.092618 -0.870027 -0.144570 -0.069101 0.000303 0.000006 -0.000032 0.000000 0.000000 0.000000 0.000000 0.000000 0.000000 11.019119 -12.646590 18.670937 -0.054793 -0.388457 9.274958 -9.533807 -18.902113 15.020653 0.379430 -1.116299 -28.501432 0.000000 0.000000 0.000000 0.000000 0.000000 0.000000 0.000000 0.000000 0.000000 23.181467 5.987549 0.597727 0.531466 1.107097 29.877289 -7.046806 8.054412 14.265573 1.177524 1.429483 -28.291147 0.000000 0.000000 0.000000 0.000000 0.000000 0.000000 0.000000 0.000000 0.000000 
0.518856 85.489769 8.332101 -8.333960 2.620110 -16.521606 4.632801 -1.015005 6.526873 3.607320 -0.812159 3.379084 3.087780 -1.636706 15.384110 -0.510541 0.001349 1.697365 4.097586 1.498391 8.149690 -4.154747 -0.448473 -8.967667 -0.556276 3.206747 -24.136187 0.000000 0.000000 0.000000 95.975586 -1.018444 4.465767 62.936752 -22.028164 0.067288 2.614699 22.585558 35.231255 -10.021865 14.040499 -14.600863 3.845664 -0.785343 43.211143 0.000001 0.000038 -8.950389 0.000019 0.000052 -6.299643 0.000027 0.000013 -0.000050 -22.267231 0.130256 -0.099355 1.050227 0.111413 -0.067177 0.874226 0.127433 -0.027077 -0.000025 0.000015 -0.000026 -21.459970 0.059649 -4.474131 0.812581 0.030755 0.004491 0.861773 0.034624 0.002739 0.000015 0.000031 -0.000027 -19.887363 -0.075173 -10.684840 0.290854 -0.021993 -0.093824 0.143546 -0.029614 -0.060788 -0.000005 -0.000920 0.000029 -15.727655 -0.072677 -18.051107 0.253132 -0.092140 -0.417549 0.316872 -0.130138 -0.366816 -0.000861 -0.000012 -0.000008 0.000000 0.000000 0.000000 0.000000 0.000000 0.000000 -94.070000 0.594070 4.597576 -66.570511 23.729300 -1.159097 -2.774284 -15.843028 53.932293 16.232365 -15.175271 -18.799171 -2.557555 0.626317 43.700737 0.000013 0.000031 -6.368792 -0.000123 -0.000037 -4.157509 0.000353 0.000016 -0.001268 26.451004 0.048202 -3.734133 -1.241573 0.103830 0.346810 -1.089157 0.128872 0.243902 -0.000015 -0.001001 -0.000028 23.313686 0.035957 -7.446398 -1.285533 0.021534 0.094793 -1.033430 0.032777 0.087169 -0.000527 -0.000046 -0.000012 18.722355 0.005115 -11.075805 -0.885046 -0.045875 -0.086221 -0.628581 -0.044405 -0.040422 0.000251 0.000013 0.000007 14.659776 0.062836 -14.774434 -0.656136 -0.115149 -0.088508 -0.811082 -0.143079 -0.067823 0.000286 0.000006 -0.000032 0.000000 0.000000 0.000000 0.000000 0.000000 0.000000 10.837570 -12.624848 18.859797 -0.057146 -0.402205 9.234404 -9.380348 -18.895046 14.991312 0.361263 -1.111602 -28.495024 0.000000 0.000000 0.000000 0.000000 0.000000 0.000000 0.000000 0.000000 0.000000 23.012188 5.904699 0.857559 0.528869 1.112359 29.713377 -6.963212 7.945436 14.178344 1.170699 1.413258 -28.254364 0.000000 0.000000 0.000000 0.000000 0.000000 0.000000 0.000000 0.000000 0.000000 
0.705703 85.512840 8.423408 -8.292102 2.670787 -16.629911 4.594325 -1.006516 6.560253 3.610126 -0.808892 3.334908 3.051923 -1.576311 15.445390 -0.502241 0.011918 1.685549 4.145252 1.442761 8.122279 -4.139992 -0.475492 -8.990211 -0.537794 3.205383 -24.138187 0.000000 0.000000 0.000000 96.028069 -1.015146 4.461887 62.934978 -21.748241 0.219691 2.632266 22.674109 35.038265 -10.104443 14.196389 -14.634379 3.840955 -0.784145 43.212513 0.000001 0.000038 -8.950907 0.000019 0.000051 -6.297324 0.000027 0.000012 -0.000050 -22.341621 0.130586 -0.108318 1.064101 0.110871 -0.067157 0.885382 0.127004 -0.027314 -0.000025 0.000015 -0.000025 -21.510323 0.059460 -4.480464 0.827675 0.030463 0.003990 0.873956 0.034524 0.002590 0.000015 0.000034 -0.000027 -19.922251 -0.075286 -10.678377 0.310449 -0.021762 -0.094256 0.161388 -0.029612 -0.061015 -0.000005 -0.000936 0.000030 -15.765141 -0.073218 -18.029402 0.260002 -0.091009 -0.420659 0.329819 -0.129202 -0.369431 -0.000865 -0.000012 -0.000008 0.000000 0.000000 0.000000 0.000000 0.000000 0.000000 -94.117851 0.601573 4.597825 -66.482727 23.553995 -1.144932 -2.800902 -15.866385 53.910526 16.457050 -14.820049 -18.741148 -2.503746 0.618749 43.724476 0.000013 0.000030 -6.238132 -0.000122 -0.000036 -4.062035 0.000362 0.000016 -0.001229 26.746933 0.047712 -3.672850 -1.218256 0.102699 0.343287 -1.069670 0.127839 0.240909 -0.000015 -0.001030 -0.000028 23.605883 0.035737 -7.400223 -1.262537 0.021092 0.093341 -1.008482 0.032330 0.086164 -0.000465 -0.000046 -0.000011 19.018024 0.005680 -11.061195 -0.841253 -0.044779 -0.084748 -0.588298 -0.043806 -0.039640 0.000188 0.000013 0.000007 14.945769 0.063391 -14.781359 -0.596683 -0.112433 -0.084620 -0.753678 -0.141489 -0.066855 0.000273 0.000006 -0.000032 0.000000 0.000000 0.000000 0.000000 0.000000 0.000000 10.642426 -12.600280 19.061903 -0.059572 -0.417101 9.188315 -9.218925 -18.890263 14.964611 0.341119 -1.106730 -28.489759 0.000000 0.000000 0.000000 0.000000 0.000000 0.000000 0.000000 0.000000 0.000000 22.829355 5.830180 1.137116 0.525842 1.118301 29.536150 -6.871285 7.841876 14.093969 1.163115 1.396432 -28.214996 0.000000 0.000000 0.000000 0.000000 0.000000 0.000000 0.000000 0.000000 0.000000 
0.901607 85.538826 8.517491 -8.242341 2.707431 -16.744175 4.551793 -0.997353 6.594651 3.609026 -0.804627 3.289056 3.014223 -1.513031 15.510483 -0.494709 0.022361 1.674959 4.195145 1.386312 8.114865 -4.122470 -0.503178 -9.003757 -0.518024 3.202542 -24.146994 0.000000 0.000000 0.000000 96.087852 -1.010659 4.456748 62.928238 -21.471172 0.393576 2.651343 22.768183 34.844738 -10.196358 14.355680 -14.656963 3.833589 -0.782394 43.215504 0.000001 0.000038 -8.943706 0.000019 0.000051 -6.289039 0.000027 0.000012 -0.000050 -22.435045 0.131064 -0.109963 1.081337 0.110072 -0.066874 0.899516 0.126333 -0.027329 -0.000025 0.000014 -0.000025 -21.582722 0.059285 -4.481199 0.845912 0.030049 0.003554 0.888935 0.034343 0.002512 0.000015 0.000035 -0.000027 -19.982035 -0.075534 -10.668053 0.333488 -0.021366 -0.094878 0.182584 -0.029505 -0.061348 -0.000004 -0.000952 0.000030 -15.829016 -0.074569 -18.002846 0.268463 -0.089403 -0.424901 0.344396 -0.127886 -0.372887 -0.000868 -0.000012 -0.000008 0.000000 0.000000 0.000000 0.000000 0.000000 0.000000 -94.170280 0.611274 4.593943 -66.367722 23.403772 -1.116580 -2.826468 -15.891930 53.883270 16.696621 -14.471579 -18.671423 -2.446560 0.610340 43.750328 0.000013 0.000030 -6.096739 -0.000121 -0.000036 -3.959086 0.000369 0.000016 -0.001188 27.070631 0.047398 -3.607904 -1.197725 0.101395 0.339453 -1.053011 0.126639 0.237613 -0.000015 -0.001064 -0.000028 23.928127 0.035555 -7.350894 -1.243052 0.020556 0.091890 -0.987969 0.031826 0.085169 -0.000413 -0.000046 -0.000011 19.347132 0.006099 -11.043808 -0.802797 -0.043554 -0.083391 -0.553125 -0.043134 -0.038958 0.000121 0.000013 0.000007 15.263540 0.063231 -14.785571 -0.543108 -0.109528 -0.081327 -0.702141 -0.139789 -0.066528 0.000260 0.000006 -0.000031 0.000000 0.000000 0.000000 0.000000 0.000000 0.000000 10.431221 -12.572014 19.277504 -0.062097 -0.433384 9.137612 -9.048686 -18.884035 14.937830 0.319024 -1.101648 -28.484808 0.000000 0.000000 0.000000 0.000000 0.000000 0.000000 0.000000 0.000000 0.000000 22.630684 5.767120 1.439286 0.522283 1.124814 29.343283 -6.769213 7.747604 14.013957 1.154777 1.379097 -28.173489 0.000000 0.000000 0.000000 0.000000 0.000000 0.000000 0.000000 0.000000 0.000000 
1.106671 85.567741 8.613863 -8.181478 2.728798 -16.864237 4.502386 -0.986881 6.630566 3.603120 -0.799126 3.240803 2.974423 -1.447465 15.580881 -0.487846 0.031710 1.665809 4.246384 1.334127 8.127477 -4.101546 -0.527215 -9.008410 -0.497348 3.198778 -24.163015 0.000000 0.000000 0.000000 96.157417 -1.005878 4.449957 62.917984 -21.197323 0.585306 2.671234 22.867231 34.658585 -10.298669 14.511247 -14.671758 3.823059 -0.780079 43.220242 0.000001 0.000038 -8.927663 0.000019 0.000051 -6.273934 0.000027 0.000012 -0.000050 -22.549046 0.131794 -0.105071 1.098030 0.109027 -0.066211 0.912799 0.125446 -0.026947 -0.000025 0.000014 -0.000025 -21.677822 0.059182 -4.477574 0.863774 0.029516 0.003259 0.903573 0.034089 0.002564 0.000016 0.000037 -0.000027 -20.065104 -0.075899 -10.656508 0.357290 -0.020820 -0.095655 0.204463 -0.029311 -0.061807 -0.000004 -0.000967 0.000031 -15.915402 -0.076624 -17.975794 0.276957 -0.087380 -0.430051 0.359073 -0.126285 -0.377121 -0.000870 -0.000012 -0.000009 0.000000 0.000000 0.000000 0.000000 0.000000 0.000000 -94.229233 0.623478 4.585617 -66.220467 23.275930 -1.071140 -2.850857 -15.922745 53.849930 16.935234 -14.137380 -18.602266 -2.387771 0.601277 43.777664 0.000014 0.000029 -5.948666 -0.000120 -0.000035 -3.851671 0.000373 0.000015 -0.001149 27.415648 0.047317 -3.542201 -1.181770 0.099989 0.335899 -1.040702 0.125339 0.234508 -0.000015 -0.001104 -0.000028 24.272924 0.035423 -7.301273 -1.228839 0.019941 0.090642 -0.973697 0.031292 0.084363 -0.000372 -0.000046 -0.000010 19.700663 0.006352 -11.026792 -0.772189 -0.042228 -0.082311 -0.525446 -0.042420 -0.038497 0.000051 0.000013 0.000007 15.603788 0.062417 -14.790529 -0.498246 -0.106516 -0.079161 -0.659234 -0.138056 -0.067230 0.000247 0.000006 -0.000031 0.000000 0.000000 0.000000 0.000000 0.000000 0.000000 10.200333 -12.537881 19.506311 -0.064715 -0.451222 9.083397 -8.868136 -18.873257 14.908887 0.294963 -1.096433 -28.479498 0.000000 0.000000 0.000000 0.000000 0.000000 0.000000 0.000000 0.000000 0.000000 22.411495 5.717533 1.767066 0.518013 1.131512 29.130848 -6.653762 7.667539 13.940778 1.145256 1.361300 -28.130230 0.000000 0.000000 0.000000 0.000000 0.000000 0.000000 0.000000 0.000000 0.000000 
1.320929 85.599525 8.711647 -8.106746 2.734101 -16.989038 4.443826 -0.974438 6.669353 3.592006 -0.792322 3.189694 2.932611 -1.379959 15.657247 -0.481639 0.039291 1.656871 4.298729 1.288521 8.156388 -4.077211 -0.545350 -9.005903 -0.475594 3.194949 -24.184994 0.000000 0.000000 0.000000 96.236893 -1.001283 4.442784 62.910603 -20.921692 0.788317 2.690563 22.969900 34.486393 -10.413750 14.655309 -14.677970 3.809314 -0.777222 43.226665 0.000001 0.000038 -8.902786 0.000019 0.000050 -6.252072 0.000027 0.000012 -0.000049 -22.681635 0.132869 -0.094090 1.110992 0.107828 -0.065095 0.922199 0.124426 -0.026056 -0.000025 0.000013 -0.000024 -21.792440 0.059195 -4.470327 0.878271 0.028897 0.003155 0.915285 0.033790 0.002789 0.000016 0.000037 -0.000027 -20.167076 -0.076350 -10.645420 0.379188 -0.020179 -0.096558 0.224472 -0.029067 -0.062414 -0.000004 -0.000982 0.000031 -16.018265 -0.079179 -17.951504 0.284042 -0.085110 -0.435828 0.372470 -0.124575 -0.382021 -0.000871 -0.000012 -0.000009 0.000000 0.000000 0.000000 0.000000 0.000000 0.000000 -94.294960 0.637796 4.573895 -66.045128 23.159153 -1.011894 -2.873834 -15.960400 53.811489 17.160677 -13.814178 -18.542297 -2.329148 0.591825 43.805698 0.000014 0.000029 -5.798619 -0.000119 -0.000035 -3.743209 0.000374 0.000015 -0.001122 27.771292 0.047514 -3.477220 -1.170359 0.098559 0.332935 -1.032676 0.124020 0.231833 -0.000015 -0.001147 -0.000028 24.628506 0.035358 -7.253233 -1.219778 0.019272 0.089679 -0.965484 0.030755 0.083804 -0.000343 -0.000046 -0.000010 20.065704 0.006459 -11.012082 -0.749644 -0.040839 -0.081509 -0.505489 -0.041698 -0.038262 -0.000022 0.000013 0.000007 15.954580 0.061158 -14.798610 -0.462732 -0.103494 -0.078168 -0.625453 -0.136363 -0.068907 0.000231 0.000006 -0.000031 0.000000 0.000000 0.000000 0.000000 0.000000 0.000000 9.946726 -12.495385 19.746647 -0.067396 -0.470667 9.026825 -8.675854 -18.855368 14.877866 0.268994 -1.091138 -28.473888 0.000000 0.000000 0.000000 0.000000 0.000000 0.000000 0.000000 0.000000 0.000000 22.166847 5.681952 2.121752 0.512869 1.138001 28.895649 -6.521760 7.605599 13.876600 1.134107 1.343013 -28.085680 0.000000 0.000000 0.000000 0.000000 0.000000 0.000000 0.000000 0.000000 0.000000 
1.544050 85.633759 8.809361 -8.015102 2.722937 -17.115517 4.373370 -0.958894 6.712717 3.574828 -0.783784 3.135691 2.887405 -1.310239 15.738968 -0.476118 0.045011 1.647815 4.357976 1.249492 8.195487 -4.048627 -0.555717 -8.999423 -0.452605 3.191823 -24.211103 0.000000 0.000000 0.000000 96.324699 -0.996866 4.436938 62.909790 -20.643974 0.995849 2.708072 23.077339 34.337410 -10.532922 14.775616 -14.671887 3.792240 -0.774007 43.234604 0.000002 0.000038 -8.869267 0.000019 0.000050 -6.223828 0.000027 0.000012 -0.000049 -22.825769 0.134506 -0.083032 1.118323 0.106505 -0.063511 0.925800 0.123309 -0.024617 -0.000024 0.000013 -0.000024 -21.917988 0.059383 -4.464681 0.887672 0.028214 0.003325 0.922726 0.033459 0.003237 0.000016 0.000038 -0.000027 -20.276285 -0.076890 -10.639740 0.398196 -0.019458 -0.097492 0.241491 -0.028788 -0.063150 -0.000004 -0.000990 0.000032 -16.124491 -0.082105 -17.935633 0.289720 -0.082699 -0.441529 0.384251 -0.122897 -0.387172 -0.000871 -0.000012 -0.000010 0.000000 0.000000 0.000000 0.000000 0.000000 0.000000 -94.367538 0.653015 4.559072 -65.845078 23.055408 -0.948002 -2.895725 -16.006542 53.775654 17.350872 -13.487729 -18.499493 -2.273865 0.582445 43.833084 0.000014 0.000029 -5.654613 -0.000118 -0.000034 -3.639379 0.000373 0.000014 -0.001112 28.117428 0.048161 -3.419389 -1.163082 0.097061 0.330350 -1.028387 0.122634 0.229415 -0.000014 -0.001191 -0.000028 24.974762 0.035422 -7.213080 -1.214671 0.018520 0.088850 -0.962131 0.030201 0.083367 -0.000322 -0.000045 -0.000009 20.421436 0.006390 -11.004660 -0.734129 -0.039336 -0.080716 -0.492269 -0.040949 -0.038034 -0.000093 0.000013 0.000007 16.297598 0.059469 -14.814053 -0.436060 -0.100312 -0.077561 -0.600046 -0.134615 -0.070888 0.000211 0.000006 -0.000031 0.000000 0.000000 0.000000 0.000000 0.000000 0.000000 9.667410 -12.440504 19.992439 -0.070130 -0.491799 8.971671 -8.470542 -18.825369 14.844888 0.241577 -1.085680 -28.468447 0.000000 0.000000 0.000000 0.000000 0.000000 0.000000 0.000000 0.000000 0.000000 21.891661 5.661573 2.501042 0.506692 1.143767 28.635006 -6.371348 7.567336 13.823823 1.121359 1.324294 -28.041048 0.000000 0.000000 0.000000 0.000000 0.000000 0.000000 0.000000 0.000000 0.000000 
1.775660 85.670197 8.905813 -7.907910 2.694253 -17.240566 4.292780 -0.940610 6.761210 3.553991 -0.774420 3.078218 2.839265 -1.238244 15.824726 -0.471259 0.048910 1.634811 4.419883 1.217168 8.239587 -4.017694 -0.559980 -8.989869 -0.427922 3.190163 -24.237049 0.000000 0.000000 0.000000 96.415932 -0.992267 4.436120 62.922310 -20.359583 1.204144 2.723145 23.185671 34.204765 -10.662542 14.873219 -14.658516 3.773852 -0.770675 43.243092 0.000002 0.000038 -8.832258 0.000019 0.000050 -6.192799 0.000027 0.000012 -0.000049 -22.969904 0.136515 -0.070002 1.118853 0.105258 -0.061356 0.922634 0.122260 -0.022536 -0.000024 0.000012 -0.000023 -22.041761 0.059713 -4.457796 0.890391 0.027534 0.003767 0.924450 0.033153 0.003924 0.000016 0.000040 -0.000027 -20.380966 -0.077465 -10.635250 0.412447 -0.018785 -0.098485 0.254096 -0.028556 -0.064051 -0.000004 -0.000997 0.000032 -16.223803 -0.085086 -17.923309 0.293428 -0.080521 -0.446990 0.394240 -0.121520 -0.392451 -0.000870 -0.000012 -0.000010 0.000000 0.000000 0.000000 0.000000 0.000000 0.000000 -94.441139 0.667719 4.545630 -65.635239 22.942356 -0.882935 -2.917030 -16.059830 53.736134 17.505724 -13.148023 -18.479115 -2.224230 0.573682 43.858341 0.000014 0.000028 -5.523861 -0.000117 -0.000034 -3.545204 0.000365 0.000014 -0.001120 28.436014 0.049133 -3.370553 -1.156041 0.095613 0.327918 -1.024249 0.121314 0.227051 -0.000014 -0.001236 -0.000028 25.292547 0.035606 -7.181984 -1.209716 0.017755 0.088050 -0.959286 0.029667 0.082938 -0.000304 -0.000045 -0.000008 20.748312 0.006261 -11.003018 -0.721270 -0.037796 -0.079793 -0.481664 -0.040218 -0.037724 -0.000164 0.000013 0.000007 16.615618 0.057743 -14.833847 -0.414527 -0.097141 -0.076919 -0.579051 -0.132912 -0.072651 0.000186 0.000006 -0.000030 0.000000 0.000000 0.000000 0.000000 0.000000 0.000000 9.364614 -12.371900 20.239750 -0.072880 -0.514139 8.917363 -8.254045 -18.783985 14.814493 0.212741 -1.080195 -28.464220 0.000000 0.000000 0.000000 0.000000 0.000000 0.000000 0.000000 0.000000 0.000000 21.586500 5.653830 2.900173 0.499585 1.148751 28.352991 -6.203665 7.550251 13.781471 1.106563 1.305063 -27.997465 0.000000 0.000000 0.000000 0.000000 0.000000 0.000000 0.000000 0.000000 0.000000 
2.015273 85.708504 9.000961 -7.788618 2.646698 -17.362310 4.205351 -0.920594 6.813242 3.531733 -0.765100 3.017481 2.788064 -1.163130 15.913773 -0.467317 0.052034 1.616435 4.483587 1.187407 8.285708 -3.985958 -0.562241 -8.978042 -0.400340 3.190111 -24.261368 0.000000 0.000000 0.000000 96.506889 -0.987613 4.440708 62.950836 -20.068243 1.410097 2.736185 23.293087 34.081253 -10.814816 14.955612 -14.641447 3.755903 -0.767461 43.251305 0.000002 0.000037 -8.796493 0.000019 0.000050 -6.162210 0.000027 0.000012 -0.000049 -23.105661 0.138664 -0.054616 1.112823 0.104196 -0.058670 0.913039 0.121375 -0.019863 -0.000024 0.000012 -0.000023 -22.155176 0.060143 -4.448092 0.886592 0.026902 0.004398 0.920421 0.032902 0.004808 0.000015 0.000041 -0.000027 -20.473507 -0.078065 -10.628255 0.421454 -0.018254 -0.099616 0.262119 -0.028413 -0.065144 -0.000004 -0.001005 0.000033 -16.309685 -0.088044 -17.909843 0.295073 -0.078800 -0.452357 0.402386 -0.120550 -0.397875 -0.000870 -0.000012 -0.000011 0.000000 0.000000 0.000000 0.000000 0.000000 0.000000 -94.512077 0.681179 4.534838 -65.428886 22.809677 -0.823364 -2.938733 -16.119955 53.695480 17.643150 -12.782303 -18.471956 -2.179877 0.565742 43.881096 0.000014 0.000028 -5.407151 -0.000116 -0.000033 -3.461164 0.000349 0.000013 -0.001143 28.722900 0.050317 -3.329127 -1.145231 0.094214 0.324945 -1.016469 0.120061 0.224126 -0.000014 -0.001279 -0.000028 25.577459 0.035894 -7.157510 -1.201241 0.017006 0.087025 -0.952857 0.029149 0.082274 -0.000285 -0.000044 -0.000006 21.041906 0.006160 -11.003285 -0.706290 -0.036239 -0.078460 -0.469142 -0.039504 -0.037129 -0.000236 0.000013 0.000007 16.904293 0.056147 -14.852930 -0.393262 -0.094020 -0.075374 -0.557617 -0.131236 -0.073412 0.000159 0.000006 -0.000030 0.000000 0.000000 0.000000 0.000000 0.000000 0.000000 9.042310 -12.290666 20.486698 -0.075730 -0.537346 8.862672 -8.029150 -18.732477 14.789127 0.182514 -1.074592 -28.461193 0.000000 0.000000 0.000000 0.000000 0.000000 0.000000 0.000000 0.000000 0.000000 21.256119 5.655634 3.314868 0.491827 1.153203 28.055532 -6.022861 7.548189 13.745071 1.089957 1.285315 -27.955141 0.000000 0.000000 0.000000 0.000000 0.000000 0.000000 0.000000 0.000000 0.000000 
2.262139 85.748116 9.094683 -7.659084 2.579757 -17.478804 4.112936 -0.899037 6.867089 3.507731 -0.755453 2.954314 2.731629 -1.083612 16.005863 -0.464631 0.056109 1.595103 4.555805 1.157455 8.331985 -3.952837 -0.563098 -8.965735 -0.369676 3.191399 -24.285112 0.000000 0.000000 0.000000 96.594833 -0.982598 4.449975 62.990379 -19.778139 1.613595 2.747697 23.401527 33.969662 -10.977420 15.026978 -14.619599 3.737283 -0.764469 43.259464 0.000003 0.000037 -8.759860 0.000019 0.000049 -6.130737 0.000027 0.000012 -0.000049 -23.233904 0.140954 -0.042809 1.100752 0.103150 -0.055558 0.897548 0.120509 -0.016769 -0.000023 0.000011 -0.000023 -22.258671 0.060654 -4.440121 0.877300 0.026285 0.005189 0.911335 0.032665 0.005841 0.000015 0.000043 -0.000027 -20.551714 -0.078732 -10.621697 0.426524 -0.017782 -0.100802 0.266590 -0.028303 -0.066333 -0.000004 -0.001011 0.000033 -16.379253 -0.091061 -17.897387 0.295247 -0.077311 -0.457189 0.408590 -0.119785 -0.403031 -0.000867 -0.000012 -0.000012 0.000000 0.000000 0.000000 0.000000 0.000000 0.000000 -94.581055 0.693140 4.523483 -65.227028 22.676939 -0.774767 -2.961439 -16.187155 53.662376 17.765518 -12.380620 -18.469515 -2.140377 0.558607 43.901497 0.000015 0.000028 -5.303507 -0.000115 -0.000033 -3.386451 0.000327 0.000013 -0.001174 28.978920 0.051794 -3.298778 -1.130206 0.092674 0.320674 -1.004525 0.118672 0.220072 -0.000014 -0.001318 -0.000028 25.831882 0.036317 -7.141920 -1.188296 0.016201 0.085480 -0.941837 0.028587 0.081144 -0.000263 -0.000044 -0.000005 21.304502 0.006038 -11.005794 -0.687352 -0.034552 -0.076411 -0.452915 -0.038725 -0.036003 -0.000306 0.000013 0.000008 17.165657 0.054385 -14.869898 -0.369526 -0.090614 -0.071832 -0.533035 -0.129320 -0.072438 0.000130 0.000006 -0.000030 0.000000 0.000000 0.000000 0.000000 0.000000 0.000000 8.703110 -12.195954 20.728161 -0.078747 -0.561183 8.811477 -7.797650 -18.666798 14.767029 0.151546 -1.068827 -28.458942 0.000000 0.000000 0.000000 0.000000 0.000000 0.000000 0.000000 0.000000 0.000000 20.905096 5.667161 3.740541 0.483656 1.157217 27.746319 -5.833768 7.559371 13.711174 1.072577 1.265157 -27.914684 0.000000 0.000000 0.000000 0.000000 0.000000 0.000000 0.000000 0.000000 0.000000 
2.515415 85.788406 9.186418 -7.521389 2.493424 -17.587122 4.017917 -0.876367 6.921520 3.482898 -0.745526 2.888701 2.668628 -0.999435 16.100883 -0.463043 0.062152 1.570978 4.635578 1.129834 8.374804 -3.918572 -0.561014 -8.954605 -0.336827 3.193994 -24.307159 0.000000 0.000000 0.000000 96.677460 -0.976950 4.463974 63.037746 -19.491653 1.813407 2.758009 23.509373 33.871376 -11.139758 15.087623 -14.596780 3.718208 -0.761816 43.267326 0.000003 0.000037 -8.723116 0.000019 0.000049 -6.099103 0.000027 0.000012 -0.000049 -23.351343 0.143279 -0.037370 1.082435 0.102094 -0.051955 0.876068 0.119642 -0.013279 -0.000023 0.000010 -0.000022 -22.349066 0.061211 -4.435745 0.862416 0.025694 0.006142 0.897058 0.032438 0.007006 0.000015 0.000045 -0.000027 -20.611956 -0.079438 -10.616312 0.427891 -0.017370 -0.101989 0.267774 -0.028231 -0.067563 -0.000004 -0.001011 0.000034 -16.429644 -0.093948 -17.885300 0.294150 -0.076058 -0.461105 0.412886 -0.119186 -0.407576 -0.000863 -0.000012 -0.000012 0.000000 0.000000 0.000000 0.000000 0.000000 0.000000 -94.647514 0.703506 4.509687 -65.032410 22.549215 -0.738429 -2.985000 -16.257280 53.638660 17.869207 -11.938517 -18.469641 -2.106682 0.552377 43.919193 0.000015 0.000027 -5.215196 -0.000114 -0.000032 -3.322682 0.000301 0.000013 -0.001211 29.200239 0.053499 -3.285728 -1.111265 0.091005 0.315037 -0.988808 0.117147 0.214920 -0.000014 -0.001351 -0.000028 26.052837 0.036871 -7.139514 -1.171156 0.015352 0.083401 -0.926126 0.027988 0.079551 -0.000237 -0.000044 -0.000003 21.533180 0.005910 -11.012079 -0.664084 -0.032758 -0.073693 -0.432721 -0.037891 -0.034377 -0.000371 0.000013 0.000008 17.397383 0.052491 -14.883637 -0.342546 -0.086936 -0.066280 -0.504534 -0.127173 -0.069757 0.000098 0.000006 -0.000030 0.000000 0.000000 0.000000 0.000000 0.000000 0.000000 8.351401 -12.086383 20.957996 -0.081899 -0.585029 8.766777 -7.563131 -18.583044 14.747260 0.120532 -1.063177 -28.457014 0.000000 0.000000 0.000000 0.000000 0.000000 0.000000 0.000000 0.000000 0.000000 20.539143 5.688987 4.172143 0.475331 1.160802 27.429045 -5.640780 7.583027 13.677849 1.054932 1.244781 -27.877346 0.000000 0.000000 0.000000 0.000000 0.000000 0.000000 0.000000 0.000000 0.000000 
2.774340 85.828972 9.275956 -7.378120 2.388063 -17.685808 3.923019 -0.853406 6.975122 3.459100 -0.735812 2.821828 2.598795 -0.910411 16.197990 -0.462609 0.070569 1.543903 4.717167 1.106371 8.410684 -3.884116 -0.556094 -8.945680 -0.302351 3.197933 -24.326336 0.000000 0.000000 0.000000 96.753517 -0.971163 4.482199 63.093834 -19.206079 2.005947 2.767491 23.613884 33.784790 -11.304837 15.137584 -14.578281 3.700331 -0.759602 43.274258 0.000003 0.000036 -8.690205 0.000018 0.000049 -6.070159 0.000027 0.000011 -0.000048 -23.450909 0.145466 -0.036806 1.058210 0.101158 -0.047712 0.849064 0.118887 -0.009299 -0.000023 0.000010 -0.000022 -22.420109 0.061781 -4.433750 0.842028 0.025177 0.007238 0.877616 0.032259 0.008298 0.000015 0.000047 -0.000027 -20.650156 -0.080142 -10.610812 0.425197 -0.017108 -0.103242 0.265527 -0.028255 -0.068861 -0.000003 -0.001007 0.000034 -16.457485 -0.096494 -17.871552 0.291731 -0.075269 -0.464260 0.415474 -0.118898 -0.411559 -0.000858 -0.000012 -0.000013 0.000000 0.000000 0.000000 0.000000 0.000000 0.000000 -94.710785 0.712367 4.493089 -64.851395 22.416279 -0.716031 -3.008775 -16.324944 53.626850 17.960850 -11.453073 -18.467979 -2.078457 0.547019 43.934216 0.000015 0.000027 -5.141570 -0.000112 -0.000032 -3.269551 0.000269 0.000012 -0.001253 29.388601 0.055287 -3.290103 -1.088897 0.089392 0.308469 -0.969961 0.115667 0.209043 -0.000014 -0.001380 -0.000029 26.242144 0.037529 -7.150063 -1.150957 0.014548 0.080972 -0.906436 0.027410 0.077643 -0.000207 -0.000043 -0.000001 21.730766 0.005837 -11.022546 -0.636886 -0.031001 -0.070607 -0.409060 -0.037092 -0.032476 -0.000431 0.000013 0.000008 17.602100 0.050718 -14.894216 -0.312324 -0.083338 -0.059631 -0.472264 -0.125061 -0.065996 0.000063 0.000006 -0.000030 0.000000 0.000000 0.000000 0.000000 0.000000 0.000000 7.992128 -11.963163 21.173813 -0.085187 -0.608382 8.728217 -7.329411 -18.480768 14.729996 0.089859 -1.057789 -28.454655 0.000000 0.000000 0.000000 0.000000 0.000000 0.000000 0.000000 0.000000 0.000000 20.164223 5.720297 4.606057 0.467069 1.163979 27.107210 -5.447307 7.616992 13.644090 1.037188 1.224482 -27.843840 0.000000 0.000000 0.000000 0.000000 0.000000 0.000000 0.000000 0.000000 0.000000 
3.038310 85.869453 9.363446 -7.230574 2.264901 -17.775047 3.829345 -0.830457 7.026532 3.437249 -0.726451 2.755468 2.521153 -0.815901 16.296545 -0.463746 0.081692 1.515906 4.800104 1.086934 8.437316 -3.849375 -0.548160 -8.939901 -0.266794 3.202948 -24.342840 0.000000 0.000000 0.000000 96.822800 -0.965761 4.503608 63.156303 -18.924259 2.189802 2.776293 23.715115 33.710560 -11.473344 15.175939 -14.566532 3.683732 -0.757870 43.280216 0.000004 0.000036 -8.661200 0.000018 0.000049 -6.044077 0.000027 0.000011 -0.000048 -23.531610 0.147490 -0.040611 1.028316 0.100360 -0.042873 0.816896 0.118261 -0.004877 -0.000022 0.000009 -0.000021 -22.471525 0.062358 -4.434362 0.816368 0.024744 0.008440 0.853070 0.032133 0.009687 0.000015 0.000049 -0.000027 -20.666937 -0.080857 -10.605885 0.417962 -0.016997 -0.104611 0.259224 -0.028375 -0.070241 -0.000003 -0.000999 0.000035 -16.462549 -0.098725 -17.857141 0.287011 -0.074919 -0.466920 0.415354 -0.118915 -0.415135 -0.000852 -0.000012 -0.000013 0.000000 0.000000 0.000000 0.000000 0.000000 0.000000 -94.771652 0.719951 4.473437 -64.685143 22.280228 -0.708689 -3.032202 -16.388693 53.631599 18.047266 -10.926359 -18.460485 -2.054485 0.542392 43.947090 0.000015 0.000027 -5.079524 -0.000111 -0.000031 -3.224937 0.000230 0.000012 -0.001298 29.550449 0.057173 -3.308706 -1.063837 0.087896 0.301194 -0.948670 0.114298 0.202632 -0.000014 -0.001401 -0.000029 26.406433 0.038290 -7.170927 -1.128875 0.013826 0.078287 -0.883894 0.026878 0.075491 -0.000172 -0.000043 0.000001 21.904615 0.005808 -11.036861 -0.606708 -0.029330 -0.067306 -0.382831 -0.036361 -0.030419 -0.000484 0.000013 0.000008 17.786133 0.049046 -14.902653 -0.279286 -0.079939 -0.052314 -0.436773 -0.123092 -0.061510 0.000027 0.000006 -0.000030 0.000000 0.000000 0.000000 0.000000 0.000000 0.000000 7.627761 -11.828444 21.374905 -0.088658 -0.631131 8.695928 -7.098022 -18.360323 14.714093 0.059777 -1.052509 -28.451155 0.000000 0.000000 0.000000 0.000000 0.000000 0.000000 0.000000 0.000000 0.000000 19.784075 5.759917 5.039688 0.458984 1.166752 26.782881 -5.255842 7.659037 13.609559 1.019711 1.204456 -27.814255 0.000000 0.000000 0.000000 0.000000 0.000000 0.000000 0.000000 0.000000 0.000000 
3.306830 85.909660 9.449000 -7.079607 2.125677 -17.856249 3.737547 -0.807718 7.075454 3.418044 -0.717532 2.691491 2.435276 -0.715798 16.396025 -0.466609 0.095425 1.488643 4.882153 1.071671 8.453252 -3.814409 -0.537362 -8.937843 -0.230700 3.208720 -24.356726 0.000000 0.000000 0.000000 96.885979 -0.960909 4.527760 63.223061 -18.646936 2.364673 2.784411 23.813046 33.647514 -11.645864 15.200806 -14.561947 3.667863 -0.756494 43.285519 0.000004 0.000036 -8.634635 0.000018 0.000049 -6.019879 0.000027 0.000011 -0.000048 -23.596519 0.149318 -0.046048 0.993762 0.099661 -0.037472 0.780580 0.117718 -0.000057 -0.000022 0.000009 -0.000021 -22.507761 0.062920 -4.435877 0.786206 0.024378 0.009724 0.824082 0.032045 0.011154 0.000015 0.000052 -0.000027 -20.669109 -0.081578 -10.600966 0.406122 -0.016994 -0.106149 0.248732 -0.028561 -0.071723 -0.000003 -0.000987 0.000035 -16.451933 -0.100673 -17.841839 0.279205 -0.074850 -0.469445 0.411899 -0.119121 -0.418519 -0.000845 -0.000012 -0.000014 0.000000 0.000000 0.000000 0.000000 0.000000 0.000000 -94.830986 0.726595 4.450867 -64.532516 22.139641 -0.714311 -3.054666 -16.447903 53.653313 18.135983 -10.364225 -18.443150 -2.033128 0.538241 43.958511 0.000014 0.000026 -5.024820 -0.000110 -0.000031 -3.185851 0.000184 0.000012 -0.001348 29.694481 0.059121 -3.337040 -1.037229 0.086561 0.293552 -0.926096 0.113095 0.195976 -0.000014 -0.001417 -0.000029 26.554626 0.039135 -7.198601 -1.106439 0.013211 0.075485 -0.860043 0.026409 0.073208 -0.000133 -0.000043 0.000003 22.064528 0.005821 -11.054231 -0.575139 -0.027783 -0.063996 -0.355477 -0.035723 -0.028358 -0.000530 0.000013 0.000008 17.958405 0.047495 -14.909862 -0.244668 -0.076830 -0.044946 -0.399428 -0.121352 -0.056802 -0.000011 0.000007 -0.000030 0.000000 0.000000 0.000000 0.000000 0.000000 0.000000 7.259896 -11.684752 21.561775 -0.092334 -0.653233 8.670165 -6.869825 -18.222490 14.698627 0.030401 -1.047207 -28.446041 0.000000 0.000000 0.000000 0.000000 0.000000 0.000000 0.000000 0.000000 0.000000 19.401142 5.807068 5.471845 0.451110 1.169101 26.457815 -5.067719 7.708118 13.574445 1.002669 1.184809 -27.788403 0.000000 0.000000 0.000000 0.000000 0.000000 0.000000 0.000000 0.000000 0.000000 
3.579545 85.949577 9.532923 -6.926064 1.972198 -17.932638 3.647974 -0.785477 7.122319 3.402167 -0.709281 2.632388 2.341975 -0.610910 16.495531 -0.471286 0.110985 1.463521 4.958575 1.059749 8.458769 -3.779962 -0.525526 -8.939204 -0.194249 3.214937 -24.368401 0.000000 0.000000 0.000000 96.945007 -0.956978 4.554461 63.292095 -18.371422 2.532107 2.791950 23.907448 33.592945 -11.830433 15.209010 -14.565417 3.652224 -0.755212 43.290520 0.000004 0.000036 -8.609299 0.000018 0.000049 -5.996648 0.000027 0.000011 -0.000048 -23.650843 0.150903 -0.047247 0.956724 0.099030 -0.031557 0.742200 0.117214 0.005125 -0.000022 0.000008 -0.000021 -22.536137 0.063441 -4.433968 0.753280 0.024051 0.011048 0.792235 0.031978 0.012670 0.000015 0.000055 -0.000027 -20.667665 -0.082284 -10.593780 0.390099 -0.017044 -0.107903 0.234422 -0.028780 -0.073331 -0.000003 -0.000977 0.000035 -16.437902 -0.102387 -17.824240 0.267723 -0.074888 -0.472213 0.404919 -0.119388 -0.421930 -0.000837 -0.000012 -0.000014 0.000000 0.000000 0.000000 0.000000 0.000000 0.000000 -94.888870 0.732385 4.426754 -64.393593 21.981218 -0.728396 -3.075660 -16.503138 53.689919 18.241392 -9.774778 -18.412577 -2.011913 0.534161 43.969574 0.000014 0.000026 -4.971303 -0.000109 -0.000031 -3.147900 0.000132 0.000012 -0.001403 29.834183 0.061051 -3.365009 -1.010558 0.085458 0.286118 -0.903770 0.112147 0.189500 -0.000015 -0.001427 -0.000029 26.699837 0.040024 -7.225306 -1.085436 0.012736 0.072785 -0.836771 0.026033 0.070967 -0.000092 -0.000043 0.000004 22.224827 0.005883 -11.071404 -0.543838 -0.026417 -0.060984 -0.328383 -0.035216 -0.026514 -0.000571 0.000013 0.000008 18.132275 0.046154 -14.915799 -0.209435 -0.074172 -0.038599 -0.361497 -0.119982 -0.052691 -0.000048 0.000007 -0.000030 0.000000 0.000000 0.000000 0.000000 0.000000 0.000000 6.889614 -11.535515 21.737577 -0.096214 -0.674715 8.650142 -6.645271 -18.069847 14.683619 0.001594 -1.041802 -28.438976 0.000000 0.000000 0.000000 0.000000 0.000000 0.000000 0.000000 0.000000 0.000000 19.016918 5.860900 5.903505 0.443385 1.170949 26.133955 -4.883152 7.763760 13.538947 0.985862 1.165630 -27.765453 0.000000 0.000000 0.000000 0.000000 0.000000 0.000000 0.000000 0.000000 0.000000 
3.856164 85.989090 9.615932 -6.770490 1.806220 -18.008173 3.560002 -0.763600 7.167561 3.389565 -0.701679 2.579737 2.242111 -0.502441 16.594921 -0.477629 0.127643 1.442359 5.029822 1.049256 8.456431 -3.746181 -0.513999 -8.943305 -0.157717 3.221080 -24.379419 0.000000 0.000000 0.000000 97.002365 -0.953890 4.583041 63.356804 -18.100449 2.697158 2.798766 23.999020 33.545403 -12.030861 15.197618 -14.574931 3.635362 -0.753807 43.295937 0.000004 0.000036 -8.581615 0.000017 0.000049 -5.971829 0.000027 0.000011 -0.000048 -23.703508 0.152276 -0.041406 0.918799 0.098331 -0.025326 0.703349 0.116628 0.010507 -0.000021 0.000007 -0.000020 -22.566917 0.063907 -4.426615 0.719123 0.023706 0.012365 0.758800 0.031892 0.014199 0.000015 0.000058 -0.000027 -20.673979 -0.082982 -10.583208 0.370592 -0.017024 -0.109852 0.216724 -0.028957 -0.075042 -0.000002 -0.000967 0.000036 -16.432255 -0.104058 -17.803843 0.251941 -0.074690 -0.475396 0.393754 -0.119475 -0.425435 -0.000827 -0.000012 -0.000015 0.000000 0.000000 0.000000 0.000000 0.000000 0.000000 -94.945572 0.737423 4.402234 -64.265823 21.800665 -0.744380 -3.095465 -16.558653 53.736435 18.373226 -9.174709 -18.365833 -1.988974 0.529860 43.981121 0.000014 0.000026 -4.914242 -0.000108 -0.000030 -3.107571 0.000076 0.000012 -0.001460 29.980297 0.062981 -3.384062 -0.984654 0.084510 0.279020 -0.882517 0.111397 0.183269 -0.000015 -0.001435 -0.000029 26.852394 0.040943 -7.243977 -1.066666 0.012369 0.070233 -0.815245 0.025730 0.068805 -0.000049 -0.000043 0.000005 22.395029 0.005942 -11.083868 -0.514264 -0.025199 -0.058330 -0.302669 -0.034811 -0.024918 -0.000606 0.000013 0.000008 18.315382 0.044842 -14.918237 -0.174713 -0.071860 -0.033529 -0.324314 -0.118919 -0.049432 -0.000084 0.000007 -0.000030 0.000000 0.000000 0.000000 0.000000 0.000000 0.000000 6.517076 -11.383203 21.905283 -0.100294 -0.695687 8.636804 -6.423398 -17.905540 14.668059 -0.026829 -1.036186 -28.429689 0.000000 0.000000 0.000000 0.000000 0.000000 0.000000 0.000000 0.000000 0.000000 18.632027 5.920630 6.336730 0.435728 1.172263 25.812737 -4.702083 7.825246 13.502374 0.969287 1.146894 -27.744207 0.000000 0.000000 0.000000 0.000000 0.000000 0.000000 0.000000 0.000000 0.000000 
4.136395 86.027962 9.698603 -6.612734 1.629355 -18.085276 3.472837 -0.741755 7.211600 3.379721 -0.694545 2.533360 2.136532 -0.391600 16.694584 -0.485305 0.145079 1.425566 5.097873 1.038330 8.447767 -3.712894 -0.503313 -8.950180 -0.121360 3.226691 -24.390509 0.000000 0.000000 0.000000 97.059654 -0.951254 4.612805 63.412239 -17.836483 2.861602 2.804909 24.089033 33.504440 -12.242657 15.163257 -14.588034 3.616500 -0.752115 43.302185 0.000004 0.000035 -8.549376 0.000017 0.000049 -5.944016 0.000027 0.000010 -0.000048 -23.761196 0.153510 -0.029181 0.881669 0.097505 -0.019035 0.665771 0.115919 0.015892 -0.000021 0.000007 -0.000020 -22.607416 0.064311 -4.414489 0.685371 0.023320 0.013630 0.725377 0.031767 0.015706 0.000014 0.000061 -0.000026 -20.696018 -0.083687 -10.569625 0.348809 -0.016875 -0.111960 0.196712 -0.029050 -0.076831 -0.000002 -0.000959 0.000036 -16.443069 -0.105793 -17.781208 0.232110 -0.074086 -0.479042 0.378555 -0.119262 -0.429050 -0.000817 -0.000012 -0.000015 0.000000 0.000000 0.000000 0.000000 0.000000 0.000000 -95.001953 0.742091 4.377420 -64.146233 21.598873 -0.757053 -3.114767 -16.618069 53.788231 18.534859 -8.581232 -18.299236 -1.963675 0.525157 43.993561 0.000014 0.000025 -4.851737 -0.000108 -0.000030 -3.063527 0.000019 0.000012 -0.001519 30.137968 0.064932 -3.390917 -0.960437 0.083673 0.272367 -0.863253 0.110798 0.177342 -0.000015 -0.001440 -0.000029 27.017113 0.041885 -7.251564 -1.050916 0.012088 0.067860 -0.796512 0.025486 0.066743 -0.000005 -0.000043 0.000005 22.578745 0.005948 -11.088953 -0.487796 -0.024109 -0.056058 -0.279567 -0.034491 -0.023571 -0.000638 0.000013 0.000008 18.509909 0.043432 -14.914992 -0.141960 -0.069840 -0.029761 -0.289383 -0.118131 -0.047082 -0.000118 0.000007 -0.000029 0.000000 0.000000 0.000000 0.000000 0.000000 0.000000 6.142383 -11.228490 22.065542 -0.104569 -0.716216 8.632133 -6.203530 -17.731153 14.650236 -0.054873 -1.030334 -28.417755 0.000000 0.000000 0.000000 0.000000 0.000000 0.000000 0.000000 0.000000 0.000000 18.246580 5.985837 6.773706 0.428093 1.173027 25.493435 -4.524529 7.892750 13.464212 0.953059 1.128562 -27.723717 0.000000 0.000000 0.000000 0.000000 0.000000 0.000000 0.000000 0.000000 0.000000 
4.420006 86.066101 9.781435 -6.452648 1.442693 -18.166132 3.385904 -0.719633 7.254587 3.371998 -0.687613 2.493029 2.025644 -0.279312 16.794760 -0.493885 0.162998 1.413560 5.164562 1.025844 8.435729 -3.679920 -0.493837 -8.959121 -0.085438 3.231351 -24.402779 0.000000 0.000000 0.000000 97.117775 -0.948727 4.643207 63.454208 -17.583044 3.029157 2.810385 24.176228 33.470367 -12.460768 15.107030 -14.600275 3.595588 -0.750137 43.309357 0.000005 0.000035 -8.512199 0.000017 0.000049 -5.912944 0.000027 0.000010 -0.000047 -23.826078 0.154620 -0.012068 0.847190 0.096497 -0.012987 0.631333 0.115045 0.021008 -0.000021 0.000006 -0.000019 -22.659725 0.064642 -4.398798 0.653723 0.022871 0.014770 0.693697 0.031587 0.017128 0.000014 0.000064 -0.000026 -20.735769 -0.084391 -10.553530 0.326695 -0.016540 -0.114110 0.176223 -0.029025 -0.078608 -0.000002 -0.000951 0.000036 -16.473301 -0.107662 -17.756145 0.209348 -0.072923 -0.483021 0.360341 -0.118626 -0.432638 -0.000805 -0.000012 -0.000015 0.000000 0.000000 0.000000 0.000000 0.000000 0.000000 -95.057831 0.747024 4.352294 -64.029854 21.379684 -0.759840 -3.134182 -16.682716 53.840340 18.724836 -8.011067 -18.212856 -1.936200 0.520062 44.006840 0.000014 0.000025 -4.784078 -0.000107 -0.000030 -3.015879 -0.000037 0.000012 -0.001575 30.306757 0.066877 -3.385530 -0.938878 0.082873 0.266277 -0.846858 0.110274 0.171825 -0.000015 -0.001443 -0.000029 27.193169 0.042832 -7.247527 -1.038837 0.011857 0.065710 -0.781371 0.025277 0.064818 0.000038 -0.000043 0.000005 22.773300 0.005870 -11.085159 -0.465637 -0.023108 -0.054198 -0.260141 -0.034223 -0.022500 -0.000664 0.000013 0.000008 18.711821 0.041763 -14.904129 -0.112624 -0.067993 -0.027306 -0.257949 -0.117511 -0.045699 -0.000150 0.000007 -0.000029 0.000000 0.000000 0.000000 0.000000 0.000000 0.000000 5.765022 -11.071534 22.218824 -0.109024 -0.736340 8.638622 -5.984780 -17.548883 14.628852 -0.082557 -1.024371 -28.402960 0.000000 0.000000 0.000000 0.000000 0.000000 0.000000 0.000000 0.000000 0.000000 17.860189 6.056437 7.216329 0.420435 1.173223 25.176346 -4.349641 7.967000 13.424407 0.937176 1.110656 -27.703642 0.000000 0.000000 0.000000 0.000000 0.000000 0.000000 0.000000 0.000000 0.000000 
4.706817 86.103401 9.864715 -6.290065 1.247172 -18.251717 3.298881 -0.697050 7.296404 3.365767 -0.680699 2.457958 1.910054 -0.166535 16.895760 -0.503072 0.180960 1.406132 5.230824 1.010859 8.422656 -3.647291 -0.486251 -8.969421 -0.050049 3.234821 -24.416658 0.000000 0.000000 0.000000 97.177521 -0.946359 4.673626 63.480812 -17.343800 3.200371 2.815200 24.258558 33.445660 -12.682386 15.028628 -14.606626 3.573768 -0.747904 43.317120 0.000005 0.000035 -8.472342 0.000017 0.000049 -5.880312 0.000028 0.000010 -0.000047 -23.896475 0.155643 0.008619 0.817709 0.095413 -0.007552 0.602303 0.114115 0.025543 -0.000021 0.000005 -0.000019 -22.722071 0.064909 -4.380528 0.626343 0.022394 0.015670 0.665989 0.031383 0.018367 0.000014 0.000067 -0.000026 -20.791956 -0.085096 -10.535231 0.306375 -0.016069 -0.116143 0.157364 -0.028920 -0.080261 -0.000002 -0.000942 0.000036 -16.522736 -0.109721 -17.728350 0.185347 -0.071333 -0.487047 0.340791 -0.117689 -0.435983 -0.000792 -0.000012 -0.000015 0.000000 0.000000 0.000000 0.000000 0.000000 0.000000 -95.112991 0.752856 4.327229 -63.914501 21.147396 -0.750871 -3.153857 -16.751867 53.892395 18.941973 -7.475342 -18.107706 -1.907311 0.514638 44.020744 0.000014 0.000025 -4.712892 -0.000107 -0.000029 -2.965869 -0.000089 0.000011 -0.001625 30.484734 0.068788 -3.367349 -0.920663 0.082131 0.261043 -0.833942 0.109840 0.166951 -0.000015 -0.001445 -0.000029 27.378239 0.043768 -7.231153 -1.030786 0.011675 0.063890 -0.770298 0.025107 0.063116 0.000080 -0.000043 0.000005 22.975790 0.005693 -11.071342 -0.448125 -0.022206 -0.052841 -0.244729 -0.034014 -0.021775 -0.000686 0.000013 0.000008 18.917858 0.039762 -14.884171 -0.087204 -0.066361 -0.026378 -0.230437 -0.117083 -0.045458 -0.000179 0.000007 -0.000029 0.000000 0.000000 0.000000 0.000000 0.000000 0.000000 5.384855 -10.912352 22.365543 -0.113633 -0.756065 8.657077 -5.766796 -17.361198 14.603183 -0.109938 -1.018448 -28.384953 0.000000 0.000000 0.000000 0.000000 0.000000 0.000000 0.000000 0.000000 0.000000 17.472485 6.132038 7.665226 0.412732 1.172823 24.861692 -4.176459 8.048556 13.383568 0.921493 1.093268 -27.683952 0.000000 0.000000 0.000000 0.000000 0.000000 0.000000 0.000000 0.000000 0.000000 
4.996681 86.139824 9.948553 -6.125053 1.043760 -18.342209 3.211575 -0.673948 7.337018 3.360522 -0.673757 2.427088 1.790788 -0.054403 16.997749 -0.512802 0.198488 1.402502 5.297815 0.991249 8.409276 -3.615370 -0.482173 -8.980888 -0.014876 3.237185 -24.431862 0.000000 0.000000 0.000000 97.239044 -0.944274 4.704060 63.492546 -17.123648 3.372838 2.819358 24.334257 33.435333 -12.906485 14.925097 -14.603065 3.552086 -0.745501 43.325066 0.000005 0.000035 -8.432276 0.000016 0.000049 -5.847878 0.000028 0.000010 -0.000047 -23.968504 0.156626 0.031924 0.794384 0.094318 -0.002995 0.579740 0.113192 0.029271 -0.000021 0.000005 -0.000018 -22.790428 0.065129 -4.360161 0.604305 0.021908 0.016239 0.643347 0.031176 0.019350 0.000014 0.000069 -0.000026 -20.861153 -0.085809 -10.514407 0.288816 -0.015491 -0.117939 0.141156 -0.028754 -0.081710 -0.000002 -0.000935 0.000037 -16.589378 -0.111995 -17.697117 0.161001 -0.069398 -0.490842 0.320814 -0.116530 -0.438900 -0.000779 -0.000012 -0.000016 0.000000 0.000000 0.000000 0.000000 0.000000 0.000000 -95.166916 0.759866 4.303449 -63.803055 20.905313 -0.732484 -3.173546 -16.824139 53.947689 19.187468 -6.977283 -17.983675 -1.877433 0.508997 44.034977 0.000014 0.000024 -4.639602 -0.000107 -0.000029 -2.914444 -0.000139 0.000011 -0.001671 30.668436 0.070655 -3.335200 -0.905243 0.081444 0.256802 -0.824008 0.109493 0.162794 -0.000014 -0.001447 -0.000029 27.568521 0.044693 -7.201103 -1.026018 0.011540 0.062448 -0.762638 0.024975 0.061669 0.000120 -0.000044 0.000004 23.182623 0.005405 -11.045729 -0.434307 -0.021400 -0.051982 -0.232396 -0.033862 -0.021407 -0.000702 0.000013 0.000008 19.125116 0.037426 -14.853210 -0.064671 -0.064949 -0.026916 -0.205835 -0.116835 -0.046306 -0.000206 0.000007 -0.000029 0.000000 0.000000 0.000000 0.000000 0.000000 0.000000 5.002549 -10.750807 22.506197 -0.118372 -0.775433 8.686499 -5.549773 -17.170710 14.573721 -0.137109 -1.012636 -28.363686 0.000000 0.000000 0.000000 0.000000 0.000000 0.000000 0.000000 0.000000 0.000000 17.083635 6.211490 8.120550 0.404989 1.171836 24.548941 -4.004541 8.137038 13.342470 0.905828 1.076446 -27.664568 0.000000 0.000000 0.000000 0.000000 0.000000 0.000000 0.000000 0.000000 0.000000 
5.289390 86.175507 10.033155 -5.958728 0.833229 -18.438360 3.124425 -0.650448 7.376214 3.355956 -0.666775 2.400144 1.668951 0.056179 17.100550 -0.523000 0.215203 1.402399 5.366557 0.964142 8.397719 -3.584763 -0.484319 -8.992896 0.020621 3.238528 -24.449034 0.000000 0.000000 0.000000 97.301826 -0.942398 4.734812 63.489487 -16.931208 3.546562 2.822742 24.400202 33.444057 -13.134433 14.794976 -14.584734 3.531305 -0.743019 43.332851 0.000005 0.000035 -8.393765 0.000016 0.000049 -5.816791 0.000028 0.000009 -0.000047 -24.039377 0.157565 0.058875 0.778547 0.093203 0.000478 0.564867 0.112260 0.031985 -0.000020 0.000004 -0.000017 -22.861923 0.065303 -4.336266 0.588855 0.021406 0.016401 0.626844 0.030959 0.020004 0.000014 0.000070 -0.000025 -20.940739 -0.086522 -10.489341 0.275343 -0.014776 -0.119369 0.128917 -0.028515 -0.082853 -0.000002 -0.000932 0.000037 -16.672218 -0.114533 -17.660107 0.137440 -0.067055 -0.494111 0.301431 -0.115092 -0.441166 -0.000765 -0.000012 -0.000016 0.000000 0.000000 0.000000 0.000000 0.000000 0.000000 -95.218292 0.768325 4.282196 -63.698574 20.658714 -0.704917 -3.192887 -16.897306 54.008835 19.466616 -6.519607 -17.841188 -1.846518 0.503197 44.049423 0.000014 0.000024 -4.564475 -0.000107 -0.000029 -2.861628 -0.000187 0.000011 -0.001712 30.856297 0.072438 -3.287637 -0.891661 0.080760 0.253566 -0.816230 0.109179 0.159333 -0.000014 -0.001451 -0.000029 27.762194 0.045585 -7.155455 -1.023282 0.011426 0.061387 -0.757290 0.024864 0.060478 0.000157 -0.000044 0.000003 23.391720 0.005001 -11.005663 -0.422844 -0.020660 -0.051579 -0.221686 -0.033741 -0.021382 -0.000712 0.000014 0.000008 19.331961 0.034695 -14.808387 -0.043468 -0.063685 -0.028742 -0.182605 -0.116678 -0.048126 -0.000228 0.000007 -0.000029 0.000000 0.000000 0.000000 0.000000 0.000000 0.000000 4.619681 -10.587502 22.642212 -0.123198 -0.794458 8.725727 -5.334011 -16.981134 14.541781 -0.164137 -1.007050 -28.339449 0.000000 0.000000 0.000000 0.000000 0.000000 0.000000 0.000000 0.000000 0.000000 16.695118 6.293362 8.582209 0.397231 1.170368 24.238840 -3.833817 8.231439 13.301214 0.890132 1.060217 -27.645163 0.000000 0.000000 0.000000 0.000000 0.000000 0.000000 0.000000 0.000000 0.000000 
5.584818 86.210571 10.118649 -5.791454 0.616609 -18.539450 3.037565 -0.626465 7.413585 3.351115 -0.659631 2.376485 1.544584 0.165618 17.204109 -0.533730 0.231579 1.405967 5.441374 0.926979 8.389979 -3.554725 -0.494125 -9.005209 0.057088 3.238684 -24.469183 0.000000 0.000000 0.000000 97.365944 -0.940364 4.764519 63.472637 -16.775049 3.717820 2.825335 24.457769 33.475803 -13.360181 14.636734 -14.545033 3.512273 -0.740516 43.340240 0.000005 0.000035 -8.358432 0.000016 0.000049 -5.788294 0.000028 0.000009 -0.000046 -24.106531 0.158518 0.087317 0.772117 0.092120 0.002699 0.559363 0.111366 0.033532 -0.000020 0.000003 -0.000017 -22.934116 0.065453 -4.310650 0.581887 0.020919 0.016110 0.618406 0.030748 0.020271 0.000014 0.000072 -0.000025 -21.028234 -0.087263 -10.461477 0.268102 -0.013969 -0.120352 0.122847 -0.028224 -0.083629 -0.000002 -0.000931 0.000037 -16.768566 -0.117405 -17.618145 0.116807 -0.064412 -0.496736 0.284558 -0.113450 -0.442726 -0.000750 -0.000012 -0.000016 0.000000 0.000000 0.000000 0.000000 0.000000 0.000000 -95.268906 0.779113 4.261476 -63.599342 20.425854 -0.673114 -3.211715 -16.972507 54.084385 19.780081 -6.098653 -17.676544 -1.815130 0.497236 44.063965 0.000014 0.000024 -4.488679 -0.000108 -0.000029 -2.808342 -0.000233 0.000011 -0.001746 31.046818 0.074154 -3.227361 -0.879398 0.080015 0.251065 -0.809986 0.108831 0.156360 -0.000014 -0.001455 -0.000029 27.958565 0.046440 -7.096032 -1.021718 0.011303 0.060617 -0.753683 0.024755 0.059469 0.000192 -0.000044 0.000002 23.603130 0.004450 -10.952010 -0.412976 -0.019952 -0.051506 -0.211975 -0.033627 -0.021607 -0.000715 0.000014 0.000008 19.539108 0.031454 -14.749787 -0.023330 -0.062523 -0.031384 -0.160572 -0.116564 -0.050593 -0.000247 0.000007 -0.000028 0.000000 0.000000 0.000000 0.000000 0.000000 0.000000 4.237042 -10.421691 22.772532 -0.128112 -0.813291 8.774650 -5.119653 -16.792990 14.507086 -0.190946 -1.001635 -28.311863 0.000000 0.000000 0.000000 0.000000 0.000000 0.000000 0.000000 0.000000 0.000000 16.307396 6.376737 9.048618 0.389533 1.168587 23.931141 -3.664332 8.331642 13.259760 0.874828 1.044630 -27.625639 0.000000 0.000000 0.000000 0.000000 0.000000 0.000000 0.000000 0.000000 0.000000 
5.882881 86.245087 10.204689 -5.623043 0.395125 -18.644093 2.950682 -0.601886 7.449581 3.345109 -0.652310 2.355297 1.417507 0.274078 17.308247 -0.544980 0.248063 1.412672 5.524796 0.879985 8.386424 -3.524439 -0.510977 -9.017689 0.094776 3.237680 -24.492258 0.000000 0.000000 0.000000 97.431396 -0.937771 4.792099 63.444572 -16.658665 3.882884 2.827266 24.508417 33.532078 -13.575391 14.449276 -14.482036 3.495611 -0.738143 43.346878 0.000005 0.000034 -8.327924 0.000016 0.000049 -5.763494 0.000028 0.000009 -0.000046 -24.165581 0.159508 0.114012 0.775354 0.091042 0.003664 0.563290 0.110492 0.033900 -0.000020 0.000003 -0.000016 -23.002476 0.065590 -4.286110 0.583672 0.020449 0.015381 0.618501 0.030538 0.020137 0.000014 0.000073 -0.000025 -21.118826 -0.088027 -10.433182 0.268065 -0.013078 -0.120843 0.124035 -0.027887 -0.084013 -0.000001 -0.000934 0.000037 -16.873943 -0.120595 -17.573162 0.100444 -0.061480 -0.498592 0.271467 -0.111591 -0.443525 -0.000735 -0.000012 -0.000016 0.000000 0.000000 0.000000 0.000000 0.000000 0.000000 -95.320290 0.792826 4.239244 -63.502621 20.218946 -0.641151 -3.229730 -17.050041 54.180855 20.122650 -5.702125 -17.489859 -1.784149 0.491229 44.078205 0.000014 0.000024 -4.414484 -0.000108 -0.000029 -2.756212 -0.000277 0.000011 -0.001776 31.234608 0.075798 -3.159809 -0.868454 0.079125 0.248963 -0.805139 0.108352 0.153657 -0.000014 -0.001462 -0.000029 28.153244 0.047253 -7.027381 -1.021071 0.011132 0.060036 -0.751702 0.024622 0.058571 0.000222 -0.000044 -0.000000 23.813320 0.003759 -10.887921 -0.404607 -0.019225 -0.051632 -0.203412 -0.033488 -0.021995 -0.000711 0.000014 0.000008 19.744732 0.027701 -14.679424 -0.004702 -0.061337 -0.034402 -0.140203 -0.116394 -0.053424 -0.000263 0.000007 -0.000028 0.000000 0.000000 0.000000 0.000000 0.000000 0.000000 3.855066 -10.251734 22.895292 -0.133102 -0.832029 8.832781 -4.907227 -16.604868 14.470078 -0.217396 -0.996312 -28.280878 0.000000 0.000000 0.000000 0.000000 0.000000 0.000000 0.000000 0.000000 0.000000 15.920440 6.461082 9.517511 0.381948 1.166539 23.626112 -3.495676 8.438144 13.218688 0.860090 1.029750 -27.606504 0.000000 0.000000 0.000000 0.000000 0.000000 0.000000 0.000000 0.000000 0.000000 
6.183548 86.279327 10.290887 -5.453722 0.170296 -18.752228 2.863680 -0.576852 7.485285 3.337172 -0.644977 2.336108 1.289575 0.379647 17.412722 -0.557168 0.264315 1.419878 5.615957 0.822933 8.384515 -3.494601 -0.535085 -9.031449 0.133933 3.236109 -24.516565 0.000000 0.000000 0.000000 97.497299 -0.934819 4.819310 63.408527 -16.588209 4.038677 2.829107 24.550383 33.612152 -13.778502 14.230679 -14.404713 3.482242 -0.736170 43.352108 0.000005 0.000034 -8.305198 0.000016 0.000049 -5.744338 0.000028 0.000009 -0.000046 -24.210972 0.160535 0.136358 0.785605 0.089914 0.003378 0.574152 0.109585 0.033077 -0.000020 0.000002 -0.000016 -23.060101 0.065718 -4.263941 0.591730 0.019959 0.014215 0.624559 0.030300 0.019617 0.000014 0.000073 -0.000025 -21.204493 -0.088772 -10.404356 0.272741 -0.012067 -0.120861 0.130043 -0.027471 -0.084041 -0.000001 -0.000939 0.000037 -16.981220 -0.123964 -17.525339 0.086407 -0.058138 -0.499501 0.260267 -0.109406 -0.443514 -0.000719 -0.000012 -0.000016 0.000000 0.000000 0.000000 0.000000 0.000000 0.000000 -95.370903 0.809416 4.217958 -63.417374 20.032263 -0.612304 -3.246781 -17.126362 54.299911 20.502985 -5.318004 -17.289852 -1.752949 0.485293 44.092049 0.000014 0.000023 -4.341430 -0.000108 -0.000029 -2.704790 -0.000322 0.000011 -0.001807 31.416092 0.077329 -3.084780 -0.857076 0.078027 0.247073 -0.800243 0.107682 0.151015 -0.000014 -0.001473 -0.000029 28.342295 0.048007 -6.948999 -1.019659 0.010900 0.059574 -0.749642 0.024451 0.057713 0.000248 -0.000044 -0.000002 24.018509 0.002966 -10.812399 -0.395991 -0.018441 -0.051755 -0.194353 -0.033295 -0.022443 -0.000700 0.000014 0.000008 19.947260 0.023613 -14.596411 0.014535 -0.060025 -0.037315 -0.119466 -0.116059 -0.056213 -0.000275 0.000007 -0.000028 0.000000 0.000000 0.000000 0.000000 0.000000 0.000000 3.475604 -10.077185 23.011768 -0.138096 -0.850652 8.895857 -4.697709 -16.419197 14.434728 -0.243503 -0.991027 -28.247765 0.000000 0.000000 0.000000 0.000000 0.000000 0.000000 0.000000 0.000000 0.000000 15.535339 6.543431 9.989238 0.374474 1.164093 23.322952 -3.327377 8.549552 13.179930 0.845365 1.015654 -27.588028 0.000000 0.000000 0.000000 0.000000 0.000000 0.000000 0.000000 0.000000 0.000000 
6.486358 86.313576 10.376843 -5.283987 -0.056348 -18.862696 2.775918 -0.551224 7.521541 3.326725 -0.637649 2.319026 1.160202 0.482207 17.515505 -0.570033 0.280646 1.427418 5.717840 0.754552 8.386755 -3.464160 -0.566889 -9.045688 0.174991 3.233927 -24.543007 0.000000 0.000000 0.000000 97.562218 -0.930751 4.844939 63.366535 -16.565382 4.186020 2.830725 24.583872 33.710278 -13.958277 13.987350 -14.308814 3.473002 -0.734704 43.355618 0.000006 0.000034 -8.291945 0.000016 0.000049 -5.732120 0.000028 0.000009 -0.000046 -24.237963 0.161635 0.152390 0.803690 0.088717 0.001981 0.592670 0.108624 0.031181 -0.000020 0.000001 -0.000015 -23.102182 0.065824 -4.246143 0.606738 0.019458 0.012689 0.637196 0.030029 0.018740 0.000014 0.000074 -0.000024 -21.280182 -0.089483 -10.377228 0.283195 -0.010935 -0.120490 0.141981 -0.026965 -0.083760 -0.000001 -0.000945 0.000037 -17.085140 -0.127471 -17.476009 0.076307 -0.054387 -0.499742 0.252296 -0.106858 -0.442952 -0.000704 -0.000012 -0.000016 0.000000 0.000000 0.000000 0.000000 0.000000 0.000000 -95.420998 0.828571 4.195807 -63.342953 19.874868 -0.590103 -3.262342 -17.200718 54.444553 20.916143 -4.939879 -17.074093 -1.722338 0.479367 44.105408 0.000015 0.000023 -4.270610 -0.000109 -0.000029 -2.654995 -0.000368 0.000011 -0.001838 31.589880 0.078774 -3.005817 -0.846278 0.076669 0.245087 -0.796340 0.106771 0.148266 -0.000014 -0.001489 -0.000029 28.525707 0.048694 -6.864312 -1.018305 0.010583 0.059123 -0.748612 0.024229 0.056825 0.000270 -0.000045 -0.000004 24.219915 0.002064 -10.728609 -0.388721 -0.017591 -0.051788 -0.186466 -0.033038 -0.022879 -0.000679 0.000015 0.000008 20.148981 0.019166 -14.503697 0.031924 -0.058551 -0.039883 -0.100872 -0.115538 -0.058795 -0.000284 0.000007 -0.000028 0.000000 0.000000 0.000000 0.000000 0.000000 0.000000 3.099505 -9.897099 23.120134 -0.143098 -0.869304 8.964641 -4.490786 -16.233978 14.401790 -0.268947 -0.985496 -28.213242 0.000000 0.000000 0.000000 0.000000 0.000000 0.000000 0.000000 0.000000 0.000000 15.152729 6.622631 10.461475 0.367166 1.161336 23.021942 -3.159370 8.665692 13.143991 0.831143 1.002423 -27.570509 0.000000 0.000000 0.000000 0.000000 0.000000 0.000000 0.000000 0.000000 0.000000 
6.790652 86.347664 10.461617 -5.113945 -0.283291 -18.973932 2.686376 -0.524755 7.559025 3.313627 -0.630318 2.304290 1.028362 0.581674 17.614910 -0.582715 0.297166 1.436293 5.829469 0.679031 8.395494 -3.432073 -0.603230 -9.058864 0.217254 3.231031 -24.573002 0.000000 0.000000 0.000000 97.625923 -0.925173 4.866430 63.318966 -16.582991 4.330080 2.831772 24.609280 33.820637 -14.103748 13.728004 -14.195041 3.468954 -0.734053 43.356800 0.000006 0.000034 -8.291091 0.000016 0.000049 -5.728696 0.000029 0.000009 -0.000045 -24.237530 0.162755 0.159805 0.828326 0.087373 -0.000100 0.617601 0.107531 0.028645 -0.000019 0.000001 -0.000015 -23.118898 0.065882 -4.236056 0.627424 0.018931 0.010975 0.655230 0.029711 0.017617 0.000013 0.000075 -0.000024 -21.334425 -0.090119 -10.356242 0.299790 -0.009656 -0.119835 0.160168 -0.026350 -0.083247 -0.000001 -0.000949 0.000037 -17.173981 -0.130993 -17.429714 0.071802 -0.050169 -0.499556 0.249067 -0.103895 -0.442032 -0.000688 -0.000012 -0.000016 0.000000 0.000000 0.000000 0.000000 0.000000 0.000000 -95.470894 0.850002 4.170542 -63.269871 19.752861 -0.570790 -3.275570 -17.272261 54.613712 21.342171 -4.557062 -16.846888 -1.694090 0.473590 44.117760 0.000015 0.000023 -4.205416 -0.000109 -0.000029 -2.609347 -0.000415 0.000011 -0.001865 31.750122 0.080104 -2.929556 -0.839082 0.074992 0.242877 -0.796054 0.105556 0.145464 -0.000014 -0.001509 -0.000029 28.698267 0.049301 -6.780196 -1.019626 0.010156 0.058645 -0.751215 0.023937 0.055912 0.000288 -0.000045 -0.000005 24.412441 0.001084 -10.643273 -0.385945 -0.016653 -0.051769 -0.182925 -0.032701 -0.023334 -0.000650 0.000015 0.000008 20.345020 0.014373 -14.407660 0.043650 -0.056803 -0.042230 -0.088070 -0.114759 -0.061356 -0.000291 0.000007 -0.000027 0.000000 0.000000 0.000000 0.000000 0.000000 0.000000 2.726576 -9.710024 23.217936 -0.148094 -0.887884 9.041982 -4.286284 -16.046154 14.370732 -0.293312 -0.979684 -28.177601 0.000000 0.000000 0.000000 0.000000 0.000000 0.000000 0.000000 0.000000 0.000000 14.772648 6.699232 10.929813 0.360047 1.158201 22.726160 -2.991037 8.788359 13.111468 0.817718 0.990204 -27.554518 0.000000 0.000000 0.000000 0.000000 0.000000 0.000000 0.000000 0.000000 0.000000 
7.095745 86.381187 10.544104 -4.943781 -0.508957 -19.084858 2.594489 -0.497408 7.597605 3.297872 -0.622896 2.291781 0.894931 0.676451 17.710737 -0.594359 0.312928 1.445780 5.943726 0.603382 8.410948 -3.398784 -0.640101 -9.070415 0.259413 3.227716 -24.606493 0.000000 0.000000 0.000000 97.688576 -0.918712 4.883665 63.266453 -16.633957 4.474514 2.832376 24.625660 33.935436 -14.211942 13.462217 -14.073766 3.471205 -0.734485 43.355000 0.000006 0.000034 -8.305824 0.000016 0.000049 -5.736103 0.000029 0.000009 -0.000045 -24.203491 0.163818 0.158241 0.855259 0.085834 -0.002300 0.644951 0.106256 0.026039 -0.000019 0.000000 -0.000014 -23.102175 0.065878 -4.234370 0.649813 0.018345 0.009294 0.674600 0.029329 0.016445 0.000013 0.000077 -0.000024 -21.356432 -0.090614 -10.342293 0.319719 -0.008216 -0.119082 0.181595 -0.025621 -0.082668 -0.000001 -0.000948 0.000037 -17.236109 -0.134282 -17.388304 0.071906 -0.045486 -0.499111 0.249676 -0.100532 -0.440954 -0.000673 -0.000012 -0.000016 0.000000 0.000000 0.000000 0.000000 0.000000 0.000000 -95.519020 0.873704 4.143058 -63.193619 19.657524 -0.548249 -3.285879 -17.336937 54.799095 21.767796 -4.162966 -16.620142 -1.669154 0.468172 44.128735 0.000015 0.000022 -4.148018 -0.000110 -0.000028 -2.569440 -0.000464 0.000011 -0.001890 31.892006 0.081225 -2.857373 -0.837233 0.073049 0.240667 -0.800940 0.104094 0.142795 -0.000013 -0.001532 -0.000029 28.854593 0.049795 -6.698891 -1.025003 0.009645 0.058198 -0.758523 0.023593 0.055038 0.000304 -0.000045 -0.000007 24.590967 0.000091 -10.559455 -0.388222 -0.015642 -0.051714 -0.184304 -0.032295 -0.023838 -0.000615 0.000015 0.000008 20.531343 0.009474 -14.311552 0.050105 -0.054785 -0.044455 -0.080511 -0.113713 -0.063953 -0.000297 0.000007 -0.000027 0.000000 0.000000 0.000000 0.000000 0.000000 0.000000 2.357301 -9.515677 23.305370 -0.153025 -0.906139 9.127221 -4.084179 -15.856398 14.342674 -0.316455 -0.973793 -28.141735 0.000000 0.000000 0.000000 0.000000 0.000000 0.000000 0.000000 0.000000 0.000000 14.395700 6.773139 11.390665 0.353074 1.154407 22.438438 -2.822045 8.918119 13.084150 0.804603 0.979120 -27.540455 0.000000 0.000000 0.000000 0.000000 0.000000 0.000000 0.000000 0.000000 0.000000 
7.400959 86.413635 10.623486 -4.774134 -0.731976 -19.193966 2.499628 -0.469108 7.636322 3.279974 -0.615301 2.281381 0.760266 0.765284 17.801899 -0.604130 0.326928 1.456520 6.055766 0.533271 8.434607 -3.364441 -0.673799 -9.079280 0.300214 3.224144 -24.644161 0.000000 0.000000 0.000000 97.750198 -0.911832 4.894650 63.210064 -16.707783 4.620369 2.832636 24.634922 34.051632 -14.282892 13.198319 -13.949239 3.480613 -0.736136 43.349838 0.000006 0.000033 -8.338167 0.000016 0.000049 -5.755749 0.000029 0.000009 -0.000045 -24.132221 0.164754 0.148913 0.881848 0.084098 -0.003942 0.672137 0.104783 0.024018 -0.000019 -0.000001 -0.000014 -23.047617 0.065803 -4.240635 0.671422 0.017692 0.007914 0.692845 0.028880 0.015459 0.000013 0.000078 -0.000023 -21.339830 -0.090929 -10.335729 0.341241 -0.006639 -0.118481 0.204426 -0.024789 -0.082229 -0.000000 -0.000943 0.000036 -17.263836 -0.137123 -17.353207 0.076309 -0.040468 -0.498825 0.253753 -0.096868 -0.440108 -0.000657 -0.000012 -0.000016 0.000000 0.000000 0.000000 0.000000 0.000000 0.000000 -95.564568 0.899480 4.112754 -63.109211 19.584877 -0.519143 -3.292967 -17.394510 54.996510 22.179428 -3.752694 -16.397278 -1.648692 0.463262 44.137966 0.000015 0.000022 -4.100646 -0.000110 -0.000028 -2.537004 -0.000515 0.000011 -0.001914 32.012707 0.082094 -2.789976 -0.841738 0.070905 0.238451 -0.811744 0.102442 0.140242 -0.000013 -0.001559 -0.000029 28.991777 0.050173 -6.622114 -1.035183 0.009068 0.057751 -0.770998 0.023204 0.054181 0.000316 -0.000046 -0.000008 24.753670 -0.000878 -10.479493 -0.395311 -0.014593 -0.051580 -0.190416 -0.031838 -0.024347 -0.000574 0.000015 0.000008 20.706772 0.004641 -14.217977 0.052171 -0.052574 -0.046440 -0.077277 -0.112451 -0.066430 -0.000302 0.000007 -0.000027 0.000000 0.000000 0.000000 0.000000 0.000000 0.000000 1.992178 -9.314391 23.382233 -0.157887 -0.923968 9.220096 -3.883847 -15.664306 14.316814 -0.338334 -0.967817 -28.105425 0.000000 0.000000 0.000000 0.000000 0.000000 0.000000 0.000000 0.000000 0.000000 14.022522 6.844648 11.840478 0.346240 1.149812 22.160231 -2.652599 9.054399 13.062261 0.791761 0.969225 -27.528206 0.000000 0.000000 0.000000 0.000000 0.000000 0.000000 0.000000 0.000000 0.000000 
7.705711 86.444633 10.699320 -4.605792 -0.951322 -19.300270 2.401606 -0.439943 7.673337 3.260630 -0.607513 2.273325 0.625015 0.847151 17.887791 -0.611163 0.338136 1.469411 6.160173 0.474610 8.467813 -3.329603 -0.700959 -9.084679 0.338367 3.220449 -24.687021 0.000000 0.000000 0.000000 97.811249 -0.905186 4.897245 63.151188 -16.793978 4.767077 2.832776 24.639622 34.167442 -14.321837 12.944242 -13.823978 3.497317 -0.739130 43.341183 0.000006 0.000033 -8.388448 0.000016 0.000049 -5.787769 0.000029 0.000009 -0.000044 -24.023678 0.165474 0.135361 0.904778 0.082063 -0.004215 0.695953 0.103003 0.023323 -0.000019 -0.000001 -0.000013 -22.954323 0.065658 -4.252233 0.689387 0.016929 0.007134 0.707048 0.028331 0.014918 0.000013 0.000080 -0.000023 -21.280886 -0.091033 -10.335027 0.362390 -0.004892 -0.118277 0.226580 -0.023832 -0.082132 -0.000000 -0.000936 0.000036 -17.251858 -0.139383 -17.324326 0.084358 -0.035093 -0.499069 0.260580 -0.092888 -0.439841 -0.000641 -0.000012 -0.000015 0.000000 0.000000 0.000000 0.000000 0.000000 0.000000 -95.606178 0.927267 4.079171 -63.010609 19.531288 -0.477946 -3.297420 -17.444706 55.198658 22.567659 -3.325053 -16.182945 -1.633318 0.459053 44.145191 0.000015 0.000022 -4.064531 -0.000111 -0.000028 -2.512912 -0.000566 0.000011 -0.001937 32.111313 0.082643 -2.726620 -0.851699 0.068554 0.236005 -0.827226 0.100588 0.137569 -0.000013 -0.001587 -0.000029 29.108646 0.050428 -6.550015 -1.049149 0.008417 0.057203 -0.787327 0.022757 0.053257 0.000324 -0.000046 -0.000008 24.899433 -0.001797 -10.403838 -0.405397 -0.013496 -0.051239 -0.199370 -0.031320 -0.024750 -0.000532 0.000015 0.000008 20.870008 -0.000042 -14.127746 0.052392 -0.050156 -0.047861 -0.075853 -0.110934 -0.068486 -0.000307 0.000007 -0.000027 0.000000 0.000000 0.000000 0.000000 0.000000 0.000000 1.631773 -9.106878 23.449629 -0.162659 -0.941242 9.319442 -3.684635 -15.471288 14.292214 -0.359082 -0.961937 -28.068127 0.000000 0.000000 0.000000 0.000000 0.000000 0.000000 0.000000 0.000000 0.000000 13.653953 6.914308 12.276792 0.339518 1.144320 21.892155 -2.482996 9.195939 13.045853 0.779189 0.960524 -27.517361 0.000000 0.000000 0.000000 0.000000 0.000000 0.000000 0.000000 0.000000 0.000000 
8.009523 86.473923 10.771427 -4.439344 -1.166039 -19.402716 2.300415 -0.409993 7.707282 3.240354 -0.599572 2.267012 0.490251 0.921114 17.968559 -0.614857 0.345838 1.485028 6.253280 0.432138 8.509791 -3.294691 -0.718560 -9.086617 0.372852 3.216804 -24.735037 0.000000 0.000000 0.000000 97.872604 -0.899257 4.889449 63.091740 -16.881870 4.910888 2.833113 24.642237 34.284271 -14.335233 12.703126 -13.699644 3.520966 -0.743476 43.329159 0.000006 0.000033 -8.455606 0.000016 0.000050 -5.831372 0.000029 0.000009 -0.000044 -23.881002 0.165919 0.121451 0.921543 0.079651 -0.002445 0.713923 0.100835 0.024558 -0.000019 -0.000002 -0.000013 -22.825470 0.065457 -4.266172 0.701594 0.016026 0.007200 0.715238 0.027663 0.015037 0.000012 0.000083 -0.000022 -21.180981 -0.090921 -10.338225 0.381560 -0.002971 -0.118653 0.246458 -0.022748 -0.082530 0.000000 -0.000928 0.000036 -17.200405 -0.140987 -17.301163 0.095176 -0.029415 -0.500040 0.269314 -0.088614 -0.440343 -0.000624 -0.000012 -0.000015 0.000000 0.000000 0.000000 0.000000 0.000000 0.000000 -95.643326 0.956865 4.041855 -62.893169 19.493217 -0.422468 -3.300068 -17.487129 55.398727 22.923698 -2.878411 -15.980258 -1.623545 0.455725 44.150158 0.000016 0.000021 -4.040706 -0.000112 -0.000029 -2.497882 -0.000614 0.000010 -0.001961 32.186981 0.082840 -2.668390 -0.864905 0.065957 0.232856 -0.844901 0.098483 0.134337 -0.000012 -0.001616 -0.000029 29.204594 0.050570 -6.483932 -1.064772 0.007666 0.056378 -0.805123 0.022231 0.052118 0.000324 -0.000047 -0.000008 25.028097 -0.002659 -10.332814 -0.415985 -0.012330 -0.050506 -0.208666 -0.030725 -0.024893 -0.000491 0.000016 0.000008 21.020748 -0.004523 -14.040734 0.053428 -0.047515 -0.048283 -0.073699 -0.109131 -0.069755 -0.000313 0.000007 -0.000026 0.000000 0.000000 0.000000 0.000000 0.000000 0.000000 1.276698 -8.893662 23.508341 -0.167312 -0.957830 9.423790 -3.486236 -15.277915 14.267523 -0.378840 -0.956280 -28.028971 0.000000 0.000000 0.000000 0.000000 0.000000 0.000000 0.000000 0.000000 0.000000 13.290513 6.983022 12.699044 0.332893 1.137875 21.631987 -2.313133 9.341022 13.035096 0.766972 0.952953 -27.507393 0.000000 0.000000 0.000000 0.000000 0.000000 0.000000 0.000000 0.000000 0.000000 
8.312057 86.501244 10.839789 -4.275077 -1.375206 -19.500387 2.196363 -0.379461 7.739066 3.219415 -0.591752 2.260535 0.357893 0.986264 18.045626 -0.615485 0.349752 1.501967 6.332608 0.408059 8.555247 -3.260035 -0.724281 -9.086077 0.402968 3.213500 -24.784515 0.000000 0.000000 0.000000 97.933807 -0.894462 4.872022 63.034985 -16.963350 5.045674 2.833682 24.641371 34.403313 -14.328999 12.474219 -13.583082 3.551038 -0.749252 43.313751 0.000006 0.000032 -8.538947 0.000017 0.000050 -5.885882 0.000029 0.000009 -0.000044 -23.702265 0.166144 0.106648 0.930243 0.076801 0.001576 0.724130 0.098214 0.027911 -0.000019 -0.000002 -0.000012 -22.660713 0.065234 -4.282238 0.705824 0.014958 0.008209 0.715517 0.026860 0.015905 0.000012 0.000085 -0.000022 -21.041752 -0.090625 -10.343737 0.395588 -0.000859 -0.119731 0.261152 -0.021524 -0.083533 0.000000 -0.000918 0.000036 -17.112535 -0.141949 -17.281864 0.105367 -0.023419 -0.501864 0.276954 -0.083991 -0.441745 -0.000606 -0.000012 -0.000015 0.000000 0.000000 0.000000 0.000000 0.000000 0.000000 -95.675087 0.987370 4.001985 -62.763111 19.455706 -0.358281 -3.301904 -17.518534 55.587582 23.241177 -2.417454 -15.791313 -1.619437 0.453595 44.152496 0.000016 0.000021 -4.030270 -0.000113 -0.000029 -2.492315 -0.000661 0.000010 -0.001992 32.231979 0.082761 -2.619473 -0.877794 0.063050 0.228387 -0.861429 0.096039 0.130019 -0.000012 -0.001648 -0.000028 29.272875 0.050641 -6.427064 -1.078909 0.006794 0.055072 -0.821020 0.021606 0.050602 0.000315 -0.000047 -0.000007 25.134092 -0.003458 -10.267396 -0.424582 -0.011064 -0.049172 -0.216008 -0.030035 -0.024617 -0.000449 0.000016 0.000008 21.154591 -0.008695 -13.956174 0.056955 -0.044565 -0.047302 -0.069091 -0.106979 -0.069898 -0.000318 0.000006 -0.000026 0.000000 0.000000 0.000000 0.000000 0.000000 0.000000 0.927312 -8.676497 23.558704 -0.171844 -0.973711 9.530038 -3.288697 -15.083225 14.242898 -0.397765 -0.950598 -27.987978 0.000000 0.000000 0.000000 0.000000 0.000000 0.000000 0.000000 0.000000 0.000000 12.932454 7.051455 13.109345 0.326360 1.130457 21.374020 -2.142429 9.486176 13.030501 0.754911 0.946260 -27.497988 0.000000 0.000000 0.000000 0.000000 0.000000 0.000000 0.000000 0.000000 0.000000 
8.613126 86.526512 10.904566 -4.113008 -1.578420 -19.592772 2.090109 -0.348713 7.770100 3.197865 -0.584280 2.252773 0.228836 1.043245 18.120291 -0.613684 0.350359 1.518642 6.398285 0.401464 8.598935 -3.225684 -0.717336 -9.084023 0.428678 3.210786 -24.831917 0.000000 0.000000 0.000000 97.993568 -0.891044 4.847249 62.983994 -17.035469 5.168119 2.833941 24.635206 34.522900 -14.306570 12.261902 -13.479496 3.587345 -0.756458 43.294983 0.000007 0.000032 -8.638062 0.000017 0.000050 -5.951118 0.000029 0.000009 -0.000043 -23.485250 0.166251 0.088073 0.930717 0.073602 0.007609 0.726450 0.095226 0.033184 -0.000018 -0.000002 -0.000012 -22.458685 0.065029 -4.302340 0.701590 0.013755 0.010078 0.707570 0.025947 0.017467 0.000012 0.000087 -0.000021 -20.864138 -0.090201 -10.352165 0.402280 0.001393 -0.121554 0.268756 -0.020183 -0.085173 0.000001 -0.000906 0.000036 -16.989367 -0.142378 -17.266909 0.111880 -0.017216 -0.504739 0.280857 -0.079076 -0.444178 -0.000588 -0.000012 -0.000015 0.000000 0.000000 0.000000 0.000000 0.000000 0.000000 -95.700943 1.017521 3.961011 -62.628117 19.411215 -0.292217 -3.303974 -17.535995 55.755295 23.517839 -1.951424 -15.618384 -1.620792 0.452803 44.152054 0.000016 0.000021 -4.033374 -0.000114 -0.000029 -2.496191 -0.000703 0.000009 -0.002034 32.241547 0.082538 -2.581938 -0.887957 0.059863 0.222437 -0.874759 0.093271 0.124511 -0.000012 -0.001684 -0.000028 29.308661 0.050699 -6.380995 -1.089733 0.005816 0.053256 -0.833078 0.020894 0.048683 0.000298 -0.000047 -0.000005 25.212208 -0.004194 -10.208753 -0.430037 -0.009711 -0.047226 -0.220499 -0.029273 -0.023922 -0.000406 0.000016 0.000008 21.266001 -0.012543 -13.874787 0.063130 -0.041353 -0.044957 -0.061751 -0.104522 -0.068971 -0.000322 0.000006 -0.000026 0.000000 0.000000 0.000000 0.000000 0.000000 0.000000 0.583053 -8.457124 23.600924 -0.176295 -0.988987 9.636072 -3.091363 -14.886251 14.218881 -0.416028 -0.944619 -27.945616 0.000000 0.000000 0.000000 0.000000 0.000000 0.000000 0.000000 0.000000 0.000000 12.579226 7.119581 13.508794 0.319934 1.122211 21.114965 -1.970539 9.628789 13.031378 0.742927 0.940091 -27.488974 0.000000 0.000000 0.000000 0.000000 0.000000 0.000000 0.000000 0.000000 0.000000 
8.912472 86.549789 10.965813 -3.952914 -1.775890 -19.679111 1.982370 -0.318046 7.801226 3.175521 -0.577140 2.242851 0.102857 1.093775 18.193777 -0.609968 0.348444 1.534247 6.451658 0.410152 8.637495 -3.191644 -0.698273 -9.080936 0.450433 3.208875 -24.875790 0.000000 0.000000 0.000000 98.050903 -0.889180 4.817482 62.939159 -17.100367 5.278791 2.832758 24.623049 34.640232 -14.268631 12.071490 -13.388399 3.628852 -0.764813 43.273479 0.000007 0.000032 -8.749885 0.000017 0.000050 -6.025210 0.000028 0.000009 -0.000043 -23.235041 0.166295 0.065499 0.923994 0.070226 0.015276 0.721917 0.092035 0.040038 -0.000018 -0.000003 -0.000012 -22.224171 0.064860 -4.326872 0.689838 0.012478 0.012643 0.692469 0.024978 0.019608 0.000011 0.000090 -0.000021 -20.653826 -0.089691 -10.364667 0.401380 0.003688 -0.124059 0.269228 -0.018789 -0.087380 0.000001 -0.000893 0.000036 -16.835032 -0.142383 -17.258476 0.113470 -0.011041 -0.508689 0.280014 -0.074052 -0.447604 -0.000570 -0.000012 -0.000015 0.000000 0.000000 0.000000 0.000000 0.000000 0.000000 -95.721573 1.046376 3.919765 -62.488476 19.366236 -0.227551 -3.306875 -17.539450 55.892895 23.747120 -1.489471 -15.466015 -1.627313 0.453247 44.149010 0.000017 0.000021 -4.049145 -0.000116 -0.000029 -2.509031 -0.000739 0.000009 -0.002084 32.217010 0.082262 -2.556058 -0.895293 0.056506 0.215292 -0.884953 0.090282 0.118108 -0.000011 -0.001722 -0.000028 29.312082 0.050785 -6.346236 -1.097510 0.004776 0.051053 -0.841497 0.020125 0.046466 0.000277 -0.000048 -0.000004 25.260653 -0.004877 -10.158343 -0.432762 -0.008321 -0.044834 -0.222689 -0.028484 -0.022930 -0.000362 0.000016 0.000008 21.350994 -0.016144 -13.798945 0.070889 -0.038019 -0.041569 -0.052623 -0.101888 -0.067260 -0.000324 0.000006 -0.000026 0.000000 0.000000 0.000000 0.000000 0.000000 0.000000 0.243076 -8.235729 23.634216 -0.180697 -1.003666 9.742434 -2.893422 -14.685699 14.195531 -0.433699 -0.938372 -27.902414 0.000000 0.000000 0.000000 0.000000 0.000000 0.000000 0.000000 0.000000 0.000000 12.229532 7.187952 13.896062 0.313622 1.113323 20.855194 -1.797777 9.769586 13.036391 0.731140 0.934193 -27.480564 0.000000 0.000000 0.000000 0.000000 0.000000 0.000000 0.000000 0.000000 0.000000 
9.209682 86.571129 11.023738 -3.794497 -1.968125 -19.759104 1.874294 -0.287794 7.832460 3.152098 -0.570310 2.229953 -0.019679 1.138775 18.267467 -0.605287 0.344229 1.547796 6.491652 0.431524 8.668574 -3.158112 -0.669086 -9.077665 0.468932 3.207610 -24.914955 0.000000 0.000000 0.000000 98.105659 -0.889362 4.786039 62.900730 -17.164677 5.377672 2.829085 24.601276 34.746891 -14.219216 11.907010 -13.307596 3.673999 -0.773938 43.250084 0.000007 0.000031 -8.870239 0.000018 0.000050 -6.105371 0.000028 0.000009 -0.000043 -22.958668 0.166336 0.040209 0.911999 0.066833 0.023950 0.712438 0.088789 0.047883 -0.000018 -0.000003 -0.000011 -21.964260 0.064737 -4.354014 0.672261 0.011180 0.015665 0.671839 0.023997 0.022142 0.000011 0.000092 -0.000020 -20.420092 -0.089136 -10.379077 0.393122 0.005972 -0.127080 0.262902 -0.017383 -0.090017 0.000001 -0.000878 0.000035 -16.658550 -0.142106 -17.253664 0.109000 -0.004971 -0.513728 0.273640 -0.069000 -0.451971 -0.000551 -0.000012 -0.000015 0.000000 0.000000 0.000000 0.000000 0.000000 0.000000 -95.736877 1.073963 3.880027 -62.346706 19.319576 -0.166690 -3.311358 -17.529005 55.989361 23.926960 -1.052070 -15.341081 -1.638073 0.454786 44.143730 0.000017 0.000021 -4.075684 -0.000117 -0.000029 -2.529396 -0.000767 0.000009 -0.002141 32.160789 0.081965 -2.540024 -0.900285 0.053122 0.207504 -0.892739 0.087227 0.111247 -0.000011 -0.001762 -0.000027 29.284605 0.050895 -6.321253 -1.103047 0.003733 0.048662 -0.847157 0.019347 0.044102 0.000256 -0.000048 -0.000003 25.279930 -0.005517 -10.116114 -0.433844 -0.006945 -0.042174 -0.223531 -0.027709 -0.021788 -0.000318 0.000016 0.000008 21.408699 -0.019524 -13.729540 0.078940 -0.034694 -0.037500 -0.042944 -0.099196 -0.065038 -0.000325 0.000006 -0.000026 0.000000 0.000000 0.000000 0.000000 0.000000 0.000000 -0.093440 -8.013983 23.658556 -0.185066 -1.017750 9.848370 -2.694304 -14.482731 14.174477 -0.451034 -0.932034 -27.859766 0.000000 0.000000 0.000000 0.000000 0.000000 0.000000 0.000000 0.000000 0.000000 11.882650 7.256988 14.270294 0.307391 1.103882 20.595631 -1.625141 9.908354 13.044827 0.719280 0.928409 -27.472729 0.000000 0.000000 0.000000 0.000000 0.000000 0.000000 0.000000 0.000000 0.000000 
9.504645 86.590904 11.078819 -3.636983 -2.155805 -19.832834 1.766564 -0.258134 7.862720 3.127004 -0.563607 2.214020 -0.139531 1.179587 18.341629 -0.600445 0.338234 1.560302 6.520398 0.462733 8.693261 -3.124966 -0.631717 -9.074388 0.485154 3.206806 -24.950926 0.000000 0.000000 0.000000 98.158386 -0.891803 4.753107 62.866825 -17.237070 5.466541 2.822477 24.571634 34.838089 -14.158008 11.772126 -13.229803 3.721739 -0.783532 43.225529 0.000007 0.000031 -8.995728 0.000018 0.000050 -6.189492 0.000028 0.000009 -0.000042 -22.664808 0.166360 0.012603 0.896150 0.063569 0.033217 0.699466 0.085625 0.056332 -0.000018 -0.000003 -0.000011 -21.685810 0.064662 -4.383541 0.650707 0.009910 0.018953 0.647466 0.023048 0.024926 0.000010 0.000093 -0.000020 -20.168011 -0.088568 -10.395706 0.379587 0.008166 -0.130437 0.251819 -0.016016 -0.092924 0.000001 -0.000863 0.000035 -16.462578 -0.141700 -17.253231 0.099943 0.000817 -0.519690 0.263079 -0.064095 -0.457099 -0.000530 -0.000012 -0.000016 0.000000 0.000000 0.000000 0.000000 0.000000 0.000000 -95.748253 1.100586 3.841453 -62.196507 19.287395 -0.106626 -3.318381 -17.508587 56.039036 24.059799 -0.650199 -15.246136 -1.652487 0.457163 44.136658 0.000017 0.000020 -4.111019 -0.000119 -0.000029 -2.556085 -0.000786 0.000008 -0.002200 32.080940 0.081661 -2.532704 -0.903762 0.049800 0.199393 -0.898793 0.084201 0.104190 -0.000011 -0.001801 -0.000027 29.232918 0.051026 -6.305144 -1.107286 0.002709 0.046201 -0.851126 0.018576 0.041666 0.000238 -0.000048 -0.000002 25.274672 -0.006140 -10.082118 -0.434286 -0.005608 -0.039352 -0.223876 -0.026969 -0.020575 -0.000273 0.000017 0.000008 21.440842 -0.022857 -13.667769 0.086260 -0.031491 -0.032853 -0.033825 -0.096540 -0.062393 -0.000324 0.000006 -0.000026 0.000000 0.000000 0.000000 0.000000 0.000000 0.000000 -0.428233 -7.791766 23.673737 -0.189437 -1.031302 9.955479 -2.492952 -14.278769 14.155272 -0.468319 -0.925938 -27.817701 0.000000 0.000000 0.000000 0.000000 0.000000 0.000000 0.000000 0.000000 0.000000 11.537101 7.326591 14.630703 0.301218 1.094023 20.338095 -1.452998 10.046242 13.055280 0.707485 0.922707 -27.465197 0.000000 0.000000 0.000000 0.000000 0.000000 0.000000 0.000000 0.000000 0.000000 
9.797072 86.609306 11.131183 -3.479945 -2.339764 -19.899824 1.659768 -0.229067 7.891341 3.100173 -0.556874 2.194623 -0.257378 1.217467 18.416821 -0.595605 0.330961 1.573035 6.538469 0.502744 8.712574 -3.092444 -0.587600 -9.071068 0.499759 3.206470 -24.984751 0.000000 0.000000 0.000000 98.209473 -0.896355 4.718399 62.836117 -17.321375 5.546361 2.813077 24.535862 34.911983 -14.086514 11.667341 -13.148807 3.770247 -0.793226 43.200790 0.000007 0.000031 -9.121310 0.000019 0.000050 -6.274123 0.000028 0.000009 -0.000042 -22.365995 0.166305 -0.013736 0.877364 0.060455 0.042989 0.683866 0.082553 0.065284 -0.000018 -0.000003 -0.000011 -21.400343 0.064621 -4.412766 0.626427 0.008680 0.022444 0.620690 0.022143 0.027912 0.000010 0.000095 -0.000019 -19.907032 -0.088003 -10.413194 0.363321 0.010236 -0.133981 0.238480 -0.014711 -0.095976 0.000001 -0.000846 0.000035 -16.254696 -0.141247 -17.256117 0.088894 0.006204 -0.526183 0.250772 -0.059422 -0.462648 -0.000508 -0.000012 -0.000016 0.000000 0.000000 0.000000 0.000000 0.000000 0.000000 -95.756737 1.126335 3.802921 -62.029083 19.279631 -0.042066 -3.328771 -17.480831 56.038044 24.142584 -0.288378 -15.181870 -1.670236 0.460208 44.128170 0.000017 0.000020 -4.153768 -0.000121 -0.000029 -2.588158 -0.000797 0.000008 -0.002256 31.982578 0.081318 -2.537616 -0.905942 0.046550 0.190977 -0.903167 0.081218 0.096931 -0.000010 -0.001837 -0.000026 29.161880 0.051164 -6.300735 -1.110222 0.001697 0.043671 -0.853386 0.017808 0.039155 0.000224 -0.000049 -0.000001 25.248552 -0.006763 -10.057877 -0.434352 -0.004306 -0.036384 -0.223861 -0.026253 -0.019282 -0.000230 0.000017 0.000008 21.449207 -0.026245 -13.614446 0.092331 -0.028420 -0.027584 -0.025803 -0.093929 -0.059301 -0.000323 0.000006 -0.000026 0.000000 0.000000 0.000000 0.000000 0.000000 0.000000 -0.762073 -7.568745 23.678488 -0.193798 -1.044193 10.066650 -2.289382 -14.073699 14.136440 -0.485485 -0.920500 -27.775944 0.000000 0.000000 0.000000 0.000000 0.000000 0.000000 0.000000 0.000000 0.000000 11.192320 7.398126 14.976982 0.295101 1.083813 20.083464 -1.281440 10.184920 13.067446 0.695959 0.917113 -27.458065 0.000000 0.000000 0.000000 0.000000 0.000000 0.000000 0.000000 0.000000 0.000000 
10.086698 86.626221 11.180771 -3.322885 -2.520538 -19.959106 1.554056 -0.200456 7.918365 3.071863 -0.550003 2.170616 -0.373429 1.253522 18.494112 -0.590820 0.322871 1.586310 6.546608 0.551521 8.725044 -3.060833 -0.536464 -9.068133 0.512853 3.206856 -25.016111 0.000000 0.000000 0.000000 98.259705 -0.902969 4.682048 62.809139 -17.414347 5.615973 2.801122 24.495449 34.969715 -14.010490 11.588538 -13.063931 3.818066 -0.802650 43.176701 0.000008 0.000031 -9.243071 0.000019 0.000050 -6.356561 0.000028 0.000009 -0.000042 -22.073055 0.166160 -0.035627 0.856859 0.057610 0.052896 0.666771 0.079692 0.074430 -0.000017 -0.000003 -0.000011 -21.118610 0.064623 -4.439656 0.600785 0.007542 0.025990 0.593137 0.021328 0.030977 0.000010 0.000096 -0.000019 -19.647507 -0.087461 -10.430932 0.346390 0.012079 -0.137489 0.224918 -0.013544 -0.099015 0.000002 -0.000826 0.000035 -16.043880 -0.140793 -17.262453 0.077928 0.010900 -0.532542 0.238805 -0.055211 -0.468063 -0.000485 -0.000013 -0.000016 0.000000 0.000000 0.000000 0.000000 0.000000 0.000000 -95.764061 1.151151 3.764328 -61.841122 19.295891 0.027416 -3.342511 -17.447994 55.990425 24.170591 0.028957 -15.147907 -1.691029 0.463799 44.118565 0.000018 0.000020 -4.202771 -0.000123 -0.000029 -2.624882 -0.000798 0.000007 -0.002307 31.868422 0.080938 -2.556971 -0.907090 0.043461 0.182516 -0.906064 0.078362 0.089677 -0.000010 -0.001869 -0.000026 29.073900 0.051299 -6.310079 -1.111953 0.000722 0.041162 -0.853950 0.017062 0.036652 0.000214 -0.000049 -0.000001 25.203453 -0.007393 -10.044905 -0.434439 -0.003080 -0.033402 -0.223961 -0.025588 -0.017980 -0.000188 0.000017 0.000008 21.434923 -0.029670 -13.570858 0.096270 -0.025597 -0.022072 -0.019647 -0.091471 -0.056029 -0.000321 0.000005 -0.000025 0.000000 0.000000 0.000000 0.000000 0.000000 0.000000 -1.095549 -7.345237 23.671682 -0.198151 -1.056286 10.182864 -2.083912 -13.866392 14.116677 -0.502341 -0.915948 -27.734198 0.000000 0.000000 0.000000 0.000000 0.000000 0.000000 0.000000 0.000000 0.000000 10.847830 7.473236 15.308986 0.289038 1.073192 19.830832 -1.110395 10.325487 13.082040 0.684660 0.911597 -27.451757 0.000000 0.000000 0.000000 0.000000 0.000000 0.000000 0.000000 0.000000 0.000000 
10.373409 86.641418 11.227537 -3.164960 -2.698177 -20.009642 1.449183 -0.172188 7.943789 3.042385 -0.542902 2.140822 -0.487978 1.288794 18.574648 -0.586231 0.314241 1.599657 6.546315 0.608904 8.728554 -3.030285 -0.477561 -9.066240 0.524448 3.208286 -25.044424 0.000000 0.000000 0.000000 98.309883 -0.911639 4.644679 62.788471 -17.508675 5.672586 2.786617 24.451588 35.011917 -13.937892 11.529238 -12.975650 3.863540 -0.811451 43.154114 0.000008 0.000030 -9.356956 0.000019 0.000050 -6.433967 0.000027 0.000009 -0.000042 -21.795755 0.165943 -0.050517 0.835599 0.055164 0.062282 0.649071 0.077175 0.083203 -0.000017 -0.000003 -0.000010 -20.850746 0.064676 -4.462592 0.574949 0.006545 0.029342 0.566163 0.020650 0.033914 0.000009 0.000096 -0.000018 -19.400475 -0.086972 -10.448679 0.329893 0.013608 -0.140689 0.212176 -0.012583 -0.101838 0.000002 -0.000801 0.000035 -15.840427 -0.140398 -17.272924 0.067921 0.014709 -0.538133 0.228170 -0.051647 -0.472801 -0.000462 -0.000013 -0.000016 0.000000 0.000000 0.000000 0.000000 0.000000 0.000000 -95.772324 1.175147 3.726286 -61.634632 19.330631 0.098050 -3.358858 -17.412857 55.907665 24.143740 0.297792 -15.140141 -1.714332 0.467823 44.108101 0.000018 0.000020 -4.256636 -0.000125 -0.000029 -2.665365 -0.000793 0.000007 -0.002351 31.740776 0.080541 -2.588515 -0.907664 0.040646 0.174535 -0.907941 0.075745 0.082869 -0.000010 -0.001896 -0.000025 28.970646 0.051427 -6.331779 -1.112998 -0.000174 0.038858 -0.853289 0.016376 0.034328 0.000207 -0.000049 -0.000001 25.140471 -0.008029 -10.043062 -0.435354 -0.001982 -0.030629 -0.225109 -0.025014 -0.016808 -0.000149 0.000017 0.000008 21.398882 -0.033085 -13.538173 0.096935 -0.023134 -0.016928 -0.016351 -0.089288 -0.053016 -0.000322 0.000005 -0.000025 0.000000 0.000000 0.000000 0.000000 0.000000 0.000000 -1.429714 -7.121904 23.653116 -0.202509 -1.067548 10.302755 -1.876434 -13.656302 14.095499 -0.518827 -0.912373 -27.692478 0.000000 0.000000 0.000000 0.000000 0.000000 0.000000 0.000000 0.000000 0.000000 10.502740 7.552910 15.625910 0.283012 1.062042 19.579353 -0.939970 10.468142 13.100065 0.673347 0.906060 -27.446867 0.000000 0.000000 0.000000 0.000000 0.000000 0.000000 0.000000 0.000000 0.000000 
10.657158 86.654747 11.271626 -3.005636 -2.872597 -20.051247 1.345307 -0.144358 7.967048 3.011975 -0.535510 2.105144 -0.601255 1.324150 18.658791 -0.582011 0.305210 1.612557 6.538856 0.673721 8.723104 -3.000514 -0.411268 -9.065933 0.534844 3.210689 -25.069601 0.000000 0.000000 0.000000 98.360573 -0.922152 4.607353 62.778034 -17.595049 5.713105 2.769783 24.404881 35.036591 -13.876915 11.484529 -12.884690 3.904902 -0.819355 43.133797 0.000008 0.000030 -9.459085 0.000019 0.000051 -6.503485 0.000027 0.000009 -0.000041 -21.542627 0.165688 -0.056701 0.814642 0.053121 0.070515 0.631671 0.075003 0.091023 -0.000017 -0.000003 -0.000010 -20.606071 0.064787 -4.479875 0.550081 0.005692 0.032281 0.540943 0.020110 0.036530 0.000009 0.000097 -0.000017 -19.177181 -0.086553 -10.465016 0.314463 0.014849 -0.143372 0.200782 -0.011824 -0.104294 0.000002 -0.000772 0.000035 -15.656355 -0.140149 -17.285629 0.058932 0.017771 -0.542731 0.219108 -0.048653 -0.476656 -0.000438 -0.000013 -0.000016 0.000000 0.000000 0.000000 0.000000 0.000000 0.000000 -95.783012 1.198741 3.688936 -61.415821 19.372948 0.165504 -3.377195 -17.377045 55.803444 24.072575 0.518393 -15.150376 -1.739228 0.472166 44.097118 0.000018 0.000020 -4.313582 -0.000128 -0.000029 -2.708240 -0.000782 0.000007 -0.002390 31.601870 0.080141 -2.628016 -0.907842 0.038147 0.167480 -0.909015 0.073419 0.076893 -0.000009 -0.001918 -0.000025 28.854364 0.051535 -6.362600 -1.113700 -0.000971 0.036905 -0.851789 0.015775 0.032319 0.000203 -0.000050 -0.000002 25.061985 -0.008659 -10.050697 -0.437644 -0.001012 -0.028234 -0.227892 -0.024533 -0.015878 -0.000113 0.000017 0.000008 21.344358 -0.036433 -13.516080 0.093783 -0.021001 -0.012572 -0.016409 -0.087377 -0.050573 -0.000324 0.000005 -0.000025 0.000000 0.000000 0.000000 0.000000 0.000000 0.000000 -1.765458 -6.900856 23.624109 -0.206893 -1.078071 10.423508 -1.666892 -13.444950 14.073138 -0.535074 -0.909823 -27.651075 0.000000 0.000000 0.000000 0.000000 0.000000 0.000000 0.000000 0.000000 0.000000 10.156630 7.636973 15.926813 0.277019 1.050345 19.329628 -0.770437 10.611387 13.121520 0.661752 0.900390 -27.443655 0.000000 0.000000 0.000000 0.000000 0.000000 0.000000 0.000000 0.000000 0.000000 
10.938086 86.666023 11.313042 -2.844686 -3.043543 -20.083794 1.242238 -0.116886 7.987906 2.981032 -0.527750 2.063961 -0.714195 1.360884 18.745728 -0.578073 0.296193 1.624792 6.527295 0.744501 8.710195 -2.970936 -0.337611 -9.067013 0.544112 3.213911 -25.092093 0.000000 0.000000 0.000000 98.411316 -0.933933 4.570295 62.781437 -17.662815 5.735542 2.751310 24.359169 35.045353 -13.829567 11.449000 -12.794256 3.941498 -0.826213 43.116043 0.000008 0.000030 -9.548321 0.000019 0.000051 -6.564269 0.000027 0.000009 -0.000041 -21.318174 0.165427 -0.054646 0.795443 0.051487 0.077023 0.615763 0.073189 0.097379 -0.000017 -0.000004 -0.000010 -20.389858 0.064952 -4.491891 0.527597 0.004985 0.034612 0.518936 0.019709 0.038650 0.000009 0.000098 -0.000017 -18.984795 -0.086213 -10.480685 0.300857 0.015808 -0.145390 0.191450 -0.011269 -0.106260 0.000002 -0.000739 0.000035 -15.500205 -0.140077 -17.301018 0.050976 0.020162 -0.546159 0.211646 -0.046192 -0.479455 -0.000417 -0.000013 -0.000016 0.000000 0.000000 0.000000 0.000000 0.000000 0.000000 -95.797760 1.221991 3.651364 -61.191872 19.415041 0.225192 -3.396576 -17.343184 55.696861 23.969378 0.701561 -15.166839 -1.765043 0.476662 44.085934 0.000018 0.000020 -4.372139 -0.000130 -0.000028 -2.752509 -0.000767 0.000006 -0.002424 31.455030 0.079776 -2.670549 -0.908057 0.035995 0.161678 -0.909727 0.071411 0.072062 -0.000009 -0.001934 -0.000024 28.728369 0.051629 -6.398917 -1.114516 -0.001660 0.035402 -0.849918 0.015272 0.030725 0.000200 -0.000050 -0.000003 24.971746 -0.009269 -10.065885 -0.441473 -0.000170 -0.026365 -0.232721 -0.024150 -0.015271 -0.000080 0.000017 0.000008 21.276249 -0.039679 -13.504234 0.086733 -0.019164 -0.009355 -0.019925 -0.085741 -0.048941 -0.000331 0.000005 -0.000025 0.000000 0.000000 0.000000 0.000000 0.000000 0.000000 -2.103245 -6.683696 23.584959 -0.211341 -1.087987 10.543694 -1.455577 -13.232359 14.049417 -0.551065 -0.908209 -27.609751 0.000000 0.000000 0.000000 0.000000 0.000000 0.000000 0.000000 0.000000 0.000000 9.809135 7.725060 16.210258 0.271066 1.038058 19.082844 -0.601758 10.754813 13.145839 0.649817 0.894636 -27.442465 0.000000 0.000000 0.000000 0.000000 0.000000 0.000000 0.000000 0.000000 0.000000 
11.216314 86.675064 11.351610 -2.682241 -3.211047 -20.107250 1.139783 -0.089733 8.006192 2.950370 -0.519673 2.018364 -0.828035 1.400357 18.834204 -0.574072 0.287674 1.636214 6.514622 0.820290 8.691755 -2.941143 -0.256910 -9.069176 0.552218 3.217856 -25.112312 0.000000 0.000000 0.000000 98.461182 -0.946235 4.533851 62.801624 -17.702667 5.738924 2.732010 24.318010 35.041088 -13.795577 11.419297 -12.708956 3.972723 -0.831979 43.101048 0.000008 0.000030 -9.623768 0.000019 0.000051 -6.615626 0.000027 0.000009 -0.000041 -21.126072 0.165162 -0.044789 0.778672 0.050176 0.081530 0.601802 0.071655 0.102002 -0.000017 -0.000004 -0.000010 -20.206091 0.065164 -4.498760 0.508272 0.004398 0.036241 0.500886 0.019421 0.040180 0.000008 0.000099 -0.000016 -18.827950 -0.085948 -10.496211 0.289728 0.016539 -0.146669 0.184769 -0.010886 -0.107669 0.000002 -0.000704 0.000035 -15.377805 -0.140201 -17.319344 0.044260 0.022062 -0.548299 0.205958 -0.044140 -0.481080 -0.000397 -0.000013 -0.000017 0.000000 0.000000 0.000000 0.000000 0.000000 0.000000 -95.817062 1.244498 3.612361 -60.969334 19.449520 0.273725 -3.416163 -17.311844 55.605209 23.844450 0.863071 -15.180665 -1.791322 0.481225 44.074772 0.000019 0.000020 -4.431454 -0.000133 -0.000028 -2.797522 -0.000748 0.000006 -0.002452 31.302462 0.079473 -2.712580 -0.908383 0.034157 0.157258 -0.910151 0.069683 0.068536 -0.000009 -0.001945 -0.000024 28.594805 0.051718 -6.437996 -1.115507 -0.002251 0.034377 -0.847656 0.014860 0.029596 0.000196 -0.000050 -0.000004 24.871607 -0.009841 -10.086676 -0.446478 0.000577 -0.025094 -0.239432 -0.023844 -0.015021 -0.000051 0.000018 0.000008 21.197353 -0.042817 -13.501451 0.076399 -0.017496 -0.007413 -0.026270 -0.084291 -0.048239 -0.000341 0.000005 -0.000025 0.000000 0.000000 0.000000 0.000000 0.000000 0.000000 -2.442973 -6.471076 23.535408 -0.215881 -1.097363 10.663305 -1.243100 -13.018487 14.024082 -0.566654 -0.907507 -27.568529 0.000000 0.000000 0.000000 0.000000 0.000000 0.000000 0.000000 0.000000 0.000000 9.460574 7.817172 16.474327 0.265172 1.025198 18.841721 -0.433905 10.898421 13.172054 0.637520 0.888899 -27.443819 0.000000 0.000000 0.000000 0.000000 0.000000 0.000000 0.000000 0.000000 0.000000 
11.491871 86.681763 11.387257 -2.518514 -3.375114 -20.121878 1.038055 -0.062984 8.021697 2.921111 -0.511425 1.969108 -0.943928 1.443637 18.923367 -0.569442 0.279883 1.645948 6.502499 0.900149 8.670294 -2.910881 -0.170562 -9.072059 0.559336 3.222209 -25.130783 0.000000 0.000000 0.000000 98.509872 -0.958470 4.498708 62.840607 -17.708128 5.723175 2.712398 24.283373 35.024120 -13.775310 11.395029 -12.631291 3.997747 -0.836544 43.089180 0.000009 0.000030 -9.683569 0.000019 0.000051 -6.656250 0.000026 0.000009 -0.000041 -20.972208 0.164884 -0.026236 0.764588 0.049110 0.084027 0.589933 0.070330 0.104859 -0.000016 -0.000004 -0.000010 -20.060555 0.065412 -4.499201 0.492592 0.003902 0.037161 0.487089 0.019221 0.041104 0.000008 0.000100 -0.000015 -18.712116 -0.085752 -10.510509 0.281682 0.017095 -0.147186 0.181275 -0.010647 -0.108490 0.000001 -0.000669 0.000035 -15.294729 -0.140537 -17.339148 0.039353 0.023626 -0.549135 0.202612 -0.042397 -0.481520 -0.000380 -0.000013 -0.000017 0.000000 0.000000 0.000000 0.000000 0.000000 0.000000 -95.840683 1.265949 3.571656 -60.753410 19.468962 0.308507 -3.435017 -17.282173 55.540638 23.706709 1.012329 -15.189063 -1.817580 0.485755 44.063835 0.000019 0.000020 -4.490512 -0.000135 -0.000028 -2.842452 -0.000727 0.000006 -0.002471 31.148035 0.079258 -2.751576 -0.909100 0.032612 0.154210 -0.910610 0.068216 0.066327 -0.000009 -0.001950 -0.000023 28.457418 0.051805 -6.477532 -1.117012 -0.002754 0.033814 -0.845404 0.014532 0.028933 0.000192 -0.000050 -0.000006 24.764875 -0.010357 -10.111037 -0.452681 0.001257 -0.024424 -0.248040 -0.023594 -0.015126 -0.000027 0.000018 0.000008 21.111155 -0.045830 -13.505885 0.063165 -0.015899 -0.006698 -0.035081 -0.082958 -0.048443 -0.000356 0.000005 -0.000025 0.000000 0.000000 0.000000 0.000000 0.000000 0.000000 -2.784335 -6.263543 23.476295 -0.220514 -1.106235 10.782063 -1.029781 -12.804660 13.996669 -0.581827 -0.907794 -27.527666 0.000000 0.000000 0.000000 0.000000 0.000000 0.000000 0.000000 0.000000 0.000000 9.111429 7.913171 16.717352 0.259363 1.011931 18.609373 -0.267096 11.041445 13.198873 0.624804 0.883153 -27.447830 0.000000 0.000000 0.000000 0.000000 0.000000 0.000000 0.000000 0.000000 0.000000 
11.764784 86.685982 11.420063 -2.354029 -3.535292 -20.128033 0.936837 -0.036621 8.034809 2.894581 -0.503284 1.916344 -1.062588 1.490987 19.012545 -0.563792 0.272707 1.652972 6.492235 0.982513 8.647346 -2.879644 -0.080309 -9.075270 0.565630 3.226367 -25.147297 0.000000 0.000000 0.000000 98.557259 -0.970319 4.465554 62.897926 -17.676981 5.687558 2.693079 24.256058 34.996582 -13.770383 11.375220 -12.563717 4.016644 -0.839930 43.080349 0.000009 0.000030 -9.728257 0.000019 0.000051 -6.686437 0.000026 0.000009 -0.000041 -20.856216 0.164635 0.000178 0.753422 0.048214 0.084767 0.580218 0.069151 0.106149 -0.000016 -0.000004 -0.000010 -19.953558 0.065698 -4.493108 0.480633 0.003471 0.037468 0.477484 0.019086 0.041491 0.000008 0.000101 -0.000015 -18.637741 -0.085616 -10.522406 0.276527 0.017528 -0.147051 0.180784 -0.010517 -0.108801 0.000001 -0.000635 0.000035 -15.251895 -0.141096 -17.357883 0.036057 0.024986 -0.548959 0.201462 -0.040872 -0.481012 -0.000366 -0.000013 -0.000017 0.000000 0.000000 0.000000 0.000000 0.000000 0.000000 -95.867653 1.285855 3.529921 -60.551933 19.466686 0.324681 -3.452471 -17.253736 55.512669 23.564224 1.152426 -15.189930 -1.843240 0.490138 44.053352 0.000019 0.000020 -4.548165 -0.000138 -0.000028 -2.886328 -0.000705 0.000006 -0.002484 30.996016 0.079180 -2.784758 -0.910249 0.031340 0.152322 -0.911384 0.066990 0.065246 -0.000009 -0.001948 -0.000023 28.320621 0.051910 -6.514827 -1.119200 -0.003175 0.033625 -0.843474 0.014283 0.028665 0.000186 -0.000050 -0.000008 24.656557 -0.010822 -10.136798 -0.460103 0.001887 -0.024263 -0.258527 -0.023389 -0.015518 -0.000006 0.000018 0.000007 21.022940 -0.048683 -13.515425 0.047202 -0.014305 -0.006968 -0.046292 -0.081710 -0.049353 -0.000375 0.000004 -0.000025 0.000000 0.000000 0.000000 0.000000 0.000000 0.000000 -3.126505 -6.062436 23.408173 -0.225253 -1.114717 10.899331 -0.816307 -12.591928 13.967205 -0.596659 -0.908914 -27.487377 0.000000 0.000000 0.000000 0.000000 0.000000 0.000000 0.000000 0.000000 0.000000 8.762456 8.012904 16.938278 0.253675 0.998444 18.388124 -0.101511 11.182710 13.224643 0.611594 0.877391 -27.454165 0.000000 0.000000 0.000000 0.000000 0.000000 0.000000 0.000000 0.000000 0.000000 
12.035148 86.687790 11.450478 -2.189425 -3.690711 -20.126907 0.836260 -0.010725 8.045908 2.871874 -0.495505 1.860541 -1.184165 1.542113 19.100889 -0.557089 0.265824 1.656676 6.483007 1.065238 8.624797 -2.847119 0.010982 -9.078268 0.571580 3.229547 -25.162033 0.000000 0.000000 0.000000 98.603653 -0.981997 4.435081 62.970688 -17.612005 5.633651 2.674751 24.235615 34.957802 -13.784347 11.362491 -12.507758 4.029469 -0.842177 43.074440 0.000009 0.000030 -9.758325 0.000019 0.000051 -6.706420 0.000026 0.000009 -0.000040 -20.777277 0.164455 0.032989 0.744781 0.047356 0.084248 0.572235 0.068003 0.106287 -0.000016 -0.000004 -0.000010 -19.884333 0.066017 -4.480603 0.471747 0.003054 0.037341 0.471157 0.018970 0.041489 0.000008 0.000102 -0.000014 -18.603304 -0.085518 -10.530272 0.273230 0.017940 -0.146471 0.182280 -0.010430 -0.108753 0.000001 -0.000606 0.000035 -15.247527 -0.141870 -17.372364 0.033427 0.026399 -0.548286 0.201638 -0.039379 -0.479983 -0.000355 -0.000013 -0.000017 0.000000 0.000000 0.000000 0.000000 0.000000 0.000000 -95.896866 1.303919 3.488353 -60.371555 19.438595 0.320930 -3.468440 -17.225176 55.522663 23.428007 1.277495 -15.183636 -1.866992 0.494133 44.043842 0.000019 0.000020 -4.601442 -0.000139 -0.000028 -2.926841 -0.000684 0.000006 -0.002493 30.854647 0.079264 -2.809692 -0.911888 0.030274 0.151266 -0.912839 0.065948 0.064978 -0.000009 -0.001940 -0.000022 28.192560 0.052040 -6.546959 -1.122275 -0.003538 0.033684 -0.842277 0.014095 0.028669 0.000178 -0.000050 -0.000009 24.554884 -0.011243 -10.161657 -0.468798 0.002508 -0.024423 -0.270737 -0.023198 -0.016081 0.000012 0.000018 0.000007 20.939787 -0.051342 -13.527792 0.028760 -0.012599 -0.007771 -0.059838 -0.080461 -0.050622 -0.000395 0.000004 -0.000025 0.000000 0.000000 0.000000 0.000000 0.000000 0.000000 -3.468757 -5.869526 23.332689 -0.230104 -1.122968 11.014178 -0.603031 -12.382189 13.936120 -0.611397 -0.910728 -27.447990 0.000000 0.000000 0.000000 0.000000 0.000000 0.000000 0.000000 0.000000 0.000000 8.414312 8.115240 17.137405 0.248140 0.984986 18.179810 0.062689 11.320214 13.247130 0.597804 0.871486 -27.461891 0.000000 0.000000 0.000000 0.000000 0.000000 0.000000 0.000000 0.000000 0.000000 
12.303175 86.687332 11.478461 -2.024999 -3.840600 -20.119604 0.736375 0.014786 8.055528 2.852838 -0.487998 1.803526 -1.309301 1.597278 19.186857 -0.549579 0.259646 1.657406 6.477028 1.147453 8.604243 -2.813550 0.102655 -9.080403 0.577126 3.231853 -25.175751 0.000000 0.000000 0.000000 98.647728 -0.993025 4.406503 63.056473 -17.516655 5.565584 2.658004 24.224348 34.910393 -13.812628 11.362932 -12.463932 4.037164 -0.843390 43.071098 0.000009 0.000030 -9.775779 0.000019 0.000051 -6.717815 0.000026 0.000009 -0.000040 -20.734241 0.164336 0.071217 0.738725 0.046578 0.082627 0.566207 0.066939 0.105408 -0.000016 -0.000004 -0.000009 -19.850847 0.066360 -4.462722 0.466050 0.002669 0.036828 0.468038 0.018889 0.041137 0.000008 0.000103 -0.000014 -18.605324 -0.085450 -10.535453 0.271631 0.018290 -0.145521 0.185610 -0.010396 -0.108381 0.000001 -0.000583 0.000035 -15.277237 -0.142831 -17.384657 0.031009 0.027778 -0.547200 0.202468 -0.037981 -0.478519 -0.000346 -0.000013 -0.000017 0.000000 0.000000 0.000000 0.000000 0.000000 0.000000 -95.927437 1.319755 3.446738 -60.211277 19.391031 0.302160 -3.482862 -17.197166 55.566704 23.298790 1.385313 -15.171722 -1.888245 0.497552 44.035717 0.000020 0.000020 -4.648324 -0.000141 -0.000027 -2.962747 -0.000665 0.000006 -0.002496 30.731192 0.079531 -2.825798 -0.914169 0.029368 0.150714 -0.915141 0.065032 0.065297 -0.000009 -0.001927 -0.000022 28.079607 0.052206 -6.573165 -1.126246 -0.003860 0.033884 -0.841839 0.013945 0.028863 0.000171 -0.000050 -0.000011 24.464602 -0.011629 -10.184013 -0.478398 0.003126 -0.024794 -0.284276 -0.023012 -0.016743 0.000026 0.000018 0.000007 20.864294 -0.053904 -13.541186 0.008239 -0.010773 -0.008793 -0.075349 -0.079183 -0.052023 -0.000417 0.000004 -0.000025 0.000000 0.000000 0.000000 0.000000 0.000000 0.000000 -3.811182 -5.682751 23.249247 -0.235079 -1.130954 11.129573 -0.389594 -12.174558 13.903113 -0.625847 -0.913294 -27.409588 0.000000 0.000000 0.000000 0.000000 0.000000 0.000000 0.000000 0.000000 0.000000 8.067449 8.220493 17.315557 0.242736 0.971585 17.984901 0.225783 11.454036 13.265377 0.583591 0.865513 -27.470743 0.000000 0.000000 0.000000 0.000000 0.000000 0.000000 0.000000 0.000000 0.000000 
12.568875 86.684685 11.503864 -1.860863 -3.984222 -20.106762 0.637245 0.039823 8.063973 2.836886 -0.480673 1.746626 -1.437516 1.655663 19.270201 -0.541635 0.254072 1.655011 6.474589 1.228403 8.585477 -2.779248 0.193313 -9.081768 0.582532 3.233352 -25.188049 0.000000 0.000000 0.000000 98.688927 -1.003141 4.380702 63.151268 -17.394781 5.487224 2.642954 24.221378 34.854050 -13.852979 11.381512 -12.430281 4.039770 -0.843728 43.070148 0.000009 0.000029 -9.780997 0.000019 0.000051 -6.720759 0.000025 0.000009 -0.000040 -20.725075 0.164278 0.114782 0.733577 0.045751 0.080340 0.560665 0.065844 0.103872 -0.000016 -0.000004 -0.000009 -19.850384 0.066717 -4.439170 0.461957 0.002275 0.036086 0.466410 0.018802 0.040558 0.000008 0.000103 -0.000014 -18.639503 -0.085406 -10.537102 0.270662 0.018667 -0.144344 0.189710 -0.010356 -0.107788 0.000001 -0.000564 0.000035 -15.336636 -0.143984 -17.393612 0.028327 0.029359 -0.545933 0.203408 -0.036488 -0.476828 -0.000340 -0.000013 -0.000018 0.000000 0.000000 0.000000 0.000000 0.000000 0.000000 -95.957413 1.333121 3.406027 -60.068676 19.327562 0.273175 -3.496237 -17.169214 55.634640 23.174393 1.471368 -15.157885 -1.906376 0.500375 44.029140 0.000020 0.000020 -4.687295 -0.000142 -0.000027 -2.992853 -0.000647 0.000006 -0.002491 30.628155 0.079977 -2.833641 -0.916727 0.028509 0.150257 -0.917950 0.064130 0.065889 -0.000009 -0.001909 -0.000021 27.984138 0.052403 -6.593372 -1.130621 -0.004178 0.034081 -0.841718 0.013797 0.029131 0.000163 -0.000050 -0.000014 24.387110 -0.012000 -10.202436 -0.488573 0.003801 -0.025174 -0.298691 -0.022784 -0.017379 0.000037 0.000018 0.000007 20.796637 -0.056446 -13.553418 -0.014022 -0.008660 -0.009487 -0.092470 -0.077730 -0.053178 -0.000440 0.000004 -0.000025 0.000000 0.000000 0.000000 0.000000 0.000000 0.000000 -4.153991 -5.500951 23.157305 -0.240160 -1.138572 11.247499 -0.175916 -11.969496 13.869242 -0.639942 -0.916748 -27.373085 0.000000 0.000000 0.000000 0.000000 0.000000 0.000000 0.000000 0.000000 0.000000 7.721897 8.328734 17.473049 0.237446 0.958259 17.804386 0.388333 11.583509 13.279210 0.568795 0.859509 -27.480722 0.000000 0.000000 0.000000 0.000000 0.000000 0.000000 0.000000 0.000000 0.000000 
12.832168 86.680092 11.526914 -1.697215 -4.121237 -20.089552 0.539767 0.064070 8.070512 2.823194 -0.473388 1.690886 -1.567941 1.716624 19.350903 -0.533796 0.248896 1.650170 6.475183 1.307397 8.570740 -2.744821 0.280785 -9.082271 0.588441 3.234048 -25.200424 0.000000 0.000000 0.000000 98.727753 -1.012391 4.358254 63.250336 -17.251389 5.405734 2.629368 24.225731 34.784393 -13.907542 11.425249 -12.402194 4.037120 -0.843217 43.071678 0.000009 0.000029 -9.772875 0.000018 0.000051 -6.714559 0.000025 0.000009 -0.000040 -20.752766 0.164241 0.165078 0.727392 0.044832 0.077802 0.554028 0.064674 0.102033 -0.000015 -0.000004 -0.000009 -19.883869 0.067089 -4.408799 0.458099 0.001848 0.035252 0.464667 0.018694 0.039865 0.000008 0.000104 -0.000013 -18.702576 -0.085372 -10.533872 0.270168 0.019101 -0.142988 0.194266 -0.010290 -0.107009 0.000001 -0.000551 0.000035 -15.419994 -0.145380 -17.398481 0.026198 0.031224 -0.544536 0.205120 -0.034868 -0.474982 -0.000334 -0.000013 -0.000018 0.000000 0.000000 0.000000 0.000000 0.000000 0.000000 -95.986206 1.344452 3.367995 -59.935684 19.255249 0.241674 -3.509083 -17.142084 55.713238 23.057972 1.524420 -15.151123 -1.921134 0.502603 44.024250 0.000020 0.000020 -4.717393 -0.000143 -0.000027 -3.016431 -0.000629 0.000006 -0.002474 30.548538 0.080572 -2.835252 -0.918699 0.027604 0.149497 -0.920193 0.063159 0.066393 -0.000009 -0.001885 -0.000021 27.908571 0.052613 -6.608413 -1.134505 -0.004532 0.034138 -0.841315 0.013619 0.029341 0.000156 -0.000050 -0.000016 24.322985 -0.012377 -10.216296 -0.499192 0.004580 -0.025368 -0.313496 -0.022477 -0.017882 0.000044 0.000017 0.000007 20.734869 -0.059092 -13.563281 -0.038057 -0.006179 -0.009376 -0.111157 -0.076021 -0.053768 -0.000462 0.000004 -0.000025 0.000000 0.000000 0.000000 0.000000 0.000000 0.000000 -4.497474 -5.324080 23.058140 -0.245286 -1.145720 11.370192 0.038695 -11.771098 13.834388 -0.653782 -0.921467 -27.339231 0.000000 0.000000 0.000000 0.000000 0.000000 0.000000 0.000000 0.000000 0.000000 7.377330 8.437551 17.610949 0.232265 0.945157 17.639059 0.551096 11.705603 13.288133 0.553352 0.853305 -27.491207 0.000000 0.000000 0.000000 0.000000 0.000000 0.000000 0.000000 0.000000 0.000000 
13.092871 86.673637 11.547729 -1.534737 -4.250997 -20.068340 0.444191 0.087513 8.075112 2.811825 -0.466148 1.636727 -1.700210 1.779278 19.428492 -0.526033 0.243710 1.643303 6.478058 1.384433 8.561026 -2.710433 0.364281 -9.081752 0.594946 3.233706 -25.213120 0.000000 0.000000 0.000000 98.764183 -1.020745 4.339534 63.349892 -17.087049 5.326061 2.617485 24.236176 34.698181 -13.980058 11.500248 -12.375964 4.030089 -0.841855 43.075520 0.000009 0.000029 -9.752930 0.000018 0.000050 -6.700395 0.000025 0.000010 -0.000040 -20.815823 0.164212 0.221984 0.720594 0.043876 0.075366 0.546668 0.063483 0.100202 -0.000015 -0.000004 -0.000009 -19.950146 0.067480 -4.371635 0.454697 0.001413 0.034458 0.463130 0.018580 0.039167 0.000008 0.000104 -0.000013 -18.791878 -0.085317 -10.525013 0.270612 0.019545 -0.141542 0.199712 -0.010229 -0.106123 0.000001 -0.000544 0.000034 -15.523670 -0.146981 -17.397787 0.025612 0.033185 -0.543045 0.208464 -0.033256 -0.473083 -0.000330 -0.000013 -0.000018 0.000000 0.000000 0.000000 0.000000 0.000000 0.000000 -96.012680 1.353598 3.333961 -59.808956 19.176201 0.208373 -3.521885 -17.115679 55.793785 22.952118 1.538164 -15.153942 -1.933155 0.504289 44.020885 0.000021 0.000020 -4.739731 -0.000144 -0.000027 -3.034369 -0.000610 0.000006 -0.002445 30.492069 0.081287 -2.832281 -0.919080 0.026645 0.148089 -0.920895 0.062117 0.066445 -0.000009 -0.001856 -0.000021 27.853329 0.052819 -6.619339 -1.136930 -0.004929 0.033953 -0.839871 0.013403 0.029377 0.000152 -0.000050 -0.000019 24.273697 -0.012772 -10.225875 -0.509887 0.005436 -0.025223 -0.328220 -0.022095 -0.018136 0.000046 0.000017 0.000007 20.680145 -0.061788 -13.570322 -0.063970 -0.003439 -0.008242 -0.131520 -0.074135 -0.053583 -0.000483 0.000004 -0.000025 0.000000 0.000000 0.000000 0.000000 0.000000 0.000000 -4.841151 -5.153633 22.951305 -0.250421 -1.152362 11.499698 0.254086 -11.580598 13.798062 -0.667284 -0.927443 -27.308090 0.000000 0.000000 0.000000 0.000000 0.000000 0.000000 0.000000 0.000000 0.000000 7.033926 8.544776 17.730227 0.227216 0.932319 17.488344 0.714719 11.818389 13.291859 0.537352 0.846886 -27.501665 0.000000 0.000000 0.000000 0.000000 0.000000 0.000000 0.000000 0.000000 0.000000 
13.350815 86.665413 11.566515 -1.373968 -4.372908 -20.043694 0.350378 0.110233 8.077948 2.802518 -0.458908 1.584605 -1.833761 1.842601 19.502380 -0.518041 0.238240 1.634208 6.483541 1.459648 8.557886 -2.676327 0.444301 -9.079493 0.601901 3.232359 -25.225988 0.000000 0.000000 0.000000 98.797638 -1.028081 4.324492 63.449017 -16.900597 5.251240 2.607269 24.252878 34.594540 -14.070907 11.611987 -12.350073 4.019245 -0.839694 43.081444 0.000010 0.000029 -9.722323 0.000018 0.000050 -6.679203 0.000025 0.000010 -0.000040 -20.911680 0.164187 0.283334 0.712821 0.042931 0.073163 0.538278 0.062320 0.098526 -0.000015 -0.000004 -0.000009 -20.046253 0.067901 -4.329349 0.451442 0.000985 0.033760 0.461607 0.018471 0.038522 0.000008 0.000104 -0.000013 -18.903118 -0.085223 -10.511173 0.271946 0.019950 -0.140034 0.206019 -0.010196 -0.105170 0.000000 -0.000543 0.000034 -15.642802 -0.148763 -17.391834 0.027080 0.035072 -0.541345 0.213716 -0.031778 -0.471138 -0.000326 -0.000014 -0.000018 0.000000 0.000000 0.000000 0.000000 0.000000 0.000000 -96.035622 1.360162 3.304796 -59.688801 19.091066 0.172054 -3.535289 -17.090700 55.868843 22.856901 1.508122 -15.168290 -1.942870 0.505541 44.018822 0.000021 0.000020 -4.755178 -0.000144 -0.000027 -3.047430 -0.000588 0.000006 -0.002404 30.457819 0.082124 -2.825464 -0.917264 0.025606 0.145751 -0.919481 0.060984 0.065778 -0.000009 -0.001823 -0.000020 27.817751 0.053017 -6.626520 -1.137531 -0.005379 0.033444 -0.837054 0.013138 0.029153 0.000150 -0.000050 -0.000021 24.238768 -0.013193 -10.230799 -0.520846 0.006361 -0.024625 -0.343062 -0.021639 -0.018048 0.000045 0.000017 0.000007 20.631725 -0.064515 -13.573614 -0.092134 -0.000503 -0.005902 -0.153923 -0.072117 -0.052438 -0.000502 0.000004 -0.000025 0.000000 0.000000 0.000000 0.000000 0.000000 0.000000 -5.184892 -4.990143 22.836605 -0.255549 -1.158451 11.637140 0.470652 -11.397928 13.760194 -0.680340 -0.934599 -27.279848 0.000000 0.000000 0.000000 0.000000 0.000000 0.000000 0.000000 0.000000 0.000000 6.692078 8.648373 17.832590 0.222300 0.919729 17.350784 0.879307 11.920283 13.290242 0.520890 0.840208 -27.511883 0.000000 0.000000 0.000000 0.000000 0.000000 0.000000 0.000000 0.000000 0.000000 
13.605930 86.655464 11.583467 -1.215132 -4.486207 -20.015730 0.257846 0.132322 8.079196 2.794731 -0.451686 1.535248 -1.967613 1.905026 19.571693 -0.509659 0.232052 1.622620 6.491285 1.532824 8.560227 -2.642451 0.521557 -9.075583 0.609201 3.229968 -25.237694 0.000000 0.000000 0.000000 98.827606 -1.034552 4.313330 63.549496 -16.689919 5.178967 2.598772 24.276529 34.475037 -14.179132 11.758390 -12.323518 4.005024 -0.836794 43.089184 0.000010 0.000029 -9.682522 0.000018 0.000050 -6.651921 0.000024 0.000010 -0.000040 -21.034815 0.164204 0.347198 0.704221 0.041979 0.071325 0.528932 0.061177 0.097144 -0.000015 -0.000004 -0.000009 -20.167206 0.068361 -4.283157 0.448194 0.000558 0.033217 0.460159 0.018356 0.037994 0.000008 0.000103 -0.000012 -19.032310 -0.085089 -10.492597 0.273893 0.020320 -0.138552 0.212990 -0.010182 -0.104233 0.000000 -0.000549 0.000034 -15.774225 -0.150685 -17.380241 0.030724 0.036870 -0.539520 0.220919 -0.030437 -0.469269 -0.000323 -0.000014 -0.000019 0.000000 0.000000 0.000000 0.000000 0.000000 0.000000 -96.053772 1.363845 3.280510 -59.581097 18.995726 0.127793 -3.550391 -17.069016 55.935333 22.772581 1.434896 -15.190714 -1.950369 0.506398 44.017971 0.000021 0.000020 -4.763928 -0.000144 -0.000027 -3.055890 -0.000560 0.000006 -0.002355 30.445557 0.083083 -2.813359 -0.913506 0.024480 0.142442 -0.916295 0.059760 0.064329 -0.000009 -0.001786 -0.000020 27.802189 0.053214 -6.628771 -1.136771 -0.005883 0.032605 -0.833178 0.012827 0.028645 0.000148 -0.000050 -0.000024 24.219952 -0.013648 -10.230685 -0.532523 0.007351 -0.023532 -0.358608 -0.021113 -0.017569 0.000039 0.000017 0.000007 20.592426 -0.067206 -13.572885 -0.122762 0.002595 -0.002345 -0.178715 -0.069997 -0.050266 -0.000519 0.000004 -0.000025 0.000000 0.000000 0.000000 0.000000 0.000000 0.000000 -5.528370 -4.834380 22.713058 -0.260681 -1.164007 11.782308 0.687931 -11.221827 13.721783 -0.692912 -0.942725 -27.254440 0.000000 0.000000 0.000000 0.000000 0.000000 0.000000 0.000000 0.000000 0.000000 6.351955 8.746698 17.919012 0.217515 0.907273 17.225431 1.044733 12.011632 13.283580 0.503968 0.833403 -27.521881 0.000000 0.000000 0.000000 0.000000 0.000000 0.000000 0.000000 0.000000 0.000000 
13.858305 86.643806 11.598742 -1.058168 -4.590070 -19.983929 0.165863 0.153836 8.078764 2.788167 -0.444675 1.490133 -2.101177 1.965143 19.634809 -0.501055 0.224657 1.609118 6.499896 1.603108 8.562243 -2.608388 0.595943 -9.072026 0.616928 3.226483 -25.246241 0.000000 0.000000 0.000000 98.854378 -1.040700 4.306715 63.652702 -16.456585 5.103205 2.592657 24.306715 34.342525 -14.301586 11.931230 -12.297300 3.988001 -0.833208 43.098427 0.000010 0.000029 -9.635762 0.000018 0.000050 -6.619754 0.000024 0.000010 -0.000040 -21.177183 0.164335 0.410938 0.696444 0.040925 0.070100 0.519987 0.059988 0.096274 -0.000015 -0.000003 -0.000009 -20.306641 0.068856 -4.234795 0.445842 0.000098 0.032937 0.459789 0.018201 0.037690 0.000008 0.000102 -0.000012 -19.175882 -0.084915 -10.470263 0.276621 0.020727 -0.137300 0.220812 -0.010135 -0.103488 0.000000 -0.000563 0.000034 -15.915330 -0.152657 -17.363379 0.036578 0.038753 -0.537990 0.230298 -0.029082 -0.467779 -0.000321 -0.000014 -0.000019 0.000000 0.000000 0.000000 0.000000 0.000000 0.000000 -96.066544 1.364539 3.260427 -59.493519 18.885340 0.069761 -3.568539 -17.051470 55.995037 22.695999 1.323622 -15.214447 -1.955563 0.506797 44.018379 0.000021 0.000020 -4.765762 -0.000144 -0.000027 -3.059714 -0.000529 0.000006 -0.002309 30.454565 0.084127 -2.794795 -0.908683 0.023290 0.138394 -0.912242 0.058472 0.062245 -0.000009 -0.001748 -0.000019 27.806986 0.053414 -6.625556 -1.135357 -0.006424 0.031503 -0.828690 0.012486 0.027889 0.000145 -0.000050 -0.000026 24.220451 -0.014121 -10.227505 -0.544442 0.008390 -0.021964 -0.374715 -0.020529 -0.016693 0.000030 0.000017 0.000007 20.568241 -0.069706 -13.570683 -0.154781 0.005836 0.002299 -0.205065 -0.067795 -0.047148 -0.000536 0.000004 -0.000025 0.000000 0.000000 0.000000 0.000000 0.000000 0.000000 -5.870618 -4.687931 22.579243 -0.265861 -1.169222 11.933756 0.904074 -11.051386 13.684393 -0.705026 -0.951471 -27.231096 0.000000 0.000000 0.000000 0.000000 0.000000 0.000000 0.000000 0.000000 0.000000 6.013517 8.838464 17.989094 0.212856 0.894723 17.112272 1.211055 12.094570 13.272678 0.486564 0.826848 -27.531742 0.000000 0.000000 0.000000 0.000000 0.000000 0.000000 0.000000 0.000000 0.000000 
14.108496 86.630440 11.612667 -0.902391 -4.683533 -19.947979 0.073932 0.174706 8.076375 2.783084 -0.438290 1.450600 -2.234819 2.022650 19.690695 -0.492870 0.215713 1.595085 6.507718 1.669526 8.556291 -2.573793 0.666626 -9.071803 0.625244 3.222132 -25.250423 0.000000 0.000000 0.000000 98.879745 -1.047386 4.304806 63.756569 -16.209982 5.018213 2.589763 24.342043 34.200905 -14.434090 12.123939 -12.275126 3.968445 -0.828967 43.108986 0.000010 0.000029 -9.583360 0.000018 0.000050 -6.583149 0.000024 0.000010 -0.000039 -21.333530 0.164643 0.470563 0.691162 0.039657 0.069685 0.512754 0.058692 0.096087 -0.000014 -0.000003 -0.000009 -20.460665 0.069381 -4.187274 0.445428 -0.000424 0.033005 0.461442 0.017970 0.037690 0.000008 0.000102 -0.000012 -19.331600 -0.084701 -10.446554 0.280222 0.021271 -0.136485 0.229480 -0.009988 -0.103099 0.000000 -0.000583 0.000034 -16.062965 -0.154565 -17.343983 0.044208 0.040989 -0.537252 0.241727 -0.027505 -0.466943 -0.000320 -0.000014 -0.000019 0.000000 0.000000 0.000000 0.000000 0.000000 0.000000 -96.075035 1.362501 3.244125 -59.430660 18.761171 -0.006098 -3.590679 -17.037544 56.052700 22.620043 1.179413 -15.236025 -1.958279 0.506676 44.020088 0.000022 0.000020 -4.760571 -0.000143 -0.000027 -3.058870 -0.000498 0.000006 -0.002281 30.483458 0.085220 -2.770226 -0.903366 0.022068 0.133939 -0.907729 0.057146 0.059737 -0.000009 -0.001711 -0.000019 27.831644 0.053631 -6.617807 -1.133386 -0.006977 0.030221 -0.823549 0.012134 0.026941 0.000137 -0.000049 -0.000028 24.242409 -0.014575 -10.224679 -0.554736 0.009450 -0.019960 -0.389900 -0.019897 -0.015435 0.000017 0.000017 0.000007 20.564346 -0.071853 -13.571013 -0.185372 0.009229 0.007911 -0.230503 -0.065498 -0.043229 -0.000553 0.000003 -0.000025 0.000000 0.000000 0.000000 0.000000 0.000000 0.000000 -6.210956 -4.552340 22.435335 -0.271161 -1.174413 12.089089 1.117177 -10.887943 13.648843 -0.716897 -0.960485 -27.208628 0.000000 0.000000 0.000000 0.000000 0.000000 0.000000 0.000000 0.000000 0.000000 5.676144 8.922864 18.042690 0.208297 0.881882 17.010967 1.378272 12.170633 13.258361 0.468609 0.820820 -27.541340 0.000000 0.000000 0.000000 0.000000 0.000000 0.000000 0.000000 0.000000 0.000000 
14.357261 86.615372 11.625802 -0.747303 -4.765635 -19.908573 -0.017609 0.194745 8.071678 2.779926 -0.432984 1.417391 -2.368956 2.077941 19.738516 -0.485728 0.205228 1.582432 6.514375 1.731522 8.539451 -2.538966 0.733228 -9.076223 0.634170 3.217559 -25.250732 0.000000 0.000000 0.000000 98.905136 -1.054943 4.306103 63.858372 -15.962050 4.923668 2.589844 24.381092 34.055038 -14.570965 12.339013 -12.260292 3.946037 -0.824089 43.120983 0.000010 0.000029 -9.524485 0.000018 0.000050 -6.541355 0.000023 0.000010 -0.000039 -21.503628 0.165116 0.524392 0.688821 0.038185 0.069958 0.507671 0.057317 0.096488 -0.000014 -0.000003 -0.000009 -20.629412 0.069931 -4.142220 0.447416 -0.000997 0.033382 0.465254 0.017668 0.037955 0.000008 0.000102 -0.000011 -19.499559 -0.084456 -10.423230 0.284295 0.021972 -0.136150 0.238502 -0.009722 -0.103087 -0.000000 -0.000608 0.000034 -16.215382 -0.156358 -17.325077 0.052167 0.043680 -0.537594 0.253809 -0.025621 -0.466889 -0.000321 -0.000014 -0.000020 0.000000 0.000000 0.000000 0.000000 0.000000 0.000000 -96.081314 1.358196 3.231341 -59.391354 18.628614 -0.097173 -3.616719 -17.027418 56.107700 22.536274 1.003311 -15.260390 -1.958640 0.506073 44.022984 0.000022 0.000020 -4.749165 -0.000143 -0.000027 -3.053854 -0.000471 0.000006 -0.002269 30.529348 0.086365 -2.742838 -0.897841 0.020835 0.129174 -0.902755 0.055791 0.056906 -0.000010 -0.001673 -0.000019 27.873291 0.053886 -6.608482 -1.130777 -0.007520 0.028770 -0.817736 0.011779 0.025824 0.000128 -0.000049 -0.000029 24.282970 -0.014989 -10.224679 -0.562199 0.010503 -0.017578 -0.402986 -0.019234 -0.013844 0.000001 0.000017 0.000007 20.579250 -0.073615 -13.576046 -0.212431 0.012777 0.014471 -0.253088 -0.063089 -0.038610 -0.000571 0.000003 -0.000025 0.000000 0.000000 0.000000 0.000000 0.000000 0.000000 -6.549507 -4.427463 22.283081 -0.276631 -1.179719 12.248290 1.327446 -10.734016 13.614137 -0.728748 -0.969678 -27.186392 0.000000 0.000000 0.000000 0.000000 0.000000 0.000000 0.000000 0.000000 0.000000 5.339803 9.000522 18.082193 0.203809 0.868764 16.918571 1.545714 12.238441 13.240593 0.450228 0.815190 -27.550032 0.000000 0.000000 0.000000 0.000000 0.000000 0.000000 0.000000 0.000000 0.000000 
14.605264 86.598625 11.638566 -0.592615 -4.835239 -19.866814 -0.108740 0.213946 8.064979 2.778972 -0.429026 1.390072 -2.503815 2.131403 19.778530 -0.479821 0.193436 1.572100 6.521564 1.788351 8.511966 -2.504371 0.795987 -9.084894 0.643525 3.213400 -25.247076 0.000000 0.000000 0.000000 98.930458 -1.062835 4.308249 63.956154 -15.721121 4.820760 2.591795 24.422489 33.911831 -14.701606 12.579659 -12.250055 3.920697 -0.818636 43.134399 0.000011 0.000029 -9.458785 0.000018 0.000049 -6.494204 0.000023 0.000011 -0.000039 -21.687366 0.165745 0.574287 0.689509 0.036588 0.070645 0.504943 0.055924 0.097245 -0.000014 -0.000003 -0.000008 -20.813492 0.070507 -4.098572 0.451959 -0.001580 0.033974 0.471192 0.017321 0.038387 0.000008 0.000103 -0.000011 -19.681545 -0.084197 -10.400312 0.288153 0.022791 -0.136281 0.247328 -0.009349 -0.103414 -0.000000 -0.000639 0.000034 -16.374628 -0.157994 -17.307611 0.058595 0.046795 -0.539253 0.264553 -0.023417 -0.467765 -0.000321 -0.000014 -0.000020 0.000000 0.000000 0.000000 0.000000 0.000000 0.000000 -96.085930 1.351982 3.220586 -59.372761 18.492840 -0.199426 -3.646166 -17.021151 56.158260 22.437147 0.801202 -15.286985 -1.957265 0.505068 44.026726 0.000022 0.000020 -4.733350 -0.000142 -0.000027 -3.045944 -0.000446 0.000006 -0.002269 30.587523 0.087597 -2.714859 -0.892507 0.019608 0.124045 -0.897751 0.054416 0.053807 -0.000010 -0.001635 -0.000018 27.927181 0.054199 -6.599802 -1.127773 -0.008035 0.027126 -0.811533 0.011427 0.024554 0.000119 -0.000049 -0.000030 24.336752 -0.015363 -10.227964 -0.566725 0.011512 -0.014895 -0.413732 -0.018560 -0.011978 -0.000014 0.000016 0.000007 20.608948 -0.075027 -13.585699 -0.235283 0.016451 0.021986 -0.272310 -0.060577 -0.033316 -0.000591 0.000003 -0.000025 0.000000 0.000000 0.000000 0.000000 0.000000 0.000000 -6.886864 -4.311182 22.123816 -0.282302 -1.185062 12.412736 1.536046 -10.589582 13.578848 -0.740646 -0.978992 -27.164034 0.000000 0.000000 0.000000 0.000000 0.000000 0.000000 0.000000 0.000000 0.000000 5.004966 9.074012 18.110863 0.199366 0.855399 16.831356 1.712674 12.297017 13.219371 0.431637 0.809817 -27.557436 0.000000 0.000000 0.000000 0.000000 0.000000 0.000000 0.000000 0.000000 0.000000 
14.853025 86.580307 11.651311 -0.438151 -4.891536 -19.823467 -0.199406 0.232293 8.056084 2.780161 -0.426382 1.368508 -2.638879 2.183167 19.811083 -0.474924 0.180328 1.565033 6.529670 1.839058 8.474298 -2.470383 0.853970 -9.097675 0.653497 3.209902 -25.239582 0.000000 0.000000 0.000000 98.956573 -1.070983 4.310624 64.047180 -15.491841 4.711490 2.594565 24.464895 33.775490 -14.825449 12.844163 -12.242978 3.892095 -0.812690 43.149235 0.000011 0.000029 -9.385742 0.000018 0.000049 -6.441272 0.000023 0.000011 -0.000039 -21.883863 0.166511 0.621804 0.692160 0.034838 0.071664 0.503685 0.054471 0.098267 -0.000013 -0.000003 -0.000008 -21.012758 0.071102 -4.055252 0.458154 -0.002176 0.034755 0.478201 0.016923 0.038952 0.000008 0.000104 -0.000011 -19.878153 -0.083934 -10.376838 0.290680 0.023746 -0.136862 0.254859 -0.008856 -0.104052 -0.000000 -0.000676 0.000034 -16.542385 -0.159495 -17.290127 0.061746 0.050416 -0.542335 0.272237 -0.020816 -0.469628 -0.000322 -0.000014 -0.000020 0.000000 0.000000 0.000000 0.000000 0.000000 0.000000 -96.089180 1.344306 3.211182 -59.370247 18.360077 -0.308592 -3.678276 -17.017210 56.204063 22.323242 0.579540 -15.316916 -1.954646 0.503735 44.030994 0.000022 0.000020 -4.714975 -0.000141 -0.000027 -3.036302 -0.000425 0.000006 -0.002278 30.652521 0.088900 -2.688263 -0.887693 0.018393 0.118669 -0.893053 0.053029 0.050557 -0.000010 -0.001595 -0.000018 27.988106 0.054572 -6.593498 -1.124595 -0.008511 0.025312 -0.805209 0.011081 0.023166 0.000111 -0.000049 -0.000031 24.398371 -0.015697 -10.235336 -0.568272 0.012472 -0.011973 -0.421903 -0.017880 -0.009891 -0.000028 0.000016 0.000006 20.649330 -0.076124 -13.600019 -0.253256 0.020245 0.030387 -0.287558 -0.057946 -0.027395 -0.000610 0.000003 -0.000025 0.000000 0.000000 0.000000 0.000000 0.000000 0.000000 -7.223999 -4.202550 21.957884 -0.288170 -1.190352 12.585405 1.744055 -10.456445 13.542325 -0.752641 -0.988561 -27.141575 0.000000 0.000000 0.000000 0.000000 0.000000 0.000000 0.000000 0.000000 0.000000 4.670728 9.144482 18.130913 0.194954 0.841789 16.747196 1.879830 12.345671 13.195277 0.412840 0.804553 -27.563311 0.000000 0.000000 0.000000 0.000000 0.000000 0.000000 0.000000 0.000000 0.000000 
15.101004 86.560493 11.664379 -0.284006 -4.934099 -19.779404 -0.289819 0.249876 8.045184 2.783790 -0.424964 1.351657 -2.773605 2.232990 19.836676 -0.470167 0.165741 1.561092 6.539054 1.882911 8.429246 -2.437373 0.906474 -9.113318 0.664151 3.207057 -25.228603 0.000000 0.000000 0.000000 98.984276 -1.079096 4.312710 64.128845 -15.277570 4.599749 2.596991 24.507994 33.648643 -14.944125 13.128112 -12.235086 3.860207 -0.806268 43.165474 0.000011 0.000029 -9.305178 0.000018 0.000049 -6.382608 0.000022 0.000011 -0.000039 -22.092718 0.167393 0.668635 0.696326 0.033011 0.072774 0.503592 0.053015 0.099342 -0.000013 -0.000003 -0.000008 -21.227169 0.071703 -4.010854 0.465731 -0.002752 0.035637 0.485897 0.016497 0.039577 0.000008 0.000105 -0.000011 -20.090523 -0.083689 -10.350835 0.291501 0.024782 -0.137786 0.260735 -0.008276 -0.104919 -0.000000 -0.000718 0.000034 -16.721596 -0.160929 -17.269653 0.060692 0.054405 -0.546651 0.275922 -0.017912 -0.472327 -0.000324 -0.000014 -0.000021 0.000000 0.000000 0.000000 0.000000 0.000000 0.000000 -96.091095 1.335372 3.203153 -59.379177 18.238155 -0.420605 -3.711754 -17.015142 56.242874 22.197680 0.342988 -15.350450 -1.951482 0.502119 44.035496 0.000022 0.000020 -4.696205 -0.000140 -0.000028 -3.026317 -0.000405 0.000006 -0.002295 30.719641 0.090270 -2.663896 -0.883940 0.017238 0.113229 -0.889305 0.051696 0.047284 -0.000010 -0.001552 -0.000018 28.051310 0.055004 -6.589932 -1.121866 -0.008922 0.023375 -0.799425 0.010755 0.021705 0.000106 -0.000049 -0.000032 24.463259 -0.015998 -10.246046 -0.567253 0.013354 -0.008875 -0.427739 -0.017212 -0.007636 -0.000038 0.000016 0.000006 20.696795 -0.076949 -13.617187 -0.266192 0.024062 0.039598 -0.298636 -0.055259 -0.020863 -0.000628 0.000003 -0.000025 0.000000 0.000000 0.000000 0.000000 0.000000 0.000000 -7.561992 -4.100286 21.785480 -0.294232 -1.195498 12.769584 1.952948 -10.336521 13.503901 -0.764834 -0.998534 -27.119139 0.000000 0.000000 0.000000 0.000000 0.000000 0.000000 0.000000 0.000000 0.000000 4.336096 9.212257 18.144346 0.190556 0.827980 16.664900 2.047927 12.384455 13.168108 0.393814 0.799170 -27.567104 0.000000 0.000000 0.000000 0.000000 0.000000 0.000000 0.000000 0.000000 0.000000 
15.349558 86.539345 11.678095 -0.130091 -4.962824 -19.735731 -0.380224 0.266909 8.032477 2.789826 -0.424530 1.337897 -2.907129 2.280648 19.856354 -0.464776 0.149606 1.559343 6.549674 1.919498 8.381935 -2.405769 0.952778 -9.129741 0.675725 3.204752 -25.215406 0.000000 0.000000 0.000000 99.014198 -1.086804 4.314072 64.199623 -15.080363 4.490902 2.597956 24.553041 33.531502 -15.059643 13.423733 -12.219706 3.824820 -0.799367 43.183155 0.000012 0.000029 -9.216475 0.000018 0.000049 -6.317995 0.000022 0.000011 -0.000039 -22.314348 0.168386 0.716518 0.701282 0.031189 0.073674 0.504164 0.051617 0.100207 -0.000013 -0.000003 -0.000008 -21.456509 0.072306 -3.963991 0.474283 -0.003284 0.036504 0.493805 0.016068 0.040169 0.000008 0.000106 -0.000010 -20.319021 -0.083487 -10.320279 0.290724 0.025839 -0.138870 0.265050 -0.007651 -0.105873 -0.000001 -0.000763 0.000034 -16.914654 -0.162432 -17.243195 0.055426 0.058600 -0.551753 0.275490 -0.014828 -0.475517 -0.000327 -0.000014 -0.000021 0.000000 0.000000 0.000000 0.000000 0.000000 0.000000 -96.091377 1.325672 3.196472 -59.394215 18.133860 -0.529390 -3.745325 -17.016119 56.270344 22.064651 0.093684 -15.387447 -1.948130 0.500268 44.039978 0.000022 0.000020 -4.678331 -0.000140 -0.000028 -3.016720 -0.000385 0.000007 -0.002312 30.785532 0.091717 -2.640941 -0.881829 0.016162 0.107835 -0.887219 0.050451 0.044048 -0.000011 -0.001507 -0.000018 28.113043 0.055487 -6.587744 -1.120291 -0.009262 0.021342 -0.795015 0.010448 0.020189 0.000105 -0.000049 -0.000034 24.527317 -0.016299 -10.257832 -0.564822 0.014158 -0.005612 -0.432150 -0.016559 -0.005236 -0.000042 0.000016 0.000006 20.747303 -0.077643 -13.634157 -0.274881 0.027862 0.049658 -0.306212 -0.052547 -0.013666 -0.000644 0.000003 -0.000025 0.000000 0.000000 0.000000 0.000000 0.000000 0.000000 -7.902196 -4.002563 21.607508 -0.300473 -1.200377 12.967557 2.164563 -10.231786 13.463490 -0.777390 -1.009135 -27.096973 0.000000 0.000000 0.000000 0.000000 0.000000 0.000000 0.000000 0.000000 0.000000 3.999726 9.276855 18.153246 0.186132 0.814012 16.583494 2.217835 12.414516 13.137984 0.374469 0.793506 -27.568142 0.000000 0.000000 0.000000 0.000000 0.000000 0.000000 0.000000 0.000000 0.000000 
15.598998 86.516983 11.692542 0.023580 -4.978428 -19.692871 -0.471034 0.283486 8.017802 2.798066 -0.424930 1.326508 -3.038491 2.325559 19.870411 -0.458126 0.131926 1.559559 6.562879 1.948019 8.336194 -2.375602 0.992522 -9.145586 0.688421 3.202826 -25.201029 0.000000 0.000000 0.000000 99.046867 -1.094051 4.314113 64.258133 -14.901461 4.388850 2.596751 24.599615 33.426010 -15.173630 13.716127 -12.190239 3.786127 -0.792039 43.202145 0.000012 0.000029 -9.120129 0.000018 0.000049 -6.247896 0.000022 0.000011 -0.000039 -22.547417 0.169480 0.765718 0.706792 0.029426 0.074136 0.505372 0.050308 0.100660 -0.000013 -0.000003 -0.000008 -21.698586 0.072906 -3.914528 0.483722 -0.003759 0.037269 0.501907 0.015649 0.040663 0.000008 0.000107 -0.000010 -20.561892 -0.083359 -10.284377 0.288989 0.026885 -0.139980 0.268395 -0.007003 -0.106811 -0.000001 -0.000812 0.000034 -17.121582 -0.164135 -17.209034 0.046572 0.062902 -0.557300 0.271476 -0.011643 -0.478934 -0.000330 -0.000014 -0.000021 0.000000 0.000000 0.000000 0.000000 0.000000 0.000000 -96.089607 1.315741 3.190712 -59.411934 18.052223 -0.632075 -3.778244 -17.021597 56.283794 21.927715 -0.162546 -15.427595 -1.944635 0.498192 44.044395 0.000023 0.000020 -4.661615 -0.000139 -0.000028 -3.007546 -0.000363 0.000007 -0.002329 30.849470 0.093246 -2.619046 -0.881342 0.015161 0.102548 -0.886845 0.049305 0.040868 -0.000011 -0.001460 -0.000018 28.172256 0.056022 -6.585990 -1.119938 -0.009536 0.019231 -0.792088 0.010158 0.018620 0.000108 -0.000048 -0.000037 24.589615 -0.016629 -10.268928 -0.561307 0.014899 -0.002177 -0.435357 -0.015917 -0.002710 -0.000039 0.000016 0.000006 20.799717 -0.078345 -13.648467 -0.279557 0.031623 0.060592 -0.310396 -0.049822 -0.005785 -0.000658 0.000002 -0.000025 0.000000 0.000000 0.000000 0.000000 0.000000 0.000000 -8.245555 -3.907836 21.423723 -0.306903 -1.204982 13.181396 2.379837 -10.143801 13.421628 -0.790434 -1.020471 -27.075504 0.000000 0.000000 0.000000 0.000000 0.000000 0.000000 0.000000 0.000000 0.000000 3.660747 9.337605 18.158781 0.181643 0.799807 16.502867 2.390651 12.437604 13.105368 0.354719 0.787643 -27.566137 0.000000 0.000000 0.000000 0.000000 0.000000 0.000000 0.000000 0.000000 0.000000 
15.849422 86.493515 11.707458 0.176949 -4.982699 -19.650587 -0.563174 0.299694 8.001421 2.807967 -0.426059 1.317255 -3.167086 2.367121 19.879189 -0.449444 0.112915 1.561088 6.581941 1.967335 8.295077 -2.346582 1.025778 -9.159658 0.702235 3.201141 -25.185720 0.000000 0.000000 0.000000 99.082123 -1.100633 4.311256 64.303703 -14.741343 4.294532 2.592954 24.646111 33.337250 -15.283666 13.988813 -12.140571 3.745457 -0.784451 43.221878 0.000012 0.000029 -9.019359 0.000018 0.000048 -6.174758 0.000022 0.000011 -0.000039 -22.786932 0.170665 0.815902 0.713343 0.027783 0.073971 0.507877 0.049124 0.100519 -0.000012 -0.000003 -0.000008 -21.947628 0.073492 -3.863088 0.494525 -0.004169 0.037859 0.510873 0.015250 0.041006 0.000008 0.000107 -0.000010 -20.814587 -0.083326 -10.243838 0.287416 0.027883 -0.141042 0.271871 -0.006347 -0.107675 -0.000001 -0.000864 0.000034 -17.340216 -0.166100 -17.167461 0.035337 0.067196 -0.563116 0.265024 -0.008415 -0.482456 -0.000333 -0.000014 -0.000021 0.000000 0.000000 0.000000 0.000000 0.000000 0.000000 -96.084869 1.305843 3.184382 -59.430885 17.995193 -0.728870 -3.810357 -17.032928 56.282116 21.787567 -0.416427 -15.467689 -1.941089 0.495879 44.048794 0.000023 0.000020 -4.645931 -0.000139 -0.000028 -2.998708 -0.000338 0.000007 -0.002341 30.912294 0.094839 -2.597565 -0.882473 0.014219 0.097381 -0.888269 0.048248 0.037767 -0.000011 -0.001412 -0.000018 28.229553 0.056605 -6.583590 -1.120832 -0.009751 0.017059 -0.790567 0.009875 0.017004 0.000115 -0.000048 -0.000039 24.650883 -0.017010 -10.277175 -0.556663 0.015590 0.001425 -0.437348 -0.015282 -0.000080 -0.000029 0.000016 0.000006 20.854210 -0.079204 -13.657125 -0.280486 0.035327 0.072399 -0.311319 -0.047091 0.002756 -0.000668 0.000002 -0.000024 0.000000 0.000000 0.000000 0.000000 0.000000 0.000000 -8.592400 -3.813951 21.233385 -0.313542 -1.209301 13.411864 2.598683 -10.072129 13.379050 -0.803958 -1.032511 -27.055153 0.000000 0.000000 0.000000 0.000000 0.000000 0.000000 0.000000 0.000000 0.000000 3.319232 9.394958 18.161364 0.177046 0.785206 16.423290 2.567298 12.455736 13.071278 0.334517 0.781894 -27.561502 0.000000 0.000000 0.000000 0.000000 0.000000 0.000000 0.000000 0.000000 0.000000 
16.100401 86.469170 11.722430 0.329648 -4.978575 -19.608488 -0.656974 0.315576 7.983555 2.818757 -0.427694 1.310362 -3.292465 2.405285 19.883135 -0.437935 0.093027 1.562853 6.609013 1.977458 8.262258 -2.318399 1.052619 -9.170652 0.717147 3.199561 -25.170488 0.000000 0.000000 0.000000 99.119659 -1.106383 4.304400 64.336540 -14.597804 4.210849 2.586420 24.691343 33.266399 -15.390563 14.230956 -12.067108 3.704450 -0.776841 43.241650 0.000012 0.000030 -8.918091 0.000019 0.000048 -6.101483 0.000022 0.000011 -0.000039 -23.026121 0.171910 0.866056 0.721038 0.026255 0.073224 0.511995 0.048036 0.099812 -0.000012 -0.000003 -0.000007 -22.195467 0.074051 -3.810883 0.506820 -0.004530 0.038277 0.520939 0.014864 0.041203 0.000008 0.000108 -0.000009 -21.068722 -0.083388 -10.200013 0.287203 0.028836 -0.142019 0.276543 -0.005676 -0.108433 -0.000001 -0.000918 0.000034 -17.564249 -0.168353 -17.119444 0.023555 0.071459 -0.569034 0.257906 -0.005149 -0.485991 -0.000337 -0.000014 -0.000021 0.000000 0.000000 0.000000 0.000000 0.000000 0.000000 -96.076469 1.296151 3.176470 -59.448353 17.959595 -0.818265 -3.841824 -17.049892 56.262028 21.644529 -0.661107 -15.508098 -1.937696 0.493352 44.053207 0.000023 0.000020 -4.631124 -0.000138 -0.000028 -2.990152 -0.000309 0.000007 -0.002345 30.974636 0.096462 -2.577682 -0.885897 0.013310 0.092404 -0.892166 0.047251 0.034811 -0.000011 -0.001362 -0.000018 28.285286 0.057222 -6.580794 -1.123585 -0.009928 0.014867 -0.791038 0.009585 0.015368 0.000126 -0.000048 -0.000043 24.710529 -0.017453 -10.281632 -0.551753 0.016264 0.005145 -0.438851 -0.014641 0.002598 -0.000013 0.000016 0.000006 20.908642 -0.080362 -13.658185 -0.278899 0.038994 0.084928 -0.309929 -0.044337 0.011797 -0.000675 0.000002 -0.000024 0.000000 0.000000 0.000000 0.000000 0.000000 0.000000 -8.942116 -3.718628 21.036764 -0.320341 -1.213222 13.658039 2.820240 -10.015802 13.336693 -0.817837 -1.045338 -27.036646 0.000000 0.000000 0.000000 0.000000 0.000000 0.000000 0.000000 0.000000 0.000000 2.975920 9.449578 18.161295 0.172317 0.770139 16.345037 2.748219 12.470490 13.037256 0.313866 0.776529 -27.554916 0.000000 0.000000 0.000000 0.000000 0.000000 0.000000 0.000000 0.000000 0.000000 
16.351183 86.444153 11.737034 0.481224 -4.969314 -19.566328 -0.751996 0.331199 7.964404 2.829793 -0.429579 1.305782 -3.414715 2.440635 19.883047 -0.423400 0.072840 1.563772 6.644641 1.979671 8.240680 -2.290699 1.073602 -9.177491 0.733112 3.197924 -25.156776 0.000000 0.000000 0.000000 99.158966 -1.111258 4.293154 64.357887 -14.466531 4.141953 2.577224 24.735161 33.211075 -15.498837 14.436626 -11.968811 3.664341 -0.769382 43.260967 0.000013 0.000030 -8.819052 0.000019 0.000048 -6.030149 0.000022 0.000012 -0.000039 -23.260286 0.173182 0.915375 0.729641 0.024817 0.072115 0.517610 0.047007 0.098726 -0.000012 -0.000003 -0.000007 -22.435789 0.074575 -3.758989 0.520383 -0.004865 0.038573 0.531976 0.014484 0.041304 0.000008 0.000108 -0.000009 -21.316381 -0.083524 -10.154281 0.289303 0.029753 -0.142889 0.283204 -0.004991 -0.109075 -0.000000 -0.000973 0.000033 -17.786577 -0.170877 -17.066530 0.013187 0.075676 -0.574892 0.251953 -0.001872 -0.489464 -0.000342 -0.000014 -0.000022 0.000000 0.000000 0.000000 0.000000 0.000000 0.000000 -96.064354 1.286762 3.167122 -59.461231 17.938843 -0.898646 -3.873046 -17.071676 56.221844 21.500902 -0.891779 -15.550366 -1.934442 0.490645 44.057747 0.000023 0.000020 -4.616403 -0.000138 -0.000028 -2.981426 -0.000277 0.000008 -0.002336 31.038383 0.098093 -2.560447 -0.892091 0.012405 0.087637 -0.898907 0.046280 0.032008 -0.000011 -0.001308 -0.000018 28.341166 0.057856 -6.577940 -1.128582 -0.010094 0.012691 -0.794074 0.009278 0.013729 0.000140 -0.000048 -0.000046 24.769039 -0.017964 -10.282160 -0.547810 0.016945 0.008923 -0.440931 -0.013987 0.005268 0.000005 0.000015 0.000006 20.961523 -0.081885 -13.651249 -0.276613 0.042643 0.097920 -0.307829 -0.041554 0.021104 -0.000681 0.000002 -0.000024 0.000000 0.000000 0.000000 0.000000 0.000000 0.000000 -9.293444 -3.620174 20.835234 -0.327211 -1.216639 13.917031 3.043346 -9.973185 13.295218 -0.831948 -1.059005 -27.020540 0.000000 0.000000 0.000000 0.000000 0.000000 0.000000 0.000000 0.000000 0.000000 2.631739 9.501500 18.158678 0.167462 0.754673 16.268806 2.932907 12.482994 13.004377 0.292840 0.771657 -27.547062 0.000000 0.000000 0.000000 0.000000 0.000000 0.000000 0.000000 0.000000 0.000000 
16.601194 86.418510 11.751006 0.631717 -4.957426 -19.523735 -0.847722 0.346680 7.944139 2.840521 -0.431496 1.302814 -3.534416 2.473875 19.880089 -0.406737 0.052831 1.563483 6.687968 1.976076 8.228843 -2.263043 1.090563 -9.180618 0.749892 3.196131 -25.144663 0.000000 0.000000 0.000000 99.199203 -1.115685 4.278104 64.369644 -14.342860 4.087949 2.565772 24.776714 33.170765 -15.613381 14.600474 -11.849075 3.625844 -0.762200 43.279537 0.000013 0.000030 -8.723991 0.000019 0.000048 -5.961917 0.000021 0.000012 -0.000039 -23.485411 0.174442 0.963176 0.738686 0.023416 0.070902 0.524204 0.045987 0.097496 -0.000012 -0.000003 -0.000007 -22.664190 0.075066 -3.708283 0.534605 -0.005200 0.038819 0.543582 0.014096 0.041374 0.000008 0.000109 -0.000009 -21.551733 -0.083697 -10.107755 0.293965 0.030652 -0.143660 0.292018 -0.004291 -0.109621 -0.000000 -0.001028 0.000033 -18.001383 -0.173561 -17.010456 0.005431 0.079843 -0.580548 0.248240 0.001404 -0.492798 -0.000347 -0.000014 -0.000022 0.000000 0.000000 0.000000 0.000000 0.000000 0.000000 -96.049042 1.277754 3.156857 -59.468643 17.924419 -0.972646 -3.904513 -17.096283 56.165581 21.361513 -1.103320 -15.593733 -1.930969 0.487827 44.062557 0.000023 0.000020 -4.600544 -0.000137 -0.000028 -2.971805 -0.000245 0.000008 -0.002315 31.104321 0.099692 -2.545294 -0.900519 0.011484 0.083115 -0.907884 0.045309 0.029354 -0.000011 -0.001252 -0.000018 28.398561 0.058493 -6.574735 -1.135268 -0.010265 0.010573 -0.799260 0.008952 0.012112 0.000155 -0.000048 -0.000050 24.827871 -0.018526 -10.279380 -0.545093 0.017633 0.012694 -0.443835 -0.013323 0.007893 0.000025 0.000015 0.000006 21.013647 -0.083701 -13.637758 -0.274441 0.046263 0.111032 -0.305780 -0.038760 0.030423 -0.000686 0.000002 -0.000023 0.000000 0.000000 0.000000 0.000000 0.000000 0.000000 -9.645406 -3.518659 20.629362 -0.334097 -1.219603 14.185158 3.266595 -9.941531 13.255122 -0.846166 -1.073315 -27.006853 0.000000 0.000000 0.000000 0.000000 0.000000 0.000000 0.000000 0.000000 0.000000 2.286806 9.550301 18.153728 0.162512 0.738806 16.194944 3.120634 12.494790 12.973524 0.271462 0.767346 -27.538851 0.000000 0.000000 0.000000 0.000000 0.000000 0.000000 0.000000 0.000000 0.000000 
16.849977 86.392258 11.764229 0.781250 -4.944551 -19.480467 -0.943898 0.362224 7.923486 2.850810 -0.433293 1.300052 -3.652639 2.505828 19.875502 -0.388980 0.033365 1.561493 6.736483 1.969045 8.223762 -2.235307 1.105437 -9.180755 0.767120 3.194189 -25.133219 0.000000 0.000000 0.000000 99.238960 -1.119819 4.260458 64.374825 -14.221840 4.046759 2.552550 24.814835 33.145336 -15.738003 14.722665 -11.712458 3.589399 -0.755329 43.297203 0.000013 0.000030 -8.633960 0.000019 0.000048 -5.897454 0.000021 0.000012 -0.000039 -23.698792 0.175657 1.010117 0.748159 0.022036 0.069743 0.531600 0.044959 0.096264 -0.000012 -0.000003 -0.000007 -22.878666 0.075521 -3.658371 0.549175 -0.005540 0.039069 0.555666 0.013698 0.041455 0.000008 0.000109 -0.000008 -21.772854 -0.083869 -10.060450 0.301137 0.031530 -0.144353 0.302961 -0.003587 -0.110106 -0.000000 -0.001083 0.000033 -18.206923 -0.176258 -16.951735 0.000856 0.083898 -0.585948 0.247275 0.004644 -0.495979 -0.000354 -0.000014 -0.000022 0.000000 0.000000 0.000000 0.000000 0.000000 0.000000 -96.030952 1.268999 3.145812 -59.471363 17.906540 -1.043694 -3.936407 -17.121109 56.098324 21.232134 -1.292309 -15.634792 -1.927249 0.484966 44.067608 0.000023 0.000020 -4.583197 -0.000137 -0.000028 -2.961216 -0.000213 0.000008 -0.002285 31.171076 0.101218 -2.530679 -0.910722 0.010575 0.078968 -0.918653 0.044358 0.026926 -0.000011 -0.001194 -0.000018 28.456919 0.059115 -6.570321 -1.143196 -0.010436 0.008581 -0.806175 0.008622 0.010573 0.000172 -0.000048 -0.000053 24.887222 -0.019113 -10.273570 -0.543792 0.018302 0.016360 -0.447782 -0.012669 0.010423 0.000045 0.000015 0.000006 21.065496 -0.085661 -13.618917 -0.273013 0.049784 0.123845 -0.304418 -0.036019 0.039489 -0.000692 0.000001 -0.000023 0.000000 0.000000 0.000000 0.000000 0.000000 0.000000 -9.997250 -3.414969 20.419491 -0.340959 -1.222178 14.458635 3.488711 -9.917072 13.216860 -0.860348 -1.087976 -26.995197 0.000000 0.000000 0.000000 0.000000 0.000000 0.000000 0.000000 0.000000 0.000000 1.941239 9.596189 18.146921 0.157496 0.722503 16.123217 3.310652 12.507292 12.945314 0.249748 0.763620 -27.531046 0.000000 0.000000 0.000000 0.000000 0.000000 0.000000 0.000000 0.000000 0.000000 
17.097059 86.365471 11.776659 0.929900 -4.931890 -19.436861 -1.040683 0.378053 7.903423 2.860551 -0.434881 1.296473 -3.770463 2.537337 19.870447 -0.370734 0.014730 1.557382 6.788929 1.960177 8.223156 -2.207646 1.119660 -9.178314 0.784518 3.192300 -25.121534 0.000000 0.000000 0.000000 99.277031 -1.123468 4.240391 64.377090 -14.098321 4.015382 2.537773 24.849325 33.135284 -15.873495 14.806188 -11.561491 3.555433 -0.748801 43.313835 0.000013 0.000030 -8.549846 0.000019 0.000047 -5.837421 0.000021 0.000012 -0.000039 -23.898869 0.176799 1.057857 0.757841 0.020708 0.068659 0.539495 0.043947 0.095064 -0.000012 -0.000003 -0.000007 -23.078020 0.075943 -3.608362 0.563783 -0.005874 0.039327 0.568040 0.013303 0.041549 0.000008 0.000110 -0.000008 -21.978836 -0.084017 -10.012691 0.310524 0.032356 -0.144972 0.315815 -0.002900 -0.110539 -0.000000 -0.001137 0.000033 -18.402132 -0.178857 -16.891827 -0.000418 0.087745 -0.591073 0.249091 0.007785 -0.499004 -0.000362 -0.000014 -0.000022 0.000000 0.000000 0.000000 0.000000 0.000000 0.000000 -96.010109 1.260230 3.133877 -59.469948 17.878424 -1.113375 -3.968806 -17.145533 56.025166 21.116486 -1.457258 -15.670145 -1.923455 0.482112 44.072849 0.000024 0.000020 -4.564477 -0.000137 -0.000028 -2.949916 -0.000181 0.000008 -0.002247 31.237701 0.102661 -2.514091 -0.922484 0.009694 0.075232 -0.930982 0.043433 0.024792 -0.000011 -0.001136 -0.000018 28.515436 0.059712 -6.563152 -1.152198 -0.010609 0.006745 -0.814632 0.008293 0.009147 0.000189 -0.000048 -0.000057 24.945889 -0.019709 -10.264235 -0.544360 0.018932 0.019837 -0.453263 -0.012038 0.012819 0.000065 0.000015 0.000006 21.115580 -0.087702 -13.595531 -0.273371 0.053166 0.136067 -0.304771 -0.033372 0.048115 -0.000699 0.000001 -0.000023 0.000000 0.000000 0.000000 0.000000 0.000000 0.000000 -10.348508 -3.309159 20.206543 -0.347760 -1.224330 14.734712 3.709055 -9.896815 13.180673 -0.874414 -1.102824 -26.985016 0.000000 0.000000 0.000000 0.000000 0.000000 0.000000 0.000000 0.000000 0.000000 1.595471 9.639744 18.138628 0.152431 0.705750 16.054117 3.502395 12.521037 12.919942 0.227745 0.760504 -27.524145 0.000000 0.000000 0.000000 0.000000 0.000000 0.000000 0.000000 0.000000 0.000000 
17.342020 86.338226 11.788287 1.077649 -4.920223 -19.393354 -1.137885 0.394302 7.884473 2.869591 -0.436124 1.291832 -3.888488 2.569115 19.865456 -0.352578 -0.002828 1.551272 6.843243 1.951252 8.224583 -2.180241 1.134515 -9.174072 0.801829 3.190602 -25.108841 0.000000 0.000000 0.000000 99.312515 -1.126689 4.219018 64.379295 -13.966965 3.991327 2.521997 24.880711 33.139038 -16.020685 14.857095 -11.400310 3.524096 -0.742651 43.329361 0.000013 0.000031 -8.472065 0.000019 0.000047 -5.782037 0.000021 0.000012 -0.000038 -24.084591 0.177846 1.107789 0.767192 0.019412 0.067743 0.547276 0.042929 0.093967 -0.000011 -0.000003 -0.000006 -23.261581 0.076332 -3.557343 0.577774 -0.006208 0.039620 0.580117 0.012908 0.041681 0.000008 0.000111 -0.000008 -22.168900 -0.084112 -9.964419 0.321541 0.033136 -0.145535 0.330027 -0.002232 -0.110939 -0.000000 -0.001192 0.000033 -18.585812 -0.181249 -16.831434 0.001408 0.091375 -0.595886 0.253506 0.010819 -0.501851 -0.000372 -0.000014 -0.000023 0.000000 0.000000 0.000000 0.000000 0.000000 0.000000 -95.986839 1.251481 3.121014 -59.463547 17.833799 -1.181383 -4.001736 -17.168121 55.949570 21.017969 -1.598432 -15.698982 -1.919764 0.479323 44.078186 0.000024 0.000020 -4.544783 -0.000137 -0.000028 -2.938237 -0.000151 0.000008 -0.002206 31.301779 0.103998 -2.494815 -0.935952 0.008855 0.072003 -0.944988 0.042541 0.023032 -0.000011 -0.001077 -0.000018 28.571955 0.060269 -6.553068 -1.162343 -0.010782 0.005104 -0.824601 0.007972 0.007873 0.000208 -0.000048 -0.000060 25.001724 -0.020293 -10.252125 -0.547105 0.019519 0.023058 -0.460631 -0.011434 0.015046 0.000083 0.000015 0.000006 21.161951 -0.089732 -13.569177 -0.276026 0.056393 0.147436 -0.307293 -0.030838 0.056149 -0.000710 0.000001 -0.000022 0.000000 0.000000 0.000000 0.000000 0.000000 0.000000 -10.698544 -3.201742 19.990900 -0.354465 -1.226053 15.011929 3.926828 -9.878765 13.146921 -0.888235 -1.117784 -26.975794 0.000000 0.000000 0.000000 0.000000 0.000000 0.000000 0.000000 0.000000 0.000000 1.249817 9.681334 18.129330 0.147340 0.688549 15.988179 3.695463 12.536652 12.897634 0.205464 0.757986 -27.518511 0.000000 0.000000 0.000000 0.000000 0.000000 0.000000 0.000000 0.000000 0.000000 
17.584414 86.310638 11.799151 1.224113 -4.910201 -19.350508 -1.235395 0.411040 7.867042 2.878023 -0.436978 1.286309 -4.007123 2.601501 19.860432 -0.334496 -0.019173 1.543392 6.898703 1.943593 8.226470 -2.153251 1.151221 -9.168519 0.818700 3.189227 -25.094521 0.000000 0.000000 0.000000 99.344963 -1.129396 4.196768 64.383072 -13.823095 3.972743 2.505777 24.909657 33.154190 -16.177870 14.883450 -11.231771 3.495923 -0.736934 43.343601 0.000013 0.000031 -8.401723 0.000019 0.000047 -5.732162 0.000021 0.000012 -0.000038 -24.254814 0.178766 1.160833 0.776082 0.018200 0.066981 0.554750 0.041953 0.092954 -0.000011 -0.000003 -0.000006 -23.428480 0.076690 -3.504680 0.590944 -0.006521 0.039942 0.591682 0.012529 0.041843 0.000008 0.000111 -0.000007 -22.342121 -0.084143 -9.915576 0.333681 0.033832 -0.146042 0.345133 -0.001610 -0.111306 -0.000000 -0.001247 0.000033 -18.756346 -0.183357 -16.771015 0.005883 0.094673 -0.600357 0.260073 0.013661 -0.504508 -0.000382 -0.000014 -0.000023 0.000000 0.000000 0.000000 0.000000 0.000000 0.000000 -95.961380 1.242589 3.107487 -59.450897 17.769804 -1.247059 -4.035095 -17.188011 55.873135 20.937101 -1.717100 -15.721344 -1.916678 0.476661 44.083443 0.000024 0.000020 -4.525209 -0.000137 -0.000028 -2.926988 -0.000122 0.000008 -0.002164 31.361170 0.105227 -2.473272 -0.951236 0.008092 0.069296 -0.960783 0.041711 0.021673 -0.000011 -0.001018 -0.000018 28.624386 0.060779 -6.540725 -1.173764 -0.010945 0.003669 -0.836092 0.007667 0.006765 0.000227 -0.000048 -0.000064 25.052406 -0.020848 -10.238098 -0.552199 0.020042 0.025982 -0.470133 -0.010871 0.017089 0.000099 0.000015 0.000006 21.202288 -0.091674 -13.541071 -0.281386 0.059417 0.157816 -0.312328 -0.028459 0.063520 -0.000723 0.000001 -0.000022 0.000000 0.000000 0.000000 0.000000 0.000000 0.000000 -11.046340 -3.092714 19.773140 -0.361045 -1.227345 15.289584 4.141435 -9.861693 13.115428 -0.901700 -1.132790 -26.966959 0.000000 0.000000 0.000000 0.000000 0.000000 0.000000 0.000000 0.000000 0.000000 0.905416 9.721256 18.119566 0.142254 0.670967 15.926106 3.889273 12.554016 12.877919 0.183012 0.756025 -27.514139 0.000000 0.000000 0.000000 0.000000 0.000000 0.000000 0.000000 0.000000 0.000000 
17.823883 86.282791 11.809347 1.368941 -4.902133 -19.309002 -1.332754 0.428248 7.851049 2.885793 -0.437405 1.280619 -4.126252 2.634639 19.854965 -0.316582 -0.034308 1.534158 6.954434 1.938338 8.228040 -2.126923 1.170479 -9.161926 0.834960 3.188305 -25.078341 0.000000 0.000000 0.000000 99.374329 -1.131643 4.174492 64.389175 -13.664369 3.957775 2.489659 24.937744 33.177456 -16.343052 14.891704 -11.058450 3.470969 -0.731694 43.356514 0.000013 0.000031 -8.338885 0.000020 0.000047 -5.687893 0.000021 0.000012 -0.000038 -24.409842 0.179541 1.217499 0.783771 0.017083 0.066422 0.561151 0.041033 0.092062 -0.000011 -0.000003 -0.000006 -23.578882 0.077020 -3.449925 0.602637 -0.006809 0.040295 0.602025 0.012172 0.042043 0.000008 0.000112 -0.000007 -22.497837 -0.084099 -9.865973 0.346280 0.034436 -0.146486 0.360469 -0.001047 -0.111639 -0.000000 -0.001301 0.000033 -18.911934 -0.185140 -16.710941 0.012554 0.097604 -0.604398 0.268387 0.016260 -0.506914 -0.000393 -0.000014 -0.000023 0.000000 0.000000 0.000000 0.000000 0.000000 0.000000 -95.933960 1.233668 3.093960 -59.430164 17.686331 -1.308839 -4.068874 -17.204788 55.796528 20.873417 -1.816311 -15.738724 -1.914330 0.474190 44.088509 0.000024 0.000019 -4.506256 -0.000137 -0.000029 -2.916464 -0.000095 0.000008 -0.002123 31.414406 0.106349 -2.450690 -0.968237 0.007401 0.067025 -0.978227 0.040939 0.020638 -0.000011 -0.000960 -0.000018 28.671320 0.061234 -6.527237 -1.186388 -0.011102 0.002414 -0.848962 0.007375 0.005800 0.000248 -0.000048 -0.000067 25.096348 -0.021359 -10.223267 -0.559625 0.020505 0.028629 -0.481850 -0.010345 0.018969 0.000110 0.000015 0.000006 21.235023 -0.093465 -13.512504 -0.289497 0.062238 0.167207 -0.319930 -0.026240 0.070248 -0.000738 0.000000 -0.000022 0.000000 0.000000 0.000000 0.000000 0.000000 0.000000 -11.390760 -2.982186 19.553829 -0.367480 -1.228239 15.567344 4.352404 -9.845602 13.086196 -0.914747 -1.147855 -26.958124 0.000000 0.000000 0.000000 0.000000 0.000000 0.000000 0.000000 0.000000 0.000000 0.563199 9.759104 18.109600 0.137206 0.653128 15.868907 4.083039 12.573089 12.860252 0.160488 0.754526 -27.510944 0.000000 0.000000 0.000000 0.000000 0.000000 0.000000 0.000000 0.000000 0.000000 
18.059992 86.254852 11.818904 1.511366 -4.896253 -19.269176 -1.429507 0.445875 7.836347 2.893013 -0.437419 1.275388 -4.245524 2.668310 19.848133 -0.298498 -0.048333 1.523788 7.009939 1.936313 8.229184 -2.101503 1.192847 -9.154255 0.850354 3.187901 -25.059895 0.000000 0.000000 0.000000 99.400543 -1.133329 4.152792 64.397408 -13.489852 3.945246 2.474243 24.965895 33.204395 -16.511894 14.890394 -10.882556 3.449562 -0.726997 43.367920 0.000013 0.000031 -8.284316 0.000020 0.000047 -5.649835 0.000020 0.000012 -0.000038 -24.548313 0.180150 1.277520 0.790045 0.016095 0.066073 0.566194 0.040203 0.091287 -0.000011 -0.000003 -0.000006 -23.711576 0.077319 -3.393013 0.612570 -0.007060 0.040681 0.610805 0.011848 0.042282 0.000008 0.000113 -0.000006 -22.634743 -0.083974 -9.815099 0.358625 0.034924 -0.146883 0.375354 -0.000558 -0.111947 -0.000000 -0.001353 0.000033 -19.050663 -0.186570 -16.650459 0.020562 0.100108 -0.608021 0.277610 0.018563 -0.509099 -0.000405 -0.000014 -0.000023 0.000000 0.000000 0.000000 0.000000 0.000000 0.000000 -95.904533 1.224665 3.081153 -59.399776 17.584581 -1.365170 -4.102991 -17.218069 55.718536 20.823559 -1.900124 -15.753410 -1.913144 0.472003 44.093159 0.000024 0.000019 -4.489131 -0.000138 -0.000029 -2.907414 -0.000069 0.000008 -0.002085 31.458971 0.107372 -2.429597 -0.986801 0.006785 0.065013 -0.997189 0.040227 0.019780 -0.000011 -0.000903 -0.000017 28.710293 0.061633 -6.514579 -1.200119 -0.011252 0.001284 -0.863033 0.007096 0.004931 0.000271 -0.000048 -0.000069 25.130980 -0.021815 -10.208549 -0.569245 0.020902 0.031050 -0.495712 -0.009855 0.020728 0.000117 0.000015 0.000006 21.257765 -0.095048 -13.483845 -0.300304 0.064847 0.175763 -0.330012 -0.024187 0.076463 -0.000756 0.000000 -0.000022 0.000000 0.000000 0.000000 0.000000 0.000000 0.000000 -11.730137 -2.870229 19.333597 -0.373748 -1.228774 15.844755 4.559271 -9.830291 13.059023 -0.927278 -1.162948 -26.948883 0.000000 0.000000 0.000000 0.000000 0.000000 0.000000 0.000000 0.000000 0.000000 0.224931 9.794648 18.099770 0.132243 0.635215 15.816651 4.275662 12.593327 12.843949 0.138117 0.753355 -27.508604 0.000000 0.000000 0.000000 0.000000 0.000000 0.000000 0.000000 0.000000 0.000000 
18.292517 86.226776 11.827897 1.650891 -4.892358 -19.231094 -1.524595 0.463821 7.822361 2.899626 -0.436974 1.271266 -4.364394 2.702647 19.839167 -0.280580 -0.061397 1.512216 7.062515 1.938116 8.229989 -2.077224 1.217876 -9.145657 0.864788 3.187875 -25.039259 0.000000 0.000000 0.000000 99.423805 -1.134656 4.133682 64.407341 -13.301924 3.933889 2.460375 24.996307 33.230423 -16.682236 14.887558 -10.710312 3.430998 -0.722784 43.378017 0.000013 0.000031 -8.236656 0.000020 0.000047 -5.616920 0.000020 0.000012 -0.000038 -24.672375 0.180613 1.339545 0.794437 0.015146 0.066121 0.569276 0.039397 0.090791 -0.000011 -0.000003 -0.000005 -23.828730 0.077588 -3.334551 0.620328 -0.007305 0.041162 0.617527 0.011533 0.042618 0.000008 0.000114 -0.000006 -22.754204 -0.083761 -9.762743 0.370176 0.035357 -0.147301 0.389187 -0.000117 -0.112291 -0.000000 -0.001403 0.000033 -19.172695 -0.187640 -16.589241 0.029524 0.102345 -0.611304 0.287498 0.020666 -0.511121 -0.000416 -0.000014 -0.000023 0.000000 0.000000 0.000000 0.000000 0.000000 0.000000 -95.873901 1.216069 3.069264 -59.358513 17.465618 -1.413465 -4.137553 -17.227486 55.638710 20.785612 -1.974341 -15.767762 -1.912669 0.470141 44.097385 0.000024 0.000019 -4.473397 -0.000138 -0.000029 -2.899382 -0.000045 0.000008 -0.002053 31.493523 0.108297 -2.412567 -1.006127 0.006198 0.063089 -1.016959 0.039533 0.018914 -0.000011 -0.000847 -0.000017 28.740288 0.061964 -6.504644 -1.214233 -0.011409 0.000212 -0.877499 0.006818 0.004095 0.000296 -0.000048 -0.000072 25.155760 -0.022200 -10.195220 -0.580109 0.021264 0.033348 -0.510841 -0.009381 0.022442 0.000119 0.000015 0.000006 21.270502 -0.096362 -13.455939 -0.312571 0.067324 0.183738 -0.341399 -0.022234 0.082366 -0.000775 0.000000 -0.000022 0.000000 0.000000 0.000000 0.000000 0.000000 0.000000 -12.062779 -2.758360 19.112810 -0.379842 -1.229095 16.120499 4.761317 -9.815883 13.033952 -0.939222 -1.178008 -26.938869 0.000000 0.000000 0.000000 0.000000 0.000000 0.000000 0.000000 0.000000 0.000000 -0.108652 9.827079 18.089970 0.127411 0.617434 15.768770 4.465836 12.614757 12.828288 0.116075 0.752280 -27.506836 0.000000 0.000000 0.000000 0.000000 0.000000 0.000000 0.000000 0.000000 0.000000 
18.521214 86.198639 11.836342 1.786835 -4.890319 -19.194334 -1.617459 0.481944 7.808695 2.905977 -0.436230 1.268530 -4.482396 2.737399 19.827017 -0.262725 -0.073743 1.499146 7.111019 1.943557 8.230768 -2.054389 1.245074 -9.136168 0.878066 3.188209 -25.016390 0.000000 0.000000 0.000000 99.444458 -1.135601 4.117382 64.418030 -13.104861 3.923154 2.448601 25.029846 33.251461 -16.849052 14.891546 -10.545547 3.415111 -0.719029 43.386845 0.000013 0.000032 -8.195465 0.000020 0.000047 -5.588887 0.000020 0.000012 -0.000038 -24.782003 0.180943 1.402079 0.797285 0.014246 0.066554 0.570636 0.038636 0.090579 -0.000011 -0.000003 -0.000005 -23.930546 0.077834 -3.275430 0.626281 -0.007539 0.041743 0.622462 0.011230 0.043055 0.000008 0.000116 -0.000006 -22.856764 -0.083472 -9.709111 0.380499 0.035744 -0.147805 0.401556 0.000285 -0.112717 -0.000000 -0.001452 0.000033 -19.277718 -0.188387 -16.527355 0.038543 0.104371 -0.614495 0.297186 0.022592 -0.513167 -0.000427 -0.000015 -0.000024 0.000000 0.000000 0.000000 0.000000 0.000000 0.000000 -95.842842 1.207940 3.058526 -59.307213 17.332788 -1.453098 -4.172447 -17.235256 55.556522 20.754128 -2.045084 -15.784619 -1.912980 0.468649 44.101055 0.000024 0.000019 -4.459620 -0.000138 -0.000029 -2.892691 -0.000022 0.000008 -0.002028 31.517042 0.109156 -2.401152 -1.025197 0.005631 0.061076 -1.036563 0.038844 0.017904 -0.000011 -0.000792 -0.000017 28.759941 0.062244 -6.498583 -1.227950 -0.011574 -0.000867 -0.891533 0.006540 0.003237 0.000321 -0.000048 -0.000074 25.169159 -0.022520 -10.183581 -0.591285 0.021598 0.035597 -0.526350 -0.008920 0.024157 0.000118 0.000015 0.000006 21.271776 -0.097409 -13.428874 -0.325435 0.069700 0.191422 -0.353250 -0.020356 0.088141 -0.000796 -0.000000 -0.000022 0.000000 0.000000 0.000000 0.000000 0.000000 0.000000 -12.387064 -2.647224 18.891994 -0.385774 -1.229305 16.393589 4.958359 -9.802780 13.010458 -0.950611 -1.192942 -26.927723 0.000000 0.000000 0.000000 0.000000 0.000000 0.000000 0.000000 0.000000 0.000000 -0.435974 9.856381 18.079910 0.122743 0.599994 15.724264 4.652169 12.636518 12.812140 0.094622 0.751134 -27.505016 0.000000 0.000000 0.000000 0.000000 0.000000 0.000000 0.000000 0.000000 0.000000 
18.746067 86.170433 11.844219 1.919348 -4.889528 -19.158182 -1.707961 0.500170 7.795182 2.911911 -0.435179 1.266769 -4.599214 2.772503 19.811670 -0.245073 -0.085432 1.483910 7.155021 1.952115 8.229888 -2.033020 1.274575 -9.126637 0.889916 3.188906 -24.990313 0.000000 0.000000 0.000000 99.462761 -1.136092 4.104214 64.429230 -12.901866 3.910082 2.439471 25.066961 33.265579 -17.003860 14.911202 -10.390404 3.402268 -0.715786 43.394211 0.000013 0.000032 -8.161777 0.000020 0.000047 -5.566401 0.000019 0.000012 -0.000038 -24.875076 0.181191 1.463100 0.799422 0.013393 0.067251 0.570963 0.037932 0.090535 -0.000011 -0.000002 -0.000005 -24.015406 0.078063 -3.217175 0.631273 -0.007757 0.042389 0.626452 0.010941 0.043568 0.000008 0.000117 -0.000005 -22.942091 -0.083124 -9.655282 0.389669 0.036099 -0.148433 0.412616 0.000659 -0.113245 -0.000000 -0.001500 0.000033 -19.365639 -0.188852 -16.465832 0.047320 0.106262 -0.617785 0.306350 0.024395 -0.515366 -0.000437 -0.000015 -0.000024 0.000000 0.000000 0.000000 0.000000 0.000000 0.000000 -95.811966 1.200321 3.048716 -59.248344 17.190123 -1.485321 -4.207609 -17.243250 55.473339 20.721302 -2.114696 -15.803093 -1.914089 0.467543 44.104042 0.000024 0.000019 -4.448153 -0.000138 -0.000029 -2.887631 0.000001 0.000008 -0.002012 31.528145 0.109983 -2.395217 -1.043028 0.005082 0.058974 -1.055120 0.038156 0.016788 -0.000011 -0.000740 -0.000017 28.767809 0.062491 -6.496686 -1.240502 -0.011738 -0.001956 -0.904200 0.006262 0.002360 0.000346 -0.000048 -0.000076 25.170238 -0.022781 -10.173703 -0.601529 0.021908 0.037815 -0.541097 -0.008471 0.025878 0.000114 0.000015 0.000006 21.261412 -0.098218 -13.403068 -0.337614 0.072013 0.198999 -0.364385 -0.018521 0.093903 -0.000817 -0.000000 -0.000022 0.000000 0.000000 0.000000 0.000000 0.000000 0.000000 -12.702564 -2.537520 18.671303 -0.391586 -1.229516 16.663094 5.150395 -9.790591 12.987750 -0.961498 -1.207597 -26.914864 0.000000 0.000000 0.000000 0.000000 0.000000 0.000000 0.000000 0.000000 0.000000 -0.756507 9.883063 18.069281 0.118243 0.582993 15.681734 4.833838 12.658423 12.794951 0.073926 0.749822 -27.502827 0.000000 0.000000 0.000000 0.000000 0.000000 0.000000 0.000000 0.000000 0.000000 
18.967127 86.142181 11.851458 2.048542 -4.889752 -19.122005 -1.795502 0.518264 7.781287 2.917450 -0.433974 1.266455 -4.714199 2.807793 19.792679 -0.228396 -0.096641 1.466926 7.193161 1.963260 8.227248 -2.013163 1.305465 -9.117741 0.900403 3.190009 -24.961548 0.000000 0.000000 0.000000 99.479454 -1.136283 4.095162 64.439865 -12.698972 3.895596 2.433149 25.108040 33.269630 -17.143585 14.953213 -10.249170 3.391734 -0.713002 43.400352 0.000013 0.000032 -8.133935 0.000020 0.000047 -5.548135 0.000019 0.000013 -0.000038 -24.953140 0.181403 1.521220 0.801103 0.012488 0.068268 0.570507 0.037199 0.090703 -0.000011 -0.000002 -0.000004 -24.085022 0.078284 -3.160967 0.635772 -0.007994 0.043126 0.629862 0.010637 0.044173 0.000008 0.000118 -0.000005 -23.011751 -0.082743 -9.602608 0.398022 0.036507 -0.149243 0.422607 0.001056 -0.113914 -0.000000 -0.001548 0.000033 -19.437162 -0.189123 -16.406506 0.055981 0.108283 -0.621413 0.315222 0.026253 -0.517845 -0.000447 -0.000015 -0.000024 0.000000 0.000000 0.000000 0.000000 0.000000 0.000000 -95.782852 1.193683 3.039880 -59.182178 17.041052 -1.508193 -4.243071 -17.253765 55.387337 20.683502 -2.190349 -15.826599 -1.915618 0.466812 44.106396 0.000024 0.000019 -4.438568 -0.000137 -0.000029 -2.883813 0.000024 0.000008 -0.002006 31.526079 0.110801 -2.396453 -1.058738 0.004520 0.056816 -1.071656 0.037441 0.015600 -0.000010 -0.000690 -0.000017 28.762987 0.062722 -6.500457 -1.251132 -0.011910 -0.003063 -0.914702 0.005981 0.001459 0.000370 -0.000048 -0.000078 25.157949 -0.022990 -10.167220 -0.609810 0.022231 0.040023 -0.554005 -0.008017 0.027599 0.000108 0.000015 0.000006 21.238613 -0.098854 -13.380262 -0.347960 0.074372 0.206566 -0.373612 -0.016646 0.099661 -0.000839 -0.000000 -0.000022 0.000000 0.000000 0.000000 0.000000 0.000000 0.000000 -13.008982 -2.430251 18.450182 -0.397304 -1.229809 16.929348 5.337219 -9.780675 12.966147 -0.972009 -1.222011 -26.900858 0.000000 0.000000 0.000000 0.000000 0.000000 0.000000 0.000000 0.000000 0.000000 -1.070050 9.907979 18.057468 0.113913 0.566526 15.640782 5.010486 12.679587 12.776378 0.053952 0.748295 -27.500065 0.000000 0.000000 0.000000 0.000000 0.000000 0.000000 0.000000 0.000000 0.000000 
19.185108 86.113510 11.858134 2.175673 -4.889932 -19.085184 -1.879177 0.536042 7.766893 2.923024 -0.432795 1.267080 -4.827768 2.843626 19.770401 -0.214761 -0.107703 1.448259 7.220365 1.977398 8.221795 -1.994715 1.336623 -9.110659 0.909516 3.191260 -24.931572 0.000000 0.000000 0.000000 99.495712 -1.136658 4.092546 64.449455 -12.505219 3.880685 2.429633 25.153954 33.262672 -17.272192 15.021206 -10.131353 3.381117 -0.710275 43.406292 0.000013 0.000032 -8.106286 0.000020 0.000046 -5.529929 0.000019 0.000013 -0.000038 -25.025938 0.181657 1.576580 0.803010 0.011414 0.069669 0.569758 0.036357 0.091172 -0.000011 -0.000002 -0.000004 -24.150160 0.078508 -3.106981 0.640794 -0.008284 0.043980 0.633625 0.010288 0.044887 0.000008 0.000120 -0.000005 -23.076303 -0.082338 -9.552302 0.406645 0.037061 -0.150252 0.432454 0.001517 -0.114753 -0.000000 -0.001596 0.000033 -19.500502 -0.189227 -16.352480 0.065727 0.110702 -0.625451 0.325295 0.028327 -0.520560 -0.000455 -0.000015 -0.000024 0.000000 0.000000 0.000000 0.000000 0.000000 0.000000 -95.758789 1.189050 3.031423 -59.109505 16.884649 -1.519513 -4.278634 -17.269306 55.297363 20.641954 -2.282716 -15.856534 -1.916069 0.466315 44.108490 0.000024 0.000018 -4.428117 -0.000137 -0.000029 -2.879236 0.000043 0.000008 -0.002014 31.513453 0.111611 -2.403806 -1.070653 0.003945 0.054822 -1.084520 0.036708 0.014464 -0.000010 -0.000641 -0.000016 28.748428 0.062945 -6.509485 -1.258576 -0.012077 -0.004138 -0.921769 0.005710 0.000561 0.000392 -0.000048 -0.000080 25.136332 -0.023134 -10.165618 -0.614707 0.022576 0.042225 -0.563638 -0.007557 0.029312 0.000106 0.000014 0.000006 21.208385 -0.099235 -13.363030 -0.354935 0.076833 0.214051 -0.379472 -0.014690 0.105353 -0.000861 -0.000001 -0.000022 0.000000 0.000000 0.000000 0.000000 0.000000 0.000000 -13.307423 -2.328124 18.227354 -0.402981 -1.230404 17.191965 5.518603 -9.774134 12.945740 -0.982436 -1.236143 -26.886118 0.000000 0.000000 0.000000 0.000000 0.000000 0.000000 0.000000 0.000000 0.000000 -1.379034 9.932107 18.043484 0.109736 0.550627 15.601159 5.182002 12.700389 12.755191 0.034375 0.746414 -27.496555 0.000000 0.000000 0.000000 0.000000 0.000000 0.000000 0.000000 0.000000 0.000000 
19.400190 86.084488 11.864210 2.300689 -4.890190 -19.047337 -1.959354 0.553193 7.752329 2.929972 -0.432328 1.268448 -4.939449 2.878827 19.743904 -0.203686 -0.119126 1.428407 7.237605 1.993507 8.214705 -1.978030 1.367093 -9.104792 0.917189 3.192818 -24.901155 0.000000 0.000000 0.000000 99.512856 -1.137018 4.093449 64.455238 -12.328181 3.870352 2.427646 25.202692 33.243603 -17.391699 15.108111 -10.031654 3.369815 -0.707510 43.412376 0.000013 0.000032 -8.076806 0.000021 0.000046 -5.510496 0.000018 0.000013 -0.000038 -25.094170 0.181964 1.630773 0.805606 0.010322 0.071153 0.569309 0.035524 0.091709 -0.000011 -0.000002 -0.000004 -24.212620 0.078744 -3.054162 0.646949 -0.008561 0.044849 0.638172 0.009942 0.045616 0.000008 0.000121 -0.000004 -23.139692 -0.081943 -9.504165 0.415164 0.037703 -0.151440 0.441912 0.002014 -0.115728 -0.000000 -0.001646 0.000033 -19.559460 -0.189236 -16.303724 0.074955 0.113397 -0.630261 0.334863 0.030519 -0.523764 -0.000462 -0.000015 -0.000024 0.000000 0.000000 0.000000 0.000000 0.000000 0.000000 -95.740150 1.185814 3.023959 -59.036171 16.726612 -1.523491 -4.313159 -17.295702 55.199600 20.592115 -2.394110 -15.893813 -1.916541 0.466060 44.109982 0.000024 0.000018 -4.419568 -0.000136 -0.000029 -2.875787 0.000061 0.000008 -0.002030 31.490356 0.112507 -2.413658 -1.078807 0.003463 0.053194 -1.093635 0.036068 0.013614 -0.000010 -0.000592 -0.000016 28.723164 0.063211 -6.521041 -1.263376 -0.012193 -0.005112 -0.926102 0.005481 -0.000266 0.000415 -0.000048 -0.000082 25.103668 -0.023254 -10.167349 -0.617117 0.022878 0.044288 -0.570772 -0.007142 0.030905 0.000106 0.000014 0.000006 21.168812 -0.099445 -13.350803 -0.359973 0.079271 0.221302 -0.383402 -0.012771 0.110772 -0.000882 -0.000001 -0.000022 0.000000 0.000000 0.000000 0.000000 0.000000 0.000000 -13.598660 -2.229018 18.001881 -0.408661 -1.231197 17.454716 5.696102 -9.774069 12.925673 -0.993280 -1.250111 -26.870953 0.000000 0.000000 0.000000 0.000000 0.000000 0.000000 0.000000 0.000000 0.000000 -1.683071 9.957432 18.026218 0.105676 0.535356 15.564571 5.348542 12.720183 12.729133 0.015132 0.744229 -27.490993 0.000000 0.000000 0.000000 0.000000 0.000000 0.000000 0.000000 0.000000 0.000000 
19.612490 86.055199 11.869795 2.423961 -4.891232 -19.008884 -2.036462 0.569694 7.737758 2.938318 -0.432658 1.270437 -5.048528 2.913116 19.713575 -0.194648 -0.130743 1.408857 7.247424 2.010443 8.206357 -1.962939 1.396839 -9.099918 0.923614 3.194606 -24.870853 0.000000 0.000000 0.000000 99.531265 -1.137406 4.096489 64.454781 -12.171151 3.868129 2.426504 25.252930 33.211681 -17.502172 15.206165 -9.944287 3.357944 -0.704738 43.418583 0.000013 0.000033 -8.045706 0.000021 0.000046 -5.489919 0.000018 0.000013 -0.000038 -25.157934 0.182349 1.682894 0.809043 0.009313 0.072470 0.569518 0.034778 0.092080 -0.000011 -0.000002 -0.000004 -24.272955 0.078993 -3.003639 0.654232 -0.008780 0.045648 0.643571 0.009632 0.046287 0.000008 0.000121 -0.000004 -23.203259 -0.081582 -9.459101 0.423398 0.038379 -0.152729 0.450859 0.002518 -0.116769 -0.000000 -0.001697 0.000033 -19.615980 -0.189222 -16.260206 0.082752 0.116231 -0.635790 0.342804 0.032724 -0.527400 -0.000465 -0.000015 -0.000024 0.000000 0.000000 0.000000 0.000000 0.000000 0.000000 -95.726044 1.183710 3.017232 -58.964466 16.573030 -1.522260 -4.346078 -17.333879 55.091114 20.532259 -2.522001 -15.934755 -1.917903 0.466047 44.110657 0.000024 0.000018 -4.414961 -0.000136 -0.000030 -2.874923 0.000078 0.000008 -0.002054 31.455683 0.113525 -2.423170 -1.084448 0.003147 0.052174 -1.100211 0.035598 0.013263 -0.000010 -0.000544 -0.000016 28.685974 0.063534 -6.533218 -1.266675 -0.012227 -0.005900 -0.928902 0.005317 -0.000955 0.000442 -0.000048 -0.000083 25.059023 -0.023382 -10.171304 -0.618068 0.023095 0.046109 -0.576410 -0.006796 0.032294 0.000110 0.000014 0.000006 21.119209 -0.099623 -13.342919 -0.364072 0.081582 0.228122 -0.386532 -0.010969 0.115765 -0.000901 -0.000001 -0.000022 0.000000 0.000000 0.000000 0.000000 0.000000 0.000000 -13.884530 -2.131511 17.772657 -0.414364 -1.232072 17.721100 5.871259 -9.781417 12.905704 -1.004780 -1.263967 -26.855091 0.000000 0.000000 0.000000 0.000000 0.000000 0.000000 0.000000 0.000000 0.000000 -1.982995 9.984735 18.005465 0.101691 0.520517 15.532563 5.511092 12.740325 12.698063 -0.003927 0.741868 -27.483007 0.000000 0.000000 0.000000 0.000000 0.000000 0.000000 0.000000 0.000000 0.000000 
19.822176 86.025642 11.875046 2.545865 -4.894254 -18.970606 -2.110550 0.585498 7.723072 2.947779 -0.433773 1.273165 -5.154175 2.946402 19.679960 -0.187461 -0.142380 1.391127 7.250926 2.027399 8.197945 -1.949465 1.425271 -9.095580 0.929260 3.196536 -24.841959 0.000000 0.000000 0.000000 99.551392 -1.138253 4.101795 64.445930 -12.039306 3.878821 2.425626 25.303549 33.166599 -17.607496 15.307128 -9.867985 3.345075 -0.701874 43.425152 0.000013 0.000033 -8.011819 0.000021 0.000046 -5.467398 0.000018 0.000013 -0.000038 -25.221668 0.182823 1.732010 0.812998 0.008471 0.073471 0.570355 0.034182 0.092143 -0.000011 -0.000002 -0.000003 -24.335274 0.079250 -2.956276 0.662218 -0.008911 0.046318 0.649520 0.009380 0.046855 0.000008 0.000122 -0.000004 -23.270452 -0.081264 -9.417185 0.431353 0.039038 -0.154008 0.459283 0.002993 -0.117795 -0.000000 -0.001749 0.000033 -19.673008 -0.189219 -16.221273 0.088905 0.119042 -0.641692 0.348808 0.034802 -0.531207 -0.000465 -0.000015 -0.000024 0.000000 0.000000 0.000000 0.000000 0.000000 0.000000 -95.715675 1.182678 3.011092 -58.894989 16.427549 -1.515234 -4.377057 -17.381023 54.967964 20.467220 -2.665695 -15.977907 -1.920505 0.466253 44.110485 0.000024 0.000018 -4.415027 -0.000135 -0.000030 -2.877219 0.000093 0.000008 -0.002085 31.410334 0.114666 -2.430146 -1.088987 0.003072 0.052061 -1.105648 0.035376 0.013611 -0.000010 -0.000494 -0.000016 28.637537 0.063909 -6.544265 -1.269701 -0.012148 -0.006391 -0.931437 0.005239 -0.001429 0.000475 -0.000048 -0.000084 25.003286 -0.023530 -10.176148 -0.618618 0.023196 0.047613 -0.581572 -0.006542 0.033408 0.000117 0.000014 0.000006 21.060400 -0.099834 -13.337963 -0.367912 0.083646 0.234293 -0.389605 -0.009366 0.120174 -0.000917 -0.000001 -0.000022 0.000000 0.000000 0.000000 0.000000 0.000000 0.000000 -14.166650 -2.034952 17.538935 -0.420078 -1.232922 17.993385 6.045413 -9.797066 12.886263 -1.017093 -1.277767 -26.838482 0.000000 0.000000 0.000000 0.000000 0.000000 0.000000 0.000000 0.000000 0.000000 -2.280232 10.012971 17.981085 0.097738 0.505866 15.506781 5.670537 12.762599 12.662734 -0.023107 0.739406 -27.472744 0.000000 0.000000 0.000000 0.000000 0.000000 0.000000 0.000000 0.000000 0.000000 
20.029196 85.995995 11.880024 2.665911 -4.901167 -18.933098 -2.181260 0.600408 7.708265 2.958663 -0.435846 1.276923 -5.255733 2.978821 19.643215 -0.181360 -0.153866 1.375993 7.248234 2.044067 8.192515 -1.937910 1.451241 -9.090415 0.934463 3.198512 -24.816267 0.000000 0.000000 0.000000 99.573792 -1.139651 4.109142 64.426941 -11.937598 3.908822 2.424268 25.354019 33.106056 -17.712990 15.404381 -9.800032 3.330441 -0.698741 43.432571 0.000013 0.000033 -7.972752 0.000021 0.000046 -5.441458 0.000017 0.000014 -0.000038 -25.292021 0.183357 1.778818 0.816951 0.007895 0.074079 0.571600 0.033807 0.091838 -0.000011 -0.000001 -0.000003 -24.405724 0.079507 -2.911235 0.670248 -0.008921 0.046827 0.655381 0.009211 0.047291 0.000008 0.000122 -0.000004 -23.346788 -0.080989 -9.376627 0.438709 0.039619 -0.155187 0.466915 0.003398 -0.118741 -0.000000 -0.001800 0.000033 -19.735327 -0.189244 -16.184046 0.093078 0.121640 -0.647659 0.352412 0.036604 -0.534992 -0.000462 -0.000015 -0.000024 0.000000 0.000000 0.000000 0.000000 0.000000 0.000000 -95.707901 1.182397 3.005332 -58.829052 16.291382 -1.501755 -4.405768 -17.433805 54.826756 20.404171 -2.824032 -16.022366 -1.924612 0.466645 44.109474 0.000024 0.000018 -4.420169 -0.000135 -0.000030 -2.882953 0.000107 0.000008 -0.002120 31.356714 0.115921 -2.433394 -1.093415 0.003293 0.052950 -1.111031 0.035459 0.014688 -0.000010 -0.000443 -0.000016 28.579754 0.064327 -6.552839 -1.273304 -0.011942 -0.006544 -0.934729 0.005259 -0.001670 0.000517 -0.000048 -0.000086 24.937971 -0.023706 -10.180201 -0.619941 0.023152 0.048786 -0.587296 -0.006395 0.034224 0.000127 0.000014 0.000006 20.993279 -0.100106 -13.333597 -0.372633 0.085355 0.239843 -0.393709 -0.008034 0.123995 -0.000932 -0.000001 -0.000022 0.000000 0.000000 0.000000 0.000000 0.000000 0.000000 -14.445079 -1.938043 17.301256 -0.425747 -1.233593 18.271851 6.219347 -9.820970 12.867797 -1.030323 -1.291547 -26.820992 0.000000 0.000000 0.000000 0.000000 0.000000 0.000000 0.000000 0.000000 0.000000 -2.574859 10.040712 17.952841 0.093790 0.491296 15.488336 5.826898 12.788877 12.624022 -0.042538 0.736857 -27.460224 0.000000 0.000000 0.000000 0.000000 0.000000 0.000000 0.000000 0.000000 0.000000 
20.233278 85.966553 11.884703 2.783191 -4.914243 -18.896223 -2.248544 0.614286 7.693504 2.971184 -0.438907 1.281484 -5.353148 3.010807 19.604065 -0.174887 -0.164658 1.363281 7.241146 2.059884 8.192082 -1.928251 1.474507 -9.083249 0.939060 3.200269 -24.794319 0.000000 0.000000 0.000000 99.598465 -1.141161 4.117019 64.398270 -11.865055 3.959176 2.422216 25.404514 33.029385 -17.815796 15.498140 -9.733745 3.314572 -0.695389 43.440701 0.000013 0.000033 -7.929342 0.000021 0.000046 -5.412872 0.000017 0.000014 -0.000038 -25.370464 0.183908 1.823388 0.820663 0.007641 0.074204 0.573191 0.033681 0.091079 -0.000011 -0.000001 -0.000003 -24.485126 0.079742 -2.868175 0.677800 -0.008801 0.047150 0.660757 0.009132 0.047571 0.000008 0.000121 -0.000003 -23.433119 -0.080758 -9.336059 0.444984 0.040076 -0.156199 0.473452 0.003715 -0.119551 -0.000000 -0.001849 0.000033 -19.804926 -0.189313 -16.145420 0.094869 0.123871 -0.653392 0.352984 0.038054 -0.538603 -0.000454 -0.000015 -0.000023 0.000000 0.000000 0.000000 0.000000 0.000000 0.000000 -95.700920 1.182028 2.999012 -58.769814 16.163513 -1.483175 -4.432645 -17.490179 54.668011 20.344486 -2.990903 -16.063734 -1.930343 0.467181 44.107708 0.000024 0.000018 -4.430230 -0.000134 -0.000030 -2.892025 0.000120 0.000008 -0.002156 31.297451 0.117255 -2.431613 -1.098309 0.003794 0.054682 -1.117163 0.035827 0.016367 -0.000010 -0.000391 -0.000016 28.514997 0.064778 -6.557667 -1.277741 -0.011619 -0.006398 -0.939152 0.005363 -0.001707 0.000568 -0.000048 -0.000088 24.865025 -0.023930 -10.180904 -0.622474 0.022969 0.049677 -0.593934 -0.006345 0.034781 0.000142 0.000014 0.000006 20.919067 -0.100537 -13.326415 -0.378803 0.086688 0.245040 -0.399449 -0.006970 0.127391 -0.000945 -0.000001 -0.000021 0.000000 0.000000 0.000000 0.000000 0.000000 0.000000 -14.718861 -1.839117 17.061316 -0.431328 -1.234004 18.553682 6.392962 -9.850134 12.850201 -1.044371 -1.305149 -26.801935 0.000000 0.000000 0.000000 0.000000 0.000000 0.000000 0.000000 0.000000 0.000000 -2.865242 10.067252 17.920723 0.089837 0.476788 15.476573 5.979296 12.820800 12.583359 -0.062065 0.734217 -27.445822 0.000000 0.000000 0.000000 0.000000 0.000000 0.000000 0.000000 0.000000 0.000000 
20.434238 85.937599 11.889088 2.897402 -4.935219 -18.859858 -2.312410 0.627117 7.678245 2.984730 -0.442746 1.287380 -5.446351 3.042742 19.563560 -0.167630 -0.174206 1.353352 7.231853 2.074117 8.197653 -1.920148 1.495213 -9.073600 0.943107 3.201627 -24.776627 0.000000 0.000000 0.000000 99.625572 -1.142760 4.124691 64.362213 -11.818903 4.026861 2.419693 25.455776 32.939926 -17.912260 15.588782 -9.665895 3.298420 -0.691987 43.449097 0.000013 0.000033 -7.883911 0.000022 0.000046 -5.383216 0.000017 0.000014 -0.000038 -25.455290 0.184465 1.864575 0.823721 0.007666 0.073922 0.574878 0.033762 0.089925 -0.000011 -0.000001 -0.000003 -24.570339 0.079951 -2.828163 0.684388 -0.008582 0.047312 0.665331 0.009122 0.047722 0.000007 0.000119 -0.000003 -23.524618 -0.080576 -9.296160 0.450292 0.040420 -0.157010 0.479010 0.003951 -0.120196 -0.000000 -0.001896 0.000033 -19.877676 -0.189458 -16.105537 0.094885 0.125737 -0.658575 0.350989 0.039168 -0.541846 -0.000443 -0.000015 -0.000023 0.000000 0.000000 0.000000 0.000000 0.000000 0.000000 -95.693596 1.181272 2.991516 -58.718094 16.042109 -1.460080 -4.458699 -17.548311 54.495960 20.289007 -3.161992 -16.101521 -1.937329 0.467821 44.105404 0.000024 0.000018 -4.443904 -0.000133 -0.000030 -2.903606 0.000132 0.000008 -0.002189 31.235607 0.118627 -2.424458 -1.104322 0.004505 0.057098 -1.124741 0.036411 0.018522 -0.000010 -0.000338 -0.000016 28.446014 0.065255 -6.558493 -1.283259 -0.011215 -0.005995 -0.945016 0.005525 -0.001575 0.000626 -0.000048 -0.000090 24.786476 -0.024213 -10.177583 -0.626441 0.022686 0.050330 -0.601681 -0.006365 0.035114 0.000160 0.000014 0.000005 20.838888 -0.101219 -13.315515 -0.386429 0.087696 0.249937 -0.406840 -0.006130 0.130402 -0.000958 -0.000001 -0.000021 0.000000 0.000000 0.000000 0.000000 0.000000 0.000000 -14.987448 -1.737612 16.820324 -0.436802 -1.234164 18.835880 6.565576 -9.882154 12.834319 -1.058948 -1.318545 -26.781704 0.000000 0.000000 0.000000 0.000000 0.000000 0.000000 0.000000 0.000000 0.000000 -3.150553 10.091815 17.885202 0.085863 0.462273 15.470002 6.127530 12.859703 12.543410 -0.081649 0.731579 -27.430641 0.000000 0.000000 0.000000 0.000000 0.000000 0.000000 0.000000 0.000000 0.000000 
20.631607 85.909592 11.893032 3.008072 -4.965349 -18.822735 -2.373795 0.639036 7.662305 2.998523 -0.447101 1.294405 -5.535485 3.074188 19.523256 -0.158472 -0.182308 1.345484 7.224211 2.086441 8.208316 -1.912925 1.514786 -9.061662 0.946180 3.202462 -24.762058 0.000000 0.000000 0.000000 99.655037 -1.143977 4.130154 64.322609 -11.790834 4.103194 2.416923 25.508875 32.844120 -17.991972 15.683652 -9.588947 3.284304 -0.688914 43.456772 0.000013 0.000033 -7.842193 0.000022 0.000046 -5.356488 0.000017 0.000014 -0.000038 -25.537506 0.185037 1.902052 0.826699 0.007921 0.073255 0.577153 0.034016 0.088381 -0.000011 -0.000001 -0.000002 -24.651911 0.080128 -2.791604 0.690481 -0.008292 0.047341 0.669782 0.009163 0.047761 0.000007 0.000118 -0.000003 -23.612070 -0.080461 -9.257740 0.455035 0.040645 -0.157631 0.484103 0.004116 -0.120680 -0.000000 -0.001940 0.000033 -19.947182 -0.189713 -16.064730 0.093807 0.127202 -0.663087 0.347044 0.039981 -0.544675 -0.000431 -0.000015 -0.000023 0.000000 0.000000 0.000000 0.000000 0.000000 0.000000 -95.684639 1.179413 2.982512 -58.676384 15.923940 -1.435985 -4.485071 -17.608389 54.316261 20.232054 -3.330857 -16.132195 -1.945431 0.468524 44.102730 0.000024 0.000017 -4.460139 -0.000132 -0.000031 -2.917053 0.000144 0.000008 -0.002214 31.173422 0.119997 -2.411479 -1.111671 0.005331 0.059839 -1.134006 0.037111 0.020910 -0.000010 -0.000285 -0.000016 28.375349 0.065760 -6.555024 -1.289609 -0.010774 -0.005459 -0.952049 0.005708 -0.001353 0.000690 -0.000049 -0.000092 24.704802 -0.024581 -10.168618 -0.631107 0.022349 0.050842 -0.609824 -0.006420 0.035324 0.000178 0.000014 0.000005 20.754646 -0.102287 -13.298663 -0.394656 0.088479 0.254803 -0.415130 -0.005442 0.133246 -0.000971 -0.000001 -0.000021 0.000000 0.000000 0.000000 0.000000 0.000000 0.000000 -15.249477 -1.632304 16.579762 -0.442167 -1.234075 19.114384 6.735609 -9.913116 12.820423 -1.073569 -1.331650 -26.760860 0.000000 0.000000 0.000000 0.000000 0.000000 0.000000 0.000000 0.000000 0.000000 -3.428503 10.115369 17.846794 0.081880 0.447817 15.465544 6.271048 12.905225 12.507034 -0.101039 0.729042 -27.415941 0.000000 0.000000 0.000000 0.000000 0.000000 0.000000 0.000000 0.000000 0.000000 
20.824736 85.883049 11.896388 3.114911 -5.005091 -18.783918 -2.433550 0.650334 7.645134 3.011314 -0.451538 1.302884 -5.620294 3.104579 19.484585 -0.146903 -0.189052 1.339055 7.220547 2.097861 8.222781 -1.905888 1.535290 -9.048381 0.948046 3.203004 -24.749805 0.000000 0.000000 0.000000 99.686615 -1.144626 4.133177 64.284195 -11.770684 4.180768 2.414210 25.566299 32.747532 -18.047127 15.793591 -9.500095 3.274285 -0.686567 43.462723 0.000013 0.000033 -7.809711 0.000022 0.000046 -5.336413 0.000016 0.000014 -0.000037 -25.606134 0.185672 1.935467 0.829429 0.008293 0.072418 0.579730 0.034358 0.086636 -0.000011 -0.000001 -0.000002 -24.718342 0.080292 -2.759092 0.695996 -0.007983 0.047322 0.674142 0.009221 0.047762 0.000007 0.000116 -0.000002 -23.683111 -0.080435 -9.222123 0.459458 0.040776 -0.158130 0.488940 0.004233 -0.121056 0.000000 -0.001981 0.000033 -20.003326 -0.190119 -16.024504 0.092543 0.128326 -0.666911 0.342099 0.040567 -0.547128 -0.000417 -0.000015 -0.000023 0.000000 0.000000 0.000000 0.000000 0.000000 0.000000 -95.673927 1.176411 2.972591 -58.642784 15.804700 -1.411723 -4.512703 -17.669346 54.133633 20.169428 -3.491064 -16.157604 -1.954309 0.469290 44.099892 0.000024 0.000017 -4.477627 -0.000131 -0.000031 -2.931549 0.000155 0.000008 -0.002228 31.111240 0.121366 -2.395061 -1.120741 0.006174 0.062613 -1.145252 0.037825 0.023323 -0.000010 -0.000233 -0.000015 28.303926 0.066297 -6.549225 -1.296728 -0.010340 -0.004895 -0.960156 0.005876 -0.001107 0.000755 -0.000049 -0.000094 24.620975 -0.025057 -10.154752 -0.635988 0.022017 0.051287 -0.617832 -0.006471 0.035498 0.000195 0.000014 0.000005 20.666943 -0.103833 -13.275876 -0.402589 0.089159 0.259705 -0.423421 -0.004829 0.136045 -0.000984 -0.000001 -0.000021 0.000000 0.000000 0.000000 0.000000 0.000000 0.000000 -15.503631 -1.522552 16.340843 -0.447405 -1.233702 19.386280 6.901193 -9.940238 12.809478 -1.087609 -1.344606 -26.740915 0.000000 0.000000 0.000000 0.000000 0.000000 0.000000 0.000000 0.000000 0.000000 -3.697306 10.139417 17.806976 0.077902 0.433498 15.459262 6.410050 12.956212 12.477775 -0.120030 0.726784 -27.403164 0.000000 0.000000 0.000000 0.000000 0.000000 0.000000 0.000000 0.000000 0.000000 
21.012987 85.858345 11.899064 3.217836 -5.054050 -18.743052 -2.492569 0.661329 7.625999 3.021838 -0.455643 1.313621 -5.700512 3.133212 19.448307 -0.133201 -0.194923 1.333993 7.223004 2.109539 8.239610 -1.898360 1.558614 -9.034892 0.949007 3.203803 -24.739229 0.000000 0.000000 0.000000 99.719696 -1.144648 4.134980 64.251816 -11.748141 4.253983 2.411700 25.629902 32.654694 -18.076342 15.923586 -9.399652 3.269918 -0.685284 43.466114 0.000013 0.000034 -7.790844 0.000022 0.000046 -5.325939 0.000016 0.000014 -0.000037 -25.651030 0.186425 1.965025 0.830908 0.008673 0.071679 0.581537 0.034717 0.084942 -0.000011 -0.000000 -0.000002 -24.759024 0.080481 -2.730736 0.700180 -0.007704 0.047347 0.677669 0.009270 0.047799 0.000007 0.000115 -0.000002 -23.725727 -0.080515 -9.190065 0.463343 0.040846 -0.158592 0.493224 0.004319 -0.121393 0.000000 -0.002018 0.000033 -20.035381 -0.190746 -15.986235 0.091762 0.129207 -0.670113 0.336960 0.041002 -0.549271 -0.000404 -0.000015 -0.000023 0.000000 0.000000 0.000000 0.000000 0.000000 0.000000 -95.661362 1.172638 2.963438 -58.612427 15.681717 -1.387607 -4.541943 -17.730370 53.955456 20.102261 -3.637561 -16.183327 -1.963779 0.470192 44.096951 0.000024 0.000017 -4.495771 -0.000130 -0.000031 -2.946717 0.000164 0.000008 -0.002231 31.047319 0.122765 -2.378898 -1.131510 0.006948 0.065180 -1.158255 0.038469 0.025577 -0.000010 -0.000182 -0.000015 28.230715 0.066865 -6.543948 -1.304418 -0.009957 -0.004385 -0.969152 0.006004 -0.000893 0.000818 -0.000049 -0.000097 24.534216 -0.025659 -10.138352 -0.641027 0.021739 0.051715 -0.625640 -0.006493 0.035705 0.000209 0.000014 0.000005 20.575068 -0.105888 -13.249333 -0.409989 0.089828 0.264523 -0.431292 -0.004251 0.138788 -0.000999 -0.000001 -0.000021 0.000000 0.000000 0.000000 0.000000 0.000000 0.000000 -15.749146 -1.408706 16.104282 -0.452508 -1.233047 19.649565 7.060736 -9.962021 12.803252 -1.100559 -1.357630 -26.723917 0.000000 0.000000 0.000000 0.000000 0.000000 0.000000 0.000000 0.000000 0.000000 -3.956096 10.165311 17.767525 0.073951 0.419382 15.447942 6.545550 13.010676 12.458260 -0.138521 0.725035 -27.393343 0.000000 0.000000 0.000000 0.000000 0.000000 0.000000 0.000000 0.000000 0.000000 
21.196405 85.835266 11.901159 3.317446 -5.110192 -18.700455 -2.551356 0.672280 7.604685 3.028801 -0.458867 1.326332 -5.776379 3.159551 19.415134 -0.119006 -0.200472 1.330189 7.232183 2.122163 8.256587 -1.889864 1.586055 -9.022246 0.949721 3.205380 -24.729136 0.000000 0.000000 0.000000 99.752182 -1.144207 4.138737 64.231010 -11.715824 4.317652 2.409722 25.698311 32.569714 -18.086353 16.071236 -9.292599 3.271649 -0.685175 43.466618 0.000013 0.000034 -7.787474 0.000022 0.000046 -5.326214 0.000016 0.000014 -0.000037 -25.667131 0.187325 1.992098 0.830173 0.009001 0.071138 0.581520 0.035063 0.083407 -0.000011 -0.000000 -0.000002 -24.768997 0.080732 -2.705539 0.702244 -0.007478 0.047429 0.679629 0.009299 0.047884 0.000007 0.000114 -0.000002 -23.734350 -0.080698 -9.160913 0.466598 0.040879 -0.159020 0.496781 0.004375 -0.121701 0.000000 -0.002051 0.000033 -20.038092 -0.191606 -15.950310 0.092365 0.129931 -0.672610 0.332758 0.041330 -0.551017 -0.000392 -0.000015 -0.000023 0.000000 0.000000 0.000000 0.000000 0.000000 0.000000 -95.646652 1.168605 2.957264 -58.580185 15.554914 -1.364339 -4.572267 -17.789295 53.789490 20.040165 -3.770957 -16.212337 -1.973519 0.471327 44.093830 0.000024 0.000017 -4.514183 -0.000130 -0.000031 -2.962320 0.000172 0.000008 -0.002228 30.979311 0.124206 -2.363641 -1.144084 0.007637 0.067657 -1.173064 0.039038 0.027762 -0.000009 -0.000134 -0.000015 28.153923 0.067453 -6.539754 -1.313102 -0.009629 -0.003871 -0.979278 0.006096 -0.000663 0.000877 -0.000049 -0.000099 24.443880 -0.026370 -10.121206 -0.647090 0.021518 0.052068 -0.634227 -0.006490 0.035917 0.000220 0.000014 0.000005 20.479441 -0.108328 -13.221906 -0.417647 0.090480 0.268800 -0.439304 -0.003736 0.141222 -0.001016 -0.000001 -0.000021 0.000000 0.000000 0.000000 0.000000 0.000000 0.000000 -15.986771 -1.293745 15.869980 -0.457504 -1.232316 19.902340 7.213790 -9.977941 12.803304 -1.112234 -1.370668 -26.711241 0.000000 0.000000 0.000000 0.000000 0.000000 0.000000 0.000000 0.000000 0.000000 -4.206164 10.192664 17.729179 0.070054 0.405416 15.430904 6.678873 13.066809 12.448580 -0.156628 0.723888 -27.387047 0.000000 0.000000 0.000000 0.000000 0.000000 0.000000 0.000000 0.000000 0.000000 
21.375029 85.813675 11.902785 3.413703 -5.171447 -18.656483 -2.610490 0.683205 7.581647 3.031550 -0.460968 1.339991 -5.848183 3.182765 19.385307 -0.104484 -0.206264 1.326624 7.249357 2.136008 8.272374 -1.880304 1.618319 -9.010525 0.950566 3.208195 -24.717852 0.000000 0.000000 0.000000 99.781586 -1.143203 4.144958 64.225700 -11.666658 4.367012 2.408387 25.769066 32.495300 -18.082596 16.231453 -9.181296 3.280347 -0.686434 43.463730 0.000013 0.000034 -7.802244 0.000022 0.000046 -5.339151 0.000016 0.000014 -0.000037 -25.648212 0.188316 2.016966 0.825867 0.009302 0.070712 0.578283 0.035422 0.081971 -0.000011 0.000000 -0.000002 -24.741989 0.081053 -2.682671 0.700998 -0.007294 0.047515 0.678646 0.009320 0.047976 0.000007 0.000114 -0.000001 -23.703915 -0.080962 -9.132917 0.467929 0.040847 -0.159399 0.498431 0.004386 -0.121972 0.000000 -0.002081 0.000033 -20.007652 -0.192678 -15.914804 0.093451 0.130459 -0.674475 0.328750 0.041528 -0.552454 -0.000381 -0.000015 -0.000023 0.000000 0.000000 0.000000 0.000000 0.000000 0.000000 -95.628525 1.163979 2.956064 -58.545879 15.426828 -1.345049 -4.602593 -17.845749 53.642479 19.991798 -3.889564 -16.244024 -1.983972 0.472841 44.090199 0.000023 0.000017 -4.534385 -0.000130 -0.000031 -2.979414 0.000178 0.000008 -0.002225 30.904114 0.125701 -2.349508 -1.158108 0.008243 0.070021 -1.189362 0.039535 0.029903 -0.000009 -0.000089 -0.000015 28.070398 0.068044 -6.536381 -1.322855 -0.009356 -0.003337 -0.990375 0.006159 -0.000397 0.000928 -0.000049 -0.000101 24.346992 -0.027165 -10.102871 -0.654680 0.021345 0.052332 -0.644178 -0.006470 0.036133 0.000228 0.000014 0.000005 20.377588 -0.111027 -13.193473 -0.426258 0.091095 0.272512 -0.447905 -0.003297 0.143364 -0.001033 -0.000001 -0.000021 0.000000 0.000000 0.000000 0.000000 0.000000 0.000000 -16.216402 -1.179242 15.639374 -0.462393 -1.231644 20.142984 7.360335 -9.988324 12.809417 -1.122636 -1.383588 -26.702801 0.000000 0.000000 0.000000 0.000000 0.000000 0.000000 0.000000 0.000000 0.000000 -4.447473 10.220567 17.692295 0.066253 0.391616 15.408281 6.810263 13.121790 12.446604 -0.174196 0.723296 -27.383583 0.000000 0.000000 0.000000 0.000000 0.000000 0.000000 0.000000 0.000000 0.000000 
21.548971 85.793259 11.903997 3.506117 -5.235790 -18.611797 -2.669875 0.693961 7.557589 3.029500 -0.461722 1.353269 -5.915707 3.202100 19.358995 -0.089758 -0.212682 1.322052 7.274193 2.151432 8.286814 -1.869883 1.655390 -8.999263 0.951693 3.212529 -24.703619 0.000000 0.000000 0.000000 99.805542 -1.141526 4.154705 64.237854 -11.596057 4.399891 2.407996 25.839138 32.432705 -18.071638 16.396265 -9.068646 3.296121 -0.689111 43.457275 0.000013 0.000034 -7.835922 0.000022 0.000046 -5.365304 0.000015 0.000014 -0.000037 -25.591972 0.189322 2.038447 0.816990 0.009575 0.070369 0.570807 0.035786 0.080591 -0.000011 0.000000 -0.000001 -24.675709 0.081439 -2.662129 0.695523 -0.007149 0.047571 0.673579 0.009336 0.048048 0.000007 0.000114 -0.000001 -23.633499 -0.081290 -9.104314 0.466322 0.040752 -0.159719 0.497279 0.004353 -0.122198 0.000000 -0.002107 0.000033 -19.944231 -0.193957 -15.876897 0.094256 0.130804 -0.675771 0.324337 0.041607 -0.553672 -0.000373 -0.000015 -0.000023 0.000000 0.000000 0.000000 0.000000 0.000000 0.000000 -95.606186 1.158434 2.961851 -58.510006 15.301834 -1.331204 -4.631976 -17.898075 53.516083 19.965820 -3.992455 -16.274900 -1.995379 0.474827 44.085808 0.000023 0.000017 -4.557462 -0.000130 -0.000031 -2.998726 0.000183 0.000008 -0.002229 30.819874 0.127250 -2.338115 -1.173395 0.008784 0.072328 -1.207052 0.039979 0.032064 -0.000009 -0.000050 -0.000015 27.978340 0.068617 -6.534484 -1.333839 -0.009123 -0.002741 -1.002307 0.006203 -0.000061 0.000969 -0.000049 -0.000103 24.242056 -0.028001 -10.083229 -0.663974 0.021212 0.052468 -0.655822 -0.006443 0.036316 0.000236 0.000014 0.000005 20.268520 -0.113834 -13.163261 -0.435860 0.091658 0.275617 -0.456991 -0.002937 0.145201 -0.001051 -0.000001 -0.000021 0.000000 0.000000 0.000000 0.000000 0.000000 0.000000 -16.437252 -1.066751 15.414062 -0.467146 -1.231127 20.371035 7.500274 -9.994662 12.821049 -1.131778 -1.396219 -26.698093 0.000000 0.000000 0.000000 0.000000 0.000000 0.000000 0.000000 0.000000 0.000000 -4.679554 10.247342 17.656876 0.062598 0.377971 15.381490 6.939666 13.172685 12.449645 -0.191060 0.723150 -27.382074 0.000000 0.000000 0.000000 0.000000 0.000000 0.000000 0.000000 0.000000 0.000000 
21.718370 85.773727 11.904682 3.593907 -5.301802 -18.566956 -2.729111 0.704198 7.533295 3.022462 -0.461178 1.364808 -5.978263 3.216484 19.336079 -0.074935 -0.220139 1.315127 7.304962 2.169419 8.300122 -1.858998 1.697083 -8.987911 0.952840 3.218445 -24.684835 0.000000 0.000000 0.000000 99.823036 -1.139152 4.168723 64.265793 -11.504270 4.417155 2.408717 25.905960 32.382389 -18.057863 16.555058 -8.957345 3.318554 -0.693158 43.447399 0.000013 0.000035 -7.887702 0.000023 0.000046 -5.404180 0.000015 0.000014 -0.000037 -25.499336 0.190272 2.053932 0.802938 0.009832 0.070036 0.558480 0.036167 0.079192 -0.000011 0.000001 -0.000001 -24.571209 0.081877 -2.644938 0.685363 -0.007029 0.047556 0.663676 0.009351 0.048070 0.000007 0.000115 -0.000001 -23.525385 -0.081674 -9.074023 0.460955 0.040582 -0.159963 0.492575 0.004270 -0.122364 -0.000000 -0.002129 0.000033 -19.850515 -0.195436 -15.834186 0.093804 0.130944 -0.676555 0.318645 0.041542 -0.554751 -0.000370 -0.000015 -0.000023 0.000000 0.000000 0.000000 0.000000 0.000000 0.000000 -95.579735 1.151578 2.976540 -58.474873 15.185298 -1.323842 -4.659852 -17.945524 53.408798 19.966963 -4.078300 -16.300648 -2.007738 0.477308 44.080547 0.000023 0.000016 -4.583825 -0.000130 -0.000032 -3.020508 0.000188 0.000008 -0.002244 30.727001 0.128871 -2.331872 -1.188988 0.009298 0.074596 -1.225227 0.040400 0.034259 -0.000008 -0.000017 -0.000015 27.878271 0.069168 -6.535223 -1.345376 -0.008913 -0.002059 -1.014246 0.006244 0.000355 0.000997 -0.000049 -0.000105 24.129751 -0.028840 -10.062290 -0.674007 0.021104 0.052468 -0.668408 -0.006421 0.036456 0.000245 0.000014 0.000005 20.153011 -0.116608 -13.129965 -0.445291 0.092155 0.278247 -0.465371 -0.002653 0.146810 -0.001070 -0.000002 -0.000022 0.000000 0.000000 0.000000 0.000000 0.000000 0.000000 -16.647926 -0.956999 15.195386 -0.471714 -1.230773 20.587406 7.633259 -9.999794 12.837377 -1.139759 -1.408439 -26.696474 0.000000 0.000000 0.000000 0.000000 0.000000 0.000000 0.000000 0.000000 0.000000 -4.901330 10.271147 17.622396 0.059123 0.364460 15.352719 7.066828 13.216526 12.454988 -0.207097 0.723385 -27.381580 0.000000 0.000000 0.000000 0.000000 0.000000 0.000000 0.000000 0.000000 0.000000 
21.883350 85.754868 11.904531 3.676423 -5.368572 -18.522423 -2.787363 0.713596 7.509461 3.010833 -0.459599 1.374157 -6.035193 3.224963 19.315676 -0.060847 -0.228953 1.305151 7.337495 2.191804 8.312936 -1.848101 1.743134 -8.976178 0.953482 3.225753 -24.661072 0.000000 0.000000 0.000000 99.834373 -1.136050 4.188173 64.305275 -11.396811 4.423839 2.410356 25.967607 32.342762 -18.042971 16.697752 -8.850768 3.345509 -0.698221 43.435062 0.000013 0.000035 -7.952246 0.000023 0.000046 -5.451998 0.000015 0.000014 -0.000037 -25.379177 0.191142 2.062432 0.784520 0.010092 0.069559 0.542008 0.036588 0.077629 -0.000011 0.000001 -0.000001 -24.438185 0.082355 -2.631714 0.671447 -0.006920 0.047416 0.649670 0.009372 0.047998 0.000007 0.000117 -0.000000 -23.390081 -0.082121 -9.042641 0.452391 0.040337 -0.160076 0.484861 0.004131 -0.122431 -0.000000 -0.002145 0.000033 -19.735519 -0.197135 -15.787411 0.091943 0.130878 -0.676806 0.311616 0.041310 -0.555633 -0.000372 -0.000015 -0.000024 0.000000 0.000000 0.000000 0.000000 0.000000 0.000000 -95.550110 1.143433 3.001031 -58.441383 15.079069 -1.320482 -4.686060 -17.988607 53.314774 19.990206 -4.149851 -16.320631 -2.020057 0.480156 44.074730 0.000023 0.000016 -4.611477 -0.000129 -0.000032 -3.043234 0.000193 0.000008 -0.002272 30.628998 0.130594 -2.333263 -1.203369 0.009809 0.076810 -1.242377 0.040816 0.036444 -0.000008 0.000012 -0.000014 27.774094 0.069711 -6.540399 -1.356276 -0.008714 -0.001303 -1.025095 0.006290 0.000830 0.001012 -0.000049 -0.000106 24.013769 -0.029652 -10.041902 -0.683574 0.021015 0.052369 -0.680881 -0.006405 0.036567 0.000253 0.000014 0.000005 20.034380 -0.119250 -13.094827 -0.453512 0.092619 0.280617 -0.472159 -0.002419 0.148321 -0.001089 -0.000002 -0.000022 0.000000 0.000000 0.000000 0.000000 0.000000 0.000000 -16.846935 -0.850525 14.983430 -0.476060 -1.230509 20.794424 7.758676 -10.007140 12.858138 -1.146746 -1.420245 -26.697821 0.000000 0.000000 0.000000 0.000000 0.000000 0.000000 0.000000 0.000000 0.000000 -5.111761 10.290819 17.587990 0.055837 0.351106 15.324196 7.191708 13.251569 12.460798 -0.222288 0.724065 -27.381403 0.000000 0.000000 0.000000 0.000000 0.000000 0.000000 0.000000 0.000000 0.000000 
22.043882 85.736702 11.903255 3.753255 -5.435931 -18.478399 -2.843720 0.721951 7.486480 2.995591 -0.457463 1.381503 -6.086270 3.227008 19.296465 -0.048516 -0.239211 1.292503 7.367079 2.220096 8.325927 -1.837549 1.793214 -8.964026 0.953135 3.234029 -24.633150 0.000000 0.000000 0.000000 99.841118 -1.132358 4.213170 64.349907 -11.282848 4.427367 2.412428 26.022373 32.310009 -18.024538 16.818199 -8.753263 3.374116 -0.703766 43.421654 0.000013 0.000035 -8.022038 0.000023 0.000046 -5.503448 0.000014 0.000014 -0.000037 -25.244804 0.191931 2.064646 0.763819 0.010436 0.068599 0.523349 0.037132 0.075607 -0.000011 0.000001 -0.000001 -24.291269 0.082866 -2.622669 0.655913 -0.006782 0.047040 0.633629 0.009429 0.047731 0.000007 0.000120 -0.000000 -23.242851 -0.082630 -9.012400 0.442245 0.039975 -0.159943 0.475650 0.003901 -0.122316 -0.000000 -0.002153 0.000033 -19.611618 -0.199049 -15.740233 0.088977 0.130515 -0.676382 0.303633 0.040818 -0.556111 -0.000377 -0.000015 -0.000024 0.000000 0.000000 0.000000 0.000000 0.000000 0.000000 -95.518753 1.134338 3.034278 -58.408619 14.981322 -1.316621 -4.710591 -18.028013 53.225945 20.022434 -4.214699 -16.339582 -2.030925 0.483109 44.068954 0.000023 0.000016 -4.637053 -0.000128 -0.000032 -3.064469 0.000197 0.000008 -0.002310 30.531334 0.132443 -2.342960 -1.215358 0.010370 0.079071 -1.257277 0.041274 0.038669 -0.000008 0.000036 -0.000014 27.671646 0.070271 -6.550986 -1.365646 -0.008504 -0.000458 -1.034195 0.006357 0.001372 0.001014 -0.000049 -0.000107 23.899378 -0.030417 -10.024600 -0.692052 0.020915 0.052175 -0.692586 -0.006408 0.036634 0.000260 0.000014 0.000005 19.917152 -0.121701 -13.061039 -0.460407 0.093040 0.282771 -0.477411 -0.002248 0.149732 -0.001109 -0.000002 -0.000022 0.000000 0.000000 0.000000 0.000000 0.000000 0.000000 -17.033453 -0.747859 14.777486 -0.480177 -1.230243 20.994452 7.876132 -10.019511 12.883370 -1.152953 -1.431680 -26.702158 0.000000 0.000000 0.000000 0.000000 0.000000 0.000000 0.000000 0.000000 0.000000 -5.310089 10.306328 17.553175 0.052725 0.337975 15.296821 7.314254 13.277824 12.466158 -0.236672 0.725303 -27.381029 0.000000 0.000000 0.000000 0.000000 0.000000 0.000000 0.000000 0.000000 0.000000 
22.199995 85.719231 11.900887 3.824465 -5.504212 -18.435135 -2.897210 0.729173 7.464574 2.978031 -0.455280 1.387020 -6.131974 3.223262 19.277754 -0.038905 -0.250685 1.278222 7.389883 2.254772 8.339422 -1.827631 1.846739 -8.951698 0.951610 3.242753 -24.602663 0.000000 0.000000 0.000000 99.845345 -1.128309 4.243160 64.393997 -11.172537 4.434104 2.414516 26.070520 32.279686 -17.999376 16.916550 -8.670948 3.401522 -0.709153 43.408707 0.000013 0.000035 -8.089302 0.000023 0.000046 -5.553093 0.000014 0.000014 -0.000037 -25.111811 0.192686 2.063799 0.743127 0.010987 0.066875 0.504571 0.037917 0.072885 -0.000011 0.000001 -0.000001 -24.147423 0.083418 -2.616480 0.640990 -0.006557 0.046327 0.617872 0.009562 0.047179 0.000006 0.000123 0.000000 -23.100458 -0.083194 -8.985410 0.432517 0.039426 -0.159422 0.466795 0.003526 -0.121923 -0.000000 -0.002153 0.000032 -19.491629 -0.201108 -15.697148 0.085981 0.129655 -0.674982 0.295886 0.039880 -0.555834 -0.000384 -0.000015 -0.000024 0.000000 0.000000 0.000000 0.000000 0.000000 0.000000 -95.487633 1.124966 3.073524 -58.375137 14.887691 -1.308213 -4.733560 -18.064081 53.136509 20.051811 -4.283752 -16.361629 -2.038947 0.485846 44.063919 0.000023 0.000016 -4.656873 -0.000127 -0.000032 -3.081715 0.000199 0.000007 -0.002354 30.441034 0.134410 -2.357758 -1.224193 0.011063 0.081632 -1.269174 0.041860 0.041109 -0.000007 0.000058 -0.000014 27.578169 0.070862 -6.565101 -1.372930 -0.008245 0.000552 -1.041300 0.006474 0.002036 0.001007 -0.000050 -0.000107 23.793594 -0.031135 -10.011456 -0.699257 0.020741 0.051807 -0.703212 -0.006464 0.036586 0.000267 0.000014 0.000005 19.807821 -0.123932 -13.031578 -0.466447 0.093300 0.284375 -0.481875 -0.002246 0.150760 -0.001128 -0.000002 -0.000022 0.000000 0.000000 0.000000 0.000000 0.000000 0.000000 -17.207918 -0.649818 14.576868 -0.484102 -1.229988 21.188547 7.985847 -10.037855 12.912498 -1.158647 -1.442708 -26.708872 0.000000 0.000000 0.000000 0.000000 0.000000 0.000000 0.000000 0.000000 0.000000 -5.496624 10.318356 17.518147 0.049763 0.325190 15.270368 7.433943 13.297072 12.470489 -0.250336 0.727047 -27.380262 0.000000 0.000000 0.000000 0.000000 0.000000 0.000000 0.000000 0.000000 0.000000 
22.351582 85.702591 11.897675 3.890164 -5.574442 -18.392748 -2.947115 0.735261 7.443810 2.959396 -0.453483 1.390799 -6.172939 3.214784 19.259413 -0.031839 -0.263004 1.263674 7.403132 2.295212 8.353670 -1.818828 1.902389 -8.939428 0.948986 3.251436 -24.571463 0.000000 0.000000 0.000000 99.849030 -1.124091 4.275873 64.432877 -11.073942 4.448373 2.416405 26.113737 32.246807 -17.966530 16.995754 -8.607403 3.425787 -0.713974 43.397167 0.000012 0.000036 -8.148868 0.000023 0.000046 -5.597295 0.000013 0.000014 -0.000037 -24.989843 0.193434 2.062572 0.723634 0.011785 0.064340 0.486708 0.038962 0.069420 -0.000011 0.000002 -0.000000 -24.017286 0.084013 -2.611757 0.627595 -0.006221 0.045263 0.603399 0.009785 0.046314 0.000006 0.000126 0.000001 -22.973213 -0.083785 -8.962493 0.424034 0.038673 -0.158457 0.459029 0.002994 -0.121220 -0.000000 -0.002148 0.000032 -19.383558 -0.203221 -15.659929 0.083240 0.128226 -0.672506 0.288689 0.038439 -0.554663 -0.000390 -0.000015 -0.000024 0.000000 0.000000 0.000000 0.000000 0.000000 0.000000 -95.458138 1.115964 3.114999 -58.339813 14.794829 -1.293120 -4.755127 -18.097462 53.042210 20.071653 -4.365224 -16.388775 -2.043597 0.488173 44.059967 0.000023 0.000016 -4.669294 -0.000126 -0.000032 -3.093861 0.000198 0.000007 -0.002402 30.362104 0.136453 -2.373714 -1.229759 0.011908 0.084594 -1.277917 0.042596 0.043849 -0.000007 0.000077 -0.000013 27.497530 0.071486 -6.579756 -1.377905 -0.007928 0.001750 -1.046427 0.006650 0.002842 0.000995 -0.000050 -0.000108 23.699814 -0.031817 -10.001394 -0.705313 0.020469 0.051222 -0.712639 -0.006585 0.036387 0.000272 0.000014 0.000005 19.709192 -0.125984 -13.006819 -0.472263 0.093352 0.285257 -0.486305 -0.002456 0.151226 -0.001147 -0.000002 -0.000022 0.000000 0.000000 0.000000 0.000000 0.000000 0.000000 -17.371258 -0.556603 14.381584 -0.487854 -1.229736 21.376242 8.088304 -10.061147 12.944239 -1.164014 -1.453329 -26.716616 0.000000 0.000000 0.000000 0.000000 0.000000 0.000000 0.000000 0.000000 0.000000 -5.671779 10.328563 17.483566 0.046947 0.312922 15.243957 7.549689 13.311980 12.473494 -0.263291 0.729083 -27.378958 0.000000 0.000000 0.000000 0.000000 0.000000 0.000000 0.000000 0.000000 0.000000 
22.498810 85.686691 11.894055 3.951123 -5.647333 -18.351648 -2.992946 0.740392 7.424404 2.940669 -0.452197 1.392828 -6.210234 3.203533 19.242041 -0.027111 -0.275598 1.249828 7.405860 2.340267 8.368572 -1.811397 1.959080 -8.927635 0.945508 3.259699 -24.541117 0.000000 0.000000 0.000000 99.853035 -1.119783 4.310282 64.465408 -10.990973 4.472079 2.418312 26.155401 32.208118 -17.928806 17.061613 -8.565891 3.445570 -0.717881 43.387802 0.000012 0.000036 -8.197097 0.000023 0.000046 -5.633528 0.000013 0.000015 -0.000037 -24.887280 0.194231 2.064055 0.706128 0.012839 0.061141 0.470393 0.040256 0.065351 -0.000011 0.000002 -0.000000 -23.909805 0.084664 -2.606637 0.616195 -0.005766 0.043901 0.590832 0.010095 0.045173 0.000006 0.000128 0.000001 -22.868820 -0.084382 -8.943520 0.417488 0.037723 -0.157044 0.452944 0.002302 -0.120212 -0.000001 -0.002141 0.000032 -19.293020 -0.205299 -15.629336 0.081600 0.126182 -0.668819 0.282889 0.036453 -0.552473 -0.000395 -0.000015 -0.000024 0.000000 0.000000 0.000000 0.000000 0.000000 0.000000 -95.431503 1.107909 3.155746 -58.302143 14.699495 -1.270360 -4.775510 -18.128281 52.942116 20.081692 -4.463572 -16.419317 -2.044628 0.489969 44.057358 0.000023 0.000015 -4.673447 -0.000124 -0.000032 -3.100334 0.000195 0.000007 -0.002450 30.297798 0.138524 -2.386426 -1.232181 0.012912 0.088010 -1.283667 0.043495 0.046932 -0.000007 0.000093 -0.000013 27.432787 0.072136 -6.591545 -1.380524 -0.007549 0.003153 -1.049665 0.006891 0.003806 0.000980 -0.000050 -0.000108 23.621311 -0.032484 -9.992700 -0.710247 0.020081 0.050389 -0.720767 -0.006779 0.036013 0.000278 0.000014 0.000005 19.624426 -0.127908 -12.986409 -0.478127 0.093132 0.285196 -0.491158 -0.002929 0.150968 -0.001167 -0.000002 -0.000023 0.000000 0.000000 0.000000 0.000000 0.000000 0.000000 -17.525284 -0.468553 14.191996 -0.491453 -1.229541 21.556122 8.184483 -10.086572 12.976630 -1.169182 -1.463447 -26.723841 0.000000 0.000000 0.000000 0.000000 0.000000 0.000000 0.000000 0.000000 0.000000 -5.837190 10.338140 17.450201 0.044279 0.301346 15.216942 7.660468 13.325316 12.474917 -0.275612 0.731055 -27.377403 0.000000 0.000000 0.000000 0.000000 0.000000 0.000000 0.000000 0.000000 0.000000 
22.641863 85.671432 11.890347 4.008388 -5.723433 -18.311954 -3.034594 0.744713 7.406483 2.922466 -0.451445 1.393221 -6.244769 3.191041 19.226160 -0.024167 -0.287961 1.237191 7.398300 2.388666 8.383451 -1.805470 2.015874 -8.916900 0.941359 3.267318 -24.512539 0.000000 0.000000 0.000000 99.857780 -1.115506 4.345336 64.492500 -10.924412 4.505388 2.420478 26.198563 32.161976 -17.889936 17.118979 -8.546324 3.460297 -0.720733 43.380905 0.000012 0.000036 -8.232475 0.000023 0.000046 -5.660754 0.000013 0.000015 -0.000037 -24.807894 0.195117 2.069982 0.690861 0.014105 0.057491 0.455897 0.041743 0.060882 -0.000011 0.000002 -0.000000 -23.828753 0.085373 -2.599747 0.606748 -0.005208 0.042330 0.580210 0.010476 0.043823 0.000006 0.000130 0.000002 -22.790342 -0.084969 -8.927487 0.412794 0.036613 -0.155252 0.448460 0.001479 -0.118955 -0.000001 -0.002134 0.000032 -19.222275 -0.207274 -15.604461 0.081125 0.123598 -0.664070 0.278501 0.033988 -0.549404 -0.000399 -0.000015 -0.000024 0.000000 0.000000 0.000000 0.000000 0.000000 0.000000 -95.408485 1.100987 3.194062 -58.263683 14.600420 -1.241252 -4.794714 -18.157173 52.836987 20.085762 -4.577691 -16.450552 -2.042316 0.491223 44.056057 0.000022 0.000015 -4.669958 -0.000122 -0.000033 -3.101501 0.000191 0.000007 -0.002496 30.249104 0.140588 -2.393164 -1.231757 0.014054 0.091820 -1.286714 0.044535 0.050321 -0.000006 0.000105 -0.000012 27.384468 0.072808 -6.598143 -1.380840 -0.007114 0.004731 -1.051076 0.007192 0.004909 0.000963 -0.000050 -0.000109 23.558620 -0.033148 -9.983553 -0.713956 0.019586 0.049335 -0.727419 -0.007041 0.035488 0.000286 0.000014 0.000005 19.553951 -0.129741 -12.969031 -0.483942 0.092649 0.284276 -0.496319 -0.003649 0.150047 -0.001187 -0.000002 -0.000023 0.000000 0.000000 0.000000 0.000000 0.000000 0.000000 -17.671686 -0.385229 14.008279 -0.494900 -1.229408 21.727304 8.275262 -10.111383 13.007628 -1.174203 -1.473044 -26.729427 0.000000 0.000000 0.000000 0.000000 0.000000 0.000000 0.000000 0.000000 0.000000 -5.994489 10.348402 17.418509 0.041764 0.290597 15.188658 7.765566 13.339182 12.474869 -0.287348 0.732683 -27.375755 0.000000 0.000000 0.000000 0.000000 0.000000 0.000000 0.000000 0.000000 0.000000 
22.780882 85.656693 11.886799 4.062854 -5.802847 -18.273869 -3.072158 0.748435 7.390187 2.905063 -0.451052 1.392236 -6.277218 3.178881 19.212049 -0.022696 -0.299558 1.225924 7.381808 2.438680 8.398527 -1.801002 2.071630 -8.907295 0.936917 3.274290 -24.486418 0.000000 0.000000 0.000000 99.862862 -1.111263 4.380787 64.517052 -10.871975 4.547516 2.423217 26.245123 32.107643 -17.855139 17.172169 -8.547117 3.469829 -0.722492 43.376575 0.000012 0.000036 -8.254614 0.000023 0.000046 -5.678706 0.000013 0.000015 -0.000037 -24.753275 0.196118 2.081247 0.678113 0.015495 0.053663 0.443591 0.043328 0.056292 -0.000011 0.000003 -0.000000 -23.775345 0.086138 -2.590290 0.599279 -0.004582 0.040668 0.571658 0.010896 0.042365 0.000006 0.000132 0.000002 -22.738266 -0.085542 -8.913449 0.410047 0.035419 -0.153206 0.445662 0.000574 -0.117538 -0.000001 -0.002129 0.000032 -19.171459 -0.209131 -15.584276 0.082170 0.120651 -0.658537 0.275816 0.031194 -0.545697 -0.000402 -0.000015 -0.000023 0.000000 0.000000 0.000000 0.000000 0.000000 0.000000 -95.389648 1.095271 3.229044 -58.224915 14.497228 -1.206587 -4.812834 -18.184006 52.727974 20.087490 -4.704401 -16.480721 -2.037050 0.491980 44.055950 0.000022 0.000015 -4.659762 -0.000120 -0.000033 -3.097896 0.000185 0.000006 -0.002538 30.215605 0.142623 -2.394004 -1.229005 0.015279 0.095858 -1.287527 0.045660 0.053891 -0.000006 0.000112 -0.000012 27.351679 0.073495 -6.599616 -1.379158 -0.006646 0.006413 -1.050848 0.007533 0.006099 0.000947 -0.000050 -0.000109 23.510771 -0.033813 -9.974007 -0.716500 0.019023 0.048138 -0.732624 -0.007348 0.034867 0.000296 0.000014 0.000005 19.496874 -0.131517 -12.954767 -0.489690 0.091974 0.282707 -0.501621 -0.004549 0.148638 -0.001208 -0.000002 -0.000023 0.000000 0.000000 0.000000 0.000000 0.000000 0.000000 -17.811644 -0.306321 13.830932 -0.498185 -1.229353 21.888908 8.361493 -10.133054 13.035806 -1.179074 -1.482069 -26.733017 0.000000 0.000000 0.000000 0.000000 0.000000 0.000000 0.000000 0.000000 0.000000 -6.145097 10.360135 17.388557 0.039408 0.280752 15.159163 7.864820 13.354630 12.473377 -0.298563 0.733778 -27.374174 0.000000 0.000000 0.000000 0.000000 0.000000 0.000000 0.000000 0.000000 0.000000 
22.916344 85.642151 11.883802 4.115473 -5.884439 -18.238438 -3.105647 0.751834 7.376121 2.888822 -0.450621 1.390009 -6.308316 3.169506 19.199385 -0.024047 -0.309626 1.215091 7.359045 2.487835 8.414651 -1.797740 2.124868 -8.898723 0.932842 3.280841 -24.463083 0.000000 0.000000 0.000000 99.866173 -1.106732 4.418590 64.546608 -10.829066 4.596652 2.427199 26.296547 32.045742 -17.829409 17.229086 -8.573264 3.473412 -0.722969 43.375195 0.000012 0.000036 -8.261322 0.000023 0.000046 -5.685901 0.000012 0.000015 -0.000038 -24.728052 0.197295 2.101120 0.667979 0.016911 0.050037 0.433569 0.044921 0.051989 -0.000011 0.000003 -0.000000 -23.753687 0.086969 -2.576330 0.594029 -0.003935 0.039069 0.565622 0.011325 0.040921 0.000005 0.000133 0.000002 -22.714472 -0.086087 -8.901079 0.410242 0.034221 -0.151048 0.445301 -0.000359 -0.116056 -0.000001 -0.002128 0.000032 -19.140240 -0.210809 -15.570628 0.086548 0.117525 -0.652327 0.276711 0.028186 -0.541409 -0.000403 -0.000015 -0.000023 0.000000 0.000000 0.000000 0.000000 0.000000 0.000000 -95.375854 1.090796 3.260399 -58.185272 14.387096 -1.165003 -4.830082 -18.207697 52.615631 20.088005 -4.845242 -16.513165 -2.028524 0.492253 44.057178 0.000022 0.000015 -4.642112 -0.000118 -0.000033 -3.088820 0.000180 0.000006 -0.002574 30.199358 0.144636 -2.388566 -1.223841 0.016575 0.100111 -1.286061 0.046846 0.057636 -0.000006 0.000116 -0.000012 27.335686 0.074211 -6.596199 -1.375712 -0.006153 0.008189 -1.049055 0.007911 0.007366 0.000930 -0.000051 -0.000109 23.478666 -0.034460 -9.965939 -0.717876 0.018408 0.046807 -0.736403 -0.007702 0.034138 0.000310 0.000014 0.000005 19.454473 -0.133153 -12.946668 -0.495311 0.091117 0.280265 -0.506902 -0.005616 0.146646 -0.001229 -0.000002 -0.000023 0.000000 0.000000 0.000000 0.000000 0.000000 0.000000 -17.946262 -0.232340 13.661176 -0.501337 -1.229531 22.040382 8.444483 -10.149668 13.059893 -1.183907 -1.490289 -26.735445 0.000000 0.000000 0.000000 0.000000 0.000000 0.000000 0.000000 0.000000 0.000000 -6.290802 10.372373 17.359949 0.037216 0.271919 15.130707 7.958279 13.370997 12.468790 -0.309476 0.734123 -27.372868 0.000000 0.000000 0.000000 0.000000 0.000000 0.000000 0.000000 0.000000 0.000000 
23.048445 85.627815 11.881399 4.166955 -5.967769 -18.205290 -3.135365 0.754844 7.364042 2.874039 -0.450147 1.387057 -6.338338 3.163369 19.186962 -0.028209 -0.317826 1.204123 7.331348 2.534013 8.431788 -1.795872 2.173566 -8.891085 0.929530 3.287154 -24.442730 0.000000 0.000000 0.000000 99.866707 -1.102077 4.456766 64.586296 -10.792880 4.649617 2.432338 26.353207 31.978186 -17.816442 17.290707 -8.621136 3.471417 -0.722243 43.376621 0.000012 0.000036 -8.253290 0.000023 0.000046 -5.682911 0.000012 0.000015 -0.000038 -24.729946 0.198600 2.131941 0.660731 0.018269 0.046903 0.426382 0.046423 0.048272 -0.000011 0.000003 -0.000000 -23.761086 0.087835 -2.555311 0.591259 -0.003306 0.037670 0.562240 0.011734 0.039612 0.000005 0.000134 0.000003 -22.717224 -0.086594 -8.888061 0.413228 0.033096 -0.149012 0.447298 -0.001251 -0.114672 -0.000001 -0.002133 0.000032 -19.127295 -0.212242 -15.561583 0.094010 0.114458 -0.646259 0.280897 0.025168 -0.537190 -0.000404 -0.000015 -0.000023 0.000000 0.000000 0.000000 0.000000 0.000000 0.000000 -95.366714 1.087072 3.287389 -58.148075 14.272115 -1.120010 -4.846422 -18.230902 52.499203 20.088888 -4.996375 -16.547998 -2.017531 0.492127 44.059490 0.000022 0.000015 -4.618828 -0.000117 -0.000033 -3.075330 0.000176 0.000006 -0.002601 30.200041 0.146605 -2.376723 -1.216973 0.017914 0.104424 -1.282960 0.048062 0.061456 -0.000006 0.000116 -0.000011 27.334848 0.074943 -6.587692 -1.371259 -0.005640 0.009974 -1.046205 0.008309 0.008646 0.000915 -0.000051 -0.000110 23.459719 -0.035058 -9.959013 -0.718498 0.017775 0.045452 -0.739034 -0.008080 0.033364 0.000327 0.000014 0.000005 19.423784 -0.134561 -12.944108 -0.501101 0.090162 0.277381 -0.512120 -0.006763 0.144360 -0.001250 -0.000002 -0.000024 0.000000 0.000000 0.000000 0.000000 0.000000 0.000000 -18.075897 -0.161540 13.498759 -0.504348 -1.229931 22.183086 8.524388 -10.161081 13.078663 -1.188747 -1.497813 -26.737148 0.000000 0.000000 0.000000 0.000000 0.000000 0.000000 0.000000 0.000000 0.000000 -6.432279 10.385324 17.331543 0.035174 0.264134 15.104403 8.045823 13.388186 12.460530 -0.320085 0.733788 -27.371340 0.000000 0.000000 0.000000 0.000000 0.000000 0.000000 0.000000 0.000000 0.000000 
23.177204 85.613724 11.879701 4.217962 -6.052837 -18.173702 -3.162018 0.757476 7.353159 2.860360 -0.449548 1.383472 -6.367112 3.159880 19.174185 -0.034371 -0.324122 1.193585 7.300152 2.576077 8.449686 -1.795399 2.217324 -8.884168 0.927191 3.293389 -24.425669 0.000000 0.000000 0.000000 99.864441 -1.097755 4.492844 64.636856 -10.761544 4.702692 2.438322 26.414803 31.908480 -17.819176 17.352133 -8.679577 3.465310 -0.720511 43.380272 0.000012 0.000037 -8.233986 0.000023 0.000046 -5.672219 0.000012 0.000015 -0.000038 -24.754570 0.200002 2.172836 0.657250 0.019580 0.044323 0.423252 0.047822 0.045210 -0.000011 0.000004 -0.000000 -23.792547 0.088701 -2.527044 0.591712 -0.002706 0.036521 0.562166 0.012116 0.038504 0.000005 0.000135 0.000003 -22.743326 -0.087064 -8.872996 0.419246 0.032062 -0.147236 0.452016 -0.002073 -0.113484 -0.000001 -0.002143 0.000032 -19.130909 -0.213451 -15.554626 0.104457 0.111541 -0.640952 0.288102 0.022233 -0.533516 -0.000404 -0.000015 -0.000023 0.000000 0.000000 0.000000 0.000000 0.000000 0.000000 -95.361198 1.083786 3.309788 -58.114887 14.157905 -1.075493 -4.862423 -18.257072 52.379230 20.089945 -5.147523 -16.578707 -2.005330 0.491659 44.062580 0.000022 0.000015 -4.592372 -0.000115 -0.000033 -3.059246 0.000173 0.000006 -0.002619 30.214806 0.148497 -2.360068 -1.210097 0.019279 0.108623 -1.279800 0.049290 0.065206 -0.000005 0.000116 -0.000011 27.346001 0.075675 -6.575210 -1.367132 -0.005117 0.011672 -1.043362 0.008707 0.009862 0.000906 -0.000051 -0.000110 23.451267 -0.035603 -9.953032 -0.719225 0.017150 0.044210 -0.741346 -0.008464 0.032641 0.000347 0.000014 0.000005 19.402174 -0.135761 -12.945437 -0.507664 0.089172 0.274631 -0.517621 -0.007921 0.142186 -0.001270 -0.000002 -0.000024 0.000000 0.000000 0.000000 0.000000 0.000000 0.000000 -18.201174 -0.092391 13.342520 -0.507213 -1.230544 22.317614 8.601025 -10.167342 13.092142 -1.193584 -1.504825 -26.737839 0.000000 0.000000 0.000000 0.000000 0.000000 0.000000 0.000000 0.000000 0.000000 -6.570400 10.399734 17.303064 0.033261 0.257256 15.078812 8.128208 13.406894 12.449869 -0.330388 0.732936 -27.369272 0.000000 0.000000 0.000000 0.000000 0.000000 0.000000 0.000000 0.000000 0.000000 
23.302925 85.599747 11.879302 4.269376 -6.138750 -18.144060 -3.186303 0.759863 7.342951 2.847012 -0.448544 1.378157 -6.394331 3.158705 19.161051 -0.042724 -0.328641 1.183881 7.266888 2.613431 8.468203 -1.796134 2.256944 -8.877988 0.926171 3.299894 -24.412148 0.000000 0.000000 0.000000 99.858482 -1.093993 4.527125 64.699951 -10.733730 4.754158 2.445097 26.479931 31.842224 -17.839508 17.408329 -8.742239 3.455866 -0.717849 43.385857 0.000012 0.000037 -8.205333 0.000023 0.000046 -5.655064 0.000012 0.000016 -0.000038 -24.800171 0.201541 2.222082 0.657590 0.020864 0.042302 0.424382 0.049138 0.042826 -0.000011 0.000004 0.000000 -23.845463 0.089557 -2.493195 0.595621 -0.002135 0.035633 0.565782 0.012477 0.037619 0.000005 0.000135 0.000003 -22.790079 -0.087503 -8.856986 0.428984 0.031123 -0.145730 0.460069 -0.002823 -0.112496 -0.000001 -0.002157 0.000032 -19.148600 -0.214485 -15.550902 0.118786 0.108790 -0.636356 0.299093 0.019370 -0.530277 -0.000403 -0.000016 -0.000023 0.000000 0.000000 0.000000 0.000000 0.000000 0.000000 -95.358238 1.080913 3.328711 -58.083893 14.048667 -1.030493 -4.878938 -18.288267 52.254173 20.087330 -5.290158 -16.600859 -1.992537 0.490879 44.066284 0.000022 0.000015 -4.563628 -0.000114 -0.000034 -3.041435 0.000170 0.000006 -0.002627 30.241180 0.150322 -2.340925 -1.204888 0.020692 0.112748 -1.278263 0.050548 0.068889 -0.000005 0.000116 -0.000011 27.366879 0.076405 -6.560786 -1.364911 -0.004583 0.013285 -1.041850 0.009106 0.011004 0.000903 -0.000051 -0.000110 23.452301 -0.036092 -9.949323 -0.721131 0.016545 0.043124 -0.744510 -0.008855 0.031979 0.000371 0.000014 0.000005 19.389111 -0.136830 -12.951109 -0.515513 0.088173 0.272097 -0.523906 -0.009086 0.140230 -0.001291 -0.000002 -0.000024 0.000000 0.000000 0.000000 0.000000 0.000000 0.000000 -18.323469 -0.024926 13.192329 -0.509974 -1.231523 22.443394 8.675277 -10.168846 13.100760 -1.198577 -1.511324 -26.737659 0.000000 0.000000 0.000000 0.000000 0.000000 0.000000 0.000000 0.000000 0.000000 -6.706961 10.415568 17.275694 0.031470 0.251154 15.051364 8.206544 13.426702 12.437815 -0.340527 0.731580 -27.366825 0.000000 0.000000 0.000000 0.000000 0.000000 0.000000 0.000000 0.000000 0.000000 
23.425938 85.585884 11.880709 4.321713 -6.224631 -18.116592 -3.208978 0.761837 7.332816 2.833921 -0.447334 1.370451 -6.419735 3.158582 19.146820 -0.052532 -0.332085 1.175161 7.231313 2.646099 8.486765 -1.798341 2.292628 -8.872758 0.926579 3.306971 -24.402822 0.000000 0.000000 0.000000 99.848213 -1.091082 4.558533 64.775696 -10.708601 4.805422 2.451890 26.545540 31.785831 -17.881449 17.450615 -8.804743 3.443262 -0.714302 43.393284 0.000012 0.000037 -8.167806 0.000023 0.000047 -5.631680 0.000012 0.000016 -0.000038 -24.865826 0.203188 2.278147 0.660843 0.022147 0.040783 0.428991 0.050389 0.041073 -0.000011 0.000004 0.000000 -23.918013 0.090375 -2.455113 0.602312 -0.001588 0.034984 0.572317 0.012830 0.036943 0.000004 0.000135 0.000003 -22.856283 -0.087905 -8.840715 0.441844 0.030283 -0.144484 0.470899 -0.003506 -0.111693 -0.000001 -0.002175 0.000032 -19.179745 -0.215360 -15.550868 0.136347 0.106246 -0.632498 0.313126 0.016585 -0.527442 -0.000401 -0.000016 -0.000023 0.000000 0.000000 0.000000 0.000000 0.000000 0.000000 -95.355789 1.078106 3.345698 -58.056210 13.944825 -0.985503 -4.895996 -18.326609 52.120979 20.078629 -5.416268 -16.613317 -1.979894 0.489837 44.070362 0.000022 0.000014 -4.534235 -0.000114 -0.000034 -3.023129 0.000167 0.000006 -0.002622 30.277130 0.152083 -2.320821 -1.203162 0.022183 0.116886 -1.280274 0.051861 0.072580 -0.000005 0.000117 -0.000011 27.395336 0.077131 -6.545617 -1.366405 -0.004033 0.014838 -1.043377 0.009512 0.012099 0.000910 -0.000051 -0.000110 23.460974 -0.036530 -9.948217 -0.725748 0.015963 0.042199 -0.750099 -0.009256 0.031365 0.000400 0.000015 0.000005 19.382524 -0.137780 -12.960783 -0.525740 0.087208 0.269932 -0.531977 -0.010240 0.138582 -0.001310 -0.000002 -0.000024 0.000000 0.000000 0.000000 0.000000 0.000000 0.000000 -18.443766 0.041757 13.048654 -0.512637 -1.232938 22.560663 8.748127 -10.167536 13.104137 -1.203970 -1.517492 -26.736713 0.000000 0.000000 0.000000 0.000000 0.000000 0.000000 0.000000 0.000000 0.000000 -6.843699 10.432473 17.250662 0.029795 0.245757 15.018867 8.281976 13.447011 12.425223 -0.350612 0.729743 -27.363964 0.000000 0.000000 0.000000 0.000000 0.000000 0.000000 0.000000 0.000000 0.000000 
23.546757 85.572044 11.884206 4.375318 -6.309548 -18.091654 -3.230507 0.763133 7.322299 2.821796 -0.446301 1.360800 -6.443644 3.157875 19.129629 -0.062137 -0.335341 1.168046 7.192086 2.675373 8.503928 -1.802141 2.324992 -8.868659 0.928112 3.314569 -24.398159 0.000000 0.000000 0.000000 99.832848 -1.089181 4.586693 64.861992 -10.686529 4.859650 2.457455 26.608473 31.743528 -17.950531 17.471399 -8.864244 3.427217 -0.709819 43.402687 0.000012 0.000037 -8.120524 0.000023 0.000047 -5.601428 0.000012 0.000016 -0.000038 -24.954546 0.204850 2.339193 0.665376 0.023481 0.039584 0.435476 0.051628 0.039773 -0.000011 0.000004 0.000000 -24.012716 0.091112 -2.414022 0.610231 -0.001042 0.034492 0.579977 0.013192 0.036403 0.000004 0.000135 0.000003 -22.945810 -0.088244 -8.824181 0.456307 0.029516 -0.143383 0.483144 -0.004147 -0.110993 -0.000001 -0.002193 0.000032 -19.229330 -0.216068 -15.553450 0.155594 0.103864 -0.629115 0.328603 0.013830 -0.524799 -0.000397 -0.000016 -0.000024 0.000000 0.000000 0.000000 0.000000 0.000000 0.000000 -95.350670 1.074906 3.362813 -58.036751 13.840944 -0.942690 -4.912831 -18.372910 51.976383 20.069775 -5.520862 -16.613605 -1.967982 0.488518 44.074638 0.000022 0.000014 -4.505830 -0.000114 -0.000034 -3.005438 0.000163 0.000005 -0.002600 30.320734 0.153745 -2.300673 -1.206636 0.023793 0.121190 -1.287860 0.053276 0.076388 -0.000005 0.000119 -0.000010 27.430021 0.077823 -6.530023 -1.373283 -0.003458 0.016401 -1.049736 0.009939 0.013215 0.000931 -0.000051 -0.000111 23.476540 -0.036911 -9.948578 -0.734847 0.015372 0.041357 -0.759952 -0.009685 0.030746 0.000434 0.000015 0.000005 19.381645 -0.138559 -12.972178 -0.539921 0.086218 0.268057 -0.543333 -0.011426 0.137145 -0.001329 -0.000002 -0.000025 0.000000 0.000000 0.000000 0.000000 0.000000 0.000000 -18.563646 0.107859 12.911437 -0.515183 -1.234706 22.670401 8.820475 -10.165481 13.102372 -1.210007 -1.523730 -26.734840 0.000000 0.000000 0.000000 0.000000 0.000000 0.000000 0.000000 0.000000 0.000000 -6.982937 10.449800 17.229298 0.028205 0.240902 14.978416 8.356513 13.468294 12.413410 -0.360877 0.727489 -27.360929 0.000000 0.000000 0.000000 0.000000 0.000000 0.000000 0.000000 0.000000 0.000000 
23.665846 85.558151 11.889810 4.430295 -6.391999 -18.070101 -3.250729 0.763707 7.311056 2.811494 -0.445629 1.351245 -6.466874 3.155176 19.106453 -0.069831 -0.339076 1.163350 7.148280 2.702534 8.518400 -1.807252 2.354273 -8.865736 0.930421 3.322285 -24.398851 0.000000 0.000000 0.000000 99.811699 -1.088229 4.612691 64.955116 -10.668060 4.921687 2.460753 26.667311 31.716455 -18.051777 17.466011 -8.923112 3.407041 -0.704378 43.414391 0.000012 0.000037 -8.061584 0.000023 0.000047 -5.562875 0.000012 0.000016 -0.000038 -25.070332 0.206416 2.401722 0.668514 0.024834 0.038580 0.441145 0.052832 0.038767 -0.000011 0.000005 0.000000 -24.133184 0.091726 -2.372522 0.616615 -0.000497 0.034079 0.585778 0.013560 0.035917 0.000004 0.000134 0.000004 -23.063068 -0.088475 -8.808331 0.470112 0.028839 -0.142281 0.494657 -0.004757 -0.110282 -0.000002 -0.002207 0.000032 -19.303514 -0.216611 -15.557947 0.174392 0.101708 -0.625740 0.343357 0.011148 -0.522020 -0.000391 -0.000016 -0.000024 0.000000 0.000000 0.000000 0.000000 0.000000 0.000000 -95.340118 1.071050 3.382003 -58.029556 13.727292 -0.900413 -4.928185 -18.425797 51.815456 20.072968 -5.602539 -16.603708 -1.956956 0.486916 44.078991 0.000022 0.000014 -4.479558 -0.000115 -0.000034 -2.988869 0.000158 0.000006 -0.002560 30.368492 0.155253 -2.283179 -1.216730 0.025511 0.125786 -1.302824 0.054791 0.080403 -0.000005 0.000121 -0.000010 27.469070 0.078440 -6.515729 -1.386658 -0.002866 0.018046 -1.062383 0.010387 0.014429 0.000969 -0.000052 -0.000113 23.498178 -0.037222 -9.950132 -0.749710 0.014764 0.040486 -0.775440 -0.010145 0.030051 0.000473 0.000015 0.000005 19.386232 -0.139111 -12.983229 -0.559147 0.085189 0.266215 -0.558939 -0.012649 0.135681 -0.001347 -0.000002 -0.000025 0.000000 0.000000 0.000000 0.000000 0.000000 0.000000 -18.684692 0.171965 12.780286 -0.517535 -1.236472 22.774668 8.892751 -10.165117 13.096956 -1.216746 -1.530708 -26.732271 0.000000 0.000000 0.000000 0.000000 0.000000 0.000000 0.000000 0.000000 0.000000 -7.127250 10.466558 17.212845 0.026658 0.236360 14.928568 8.433285 13.491342 12.404436 -0.371648 0.725065 -27.358315 0.000000 0.000000 0.000000 0.000000 0.000000 0.000000 0.000000 0.000000 0.000000 
23.783173 85.544151 11.897079 4.485820 -6.470610 -18.051825 -3.268874 0.763716 7.298775 2.802668 -0.445082 1.344289 -6.489156 3.149381 19.075087 -0.074111 -0.343493 1.161824 7.102676 2.725792 8.527853 -1.812956 2.378676 -8.864511 0.933488 3.329343 -24.405102 0.000000 0.000000 0.000000 99.786766 -1.088313 4.636545 65.048195 -10.653612 4.993076 2.461395 26.725372 31.703377 -18.181826 17.428289 -8.982358 3.382091 -0.698032 43.428589 0.000011 0.000037 -7.989326 0.000023 0.000047 -5.514841 0.000012 0.000016 -0.000038 -25.214949 0.207802 2.461709 0.668794 0.026119 0.037746 0.444492 0.053933 0.037986 -0.000011 0.000005 0.000000 -24.281717 0.092193 -2.333493 0.619604 0.000025 0.033705 0.587774 0.013910 0.035452 0.000004 0.000132 0.000004 -23.212006 -0.088580 -8.794168 0.481459 0.028306 -0.141125 0.503773 -0.005322 -0.109525 -0.000002 -0.002213 0.000032 -19.408802 -0.216997 -15.563338 0.190540 0.099951 -0.622293 0.355257 0.008693 -0.519083 -0.000382 -0.000015 -0.000024 0.000000 0.000000 0.000000 0.000000 0.000000 0.000000 -95.324181 1.066716 3.403043 -58.035835 13.602145 -0.856764 -4.940876 -18.483929 51.640129 20.101479 -5.652325 -16.586048 -1.946344 0.485014 44.083530 0.000022 0.000014 -4.455018 -0.000115 -0.000035 -2.972751 0.000151 0.000006 -0.002504 30.417330 0.156527 -2.270985 -1.233118 0.027258 0.130650 -1.324889 0.056342 0.084599 -0.000005 0.000121 -0.000010 27.511930 0.078940 -6.504680 -1.405354 -0.002288 0.019778 -1.080635 0.010838 0.015751 0.001025 -0.000052 -0.000115 23.528151 -0.037461 -9.953353 -0.768715 0.014164 0.039517 -0.795015 -0.010612 0.029252 0.000517 0.000015 0.000005 19.400774 -0.139430 -12.992550 -0.581435 0.084171 0.264262 -0.576755 -0.013856 0.134009 -0.001366 -0.000002 -0.000025 0.000000 0.000000 0.000000 0.000000 0.000000 0.000000 -18.806376 0.232679 12.653942 -0.519589 -1.237728 22.876024 8.964033 -10.168431 13.089915 -1.223881 -1.539036 -26.728809 0.000000 0.000000 0.000000 0.000000 0.000000 0.000000 0.000000 0.000000 0.000000 -7.277229 10.481533 17.201395 0.025126 0.231967 14.869390 8.514605 13.515924 12.399875 -0.382971 0.722811 -27.356251 0.000000 0.000000 0.000000 0.000000 0.000000 0.000000 0.000000 0.000000 0.000000 
23.898199 85.529961 11.905558 4.540695 -6.543770 -18.036079 -3.284085 0.763564 7.285769 2.793091 -0.443983 1.340245 -6.508785 3.139632 19.036167 -0.074968 -0.348491 1.163096 7.061061 2.740008 8.530855 -1.818173 2.394692 -8.865343 0.938073 3.334989 -24.416298 0.000000 0.000000 0.000000 99.761101 -1.089361 4.658031 65.135689 -10.643653 5.071219 2.460423 26.789358 31.701382 -18.331808 17.353611 -9.041137 3.351878 -0.690880 43.445290 0.000011 0.000037 -7.903036 0.000023 0.000048 -5.456829 0.000012 0.000017 -0.000038 -25.385878 0.209031 2.515169 0.666209 0.027211 0.037269 0.445445 0.054824 0.037559 -0.000011 0.000005 0.000000 -24.457344 0.092535 -2.299791 0.618820 0.000483 0.033396 0.585815 0.014210 0.035044 0.000003 0.000129 0.000004 -23.392981 -0.088584 -8.782394 0.489992 0.027973 -0.139954 0.510201 -0.005818 -0.108757 -0.000002 -0.002211 0.000032 -19.547920 -0.217266 -15.568220 0.203265 0.098748 -0.618863 0.363586 0.006603 -0.516100 -0.000373 -0.000015 -0.000024 0.000000 0.000000 0.000000 0.000000 0.000000 0.000000 -95.306404 1.062628 3.424471 -58.052013 13.476468 -0.809605 -4.950312 -18.545732 51.456844 20.165230 -5.651660 -16.560560 -1.935460 0.482839 44.088444 0.000022 0.000014 -4.430788 -0.000116 -0.000035 -2.955949 0.000139 0.000005 -0.002439 30.463820 0.157548 -2.267969 -1.253917 0.028937 0.135663 -1.351832 0.057845 0.088833 -0.000005 0.000117 -0.000009 27.557974 0.079322 -6.499867 -1.426472 -0.001754 0.021557 -1.101942 0.011273 0.017122 0.001093 -0.000052 -0.000118 23.570807 -0.037639 -9.959727 -0.787997 0.013625 0.038434 -0.814871 -0.011057 0.028355 0.000561 0.000015 0.000005 19.433613 -0.139624 -12.999448 -0.602180 0.083253 0.262091 -0.592261 -0.014988 0.132046 -0.001386 -0.000002 -0.000025 0.000000 0.000000 0.000000 0.000000 0.000000 0.000000 -18.926455 0.288892 12.530677 -0.521304 -1.238115 22.976212 9.032996 -10.177094 13.083252 -1.230919 -1.548844 -26.724232 0.000000 0.000000 0.000000 0.000000 0.000000 0.000000 0.000000 0.000000 0.000000 -7.430971 10.493918 17.193987 0.023615 0.227686 14.802146 8.600719 13.539813 12.400176 -0.394592 0.720933 -27.354321 0.000000 0.000000 0.000000 0.000000 0.000000 0.000000 0.000000 0.000000 0.000000 
24.010199 85.515511 11.914565 4.593379 -6.609893 -18.021441 -3.296319 0.763635 7.273570 2.781674 -0.442153 1.338521 -6.524855 3.125683 18.991638 -0.072631 -0.354266 1.165403 7.027681 2.741073 8.528247 -1.822440 2.399163 -8.867278 0.944768 3.338896 -24.431324 0.000000 0.000000 0.000000 99.736816 -1.090617 4.676231 65.217400 -10.632837 5.150676 2.458587 26.863962 31.708061 -18.496246 17.241632 -9.093276 3.316744 -0.683165 43.464096 0.000011 0.000036 -7.804139 0.000022 0.000048 -5.389965 0.000012 0.000017 -0.000038 -25.575237 0.210121 2.560674 0.661168 0.028023 0.037379 0.444381 0.055427 0.037662 -0.000011 0.000005 0.000000 -24.653879 0.092779 -2.272259 0.614578 0.000853 0.033199 0.580349 0.014433 0.034757 0.000003 0.000126 0.000004 -23.601393 -0.088524 -8.772797 0.495554 0.027874 -0.138887 0.513847 -0.006219 -0.108061 -0.000002 -0.002203 0.000032 -19.718630 -0.217469 -15.570870 0.212208 0.098163 -0.615743 0.367963 0.004949 -0.513369 -0.000364 -0.000015 -0.000025 0.000000 0.000000 0.000000 0.000000 0.000000 0.000000 -95.289467 1.058596 3.445720 -58.077751 13.360325 -0.760124 -4.955974 -18.609594 51.272972 20.263275 -5.588749 -16.525082 -1.924324 0.480540 44.093529 0.000021 0.000014 -4.406871 -0.000118 -0.000035 -2.938510 0.000119 0.000005 -0.002375 30.504440 0.158340 -2.276437 -1.276153 0.030464 0.140499 -1.380257 0.059228 0.092815 -0.000006 0.000111 -0.000009 27.604822 0.079608 -6.503337 -1.446859 -0.001284 0.023260 -1.123276 0.011670 0.018415 0.001168 -0.000052 -0.000122 23.626890 -0.037778 -9.970610 -0.804338 0.013187 0.037304 -0.831783 -0.011453 0.027430 0.000605 0.000015 0.000005 19.488129 -0.139760 -13.004542 -0.618358 0.082501 0.259858 -0.602527 -0.015993 0.129965 -0.001407 -0.000002 -0.000025 0.000000 0.000000 0.000000 0.000000 0.000000 0.000000 -19.041691 0.340423 12.408904 -0.522666 -1.237416 23.076601 9.097881 -10.191960 13.078349 -1.237401 -1.559917 -26.718470 0.000000 0.000000 0.000000 0.000000 0.000000 0.000000 0.000000 0.000000 0.000000 -7.584273 10.503892 17.187731 0.022141 0.223608 14.730547 8.690084 13.560406 12.404423 -0.406056 0.719478 -27.351566 0.000000 0.000000 0.000000 0.000000 0.000000 0.000000 0.000000 0.000000 0.000000 
24.118484 85.500870 11.923609 4.642598 -6.667163 -18.007473 -3.306217 0.764333 7.263426 2.768316 -0.439661 1.339517 -6.537674 3.108540 18.943279 -0.068332 -0.360864 1.168404 7.003098 2.727711 8.523611 -1.826184 2.390563 -8.868108 0.954313 3.341506 -24.449646 0.000000 0.000000 0.000000 99.714073 -1.091194 4.691732 65.299118 -10.615039 5.226792 2.455896 26.947796 31.726036 -18.676561 17.088177 -9.141343 3.277911 -0.675217 43.484295 0.000011 0.000036 -7.696140 0.000022 0.000048 -5.316683 0.000011 0.000017 -0.000038 -25.772791 0.211099 2.597435 0.653373 0.028554 0.038196 0.441323 0.055733 0.038433 -0.000011 0.000006 0.000001 -24.861485 0.092953 -2.252292 0.606978 0.001118 0.033150 0.571526 0.014572 0.034650 0.000003 0.000123 0.000004 -23.828106 -0.088420 -8.767718 0.497759 0.028014 -0.138113 0.514112 -0.006501 -0.107561 -0.000001 -0.002191 0.000031 -19.912693 -0.217621 -15.574050 0.216848 0.098232 -0.613438 0.367740 0.003767 -0.511293 -0.000356 -0.000015 -0.000025 0.000000 0.000000 0.000000 0.000000 0.000000 0.000000 -95.273201 1.054293 3.466666 -58.113262 13.256417 -0.707865 -4.957608 -18.671822 51.092945 20.385315 -5.467146 -16.486874 -1.913428 0.478301 44.098480 0.000021 0.000014 -4.383994 -0.000119 -0.000035 -2.921354 0.000092 0.000005 -0.002321 30.536585 0.158985 -2.296114 -1.298261 0.031825 0.145014 -1.408016 0.060478 0.096430 -0.000006 0.000104 -0.000009 27.649168 0.079827 -6.515945 -1.465352 -0.000878 0.024828 -1.143249 0.012022 0.019566 0.001246 -0.000053 -0.000127 23.693554 -0.037866 -9.988386 -0.816809 0.012867 0.036166 -0.844896 -0.011796 0.026501 0.000647 0.000015 0.000005 19.562340 -0.139836 -13.011849 -0.629273 0.081908 0.257509 -0.606846 -0.016868 0.127820 -0.001430 -0.000001 -0.000026 0.000000 0.000000 0.000000 0.000000 0.000000 0.000000 -19.150051 0.386280 12.288053 -0.523707 -1.235496 23.178699 9.157651 -10.214280 13.077851 -1.242911 -1.572018 -26.712910 0.000000 0.000000 0.000000 0.000000 0.000000 0.000000 0.000000 0.000000 0.000000 -7.733417 10.511915 17.179398 0.020685 0.219645 14.660799 8.782012 13.576112 12.412415 -0.417125 0.718659 -27.347954 0.000000 0.000000 0.000000 0.000000 0.000000 0.000000 0.000000 0.000000 0.000000 
24.222797 85.486191 11.932564 4.688138 -6.714169 -17.993471 -3.315011 0.766028 7.256374 2.753630 -0.436719 1.341544 -6.549186 3.090446 18.893400 -0.063394 -0.368403 1.171386 6.986965 2.700153 8.521986 -1.829972 2.368790 -8.865236 0.967319 3.343296 -24.470823 0.000000 0.000000 0.000000 99.692200 -1.090089 4.705175 65.387146 -10.587372 5.293898 2.452260 27.038431 31.754274 -18.871283 16.902279 -9.184472 3.237580 -0.667317 43.505013 0.000011 0.000036 -7.584517 0.000022 0.000049 -5.240827 0.000011 0.000018 -0.000038 -25.967712 0.212046 2.626062 0.643984 0.028867 0.039767 0.437374 0.055799 0.039953 -0.000011 0.000006 0.000001 -25.070213 0.093082 -2.239743 0.597362 0.001288 0.033313 0.560877 0.014625 0.034787 0.000003 0.000119 0.000005 -24.064083 -0.088295 -8.767882 0.497221 0.028352 -0.137810 0.511414 -0.006656 -0.107386 -0.000001 -0.002179 0.000031 -20.122364 -0.217760 -15.579079 0.217871 0.098840 -0.612427 0.363444 0.003012 -0.510268 -0.000348 -0.000015 -0.000025 0.000000 0.000000 0.000000 0.000000 0.000000 0.000000 -95.256401 1.049037 3.486702 -58.160736 13.169837 -0.658118 -4.955219 -18.730232 50.922546 20.522308 -5.303280 -16.446039 -1.903741 0.476305 44.102764 0.000022 0.000014 -4.364232 -0.000121 -0.000035 -2.906481 0.000060 0.000005 -0.002279 30.556974 0.159562 -2.323647 -1.319080 0.033033 0.148953 -1.433583 0.061610 0.099426 -0.000006 0.000097 -0.000008 27.687168 0.080005 -6.535765 -1.481339 -0.000529 0.026147 -1.160996 0.012322 0.020463 0.001323 -0.000053 -0.000132 23.768213 -0.037907 -10.012526 -0.824671 0.012652 0.035183 -0.853593 -0.012086 0.025708 0.000686 0.000016 0.000004 19.654749 -0.139880 -13.022380 -0.634291 0.081387 0.255439 -0.605022 -0.017657 0.126077 -0.001453 -0.000001 -0.000026 0.000000 0.000000 0.000000 0.000000 0.000000 0.000000 -19.251238 0.425962 12.167517 -0.524549 -1.232502 23.282431 9.211660 -10.242270 13.083316 -1.247293 -1.584598 -26.708481 0.000000 0.000000 0.000000 0.000000 0.000000 0.000000 0.000000 0.000000 0.000000 -7.876573 10.518284 17.166441 0.019245 0.215778 14.597725 8.875172 13.587072 12.423796 -0.427607 0.718441 -27.344208 0.000000 0.000000 0.000000 0.000000 0.000000 0.000000 0.000000 0.000000 0.000000 
24.322996 85.471893 11.941632 4.730634 -6.750369 -17.978918 -3.323896 0.768823 7.252528 2.738561 -0.433678 1.341956 -6.561847 3.074422 18.844820 -0.058992 -0.376718 1.173454 6.977895 2.660138 8.527510 -1.834323 2.334618 -8.857564 0.983946 3.344556 -24.495073 0.000000 0.000000 0.000000 99.670418 -1.087127 4.715609 65.485565 -10.548457 5.348881 2.447899 27.132624 31.788317 -19.073795 16.697144 -9.223988 3.198647 -0.659836 43.525078 0.000011 0.000035 -7.476317 0.000022 0.000049 -5.167145 0.000011 0.000018 -0.000038 -26.148794 0.213026 2.646582 0.633779 0.028984 0.042137 0.432949 0.055654 0.042276 -0.000011 0.000006 0.000001 -25.268679 0.093180 -2.234662 0.586579 0.001364 0.033763 0.549451 0.014584 0.035222 0.000003 0.000115 0.000005 -24.296951 -0.088156 -8.774119 0.494225 0.028843 -0.138105 0.505911 -0.006664 -0.107641 -0.000001 -0.002170 0.000031 -20.336344 -0.217900 -15.587637 0.215778 0.099885 -0.613041 0.355404 0.002676 -0.510636 -0.000339 -0.000015 -0.000026 0.000000 0.000000 0.000000 0.000000 0.000000 0.000000 -95.237762 1.042117 3.503620 -58.221977 13.105080 -0.619481 -4.949187 -18.783213 50.768551 20.664206 -5.118177 -16.406075 -1.896584 0.474824 44.105656 0.000022 0.000014 -4.351334 -0.000123 -0.000035 -2.896905 0.000029 0.000004 -0.002247 30.560724 0.160115 -2.354789 -1.337396 0.034084 0.152089 -1.455700 0.062618 0.101574 -0.000006 0.000094 -0.000008 27.713161 0.080149 -6.560133 -1.494017 -0.000231 0.027114 -1.175505 0.012557 0.021012 0.001395 -0.000053 -0.000137 23.844967 -0.037912 -10.041910 -0.826559 0.012537 0.034544 -0.856475 -0.012310 0.025213 0.000721 0.000016 0.000004 19.759558 -0.139970 -13.036978 -0.631712 0.080906 0.254270 -0.596091 -0.018344 0.125322 -0.001476 -0.000001 -0.000026 0.000000 0.000000 0.000000 0.000000 0.000000 0.000000 -19.345701 0.460678 12.048460 -0.525314 -1.228748 23.386690 9.259609 -10.273211 13.093886 -1.250616 -1.596985 -26.705549 0.000000 0.000000 0.000000 0.000000 0.000000 0.000000 0.000000 0.000000 0.000000 -8.013424 10.523024 17.148857 0.017824 0.212063 14.542665 8.967650 13.594874 12.437519 -0.437240 0.718588 -27.340689 0.000000 0.000000 0.000000 0.000000 0.000000 0.000000 0.000000 0.000000 0.000000 
24.418949 85.458488 11.951278 4.771152 -6.775987 -17.963694 -3.333720 0.772504 7.251455 2.723924 -0.430841 1.337384 -6.577542 3.062229 18.800453 -0.056619 -0.385528 1.174062 6.972630 2.610450 8.540423 -1.839497 2.289647 -8.846216 1.003828 3.345327 -24.522118 0.000000 0.000000 0.000000 99.647377 -1.082912 4.721632 65.596169 -10.498209 5.390457 2.443483 27.225098 31.822588 -19.273138 16.487135 -9.264527 3.164017 -0.653127 43.543381 0.000011 0.000035 -7.378527 0.000021 0.000049 -5.100151 0.000011 0.000018 -0.000038 -26.307573 0.214032 2.658612 0.623474 0.028925 0.045122 0.428238 0.055349 0.045212 -0.000011 0.000006 0.000001 -25.447983 0.093245 -2.236801 0.575233 0.001355 0.034485 0.538048 0.014447 0.035920 0.000002 0.000112 0.000005 -24.516384 -0.087983 -8.786384 0.488941 0.029427 -0.138954 0.497822 -0.006534 -0.108317 -0.000001 -0.002166 0.000030 -20.545317 -0.217999 -15.600026 0.210870 0.101233 -0.615193 0.343867 0.002737 -0.512403 -0.000331 -0.000014 -0.000026 0.000000 0.000000 0.000000 0.000000 0.000000 0.000000 -95.215240 1.033209 3.514771 -58.298080 13.059201 -0.600723 -4.940309 -18.828074 50.634960 20.803741 -4.932564 -16.376196 -1.893221 0.474116 44.106422 0.000022 0.000014 -4.349183 -0.000125 -0.000035 -2.895617 0.000007 0.000004 -0.002222 30.542818 0.160615 -2.385244 -1.352070 0.035009 0.154549 -1.473455 0.063517 0.102967 -0.000006 0.000095 -0.000008 27.721672 0.080246 -6.585894 -1.502502 0.000034 0.027763 -1.185708 0.012729 0.021258 0.001459 -0.000053 -0.000142 23.917042 -0.037881 -10.074316 -0.821142 0.012486 0.034244 -0.852119 -0.012470 0.025044 0.000752 0.000016 0.000004 19.869715 -0.140123 -13.055058 -0.619769 0.080390 0.254122 -0.578909 -0.018937 0.125674 -0.001496 -0.000001 -0.000026 0.000000 0.000000 0.000000 0.000000 0.000000 0.000000 -19.434797 0.491787 11.933446 -0.526106 -1.224663 23.488684 9.301730 -10.305233 13.107710 -1.253231 -1.608435 -26.704163 0.000000 0.000000 0.000000 0.000000 0.000000 0.000000 0.000000 0.000000 0.000000 -8.144207 10.526251 17.129066 0.016407 0.208429 14.494151 9.057894 13.601114 12.452113 -0.445952 0.718893 -27.337275 0.000000 0.000000 0.000000 0.000000 0.000000 0.000000 0.000000 0.000000 0.000000 
24.510389 85.446480 11.961971 4.809988 -6.792201 -17.948648 -3.344354 0.776469 7.252961 2.710559 -0.428453 1.325965 -6.597407 3.054565 18.761702 -0.057891 -0.394398 1.173261 6.965578 2.554163 8.560588 -1.846031 2.234440 -8.832180 1.026759 3.345786 -24.551819 0.000000 0.000000 0.000000 99.621613 -1.077822 4.722875 65.721573 -10.438054 5.419543 2.439144 27.311836 31.851954 -19.460545 16.288633 -9.311777 3.135151 -0.647280 43.559517 0.000011 0.000034 -7.294238 0.000021 0.000049 -5.041763 0.000011 0.000018 -0.000038 -26.442026 0.214960 2.662600 0.613338 0.028723 0.048507 0.423010 0.054935 0.048537 -0.000011 0.000007 0.000001 -25.606028 0.093250 -2.244341 0.563535 0.001280 0.035419 0.526756 0.014220 0.036807 0.000002 0.000109 0.000005 -24.719837 -0.087741 -8.802466 0.481257 0.030056 -0.140273 0.487108 -0.006281 -0.109381 -0.000000 -0.002165 0.000030 -20.747364 -0.217941 -15.613442 0.203137 0.102759 -0.618743 0.328948 0.003164 -0.515535 -0.000324 -0.000014 -0.000027 0.000000 0.000000 0.000000 0.000000 0.000000 0.000000 -95.186401 1.022553 3.517741 -58.390778 13.020925 -0.606934 -4.929200 -18.861633 50.519852 20.942020 -4.767385 -16.367683 -1.894428 0.474297 44.104607 0.000022 0.000014 -4.360286 -0.000127 -0.000036 -2.904396 -0.000003 0.000004 -0.002203 30.501568 0.160977 -2.412795 -1.361874 0.035875 0.156671 -1.485969 0.064363 0.103886 -0.000006 0.000102 -0.000008 27.710426 0.080273 -6.610407 -1.505864 0.000304 0.028231 -1.190713 0.012863 0.021325 0.001514 -0.000054 -0.000147 23.979870 -0.037788 -10.106403 -0.807746 0.012426 0.034101 -0.839753 -0.012601 0.025095 0.000779 0.000016 0.000004 19.979731 -0.140187 -13.073423 -0.597747 0.079691 0.254642 -0.553126 -0.019508 0.126842 -0.001511 -0.000001 -0.000026 0.000000 0.000000 0.000000 0.000000 0.000000 0.000000 -19.519703 0.520708 11.826607 -0.526997 -1.220644 23.585321 9.338603 -10.337659 13.123350 -1.255675 -1.618235 -26.704306 0.000000 0.000000 0.000000 0.000000 0.000000 0.000000 0.000000 0.000000 0.000000 -8.268424 10.528038 17.110039 0.014969 0.204812 14.451166 9.144525 13.606289 12.464724 -0.453748 0.719160 -27.332907 0.000000 0.000000 0.000000 0.000000 0.000000 0.000000 0.000000 0.000000 0.000000 
24.596979 85.436150 11.973608 4.846907 -6.801673 -17.933788 -3.355191 0.780157 7.256897 2.698371 -0.426486 1.307116 -6.621568 3.050956 18.729012 -0.063055 -0.402982 1.171044 6.951933 2.495390 8.585817 -1.854213 2.171059 -8.817024 1.051670 3.345861 -24.584047 0.000000 0.000000 0.000000 99.592979 -1.071934 4.718899 65.860222 -10.372946 5.436699 2.435157 27.390583 31.869791 -19.624731 16.119339 -9.365606 3.112872 -0.642490 43.573009 0.000011 0.000034 -7.225634 0.000021 0.000050 -4.993232 0.000011 0.000019 -0.000038 -26.548712 0.215695 2.659110 0.602655 0.028287 0.052230 0.416136 0.054337 0.052123 -0.000011 0.000007 0.000002 -25.739370 0.093159 -2.255903 0.550463 0.001116 0.036552 0.514317 0.013880 0.037842 0.000002 0.000106 0.000005 -24.903093 -0.087419 -8.820176 0.469976 0.030776 -0.141992 0.472670 -0.005871 -0.110793 -0.000000 -0.002167 0.000030 -20.938915 -0.217633 -15.624668 0.191461 0.104573 -0.623583 0.309610 0.004079 -0.519958 -0.000318 -0.000014 -0.000027 0.000000 0.000000 0.000000 0.000000 0.000000 0.000000 -95.150276 1.010518 3.511162 -58.498875 12.983785 -0.638782 -4.916634 -18.883146 50.418736 21.080093 -4.642213 -16.384481 -1.900834 0.475506 44.099823 0.000021 0.000013 -4.386748 -0.000129 -0.000036 -2.924404 0.000000 0.000003 -0.002188 30.432455 0.161121 -2.438117 -1.366319 0.036647 0.158535 -1.492983 0.065107 0.104455 -0.000006 0.000117 -0.000007 27.674372 0.080207 -6.633142 -1.503691 0.000569 0.028559 -1.190196 0.012957 0.021272 0.001560 -0.000054 -0.000150 24.024843 -0.037635 -10.135716 -0.786847 0.012349 0.033999 -0.819719 -0.012699 0.025295 0.000801 0.000017 0.000004 20.079428 -0.140110 -13.089013 -0.566699 0.078861 0.255677 -0.519861 -0.019995 0.128640 -0.001521 -0.000001 -0.000026 0.000000 0.000000 0.000000 0.000000 0.000000 0.000000 -19.600283 0.549558 11.729222 -0.527975 -1.216875 23.674974 9.370197 -10.368549 13.139712 -1.258091 -1.626079 -26.705559 0.000000 0.000000 0.000000 0.000000 0.000000 0.000000 0.000000 0.000000 0.000000 -8.384949 10.529440 17.093601 0.013519 0.201155 14.412277 9.226676 13.611675 12.474257 -0.460526 0.719380 -27.327097 0.000000 0.000000 0.000000 0.000000 0.000000 0.000000 0.000000 0.000000 0.000000 
24.678265 85.427582 11.985744 4.881040 -6.807966 -17.918589 -3.364970 0.783141 7.262434 2.686361 -0.424530 1.282350 -6.648768 3.050698 18.701208 -0.072377 -0.410572 1.168324 6.927477 2.438352 8.614475 -1.864196 2.102173 -8.801926 1.077439 3.345537 -24.618925 0.000000 0.000000 0.000000 99.561646 -1.065130 4.711103 66.010635 -10.309136 5.443862 2.432165 27.462156 31.870266 -19.757162 15.994958 -9.429339 3.097327 -0.638927 43.583553 0.000011 0.000033 -7.173450 0.000020 0.000050 -4.954918 0.000011 0.000019 -0.000037 -26.625668 0.216173 2.647557 0.589760 0.027493 0.056299 0.405913 0.053447 0.055929 -0.000011 0.000007 0.000002 -25.845221 0.092958 -2.271933 0.534295 0.000823 0.037887 0.498696 0.013400 0.039004 0.000001 0.000105 0.000005 -25.061043 -0.087020 -8.839551 0.453495 0.031668 -0.144043 0.452758 -0.005261 -0.112518 0.000000 -0.002172 0.000029 -21.113859 -0.217040 -15.633345 0.174262 0.106866 -0.629534 0.284355 0.005618 -0.525489 -0.000312 -0.000014 -0.000028 0.000000 0.000000 0.000000 0.000000 0.000000 0.000000 -95.106651 0.997817 3.495116 -58.618458 12.943043 -0.688057 -4.903858 -18.892544 50.323318 21.221226 -4.577701 -16.431839 -1.912642 0.477797 44.091984 0.000021 0.000013 -4.428828 -0.000131 -0.000036 -2.955533 0.000016 0.000003 -0.002178 30.332411 0.161016 -2.464419 -1.365329 0.037275 0.160296 -1.494418 0.065689 0.104859 -0.000007 0.000140 -0.000007 27.609140 0.080041 -6.655660 -1.495864 0.000808 0.028820 -1.184074 0.013005 0.021178 0.001595 -0.000054 -0.000154 24.042150 -0.037430 -10.161506 -0.759544 0.012276 0.033780 -0.792986 -0.012754 0.025510 0.000816 0.000017 0.000004 20.155922 -0.139936 -13.100163 -0.528511 0.077988 0.256745 -0.480718 -0.020325 0.130617 -0.001524 -0.000001 -0.000026 0.000000 0.000000 0.000000 0.000000 0.000000 0.000000 -19.675924 0.579405 11.640736 -0.529023 -1.213483 23.757076 9.396688 -10.396685 13.157372 -1.260288 -1.631925 -26.708035 0.000000 0.000000 0.000000 0.000000 0.000000 0.000000 0.000000 0.000000 0.000000 -8.492299 10.531464 17.080002 0.012083 0.197327 14.376735 9.304313 13.617955 12.481335 -0.466291 0.719757 -27.320110 0.000000 0.000000 0.000000 0.000000 0.000000 0.000000 0.000000 0.000000 0.000000 
24.753904 85.420631 11.997533 4.911808 -6.814506 -17.901873 -3.372942 0.785392 7.268669 2.673498 -0.422130 1.253774 -6.677509 3.052904 18.676973 -0.085885 -0.416562 1.165579 6.890202 2.385952 8.646125 -1.875905 2.030287 -8.787125 1.103025 3.344742 -24.656504 0.000000 0.000000 0.000000 99.528183 -1.057106 4.701554 66.172043 -10.252501 5.442979 2.430881 27.529364 31.851728 -19.852308 15.925905 -9.507370 3.088645 -0.636768 43.590893 0.000011 0.000033 -7.138240 0.000020 0.000050 -4.927289 0.000010 0.000019 -0.000037 -26.671040 0.216392 2.626558 0.573024 0.026269 0.060722 0.390912 0.052206 0.059941 -0.000011 0.000007 0.000002 -25.920052 0.092654 -2.294250 0.513539 0.000372 0.039415 0.478207 0.012773 0.040276 0.000001 0.000103 0.000006 -25.187254 -0.086565 -8.862250 0.430546 0.032779 -0.146360 0.425941 -0.004438 -0.114516 0.000001 -0.002179 0.000029 -21.263824 -0.216184 -15.641292 0.150269 0.109753 -0.636369 0.251946 0.007817 -0.531864 -0.000307 -0.000014 -0.000028 0.000000 0.000000 0.000000 0.000000 0.000000 0.000000 -95.055832 0.984653 3.471489 -58.745941 12.897672 -0.743872 -4.892130 -18.892471 50.227028 21.366714 -4.592682 -16.514668 -1.930312 0.481222 44.081009 0.000021 0.000013 -4.486790 -0.000132 -0.000037 -2.997836 0.000043 0.000002 -0.002173 30.198679 0.160700 -2.493796 -1.359174 0.037733 0.162118 -1.490440 0.066078 0.105291 -0.000007 0.000171 -0.000007 27.510162 0.079794 -6.679100 -1.482696 0.001002 0.029086 -1.172622 0.013006 0.021114 0.001622 -0.000054 -0.000157 24.021698 -0.037207 -10.183373 -0.727488 0.012234 0.033318 -0.761150 -0.012764 0.025609 0.000826 0.000017 0.000004 20.195776 -0.139797 -13.106113 -0.485719 0.077152 0.257375 -0.437704 -0.020466 0.132324 -0.001523 -0.000001 -0.000025 0.000000 0.000000 0.000000 0.000000 0.000000 0.000000 -19.745790 0.611211 11.558219 -0.530123 -1.210492 23.832991 9.418451 -10.421789 13.177370 -1.261865 -1.635944 -26.712393 0.000000 0.000000 0.000000 0.000000 0.000000 0.000000 0.000000 0.000000 0.000000 -8.589883 10.534787 17.067753 0.010699 0.193239 14.344288 9.378252 13.625793 12.487702 -0.471145 0.720589 -27.312586 0.000000 0.000000 0.000000 0.000000 0.000000 0.000000 0.000000 0.000000 0.000000 
24.823950 85.414932 12.008059 4.939366 -6.824093 -17.881973 -3.379040 0.787119 7.275054 2.659157 -0.418986 1.222376 -6.706717 3.056537 18.655565 -0.103067 -0.420810 1.162080 6.840887 2.339788 8.679556 -1.888739 1.958419 -8.772865 1.127218 3.343117 -24.696119 0.000000 0.000000 0.000000 99.492981 -1.047495 4.692588 66.342842 -10.207145 5.435360 2.432175 27.594795 31.814951 -19.905663 15.918540 -9.602435 3.086696 -0.636129 43.594852 0.000011 0.000033 -7.119922 0.000020 0.000050 -4.910480 0.000010 0.000019 -0.000037 -26.684423 0.216403 2.595697 0.551570 0.024590 0.065463 0.370448 0.050600 0.064124 -0.000011 0.000007 0.000002 -25.961679 0.092269 -2.324118 0.487336 -0.000243 0.041117 0.452004 0.012010 0.041631 0.000001 0.000102 0.000006 -25.276625 -0.086076 -8.889551 0.400264 0.034118 -0.148847 0.391340 -0.003414 -0.116716 0.000001 -0.002188 0.000029 -21.381475 -0.215123 -15.650661 0.118498 0.113264 -0.643751 0.211468 0.010653 -0.538720 -0.000300 -0.000014 -0.000028 0.000000 0.000000 0.000000 0.000000 0.000000 0.000000 -94.998344 0.970551 3.443752 -58.877449 12.849947 -0.795920 -4.882474 -18.887157 50.125687 21.512314 -4.700609 -16.634056 -1.954548 0.485891 44.066750 0.000021 0.000013 -4.561398 -0.000132 -0.000037 -3.051752 0.000076 0.000002 -0.002175 30.027832 0.160242 -2.526723 -1.347823 0.037990 0.164055 -1.480964 0.066243 0.105858 -0.000007 0.000209 -0.000006 27.371950 0.079493 -6.703719 -1.464315 0.001130 0.029398 -1.155854 0.012960 0.021125 0.001641 -0.000055 -0.000159 23.952927 -0.037012 -10.200818 -0.692181 0.012252 0.032581 -0.725717 -0.012722 0.025529 0.000829 0.000018 0.000004 20.185406 -0.139877 -13.106773 -0.440948 0.076451 0.257319 -0.392919 -0.020385 0.133478 -0.001518 -0.000001 -0.000025 0.000000 0.000000 0.000000 0.000000 0.000000 0.000000 -19.809643 0.644909 11.478124 -0.531280 -1.208017 23.903240 9.436601 -10.443227 13.199747 -1.262535 -1.638281 -26.718700 0.000000 0.000000 0.000000 0.000000 0.000000 0.000000 0.000000 0.000000 0.000000 -8.678425 10.539547 17.054720 0.009409 0.188900 14.313618 9.449512 13.635360 12.495435 -0.475293 0.722031 -27.305607 0.000000 0.000000 0.000000 0.000000 0.000000 0.000000 0.000000 0.000000 0.000000 
24.888603 85.410057 12.016376 4.963801 -6.839104 -17.857283 -3.383484 0.788551 7.281517 2.643579 -0.415079 1.188540 -6.735260 3.060587 18.636820 -0.122296 -0.423471 1.156173 6.781990 2.301437 8.713074 -1.901928 1.890556 -8.759396 1.148309 3.340301 -24.736515 0.000000 0.000000 0.000000 99.456161 -1.035836 4.685702 66.520660 -10.173022 5.422910 2.436808 27.661291 31.762888 -19.911921 15.971371 -9.712366 3.090991 -0.636985 43.595543 0.000011 0.000033 -7.117088 0.000020 0.000050 -4.904018 0.000010 0.000020 -0.000037 -26.668430 0.216256 2.557481 0.525665 0.022513 0.070478 0.344990 0.048686 0.068452 -0.000011 0.000007 0.000002 -25.970636 0.091815 -2.360506 0.455753 -0.001002 0.042964 0.420251 0.011146 0.043038 0.000000 0.000102 0.000006 -25.327158 -0.085573 -8.921160 0.362163 0.035643 -0.151420 0.348600 -0.002228 -0.119037 0.000002 -0.002203 0.000028 -21.462044 -0.213906 -15.663442 0.077948 0.117320 -0.651423 0.162103 0.014010 -0.545773 -0.000291 -0.000014 -0.000028 0.000000 0.000000 0.000000 0.000000 0.000000 0.000000 -94.935959 0.954710 3.416305 -59.006966 12.803571 -0.834298 -4.875532 -18.882647 50.018314 21.644764 -4.906943 -16.785971 -1.986189 0.491908 44.049042 0.000020 0.000012 -4.653666 -0.000132 -0.000037 -3.117896 0.000114 0.000002 -0.002182 29.817759 0.159687 -2.564254 -1.330747 0.037989 0.165888 -1.465461 0.066133 0.106457 -0.000007 0.000251 -0.000006 27.189392 0.079170 -6.730386 -1.440407 0.001167 0.029705 -1.133378 0.012852 0.021182 0.001654 -0.000055 -0.000161 23.824623 -0.036887 -10.214366 -0.654696 0.012371 0.031671 -0.687676 -0.012617 0.025301 0.000826 0.000018 0.000004 20.109467 -0.140351 -13.103643 -0.396904 0.076008 0.256793 -0.348560 -0.020017 0.134121 -0.001510 -0.000001 -0.000025 0.000000 0.000000 0.000000 0.000000 0.000000 0.000000 -19.866711 0.680291 11.398679 -0.532477 -1.206228 23.966427 9.452569 -10.459906 13.223207 -1.262210 -1.639121 -26.726170 0.000000 0.000000 0.000000 0.000000 0.000000 0.000000 0.000000 0.000000 0.000000 -8.758346 10.545499 17.039003 0.008251 0.184446 14.282981 9.518601 13.646138 12.505426 -0.478894 0.724076 -27.299694 0.000000 0.000000 0.000000 0.000000 0.000000 0.000000 0.000000 0.000000 0.000000 
24.947557 85.406044 12.021774 4.984496 -6.860616 -17.827909 -3.386484 0.789991 7.287843 2.627959 -0.410506 1.153639 -6.762778 3.064462 18.618700 -0.144606 -0.424127 1.147433 6.714570 2.270153 8.751874 -1.915319 1.826041 -8.743715 1.166759 3.336614 -24.777229 0.000000 0.000000 0.000000 99.416412 -1.020923 4.683463 66.711105 -10.146748 5.408064 2.444606 27.730043 31.701378 -19.884079 16.083353 -9.842661 3.101060 -0.638976 43.593491 0.000011 0.000033 -7.127480 0.000020 0.000050 -4.906845 0.000010 0.000020 -0.000037 -26.627329 0.216002 2.513001 0.497803 0.020235 0.075829 0.317239 0.046628 0.073011 -0.000011 0.000007 0.000002 -25.950485 0.091316 -2.401816 0.421459 -0.001853 0.044982 0.385690 0.010235 0.044537 -0.000000 0.000101 0.000006 -25.342594 -0.085084 -8.955160 0.318779 0.037230 -0.154172 0.300326 -0.000959 -0.121546 0.000003 -0.002219 0.000028 -21.506775 -0.212582 -15.677431 0.031148 0.121611 -0.659601 0.106695 0.017629 -0.553190 -0.000279 -0.000014 -0.000028 0.000000 0.000000 0.000000 0.000000 0.000000 0.000000 -94.868378 0.937131 3.390606 -59.138447 12.747079 -0.855251 -4.872136 -18.886553 49.903652 21.758615 -5.220595 -16.977598 -2.026736 0.499366 44.027332 0.000020 0.000012 -4.766900 -0.000132 -0.000038 -3.198676 0.000156 0.000001 -0.002196 29.564705 0.159131 -2.608264 -1.308119 0.037847 0.167526 -1.444227 0.065872 0.106977 -0.000007 0.000294 -0.000006 26.957455 0.078861 -6.760105 -1.411481 0.001147 0.029967 -1.105799 0.012705 0.021241 0.001665 -0.000055 -0.000161 23.630205 -0.036830 -10.223958 -0.616495 0.012529 0.030683 -0.648573 -0.012490 0.024998 0.000818 0.000018 0.000004 19.960335 -0.141078 -13.095618 -0.355579 0.075664 0.256120 -0.306216 -0.019517 0.134512 -0.001500 -0.000001 -0.000025 0.000000 0.000000 0.000000 0.000000 0.000000 0.000000 -19.916958 0.715244 11.320039 -0.533754 -1.205282 24.022018 9.466782 -10.473761 13.249580 -1.261124 -1.638422 -26.735498 0.000000 0.000000 0.000000 0.000000 0.000000 0.000000 0.000000 0.000000 0.000000 -8.829469 10.552775 17.018873 0.007225 0.179811 14.254638 9.585896 13.657436 12.516354 -0.482202 0.726803 -27.293491 0.000000 0.000000 0.000000 0.000000 0.000000 0.000000 0.000000 0.000000 0.000000 
25.000973 85.402779 12.023814 5.001894 -6.888531 -17.794531 -3.388446 0.791715 7.293826 2.612171 -0.405149 1.118647 -6.789408 3.068095 18.600498 -0.169948 -0.422653 1.135425 6.642577 2.243735 8.800442 -1.928757 1.763745 -8.723086 1.183233 3.332274 -24.818285 0.000000 0.000000 0.000000 99.374031 -1.002401 4.686402 66.913948 -10.129430 5.391928 2.454752 27.800043 31.636816 -19.833794 16.250315 -9.994908 3.116789 -0.642040 43.588749 0.000012 0.000033 -7.150910 0.000020 0.000051 -4.918907 0.000010 0.000020 -0.000037 -26.559429 0.215687 2.459871 0.468223 0.017789 0.081753 0.287515 0.044437 0.078052 -0.000011 0.000007 0.000002 -25.899075 0.090795 -2.449266 0.384853 -0.002791 0.047293 0.348872 0.009281 0.046251 -0.000001 0.000101 0.000006 -25.320641 -0.084647 -8.990912 0.270971 0.038872 -0.157297 0.247659 0.000391 -0.124387 0.000003 -0.002236 0.000028 -21.512886 -0.211239 -15.690018 -0.020558 0.126136 -0.668707 0.046562 0.021530 -0.561329 -0.000262 -0.000014 -0.000028 0.000000 0.000000 0.000000 0.000000 0.000000 0.000000 -94.795853 0.917825 3.365932 -59.274784 12.680191 -0.860407 -4.873223 -18.906515 49.785351 21.844538 -5.638964 -17.208862 -2.078254 0.508616 44.000546 0.000020 0.000012 -4.907036 -0.000132 -0.000038 -3.298153 0.000200 0.000001 -0.002212 29.255405 0.158669 -2.661754 -1.279540 0.037536 0.168408 -1.416960 0.065444 0.106918 -0.000007 0.000338 -0.000006 26.663687 0.078589 -6.795498 -1.377154 0.001054 0.029936 -1.072733 0.012500 0.021099 0.001675 -0.000055 -0.000162 23.359373 -0.036876 -10.231133 -0.577567 0.012756 0.029965 -0.608480 -0.012314 0.024894 0.000805 0.000018 0.000003 19.730261 -0.142049 -13.082781 -0.316929 0.075518 0.256416 -0.265680 -0.018835 0.135568 -0.001488 -0.000001 -0.000026 0.000000 0.000000 0.000000 0.000000 0.000000 0.000000 -19.961016 0.750196 11.240969 -0.535142 -1.205124 24.071644 9.480147 -10.484648 13.279010 -1.259256 -1.636334 -26.746550 0.000000 0.000000 0.000000 0.000000 0.000000 0.000000 0.000000 0.000000 0.000000 -8.893687 10.561611 16.994217 0.006331 0.175095 14.228088 9.651269 13.670947 12.527868 -0.485180 0.729908 -27.286726 0.000000 0.000000 0.000000 0.000000 0.000000 0.000000 0.000000 0.000000 0.000000 
25.049519 85.400024 12.022361 5.016884 -6.922237 -17.757761 -3.389607 0.793852 7.299382 2.595252 -0.398702 1.084099 -6.814633 3.071931 18.582832 -0.196843 -0.419173 1.120236 6.571938 2.220191 8.860440 -1.942136 1.703950 -8.696197 1.197925 3.327690 -24.859062 0.000000 0.000000 0.000000 99.329742 -0.980619 4.694021 67.124268 -10.123249 5.374289 2.466683 27.872017 31.574785 -19.764313 16.467340 -10.161973 3.138326 -0.646292 43.581032 0.000012 0.000034 -7.188365 0.000020 0.000051 -4.940975 0.000010 0.000020 -0.000037 -26.461113 0.215362 2.395242 0.435280 0.015158 0.088511 0.254308 0.042079 0.083857 -0.000011 0.000007 0.000002 -25.811871 0.090268 -2.504842 0.344263 -0.003830 0.050019 0.308313 0.008276 0.048314 -0.000001 0.000101 0.000007 -25.255369 -0.084287 -9.028455 0.217642 0.040596 -0.160959 0.189831 0.001844 -0.127672 0.000004 -0.002253 0.000028 -21.473946 -0.209966 -15.700300 -0.077622 0.130989 -0.679028 -0.018868 0.025795 -0.570417 -0.000240 -0.000014 -0.000028 0.000000 0.000000 0.000000 0.000000 0.000000 0.000000 -94.720451 0.897024 3.341647 -59.411514 12.613052 -0.849935 -4.879583 -18.946283 49.669670 21.890915 -6.148890 -17.467934 -2.142459 0.520031 43.967751 0.000019 0.000012 -5.078811 -0.000131 -0.000039 -3.419569 0.000247 0.000001 -0.002227 28.874262 0.158328 -2.732227 -1.242882 0.036887 0.167561 -1.381453 0.064685 0.105451 -0.000007 0.000382 -0.000005 26.293680 0.078360 -6.842711 -1.335010 0.000815 0.029226 -1.031586 0.012175 0.020440 0.001682 -0.000056 -0.000162 22.999107 -0.037057 -10.239783 -0.535405 0.013157 0.030035 -0.564916 -0.012005 0.025374 0.000789 0.000019 0.000003 19.408466 -0.143391 -13.066679 -0.278915 0.075838 0.259151 -0.224786 -0.017765 0.138456 -0.001475 -0.000000 -0.000026 0.000000 0.000000 0.000000 0.000000 0.000000 0.000000 -19.999599 0.787557 11.160335 -0.536637 -1.205627 24.116695 9.494134 -10.490457 13.310061 -1.256444 -1.633219 -26.758368 0.000000 0.000000 0.000000 0.000000 0.000000 0.000000 0.000000 0.000000 0.000000 -8.952799 10.572558 16.966450 0.005570 0.170494 14.200374 9.714524 13.688232 12.540518 -0.487636 0.732851 -27.280010 0.000000 0.000000 0.000000 0.000000 0.000000 0.000000 0.000000 0.000000 0.000000 
25.094019 85.397545 12.017586 5.030264 -6.960783 -17.718033 -3.390463 0.796515 7.304477 2.576471 -0.390952 1.049882 -6.837635 3.076216 18.566771 -0.223699 -0.414080 1.102344 6.508791 2.197946 8.930949 -1.955052 1.647935 -8.663068 1.210999 3.323453 -24.897806 0.000000 0.000000 0.000000 99.283676 -0.956220 4.706379 67.335854 -10.128026 5.354257 2.480235 27.947666 31.521492 -19.677113 16.729517 -10.333446 3.165895 -0.651779 43.570103 0.000012 0.000034 -7.240938 0.000020 0.000051 -4.973991 0.000010 0.000020 -0.000037 -26.329464 0.215109 2.317763 0.398070 0.012433 0.096171 0.216888 0.039629 0.090536 -0.000011 0.000007 0.000002 -25.685640 0.089760 -2.569069 0.298715 -0.004941 0.053202 0.263227 0.007244 0.050790 -0.000001 0.000101 0.000007 -25.142553 -0.084031 -9.066845 0.158312 0.042366 -0.165229 0.126543 0.003376 -0.131441 0.000004 -0.002269 0.000028 -21.384960 -0.208848 -15.707512 -0.139971 0.136041 -0.690590 -0.089447 0.030325 -0.580483 -0.000215 -0.000014 -0.000028 0.000000 0.000000 0.000000 0.000000 0.000000 0.000000 -94.644646 0.875227 3.317906 -59.539898 12.554640 -0.823537 -4.891550 -19.004238 49.562374 21.887274 -6.730227 -17.740728 -2.220238 0.533858 43.928482 0.000019 0.000012 -5.284503 -0.000130 -0.000039 -3.564584 0.000295 0.000001 -0.002242 28.409691 0.158109 -2.828501 -1.195455 0.035775 0.164103 -1.334879 0.063460 0.101820 -0.000007 0.000422 -0.000005 25.837177 0.078186 -6.908579 -1.282058 0.000378 0.027508 -0.979147 0.011683 0.018984 0.001686 -0.000056 -0.000162 22.540257 -0.037373 -10.253936 -0.486670 0.013815 0.031365 -0.514628 -0.011504 0.026776 0.000772 0.000019 0.000003 18.987127 -0.145192 -13.048343 -0.238906 0.076788 0.265509 -0.180854 -0.016168 0.144121 -0.001461 -0.000000 -0.000026 0.000000 0.000000 0.000000 0.000000 0.000000 0.000000 -20.033836 0.828487 11.077800 -0.538242 -1.206792 24.156881 9.510268 -10.489285 13.341437 -1.252683 -1.629350 -26.769962 0.000000 0.000000 0.000000 0.000000 0.000000 0.000000 0.000000 0.000000 0.000000 -9.007777 10.586762 16.937269 0.004910 0.166093 14.168421 9.775887 13.709450 12.555025 -0.489509 0.735235 -27.273952 0.000000 0.000000 0.000000 0.000000 0.000000 0.000000 0.000000 0.000000 0.000000 
25.135138 85.395317 12.009569 5.042304 -7.002808 -17.675724 -3.391821 0.799776 7.309483 2.556652 -0.382197 1.015865 -6.858505 3.080856 18.552732 -0.250182 -0.407848 1.081977 6.457471 2.175288 9.011599 -1.967210 1.595404 -8.623351 1.223188 3.320168 -24.932646 0.000000 0.000000 0.000000 99.235504 -0.929520 4.723868 67.544640 -10.141660 5.332923 2.494710 28.026608 31.481659 -19.581236 17.033018 -10.501187 3.200043 -0.658473 43.555851 0.000012 0.000034 -7.309958 0.000020 0.000051 -5.019009 0.000010 0.000020 -0.000037 -26.160805 0.215004 2.226496 0.357566 0.009791 0.104605 0.176202 0.037245 0.098011 -0.000011 0.000007 0.000002 -25.517702 0.089301 -2.641541 0.249300 -0.006067 0.056814 0.214822 0.006231 0.053668 -0.000002 0.000101 0.000007 -24.980682 -0.083914 -9.104294 0.094656 0.044091 -0.170129 0.059577 0.004933 -0.135705 0.000005 -0.002283 0.000028 -21.244673 -0.207981 -15.709190 -0.205281 0.141010 -0.703401 -0.162635 0.034898 -0.591586 -0.000187 -0.000014 -0.000029 0.000000 0.000000 0.000000 0.000000 0.000000 0.000000 -94.569214 0.852824 3.295063 -59.655853 12.504793 -0.784117 -4.908718 -19.077368 49.465405 21.827814 -7.368316 -18.021782 -2.312030 0.550219 43.882462 0.000018 0.000011 -5.525529 -0.000130 -0.000040 -3.734252 0.000344 0.000001 -0.002255 27.855919 0.158026 -2.954893 -1.135704 0.034225 0.157629 -1.275679 0.061786 0.095666 -0.000007 0.000457 -0.000005 25.290052 0.078094 -6.996343 -1.216867 -0.000247 0.024628 -0.914022 0.011027 0.016591 0.001688 -0.000056 -0.000162 21.981163 -0.037798 -10.275174 -0.429877 0.014710 0.034157 -0.456280 -0.010818 0.029272 0.000755 0.000019 0.000003 18.466291 -0.147352 -13.027157 -0.195975 0.078305 0.276015 -0.133058 -0.014094 0.153023 -0.001448 0.000000 -0.000026 0.000000 0.000000 0.000000 0.000000 0.000000 0.000000 -20.065006 0.872356 10.993605 -0.539974 -1.208652 24.191935 9.529190 -10.481330 13.373534 -1.248250 -1.624762 -26.781399 0.000000 0.000000 0.000000 0.000000 0.000000 0.000000 0.000000 0.000000 0.000000 -9.058972 10.605357 16.907032 0.004292 0.161857 14.131813 9.835611 13.733577 12.571267 -0.490937 0.736919 -27.268299 0.000000 0.000000 0.000000 0.000000 0.000000 0.000000 0.000000 0.000000 0.000000 
25.173765 85.393158 11.998857 5.053411 -7.046823 -17.631523 -3.394235 0.803538 7.314654 2.536510 -0.372861 0.981206 -6.877328 3.085717 18.541796 -0.275225 -0.401096 1.059059 6.421208 2.151041 9.099360 -1.977994 1.547100 -8.577902 1.234816 3.317976 -24.961868 0.000000 0.000000 0.000000 99.185478 -0.901597 4.745486 67.743599 -10.160942 5.313678 2.509561 28.107584 31.458029 -19.477222 17.371172 -10.660094 3.241773 -0.666512 43.537834 0.000012 0.000035 -7.398133 0.000020 0.000051 -5.077860 0.000010 0.000020 -0.000037 -25.950747 0.215091 2.119846 0.314154 0.007366 0.113477 0.132636 0.035067 0.106012 -0.000011 0.000007 0.000002 -25.303862 0.088910 -2.722668 0.196625 -0.007154 0.060727 0.163706 0.005281 0.056849 -0.000002 0.000101 0.000008 -24.766401 -0.083952 -9.139827 0.027750 0.045693 -0.175523 -0.009794 0.006459 -0.140351 0.000005 -0.002294 0.000027 -21.051235 -0.207439 -15.703668 -0.272054 0.145661 -0.717071 -0.236808 0.039323 -0.603445 -0.000158 -0.000014 -0.000029 0.000000 0.000000 0.000000 0.000000 0.000000 0.000000 -94.494995 0.829971 3.273181 -59.751995 12.465927 -0.732059 -4.930369 -19.160021 49.378475 21.701988 -8.039146 -18.306705 -2.417559 0.569117 43.829689 0.000018 0.000011 -5.801475 -0.000130 -0.000040 -3.928396 0.000393 0.000001 -0.002267 27.213451 0.158085 -3.112358 -1.063672 0.032244 0.147991 -1.203963 0.059665 0.086893 -0.000007 0.000484 -0.000005 24.654129 0.078101 -7.106824 -1.139495 -0.001056 0.020536 -0.836297 0.010211 0.013223 0.001686 -0.000056 -0.000162 21.326080 -0.038324 -10.303950 -0.364749 0.015825 0.038449 -0.389720 -0.009955 0.032893 0.000740 0.000019 0.000003 17.851686 -0.149833 -13.002722 -0.149890 0.080338 0.290691 -0.081477 -0.011584 0.165212 -0.001435 0.000000 -0.000026 0.000000 0.000000 0.000000 0.000000 0.000000 0.000000 -20.094635 0.918397 10.909350 -0.541855 -1.211285 24.219894 9.552294 -10.465871 13.405469 -1.243548 -1.619395 -26.791842 0.000000 0.000000 0.000000 0.000000 0.000000 0.000000 0.000000 0.000000 0.000000 -9.106999 10.628370 16.876581 0.003655 0.157800 14.089410 9.893313 13.759686 12.588864 -0.492063 0.737695 -27.262930 0.000000 0.000000 0.000000 0.000000 0.000000 0.000000 0.000000 0.000000 0.000000 
25.210739 85.390968 11.986062 5.063670 -7.091832 -17.585682 -3.398016 0.807639 7.320274 2.516792 -0.363444 0.944375 -6.892941 3.090036 18.535030 -0.296561 -0.394480 1.033431 6.400513 2.125561 9.189212 -1.986693 1.504930 -8.528449 1.244986 3.316390 -24.983912 0.000000 0.000000 0.000000 99.133820 -0.873562 4.767764 67.923004 -10.180704 5.303317 2.524413 28.190952 31.449942 -19.347721 17.729595 -10.801771 3.292200 -0.676170 43.515472 0.000012 0.000035 -7.508485 0.000020 0.000051 -5.152635 0.000010 0.000020 -0.000037 -25.695158 0.215312 1.997824 0.267296 0.005238 0.122277 0.085605 0.033197 0.114090 -0.000011 0.000007 0.000002 -25.038708 0.088559 -2.812350 0.140259 -0.008158 0.064702 0.109342 0.004439 0.060118 -0.000002 0.000101 0.000008 -24.495062 -0.084118 -9.172887 -0.042816 0.047096 -0.181096 -0.081808 0.007898 -0.145110 0.000006 -0.002304 0.000027 -20.802790 -0.207263 -15.690665 -0.340890 0.149820 -0.730813 -0.312625 0.043447 -0.615427 -0.000129 -0.000014 -0.000029 0.000000 0.000000 0.000000 0.000000 0.000000 0.000000 -94.423416 0.806887 3.252642 -59.814995 12.443586 -0.662712 -4.954688 -19.247339 49.300869 21.497751 -8.704642 -18.587690 -2.534890 0.590217 43.771183 0.000017 0.000011 -6.107032 -0.000130 -0.000040 -4.143391 0.000441 0.000001 -0.002276 26.496084 0.158257 -3.297370 -0.980779 0.029804 0.135313 -1.121204 0.057061 0.075699 -0.000007 0.000500 -0.000005 23.942785 0.078205 -7.237294 -1.051238 -0.002055 0.015316 -0.747461 0.009241 0.008977 0.001684 -0.000056 -0.000161 20.588478 -0.038925 -10.338807 -0.292188 0.017166 0.044092 -0.315872 -0.008925 0.037515 0.000725 0.000019 0.000003 17.155519 -0.152646 -12.975206 -0.101550 0.082903 0.309118 -0.027521 -0.008615 0.180311 -0.001423 0.000000 -0.000026 0.000000 0.000000 0.000000 0.000000 0.000000 0.000000 -20.122803 0.967990 10.828075 -0.543821 -1.214670 24.236485 9.580667 -10.439425 13.435369 -1.238968 -1.613276 -26.800177 0.000000 0.000000 0.000000 0.000000 0.000000 0.000000 0.000000 0.000000 0.000000 -9.151067 10.655223 16.846910 0.002964 0.154023 14.039987 9.947616 13.787059 12.607354 -0.492947 0.737476 -27.257809 0.000000 0.000000 0.000000 0.000000 0.000000 0.000000 0.000000 0.000000 0.000000 
25.246225 85.388992 11.971066 5.073058 -7.137125 -17.538174 -3.403336 0.812227 7.326278 2.498132 -0.354268 0.906029 -6.904177 3.092688 18.530901 -0.315094 -0.387864 1.006803 6.394501 2.097409 9.276872 -1.992617 1.466920 -8.477265 1.253632 3.314548 -24.998577 0.000000 0.000000 0.000000 99.080658 -0.845812 4.788827 68.077301 -10.200133 5.307016 2.538625 28.274128 31.455547 -19.181007 18.092665 -10.916074 3.352214 -0.687719 43.488274 0.000013 0.000035 -7.643905 0.000021 0.000051 -5.245027 0.000010 0.000019 -0.000037 -25.386469 0.215626 1.860575 0.217966 0.003354 0.130718 0.035711 0.031593 0.121899 -0.000011 0.000007 0.000002 -24.715128 0.088214 -2.910883 0.081045 -0.009084 0.068586 0.052608 0.003705 0.063303 -0.000003 0.000102 0.000008 -24.161535 -0.084378 -9.204416 -0.115658 0.048323 -0.186597 -0.155100 0.009238 -0.149772 0.000006 -0.002314 0.000027 -20.497643 -0.207411 -15.670283 -0.410750 0.153587 -0.744151 -0.389144 0.047332 -0.627114 -0.000102 -0.000014 -0.000029 0.000000 0.000000 0.000000 0.000000 0.000000 0.000000 -94.354225 0.784644 3.233128 -59.839180 12.435146 -0.576838 -4.979623 -19.339533 49.231190 21.213545 -9.346186 -18.860140 -2.661454 0.613051 43.708202 0.000017 0.000011 -6.435292 -0.000130 -0.000041 -4.374373 0.000489 0.000002 -0.002285 25.719774 0.158504 -3.499876 -0.890617 0.026993 0.120547 -1.031074 0.054075 0.062919 -0.000007 0.000506 -0.000004 23.171925 0.078391 -7.380392 -0.955893 -0.003200 0.009338 -0.651758 0.008167 0.004171 0.001683 -0.000056 -0.000161 19.785006 -0.039587 -10.376813 -0.216638 0.018670 0.050596 -0.239108 -0.007777 0.042790 0.000710 0.000019 0.000003 16.393534 -0.155677 -12.945388 -0.055063 0.085895 0.330007 0.024188 -0.005290 0.197265 -0.001414 0.000000 -0.000026 0.000000 0.000000 0.000000 0.000000 0.000000 0.000000 -20.149445 1.020783 10.748636 -0.545784 -1.218597 24.243237 9.612797 -10.402616 13.465365 -1.234656 -1.606660 -26.808029 0.000000 0.000000 0.000000 0.000000 0.000000 0.000000 0.000000 0.000000 0.000000 -9.190711 10.685613 16.817171 0.002151 0.150193 13.986533 9.998035 13.815709 12.627761 -0.493925 0.736912 -27.253363 0.000000 0.000000 0.000000 0.000000 0.000000 0.000000 0.000000 0.000000 0.000000 
25.280182 85.387390 11.953944 5.082155 -7.182143 -17.488934 -3.410142 0.817286 7.331557 2.479590 -0.345377 0.867867 -6.909991 3.092999 18.527729 -0.332176 -0.380887 0.981546 6.402502 2.065137 9.355170 -1.994846 1.432079 -8.428546 1.260516 3.311646 -25.006216 0.000000 0.000000 0.000000 99.027336 -0.819686 4.806338 68.200928 -10.223938 5.325285 2.551509 28.351910 31.474804 -18.957127 18.436747 -10.995832 3.423719 -0.701766 43.454956 0.000013 0.000036 -7.810975 0.000021 0.000051 -5.359121 0.000010 0.000019 -0.000037 -25.008572 0.216020 1.706146 0.165638 0.001597 0.138494 -0.017906 0.030163 0.129075 -0.000011 0.000007 0.000002 -24.317589 0.087853 -3.021369 0.018181 -0.009955 0.072213 -0.007203 0.003059 0.066237 -0.000003 0.000103 0.000008 -23.751890 -0.084709 -9.238872 -0.191266 0.049436 -0.191779 -0.230216 0.010483 -0.154127 0.000006 -0.002321 0.000027 -20.125856 -0.207820 -15.646460 -0.482685 0.157181 -0.756584 -0.467671 0.051121 -0.638010 -0.000077 -0.000014 -0.000029 0.000000 0.000000 0.000000 0.000000 0.000000 0.000000 -94.288460 0.764883 3.214086 -59.820957 12.440783 -0.479990 -5.003531 -19.438309 49.167877 20.841516 -9.955896 -19.120518 -2.795987 0.637396 43.641460 0.000016 0.000011 -6.782577 -0.000130 -0.000041 -4.618884 0.000533 0.000002 -0.002295 24.892019 0.158845 -3.710244 -0.796898 0.023923 0.105033 -0.937384 0.050837 0.049692 -0.000007 0.000503 -0.000004 22.348330 0.078647 -7.529742 -0.857604 -0.004437 0.003123 -0.553533 0.007051 -0.000754 0.001685 -0.000056 -0.000160 18.922407 -0.040342 -10.416925 -0.143514 0.020269 0.057308 -0.164681 -0.006573 0.048246 0.000696 0.000019 0.000003 15.571811 -0.158928 -12.916702 -0.015591 0.089176 0.351459 0.067892 -0.001750 0.214591 -0.001409 0.000000 -0.000026 0.000000 0.000000 0.000000 0.000000 0.000000 0.000000 -20.174784 1.076213 10.668127 -0.547679 -1.222895 24.244740 9.647691 -10.358899 13.497222 -1.230560 -1.599952 -26.817284 0.000000 0.000000 0.000000 0.000000 0.000000 0.000000 0.000000 0.000000 0.000000 -9.226687 10.719381 16.788231 0.001159 0.145937 13.929814 10.043853 13.846414 12.651079 -0.495112 0.736648 -27.250559 0.000000 0.000000 0.000000 0.000000 0.000000 0.000000 0.000000 0.000000 0.000000 
25.312723 85.386246 11.934860 5.091923 -7.225726 -17.437668 -3.418543 0.822676 7.335135 2.461153 -0.337217 0.833100 -6.911266 3.092185 18.524012 -0.349180 -0.373186 0.959828 6.421052 2.028769 9.421611 -1.993613 1.398901 -8.384945 1.266477 3.308031 -25.008486 0.000000 0.000000 0.000000 98.976685 -0.796625 4.820237 68.293251 -10.259099 5.352346 2.561400 28.418451 31.510254 -18.677784 18.742256 -11.037003 3.506726 -0.718363 43.415356 0.000013 0.000036 -8.010759 0.000021 0.000052 -5.495787 0.000010 0.000019 -0.000038 -24.557272 0.216521 1.536103 0.108690 -0.000019 0.145452 -0.077014 0.028922 0.135467 -0.000011 0.000008 0.000002 -23.844862 0.087492 -3.144899 -0.049349 -0.010761 0.075484 -0.071258 0.002509 0.068844 -0.000003 0.000105 0.000008 -23.266180 -0.085131 -9.281646 -0.269782 0.050414 -0.196493 -0.307606 0.011598 -0.158064 0.000006 -0.002320 0.000027 -19.687531 -0.208445 -15.627255 -0.556347 0.160489 -0.767654 -0.547882 0.054679 -0.647723 -0.000055 -0.000014 -0.000029 0.000000 0.000000 0.000000 0.000000 0.000000 0.000000 -94.228783 0.749669 3.194776 -59.762363 12.453351 -0.382887 -5.025823 -19.540863 49.109005 20.383644 -10.546493 -19.365273 -2.937632 0.663003 43.571522 0.000016 0.000012 -7.146257 -0.000130 -0.000041 -4.875274 0.000571 0.000002 -0.002302 24.020662 0.159341 -3.925973 -0.702191 0.020823 0.090176 -0.842755 0.047584 0.037058 -0.000007 0.000496 -0.000004 21.479736 0.078990 -7.684910 -0.760229 -0.005681 -0.002803 -0.456840 0.005977 -0.005391 0.001688 -0.000056 -0.000159 18.008335 -0.041210 -10.463342 -0.079140 0.021819 0.063522 -0.098754 -0.005417 0.053390 0.000686 0.000019 0.000003 14.696545 -0.162261 -12.895967 0.009769 0.092354 0.371152 0.096029 0.001650 0.230620 -0.001410 0.000000 -0.000026 0.000000 0.000000 0.000000 0.000000 0.000000 0.000000 -20.199253 1.132812 10.581923 -0.549487 -1.227347 24.248571 9.683921 -10.314524 13.533019 -1.226597 -1.593806 -26.830383 0.000000 0.000000 0.000000 0.000000 0.000000 0.000000 0.000000 0.000000 0.000000 -9.260539 10.756948 16.760443 -0.000038 0.140994 13.871222 10.084799 13.880064 12.678117 -0.496531 0.737102 -27.250504 0.000000 0.000000 0.000000 0.000000 0.000000 0.000000 0.000000 0.000000 0.000000 
25.344236 85.385162 11.914168 5.102721 -7.265807 -17.383839 -3.428433 0.827980 7.336954 2.443481 -0.330408 0.804637 -6.909474 3.091283 18.518995 -0.365823 -0.365056 0.941792 6.445252 1.989919 9.476911 -1.989848 1.366695 -8.347124 1.272589 3.304554 -25.007011 0.000000 0.000000 0.000000 98.932564 -0.777488 4.831594 68.356590 -10.307520 5.379255 2.566178 28.469290 31.567524 -18.365187 18.991739 -11.040366 3.598380 -0.736788 43.370983 0.000013 0.000037 -8.235953 0.000021 0.000052 -5.650449 0.000010 0.000019 -0.000038 -24.047976 0.217162 1.356448 0.046216 -0.001454 0.151675 -0.142552 0.027893 0.141230 -0.000011 0.000008 0.000002 -23.316956 0.087184 -3.278849 -0.121257 -0.011495 0.078406 -0.139589 0.002055 0.071160 -0.000003 0.000107 0.000009 -22.725895 -0.085684 -9.336181 -0.349605 0.051217 -0.200711 -0.386011 0.012555 -0.161564 0.000006 -0.002306 0.000027 -19.201416 -0.209295 -15.620664 -0.628883 0.163267 -0.777061 -0.626695 0.057764 -0.656021 -0.000036 -0.000014 -0.000029 0.000000 0.000000 0.000000 0.000000 0.000000 0.000000 -94.177284 0.740072 3.174842 -59.672279 12.456346 -0.296465 -5.047111 -19.640022 49.052036 19.851845 -11.129051 -19.588385 -3.085938 0.689616 43.498749 0.000016 0.000012 -7.525174 -0.000129 -0.000041 -5.142759 0.000600 0.000002 -0.002304 23.114113 0.160071 -4.151643 -0.608195 0.017935 0.077082 -0.748906 0.044557 0.025797 -0.000007 0.000489 -0.000004 20.575478 0.079454 -7.850680 -0.667170 -0.006850 -0.008011 -0.365156 0.005016 -0.009430 0.001687 -0.000056 -0.000158 17.053112 -0.042186 -10.523220 -0.030010 0.023166 0.068596 -0.047836 -0.004416 0.057773 0.000681 0.000019 0.000003 13.777444 -0.165456 -12.890392 0.013057 0.095004 0.386893 0.100325 0.004515 0.243774 -0.001416 -0.000000 -0.000027 0.000000 0.000000 0.000000 0.000000 0.000000 0.000000 -20.223185 1.187923 10.487164 -0.551229 -1.231717 24.259962 9.720350 -10.274755 13.573444 -1.222714 -1.588631 -26.848333 0.000000 0.000000 0.000000 0.000000 0.000000 0.000000 0.000000 0.000000 0.000000 -9.293694 10.796855 16.731945 -0.001399 0.135378 13.814533 10.120927 13.916535 12.708120 -0.498248 0.738252 -27.253925 0.000000 0.000000 0.000000 0.000000 0.000000 0.000000 0.000000 0.000000 0.000000 
25.375355 85.383354 11.892612 5.114422 -7.300413 -17.326408 -3.439716 0.832585 7.337475 2.427761 -0.325642 0.782869 -6.906450 3.089617 18.512674 -0.380744 -0.357637 0.926115 6.470693 1.951162 9.517800 -1.983890 1.336810 -8.316250 1.278771 3.301474 -25.001566 0.000000 0.000000 0.000000 98.898361 -0.762538 4.840436 68.392075 -10.367926 5.396159 2.564807 28.501081 31.651850 -18.030100 19.174194 -11.008334 3.696845 -0.756439 43.322906 0.000013 0.000037 -8.481608 0.000021 0.000052 -5.820028 0.000010 0.000018 -0.000038 -23.492680 0.217973 1.172256 -0.018904 -0.002754 0.157289 -0.211868 0.027038 0.146511 -0.000011 0.000008 0.000001 -22.750200 0.086957 -3.419523 -0.194370 -0.012173 0.081025 -0.209180 0.001670 0.073237 -0.000003 0.000110 0.000009 -22.150415 -0.086378 -9.402489 -0.427524 0.051872 -0.204482 -0.462346 0.013376 -0.164671 0.000006 -0.002279 0.000027 -18.687092 -0.210322 -15.628340 -0.696654 0.165457 -0.784765 -0.700121 0.060312 -0.662852 -0.000020 -0.000014 -0.000029 0.000000 0.000000 0.000000 0.000000 0.000000 0.000000 -94.134216 0.735660 3.154344 -59.561794 12.438030 -0.229836 -5.067735 -19.726196 48.993004 19.257401 -11.706372 -19.780554 -3.241432 0.717194 43.423035 0.000015 0.000012 -7.920442 -0.000129 -0.000041 -5.422048 0.000618 0.000002 -0.002301 22.174751 0.161068 -4.391279 -0.516454 0.015379 0.066412 -0.657452 0.041872 0.016413 -0.000006 0.000483 -0.000004 19.639772 0.080066 -8.030620 -0.580897 -0.007903 -0.012225 -0.280792 0.004206 -0.012669 0.001680 -0.000057 -0.000156 16.064287 -0.043256 -10.600222 0.000038 0.024222 0.072129 -0.016094 -0.003632 0.061113 0.000683 0.000019 0.000003 12.824717 -0.168349 -12.902225 -0.010166 0.096920 0.397280 0.076007 0.006632 0.252948 -0.001427 -0.000000 -0.000027 0.000000 0.000000 0.000000 0.000000 0.000000 0.000000 -20.247290 1.238140 10.382708 -0.552957 -1.235972 24.279181 9.756562 -10.241170 13.617781 -1.219101 -1.584249 -26.869917 0.000000 0.000000 0.000000 0.000000 0.000000 0.000000 0.000000 0.000000 0.000000 -9.327029 10.835773 16.700006 -0.002823 0.129300 13.764080 10.152439 13.954609 12.738337 -0.500469 0.739839 -27.260870 0.000000 0.000000 0.000000 0.000000 0.000000 0.000000 0.000000 0.000000 0.000000 
25.406256 85.380539 11.870952 5.126421 -7.329190 -17.265026 -3.451971 0.835814 7.336621 2.414991 -0.323437 0.767713 -6.903258 3.086421 18.505383 -0.392534 -0.352099 0.911660 6.493502 1.916699 9.542497 -1.976348 1.311925 -8.292809 1.283669 3.299068 -24.992037 0.000000 0.000000 0.000000 98.874939 -0.751372 4.845019 68.403221 -10.438497 5.399092 2.557148 28.512674 31.763325 -17.677511 19.277758 -10.945522 3.800172 -0.776991 43.272007 0.000013 0.000038 -8.742755 0.000021 0.000052 -6.001015 0.000010 0.000018 -0.000038 -22.900234 0.218895 0.988470 -0.085303 -0.004104 0.162535 -0.283477 0.026169 0.151493 -0.000011 0.000008 0.000001 -22.154757 0.086814 -3.562515 -0.267045 -0.012854 0.083393 -0.278734 0.001294 0.075099 -0.000004 0.000112 0.000009 -21.551088 -0.087196 -9.478396 -0.501377 0.052497 -0.207806 -0.534610 0.014129 -0.167372 0.000006 -0.002238 0.000027 -18.157066 -0.211495 -15.648775 -0.757373 0.167294 -0.790628 -0.765710 0.062476 -0.668096 -0.000008 -0.000014 -0.000029 0.000000 0.000000 0.000000 0.000000 0.000000 0.000000 -94.099777 0.735394 3.134060 -59.439541 12.395209 -0.185917 -5.087250 -19.792871 48.927753 18.615929 -12.269973 -19.940397 -3.404140 0.745810 43.344322 0.000015 0.000012 -8.332212 -0.000128 -0.000041 -5.712909 0.000626 0.000002 -0.002294 21.203728 0.162311 -4.647777 -0.427972 0.013146 0.058568 -0.569240 0.039519 0.009353 -0.000006 0.000478 -0.000004 18.674618 0.080812 -8.226928 -0.502376 -0.008836 -0.015239 -0.204577 0.003548 -0.014937 0.001668 -0.000057 -0.000155 15.045511 -0.044392 -10.694901 0.010027 0.024984 0.073801 -0.004680 -0.003071 0.063150 0.000689 0.000019 0.000003 11.844072 -0.170962 -12.930546 -0.060429 0.098140 0.401400 0.022619 0.008029 0.257282 -0.001441 -0.000000 -0.000027 0.000000 0.000000 0.000000 0.000000 0.000000 0.000000 -20.271145 1.283395 10.269291 -0.554641 -1.239952 24.306707 9.792139 -10.215046 13.664500 -1.215792 -1.580740 -26.894409 0.000000 0.000000 0.000000 0.000000 0.000000 0.000000 0.000000 0.000000 0.000000 -9.360339 10.871352 16.664007 -0.004216 0.123171 13.721222 10.179723 13.991683 12.766803 -0.503199 0.741572 -27.270754 0.000000 0.000000 0.000000 0.000000 0.000000 0.000000 0.000000 0.000000 0.000000 
25.436968 85.376404 11.849954 5.138446 -7.352289 -17.200607 -3.464848 0.837432 7.334911 2.405878 -0.323771 0.758169 -6.900725 3.081350 18.497423 -0.400764 -0.349301 0.897076 6.510302 1.889373 9.552390 -1.967629 1.293590 -8.275583 1.286421 3.297279 -24.978460 0.000000 0.000000 0.000000 98.862083 -0.742840 4.846324 68.394295 -10.514985 5.387904 2.543667 28.506411 31.900192 -17.323025 19.303526 -10.860047 3.905676 -0.797670 43.219929 0.000013 0.000038 -9.011363 0.000021 0.000052 -6.187993 0.000010 0.000018 -0.000038 -22.291166 0.219883 0.811332 -0.149666 -0.005464 0.167561 -0.353817 0.025302 0.156283 -0.000011 0.000009 0.000001 -21.551500 0.086760 -3.701895 -0.335735 -0.013518 0.085529 -0.344889 0.000930 0.076754 -0.000004 0.000115 0.000009 -20.948393 -0.088104 -9.559623 -0.567083 0.053080 -0.210634 -0.598826 0.014801 -0.169635 0.000006 -0.002185 0.000027 -17.629448 -0.212720 -15.678124 -0.806881 0.168679 -0.794506 -0.819081 0.064162 -0.671624 -0.000000 -0.000014 -0.000029 0.000000 0.000000 0.000000 0.000000 0.000000 0.000000 -94.073151 0.737733 3.115955 -59.314022 12.326632 -0.163292 -5.105546 -19.836737 48.854809 17.947615 -12.816930 -20.070099 -3.573082 0.775196 43.263226 0.000014 0.000012 -8.757736 -0.000127 -0.000041 -6.013274 0.000623 0.000003 -0.002283 20.210873 0.163744 -4.921633 -0.344881 0.011372 0.054112 -0.486343 0.037642 0.005167 -0.000006 0.000477 -0.000005 17.690136 0.081668 -8.439429 -0.433441 -0.009590 -0.016804 -0.138323 0.003085 -0.016040 0.001651 -0.000057 -0.000154 14.008452 -0.045557 -10.805903 -0.001501 0.025373 0.073293 -0.015176 -0.002791 0.063629 0.000699 0.000019 0.000003 10.848220 -0.173285 -12.972537 -0.138523 0.098467 0.398372 -0.060306 0.008539 0.255970 -0.001457 -0.000001 -0.000027 0.000000 0.000000 0.000000 0.000000 0.000000 0.000000 -20.295864 1.321795 10.147943 -0.556287 -1.243505 24.342951 9.827127 -10.197329 13.712729 -1.212950 -1.578114 -26.920944 0.000000 0.000000 0.000000 0.000000 0.000000 0.000000 0.000000 0.000000 0.000000 -9.394362 10.901632 16.623032 -0.005502 0.117317 13.687738 10.203780 14.024693 12.792045 -0.506660 0.743075 -27.282831 0.000000 0.000000 0.000000 0.000000 0.000000 0.000000 0.000000 0.000000 0.000000 
25.467459 85.370750 11.830352 5.150827 -7.370062 -17.135521 -3.477981 0.837542 7.333273 2.400830 -0.326335 0.752716 -6.899858 3.074997 18.489391 -0.405934 -0.349534 0.880400 6.518982 1.869277 9.551535 -1.958031 1.281211 -8.262204 1.286854 3.295714 -24.962000 0.000000 0.000000 0.000000 98.859383 -0.735798 4.845722 68.369255 -10.591565 5.365095 2.525220 28.486952 32.061195 -16.982189 19.261663 -10.763793 4.010462 -0.817728 43.168358 0.000013 0.000038 -9.279142 0.000022 0.000052 -6.375275 0.000010 0.000018 -0.000039 -21.686495 0.220881 0.644827 -0.209474 -0.006755 0.172570 -0.420016 0.024486 0.161054 -0.000011 0.000009 0.000001 -20.959869 0.086795 -3.833803 -0.397819 -0.014134 0.087496 -0.405031 0.000588 0.078267 -0.000004 0.000117 0.000009 -20.359249 -0.089054 -9.642956 -0.621838 0.053595 -0.213035 -0.652116 0.015372 -0.171523 0.000006 -0.002121 0.000027 -17.116617 -0.213822 -15.713423 -0.842401 0.169500 -0.796693 -0.857411 0.065285 -0.673671 0.000004 -0.000014 -0.000029 0.000000 0.000000 0.000000 0.000000 0.000000 0.000000 -94.053909 0.740719 3.101718 -59.192635 12.237509 -0.157895 -5.122063 -19.858164 48.775467 17.270090 -13.350490 -20.176405 -3.746078 0.804972 43.180668 0.000014 0.000012 -9.191986 -0.000127 -0.000041 -6.319456 0.000609 0.000003 -0.002267 19.210794 0.165308 -5.209006 -0.269310 0.010170 0.053206 -0.411004 0.036369 0.004028 -0.000005 0.000479 -0.000005 16.700235 0.082599 -8.664455 -0.375689 -0.010112 -0.016857 -0.083683 0.002844 -0.015936 0.001633 -0.000057 -0.000154 12.967390 -0.046712 -10.930226 -0.034829 0.025337 0.070590 -0.047891 -0.002822 0.062518 0.000713 0.000019 0.000003 9.851280 -0.175234 -13.025449 -0.243402 0.097793 0.388317 -0.171269 0.008065 0.248993 -0.001471 -0.000001 -0.000027 0.000000 0.000000 0.000000 0.000000 0.000000 0.000000 -20.323410 1.351030 10.020388 -0.557921 -1.246490 24.389339 9.862197 -10.189713 13.761271 -1.210875 -1.576365 -26.948433 0.000000 0.000000 0.000000 0.000000 0.000000 0.000000 0.000000 0.000000 0.000000 -9.430589 10.925257 16.576830 -0.006644 0.112010 13.664956 10.225710 14.051635 12.812607 -0.511004 0.743965 -27.295630 0.000000 0.000000 0.000000 0.000000 0.000000 0.000000 0.000000 0.000000 0.000000 
25.497576 85.363655 11.812761 5.164521 -7.382821 -17.073181 -3.490426 0.836532 7.332624 2.399472 -0.330465 0.750167 -6.901855 3.069848 18.481478 -0.410288 -0.351902 0.860458 6.519987 1.852706 9.546791 -1.947714 1.271282 -8.249921 1.286169 3.293743 -24.945263 0.000000 0.000000 0.000000 98.865982 -0.729446 4.844600 68.333992 -10.661394 5.332310 2.502743 28.459669 32.246323 -16.672009 19.170832 -10.666520 4.111599 -0.836532 43.118866 0.000013 0.000039 -9.538008 0.000022 0.000052 -6.557161 0.000010 0.000017 -0.000039 -21.106144 0.221861 0.490906 -0.263265 -0.007945 0.177946 -0.480145 0.023713 0.166138 -0.000012 0.000009 0.000001 -20.396849 0.086919 -3.957005 -0.451986 -0.014698 0.089446 -0.457657 0.000270 0.079787 -0.000004 0.000119 0.000009 -19.796329 -0.090000 -9.727454 -0.664192 0.054040 -0.215223 -0.692921 0.015848 -0.173201 0.000007 -0.002054 0.000027 -16.624771 -0.214605 -15.754640 -0.862720 0.169785 -0.797987 -0.879514 0.065868 -0.674894 0.000004 -0.000014 -0.000028 0.000000 0.000000 0.000000 0.000000 0.000000 0.000000 -94.042755 0.742855 3.090992 -59.081432 12.136516 -0.166039 -5.135674 -19.860172 48.696449 16.607018 -13.878265 -20.266541 -3.919433 0.834600 43.098083 0.000013 0.000012 -9.627168 -0.000127 -0.000041 -6.625757 0.000587 0.000003 -0.002249 18.222504 0.166977 -5.502163 -0.203149 0.009572 0.055493 -0.345335 0.035741 0.005601 -0.000005 0.000484 -0.000005 15.722536 0.083567 -8.895555 -0.330170 -0.010381 -0.015578 -0.041764 0.002822 -0.014784 0.001617 -0.000057 -0.000154 11.939913 -0.047833 -11.065331 -0.088243 0.024906 0.066041 -0.101006 -0.003140 0.060039 0.000731 0.000019 0.000003 8.870050 -0.176654 -13.089144 -0.371049 0.096195 0.372414 -0.305692 0.006664 0.237210 -0.001483 -0.000001 -0.000027 0.000000 0.000000 0.000000 0.000000 0.000000 0.000000 -20.355982 1.368539 9.888180 -0.559577 -1.248802 24.449308 9.897812 -10.195010 13.809181 -1.209791 -1.575519 -26.975853 0.000000 0.000000 0.000000 0.000000 0.000000 0.000000 0.000000 0.000000 0.000000 -9.471375 10.941620 16.525707 -0.007652 0.107292 13.654180 10.247069 14.072508 12.828006 -0.516248 0.744121 -27.307364 0.000000 0.000000 0.000000 0.000000 0.000000 0.000000 0.000000 0.000000 0.000000 
25.526329 85.355942 11.797414 5.179130 -7.391996 -17.016687 -3.500833 0.834726 7.333118 2.399037 -0.334992 0.749514 -6.905831 3.067909 18.473869 -0.415460 -0.354744 0.838620 6.514746 1.838258 9.544363 -1.937261 1.263036 -8.236860 1.284265 3.291189 -24.930639 0.000000 0.000000 0.000000 98.876831 -0.722669 4.841927 68.293800 -10.723038 5.292385 2.478005 28.426044 32.450806 -16.393562 19.047258 -10.572470 4.207729 -0.854230 43.071667 0.000013 0.000039 -9.785183 0.000022 0.000052 -6.731177 0.000010 0.000017 -0.000039 -20.554382 0.222749 0.349914 -0.313040 -0.009230 0.183902 -0.535649 0.022745 0.171651 -0.000012 0.000009 0.000000 -19.862438 0.087068 -4.071474 -0.500939 -0.015281 0.091471 -0.505435 -0.000082 0.081375 -0.000004 0.000119 0.000008 -19.256752 -0.090896 -9.811258 -0.697128 0.054554 -0.217337 -0.724198 0.016315 -0.174751 0.000007 -0.001986 0.000027 -16.149937 -0.214992 -15.799237 -0.871750 0.170053 -0.799012 -0.889708 0.066362 -0.675821 0.000002 -0.000014 -0.000028 0.000000 0.000000 0.000000 0.000000 0.000000 0.000000 -94.039139 0.743450 3.080769 -58.978722 12.039310 -0.179916 -5.145350 -19.848261 48.623222 15.981547 -14.382729 -20.346405 -4.088493 0.863620 43.017193 0.000013 0.000012 -10.052907 -0.000127 -0.000040 -6.924585 0.000559 0.000003 -0.002226 17.261274 0.168665 -5.791289 -0.146361 0.009319 0.059950 -0.289090 0.035495 0.009118 -0.000005 0.000493 -0.000005 14.771455 0.084494 -9.124566 -0.294831 -0.010490 -0.013400 -0.010203 0.002930 -0.012899 0.001603 -0.000058 -0.000156 10.940079 -0.048906 -11.204960 -0.154681 0.024284 0.060258 -0.167245 -0.003603 0.056592 0.000754 0.000018 0.000002 7.917853 -0.177723 -13.160231 -0.511270 0.094189 0.352706 -0.452490 0.004812 0.222107 -0.001490 -0.000001 -0.000028 0.000000 0.000000 0.000000 0.000000 0.000000 0.000000 -20.392241 1.376880 9.754486 -0.561155 -1.250278 24.524359 9.933595 -10.212558 13.855191 -1.209195 -1.575806 -27.002750 0.000000 0.000000 0.000000 0.000000 0.000000 0.000000 0.000000 0.000000 0.000000 -9.515421 10.954460 16.474150 -0.008570 0.103110 13.651130 10.268747 14.088824 12.840082 -0.521721 0.743842 -27.317225 0.000000 0.000000 0.000000 0.000000 0.000000 0.000000 0.000000 0.000000 0.000000 
25.552784 85.348053 11.784018 5.193357 -7.398960 -16.966448 -3.508570 0.832465 7.334581 2.397027 -0.338862 0.749575 -6.909890 3.069608 18.465921 -0.421948 -0.356798 0.817368 6.508216 1.824492 9.547608 -1.926803 1.256751 -8.221699 1.281150 3.288127 -24.918385 0.000000 0.000000 0.000000 98.887146 -0.714555 4.837891 68.250923 -10.778547 5.246821 2.453189 28.388706 32.664104 -16.144180 18.909903 -10.481156 4.299059 -0.870949 43.026718 0.000013 0.000039 -10.020518 0.000022 0.000052 -6.897076 0.000010 0.000017 -0.000039 -20.033884 0.223527 0.220944 -0.359561 -0.010596 0.190312 -0.587067 0.021574 0.177450 -0.000012 0.000009 0.000000 -19.356758 0.087197 -4.177918 -0.545969 -0.015880 0.093541 -0.549566 -0.000459 0.082996 -0.000004 0.000119 0.000008 -18.739635 -0.091724 -9.891991 -0.722443 0.055137 -0.219328 -0.747941 0.016772 -0.176133 0.000007 -0.001918 0.000027 -15.690815 -0.215078 -15.844134 -0.871919 0.170408 -0.799640 -0.890803 0.066872 -0.676346 -0.000002 -0.000014 -0.000028 0.000000 0.000000 0.000000 0.000000 0.000000 0.000000 -94.041283 0.742552 3.070343 -58.881966 11.957031 -0.196099 -5.151280 -19.829401 48.561497 15.405766 -14.845976 -20.417068 -4.249745 0.891485 42.939625 0.000013 0.000012 -10.460201 -0.000127 -0.000040 -7.209785 0.000530 0.000003 -0.002202 16.340988 0.170299 -6.070308 -0.098336 0.009269 0.065716 -0.241425 0.035469 0.013900 -0.000004 0.000505 -0.000005 13.860788 0.085326 -9.346167 -0.267640 -0.010499 -0.010671 0.013377 0.003108 -0.010541 0.001593 -0.000058 -0.000158 9.982512 -0.049911 -11.343443 -0.227748 0.023585 0.053709 -0.240221 -0.004134 0.052488 0.000784 0.000018 0.000002 7.008410 -0.178688 -13.234262 -0.655882 0.091999 0.330563 -0.602683 0.002731 0.204751 -0.001494 -0.000001 -0.000028 0.000000 0.000000 0.000000 0.000000 0.000000 0.000000 -20.429672 1.379675 9.621375 -0.562609 -1.251007 24.610657 9.968475 -10.237930 13.899776 -1.208462 -1.577085 -27.028849 0.000000 0.000000 0.000000 0.000000 0.000000 0.000000 0.000000 0.000000 0.000000 -9.560046 10.967108 16.424828 -0.009383 0.099398 13.651598 10.290876 14.101862 12.850700 -0.526983 0.743312 -27.325748 0.000000 0.000000 0.000000 0.000000 0.000000 0.000000 0.000000 0.000000 0.000000 
25.576601 85.339996 11.772052 5.206299 -7.403764 -16.921549 -3.513007 0.829945 7.336408 2.392786 -0.341622 0.750016 -6.912390 3.075006 18.456659 -0.430261 -0.357445 0.798247 6.506309 1.808861 9.560824 -1.916301 1.250720 -8.202447 1.278056 3.284721 -24.909096 0.000000 0.000000 0.000000 98.894890 -0.705029 4.833621 68.205788 -10.830257 5.198144 2.429583 28.353857 32.873974 -15.935126 18.776745 -10.397264 4.384732 -0.886344 42.984871 0.000013 0.000040 -10.240211 0.000022 0.000052 -7.052495 0.000010 0.000017 -0.000039 -19.556780 0.224273 0.105143 -0.403356 -0.011903 0.197232 -0.634838 0.020339 0.183673 -0.000012 0.000009 0.000000 -18.891211 0.087325 -4.275778 -0.587371 -0.016456 0.095693 -0.590316 -0.000816 0.084702 -0.000004 0.000118 0.000008 -18.254570 -0.092486 -9.967836 -0.740258 0.055697 -0.221180 -0.764620 0.017164 -0.177369 0.000007 -0.001852 0.000027 -15.252607 -0.214962 -15.889292 -0.862778 0.170635 -0.799612 -0.882524 0.067203 -0.676316 -0.000005 -0.000015 -0.000029 0.000000 0.000000 0.000000 0.000000 0.000000 0.000000 -94.048347 0.740934 3.060289 -58.789551 11.888347 -0.214061 -5.154583 -19.809750 48.515324 14.883238 -15.268007 -20.482018 -4.401102 0.917728 42.866455 0.000012 0.000012 -10.843740 -0.000127 -0.000040 -7.477960 0.000502 0.000003 -0.002176 15.474264 0.171866 -6.338460 -0.058117 0.009417 0.072200 -0.201317 0.035653 0.019392 -0.000004 0.000520 -0.000005 13.002911 0.086057 -9.559381 -0.247679 -0.010426 -0.007621 0.030024 0.003339 -0.007905 0.001585 -0.000058 -0.000161 9.078997 -0.050822 -11.479587 -0.305307 0.022810 0.046659 -0.317788 -0.004732 0.047930 0.000821 0.000018 0.000002 6.150743 -0.179551 -13.310511 -0.802957 0.089541 0.306581 -0.753842 0.000367 0.185712 -0.001496 -0.000001 -0.000028 0.000000 0.000000 0.000000 0.000000 0.000000 0.000000 -20.466650 1.378695 9.490634 -0.563947 -1.251191 24.702623 10.001657 -10.268339 13.944197 -1.207350 -1.579045 -27.054203 0.000000 0.000000 0.000000 0.000000 0.000000 0.000000 0.000000 0.000000 0.000000 -9.604514 10.979733 16.377022 -0.010053 0.096153 13.653967 10.313583 14.111378 12.861274 -0.532177 0.742472 -27.333643 0.000000 0.000000 0.000000 0.000000 0.000000 0.000000 0.000000 0.000000 0.000000 
25.597876 85.331818 11.761162 5.217340 -7.405601 -16.879892 -3.514253 0.827158 7.337423 2.386179 -0.343041 0.749821 -6.912384 3.083117 18.446068 -0.440576 -0.356689 0.782233 6.514657 1.788723 9.585336 -1.905904 1.243553 -8.178398 1.275880 3.281278 -24.902412 0.000000 0.000000 0.000000 98.899292 -0.694510 4.827505 68.158180 -10.879513 5.145565 2.408607 28.326160 33.070030 -15.765184 18.657084 -10.323790 4.464533 -0.900433 42.946243 0.000014 0.000040 -10.443240 0.000022 0.000052 -7.196698 0.000010 0.000016 -0.000039 -19.122248 0.225021 0.001291 -0.445168 -0.013195 0.204792 -0.679818 0.019010 0.190493 -0.000012 0.000009 -0.000000 -18.465101 0.087448 -4.365402 -0.626044 -0.017029 0.098015 -0.628445 -0.001168 0.086568 -0.000004 0.000117 0.000008 -17.801527 -0.093176 -10.037097 -0.752235 0.056255 -0.223030 -0.776075 0.017517 -0.178584 0.000007 -0.001788 0.000027 -14.834861 -0.214699 -15.932768 -0.846117 0.170848 -0.799236 -0.866837 0.067458 -0.676012 -0.000009 -0.000015 -0.000029 0.000000 0.000000 0.000000 0.000000 0.000000 0.000000 -94.059517 0.739365 3.050176 -58.698853 11.836376 -0.233921 -5.156123 -19.793648 48.484703 14.414722 -15.651209 -20.542879 -4.541001 0.942161 42.798344 0.000012 0.000012 -11.199735 -0.000127 -0.000040 -7.726607 0.000478 0.000003 -0.002148 14.668012 0.173324 -6.592910 -0.023866 0.009651 0.078607 -0.166835 0.035924 0.024906 -0.000004 0.000539 -0.000005 12.205304 0.086680 -9.761418 -0.232937 -0.010319 -0.004555 0.041969 0.003584 -0.005230 0.001575 -0.000058 -0.000165 8.238106 -0.051629 -11.609915 -0.383125 0.022016 0.039486 -0.395791 -0.005350 0.043210 0.000865 0.000018 0.000002 5.352674 -0.180314 -13.385720 -0.947472 0.086932 0.281766 -0.900734 -0.002164 0.165857 -0.001498 -0.000001 -0.000028 0.000000 0.000000 0.000000 0.000000 0.000000 0.000000 -20.501987 1.376344 9.363727 -0.565211 -1.251154 24.794870 10.033513 -10.301703 13.988364 -1.205737 -1.581241 -27.079243 0.000000 0.000000 0.000000 0.000000 0.000000 0.000000 0.000000 0.000000 0.000000 -9.648361 10.992271 16.330067 -0.010563 0.093444 13.655256 10.337318 14.115930 12.872394 -0.537354 0.741246 -27.341375 0.000000 0.000000 0.000000 0.000000 0.000000 0.000000 0.000000 0.000000 0.000000 
25.616844 85.323631 11.751156 5.226150 -7.402941 -16.839201 -3.513130 0.824111 7.336839 2.377303 -0.343094 0.747968 -6.909214 3.092492 18.434692 -0.452504 -0.355059 0.769253 6.536367 1.762667 9.620469 -1.895854 1.234197 -8.149873 1.275250 3.278318 -24.897530 0.000000 0.000000 0.000000 98.900574 -0.683477 4.818222 68.107185 -10.926445 5.089261 2.391088 28.308599 33.244160 -15.629075 18.553511 -10.263815 4.538885 -0.913331 42.910595 0.000014 0.000040 -10.630505 0.000023 0.000052 -7.330294 0.000010 0.000016 -0.000040 -18.725281 0.225808 -0.091962 -0.485397 -0.014485 0.212959 -0.722503 0.017603 0.197940 -0.000012 0.000009 -0.000000 -18.073832 0.087562 -4.446721 -0.662480 -0.017605 0.100527 -0.664386 -0.001519 0.088608 -0.000004 0.000116 0.000008 -17.377571 -0.093795 -10.097824 -0.759898 0.056810 -0.224984 -0.783909 0.017842 -0.179869 0.000007 -0.001728 0.000027 -14.436114 -0.214357 -15.971498 -0.823803 0.171069 -0.798768 -0.845685 0.067681 -0.675673 -0.000014 -0.000015 -0.000030 0.000000 0.000000 0.000000 0.000000 0.000000 0.000000 -94.073776 0.738167 3.040278 -58.607174 11.801958 -0.254144 -5.156602 -19.781443 48.464520 13.996525 -15.999978 -20.599888 -4.669069 0.964741 42.735531 0.000012 0.000012 -11.526708 -0.000128 -0.000040 -7.954924 0.000460 0.000003 -0.002115 13.925695 0.174665 -6.832588 0.006100 0.009910 0.084441 -0.136270 0.036209 0.030028 -0.000004 0.000560 -0.000005 11.471858 0.087198 -9.950786 -0.221671 -0.010206 -0.001654 0.051072 0.003822 -0.002657 0.001563 -0.000058 -0.000168 7.464617 -0.052329 -11.731238 -0.457930 0.021221 0.032426 -0.470993 -0.005969 0.038519 0.000914 0.000018 0.000002 4.618533 -0.180982 -13.455808 -1.085446 0.084210 0.256760 -1.039491 -0.004803 0.145750 -0.001500 -0.000001 -0.000028 0.000000 0.000000 0.000000 0.000000 0.000000 0.000000 -20.535007 1.374921 9.242227 -0.566428 -1.251123 24.883722 10.064786 -10.336645 14.031703 -1.203621 -1.583335 -27.104902 0.000000 0.000000 0.000000 0.000000 0.000000 0.000000 0.000000 0.000000 0.000000 -9.691136 11.004760 16.283855 -0.010911 0.091389 13.652605 10.362468 14.113328 12.884151 -0.542469 0.739579 -27.349285 0.000000 0.000000 0.000000 0.000000 0.000000 0.000000 0.000000 0.000000 0.000000 
25.633652 85.315620 11.741906 5.232852 -7.394508 -16.799185 -3.510605 0.820760 7.334575 2.366407 -0.341922 0.743869 -6.902278 3.101648 18.423416 -0.465330 -0.353309 0.758328 6.570547 1.731611 9.665030 -1.886541 1.222360 -8.117362 1.276388 3.276413 -24.893770 0.000000 0.000000 0.000000 98.899429 -0.672316 4.805767 68.051353 -10.971376 5.032370 2.376758 28.301525 33.391354 -15.523419 18.463821 -10.221323 4.607968 -0.925093 42.877838 0.000014 0.000040 -10.802522 0.000023 0.000052 -7.453666 0.000010 0.000016 -0.000040 -18.363474 0.226653 -0.174494 -0.524715 -0.015730 0.221543 -0.763559 0.016185 0.205914 -0.000012 0.000009 -0.000000 -17.715199 0.087672 -4.518697 -0.697129 -0.018164 0.103167 -0.698621 -0.001850 0.090771 -0.000004 0.000115 0.000008 -16.981762 -0.094340 -10.148364 -0.764353 0.057320 -0.227032 -0.789228 0.018124 -0.181229 0.000007 -0.001670 0.000026 -14.056701 -0.213996 -16.003485 -0.797169 0.171213 -0.798178 -0.820421 0.067824 -0.675316 -0.000019 -0.000015 -0.000030 0.000000 0.000000 0.000000 0.000000 0.000000 0.000000 -94.090057 0.737284 3.031521 -58.511414 11.781473 -0.271563 -5.156704 -19.770826 48.447720 13.619039 -16.319651 -20.654251 -4.786003 0.985572 42.677792 0.000012 0.000012 -11.825645 -0.000129 -0.000040 -8.163811 0.000447 0.000003 -0.002077 13.247378 0.175909 -7.057865 0.032938 0.010186 0.089568 -0.108536 0.036493 0.034666 -0.000004 0.000583 -0.000005 10.802331 0.087627 -10.127464 -0.213048 -0.010090 0.001038 0.058160 0.004051 -0.000211 0.001544 -0.000058 -0.000172 6.757386 -0.052924 -11.841930 -0.529261 0.020411 0.025518 -0.542855 -0.006595 0.033902 0.000967 0.000017 0.000002 3.946092 -0.181536 -13.518477 -1.216548 0.081334 0.231668 -1.170080 -0.007558 0.125526 -0.001502 -0.000001 -0.000028 0.000000 0.000000 0.000000 0.000000 0.000000 0.000000 -20.565331 1.376675 9.128236 -0.567604 -1.251173 24.967085 10.096377 -10.372332 14.073636 -1.201124 -1.585144 -27.132236 0.000000 0.000000 0.000000 0.000000 0.000000 0.000000 0.000000 0.000000 0.000000 -9.732424 11.016525 16.238600 -0.011113 0.090092 13.644666 10.388858 14.101868 12.896066 -0.547475 0.737389 -27.357399 0.000000 0.000000 0.000000 0.000000 0.000000 0.000000 0.000000 0.000000 0.000000 
25.649027 85.307510 11.733235 5.238675 -7.377356 -16.759495 -3.507274 0.817497 7.331208 2.355037 -0.339617 0.738210 -6.893842 3.111425 18.412369 -0.480284 -0.351568 0.747183 6.614247 1.695257 9.718152 -1.878160 1.205054 -8.081746 1.281011 3.275717 -24.891106 0.000000 0.000000 0.000000 98.897438 -0.661094 4.795281 67.994362 -11.013536 4.974811 2.364943 28.307497 33.510166 -15.469604 18.393190 -10.204024 4.671350 -0.935365 42.848476 0.000014 0.000039 -10.957862 0.000023 0.000052 -7.565962 0.000010 0.000016 -0.000040 -18.042591 0.227686 -0.246186 -0.562095 -0.016840 0.230752 -0.802119 0.014852 0.214649 -0.000012 0.000010 -0.000000 -17.396616 0.087848 -4.580832 -0.728989 -0.018685 0.106056 -0.729953 -0.002155 0.093189 -0.000003 0.000114 0.000007 -16.621344 -0.094814 -10.189087 -0.764220 0.057745 -0.229370 -0.790835 0.018357 -0.182847 0.000007 -0.001616 0.000026 -13.701962 -0.213563 -16.029211 -0.763902 0.171101 -0.797875 -0.788561 0.067744 -0.675341 -0.000024 -0.000015 -0.000031 0.000000 0.000000 0.000000 0.000000 0.000000 0.000000 -94.107117 0.736494 3.025587 -58.415913 11.767095 -0.287400 -5.156798 -19.757362 48.433910 13.288708 -16.625965 -20.708832 -4.891747 1.004542 42.625191 0.000012 0.000012 -12.096733 -0.000130 -0.000039 -8.353600 0.000440 0.000004 -0.002036 12.637171 0.177131 -7.268307 0.057897 0.010544 0.093828 -0.082762 0.036851 0.038548 -0.000004 0.000605 -0.000005 10.201373 0.088004 -10.291577 -0.206231 -0.009950 0.003424 0.063761 0.004286 0.001982 0.001518 -0.000058 -0.000176 6.122036 -0.053406 -11.943884 -0.597424 0.019541 0.018973 -0.611901 -0.007244 0.029558 0.001025 0.000017 0.000002 3.340877 -0.181700 -13.575673 -1.341788 0.078210 0.207077 -1.294173 -0.010512 0.105760 -0.001503 -0.000000 -0.000028 0.000000 0.000000 0.000000 0.000000 0.000000 0.000000 -20.596689 1.377403 9.020362 -0.568833 -1.251286 25.047207 10.129373 -10.411334 14.115246 -1.198721 -1.586605 -27.161459 0.000000 0.000000 0.000000 0.000000 0.000000 0.000000 0.000000 0.000000 0.000000 -9.775707 11.025203 16.190115 -0.011233 0.089333 13.637305 10.418015 14.082642 12.907961 -0.552886 0.734735 -27.365147 0.000000 0.000000 0.000000 0.000000 0.000000 0.000000 0.000000 0.000000 0.000000 
25.663143 85.299698 11.725216 5.243581 -7.350321 -16.721205 -3.503290 0.814208 7.327199 2.343141 -0.336185 0.730983 -6.884617 3.122339 18.402609 -0.497588 -0.349665 0.734727 6.664055 1.654505 9.781389 -1.871810 1.181282 -8.042479 1.289386 3.276657 -24.890308 0.000000 0.000000 0.000000 98.893776 -0.649639 4.786046 67.940468 -11.054400 4.917298 2.354956 28.323299 33.601322 -15.464721 18.346624 -10.213509 4.728716 -0.944426 42.822170 0.000014 0.000039 -11.096809 0.000023 0.000052 -7.667053 0.000011 0.000016 -0.000040 -17.757507 0.228822 -0.308632 -0.599798 -0.018026 0.240784 -0.840284 0.013389 0.224323 -0.000012 0.000010 -0.000000 -17.112133 0.088071 -4.633671 -0.760362 -0.019241 0.109288 -0.760629 -0.002500 0.095931 -0.000004 0.000112 0.000007 -16.290770 -0.095197 -10.220465 -0.761847 0.058225 -0.232181 -0.790730 0.018643 -0.184845 0.000007 -0.001566 0.000026 -13.368293 -0.212990 -16.048330 -0.726488 0.171169 -0.798494 -0.752730 0.067831 -0.676213 -0.000030 -0.000015 -0.000032 0.000000 0.000000 0.000000 0.000000 0.000000 0.000000 -94.124069 0.735381 3.020440 -58.317806 11.762652 -0.296933 -5.157197 -19.739740 48.422104 13.004948 -16.916355 -20.764742 -4.985898 1.021864 42.577553 0.000012 0.000012 -12.339502 -0.000132 -0.000039 -8.523727 0.000441 0.000004 -0.001989 12.092915 0.178311 -7.460509 0.082434 0.010763 0.096504 -0.057450 0.037052 0.041154 -0.000004 0.000628 -0.000005 9.666984 0.088325 -10.440686 -0.199355 -0.009866 0.005213 0.069773 0.004457 0.003714 0.001485 -0.000058 -0.000179 5.556013 -0.053773 -12.035146 -0.660155 0.018736 0.013137 -0.675808 -0.007820 0.025749 0.001085 0.000017 0.000002 2.801417 -0.181450 -13.626650 -1.458194 0.075222 0.184238 -1.408926 -0.013325 0.087378 -0.001504 -0.000000 -0.000028 0.000000 0.000000 0.000000 0.000000 0.000000 0.000000 -20.629280 1.378487 8.920430 -0.570130 -1.251413 25.126389 10.164885 -10.454726 14.155076 -1.196414 -1.587834 -27.193012 0.000000 0.000000 0.000000 0.000000 0.000000 0.000000 0.000000 0.000000 0.000000 -9.820683 11.030435 16.139067 -0.011337 0.089126 13.630898 10.449502 14.055876 12.918794 -0.558428 0.731519 -27.371664 0.000000 0.000000 0.000000 0.000000 0.000000 0.000000 0.000000 0.000000 0.000000 
25.676172 85.292450 11.717922 5.247645 -7.313109 -16.684628 -3.499264 0.810883 7.323101 2.329816 -0.331564 0.721498 -6.874906 3.133790 18.395437 -0.516309 -0.347968 0.720411 6.717570 1.610949 9.853234 -1.867877 1.152285 -7.999899 1.300889 3.279454 -24.890900 0.000000 0.000000 0.000000 98.888298 -0.638095 4.776845 67.890259 -11.096972 4.859536 2.346488 28.344030 33.664490 -15.484920 18.324211 -10.245270 4.780137 -0.952459 42.798630 0.000014 0.000039 -11.220263 0.000024 0.000052 -7.757290 0.000011 0.000016 -0.000040 -17.504393 0.229997 -0.364012 -0.638290 -0.019349 0.251430 -0.878492 0.011741 0.234716 -0.000012 0.000010 -0.000000 -16.857285 0.088309 -4.678575 -0.792081 -0.019850 0.112792 -0.791335 -0.002902 0.098915 -0.000004 0.000109 0.000007 -15.987394 -0.095494 -10.243753 -0.759212 0.058796 -0.235458 -0.790513 0.019012 -0.187198 0.000007 -0.001520 0.000026 -13.055892 -0.212281 -16.061123 -0.688062 0.171557 -0.800207 -0.716068 0.068245 -0.677984 -0.000036 -0.000015 -0.000033 0.000000 0.000000 0.000000 0.000000 0.000000 0.000000 -94.140938 0.733630 3.014831 -58.213715 11.774840 -0.296458 -5.158288 -19.716137 48.410721 12.755078 -17.185228 -20.817608 -5.069261 1.037705 42.534599 0.000012 0.000012 -12.555117 -0.000133 -0.000039 -8.675053 0.000449 0.000004 -0.001936 11.609121 0.179430 -7.633114 0.106963 0.010722 0.097284 -0.032120 0.036964 0.042301 -0.000004 0.000649 -0.000005 9.193651 0.088586 -10.574084 -0.191413 -0.009883 0.006284 0.077303 0.004527 0.004904 0.001445 -0.000059 -0.000183 5.054216 -0.054031 -12.114444 -0.715612 0.018056 0.008158 -0.732738 -0.008279 0.022573 0.001144 0.000017 0.000002 2.324297 -0.180925 -13.670211 -1.563119 0.072555 0.163684 -1.511937 -0.015825 0.070778 -0.001505 -0.000000 -0.000028 0.000000 0.000000 0.000000 0.000000 0.000000 0.000000 -20.662743 1.382298 8.829353 -0.571494 -1.251581 25.205006 10.203275 -10.499907 14.191663 -1.194060 -1.588822 -27.226885 0.000000 0.000000 0.000000 0.000000 0.000000 0.000000 0.000000 0.000000 0.000000 -9.866054 11.033021 16.087515 -0.011456 0.089496 13.623363 10.482421 14.023062 12.928313 -0.563639 0.727711 -27.376957 0.000000 0.000000 0.000000 0.000000 0.000000 0.000000 0.000000 0.000000 0.000000 
25.688353 85.285744 11.711222 5.251559 -7.265347 -16.649273 -3.496034 0.807755 7.319384 2.315633 -0.326110 0.709878 -6.866062 3.145301 18.390980 -0.536025 -0.346999 0.703437 6.772212 1.566648 9.929599 -1.866230 1.119043 -7.955669 1.315106 3.283967 -24.891912 0.000000 0.000000 0.000000 98.882660 -0.626965 4.768968 67.843430 -11.144989 4.801788 2.339106 28.366186 33.698620 -15.513848 18.328276 -10.295654 4.825662 -0.959419 42.777905 0.000015 0.000039 -11.328464 0.000024 0.000052 -7.836749 0.000011 0.000016 -0.000040 -17.282551 0.231197 -0.414717 -0.676006 -0.020755 0.262487 -0.915409 0.009981 0.245599 -0.000012 0.000010 -0.000000 -16.632076 0.088560 -4.717595 -0.822958 -0.020492 0.116505 -0.820836 -0.003348 0.102083 -0.000004 0.000107 0.000007 -15.712481 -0.095723 -10.261324 -0.756147 0.059421 -0.239196 -0.789910 0.019447 -0.189905 0.000007 -0.001475 0.000026 -12.766850 -0.211465 -16.069437 -0.649243 0.172148 -0.803136 -0.679042 0.068910 -0.680716 -0.000041 -0.000015 -0.000034 0.000000 0.000000 0.000000 0.000000 0.000000 0.000000 -94.158073 0.730866 3.010098 -58.105652 11.805614 -0.287893 -5.159581 -19.682991 48.401218 12.530411 -17.435741 -20.866713 -5.142884 1.052096 42.496063 0.000012 0.000013 -12.745489 -0.000135 -0.000039 -8.809084 0.000463 0.000004 -0.001878 11.181884 0.180520 -7.788156 0.131715 0.010440 0.096185 -0.006629 0.036615 0.041955 -0.000004 0.000668 -0.000005 8.777378 0.088809 -10.694068 -0.182103 -0.009995 0.006627 0.086477 0.004502 0.005521 0.001400 -0.000059 -0.000187 4.613006 -0.054188 -12.184340 -0.763826 0.017489 0.004108 -0.782769 -0.008625 0.020087 0.001200 0.000017 0.000002 1.906413 -0.180121 -13.708512 -1.656814 0.070185 0.145661 -1.603795 -0.018028 0.056186 -0.001506 -0.000000 -0.000028 0.000000 0.000000 0.000000 0.000000 0.000000 0.000000 -20.698128 1.388129 8.745863 -0.572922 -1.251732 25.284424 10.244041 -10.545405 14.224733 -1.191701 -1.589605 -27.262735 0.000000 0.000000 0.000000 0.000000 0.000000 0.000000 0.000000 0.000000 0.000000 -9.911805 11.032954 16.035158 -0.011611 0.090305 13.615847 10.516864 13.986293 12.936852 -0.568435 0.723555 -27.380901 0.000000 0.000000 0.000000 0.000000 0.000000 0.000000 0.000000 0.000000 0.000000 
25.699833 85.279480 11.705056 5.255960 -7.206658 -16.615091 -3.494143 0.805050 7.316398 2.301524 -0.320304 0.696556 -6.859255 3.156372 18.388884 -0.556742 -0.347150 0.683160 6.824360 1.524053 10.006725 -1.866734 1.082845 -7.911235 1.331241 3.289785 -24.892736 0.000000 0.000000 0.000000 98.878426 -0.616852 4.763095 67.799049 -11.202249 4.745284 2.332307 28.385763 33.703053 -15.538568 18.361551 -10.363052 4.865310 -0.965396 42.759911 0.000015 0.000039 -11.421839 0.000025 0.000052 -7.905563 0.000011 0.000016 -0.000040 -17.088886 0.232383 -0.463555 -0.712362 -0.022266 0.273843 -0.950652 0.008105 0.256815 -0.000012 0.000011 -0.000000 -16.433876 0.088815 -4.753551 -0.852794 -0.021176 0.120401 -0.848991 -0.003850 0.105407 -0.000004 0.000104 0.000007 -15.464177 -0.095884 -10.276168 -0.753257 0.060119 -0.243405 -0.789391 0.019964 -0.192977 0.000007 -0.001429 0.000026 -12.500039 -0.210541 -16.075676 -0.611166 0.173012 -0.807545 -0.642720 0.069877 -0.684615 -0.000046 -0.000015 -0.000035 0.000000 0.000000 0.000000 0.000000 0.000000 0.000000 -94.175880 0.726855 3.007680 -57.996239 11.855562 -0.272855 -5.160042 -19.637222 48.396114 12.324882 -17.671389 -20.914042 -5.207500 1.065148 42.461624 0.000012 0.000013 -12.912528 -0.000137 -0.000039 -8.927155 0.000481 0.000004 -0.001816 10.805079 0.181607 -7.927647 0.157128 0.009908 0.093260 0.019409 0.036004 0.040113 -0.000004 0.000686 -0.000005 8.411894 0.089000 -10.802940 -0.171091 -0.010205 0.006239 0.097475 0.004383 0.005548 0.001352 -0.000059 -0.000190 4.225692 -0.054246 -12.247873 -0.805335 0.017055 0.001051 -0.826351 -0.008847 0.018344 0.001252 0.000016 0.000002 1.541054 -0.179004 -13.744689 -1.740402 0.068181 0.130446 -1.685689 -0.019881 0.043836 -0.001507 -0.000000 -0.000029 0.000000 0.000000 0.000000 0.000000 0.000000 0.000000 -20.736738 1.394279 8.669425 -0.574377 -1.251737 25.365562 10.286979 -10.590983 14.254112 -1.189457 -1.590218 -27.299868 0.000000 0.000000 0.000000 0.000000 0.000000 0.000000 0.000000 0.000000 0.000000 -9.957968 11.030036 15.982140 -0.011829 0.091332 13.609536 10.553124 13.947067 12.944812 -0.572912 0.719339 -27.383007 0.000000 0.000000 0.000000 0.000000 0.000000 0.000000 0.000000 0.000000 0.000000 
25.710676 85.273621 11.699436 5.261389 -7.136745 -16.583040 -3.493747 0.803037 7.314626 2.287986 -0.314420 0.682396 -6.855011 3.167032 18.388411 -0.578852 -0.348327 0.659404 6.870391 1.485035 10.083068 -1.869348 1.044592 -7.867100 1.348454 3.296505 -24.893520 0.000000 0.000000 0.000000 98.876022 -0.607864 4.759903 67.756996 -11.272363 4.691480 2.325770 28.399775 33.677414 -15.548220 18.427605 -10.446563 4.899119 -0.970540 42.744446 0.000015 0.000039 -11.500887 0.000025 0.000052 -7.963920 0.000011 0.000016 -0.000041 -16.920532 0.233514 -0.513055 -0.747722 -0.023961 0.285427 -0.984652 0.006039 0.268219 -0.000012 0.000011 -0.000000 -16.259628 0.089054 -4.789389 -0.882299 -0.021928 0.124453 -0.876623 -0.004432 0.108852 -0.000004 0.000101 0.000007 -15.240007 -0.095972 -10.291451 -0.751807 0.060949 -0.248059 -0.790047 0.020594 -0.196392 0.000007 -0.001383 0.000026 -12.253882 -0.209488 -16.082474 -0.575439 0.174362 -0.813603 -0.608798 0.071305 -0.689813 -0.000051 -0.000015 -0.000037 0.000000 0.000000 0.000000 0.000000 0.000000 0.000000 -94.194366 0.721603 3.007954 -57.886963 11.925963 -0.249759 -5.158531 -19.577694 48.397205 12.134463 -17.892527 -20.959484 -5.263632 1.076990 42.430981 0.000011 0.000013 -13.057869 -0.000138 -0.000039 -9.030341 0.000501 0.000004 -0.001754 10.471046 0.182703 -8.053217 0.183376 0.009083 0.088641 0.046178 0.035101 0.036887 -0.000004 0.000703 -0.000005 8.089240 0.089154 -10.902294 -0.158226 -0.010528 0.005145 0.110405 0.004161 0.005005 0.001304 -0.000059 -0.000193 3.883328 -0.054218 -12.307067 -0.840958 0.016805 -0.001006 -0.864133 -0.008919 0.017341 0.001299 0.000016 0.000002 1.219037 -0.177608 -13.780914 -1.815350 0.066680 0.118174 -1.758949 -0.021275 0.033845 -0.001509 -0.000000 -0.000029 0.000000 0.000000 0.000000 0.000000 0.000000 0.000000 -20.779688 1.399254 8.600745 -0.575795 -1.251432 25.448427 10.332252 -10.636324 14.279984 -1.187443 -1.590646 -27.337538 0.000000 0.000000 0.000000 0.000000 0.000000 0.000000 0.000000 0.000000 0.000000 -10.004318 11.024543 15.929897 -0.012131 0.092369 13.604837 10.591397 13.906035 12.952829 -0.577215 0.715271 -27.382811 0.000000 0.000000 0.000000 0.000000 0.000000 0.000000 0.000000 0.000000 0.000000 
25.720819 85.268257 11.694313 5.267730 -7.055953 -16.553923 -3.494900 0.801813 7.314605 2.274776 -0.308490 0.667746 -6.852218 3.177081 18.388874 -0.601903 -0.350151 0.632930 6.908468 1.450627 10.158588 -1.873917 1.005986 -7.822707 1.365458 3.303727 -24.894434 0.000000 0.000000 0.000000 98.874420 -0.599769 4.758284 67.716408 -11.356017 4.642768 2.319454 28.406796 33.624817 -15.519190 18.524691 -10.540312 4.927706 -0.975139 42.731033 0.000016 0.000038 -11.567383 0.000026 0.000052 -8.013048 0.000011 0.000016 -0.000041 -16.773052 0.234507 -0.565631 -0.783284 -0.025879 0.296860 -1.018647 0.003750 0.279407 -0.000012 0.000012 -0.000000 -16.103849 0.089225 -4.828331 -0.912791 -0.022757 0.128496 -0.905193 -0.005093 0.112257 -0.000004 0.000099 0.000007 -15.035307 -0.095962 -10.310644 -0.753848 0.061929 -0.252934 -0.793711 0.021342 -0.199964 0.000006 -0.001337 0.000026 -12.025704 -0.208292 -16.093178 -0.545034 0.176332 -0.820940 -0.580505 0.073301 -0.695970 -0.000055 -0.000015 -0.000038 0.000000 0.000000 0.000000 0.000000 0.000000 0.000000 -94.213425 0.715349 3.010177 -57.776951 12.019087 -0.215333 -5.153921 -19.507442 48.405235 11.949609 -18.095116 -20.998669 -5.312165 1.087779 42.403736 0.000011 0.000013 -13.183652 -0.000140 -0.000039 -9.120030 0.000522 0.000004 -0.001693 10.170926 0.183779 -8.165402 0.209910 0.007932 0.082675 0.073228 0.033868 0.032633 -0.000004 0.000721 -0.000005 7.799620 0.089250 -10.992379 -0.144148 -0.010982 0.003487 0.124724 0.003830 0.004028 0.001257 -0.000058 -0.000195 3.574138 -0.054115 -12.361880 -0.872096 0.016776 -0.002235 -0.897299 -0.008830 0.016922 0.001342 0.000016 0.000002 0.927833 -0.176069 -13.817704 -1.883621 0.065775 0.108463 -1.825252 -0.022131 0.025881 -0.001513 -0.000000 -0.000029 0.000000 0.000000 0.000000 0.000000 0.000000 0.000000 -20.825914 1.404779 8.541627 -0.577099 -1.250756 25.530930 10.380084 -10.679295 14.301960 -1.185693 -1.590774 -27.375237 0.000000 0.000000 0.000000 0.000000 0.000000 0.000000 0.000000 0.000000 0.000000 -10.049276 11.017230 15.881212 -0.012500 0.093353 13.600246 10.630797 13.863325 12.960721 -0.581303 0.711416 -27.380259 0.000000 0.000000 0.000000 0.000000 0.000000 0.000000 0.000000 0.000000 0.000000 
25.730379 85.263168 11.689450 5.275828 -6.964197 -16.528023 -3.497517 0.801618 7.316414 2.262302 -0.302560 0.653983 -6.851649 3.186939 18.389458 -0.626431 -0.352190 0.604210 6.938722 1.419702 10.231062 -1.879812 0.966090 -7.779431 1.382323 3.311083 -24.895416 0.000000 0.000000 0.000000 98.874435 -0.592463 4.760659 67.678070 -11.454002 4.598224 2.313729 28.406826 33.549690 -15.454983 18.651602 -10.644270 4.953061 -0.979445 42.718830 0.000016 0.000038 -11.626277 0.000026 0.000053 -8.056399 0.000011 0.000016 -0.000041 -16.638208 0.235427 -0.623602 -0.818354 -0.027995 0.308137 -1.052073 0.001266 0.290318 -0.000011 0.000012 -0.000000 -15.958627 0.089354 -4.872672 -0.943749 -0.023658 0.132522 -0.934278 -0.005829 0.115628 -0.000004 0.000096 0.000007 -14.842192 -0.095880 -10.335470 -0.758824 0.063050 -0.257993 -0.799957 0.022194 -0.203671 0.000006 -0.001289 0.000026 -11.808503 -0.207022 -16.108364 -0.519206 0.178866 -0.829342 -0.557026 0.075780 -0.702937 -0.000058 -0.000015 -0.000039 0.000000 0.000000 0.000000 0.000000 0.000000 0.000000 -94.233162 0.708197 3.015569 -57.669346 12.135217 -0.168930 -5.145566 -19.425339 48.421455 11.770938 -18.280903 -21.032164 -5.354851 1.097691 42.379135 0.000011 0.000013 -13.294510 -0.000142 -0.000038 -9.199494 0.000541 0.000004 -0.001638 9.894546 0.184897 -8.268147 0.236777 0.006541 0.075846 0.100528 0.032405 0.027685 -0.000004 0.000737 -0.000005 7.532560 0.089315 -11.076004 -0.129003 -0.011532 0.001430 0.140302 0.003419 0.002722 0.001211 -0.000058 -0.000197 3.287608 -0.053968 -12.414390 -0.899602 0.016948 -0.002781 -0.926759 -0.008609 0.016975 0.001381 0.000015 0.000002 0.657306 -0.174462 -13.855274 -1.946675 0.065374 0.100877 -1.886096 -0.022540 0.019634 -0.001517 -0.000000 -0.000029 0.000000 0.000000 0.000000 0.000000 0.000000 0.000000 -20.876745 1.408141 8.490716 -0.578274 -1.249626 25.614140 10.430078 -10.721163 14.321133 -1.184353 -1.590635 -27.412382 0.000000 0.000000 0.000000 0.000000 0.000000 0.000000 0.000000 0.000000 0.000000 -10.093927 11.007757 15.835822 -0.012931 0.094067 13.598000 10.672120 13.819588 12.968880 -0.585452 0.707954 -27.375238 0.000000 0.000000 0.000000 0.000000 0.000000 0.000000 0.000000 0.000000 0.000000 
25.739408 85.258263 11.684681 5.285808 -6.861868 -16.505463 -3.501541 0.802418 7.320158 2.250921 -0.296745 0.641328 -6.853551 3.196966 18.389750 -0.652326 -0.353988 0.574291 6.963118 1.390764 10.300137 -1.886625 0.924803 -7.737502 1.398832 3.318241 -24.896107 0.000000 0.000000 0.000000 98.875969 -0.585727 4.766898 67.641785 -11.565605 4.557714 2.308591 28.399303 33.459034 -15.350320 18.805466 -10.751748 4.977167 -0.983808 42.706882 0.000016 0.000038 -11.682647 0.000026 0.000053 -8.097527 0.000011 0.000016 -0.000041 -16.506016 0.236266 -0.689515 -0.852629 -0.030305 0.319204 -1.084714 -0.001405 0.300891 -0.000011 0.000012 -0.000000 -15.813986 0.089433 -4.924710 -0.974794 -0.024631 0.136514 -0.963632 -0.006638 0.118952 -0.000004 0.000094 0.000007 -14.650866 -0.095743 -10.367265 -0.766344 0.064306 -0.263170 -0.808375 0.023145 -0.207451 0.000006 -0.001240 0.000026 -11.594063 -0.205741 -16.128323 -0.497683 0.181943 -0.838563 -0.538144 0.078704 -0.710509 -0.000062 -0.000015 -0.000040 0.000000 0.000000 0.000000 0.000000 0.000000 0.000000 -94.253502 0.700181 3.024544 -57.565247 12.277522 -0.110919 -5.132918 -19.332659 48.446335 11.597845 -18.448160 -21.059011 -5.392933 1.106910 42.356590 0.000011 0.000013 -13.393930 -0.000143 -0.000038 -9.271030 0.000559 0.000004 -0.001589 9.633896 0.186078 -8.364166 0.264008 0.004946 0.068342 0.128195 0.030746 0.022180 -0.000004 0.000753 -0.000005 7.279985 0.089367 -11.154815 -0.112846 -0.012168 -0.000954 0.157079 0.002937 0.001135 0.001167 -0.000058 -0.000198 3.015939 -0.053796 -12.465396 -0.923519 0.017316 -0.002732 -0.952639 -0.008268 0.017426 0.001418 0.000015 0.000002 0.400574 -0.172871 -13.893171 -2.004599 0.065451 0.095198 -1.941487 -0.022532 0.014917 -0.001522 -0.000000 -0.000029 0.000000 0.000000 0.000000 0.000000 0.000000 0.000000 -20.931711 1.408984 8.447098 -0.579301 -1.248028 25.698996 10.481627 -10.762837 14.337667 -1.183417 -1.590263 -27.448603 0.000000 0.000000 0.000000 0.000000 0.000000 0.000000 0.000000 0.000000 0.000000 -10.138171 10.996142 15.794219 -0.013397 0.094471 13.598947 10.715397 13.774566 12.976727 -0.589665 0.704883 -27.367756 0.000000 0.000000 0.000000 0.000000 0.000000 0.000000 0.000000 0.000000 0.000000 
25.747862 85.253380 11.679928 5.297257 -6.749904 -16.485895 -3.507283 0.803950 7.325995 2.240503 -0.291197 0.628347 -6.856695 3.206387 18.390648 -0.677875 -0.355763 0.544256 6.984000 1.362867 10.365366 -1.893970 0.883521 -7.696342 1.414076 3.324976 -24.895933 0.000000 0.000000 0.000000 98.878670 -0.579653 4.774143 67.603767 -11.689128 4.524350 2.303763 28.384214 33.360477 -15.187459 18.970163 -10.853643 5.001670 -0.988538 42.694351 0.000016 0.000038 -11.740677 0.000027 0.000053 -8.139489 0.000011 0.000016 -0.000041 -16.367970 0.236980 -0.764298 -0.886753 -0.032730 0.329724 -1.117282 -0.004176 0.310859 -0.000011 0.000013 -0.000000 -15.661211 0.089428 -4.985366 -1.006317 -0.025636 0.140328 -0.993772 -0.007485 0.122102 -0.000004 0.000092 0.000007 -14.453887 -0.095549 -10.406394 -0.777083 0.065635 -0.268245 -0.819592 0.024149 -0.211136 0.000006 -0.001189 0.000026 -11.377624 -0.204482 -16.153212 -0.481616 0.185392 -0.848010 -0.525187 0.081939 -0.718193 -0.000064 -0.000015 -0.000041 0.000000 0.000000 0.000000 0.000000 0.000000 0.000000 -94.274025 0.691522 3.037253 -57.464230 12.447115 -0.041763 -5.115785 -19.233704 48.478027 11.417449 -18.591753 -21.075979 -5.427671 1.115630 42.335602 0.000011 0.000013 -13.484621 -0.000144 -0.000038 -9.336445 0.000576 0.000004 -0.001545 9.383289 0.187280 -8.454444 0.291300 0.003193 0.060457 0.156022 0.028929 0.016408 -0.000005 0.000769 -0.000005 7.035886 0.089401 -11.229274 -0.096249 -0.012870 -0.003510 0.174534 0.002406 -0.000592 0.001128 -0.000058 -0.000199 2.753145 -0.053607 -12.514213 -0.944732 0.017838 -0.002329 -0.975804 -0.007844 0.018090 0.001451 0.000015 0.000002 0.151826 -0.171413 -13.930477 -2.058537 0.065896 0.090704 -1.992487 -0.022208 0.011136 -0.001527 -0.000000 -0.000029 0.000000 0.000000 0.000000 0.000000 0.000000 0.000000 -20.988792 1.409920 8.411141 -0.580171 -1.246099 25.784035 10.534690 -10.803812 14.350377 -1.182911 -1.589624 -27.483629 0.000000 0.000000 0.000000 0.000000 0.000000 0.000000 0.000000 0.000000 0.000000 -10.181173 10.982696 15.758178 -0.013850 0.094726 13.600642 10.759465 13.727731 12.983000 -0.593755 0.701952 -27.358324 0.000000 0.000000 0.000000 0.000000 0.000000 0.000000 0.000000 0.000000 0.000000 
25.755592 85.248367 11.674905 5.310198 -6.629149 -16.468386 -3.515128 0.806048 7.333763 2.231092 -0.286154 0.614151 -6.860097 3.214087 18.392748 -0.701999 -0.357940 0.514917 7.003170 1.335195 10.424267 -1.901316 0.842280 -7.657005 1.427897 3.331279 -24.894379 0.000000 0.000000 0.000000 98.882881 -0.574445 4.781959 67.559692 -11.825544 4.501691 2.299036 28.361847 33.257561 -14.963511 19.129797 -10.946532 5.028248 -0.993896 42.680458 0.000017 0.000038 -11.804687 0.000027 0.000053 -8.185384 0.000011 0.000016 -0.000040 -16.215269 0.237577 -0.847624 -0.920695 -0.035195 0.339519 -1.149822 -0.006959 0.320094 -0.000011 0.000013 -0.000000 -15.492207 0.089339 -5.053926 -1.037992 -0.026639 0.143878 -1.024457 -0.008339 0.125006 -0.000005 0.000090 0.000007 -14.243764 -0.095306 -10.451331 -0.790165 0.066980 -0.273050 -0.832918 0.025163 -0.214609 0.000006 -0.001134 0.000026 -11.153852 -0.203321 -16.181114 -0.470037 0.189013 -0.857072 -0.517223 0.085318 -0.725519 -0.000067 -0.000015 -0.000041 0.000000 0.000000 0.000000 0.000000 0.000000 0.000000 -94.294136 0.682504 3.054622 -57.366222 12.640584 0.036853 -5.094510 -19.129934 48.513527 11.219514 -18.709276 -21.083509 -5.460724 1.124093 42.315506 0.000011 0.000013 -13.570220 -0.000146 -0.000038 -9.398217 0.000592 0.000005 -0.001506 9.136748 0.188493 -8.542418 0.318574 0.001364 0.052591 0.183977 0.027037 0.010688 -0.000005 0.000785 -0.000005 6.794378 0.089421 -11.301856 -0.079619 -0.013604 -0.006059 0.192210 0.001858 -0.002319 0.001093 -0.000058 -0.000200 2.493414 -0.053402 -12.561787 -0.964629 0.018454 -0.001818 -0.997571 -0.007382 0.018787 0.001482 0.000015 0.000002 -0.094819 -0.170146 -13.966779 -2.110359 0.066551 0.086613 -2.041041 -0.021708 0.007655 -0.001532 -0.000000 -0.000029 0.000000 0.000000 0.000000 0.000000 0.000000 0.000000 -21.046785 1.412289 8.381279 -0.580899 -1.243913 25.869846 10.588459 -10.845073 14.359241 -1.182888 -1.588868 -27.517902 0.000000 0.000000 0.000000 0.000000 0.000000 0.000000 0.000000 0.000000 0.000000 -10.222892 10.967576 15.727978 -0.014265 0.094873 13.602193 10.803699 13.678774 12.987357 -0.597767 0.699122 -27.347551 0.000000 0.000000 0.000000 0.000000 0.000000 0.000000 0.000000 0.000000 0.000000 
25.762497 85.243111 11.669337 5.324821 -6.500230 -16.452248 -3.525068 0.808599 7.343264 2.222936 -0.281828 0.598583 -6.863662 3.219716 18.396032 -0.724680 -0.360628 0.486329 7.020761 1.307671 10.473974 -1.908309 0.800470 -7.621277 1.440580 3.337275 -24.891235 0.000000 0.000000 0.000000 98.888733 -0.570009 4.792259 67.506348 -11.978639 4.492003 2.294397 28.331913 33.149906 -14.687790 19.276501 -11.033881 5.058118 -1.000015 42.664711 0.000017 0.000038 -11.877770 0.000027 0.000053 -8.237411 0.000011 0.000016 -0.000040 -16.042702 0.238100 -0.939410 -0.953462 -0.037633 0.348538 -1.181407 -0.009680 0.328554 -0.000011 0.000013 -0.000001 -15.302605 0.089197 -5.129531 -1.068596 -0.027612 0.147124 -1.054504 -0.009174 0.127643 -0.000005 0.000089 0.000007 -14.015619 -0.095023 -10.500356 -0.803412 0.068289 -0.277466 -0.846365 0.026147 -0.217796 0.000006 -0.001075 0.000026 -10.918271 -0.202303 -16.209772 -0.460197 0.192620 -0.865254 -0.511505 0.088677 -0.732130 -0.000069 -0.000015 -0.000042 0.000000 0.000000 0.000000 0.000000 0.000000 0.000000 -94.313324 0.673191 3.077119 -57.271378 12.853088 0.123611 -5.069755 -19.019810 48.549717 10.998398 -18.799049 -21.085247 -5.493518 1.132513 42.295712 0.000011 0.000013 -13.654149 -0.000148 -0.000038 -9.458701 0.000605 0.000005 -0.001473 8.889326 0.189735 -8.632610 0.345713 -0.000452 0.045088 0.211886 0.025163 0.005273 -0.000005 0.000799 -0.000005 6.551023 0.089437 -11.376079 -0.063222 -0.014329 -0.008463 0.209729 0.001322 -0.003950 0.001063 -0.000058 -0.000200 2.232327 -0.053186 -12.610174 -0.984479 0.019111 -0.001358 -1.019121 -0.006916 0.019402 0.001512 0.000014 0.000002 -0.343668 -0.169070 -14.002405 -2.161632 0.067298 0.082454 -2.088950 -0.021141 0.004069 -0.001538 -0.000000 -0.000029 0.000000 0.000000 0.000000 0.000000 0.000000 0.000000 -21.105486 1.415468 8.355638 -0.581519 -1.241491 25.957365 10.642004 -10.887712 14.364876 -1.183423 -1.588105 -27.551605 0.000000 0.000000 0.000000 0.000000 0.000000 0.000000 0.000000 0.000000 0.000000 -10.263450 10.950940 15.702989 -0.014651 0.094853 13.603924 10.847628 13.627542 12.990221 -0.601884 0.696452 -27.335758 0.000000 0.000000 0.000000 0.000000 0.000000 0.000000 0.000000 0.000000 0.000000 
25.768501 85.237648 11.663104 5.340887 -6.364136 -16.436996 -3.536990 0.811334 7.354628 2.216299 -0.278478 0.580764 -6.867580 3.223184 18.401241 -0.745626 -0.363980 0.458190 7.035840 1.281122 10.512207 -1.914874 0.758779 -7.590144 1.451734 3.343077 -24.886152 0.000000 0.000000 0.000000 98.895058 -0.566077 4.805594 67.441711 -12.151768 4.496442 2.289649 28.292339 33.038105 -14.359035 19.404718 -11.117583 5.092086 -1.007075 42.646683 0.000017 0.000038 -11.962266 0.000028 0.000053 -8.297200 0.000011 0.000016 -0.000040 -15.846255 0.238525 -1.040628 -0.984790 -0.040011 0.356566 -1.211821 -0.012294 0.336033 -0.000011 0.000014 -0.000001 -15.088491 0.089001 -5.212309 -1.097634 -0.028531 0.149958 -1.083414 -0.009970 0.129917 -0.000005 0.000088 0.000007 -13.765285 -0.094691 -10.552913 -0.815748 0.069524 -0.281310 -0.858843 0.027068 -0.220565 0.000006 -0.001014 0.000026 -10.667227 -0.201418 -16.238174 -0.450616 0.196092 -0.871959 -0.506631 0.091928 -0.737563 -0.000072 -0.000015 -0.000043 0.000000 0.000000 0.000000 0.000000 0.000000 0.000000 -94.330994 0.663441 3.104555 -57.179447 13.082068 0.217107 -5.041959 -18.902161 48.583370 10.743558 -18.863028 -21.082819 -5.527395 1.141138 42.275600 0.000011 0.000013 -13.739441 -0.000149 -0.000037 -9.520018 0.000615 0.000004 -0.001444 8.635738 0.191007 -8.727647 0.372237 -0.002210 0.038246 0.239188 0.023350 0.000463 -0.000005 0.000812 -0.000005 6.301002 0.089448 -11.454187 -0.047626 -0.015024 -0.010589 0.226536 0.000819 -0.005361 0.001036 -0.000058 -0.000199 1.964886 -0.052959 -12.660272 -1.005698 0.019777 -0.001142 -1.041718 -0.006468 0.019796 0.001541 0.000014 0.000002 -0.599619 -0.168199 -14.037594 -2.214028 0.068089 0.077712 -2.138061 -0.020552 -0.000079 -0.001544 -0.000000 -0.000029 0.000000 0.000000 0.000000 0.000000 0.000000 0.000000 -21.163969 1.419876 8.333617 -0.582058 -1.238924 26.045977 10.694957 -10.930835 14.367066 -1.184601 -1.587260 -27.584587 0.000000 0.000000 0.000000 0.000000 0.000000 0.000000 0.000000 0.000000 0.000000 -10.302029 10.933190 15.683421 -0.015017 0.094694 13.604936 10.890022 13.574088 12.991527 -0.606104 0.693883 -27.323339 0.000000 0.000000 0.000000 0.000000 0.000000 0.000000 0.000000 0.000000 0.000000 
25.773502 85.232086 11.656077 5.358672 -6.221846 -16.422720 -3.550591 0.814159 7.367863 2.211254 -0.276198 0.560704 -6.872458 3.225222 18.408768 -0.765560 -0.367813 0.430376 7.046915 1.256251 10.539299 -1.921118 0.716956 -7.563875 1.461553 3.348862 -24.879810 0.000000 0.000000 0.000000 98.901192 -0.562275 4.824183 67.366417 -12.349592 4.515638 2.284571 28.242563 32.921124 -13.986331 19.517136 -11.202106 5.130683 -1.015121 42.626179 0.000017 0.000038 -12.059469 0.000028 0.000053 -8.365737 0.000011 0.000016 -0.000040 -15.625196 0.238859 -1.151356 -1.014329 -0.042288 0.363618 -1.240675 -0.014764 0.342540 -0.000011 0.000014 -0.000001 -14.849213 0.088772 -5.302041 -1.124449 -0.029383 0.152366 -1.110504 -0.010713 0.131822 -0.000005 0.000087 0.000008 -13.490786 -0.094318 -10.608814 -0.825543 0.070653 -0.284522 -0.868784 0.027901 -0.222879 0.000006 -0.000951 0.000026 -10.397223 -0.200661 -16.266499 -0.438866 0.199300 -0.876871 -0.500114 0.094962 -0.741585 -0.000073 -0.000015 -0.000043 0.000000 0.000000 0.000000 0.000000 0.000000 0.000000 -94.347580 0.653336 3.136885 -57.088989 13.324935 0.317742 -5.011667 -18.775068 48.613365 10.454501 -18.907902 -21.078550 -5.563210 1.150104 42.254765 0.000011 0.000013 -13.828201 -0.000151 -0.000037 -9.583666 0.000623 0.000004 -0.001420 8.373029 0.192330 -8.830541 0.397599 -0.003857 0.032267 0.265302 0.021653 -0.003582 -0.000006 0.000825 -0.000005 6.041638 0.089461 -11.538692 -0.033431 -0.015663 -0.012358 0.241936 0.000368 -0.006497 0.001013 -0.000058 -0.000198 1.687712 -0.052718 -12.713887 -1.029694 0.020417 -0.001276 -1.066708 -0.006057 0.019892 0.001568 0.000014 0.000002 -0.866495 -0.167517 -14.073422 -2.269305 0.068861 0.072109 -2.190304 -0.020000 -0.005039 -0.001551 -0.000000 -0.000029 0.000000 0.000000 0.000000 0.000000 0.000000 0.000000 -21.221930 1.424835 8.314252 -0.582532 -1.236204 26.136618 10.746446 -10.974662 14.366416 -1.186436 -1.586365 -27.617224 0.000000 0.000000 0.000000 0.000000 0.000000 0.000000 0.000000 0.000000 0.000000 -10.338789 10.913872 15.668803 -0.015382 0.094388 13.605992 10.930148 13.518147 12.991727 -0.610501 0.691389 -27.310528 0.000000 0.000000 0.000000 0.000000 0.000000 0.000000 0.000000 0.000000 0.000000 
25.777466 85.226456 11.648168 5.378113 -6.074474 -16.408949 -3.565489 0.816847 7.382802 2.207627 -0.275039 0.538083 -6.878850 3.225864 18.419441 -0.784609 -0.372174 0.402702 7.052964 1.233537 10.554053 -1.927061 0.675629 -7.543118 1.469813 3.354710 -24.872105 0.000000 0.000000 0.000000 98.907066 -0.558561 4.848443 67.281059 -12.574884 4.547057 2.278973 28.180819 32.801907 -13.572196 19.613390 -11.288483 5.174580 -1.024247 42.602867 0.000017 0.000038 -12.171308 0.000028 0.000053 -8.444370 0.000011 0.000016 -0.000040 -15.376513 0.239080 -1.272449 -1.041273 -0.044413 0.369541 -1.267171 -0.017030 0.347929 -0.000011 0.000014 -0.000001 -14.581854 0.088515 -5.399184 -1.148082 -0.030150 0.154277 -1.134735 -0.011382 0.133301 -0.000005 0.000086 0.000008 -13.188846 -0.093924 -10.668330 -0.831633 0.071636 -0.287019 -0.874967 0.028613 -0.224678 0.000006 -0.000889 0.000026 -10.104295 -0.200055 -16.295080 -0.423569 0.202109 -0.879728 -0.490506 0.097671 -0.743969 -0.000073 -0.000015 -0.000043 0.000000 0.000000 0.000000 0.000000 0.000000 0.000000 -94.363678 0.642839 3.174195 -56.999931 13.581670 0.423931 -4.979199 -18.637518 48.639481 10.128301 -18.940821 -21.075224 -5.601878 1.159554 42.232754 0.000011 0.000013 -13.922761 -0.000153 -0.000037 -9.651319 0.000628 0.000004 -0.001400 8.097514 0.193720 -8.942360 0.420733 -0.005349 0.027359 0.289152 0.020122 -0.006666 -0.000006 0.000838 -0.000005 5.769496 0.089487 -11.630572 -0.021698 -0.016224 -0.013684 0.254872 -0.000015 -0.007283 0.000991 -0.000058 -0.000196 1.397285 -0.052472 -12.771653 -1.057672 0.021001 -0.001875 -1.095307 -0.005702 0.019605 0.001593 0.000014 0.000002 -1.147685 -0.167031 -14.110373 -2.328612 0.069555 0.065351 -2.246984 -0.019541 -0.011070 -0.001559 0.000000 -0.000029 0.000000 0.000000 0.000000 0.000000 0.000000 0.000000 -21.278639 1.429834 8.296386 -0.582958 -1.233374 26.229311 10.795688 -11.018809 14.362852 -1.188898 -1.585349 -27.649242 0.000000 0.000000 0.000000 0.000000 0.000000 0.000000 0.000000 0.000000 0.000000 -10.373299 10.892234 15.658643 -0.015761 0.093915 13.607306 10.967253 13.460170 12.990985 -0.615026 0.688981 -27.297569 0.000000 0.000000 0.000000 0.000000 0.000000 0.000000 0.000000 0.000000 0.000000 
25.780338 85.220795 11.639250 5.398980 -5.923302 -16.394873 -3.581327 0.819243 7.399107 2.205151 -0.275002 0.513169 -6.887394 3.224962 18.433558 -0.802702 -0.377087 0.375323 7.054345 1.212554 10.554328 -1.932552 0.635019 -7.529112 1.476541 3.360637 -24.862440 0.000000 0.000000 0.000000 98.913498 -0.555020 4.878457 67.186539 -12.827295 4.586620 2.272791 28.105576 32.684174 -13.119763 19.695862 -11.374603 5.224645 -1.034537 42.576370 0.000017 0.000038 -12.300184 0.000028 0.000053 -8.534762 0.000011 0.000016 -0.000040 -15.096092 0.239163 -1.404444 -1.063931 -0.046338 0.374216 -1.289607 -0.019040 0.352063 -0.000011 0.000015 -0.000001 -14.282637 0.088229 -5.503878 -1.166838 -0.030819 0.155640 -1.154350 -0.011965 0.134319 -0.000005 0.000086 0.000008 -12.855702 -0.093536 -10.731128 -0.832425 0.072441 -0.288765 -0.875750 0.029183 -0.225927 0.000006 -0.000829 0.000026 -9.784490 -0.199656 -16.323345 -0.403250 0.204406 -0.880437 -0.476105 0.099952 -0.744600 -0.000072 -0.000015 -0.000044 0.000000 0.000000 0.000000 0.000000 0.000000 0.000000 -94.380089 0.631877 3.216929 -56.912716 13.853042 0.532925 -4.944794 -18.488588 48.661034 9.766750 -18.969023 -21.074846 -5.644281 1.169580 42.209175 0.000011 0.000013 -14.025510 -0.000154 -0.000036 -9.724622 0.000631 0.000004 -0.001384 7.805718 0.195188 -9.064244 0.439919 -0.006628 0.023751 0.309054 0.018819 -0.008615 -0.000006 0.000849 -0.000005 5.481386 0.089546 -11.730585 -0.014001 -0.016684 -0.014485 0.263747 -0.000309 -0.007665 0.000970 -0.000058 -0.000194 1.091022 -0.052233 -12.833975 -1.090642 0.021503 -0.003022 -1.128638 -0.005424 0.018869 0.001616 0.000013 0.000002 -1.445222 -0.166756 -14.148119 -2.392497 0.070103 0.057247 -2.308725 -0.019241 -0.018346 -0.001567 0.000000 -0.000029 0.000000 0.000000 0.000000 0.000000 0.000000 0.000000 -21.333082 1.434136 8.277677 -0.583338 -1.230431 26.324995 10.841269 -11.063506 14.356616 -1.191812 -1.584259 -27.680153 0.000000 0.000000 0.000000 0.000000 0.000000 0.000000 0.000000 0.000000 0.000000 -10.404937 10.867412 15.652049 -0.016158 0.093235 13.609954 11.001000 13.401091 12.989628 -0.619586 0.686786 -27.284853 0.000000 0.000000 0.000000 0.000000 0.000000 0.000000 0.000000 0.000000 0.000000 
25.782177 85.215065 11.629539 5.421593 -5.768939 -16.380905 -3.597369 0.821363 7.416134 2.203416 -0.275854 0.486611 -6.898283 3.223609 18.450905 -0.820591 -0.381972 0.348846 7.052347 1.192630 10.542730 -1.937451 0.595076 -7.521358 1.482489 3.366601 -24.852230 0.000000 0.000000 0.000000 98.921440 -0.551788 4.915060 67.084595 -13.104465 4.633384 2.265735 28.019140 32.567753 -12.645626 19.773348 -11.461294 5.281037 -1.045841 42.546795 0.000017 0.000038 -12.446019 0.000029 0.000053 -8.637015 0.000011 0.000016 -0.000040 -14.785788 0.239149 -1.545757 -1.081361 -0.048003 0.377978 -1.306874 -0.020749 0.355290 -0.000011 0.000015 -0.000001 -13.953630 0.087940 -5.615442 -1.179539 -0.031384 0.156590 -1.168095 -0.012447 0.135011 -0.000006 0.000086 0.000008 -12.491728 -0.093188 -10.797325 -0.826102 0.073045 -0.289914 -0.869430 0.029596 -0.226738 0.000006 -0.000772 0.000026 -9.435453 -0.199472 -16.352940 -0.375741 0.206092 -0.879387 -0.454518 0.101688 -0.743804 -0.000069 -0.000015 -0.000044 0.000000 0.000000 0.000000 0.000000 0.000000 0.000000 -94.398605 0.620916 3.265014 -56.825527 14.137354 0.644307 -4.908922 -18.328972 48.680801 9.385417 -18.995724 -21.078907 -5.690179 1.180097 42.184093 0.000011 0.000013 -14.136760 -0.000155 -0.000036 -9.803700 0.000632 0.000004 -0.001369 7.498781 0.196747 -9.196561 0.453586 -0.007644 0.021388 0.323542 0.017798 -0.009551 -0.000006 0.000860 -0.000005 5.178439 0.089653 -11.838880 -0.011831 -0.017032 -0.014798 0.266835 -0.000512 -0.007692 0.000948 -0.000059 -0.000192 0.769992 -0.052007 -12.902334 -1.129743 0.021902 -0.004647 -1.167986 -0.005235 0.017735 0.001638 0.000013 0.000002 -1.757933 -0.166647 -14.188193 -2.461643 0.070434 0.048023 -2.376159 -0.019172 -0.026645 -0.001576 0.000000 -0.000029 0.000000 0.000000 0.000000 0.000000 0.000000 0.000000 -21.385187 1.436352 8.257219 -0.583684 -1.227346 26.424866 10.882383 -11.111112 14.348146 -1.195062 -1.583265 -27.709509 0.000000 0.000000 0.000000 0.000000 0.000000 0.000000 0.000000 0.000000 0.000000 -10.435011 10.837687 15.647697 -0.016562 0.092373 13.615952 11.031338 13.340887 12.987664 -0.624191 0.684700 -27.272198 0.000000 0.000000 0.000000 0.000000 0.000000 0.000000 0.000000 0.000000 0.000000 
25.783178 85.209244 11.619467 5.445740 -5.611604 -16.367310 -3.613085 0.823046 7.433253 2.201975 -0.277367 0.457597 -6.910830 3.222242 18.472269 -0.838031 -0.386582 0.323920 7.048868 1.173595 10.522241 -1.941730 0.557404 -7.518415 1.487726 3.372604 -24.842602 0.000000 0.000000 0.000000 98.930145 -0.549118 4.956053 66.977203 -13.401773 4.685389 2.257448 27.923037 32.455551 -12.159747 19.844599 -11.546281 5.343447 -1.058056 42.514339 0.000017 0.000038 -12.607809 0.000029 0.000053 -8.750532 0.000010 0.000016 -0.000040 -14.447036 0.239024 -1.692986 -1.093778 -0.049378 0.380969 -1.319068 -0.022136 0.357800 -0.000011 0.000015 -0.000001 -13.596579 0.087636 -5.731820 -1.186387 -0.031839 0.157193 -1.176048 -0.012821 0.135437 -0.000006 0.000086 0.000008 -12.099146 -0.092880 -10.866160 -0.813075 0.073445 -0.290559 -0.856339 0.029853 -0.227172 0.000006 -0.000720 0.000026 -9.058864 -0.199446 -16.384804 -0.341738 0.207180 -0.876950 -0.426345 0.102876 -0.741864 -0.000064 -0.000015 -0.000044 0.000000 0.000000 0.000000 0.000000 0.000000 0.000000 -94.419434 0.610389 3.317498 -56.736813 14.434083 0.756450 -4.872123 -18.162844 48.701664 8.995210 -19.021742 -21.086498 -5.739305 1.191084 42.157516 0.000011 0.000013 -14.256469 -0.000156 -0.000036 -9.888430 0.000633 0.000004 -0.001351 7.177134 0.198336 -9.334649 0.459523 -0.008396 0.020208 0.330548 0.017056 -0.009523 -0.000005 0.000869 -0.000005 4.861147 0.089798 -11.951632 -0.017308 -0.017270 -0.014644 0.261960 -0.000627 -0.007374 0.000926 -0.000059 -0.000189 0.435422 -0.051794 -12.974556 -1.176314 0.022185 -0.006733 -1.214781 -0.005142 0.016227 0.001661 0.000013 0.000002 -2.083876 -0.166674 -14.229997 -2.536648 0.070523 0.037779 -2.449678 -0.019361 -0.035836 -0.001585 0.000000 -0.000029 0.000000 0.000000 0.000000 0.000000 0.000000 0.000000 -21.433910 1.437462 8.236013 -0.584025 -1.224281 26.527390 10.919565 -11.162827 14.336512 -1.198615 -1.582365 -27.736624 0.000000 0.000000 0.000000 0.000000 0.000000 0.000000 0.000000 0.000000 0.000000 -10.464282 10.802327 15.645261 -0.016955 0.091447 13.624702 11.057675 13.279901 12.984217 -0.628684 0.682467 -27.259514 0.000000 0.000000 0.000000 0.000000 0.000000 0.000000 0.000000 0.000000 0.000000 
25.783554 85.203362 11.609235 5.471068 -5.451302 -16.353535 -3.628358 0.824201 7.449860 2.200235 -0.279257 0.425770 -6.924060 3.220459 18.497883 -0.854266 -0.391128 0.300861 7.045530 1.155287 10.493601 -1.945403 0.522795 -7.519904 1.492339 3.378906 -24.833988 0.000000 0.000000 0.000000 98.938553 -0.547093 4.999401 66.866684 -13.714463 4.739460 2.247976 27.819759 32.350758 -11.672687 19.901388 -11.627573 5.411144 -1.071009 42.479328 0.000017 0.000038 -12.783682 0.000029 0.000053 -8.874071 0.000010 0.000016 -0.000040 -14.082096 0.238781 -1.841532 -1.100753 -0.050418 0.383162 -1.325662 -0.023163 0.359594 -0.000011 0.000015 -0.000001 -13.214422 0.087308 -5.849238 -1.187212 -0.032167 0.157441 -1.177964 -0.013075 0.135595 -0.000006 0.000086 0.000008 -11.682808 -0.092613 -10.934793 -0.793808 0.073627 -0.290712 -0.836940 0.029943 -0.227238 0.000006 -0.000674 0.000026 -8.660427 -0.199527 -16.416819 -0.302322 0.207649 -0.873280 -0.392521 0.103498 -0.738901 -0.000060 -0.000015 -0.000044 0.000000 0.000000 0.000000 0.000000 0.000000 0.000000 -94.441338 0.600399 3.373469 -56.647152 14.741881 0.867772 -4.834901 -17.994129 48.723938 8.603449 -19.045143 -21.095585 -5.791686 1.202499 42.129494 0.000011 0.000013 -14.384628 -0.000158 -0.000036 -9.978765 0.000634 0.000004 -0.001329 6.841183 0.199888 -9.474183 0.455004 -0.008871 0.020320 0.327439 0.016604 -0.008423 -0.000005 0.000878 -0.000005 4.530102 0.089969 -12.064903 -0.032848 -0.017392 -0.013982 0.246749 -0.000652 -0.006671 0.000901 -0.000059 -0.000186 0.089120 -0.051603 -13.046977 -1.231658 0.022326 -0.009298 -1.270358 -0.005155 0.014338 0.001684 0.000013 0.000002 -2.420563 -0.166853 -14.270330 -2.617857 0.070314 0.026512 -2.529515 -0.019837 -0.045891 -0.001595 0.000000 -0.000029 0.000000 0.000000 0.000000 0.000000 0.000000 0.000000 -21.478258 1.438912 8.214405 -0.584388 -1.221408 26.630407 10.953223 -11.218980 14.321065 -1.202435 -1.581558 -27.761013 0.000000 0.000000 0.000000 0.000000 0.000000 0.000000 0.000000 0.000000 0.000000 -10.492794 10.761607 15.644332 -0.017336 0.090548 13.634611 11.079745 13.218692 12.979496 -0.632923 0.680003 -27.247116 0.000000 0.000000 0.000000 0.000000 0.000000 0.000000 0.000000 0.000000 0.000000 
25.783472 85.197472 11.598873 5.497331 -5.287921 -16.338753 -3.643317 0.824831 7.465481 2.197698 -0.281228 0.391425 -6.937171 3.217744 18.527157 -0.868736 -0.395903 0.279501 7.043920 1.137344 10.456286 -1.948398 0.491191 -7.526312 1.496707 3.385728 -24.826477 0.000000 0.000000 0.000000 98.945724 -0.545662 5.044250 66.755554 -14.036780 4.793420 2.237526 27.712715 32.254532 -11.197242 19.936890 -11.704882 5.483256 -1.084518 42.442200 0.000017 0.000038 -12.971387 0.000029 0.000053 -9.006086 0.000010 0.000016 -0.000040 -13.693949 0.238434 -1.987404 -1.101596 -0.051097 0.384578 -1.325857 -0.023813 0.360688 -0.000011 0.000016 -0.000001 -12.810684 0.086959 -5.964231 -1.181527 -0.032359 0.157338 -1.173355 -0.013205 0.135492 -0.000006 0.000087 0.000008 -11.247278 -0.092391 -11.000362 -0.768052 0.073584 -0.290374 -0.811106 0.029862 -0.226934 0.000006 -0.000632 0.000026 -8.245102 -0.199692 -16.446436 -0.257631 0.207475 -0.868429 -0.353037 0.103527 -0.734940 -0.000057 -0.000015 -0.000044 0.000000 0.000000 0.000000 0.000000 0.000000 0.000000 -94.462921 0.590738 3.432516 -56.558590 15.057204 0.976787 -4.797701 -17.825653 48.747684 8.217645 -19.062870 -21.104979 -5.847353 1.214287 42.100082 0.000011 0.000013 -14.521207 -0.000159 -0.000035 -10.074604 0.000636 0.000004 -0.001303 6.491891 0.201360 -9.612666 0.437494 -0.009043 0.021858 0.311669 0.016466 -0.006140 -0.000005 0.000884 -0.000005 4.186440 0.090157 -12.176222 -0.060652 -0.017389 -0.012774 0.218985 -0.000580 -0.005553 0.000875 -0.000059 -0.000183 -0.266902 -0.051441 -13.117129 -1.297101 0.022311 -0.012326 -1.336013 -0.005282 0.012072 0.001708 0.000013 0.000002 -2.765453 -0.167197 -14.306599 -2.705693 0.069772 0.014294 -2.616034 -0.020611 -0.056728 -0.001606 0.000000 -0.000029 0.000000 0.000000 0.000000 0.000000 0.000000 0.000000 -21.517952 1.441338 8.192144 -0.584804 -1.218856 26.732487 10.983587 -11.280357 14.301828 -1.206505 -1.580885 -27.782408 0.000000 0.000000 0.000000 0.000000 0.000000 0.000000 0.000000 0.000000 0.000000 -10.520686 10.715682 15.643685 -0.017718 0.089697 13.645058 11.097688 13.157498 12.974207 -0.636864 0.677335 -27.235256 0.000000 0.000000 0.000000 0.000000 0.000000 0.000000 0.000000 0.000000 0.000000 
25.783306 85.191597 11.588591 5.524695 -5.120733 -16.322336 -3.657627 0.825032 7.479394 2.194508 -0.283073 0.355499 -6.949949 3.214138 18.558468 -0.881853 -0.400961 0.259217 7.045243 1.118302 10.409289 -1.950457 0.460940 -7.539118 1.501800 3.392846 -24.820509 0.000000 0.000000 0.000000 98.953194 -0.545087 5.090750 66.643883 -14.363009 4.846789 2.226205 27.606882 32.166119 -10.749916 19.951778 -11.778322 5.559024 -1.098296 42.403469 0.000017 0.000038 -13.168699 0.000030 0.000053 -9.145075 0.000010 0.000015 -0.000040 -13.286067 0.238041 -2.129242 -1.094182 -0.051408 0.385616 -1.317479 -0.024088 0.361437 -0.000012 0.000016 -0.000001 -12.389339 0.086622 -6.075472 -1.167417 -0.032417 0.157033 -1.160276 -0.013214 0.135275 -0.000006 0.000087 0.000008 -10.795220 -0.092225 -11.061245 -0.733335 0.073307 -0.289710 -0.776534 0.029611 -0.226386 0.000006 -0.000596 0.000025 -7.813933 -0.199915 -16.471510 -0.204739 0.206615 -0.862715 -0.304839 0.102898 -0.730262 -0.000055 -0.000015 -0.000044 0.000000 0.000000 0.000000 0.000000 0.000000 0.000000 -94.484764 0.581321 3.494410 -56.473473 15.377434 1.081725 -4.760514 -17.656666 48.775372 7.849887 -19.073870 -21.114752 -5.905481 1.226278 42.069683 0.000012 0.000013 -14.664647 -0.000160 -0.000035 -10.174825 0.000636 0.000003 -0.001274 6.134542 0.202761 -9.750595 0.407566 -0.008906 0.024556 0.283647 0.016655 -0.002997 -0.000005 0.000888 -0.000004 3.835513 0.090373 -12.285809 -0.099961 -0.017259 -0.011154 0.179273 -0.000416 -0.004155 0.000845 -0.000059 -0.000179 -0.626646 -0.051309 -13.186022 -1.371463 0.022148 -0.015579 -1.410633 -0.005513 0.009606 0.001734 0.000012 0.000002 -3.112496 -0.167587 -14.339046 -2.798740 0.068918 0.001799 -2.707908 -0.021664 -0.067794 -0.001617 0.000000 -0.000029 0.000000 0.000000 0.000000 0.000000 0.000000 0.000000 -21.554846 1.442725 8.168571 -0.585303 -1.216652 26.833731 11.010983 -11.348860 14.279423 -1.210917 -1.580387 -27.800209 0.000000 0.000000 0.000000 0.000000 0.000000 0.000000 0.000000 0.000000 0.000000 -10.549051 10.663659 15.641081 -0.018094 0.088831 13.657606 11.112623 13.096148 12.969198 -0.640735 0.674581 -27.223511 0.000000 0.000000 0.000000 0.000000 0.000000 0.000000 0.000000 0.000000 0.000000 
25.783478 85.185745 11.578788 5.553150 -4.949273 -16.304983 -3.670873 0.824804 7.491482 2.191300 -0.284842 0.318295 -6.962681 3.210265 18.590689 -0.894404 -0.406214 0.239602 7.049606 1.097478 10.354487 -1.951561 0.431146 -7.557904 1.507986 3.399839 -24.816980 0.000000 0.000000 0.000000 98.960724 -0.545385 5.137865 66.532799 -14.688267 4.900046 2.213909 27.503832 32.085888 -10.336292 19.952578 -11.845561 5.637166 -1.112092 42.363796 0.000017 0.000038 -13.372192 0.000030 0.000053 -9.288685 0.000010 0.000015 -0.000040 -12.864072 0.237624 -2.265449 -1.077718 -0.051416 0.386660 -1.299727 -0.024073 0.362186 -0.000012 0.000016 -0.000001 -11.956084 0.086303 -6.181499 -1.144382 -0.032362 0.156681 -1.138242 -0.013129 0.135066 -0.000006 0.000088 0.000008 -10.331586 -0.092100 -11.116158 -0.688886 0.072843 -0.288886 -0.732391 0.029222 -0.225710 0.000006 -0.000566 0.000025 -7.370773 -0.200090 -16.490513 -0.142346 0.205200 -0.856543 -0.246651 0.101723 -0.725229 -0.000056 -0.000015 -0.000044 0.000000 0.000000 0.000000 0.000000 0.000000 0.000000 -94.507492 0.572152 3.557469 -56.393040 15.700106 1.180416 -4.722887 -17.486250 48.810925 7.508527 -19.079250 -21.121624 -5.964668 1.238329 42.038822 0.000012 0.000012 -14.812004 -0.000161 -0.000035 -10.277338 0.000634 0.000003 -0.001242 5.775224 0.204091 -9.886640 0.367995 -0.008531 0.027870 0.245972 0.017097 0.000528 -0.000004 0.000890 -0.000004 3.483582 0.090605 -12.392878 -0.147944 -0.017030 -0.009338 0.130380 -0.000185 -0.002654 0.000814 -0.000059 -0.000176 -0.983429 -0.051189 -13.254123 -1.451920 0.021881 -0.018789 -1.491410 -0.005813 0.007147 0.001763 0.000012 0.000002 -3.454912 -0.167872 -14.368769 -2.894591 0.067888 -0.010197 -2.802642 -0.022879 -0.078466 -0.001625 0.000000 -0.000029 0.000000 0.000000 0.000000 0.000000 0.000000 0.000000 -21.590801 1.441732 8.144705 -0.585897 -1.214852 26.934097 11.036651 -11.424990 14.254052 -1.215731 -1.580020 -27.814312 0.000000 0.000000 0.000000 0.000000 0.000000 0.000000 0.000000 0.000000 0.000000 -10.578783 10.605833 15.635994 -0.018454 0.087922 13.672681 11.125544 13.034091 12.964884 -0.644705 0.671756 -27.211514 0.000000 0.000000 0.000000 0.000000 0.000000 0.000000 0.000000 0.000000 0.000000 
25.784195 85.179939 11.569668 5.582300 -4.773911 -16.287777 -3.682906 0.824147 7.502261 2.188495 -0.286606 0.279722 -6.975723 3.206732 18.623127 -0.906930 -0.411493 0.220547 7.057080 1.074143 10.294727 -1.951894 0.401138 -7.581059 1.515222 3.406366 -24.816114 0.000000 0.000000 0.000000 98.966179 -0.546196 5.184045 66.424271 -15.008421 4.953269 2.200955 27.402931 32.014240 -9.952537 19.946980 -11.905147 5.716435 -1.125791 42.323692 0.000017 0.000038 -13.578689 0.000030 0.000053 -9.434620 0.000010 0.000015 -0.000040 -12.433943 0.237160 -2.394799 -1.053099 -0.051255 0.387852 -1.273523 -0.023912 0.363052 -0.000012 0.000016 -0.000001 -11.516530 0.085975 -6.281239 -1.113700 -0.032241 0.156353 -1.108494 -0.012991 0.134904 -0.000006 0.000089 0.000008 -9.862388 -0.091995 -11.164517 -0.636187 0.072279 -0.287984 -0.680039 0.028753 -0.224956 0.000006 -0.000541 0.000025 -6.922132 -0.200127 -16.502760 -0.071928 0.203524 -0.850186 -0.179997 0.100267 -0.720063 -0.000059 -0.000015 -0.000044 0.000000 0.000000 0.000000 0.000000 0.000000 0.000000 -94.530724 0.563321 3.619726 -56.317108 16.022274 1.271991 -4.684604 -17.315807 48.856113 7.196026 -19.082409 -21.121834 -6.023827 1.250336 42.007904 0.000012 0.000012 -14.960712 -0.000162 -0.000034 -10.380303 0.000631 0.000003 -0.001208 5.417502 0.205323 -10.018094 0.321093 -0.008036 0.031358 0.200849 0.017660 0.004128 -0.000004 0.000891 -0.000004 3.134585 0.090827 -12.495502 -0.202259 -0.016749 -0.007487 0.074770 0.000075 -0.001158 0.000782 -0.000059 -0.000172 -1.332999 -0.051067 -13.320164 -1.536104 0.021572 -0.021822 -1.575938 -0.006136 0.004803 0.001794 0.000012 0.000002 -3.788153 -0.168017 -14.395746 -2.991418 0.066859 -0.021324 -2.898187 -0.024104 -0.088436 -0.001630 0.000000 -0.000029 0.000000 0.000000 0.000000 0.000000 0.000000 0.000000 -21.626408 1.438627 8.121972 -0.586585 -1.213539 27.033337 11.061827 -11.507535 14.225839 -1.220852 -1.579670 -27.825237 0.000000 0.000000 0.000000 0.000000 0.000000 0.000000 0.000000 0.000000 0.000000 -10.609930 10.543639 15.629330 -0.018800 0.086957 13.689145 11.137054 12.970738 12.961465 -0.648778 0.668834 -27.199396 0.000000 0.000000 0.000000 0.000000 0.000000 0.000000 0.000000 0.000000 0.000000 
25.785238 85.174194 11.561020 5.611159 -4.596334 -16.271029 -3.694263 0.823085 7.512898 2.185931 -0.288322 0.239245 -6.988722 3.203190 18.655420 -0.918956 -0.416897 0.202076 7.067818 1.047953 10.231847 -1.951772 0.370793 -7.606557 1.522927 3.412383 -24.816679 0.000000 0.000000 0.000000 98.966202 -0.546792 5.227716 66.320137 -15.320028 5.005867 2.188297 27.302860 31.951115 -9.589061 19.937147 -11.958630 5.795989 -1.139477 42.283363 0.000017 0.000039 -13.786192 0.000030 0.000053 -9.581318 0.000010 0.000015 -0.000040 -11.999675 0.236601 -2.516666 -1.022887 -0.051068 0.388929 -1.241467 -0.023744 0.363770 -0.000012 0.000017 -0.000002 -11.074022 0.085591 -6.374104 -1.078243 -0.032100 0.155975 -1.073853 -0.012836 0.134690 -0.000006 0.000089 0.000008 -9.392975 -0.091881 -11.206261 -0.579079 0.071715 -0.286921 -0.623246 0.028268 -0.224051 0.000006 -0.000519 0.000025 -6.475721 -0.200000 -16.508102 0.001750 0.201916 -0.843601 -0.109657 0.098845 -0.714688 -0.000064 -0.000015 -0.000044 0.000000 0.000000 0.000000 0.000000 0.000000 0.000000 -94.551834 0.554589 3.680122 -56.245296 16.339108 1.356633 -4.646339 -17.150576 48.907803 6.906327 -19.087931 -21.114077 -6.083191 1.262295 41.976940 0.000012 0.000012 -15.110570 -0.000163 -0.000034 -10.483546 0.000631 0.000002 -0.001173 5.059802 0.206405 -10.141873 0.265593 -0.007504 0.035134 0.146988 0.018247 0.008043 -0.000004 0.000891 -0.000004 2.787364 0.091006 -12.591004 -0.264201 -0.016448 -0.005538 0.011410 0.000344 0.000422 0.000750 -0.000060 -0.000169 -1.676612 -0.050944 -13.380595 -1.625177 0.021252 -0.024848 -1.665155 -0.006459 0.002442 0.001825 0.000012 0.000001 -4.113137 -0.168162 -14.417712 -3.090365 0.065903 -0.032139 -2.995383 -0.025260 -0.098139 -0.001635 0.000000 -0.000029 0.000000 0.000000 0.000000 0.000000 0.000000 0.000000 -21.660160 1.436012 8.101467 -0.587360 -1.212845 27.129667 11.087022 -11.593458 14.195071 -1.226064 -1.579129 -27.834040 0.000000 0.000000 0.000000 0.000000 0.000000 0.000000 0.000000 0.000000 0.000000 -10.640934 10.479614 15.622830 -0.019146 0.085988 13.703685 11.146850 12.905832 12.959172 -0.652702 0.665753 -27.187990 0.000000 0.000000 0.000000 0.000000 0.000000 0.000000 0.000000 0.000000 0.000000 
25.786448 85.168518 11.552810 5.639778 -4.417521 -16.254858 -3.704867 0.821771 7.523449 2.183177 -0.289766 0.197609 -7.000979 3.199615 18.686802 -0.930631 -0.422221 0.184410 7.082526 1.018389 10.166662 -1.951011 0.339531 -7.633951 1.531283 3.417814 -24.818495 0.000000 0.000000 0.000000 98.961433 -0.547083 5.269398 66.219490 -15.621540 5.060156 2.176507 27.207296 31.892115 -9.249779 19.922110 -12.011475 5.875378 -1.153079 42.243065 0.000017 0.000039 -13.993159 0.000031 0.000053 -9.727688 0.000010 0.000015 -0.000040 -11.566357 0.236002 -2.632312 -0.988533 -0.050877 0.389894 -1.204957 -0.023589 0.364373 -0.000012 0.000017 -0.000002 -10.633108 0.085175 -6.461522 -1.039204 -0.031952 0.155553 -1.035570 -0.012667 0.134438 -0.000006 0.000089 0.000008 -8.926729 -0.091748 -11.242728 -0.518480 0.071162 -0.285698 -0.563190 0.027778 -0.223004 0.000006 -0.000498 0.000025 -6.033931 -0.199780 -16.507862 0.077887 0.200399 -0.836719 -0.036446 0.097472 -0.709061 -0.000070 -0.000015 -0.000045 0.000000 0.000000 0.000000 0.000000 0.000000 0.000000 -94.571167 0.546322 3.738971 -56.177055 16.645798 1.436009 -4.608697 -16.992741 48.963718 6.638555 -19.098328 -21.100622 -6.142656 1.274070 41.946110 0.000012 0.000012 -15.260909 -0.000164 -0.000034 -10.586753 0.000632 0.000002 -0.001139 4.704577 0.207359 -10.259577 0.201455 -0.006930 0.039308 0.084257 0.018856 0.012350 -0.000004 0.000889 -0.000004 2.444216 0.091144 -12.680650 -0.334090 -0.016134 -0.003445 -0.060028 0.000625 0.002121 0.000717 -0.000060 -0.000166 -2.013144 -0.050827 -13.436309 -1.720106 0.020910 -0.027962 -1.759910 -0.006792 -0.000003 0.001857 0.000011 0.000001 -4.429870 -0.168348 -14.435539 -3.192767 0.064955 -0.043054 -3.095697 -0.026396 -0.107867 -0.001638 0.000000 -0.000029 0.000000 0.000000 0.000000 0.000000 0.000000 0.000000 -21.692396 1.434347 8.083490 -0.588228 -1.212771 27.222651 11.112288 -11.681376 14.162694 -1.231314 -1.578323 -27.841362 0.000000 0.000000 0.000000 0.000000 0.000000 0.000000 0.000000 0.000000 0.000000 -10.671808 10.414867 15.617218 -0.019487 0.085030 13.714661 11.155084 12.838831 12.958700 -0.656478 0.662536 -27.177420 0.000000 0.000000 0.000000 0.000000 0.000000 0.000000 0.000000 0.000000 0.000000 
25.787838 85.162872 11.545141 5.668523 -4.237793 -16.239210 -3.714363 0.820276 7.533282 2.180349 -0.290896 0.155901 -7.012328 3.195886 18.716568 -0.942705 -0.427269 0.167478 7.101035 0.985333 10.099038 -1.949450 0.306940 -7.663707 1.540509 3.422430 -24.821609 0.000000 0.000000 0.000000 98.954323 -0.547409 5.309513 66.120094 -15.913993 5.117907 2.165694 27.119020 31.833277 -8.940507 19.903318 -12.066996 5.954232 -1.166432 42.203175 0.000017 0.000039 -14.198174 0.000031 0.000053 -9.872829 0.000010 0.000015 -0.000040 -11.138491 0.235416 -2.743260 -0.949895 -0.050652 0.390858 -1.163825 -0.023412 0.365000 -0.000012 0.000017 -0.000002 -10.198185 0.084762 -6.544799 -0.996158 -0.031792 0.155126 -0.993228 -0.012477 0.134204 -0.000006 0.000089 0.000008 -8.466290 -0.091597 -11.274745 -0.453470 0.070600 -0.284399 -0.499129 0.027271 -0.221886 0.000006 -0.000479 0.000025 -5.597238 -0.199484 -16.502777 0.158010 0.198893 -0.829658 0.041133 0.096073 -0.703301 -0.000077 -0.000015 -0.000045 0.000000 0.000000 0.000000 0.000000 0.000000 0.000000 -94.590782 0.539084 3.796623 -56.112019 16.939760 1.510228 -4.571720 -16.841967 49.024082 6.394406 -19.115673 -21.083925 -6.201363 1.285498 41.915810 0.000011 0.000012 -15.409783 -0.000165 -0.000034 -10.688768 0.000634 0.000002 -0.001105 4.358122 0.208232 -10.371815 0.131255 -0.006307 0.043702 0.015120 0.019500 0.016839 -0.000004 0.000886 -0.000004 2.110950 0.091259 -12.765340 -0.409715 -0.015805 -0.001285 -0.137469 0.000918 0.003865 0.000685 -0.000060 -0.000163 -2.337935 -0.050717 -13.488990 -1.819469 0.020539 -0.031083 -1.858873 -0.007140 -0.002456 0.001888 0.000011 0.000001 -4.735064 -0.168473 -14.451284 -3.298046 0.063982 -0.053909 -3.198791 -0.027546 -0.117473 -0.001640 0.000000 -0.000029 0.000000 0.000000 0.000000 0.000000 0.000000 0.000000 -21.724581 1.432599 8.067709 -0.589208 -1.213281 27.312531 11.137941 -11.771091 14.129537 -1.236663 -1.577201 -27.847540 0.000000 0.000000 0.000000 0.000000 0.000000 0.000000 0.000000 0.000000 0.000000 -10.703324 10.349378 15.612040 -0.019817 0.084032 13.722479 11.162475 12.769422 12.960279 -0.660313 0.659288 -27.167236 0.000000 0.000000 0.000000 0.000000 0.000000 0.000000 0.000000 0.000000 0.000000 
25.789379 85.157272 11.538162 5.697563 -4.057835 -16.224810 -3.722733 0.818517 7.542573 2.177572 -0.291726 0.114252 -7.022700 3.191975 18.745071 -0.955774 -0.431891 0.151552 7.122271 0.949719 10.031639 -1.947196 0.273782 -7.694329 1.550319 3.426061 -24.826338 0.000000 0.000000 0.000000 98.944885 -0.547698 5.347415 66.022171 -16.199099 5.179553 2.155618 27.037045 31.772379 -8.659656 19.887074 -12.125332 6.032043 -1.179473 42.163914 0.000017 0.000039 -14.399735 0.000031 0.000053 -10.015739 0.000010 0.000015 -0.000040 -10.719382 0.234846 -2.848515 -0.907819 -0.050406 0.391802 -1.118945 -0.023228 0.365673 -0.000012 0.000017 -0.000002 -9.772665 0.084355 -6.623226 -0.949851 -0.031624 0.154704 -0.947547 -0.012270 0.133987 -0.000006 0.000089 0.000007 -8.015118 -0.091417 -11.302258 -0.384977 0.070045 -0.283046 -0.431892 0.026758 -0.220711 0.000006 -0.000460 0.000025 -5.168340 -0.199065 -16.493578 0.241367 0.197451 -0.822526 0.122259 0.094718 -0.697482 -0.000085 -0.000015 -0.000045 0.000000 0.000000 0.000000 0.000000 0.000000 0.000000 -94.611572 0.533320 3.852265 -56.048122 17.218897 1.579204 -4.535326 -16.699507 49.090927 6.173109 -19.144846 -21.061647 -6.259012 1.296582 41.886093 0.000011 0.000012 -15.556496 -0.000166 -0.000033 -10.789164 0.000640 0.000002 -0.001068 4.021563 0.209034 -10.475903 0.055786 -0.005673 0.048170 -0.059618 0.020138 0.021416 -0.000003 0.000881 -0.000004 1.788538 0.091350 -12.843307 -0.490595 -0.015479 0.000891 -0.220455 0.001212 0.005631 0.000654 -0.000060 -0.000160 -2.650786 -0.050603 -13.537867 -1.923368 0.020136 -0.034195 -1.962199 -0.007497 -0.004886 0.001920 0.000011 0.000001 -5.028729 -0.168457 -14.465725 -3.406867 0.063004 -0.064660 -3.305316 -0.028694 -0.126908 -0.001641 0.000000 -0.000029 0.000000 0.000000 0.000000 0.000000 0.000000 0.000000 -21.757151 1.431077 8.055079 -0.590318 -1.214411 27.398817 11.164546 -11.861754 14.095757 -1.242131 -1.575676 -27.853237 0.000000 0.000000 0.000000 0.000000 0.000000 0.000000 0.000000 0.000000 0.000000 -10.735882 10.283929 15.607864 -0.020145 0.082992 13.726689 11.169012 12.697158 12.963149 -0.664238 0.655902 -27.157124 0.000000 0.000000 0.000000 0.000000 0.000000 0.000000 0.000000 0.000000 0.000000 
25.790974 85.151825 11.531792 5.726921 -3.878771 -16.211603 -3.730250 0.816438 7.551588 2.174392 -0.292070 0.072839 -7.031674 3.187262 18.772522 -0.969771 -0.436238 0.136653 7.144153 0.912906 9.965982 -1.944560 0.240535 -7.724616 1.560303 3.428894 -24.832178 0.000000 0.000000 0.000000 98.933029 -0.547709 5.382691 65.927063 -16.479561 5.242393 2.146433 26.961100 31.709688 -8.403992 19.872229 -12.186329 6.108175 -1.192125 42.125568 0.000017 0.000039 -14.596257 0.000031 0.000053 -10.155326 0.000010 0.000015 -0.000040 -10.311964 0.234277 -2.947118 -0.863031 -0.050127 0.392511 -1.071045 -0.023021 0.366195 -0.000013 0.000018 -0.000002 -9.359523 0.083954 -6.695813 -0.901052 -0.031444 0.154211 -0.899273 -0.012043 0.133720 -0.000006 0.000088 0.000007 -7.577449 -0.091203 -11.324921 -0.314535 0.069493 -0.281577 -0.362964 0.026238 -0.219436 0.000006 -0.000441 0.000025 -4.751845 -0.198502 -16.480610 0.325913 0.196068 -0.815223 0.204862 0.093435 -0.691494 -0.000094 -0.000015 -0.000045 0.000000 0.000000 0.000000 0.000000 0.000000 0.000000 -94.633591 0.529178 3.905253 -55.984310 17.481993 1.644869 -4.499749 -16.568245 49.163071 5.969965 -19.188419 -21.032051 -6.315752 1.307307 41.856953 0.000011 0.000011 -15.700953 -0.000167 -0.000033 -10.887954 0.000649 0.000001 -0.001028 3.694664 0.209754 -10.569605 -0.025980 -0.005039 0.052785 -0.140944 0.020753 0.026195 -0.000003 0.000876 -0.000004 1.476570 0.091420 -12.912674 -0.577756 -0.015161 0.003114 -0.309909 0.001505 0.007459 0.000623 -0.000060 -0.000157 -2.952694 -0.050489 -13.580759 -2.032702 0.019691 -0.037376 -2.070773 -0.007868 -0.007339 0.001950 0.000011 0.000001 -5.312090 -0.168307 -14.477473 -3.520000 0.061990 -0.075559 -3.416075 -0.029852 -0.136362 -0.001641 0.000000 -0.000029 0.000000 0.000000 0.000000 0.000000 0.000000 0.000000 -21.789736 1.431239 8.045633 -0.591563 -1.216154 27.480164 11.192005 -11.951497 14.061673 -1.247685 -1.573695 -27.858982 0.000000 0.000000 0.000000 0.000000 0.000000 0.000000 0.000000 0.000000 0.000000 -10.769072 10.219473 15.605110 -0.020485 0.081935 13.725943 11.174552 12.622521 12.967443 -0.668182 0.652324 -27.147284 0.000000 0.000000 0.000000 0.000000 0.000000 0.000000 0.000000 0.000000 0.000000 
25.792366 85.146774 11.525737 5.756197 -3.702640 -16.198370 -3.737716 0.814003 7.560486 2.170161 -0.291742 0.031705 -7.038412 3.180846 18.798939 -0.983884 -0.440595 0.122661 7.165772 0.875741 9.900861 -1.941765 0.207645 -7.754657 1.570175 3.431187 -24.837036 0.000000 0.000000 0.000000 98.918716 -0.547100 5.415199 65.836426 -16.755720 5.303518 2.138531 26.891577 31.646933 -8.167136 19.853832 -12.247456 6.182413 -1.204424 42.088150 0.000017 0.000039 -14.787451 0.000031 0.000053 -10.291271 0.000010 0.000015 -0.000040 -9.916301 0.233669 -3.039332 -0.816105 -0.049813 0.392662 -1.020702 -0.022787 0.366242 -0.000013 0.000018 -0.000002 -8.958846 0.083546 -6.762657 -0.850368 -0.031254 0.153537 -0.848955 -0.011798 0.133301 -0.000006 0.000087 0.000007 -7.154655 -0.090964 -11.343037 -0.243636 0.068937 -0.279855 -0.293862 0.025715 -0.217958 0.000005 -0.000421 0.000025 -4.350491 -0.197853 -16.464386 0.408983 0.194706 -0.807441 0.286341 0.092226 -0.685026 -0.000103 -0.000015 -0.000046 0.000000 0.000000 0.000000 0.000000 0.000000 0.000000 -94.655754 0.526441 3.955660 -55.920189 17.728588 1.708706 -4.465873 -16.452776 49.236019 5.779504 -19.249329 -20.993893 -6.372384 1.317686 41.828232 0.000011 0.000011 -15.844334 -0.000169 -0.000033 -10.985979 0.000661 0.000001 -0.000985 3.374860 0.210369 -10.652512 -0.116671 -0.004391 0.057849 -0.231427 0.021351 0.031468 -0.000003 0.000869 -0.000004 1.172212 0.091474 -12.972512 -0.673585 -0.014851 0.005500 -0.408080 0.001797 0.009446 0.000593 -0.000060 -0.000154 -3.246826 -0.050386 -13.615312 -2.149058 0.019187 -0.040776 -2.186116 -0.008261 -0.009936 0.001977 0.000010 0.000001 -5.588359 -0.168125 -14.483883 -3.638131 0.060878 -0.087048 -3.531735 -0.031053 -0.146191 -0.001641 0.000000 -0.000029 0.000000 0.000000 0.000000 0.000000 0.000000 0.000000 -21.820995 1.435678 8.037744 -0.592952 -1.218498 27.555702 11.219454 -12.037934 14.027677 -1.253264 -1.571295 -27.865183 0.000000 0.000000 0.000000 0.000000 0.000000 0.000000 0.000000 0.000000 0.000000 -10.801758 10.157150 15.603211 -0.020843 0.080883 13.719562 11.178808 12.547393 12.973302 -0.671936 0.648659 -27.138186 0.000000 0.000000 0.000000 0.000000 0.000000 0.000000 0.000000 0.000000 0.000000 
25.793287 85.142319 11.519991 5.785364 -3.531273 -16.184528 -3.745367 0.811288 7.569016 2.164204 -0.290524 -0.008299 -7.042025 3.172448 18.824051 -0.997499 -0.444932 0.109728 7.186690 0.839748 9.834763 -1.938604 0.176153 -7.785457 1.579891 3.433088 -24.840187 0.000000 0.000000 0.000000 98.903061 -0.545772 5.445855 65.751274 -17.027580 5.363515 2.131849 26.831186 31.584356 -7.953084 19.826733 -12.307682 6.254640 -1.216314 42.051781 0.000017 0.000039 -14.973010 0.000032 0.000053 -10.423298 0.000010 0.000015 -0.000040 -9.533587 0.233049 -3.125586 -0.766832 -0.049410 0.392208 -0.967665 -0.022471 0.365772 -0.000013 0.000018 -0.000002 -8.572086 0.083162 -6.824513 -0.797305 -0.031037 0.152654 -0.796165 -0.011514 0.132717 -0.000006 0.000086 0.000007 -6.747245 -0.090711 -11.357401 -0.171716 0.068336 -0.277798 -0.224184 0.025165 -0.216224 0.000005 -0.000400 0.000025 -3.964272 -0.197201 -16.445522 0.490880 0.193207 -0.798888 0.367020 0.090948 -0.677823 -0.000113 -0.000015 -0.000046 0.000000 0.000000 0.000000 0.000000 0.000000 0.000000 -94.678093 0.525036 4.003772 -55.856327 17.955540 1.771721 -4.434577 -16.355518 49.307907 5.599541 -19.325436 -20.947090 -6.429116 1.327651 41.800034 0.000011 0.000011 -15.986643 -0.000171 -0.000033 -11.083355 0.000675 0.000001 -0.000937 3.062891 0.210904 -10.727598 -0.216918 -0.003682 0.063559 -0.331705 0.021979 0.037351 -0.000003 0.000860 -0.000004 0.875855 0.091528 -13.025088 -0.778549 -0.014541 0.008114 -0.515546 0.002100 0.011631 0.000565 -0.000060 -0.000151 -3.533688 -0.050312 -13.642997 -2.272982 0.018599 -0.044452 -2.308720 -0.008696 -0.012727 0.002002 0.000010 0.000001 -5.858965 -0.167980 -14.485630 -3.761507 0.059574 -0.099341 -3.652750 -0.032369 -0.156556 -0.001641 0.000000 -0.000029 0.000000 0.000000 0.000000 0.000000 0.000000 0.000000 -21.850632 1.445557 8.030309 -0.594473 -1.221295 27.625435 11.246046 -12.119387 13.994133 -1.258793 -1.568648 -27.871546 0.000000 0.000000 0.000000 0.000000 0.000000 0.000000 0.000000 0.000000 0.000000 -10.833691 10.097939 15.601685 -0.021208 0.079794 13.707675 11.181770 12.473871 12.981568 -0.675398 0.645095 -27.129934 0.000000 0.000000 0.000000 0.000000 0.000000 0.000000 0.000000 0.000000 0.000000 
25.793556 85.138664 11.514584 5.814435 -3.366420 -16.169430 -3.753378 0.808289 7.576696 2.156176 -0.288337 -0.046398 -7.042196 3.161717 18.847666 -1.009938 -0.449316 0.097766 7.205745 0.807371 9.765293 -1.934837 0.148145 -7.818333 1.589047 3.434648 -24.840927 0.000000 0.000000 0.000000 98.887337 -0.543912 5.474795 65.673134 -17.294376 5.421481 2.126153 26.780933 31.524456 -7.766754 19.786303 -12.365481 6.324917 -1.227758 42.016502 0.000017 0.000039 -15.153087 0.000032 0.000053 -10.551455 0.000010 0.000015 -0.000040 -9.163644 0.232437 -3.206276 -0.714426 -0.048843 0.391076 -0.911116 -0.022002 0.364725 -0.000013 0.000019 -0.000002 -8.199430 0.082829 -6.881950 -0.740826 -0.030773 0.151519 -0.739912 -0.011168 0.131948 -0.000006 0.000086 0.000007 -6.354879 -0.090471 -11.368386 -0.097803 0.067646 -0.275335 -0.152991 0.024559 -0.214184 0.000005 -0.000378 0.000025 -3.592586 -0.196616 -16.424011 0.572388 0.191417 -0.789346 0.447706 0.089454 -0.669683 -0.000125 -0.000014 -0.000047 0.000000 0.000000 0.000000 0.000000 0.000000 0.000000 -94.700821 0.524744 4.049504 -55.794930 18.159664 1.832148 -4.406443 -16.278332 49.379627 5.428442 -19.412979 -20.892347 -6.486139 1.337195 41.772343 0.000011 0.000011 -16.128160 -0.000173 -0.000033 -11.180354 0.000688 0.000001 -0.000883 2.759493 0.211391 -10.796061 -0.327072 -0.002851 0.070144 -0.442191 0.022696 0.043997 -0.000002 0.000849 -0.000004 0.587806 0.091602 -13.071451 -0.892922 -0.014213 0.011031 -0.632662 0.002428 0.014069 0.000539 -0.000060 -0.000148 -3.813581 -0.050290 -13.664683 -2.404879 0.017892 -0.048482 -2.438967 -0.009201 -0.015768 0.002026 0.000010 0.000001 -6.124957 -0.167914 -14.483407 -3.890310 0.057981 -0.112642 -3.779421 -0.033879 -0.167596 -0.001641 0.000000 -0.000029 0.000000 0.000000 0.000000 0.000000 0.000000 0.000000 -21.878778 1.461633 8.022302 -0.596124 -1.224452 27.688755 11.271483 -12.194238 13.960971 -1.264242 -1.565902 -27.877275 0.000000 0.000000 0.000000 0.000000 0.000000 0.000000 0.000000 0.000000 0.000000 -10.865010 10.042647 15.599624 -0.021581 0.078583 13.690654 11.183591 12.404569 12.993024 -0.678539 0.641808 -27.122656 0.000000 0.000000 0.000000 0.000000 0.000000 0.000000 0.000000 0.000000 0.000000 
25.792988 85.135788 11.509307 5.842888 -3.209284 -16.151138 -3.761584 0.805126 7.582088 2.146741 -0.285462 -0.081264 -7.039827 3.147139 18.869072 -1.020737 -0.454545 0.085392 7.219961 0.779681 9.686829 -1.930605 0.122966 -7.856073 1.597310 3.435761 -24.837561 0.000000 0.000000 0.000000 98.875732 -0.542269 5.501849 65.599861 -17.556227 5.473859 2.121882 26.740644 31.471312 -7.611358 19.725962 -12.416841 6.393220 -1.238598 41.982502 0.000017 0.000039 -15.327565 0.000032 0.000053 -10.675687 0.000010 0.000015 -0.000040 -8.804530 0.231869 -3.282443 -0.655911 -0.048045 0.389268 -0.848268 -0.021296 0.363055 -0.000013 0.000019 -0.000002 -7.839833 0.082564 -6.934328 -0.678362 -0.030438 0.150121 -0.677721 -0.010749 0.130999 -0.000006 0.000085 0.000006 -5.977357 -0.090281 -11.373869 -0.019652 0.066860 -0.272558 -0.078018 0.023880 -0.211909 0.000005 -0.000356 0.000025 -3.236011 -0.196164 -16.395975 0.655795 0.189256 -0.779103 0.530820 0.087637 -0.660840 -0.000138 -0.000014 -0.000047 0.000000 0.000000 0.000000 0.000000 0.000000 0.000000 -94.724350 0.525187 4.094207 -55.742188 18.339109 1.888099 -4.381858 -16.219763 49.445744 5.261464 -19.512756 -20.834866 -6.542913 1.346192 41.745468 0.000011 0.000011 -16.267574 -0.000175 -0.000032 -11.276134 0.000696 0.000001 -0.000827 2.470882 0.211865 -10.857896 -0.444326 -0.001803 0.077856 -0.560306 0.023623 0.051524 -0.000002 0.000834 -0.000004 0.313390 0.091725 -13.111711 -1.013818 -0.013826 0.014319 -0.756648 0.002819 0.016798 0.000516 -0.000060 -0.000145 -4.081001 -0.050330 -13.680299 -2.541940 0.017037 -0.052898 -2.574246 -0.009809 -0.019065 0.002051 0.000009 0.000001 -6.381797 -0.167859 -14.476510 -4.022185 0.056037 -0.126992 -3.909645 -0.035672 -0.179353 -0.001640 0.000000 -0.000029 0.000000 0.000000 0.000000 0.000000 0.000000 0.000000 -21.906427 1.481721 8.010263 -0.597886 -1.227887 27.745913 11.295511 -12.263111 13.929132 -1.269659 -1.563191 -27.881575 0.000000 0.000000 0.000000 0.000000 0.000000 0.000000 0.000000 0.000000 0.000000 -10.895576 9.989664 15.593616 -0.021958 0.077122 13.672007 11.185569 12.342368 13.008299 -0.681674 0.639230 -27.116642 0.000000 0.000000 0.000000 0.000000 0.000000 0.000000 0.000000 0.000000 0.000000 
25.791239 85.133698 11.504153 5.869885 -3.061419 -16.129898 -3.770275 0.801955 7.584969 2.136758 -0.282350 -0.112636 -7.036172 3.128327 18.888519 -1.030014 -0.461076 0.071636 7.227601 0.757261 9.598043 -1.926461 0.100007 -7.898791 1.604293 3.436466 -24.829496 0.000000 0.000000 0.000000 98.869682 -0.541328 5.526797 65.528763 -17.813932 5.521454 2.119475 26.706678 31.425156 -7.476291 19.648716 -12.459451 6.459233 -1.248813 41.949932 0.000017 0.000039 -15.495770 0.000032 0.000053 -10.795536 0.000010 0.000015 -0.000040 -8.454997 0.231335 -3.355982 -0.590405 -0.047020 0.386665 -0.778404 -0.020341 0.360596 -0.000013 0.000019 -0.000002 -7.491980 0.082353 -6.981745 -0.609452 -0.030028 0.148429 -0.609241 -0.010265 0.129830 -0.000006 0.000085 0.000006 -5.614448 -0.090168 -11.373097 0.062513 0.066009 -0.269542 0.000706 0.023143 -0.209440 0.000004 -0.000333 0.000025 -2.895469 -0.195878 -16.360241 0.740530 0.186826 -0.768572 0.615696 0.085570 -0.651640 -0.000153 -0.000014 -0.000047 0.000000 0.000000 0.000000 0.000000 0.000000 0.000000 -94.747856 0.525841 4.138519 -55.702866 18.492897 1.938230 -4.360909 -16.177773 49.502777 5.093773 -19.624237 -20.778013 -6.598810 1.354645 41.719650 0.000011 0.000011 -16.403219 -0.000177 -0.000032 -11.369556 0.000695 0.000001 -0.000775 2.199143 0.212358 -10.912945 -0.565800 -0.000522 0.086767 -0.683194 0.024789 0.059979 -0.000002 0.000817 -0.000004 0.054003 0.091903 -13.145864 -1.138192 -0.013361 0.017995 -0.884496 0.003289 0.019837 0.000498 -0.000060 -0.000142 -4.334610 -0.050413 -13.689838 -2.681137 0.016044 -0.057684 -2.711642 -0.010514 -0.022605 0.002076 0.000009 0.000001 -6.628284 -0.167786 -14.465133 -4.154494 0.053824 -0.142195 -4.040680 -0.037708 -0.191712 -0.001636 -0.000000 -0.000029 0.000000 0.000000 0.000000 0.000000 0.000000 0.000000 -21.933407 1.504066 7.993663 -0.599699 -1.231512 27.796949 11.317908 -12.327386 13.899658 -1.275035 -1.560609 -27.884514 0.000000 0.000000 0.000000 0.000000 0.000000 0.000000 0.000000 0.000000 0.000000 -10.924129 9.938246 15.583302 -0.022340 0.075442 13.654224 11.188069 12.287782 13.027103 -0.684933 0.637554 -27.112312 0.000000 0.000000 0.000000 0.000000 0.000000 0.000000 0.000000 0.000000 0.000000 
25.787987 85.132561 11.499427 5.894804 -2.924620 -16.108051 -3.779577 0.798905 7.586232 2.126152 -0.279051 -0.141027 -7.031418 3.106654 18.907070 -1.037881 -0.468305 0.057098 7.229526 0.739989 9.501856 -1.922681 0.079860 -7.944621 1.609833 3.436855 -24.817654 0.000000 0.000000 0.000000 98.868256 -0.541076 5.550048 65.458046 -18.067385 5.569095 2.118779 26.676579 31.383560 -7.349917 19.562996 -12.491789 6.523045 -1.258553 41.918621 0.000017 0.000039 -15.658143 0.000033 0.000053 -10.911232 0.000010 0.000015 -0.000040 -8.113815 0.230801 -3.428611 -0.518969 -0.045839 0.383229 -0.702671 -0.019207 0.357298 -0.000013 0.000020 -0.000002 -7.154124 0.082168 -7.025648 -0.535219 -0.029564 0.146459 -0.535614 -0.009738 0.128429 -0.000005 0.000085 0.000006 -5.264379 -0.090134 -11.367715 0.147402 0.065137 -0.266314 0.082127 0.022383 -0.206787 0.000004 -0.000308 0.000025 -2.569940 -0.195798 -16.319118 0.825013 0.184310 -0.757966 0.700504 0.083404 -0.642264 -0.000167 -0.000014 -0.000048 0.000000 0.000000 0.000000 0.000000 0.000000 0.000000 -94.770706 0.526531 4.182024 -55.675369 18.623022 1.983839 -4.343773 -16.152626 49.550327 4.922150 -19.746017 -20.718170 -6.653374 1.362625 41.694988 0.000011 0.000011 -16.533861 -0.000178 -0.000032 -11.459733 0.000685 0.000000 -0.000727 1.942082 0.212868 -10.962250 -0.689323 0.000914 0.096628 -0.808550 0.026115 0.069167 -0.000002 0.000801 -0.000004 -0.192749 0.092126 -13.174872 -1.263691 -0.012846 0.021965 -1.013843 0.003812 0.023116 0.000482 -0.000060 -0.000138 -4.577310 -0.050517 -13.694476 -2.820225 0.014971 -0.062730 -2.848911 -0.011281 -0.026320 0.002101 0.000009 0.000001 -6.867156 -0.167796 -14.450991 -4.285383 0.051501 -0.157826 -4.170465 -0.039862 -0.204370 -0.001631 -0.000000 -0.000029 0.000000 0.000000 0.000000 0.000000 0.000000 0.000000 -21.958534 1.528366 7.974649 -0.601484 -1.235196 27.842497 11.338091 -12.387175 13.872721 -1.280253 -1.558214 -27.886082 0.000000 0.000000 0.000000 0.000000 0.000000 0.000000 0.000000 0.000000 0.000000 -10.949251 9.889543 15.571519 -0.022709 0.073708 13.637553 11.190123 12.240086 13.048110 -0.688036 0.636599 -27.109642 0.000000 0.000000 0.000000 0.000000 0.000000 0.000000 0.000000 0.000000 0.000000 
25.783197 85.132431 11.495692 5.917781 -2.799900 -16.088430 -3.788718 0.796050 7.586565 2.114366 -0.275319 -0.166962 -7.025249 3.084037 18.925606 -1.044574 -0.475192 0.043356 7.227767 0.727032 9.404119 -1.918855 0.063251 -7.990871 1.614190 3.436775 -24.804770 0.000000 0.000000 0.000000 98.870491 -0.541354 5.572311 65.387260 -18.316277 5.622324 2.118929 26.651407 31.344822 -7.232493 19.477818 -12.513206 6.585327 -1.267955 41.888191 0.000016 0.000039 -15.816342 0.000033 0.000052 -11.023874 0.000010 0.000015 -0.000040 -7.778946 0.230280 -3.500252 -0.442034 -0.044557 0.379218 -0.621553 -0.017968 0.353436 -0.000013 0.000020 -0.000002 -6.823956 0.082015 -7.067003 -0.455883 -0.029068 0.144312 -0.457015 -0.009181 0.126881 -0.000005 0.000085 0.000006 -4.923467 -0.090172 -11.359210 0.235691 0.064270 -0.262919 0.167032 0.021615 -0.203985 0.000004 -0.000281 0.000026 -2.255335 -0.195969 -16.274677 0.910555 0.181802 -0.747299 0.786370 0.081209 -0.632736 -0.000179 -0.000014 -0.000048 0.000000 0.000000 0.000000 0.000000 0.000000 0.000000 -94.793915 0.527718 4.223982 -55.654198 18.730907 2.028766 -4.330471 -16.145023 49.589230 4.749573 -19.879904 -20.650404 -6.705605 1.370096 41.671768 0.000011 0.000011 -16.657415 -0.000180 -0.000032 -11.545149 0.000668 0.000000 -0.000681 1.700767 0.213408 -11.006268 -0.811353 0.002404 0.106886 -0.932736 0.027498 0.078596 -0.000002 0.000787 -0.000004 -0.426002 0.092387 -13.199244 -1.386858 -0.012323 0.026028 -1.141299 0.004353 0.026472 0.000470 -0.000060 -0.000134 -4.809380 -0.050647 -13.695661 -2.956598 0.013876 -0.067805 -2.983380 -0.012068 -0.030047 0.002127 0.000009 0.000001 -7.099278 -0.167983 -14.436106 -4.413301 0.049204 -0.173247 -4.297443 -0.042021 -0.216805 -0.001626 -0.000000 -0.000029 0.000000 0.000000 0.000000 0.000000 0.000000 0.000000 -21.981352 1.553683 7.956230 -0.603214 -1.238889 27.883604 11.355835 -12.442340 13.847762 -1.285222 -1.555976 -27.885973 0.000000 0.000000 0.000000 0.000000 0.000000 0.000000 0.000000 0.000000 0.000000 -10.970874 9.844441 15.561474 -0.023010 0.072102 13.621400 11.190400 12.197548 13.069635 -0.690706 0.635952 -27.108170 0.000000 0.000000 0.000000 0.000000 0.000000 0.000000 0.000000 0.000000 0.000000 
25.776951 85.133308 11.492903 5.938755 -2.687942 -16.071609 -3.797415 0.793412 7.586071 2.101189 -0.271072 -0.190273 -7.017179 3.060501 18.943903 -1.049788 -0.481401 0.031030 7.222815 0.717905 9.306265 -1.914807 0.050452 -8.036790 1.617254 3.436101 -24.791389 0.000000 0.000000 0.000000 98.876450 -0.542167 5.593747 65.315163 -18.559790 5.681077 2.119742 26.631525 31.310143 -7.124815 19.396168 -12.523422 6.646538 -1.277018 41.858490 0.000016 0.000038 -15.971442 0.000033 0.000052 -11.134300 0.000010 0.000015 -0.000040 -7.449364 0.229779 -3.570697 -0.358355 -0.043137 0.374549 -0.533874 -0.016582 0.348973 -0.000013 0.000020 -0.000002 -6.500571 0.081891 -7.105686 -0.370259 -0.028529 0.141976 -0.372209 -0.008584 0.125181 -0.000005 0.000085 0.000006 -4.591506 -0.090295 -11.346992 0.328322 0.063389 -0.259384 0.256450 0.020832 -0.201062 0.000003 -0.000255 0.000026 -1.952087 -0.196446 -16.226229 0.997894 0.179282 -0.736701 0.874002 0.078968 -0.623196 -0.000188 -0.000014 -0.000048 0.000000 0.000000 0.000000 0.000000 0.000000 0.000000 -94.817772 0.529402 4.264641 -55.638031 18.818108 2.073922 -4.321126 -16.156631 49.617332 4.579757 -20.030504 -20.574806 -6.754659 1.376952 41.650330 0.000011 0.000010 -16.772030 -0.000181 -0.000032 -11.624493 0.000644 -0.000000 -0.000638 1.479489 0.213978 -11.042313 -0.928937 0.003924 0.117224 -1.052702 0.028914 0.087995 -0.000001 0.000775 -0.000004 -0.642067 0.092689 -13.216747 -1.504883 -0.011804 0.030068 -1.263975 0.004901 0.029806 0.000459 -0.000060 -0.000131 -5.027676 -0.050821 -13.691495 -3.087397 0.012775 -0.072766 -3.112282 -0.012867 -0.033677 0.002153 0.000008 0.000001 -7.322031 -0.168389 -14.419112 -4.536001 0.046955 -0.188056 -4.419353 -0.044174 -0.228690 -0.001620 -0.000000 -0.000029 0.000000 0.000000 0.000000 0.000000 0.000000 0.000000 -22.001535 1.579365 7.938776 -0.604859 -1.242565 27.920309 11.370736 -12.492792 13.824948 -1.289876 -1.553907 -27.884209 0.000000 0.000000 0.000000 0.000000 0.000000 0.000000 0.000000 0.000000 0.000000 -10.988673 9.803642 15.553895 -0.023213 0.070675 13.605491 11.188714 12.159384 13.091285 -0.692913 0.635512 -27.107950 0.000000 0.000000 0.000000 0.000000 0.000000 0.000000 0.000000 0.000000 0.000000 
25.769444 85.135323 11.490939 5.958032 -2.589471 -16.057577 -3.805991 0.791022 7.584735 2.086426 -0.266250 -0.211073 -7.006862 3.036548 18.961960 -1.053053 -0.486631 0.020608 7.216639 0.711997 9.208229 -1.910348 0.042423 -8.082235 1.618999 3.434797 -24.776915 0.000000 0.000000 0.000000 98.885475 -0.543553 5.614180 65.243034 -18.794342 5.744151 2.121038 26.617579 31.280191 -7.026579 19.320427 -12.521099 6.706975 -1.285794 41.829376 0.000016 0.000038 -16.124136 0.000033 0.000052 -11.242957 0.000010 0.000015 -0.000040 -7.125381 0.229286 -3.639735 -0.268113 -0.041557 0.369070 -0.439810 -0.015019 0.343827 -0.000013 0.000020 -0.000002 -6.183976 0.081795 -7.141989 -0.278310 -0.027943 0.139414 -0.281085 -0.007941 0.123306 -0.000005 0.000085 0.000005 -4.268456 -0.090523 -11.331117 0.425167 0.062469 -0.255680 0.350354 0.020027 -0.197998 0.000003 -0.000228 0.000026 -1.660362 -0.197312 -16.174105 1.086692 0.176705 -0.726139 0.963110 0.076639 -0.613625 -0.000196 -0.000015 -0.000048 0.000000 0.000000 0.000000 0.000000 0.000000 0.000000 -94.842072 0.531398 4.304571 -55.626381 18.885994 2.118328 -4.315706 -16.189764 49.636166 4.416323 -20.200006 -20.489403 -6.800199 1.383176 41.630775 0.000011 0.000010 -16.876982 -0.000183 -0.000032 -11.697283 0.000616 -0.000000 -0.000594 1.280213 0.214576 -11.067650 -1.040208 0.005439 0.127397 -1.166497 0.030326 0.097151 -0.000001 0.000767 -0.000004 -0.839780 0.093040 -13.225192 -1.616135 -0.011305 0.033987 -1.380154 0.005441 0.033040 0.000451 -0.000060 -0.000127 -5.231797 -0.051061 -13.680329 -3.210943 0.011686 -0.077494 -3.233932 -0.013667 -0.037117 0.002180 0.000008 0.000001 -7.535367 -0.169105 -14.399332 -4.652114 0.044778 -0.201884 -4.534769 -0.046295 -0.239707 -0.001613 -0.000000 -0.000029 0.000000 0.000000 0.000000 0.000000 0.000000 0.000000 -22.019049 1.605803 7.922585 -0.606446 -1.246381 27.951569 11.382769 -12.537439 13.803761 -1.294276 -1.551930 -27.880615 0.000000 0.000000 0.000000 0.000000 0.000000 0.000000 0.000000 0.000000 0.000000 -11.002812 9.768443 15.549300 -0.023300 0.069478 13.588440 11.184697 12.125173 13.112633 -0.694532 0.635139 -27.109007 0.000000 0.000000 0.000000 0.000000 0.000000 0.000000 0.000000 0.000000 0.000000 
25.760950 85.138466 11.489999 5.976218 -2.504607 -16.046732 -3.813927 0.788878 7.582093 2.069893 -0.260756 -0.229012 -6.994226 3.012770 18.979053 -1.054312 -0.490684 0.012988 7.210803 0.708292 9.111682 -1.905001 0.038978 -8.126756 1.619869 3.432717 -24.762327 0.000000 0.000000 0.000000 98.897018 -0.545501 5.633502 65.173424 -19.016808 5.811341 2.122139 26.611723 31.256891 -6.942544 19.253519 -12.505162 6.766934 -1.294282 41.800774 0.000016 0.000038 -16.275064 0.000034 0.000052 -11.350288 0.000010 0.000015 -0.000040 -6.806211 0.228832 -3.706037 -0.170958 -0.039824 0.362966 -0.338939 -0.013294 0.338215 -0.000013 0.000021 -0.000002 -5.873217 0.081747 -7.175380 -0.179354 -0.027319 0.136681 -0.182959 -0.007249 0.121312 -0.000005 0.000085 0.000005 -3.952144 -0.090855 -11.311120 0.527786 0.061500 -0.251797 0.450280 0.019189 -0.194786 0.000002 -0.000203 0.000027 -1.377361 -0.198616 -16.117559 1.179268 0.174016 -0.715395 1.056154 0.074155 -0.603843 -0.000202 -0.000015 -0.000048 0.000000 0.000000 0.000000 0.000000 0.000000 0.000000 -94.867226 0.533898 4.343694 -55.618416 18.931931 2.162715 -4.313920 -16.243586 49.648129 4.264510 -20.390219 -20.392979 -6.840790 1.388602 41.613651 0.000011 0.000010 -16.969021 -0.000184 -0.000031 -11.761298 0.000586 -0.000001 -0.000546 1.109941 0.215228 -11.081026 -1.140358 0.006890 0.136930 -1.269269 0.031676 0.105635 -0.000001 0.000762 -0.000004 -1.012913 0.093447 -13.223720 -1.716214 -0.010854 0.037618 -1.485406 0.005954 0.036029 0.000445 -0.000060 -0.000123 -5.416942 -0.051390 -13.662511 -3.323780 0.010639 -0.081773 -3.344757 -0.014451 -0.040218 0.002208 0.000008 0.000001 -7.735886 -0.170173 -14.377791 -4.759451 0.042717 -0.214231 -4.641554 -0.048339 -0.249446 -0.001606 -0.000001 -0.000029 0.000000 0.000000 0.000000 0.000000 0.000000 0.000000 -22.034718 1.632037 7.908367 -0.608032 -1.250532 27.977451 11.392642 -12.575707 13.783395 -1.298477 -1.549924 -27.874962 0.000000 0.000000 0.000000 0.000000 0.000000 0.000000 0.000000 0.000000 0.000000 -11.014097 9.738820 15.548092 -0.023231 0.068553 13.569559 11.178156 12.093492 13.133459 -0.695554 0.634678 -27.111481 0.000000 0.000000 0.000000 0.000000 0.000000 0.000000 0.000000 0.000000 0.000000 
25.751753 85.142563 11.490105 5.993552 -2.433398 -16.039000 -3.820814 0.786945 7.577770 2.051881 -0.254695 -0.243884 -6.979650 2.989072 18.994120 -1.053471 -0.493677 0.008201 7.205449 0.705965 9.017525 -1.898573 0.039273 -8.170092 1.620055 3.429683 -24.748276 0.000000 0.000000 0.000000 98.910805 -0.547960 5.650986 65.107063 -19.226818 5.880220 2.122645 26.613506 31.242807 -6.872350 19.198654 -12.475774 6.826279 -1.302375 41.772793 0.000016 0.000038 -16.423805 0.000034 0.000052 -11.456097 0.000010 0.000015 -0.000041 -6.492505 0.228446 -3.768456 -0.065884 -0.037916 0.356266 -0.230235 -0.011388 0.332189 -0.000013 0.000021 -0.000002 -5.568786 0.081756 -7.204814 -0.072331 -0.026652 0.133774 -0.076744 -0.006501 0.119206 -0.000004 0.000086 0.000005 -3.643133 -0.091293 -11.285919 0.637456 0.060463 -0.247725 0.557503 0.018303 -0.191421 0.000002 -0.000180 0.000027 -1.103330 -0.200370 -16.055346 1.277266 0.171162 -0.704372 1.154920 0.071465 -0.593749 -0.000208 -0.000015 -0.000048 0.000000 0.000000 0.000000 0.000000 0.000000 0.000000 -94.893944 0.537100 4.381416 -55.615093 18.953613 2.204490 -4.315179 -16.316526 49.656559 4.127505 -20.604502 -20.285778 -6.874582 1.393019 41.599728 0.000011 0.000010 -17.043917 -0.000186 -0.000031 -11.813584 0.000554 -0.000001 -0.000494 0.978420 0.215965 -11.079135 -1.223996 0.008233 0.145360 -1.355534 0.032926 0.113060 -0.000001 0.000759 -0.000004 -1.152518 0.093913 -13.210037 -1.800108 -0.010468 0.040800 -1.574633 0.006426 0.038636 0.000441 -0.000060 -0.000119 -5.574976 -0.051814 -13.637523 -3.421396 0.009658 -0.085383 -3.440278 -0.015204 -0.042821 0.002240 0.000007 0.000001 -7.916501 -0.171547 -14.355291 -4.854731 0.040819 -0.224562 -4.736399 -0.050277 -0.257498 -0.001599 -0.000001 -0.000029 0.000000 0.000000 0.000000 0.000000 0.000000 0.000000 -22.049025 1.657409 7.895892 -0.609673 -1.255189 27.998362 11.401181 -12.607600 13.763386 -1.302469 -1.547780 -27.867332 0.000000 0.000000 0.000000 0.000000 0.000000 0.000000 0.000000 0.000000 0.000000 -11.022877 9.714027 15.549796 -0.022992 0.067863 13.549164 11.169261 12.063375 13.153775 -0.696118 0.634102 -27.115730 0.000000 0.000000 0.000000 0.000000 0.000000 0.000000 0.000000 0.000000 0.000000 
25.742125 85.147400 11.491234 6.010012 -2.376133 -16.034208 -3.826529 0.785213 7.571731 2.032705 -0.248159 -0.255979 -6.963620 2.965916 19.006340 -1.050582 -0.495486 0.005751 7.201664 0.703285 8.926306 -1.891091 0.041945 -8.212117 1.619914 3.425602 -24.734753 0.000000 0.000000 0.000000 98.926163 -0.550776 5.665794 65.044968 -19.424421 5.947105 2.122610 26.621576 31.239443 -6.811811 19.161602 -12.433061 6.884680 -1.309970 41.745647 0.000016 0.000038 -16.569530 0.000034 0.000052 -11.559828 0.000010 0.000015 -0.000041 -6.186708 0.228141 -3.827247 0.047242 -0.035840 0.348946 -0.113583 -0.009305 0.325750 -0.000013 0.000021 -0.000002 -5.272601 0.081819 -7.230484 0.042842 -0.025944 0.130688 0.037784 -0.005699 0.116987 -0.000004 0.000086 0.000004 -3.342933 -0.091842 -11.255812 0.754372 0.059348 -0.243461 0.672215 0.017365 -0.187898 0.000001 -0.000161 0.000028 -0.839088 -0.202570 -15.987916 1.381111 0.168114 -0.692980 1.259953 0.068547 -0.583255 -0.000212 -0.000015 -0.000048 0.000000 0.000000 0.000000 0.000000 0.000000 0.000000 -94.923111 0.541161 4.416541 -55.618015 18.950636 2.238915 -4.318984 -16.407150 49.666309 4.006850 -20.846714 -20.165018 -6.899779 1.396202 41.589767 0.000011 0.000010 -17.097485 -0.000187 -0.000031 -11.851215 0.000522 -0.000001 -0.000436 0.895286 0.216800 -11.059525 -1.285614 0.009411 0.152181 -1.419693 0.034019 0.119005 -0.000000 0.000758 -0.000004 -1.249703 0.094444 -13.182730 -1.862560 -0.010169 0.043357 -1.642465 0.006839 0.040708 0.000439 -0.000060 -0.000115 -5.697617 -0.052329 -13.605882 -3.498563 0.008774 -0.088095 -3.515397 -0.015907 -0.044766 0.002273 0.000007 0.000001 -8.069649 -0.173174 -14.333891 -4.933805 0.039145 -0.232319 -4.815115 -0.052062 -0.263428 -0.001590 -0.000001 -0.000029 0.000000 0.000000 0.000000 0.000000 0.000000 0.000000 -22.061956 1.682681 7.884434 -0.611431 -1.260514 28.015209 11.409037 -12.632275 13.743362 -1.306196 -1.545381 -27.858044 0.000000 0.000000 0.000000 0.000000 0.000000 0.000000 0.000000 0.000000 0.000000 -11.029301 9.693632 15.553944 -0.022577 0.067377 13.527735 11.158052 12.034932 13.173069 -0.696254 0.633430 -27.121925 0.000000 0.000000 0.000000 0.000000 0.000000 0.000000 0.000000 0.000000 0.000000 
25.732038 85.152512 11.493492 6.024655 -2.332991 -16.032549 -3.830384 0.783771 7.564011 2.012959 -0.241229 -0.265434 -6.946374 2.943872 19.014814 -1.046222 -0.495811 0.004779 7.200450 0.697606 8.840204 -1.882749 0.043874 -8.252464 1.620193 3.420427 -24.722618 0.000000 0.000000 0.000000 98.942513 -0.553806 5.677272 64.987015 -19.609222 6.009682 2.122774 26.634804 31.246515 -6.761093 19.153076 -12.381799 6.941889 -1.316942 41.719524 0.000016 0.000038 -16.711666 0.000034 0.000051 -11.661094 0.000010 0.000015 -0.000041 -5.890138 0.228004 -3.884554 0.169350 -0.033642 0.341152 0.011765 -0.007090 0.319027 -0.000013 0.000021 -0.000002 -4.985556 0.081958 -7.253814 0.166739 -0.025211 0.127473 0.161386 -0.004861 0.114699 -0.000004 0.000086 0.000004 -3.050667 -0.092504 -11.222249 0.879827 0.058170 -0.239048 0.795515 0.016381 -0.184255 0.000001 -0.000147 0.000028 -0.582425 -0.205206 -15.916224 1.492633 0.164883 -0.681073 1.373128 0.065406 -0.572263 -0.000217 -0.000015 -0.000049 0.000000 0.000000 0.000000 0.000000 0.000000 0.000000 -94.955414 0.546228 4.447385 -55.629333 18.920250 2.263605 -4.325502 -16.511610 49.678944 3.906092 -21.123358 -20.030348 -6.914043 1.397808 41.584843 0.000011 0.000010 -17.124298 -0.000188 -0.000030 -11.870394 0.000492 -0.000001 -0.000375 0.873000 0.217790 -11.022473 -1.317948 0.010379 0.156901 -1.454428 0.034915 0.123015 -0.000000 0.000758 -0.000004 -1.292531 0.095044 -13.142694 -1.896334 -0.009976 0.045113 -1.681590 0.007180 0.042082 0.000439 -0.000059 -0.000110 -5.773162 -0.052916 -13.570378 -3.547882 0.008025 -0.089688 -3.562904 -0.016535 -0.045903 0.002308 0.000007 0.000001 -8.184374 -0.174989 -14.317046 -4.990549 0.037770 -0.237120 -4.871660 -0.053663 -0.266930 -0.001579 -0.000001 -0.000029 0.000000 0.000000 0.000000 0.000000 0.000000 0.000000 -22.072840 1.708194 7.873055 -0.613295 -1.266347 28.031033 11.416463 -12.650176 13.724239 -1.309398 -1.542810 -27.848213 0.000000 0.000000 0.000000 0.000000 0.000000 0.000000 0.000000 0.000000 0.000000 -11.032910 9.676280 15.560297 -0.021983 0.067058 13.507227 11.145020 12.007915 13.190489 -0.696064 0.632829 -27.129969 0.000000 0.000000 0.000000 0.000000 0.000000 0.000000 0.000000 0.000000 0.000000 
25.721558 85.157646 11.497076 6.037037 -2.304002 -16.034575 -3.832445 0.782648 7.555270 1.992919 -0.234000 -0.273264 -6.927868 2.923789 19.019188 -1.041161 -0.494340 0.004847 7.203450 0.687325 8.762074 -1.873942 0.043728 -8.290056 1.621404 3.414402 -24.712557 0.000000 0.000000 0.000000 98.958290 -0.556978 5.684192 64.935127 -19.781122 6.065380 2.123417 26.651016 31.262133 -6.717562 19.183680 -12.324459 6.997580 -1.323216 41.694630 0.000016 0.000038 -16.849424 0.000034 0.000051 -11.759396 0.000010 0.000015 -0.000041 -5.605020 0.228091 -3.942085 0.299914 -0.031301 0.332901 0.145085 -0.004727 0.312064 -0.000013 0.000021 -0.000002 -4.709390 0.082179 -7.276613 0.298638 -0.024443 0.124136 0.293600 -0.003979 0.112342 -0.000003 0.000087 0.000004 -2.766564 -0.093274 -11.187630 1.013418 0.056892 -0.234499 0.926972 0.015334 -0.180513 0.000000 -0.000138 0.000029 -0.331506 -0.208200 -15.843407 1.611827 0.161384 -0.668565 1.494344 0.062002 -0.560735 -0.000222 -0.000015 -0.000049 0.000000 0.000000 0.000000 0.000000 0.000000 0.000000 -94.991081 0.552067 4.471866 -55.653786 18.859634 2.272949 -4.334070 -16.627838 49.702141 3.828518 -21.439819 -19.878197 -6.915437 1.397617 41.585804 0.000010 0.000009 -17.119806 -0.000189 -0.000030 -11.867997 0.000467 -0.000001 -0.000310 0.921948 0.218972 -10.967148 -1.314718 0.011084 0.158918 -1.453405 0.035556 0.124578 -0.000000 0.000760 -0.000005 -1.271184 0.095711 -13.090361 -1.895227 -0.009910 0.045854 -1.685779 0.007427 0.042576 0.000440 -0.000059 -0.000105 -5.792959 -0.053553 -13.533977 -3.563195 0.007439 -0.089900 -3.576734 -0.017064 -0.046042 0.002344 0.000006 0.000001 -8.252810 -0.176878 -14.309784 -5.019952 0.036753 -0.238360 -4.900967 -0.055035 -0.267523 -0.001568 -0.000001 -0.000029 0.000000 0.000000 0.000000 0.000000 0.000000 0.000000 -22.081139 1.735958 7.862296 -0.615256 -1.272541 28.046841 11.423964 -12.660257 13.706455 -1.311894 -1.540065 -27.839012 0.000000 0.000000 0.000000 0.000000 0.000000 0.000000 0.000000 0.000000 0.000000 -11.033419 9.662475 15.569810 -0.021223 0.066921 13.487309 11.129903 11.982331 13.204896 -0.695472 0.632308 -27.139339 0.000000 0.000000 0.000000 0.000000 0.000000 0.000000 0.000000 0.000000 0.000000 
25.710842 85.162872 11.502094 6.047221 -2.288997 -16.040224 -3.833084 0.781895 7.545999 1.971983 -0.226268 -0.279891 -6.907496 2.905929 19.018919 -1.035855 -0.490875 0.006282 7.211401 0.672059 8.692753 -1.865109 0.041508 -8.324475 1.623701 3.407923 -24.704294 0.000000 0.000000 0.000000 98.971916 -0.560237 5.685776 64.894409 -19.939175 6.108722 2.124535 26.669903 31.284300 -6.679203 19.258411 -12.258688 7.051247 -1.328763 41.671143 0.000016 0.000038 -16.981739 0.000034 0.000051 -11.853937 0.000010 0.000015 -0.000041 -5.333038 0.228417 -4.000657 0.436862 -0.028785 0.324198 0.284195 -0.002196 0.304875 -0.000013 0.000021 -0.000002 -4.445637 0.082471 -7.300283 0.436345 -0.023626 0.120684 0.432425 -0.003046 0.109909 -0.000003 0.000087 0.000003 -2.492167 -0.094141 -11.153856 1.152868 0.055477 -0.229842 1.064399 0.014215 -0.176701 -0.000000 -0.000137 0.000029 -0.086829 -0.211484 -15.771801 1.736551 0.157540 -0.655570 1.621364 0.058325 -0.548798 -0.000228 -0.000015 -0.000049 0.000000 0.000000 0.000000 0.000000 0.000000 0.000000 -95.029366 0.558309 4.488433 -55.698277 18.767450 2.261507 -4.343733 -16.756741 49.743206 3.775920 -21.801895 -19.702419 -6.902580 1.395463 41.593285 0.000010 0.000009 -17.080555 -0.000190 -0.000030 -11.841703 0.000448 -0.000001 -0.000241 1.049295 0.220338 -10.891738 -1.271551 0.011476 0.157730 -1.412187 0.035889 0.123285 -0.000000 0.000763 -0.000005 -1.178918 0.096436 -13.025111 -1.854940 -0.009990 0.045414 -1.650658 0.007561 0.042044 0.000440 -0.000059 -0.000101 -5.752025 -0.054233 -13.497763 -3.540435 0.007030 -0.088538 -3.552763 -0.017473 -0.045033 0.002379 0.000006 0.000001 -8.271081 -0.178780 -14.315094 -5.018825 0.036100 -0.235558 -4.899778 -0.056149 -0.264806 -0.001556 -0.000001 -0.000029 0.000000 0.000000 0.000000 0.000000 0.000000 0.000000 -22.086983 1.768495 7.852654 -0.617307 -1.278996 28.061541 11.431752 -12.659466 13.690561 -1.313572 -1.537171 -27.831285 0.000000 0.000000 0.000000 0.000000 0.000000 0.000000 0.000000 0.000000 0.000000 -11.030806 9.654081 15.583282 -0.020300 0.067002 13.465948 11.112534 11.959166 13.216245 -0.694286 0.631909 -27.149717 0.000000 0.000000 0.000000 0.000000 0.000000 0.000000 0.000000 0.000000 0.000000 
25.699913 85.167892 11.508987 6.055036 -2.286617 -16.050116 -3.831661 0.781761 7.535856 1.950023 -0.217852 -0.284893 -6.885104 2.889802 19.013874 -1.031496 -0.485398 0.009118 7.222857 0.650779 8.636247 -1.856631 0.035281 -8.354480 1.627679 3.401045 -24.699961 0.000000 0.000000 0.000000 98.983429 -0.563826 5.681396 64.870705 -20.077629 6.135195 2.126433 26.694801 31.314302 -6.658937 19.383106 -12.193267 7.101669 -1.333292 41.649715 0.000016 0.000037 -17.105726 0.000034 0.000051 -11.942822 0.000010 0.000015 -0.000041 -5.079145 0.229127 -4.059693 0.579023 -0.026017 0.315118 0.427821 0.000568 0.297513 -0.000013 0.000021 -0.000002 -4.199092 0.082887 -7.325230 0.578440 -0.022732 0.117113 0.576618 -0.002039 0.107396 -0.000003 0.000088 0.000003 -2.230220 -0.095102 -11.123250 1.297904 0.053877 -0.225045 1.207229 0.012974 -0.172814 -0.000001 -0.000143 0.000030 0.151245 -0.215024 -15.704953 1.867551 0.153195 -0.641740 1.754833 0.054216 -0.536236 -0.000234 -0.000015 -0.000049 0.000000 0.000000 0.000000 0.000000 0.000000 0.000000 -95.069717 0.564959 4.496550 -55.770718 18.634953 2.230586 -4.353665 -16.899862 49.807953 3.756239 -22.216326 -19.506958 -6.870887 1.390686 41.609375 0.000010 0.000009 -16.995823 -0.000190 -0.000029 -11.784079 0.000437 -0.000001 -0.000170 1.278767 0.221978 -10.788930 -1.177031 0.011568 0.152911 -1.319255 0.035944 0.118728 -0.000000 0.000766 -0.000005 -0.993691 0.097233 -12.942857 -1.763934 -0.010213 0.043629 -1.564736 0.007588 0.040340 0.000441 -0.000059 -0.000096 -5.630708 -0.054959 -13.462779 -3.468607 0.006811 -0.085371 -3.480025 -0.017757 -0.042712 0.002413 0.000006 0.000001 -8.222262 -0.180595 -14.337941 -4.978322 0.035829 -0.228216 -4.859353 -0.057021 -0.258379 -0.001543 -0.000001 -0.000029 0.000000 0.000000 0.000000 0.000000 0.000000 0.000000 -22.090841 1.804710 7.844049 -0.619432 -1.285352 28.077471 11.440076 -12.649948 13.678029 -1.314321 -1.534390 -27.826008 0.000000 0.000000 0.000000 0.000000 0.000000 0.000000 0.000000 0.000000 0.000000 -11.025550 9.649093 15.600778 -0.019209 0.067326 13.444242 11.093332 11.936955 13.224404 -0.692690 0.631704 -27.160355 0.000000 0.000000 0.000000 0.000000 0.000000 0.000000 0.000000 0.000000 0.000000 
25.688925 85.172592 11.517881 6.060467 -2.295693 -16.064203 -3.828471 0.782189 7.524942 1.926684 -0.208768 -0.287595 -6.860017 2.874507 19.004215 -1.028851 -0.478240 0.013993 7.235669 0.623876 8.593630 -1.849431 0.024770 -8.379750 1.633200 3.393979 -24.700043 0.000000 0.000000 0.000000 98.992912 -0.568453 5.669865 64.868401 -20.193855 6.139572 2.128591 26.726898 31.353685 -6.661967 19.559732 -12.130996 7.146282 -1.336435 41.631550 0.000016 0.000037 -17.215242 0.000033 0.000050 -12.021902 0.000010 0.000015 -0.000040 -4.852995 0.230271 -4.115162 0.721035 -0.022892 0.305610 0.570499 0.003659 0.289906 -0.000013 0.000022 -0.000002 -3.979810 0.083438 -7.349117 0.719327 -0.021717 0.113406 0.720703 -0.000929 0.104765 -0.000002 0.000088 0.000003 -1.992374 -0.096145 -11.096355 1.442259 0.052038 -0.220142 1.349274 0.011580 -0.168894 -0.000002 -0.000155 0.000030 0.372398 -0.218687 -15.646286 1.998786 0.148246 -0.627344 1.888655 0.049631 -0.523290 -0.000239 -0.000015 -0.000049 0.000000 0.000000 0.000000 0.000000 0.000000 0.000000 -95.111443 0.571953 4.495268 -55.882015 18.456726 2.174537 -4.362198 -17.061943 49.910675 3.774955 -22.683149 -19.290470 -6.816372 1.382770 41.635830 0.000010 0.000009 -16.856243 -0.000191 -0.000029 -11.688590 0.000434 -0.000001 -0.000097 1.629385 0.223907 -10.646461 -1.024238 0.011375 0.144140 -1.167411 0.035740 0.110656 -0.000000 0.000769 -0.000005 -0.697260 0.098097 -12.835451 -1.614930 -0.010573 0.040363 -1.420744 0.007511 0.037367 0.000440 -0.000058 -0.000091 -5.411947 -0.055727 -13.426542 -3.339351 0.006777 -0.080196 -3.350140 -0.017902 -0.038905 0.002446 0.000005 0.000001 -8.090270 -0.182177 -14.381196 -4.890572 0.035965 -0.215562 -4.771775 -0.057619 -0.247660 -0.001529 -0.000001 -0.000029 0.000000 0.000000 0.000000 0.000000 0.000000 0.000000 -22.093000 1.844920 7.836484 -0.621643 -1.291428 28.094336 11.449062 -12.632571 13.669484 -1.314119 -1.531904 -27.823877 0.000000 0.000000 0.000000 0.000000 0.000000 0.000000 0.000000 0.000000 0.000000 -11.017804 9.647805 15.622192 -0.017974 0.067963 13.421483 11.071827 11.915602 13.229206 -0.690712 0.631567 -27.170740 0.000000 0.000000 0.000000 0.000000 0.000000 0.000000 0.000000 0.000000 0.000000 
25.678089 85.177208 11.528678 6.063305 -2.315658 -16.081869 -3.823605 0.783032 7.513061 1.900231 -0.198566 -0.285921 -6.830256 2.859739 18.989525 -1.028154 -0.469277 0.022554 7.249823 0.591366 8.563937 -1.844152 0.010206 -8.401292 1.640009 3.387106 -24.703440 0.000000 0.000000 0.000000 98.999794 -0.574713 5.650773 64.892982 -20.287420 6.115081 2.130548 26.769285 31.404692 -6.691522 19.782169 -12.069201 7.180688 -1.337763 41.618431 0.000016 0.000037 -17.300018 0.000033 0.000050 -12.083920 0.000010 0.000015 -0.000040 -4.672048 0.231837 -4.160245 0.851499 -0.019447 0.295990 0.700913 0.007023 0.282273 -0.000013 0.000022 -0.000002 -3.804975 0.084114 -7.368062 0.847698 -0.020596 0.109682 0.853354 0.000268 0.102088 -0.000002 0.000088 0.000002 -1.797497 -0.097267 -11.072863 1.573835 0.049983 -0.215297 1.478584 0.010065 -0.165079 -0.000002 -0.000172 0.000031 0.558738 -0.222380 -15.598309 2.118604 0.142771 -0.613007 2.011111 0.044708 -0.510440 -0.000243 -0.000015 -0.000050 0.000000 0.000000 0.000000 0.000000 0.000000 0.000000 -95.153969 0.579617 4.482887 -56.038918 18.234659 2.090472 -4.368089 -17.247282 50.063053 3.839650 -23.194458 -19.047544 -6.737055 1.371363 41.673695 0.000010 0.000008 -16.657021 -0.000192 -0.000028 -11.551807 0.000441 -0.000001 -0.000020 2.107239 0.226071 -10.456646 -0.816823 0.010916 0.131533 -0.960087 0.035289 0.099226 -0.000000 0.000772 -0.000005 -0.282546 0.099026 -12.696705 -1.410636 -0.011067 0.035657 -1.221242 0.007328 0.033175 0.000438 -0.000058 -0.000085 -5.087997 -0.056553 -13.384095 -3.152542 0.006911 -0.073065 -3.162828 -0.017901 -0.033635 0.002476 0.000005 0.000001 -7.866744 -0.183554 -14.441175 -4.753060 0.036468 -0.197558 -4.634652 -0.057919 -0.232613 -0.001514 -0.000001 -0.000029 0.000000 0.000000 0.000000 0.000000 0.000000 0.000000 -22.092993 1.891131 7.829590 -0.623924 -1.297122 28.110344 11.457880 -12.604599 13.665659 -1.312831 -1.529892 -27.825375 0.000000 0.000000 0.000000 0.000000 0.000000 0.000000 0.000000 0.000000 0.000000 -11.007030 9.652550 15.647613 -0.016579 0.069033 13.395717 11.047422 11.896849 13.231392 -0.688073 0.631421 -27.181131 0.000000 0.000000 0.000000 0.000000 0.000000 0.000000 0.000000 0.000000 0.000000 
25.667431 85.181602 11.541326 6.062916 -2.345367 -16.102884 -3.816935 0.784486 7.499900 1.869086 -0.186831 -0.276991 -6.793354 2.843611 18.969940 -1.029661 -0.458787 0.034827 7.265254 0.551857 8.546827 -1.841596 -0.009978 -8.420394 1.648485 3.380757 -24.709286 0.000000 0.000000 0.000000 99.003967 -0.582978 5.625095 64.952492 -20.349304 6.052890 2.132401 26.828489 31.478291 -6.768981 20.042587 -12.019089 7.197694 -1.336334 41.613628 0.000016 0.000036 -17.342840 0.000033 0.000050 -12.116964 0.000010 0.000015 -0.000040 -4.569490 0.233933 -4.186344 0.956117 -0.015663 0.286626 0.805158 0.010668 0.274886 -0.000013 0.000022 -0.000002 -3.706468 0.084984 -7.377294 0.949648 -0.019363 0.106064 0.960683 0.001552 0.099473 -0.000002 0.000087 0.000002 -1.675814 -0.098480 -11.054021 1.679018 0.047710 -0.210646 1.581213 0.008428 -0.161489 -0.000003 -0.000191 0.000031 0.683700 -0.226114 -15.567052 2.214971 0.136684 -0.598809 2.110164 0.039358 -0.497755 -0.000247 -0.000014 -0.000050 0.000000 0.000000 0.000000 0.000000 0.000000 0.000000 -95.194489 0.587695 4.460819 -56.252781 17.962170 1.981829 -4.370785 -17.458546 50.272049 3.974780 -23.738060 -18.785772 -6.627789 1.355516 41.725563 0.000010 0.000008 -16.385689 -0.000193 -0.000028 -11.364812 0.000457 -0.000001 0.000061 2.736347 0.228527 -10.209371 -0.556872 0.010335 0.115648 -0.699458 0.034742 0.084902 -0.000001 0.000775 -0.000005 0.274407 0.100049 -12.518368 -1.151718 -0.011645 0.029691 -0.966899 0.007079 0.027905 0.000433 -0.000057 -0.000080 -4.634126 -0.057473 -13.329141 -2.904552 0.007171 -0.064123 -2.914585 -0.017783 -0.027018 0.002502 0.000004 0.000001 -7.527709 -0.184818 -14.512227 -4.558847 0.037243 -0.174415 -4.441430 -0.058004 -0.213405 -0.001497 -0.000002 -0.000028 0.000000 0.000000 0.000000 0.000000 0.000000 0.000000 -22.089985 1.942272 7.822223 -0.626238 -1.302119 28.126032 11.465495 -12.568116 13.668991 -1.310330 -1.528545 -27.831490 0.000000 0.000000 0.000000 0.000000 0.000000 0.000000 0.000000 0.000000 0.000000 -10.992564 9.661289 15.675727 -0.015010 0.070675 13.368716 11.020206 11.878934 13.232182 -0.684995 0.631261 -27.191938 0.000000 0.000000 0.000000 0.000000 0.000000 0.000000 0.000000 0.000000 0.000000 
25.656723 85.185608 11.555175 6.057835 -2.384552 -16.126215 -3.809363 0.786390 7.485792 1.832512 -0.173783 -0.257550 -6.746419 2.822618 18.945530 -1.032898 -0.447790 0.050496 7.281598 0.505367 8.540306 -1.843234 -0.036173 -8.438642 1.658245 3.375464 -24.714611 0.000000 0.000000 0.000000 99.004646 -0.593955 5.592980 65.048096 -20.372122 5.945994 2.134050 26.905973 31.589613 -6.910264 20.328831 -11.990653 7.186909 -1.330838 41.621807 0.000016 0.000035 -17.318544 0.000033 0.000050 -12.103589 0.000010 0.000016 -0.000040 -4.590418 0.236660 -4.178551 1.015753 -0.011604 0.278055 0.864534 0.014537 0.268147 -0.000013 0.000022 -0.000001 -3.728724 0.086104 -7.366524 1.006101 -0.018033 0.102799 1.023467 0.002894 0.097095 -0.000001 0.000087 0.000002 -1.672712 -0.099783 -11.038495 1.737065 0.045301 -0.206538 1.636169 0.006727 -0.158399 -0.000004 -0.000204 0.000032 0.705287 -0.229809 -15.558480 2.267744 0.130149 -0.585693 2.165822 0.033741 -0.485941 -0.000248 -0.000014 -0.000051 0.000000 0.000000 0.000000 0.000000 0.000000 0.000000 -95.227425 0.594970 4.431139 -56.536934 17.634096 1.851518 -4.370045 -17.693947 50.540981 4.212772 -24.283621 -18.518316 -6.483149 1.334145 41.794273 0.000010 0.000008 -16.028818 -0.000194 -0.000028 -11.117727 0.000478 -0.000000 0.000144 3.540823 0.231291 -9.892716 -0.257396 0.009867 0.097821 -0.398723 0.034326 0.068823 -0.000001 0.000778 -0.000006 0.999436 0.101185 -12.289854 -0.848640 -0.012219 0.022886 -0.668137 0.006829 0.021928 0.000428 -0.000056 -0.000074 -4.019107 -0.058492 -13.252232 -2.596727 0.007481 -0.053766 -2.606996 -0.017592 -0.019351 0.002523 0.000004 0.000001 -7.038460 -0.186047 -14.584021 -4.300945 0.038199 -0.146738 -4.185501 -0.057943 -0.190589 -0.001478 -0.000002 -0.000028 0.000000 0.000000 0.000000 0.000000 0.000000 0.000000 -22.082121 1.997178 7.811989 -0.628491 -1.306110 28.141409 11.470514 -12.526147 13.682839 -1.306517 -1.527906 -27.843935 0.000000 0.000000 0.000000 0.000000 0.000000 0.000000 0.000000 0.000000 0.000000 -10.972222 9.672804 15.703443 -0.013311 0.073038 13.343797 10.989918 11.858886 13.232874 -0.681884 0.631001 -27.204401 0.000000 0.000000 0.000000 0.000000 0.000000 0.000000 0.000000 0.000000 0.000000 
25.645697 85.189514 11.568896 6.046530 -2.434551 -16.149763 -3.802482 0.788334 7.471439 1.790552 -0.159951 -0.224599 -6.687520 2.794137 18.914621 -1.036531 -0.437248 0.069953 7.301068 0.454094 8.543318 -1.849926 -0.066132 -8.456346 1.667823 3.371692 -24.715027 0.000000 0.000000 0.000000 98.999779 -0.607935 5.553710 65.170975 -20.358389 5.795172 2.136046 26.997995 31.747478 -7.116236 20.613356 -11.986104 7.136771 -1.319922 41.648113 0.000016 0.000034 -17.198801 0.000032 0.000049 -12.023832 0.000010 0.000016 -0.000039 -4.782576 0.240025 -4.117286 1.009560 -0.007483 0.271105 0.858429 0.018424 0.262650 -0.000013 0.000022 -0.000001 -3.919190 0.087487 -7.321243 0.995953 -0.016667 0.100280 1.020243 0.004213 0.095219 -0.000001 0.000087 0.000001 -1.838107 -0.101166 -11.021711 1.723847 0.042928 -0.203532 1.619172 0.005092 -0.156218 -0.000004 -0.000203 0.000033 0.575400 -0.233318 -15.575250 2.251797 0.123603 -0.575403 2.153010 0.028302 -0.476330 -0.000244 -0.000014 -0.000051 0.000000 0.000000 0.000000 0.000000 0.000000 0.000000 -95.246590 0.600033 4.394943 -56.894279 17.257282 1.705998 -4.366756 -17.946386 50.862034 4.586696 -24.780682 -18.264019 -6.300177 1.306352 41.881786 0.000011 0.000008 -15.578645 -0.000194 -0.000027 -10.804554 0.000501 -0.000000 0.000227 4.530713 0.234289 -9.502564 0.054278 0.009762 0.079943 -0.085608 0.034277 0.052608 -0.000002 0.000784 -0.000006 1.906651 0.102423 -12.005250 -0.525420 -0.012693 0.015837 -0.348830 0.006637 0.015782 0.000422 -0.000056 -0.000069 -3.218533 -0.059594 -13.144255 -2.240843 0.007757 -0.042656 -2.251912 -0.017374 -0.011117 0.002536 0.000004 0.000001 -6.366257 -0.187378 -14.641908 -3.978018 0.039178 -0.115934 -3.865870 -0.057807 -0.165319 -0.001458 -0.000002 -0.000028 0.000000 0.000000 0.000000 0.000000 0.000000 0.000000 -22.066898 2.057568 7.795420 -0.630500 -1.308945 28.155140 11.471061 -12.478595 13.710474 -1.301412 -1.527835 -27.864655 0.000000 0.000000 0.000000 0.000000 0.000000 0.000000 0.000000 0.000000 0.000000 -10.942671 9.690861 15.727066 -0.011567 0.076247 13.323694 10.956644 11.836295 13.235346 -0.678890 0.630646 -27.220322 0.000000 0.000000 0.000000 0.000000 0.000000 0.000000 0.000000 0.000000 0.000000 
25.634203 85.193878 11.581002 6.028262 -2.497581 -16.171694 -3.798140 0.790248 7.458341 1.744311 -0.145988 -0.176999 -6.617539 2.757073 18.874197 -1.038590 -0.428101 0.093018 7.326902 0.401592 8.558720 -1.861182 -0.096319 -8.470634 1.675296 3.369343 -24.707846 0.000000 0.000000 0.000000 98.986649 -0.624152 5.507288 65.307663 -20.317451 5.610831 2.139237 27.096743 31.951832 -7.390375 20.853794 -12.011971 7.039179 -1.302602 41.696262 0.000016 0.000034 -16.963074 0.000032 0.000049 -11.863134 0.000011 0.000016 -0.000038 -5.180930 0.243940 -3.985518 0.925717 -0.003456 0.266304 0.775016 0.022186 0.258683 -0.000012 0.000022 -0.000001 -4.312942 0.089109 -7.228289 0.907140 -0.015306 0.098752 0.938612 0.005447 0.094017 -0.000001 0.000087 0.000001 -2.208722 -0.102605 -10.997334 1.624988 0.040677 -0.201955 1.515534 0.003596 -0.155180 -0.000005 -0.000181 0.000034 0.257225 -0.236554 -15.615463 2.150665 0.117271 -0.569044 2.055058 0.023291 -0.469845 -0.000235 -0.000014 -0.000051 0.000000 0.000000 0.000000 0.000000 0.000000 0.000000 -95.246346 0.601403 4.354898 -57.315189 16.845512 1.556935 -4.362590 -18.203924 51.212677 5.127378 -25.176601 -18.053673 -6.078902 1.271647 41.988449 0.000011 0.000008 -15.034681 -0.000195 -0.000027 -10.424593 0.000520 0.000000 0.000301 5.705901 0.237458 -9.043758 0.349232 0.010249 0.063622 0.210256 0.034806 0.037586 -0.000003 0.000791 -0.000006 3.000131 0.103759 -11.665777 -0.208700 -0.012978 0.009052 -0.035499 0.006553 0.009910 0.000414 -0.000055 -0.000063 -2.216658 -0.060749 -12.999985 -1.853739 0.007914 -0.031395 -1.866251 -0.017192 -0.002749 0.002540 0.000003 0.000001 -5.486926 -0.188898 -14.672340 -3.594711 0.039932 -0.083531 -3.487368 -0.057739 -0.138735 -0.001437 -0.000002 -0.000028 0.000000 0.000000 0.000000 0.000000 0.000000 0.000000 -22.042185 2.127181 7.769384 -0.632086 -1.310625 28.166670 11.465715 -12.425167 13.754362 -1.295162 -1.527992 -27.894718 0.000000 0.000000 0.000000 0.000000 0.000000 0.000000 0.000000 0.000000 0.000000 -10.901638 9.720674 15.743809 -0.009856 0.080381 13.309669 10.921582 11.813128 13.241984 -0.675987 0.630197 -27.240677 0.000000 0.000000 0.000000 0.000000 0.000000 0.000000 0.000000 0.000000 0.000000 
25.622175 85.198975 11.590207 6.003100 -2.576367 -16.190453 -3.798047 0.792216 7.447784 1.695804 -0.132946 -0.116395 -6.539237 2.710646 18.821692 -1.036682 -0.421579 0.118444 7.359702 0.352724 8.589260 -1.875693 -0.122376 -8.477112 1.678619 3.367948 -24.692263 0.000000 0.000000 0.000000 98.964478 -0.641289 5.455286 65.440239 -20.260742 5.411573 2.143961 27.190477 32.191376 -7.741253 21.004175 -12.080778 6.894412 -1.278879 41.766212 0.000016 0.000033 -16.610968 0.000032 0.000049 -11.621083 0.000011 0.000016 -0.000038 -5.787319 0.248227 -3.776958 0.772378 0.000412 0.263331 0.622542 0.025778 0.255795 -0.000012 0.000022 -0.000001 -4.913245 0.090917 -7.081073 0.747646 -0.013966 0.098096 0.786188 0.006566 0.093402 -0.000001 0.000088 0.000001 -2.790222 -0.104101 -10.957379 1.447353 0.038564 -0.201632 1.331858 0.002238 -0.155158 -0.000005 -0.000136 0.000034 -0.258417 -0.239585 -15.669899 1.967739 0.111222 -0.566465 1.875234 0.018738 -0.466545 -0.000222 -0.000014 -0.000052 0.000000 0.000000 0.000000 0.000000 0.000000 0.000000 -95.223618 0.597650 4.315620 -57.778126 16.414988 1.419334 -4.360245 -18.449980 51.551090 5.853240 -25.435396 -17.921822 -5.824798 1.230571 42.111763 0.000011 0.000007 -14.409437 -0.000194 -0.000027 -9.986638 0.000530 0.000001 0.000353 7.047271 0.240753 -8.530798 0.608017 0.011434 0.049823 0.468589 0.036014 0.024539 -0.000004 0.000800 -0.000006 4.264322 0.105183 -11.281229 0.081955 -0.013016 0.002874 0.252393 0.006606 0.004587 0.000408 -0.000054 -0.000058 -1.019217 -0.061933 -12.819899 -1.452808 0.007916 -0.020428 -1.467463 -0.017090 0.005420 0.002529 0.000003 0.000001 -4.400091 -0.190624 -14.666569 -3.162682 0.040276 -0.050921 -3.061470 -0.057871 -0.111847 -0.001418 -0.000002 -0.000027 0.000000 0.000000 0.000000 0.000000 0.000000 0.000000 -22.006905 2.209589 7.730247 -0.633150 -1.311303 28.177650 11.453573 -12.366848 13.815491 -1.287903 -1.528083 -27.933292 0.000000 0.000000 0.000000 0.000000 0.000000 0.000000 0.000000 0.000000 0.000000 -10.848801 9.765837 15.752388 -0.008264 0.085267 13.300145 10.886583 11.793600 13.255433 -0.673123 0.629684 -27.264761 0.000000 0.000000 0.000000 0.000000 0.000000 0.000000 0.000000 0.000000 0.000000 
25.609755 85.204720 11.595919 5.971856 -2.674953 -16.203751 -3.803354 0.794098 7.440148 1.647335 -0.122416 -0.050161 -6.456348 2.655635 18.758650 -1.027702 -0.418704 0.142917 7.398156 0.312408 8.635509 -1.891842 -0.139117 -8.470934 1.676107 3.367075 -24.668060 0.000000 0.000000 0.000000 98.935616 -0.657783 5.399920 65.548981 -20.206230 5.220295 2.149151 27.265963 32.440826 -8.171544 21.016478 -12.201747 6.713658 -1.250094 41.853039 0.000017 0.000032 -16.168840 0.000031 0.000049 -11.315919 0.000011 0.000016 -0.000037 -6.557578 0.252603 -3.499892 0.580106 0.004183 0.260878 0.431780 0.029296 0.252698 -0.000012 0.000022 -0.000001 -5.678746 0.092816 -6.882596 0.548041 -0.012636 0.097760 0.593126 0.007584 0.092978 -0.000001 0.000090 0.000001 -3.546198 -0.105734 -10.893232 1.221897 0.036510 -0.201840 1.099395 0.000949 -0.155600 -0.000006 -0.000074 0.000035 -0.943936 -0.242725 -15.721843 1.730103 0.105330 -0.566261 1.640792 0.014428 -0.465540 -0.000208 -0.000013 -0.000053 0.000000 0.000000 0.000000 0.000000 0.000000 0.000000 -95.182106 0.588005 4.281003 -58.250076 15.989482 1.307234 -4.363751 -18.667175 51.822186 6.744831 -25.550764 -17.891289 -5.551168 1.185115 42.245304 0.000011 0.000007 -13.733438 -0.000194 -0.000027 -9.512752 0.000528 0.000001 0.000373 8.503137 0.244132 -7.987353 0.824142 0.013187 0.038525 0.682261 0.037775 0.013486 -0.000005 0.000809 -0.000006 5.650445 0.106701 -10.870037 0.337264 -0.012822 -0.002605 0.505689 0.006775 -0.000163 0.000408 -0.000053 -0.000053 0.330687 -0.063127 -12.610373 -1.056141 0.007816 -0.009970 -1.073602 -0.017070 0.013181 0.002500 0.000003 0.000001 -3.145752 -0.192605 -14.622024 -2.704635 0.040174 -0.019253 -2.610271 -0.058234 -0.085601 -0.001403 -0.000002 -0.000027 0.000000 0.000000 0.000000 0.000000 0.000000 0.000000 -21.961004 2.310868 7.672685 -0.633717 -1.311353 28.190565 11.434385 -12.301476 13.891949 -1.279742 -1.528082 -27.976803 0.000000 0.000000 0.000000 0.000000 0.000000 0.000000 0.000000 0.000000 0.000000 -10.785599 9.828763 15.752488 -0.006883 0.090380 13.290532 10.852072 11.786955 13.276845 -0.669974 0.629149 -27.290392 0.000000 0.000000 0.000000 0.000000 0.000000 0.000000 0.000000 0.000000 0.000000 
25.596249 85.210548 11.598250 5.934355 -2.797875 -16.210903 -3.813900 0.795812 7.434549 1.600216 -0.115742 0.015049 -6.369281 2.592609 18.688940 -1.010755 -0.419654 0.163616 7.439409 0.282892 8.689524 -1.909336 -0.144801 -8.452767 1.667650 3.367295 -24.635563 0.000000 0.000000 0.000000 98.903770 -0.672262 5.348572 65.620537 -20.170525 5.056740 2.152684 27.318718 32.679020 -8.683663 20.868702 -12.376176 6.510332 -1.217845 41.950760 0.000017 0.000031 -15.668996 0.000030 0.000049 -10.969928 0.000011 0.000016 -0.000037 -7.438705 0.256925 -3.169656 0.383522 0.007683 0.258559 0.237843 0.032614 0.249060 -0.000012 0.000022 -0.000001 -6.560561 0.094767 -6.641886 0.343377 -0.011409 0.097517 0.394134 0.008447 0.092647 -0.000002 0.000093 0.000002 -4.429550 -0.107639 -10.800940 0.986271 0.034618 -0.202192 0.856102 -0.000240 -0.156220 -0.000006 0.000001 0.000036 -1.757181 -0.246407 -15.758810 1.474133 0.099888 -0.567677 1.388486 0.010369 -0.466389 -0.000196 -0.000013 -0.000053 0.000000 0.000000 0.000000 0.000000 0.000000 0.000000 -95.129433 0.572426 4.258124 -58.697727 15.588577 1.235260 -4.377013 -18.845833 51.970383 7.745663 -25.547199 -17.967087 -5.274691 1.138039 42.381062 0.000011 0.000007 -13.044871 -0.000193 -0.000028 -9.030453 0.000507 0.000001 0.000352 10.000512 0.247675 -7.448266 0.999227 0.015241 0.029189 0.852745 0.039828 0.004007 -0.000005 0.000819 -0.000007 7.087655 0.108361 -10.460464 0.554304 -0.012464 -0.007413 0.721201 0.007014 -0.004441 0.000421 -0.000053 -0.000048 1.760932 -0.064341 -12.386508 -0.684205 0.007718 -0.000211 -0.704961 -0.017102 0.020355 0.002451 0.000003 0.000001 -1.797286 -0.194864 -14.545512 -2.252943 0.039837 0.010309 -2.165952 -0.058747 -0.061053 -0.001394 -0.000002 -0.000027 0.000000 0.000000 0.000000 0.000000 0.000000 0.000000 -21.904154 2.435527 7.591525 -0.633909 -1.311083 28.209621 11.408819 -12.228039 13.982871 -1.270860 -1.528042 -28.021870 0.000000 0.000000 0.000000 0.000000 0.000000 0.000000 0.000000 0.000000 0.000000 -10.712766 9.907784 15.745260 -0.005755 0.095078 13.278469 10.816852 11.800806 13.305869 -0.666347 0.628964 -27.314735 0.000000 0.000000 0.000000 0.000000 0.000000 0.000000 0.000000 0.000000 0.000000 
25.580343 85.215935 11.597562 5.891358 -2.948532 -16.214350 -3.828885 0.797452 7.429740 1.553410 -0.112893 0.078785 -6.276143 2.522694 18.617090 -0.989392 -0.423696 0.179752 7.480981 0.263067 8.736341 -1.928932 -0.141000 -8.430519 1.654497 3.369738 -24.595963 0.000000 0.000000 0.000000 98.871460 -0.685105 5.310562 65.652245 -20.155666 4.931391 2.152617 27.354336 32.900608 -9.265174 20.586651 -12.592024 6.293559 -1.183127 42.055416 0.000017 0.000030 -15.133510 0.000030 0.000049 -10.598301 0.000011 0.000016 -0.000036 -8.397202 0.261264 -2.801192 0.203301 0.010658 0.257516 0.061843 0.035494 0.246116 -0.000012 0.000022 -0.000000 -7.528728 0.096821 -6.370593 0.155005 -0.010413 0.097748 0.210644 0.009069 0.092818 -0.000002 0.000096 0.000002 -5.406872 -0.109889 -10.687334 0.764858 0.033091 -0.203173 0.626705 -0.001202 -0.157384 -0.000007 0.000084 0.000036 -2.658836 -0.250654 -15.785577 1.226425 0.095446 -0.572136 1.145255 0.006823 -0.470239 -0.000184 -0.000013 -0.000053 0.000000 0.000000 0.000000 0.000000 0.000000 0.000000 -95.075729 0.552936 4.253814 -59.093979 15.218383 1.207681 -4.400331 -18.987320 51.975758 8.780486 -25.439087 -18.137093 -5.008060 1.091709 42.512756 0.000011 0.000007 -12.374123 -0.000193 -0.000028 -8.561375 0.000467 0.000001 0.000298 11.475260 0.251483 -6.946377 1.136871 0.017411 0.021142 0.984086 0.041986 -0.004435 -0.000006 0.000830 -0.000007 8.513207 0.110205 -10.081158 0.732559 -0.012007 -0.011690 0.897890 0.007294 -0.008406 0.000449 -0.000052 -0.000043 3.202049 -0.065545 -12.173031 -0.353357 0.007685 0.008775 -0.377906 -0.017170 0.026920 0.002383 0.000003 0.000001 -0.427169 -0.197136 -14.460063 -1.835243 0.039491 0.037296 -1.756607 -0.059354 -0.038621 -0.001388 -0.000002 -0.000026 0.000000 0.000000 0.000000 0.000000 0.000000 0.000000 -21.836912 2.582790 7.485161 -0.633954 -1.310826 28.239626 11.378922 -12.148703 14.087037 -1.261570 -1.527661 -28.067202 0.000000 0.000000 0.000000 0.000000 0.000000 0.000000 0.000000 0.000000 0.000000 -10.631721 9.997966 15.733565 -0.004873 0.099127 13.265084 10.779654 11.834908 13.341306 -0.662299 0.629546 -27.336355 0.000000 0.000000 0.000000 0.000000 0.000000 0.000000 0.000000 0.000000 0.000000 
25.561140 85.220787 11.594252 5.845325 -3.128284 -16.217760 -3.847238 0.798995 7.425157 1.505643 -0.113053 0.144734 -6.176534 2.448856 18.546915 -0.968075 -0.429593 0.191869 7.520728 0.251584 8.759486 -1.951017 -0.129138 -8.414650 1.637496 3.374810 -24.550713 0.000000 0.000000 0.000000 98.839905 -0.698251 5.291368 65.650368 -20.147650 4.843832 2.147635 27.378517 33.109879 -9.881447 20.221046 -12.821204 6.070533 -1.146683 42.163776 0.000018 0.000030 -14.579970 0.000030 0.000049 -10.213496 0.000011 0.000016 -0.000036 -9.406853 0.265783 -2.408560 0.048045 0.013036 0.258963 -0.087519 0.037844 0.245235 -0.000011 0.000022 -0.000000 -8.557986 0.099032 -6.081505 -0.008003 -0.009697 0.098882 0.051922 0.009419 0.093901 -0.000003 0.000100 0.000002 -6.449658 -0.112437 -10.564756 0.568475 0.032022 -0.205439 0.422576 -0.001851 -0.159565 -0.000007 0.000170 0.000037 -3.612640 -0.255027 -15.815169 1.001104 0.092309 -0.581431 0.925357 0.003991 -0.478443 -0.000174 -0.000013 -0.000054 0.000000 0.000000 0.000000 0.000000 0.000000 0.000000 -95.031097 0.532477 4.269617 -59.427719 14.872928 1.212541 -4.429955 -19.100042 51.858978 9.774176 -25.217482 -18.374571 -4.759195 1.047746 42.636295 0.000011 0.000007 -11.741988 -0.000193 -0.000028 -8.120119 0.000413 0.000001 0.000224 12.881577 0.255547 -6.501153 1.240986 0.019608 0.013911 1.080684 0.044153 -0.012166 -0.000006 0.000846 -0.000007 9.881353 0.112196 -9.750588 0.873320 -0.011499 -0.015589 1.036757 0.007596 -0.012177 0.000491 -0.000052 -0.000039 4.599757 -0.066698 -11.993630 -0.072269 0.007713 0.017018 -0.101108 -0.017267 0.032967 0.002295 0.000003 0.000002 0.908908 -0.198984 -14.394286 -1.468060 0.039210 0.061798 -1.398983 -0.060045 -0.018215 -0.001381 -0.000002 -0.000026 0.000000 0.000000 0.000000 0.000000 0.000000 0.000000 -21.761740 2.747598 7.356359 -0.634072 -1.311038 28.281769 11.347170 -12.062636 14.200533 -1.252211 -1.526467 -28.112364 0.000000 0.000000 0.000000 0.000000 0.000000 0.000000 0.000000 0.000000 0.000000 -10.544772 10.096753 15.720767 -0.004234 0.102566 13.251631 10.739211 11.886070 13.381653 -0.657889 0.631090 -27.354994 0.000000 0.000000 0.000000 0.000000 0.000000 0.000000 0.000000 0.000000 0.000000 
25.537693 85.226097 11.588919 5.796494 -3.338200 -16.222078 -3.867337 0.800194 7.420506 1.456970 -0.115569 0.212545 -6.072199 2.375257 18.482029 -0.946897 -0.435596 0.201701 7.560615 0.246796 8.751835 -1.974339 -0.109716 -8.410202 1.616649 3.381503 -24.501148 0.000000 0.000000 0.000000 98.809944 -0.713249 5.287993 65.621964 -20.142658 4.788742 2.137529 27.390408 33.305336 -10.469429 19.808987 -13.020907 5.853303 -1.110447 42.269821 0.000018 0.000029 -14.039458 0.000029 0.000049 -9.837317 0.000011 0.000016 -0.000036 -10.409019 0.270401 -2.014727 -0.077441 0.014834 0.262754 -0.206471 0.039676 0.246435 -0.000011 0.000022 0.000000 -9.589503 0.101293 -5.792090 -0.140963 -0.009256 0.100799 -0.077255 0.009525 0.095802 -0.000003 0.000103 0.000002 -7.499961 -0.115184 -10.442365 0.403533 0.031349 -0.208802 0.251120 -0.002205 -0.162591 -0.000007 0.000253 0.000037 -4.567175 -0.259243 -15.848864 0.807336 0.090393 -0.594757 0.737220 0.001901 -0.490273 -0.000169 -0.000013 -0.000054 0.000000 0.000000 0.000000 0.000000 0.000000 0.000000 -95.003792 0.513920 4.298671 -59.695038 14.562277 1.223999 -4.462894 -19.194647 51.655212 10.635429 -24.892265 -18.635509 -4.538857 1.008114 42.746395 0.000011 0.000006 -11.176541 -0.000194 -0.000029 -7.726519 0.000356 0.000002 0.000139 14.154823 0.259724 -6.128549 1.314663 0.021625 0.006922 1.146158 0.046135 -0.019537 -0.000006 0.000867 -0.000007 11.128723 0.114260 -9.482399 0.978064 -0.011027 -0.019276 1.139429 0.007874 -0.015846 0.000540 -0.000052 -0.000036 5.886593 -0.067804 -11.862837 0.152992 0.007812 0.024466 0.119706 -0.017376 0.038521 0.002194 0.000003 0.000002 2.147466 -0.200278 -14.364978 -1.163907 0.038996 0.083440 -1.105029 -0.060787 -0.000157 -0.001370 -0.000002 -0.000026 0.000000 0.000000 0.000000 0.000000 0.000000 0.000000 -21.677683 2.930957 7.210012 -0.634257 -1.311940 28.331177 11.312231 -11.958302 14.319448 -1.242304 -1.524460 -28.157324 0.000000 0.000000 0.000000 0.000000 0.000000 0.000000 0.000000 0.000000 0.000000 -10.450324 10.208865 15.711345 -0.003740 0.105352 13.234973 10.692359 11.958549 13.425013 -0.652253 0.633759 -27.370972 0.000000 0.000000 0.000000 0.000000 0.000000 0.000000 0.000000 0.000000 0.000000 
25.508848 85.232689 11.581840 5.745115 -3.576998 -16.226484 -3.888545 0.801428 7.414912 1.408113 -0.119564 0.283035 -5.965437 2.303943 18.425354 -0.925259 -0.440616 0.211644 7.600182 0.247326 8.706827 -1.998281 -0.085627 -8.421459 1.592840 3.389065 -24.447672 0.000000 0.000000 0.000000 98.782707 -0.730817 5.297000 65.574631 -20.133091 4.759171 2.123604 27.394783 33.490429 -10.981606 19.374529 -13.162009 5.653991 -1.076480 42.367512 0.000019 0.000029 -13.543104 0.000028 0.000050 -9.491781 0.000011 0.000016 -0.000036 -11.342484 0.275046 -1.644415 -0.170914 0.016253 0.267985 -0.293985 0.041165 0.249057 -0.000011 0.000022 0.000000 -10.560972 0.103497 -5.520383 -0.242052 -0.009011 0.103134 -0.175092 0.009465 0.098219 -0.000004 0.000106 0.000003 -8.495026 -0.118058 -10.328587 0.273820 0.030885 -0.212720 0.116360 -0.002372 -0.166044 -0.000007 0.000331 0.000038 -5.469748 -0.263365 -15.885836 0.651440 0.089113 -0.609827 0.586382 0.000157 -0.503907 -0.000171 -0.000013 -0.000054 0.000000 0.000000 0.000000 0.000000 0.000000 0.000000 -94.995689 0.499204 4.335299 -59.898651 14.287743 1.222248 -4.496414 -19.280104 51.412277 11.297645 -24.485512 -18.881540 -4.355952 0.974444 42.838791 0.000010 0.000006 -10.701506 -0.000195 -0.000029 -7.397158 0.000302 0.000002 0.000045 15.240472 0.263899 -5.845666 1.360866 0.023350 -0.000182 1.183740 0.047841 -0.026808 -0.000005 0.000892 -0.000008 12.201023 0.116355 -9.289372 1.049170 -0.010635 -0.022829 1.208115 0.008107 -0.019459 0.000586 -0.000052 -0.000034 7.005895 -0.068875 -11.789051 0.320125 0.007936 0.031036 0.282567 -0.017515 0.043545 0.002085 0.000004 0.000002 3.235127 -0.201122 -14.377957 -0.929300 0.038722 0.101869 -0.880864 -0.061630 0.015218 -0.001354 -0.000002 -0.000026 0.000000 0.000000 0.000000 0.000000 0.000000 0.000000 -21.585367 3.130923 7.050615 -0.634372 -1.313342 28.378647 11.271413 -11.823409 14.442002 -1.231441 -1.521730 -28.202459 0.000000 0.000000 0.000000 0.000000 0.000000 0.000000 0.000000 0.000000 0.000000 -10.346757 10.339499 15.706841 -0.003194 0.107580 13.213977 10.637310 12.053905 13.470244 -0.645065 0.637635 -27.384932 0.000000 0.000000 0.000000 0.000000 0.000000 0.000000 0.000000 0.000000 0.000000 
25.473713 85.240494 11.573154 5.692856 -3.840197 -16.231001 -3.910954 0.803237 7.407213 1.360257 -0.124256 0.359659 -5.859803 2.234858 18.377054 -0.904329 -0.444750 0.224668 7.633179 0.254506 8.619989 -2.023066 -0.060517 -8.451550 1.567472 3.397352 -24.392916 0.000000 0.000000 0.000000 98.759171 -0.751449 5.317569 65.512894 -20.105915 4.752437 2.107099 27.396521 33.677841 -11.400289 18.944269 -13.244129 5.481598 -1.046405 42.452484 0.000019 0.000028 -13.113552 0.000028 0.000050 -9.193102 0.000011 0.000016 -0.000036 -12.163231 0.279667 -1.314272 -0.234695 0.017571 0.273595 -0.352800 0.042525 0.252301 -0.000011 0.000022 0.000000 -11.424931 0.105586 -5.279332 -0.313331 -0.008849 0.105480 -0.243916 0.009343 0.100781 -0.000005 0.000109 0.000003 -9.384117 -0.120918 -10.231236 0.179226 0.030468 -0.216627 0.017567 -0.002451 -0.169487 -0.000007 0.000403 0.000038 -6.275644 -0.267471 -15.929379 0.535654 0.087904 -0.624243 0.474389 -0.001669 -0.517367 -0.000181 -0.000013 -0.000054 0.000000 0.000000 0.000000 0.000000 0.000000 0.000000 -95.003189 0.488941 4.377689 -60.048569 14.031103 1.199749 -4.526931 -19.360081 51.183746 11.743404 -24.015162 -19.100571 -4.212551 0.947297 42.912411 0.000010 0.000006 -10.324150 -0.000198 -0.000030 -7.136698 0.000252 0.000002 -0.000058 16.123398 0.267986 -5.656733 1.382620 0.024843 -0.006967 1.196535 0.049332 -0.033576 -0.000004 0.000915 -0.000008 13.080355 0.118438 -9.173362 1.089724 -0.010308 -0.026054 1.245704 0.008318 -0.022820 0.000624 -0.000052 -0.000033 7.933879 -0.069904 -11.772419 0.431618 0.008006 0.036509 0.390262 -0.017719 0.047843 0.001979 0.000004 0.000002 4.145465 -0.201659 -14.433101 -0.762856 0.038282 0.116838 -0.724763 -0.062605 0.027575 -0.001334 -0.000002 -0.000026 0.000000 0.000000 0.000000 0.000000 0.000000 0.000000 -21.488523 3.339123 6.884150 -0.634318 -1.314940 28.413111 11.223896 -11.652043 14.565613 -1.219832 -1.518021 -28.247650 0.000000 0.000000 0.000000 0.000000 0.000000 0.000000 0.000000 0.000000 0.000000 -10.235085 10.489368 15.705196 -0.002401 0.109626 13.192923 10.574027 12.167344 13.514957 -0.637035 0.642537 -27.397734 0.000000 0.000000 0.000000 0.000000 0.000000 0.000000 0.000000 0.000000 0.000000 
25.431713 85.248886 11.563213 5.641150 -4.121846 -16.235826 -3.934798 0.805898 7.396774 1.314937 -0.129501 0.442587 -5.759244 2.166590 18.336472 -0.884788 -0.449054 0.242554 7.653213 0.271368 8.497705 -2.048625 -0.035257 -8.498027 1.541357 3.406197 -24.342012 0.000000 0.000000 0.000000 98.739746 -0.774942 5.346301 65.441490 -20.050703 4.766851 2.088005 27.396936 33.883652 -11.730020 18.534262 -13.277103 5.339746 -1.021200 42.522736 0.000019 0.000028 -12.760437 0.000027 0.000050 -8.948303 0.000011 0.000015 -0.000036 -12.848859 0.284097 -1.028445 -0.274771 0.018953 0.278343 -0.388801 0.043840 0.255111 -0.000010 0.000022 0.000000 -12.155523 0.107490 -5.073573 -0.360074 -0.008688 0.107345 -0.289244 0.009243 0.103001 -0.000006 0.000111 0.000003 -10.140824 -0.123587 -10.154379 0.115644 0.030055 -0.219869 -0.049913 -0.002496 -0.172398 -0.000007 0.000463 0.000038 -6.964249 -0.271544 -15.982481 0.456768 0.086588 -0.635911 0.397370 -0.003652 -0.528793 -0.000197 -0.000013 -0.000054 0.000000 0.000000 0.000000 0.000000 0.000000 0.000000 -95.020729 0.482762 4.423725 -60.161266 13.771266 1.154746 -4.552214 -19.440262 51.010014 11.994035 -23.510429 -19.295721 -4.106174 0.926509 42.968159 0.000009 0.000006 -10.040916 -0.000200 -0.000030 -6.941993 0.000209 0.000002 -0.000164 16.810776 0.271833 -5.546707 1.383304 0.026180 -0.012512 1.187973 0.050678 -0.038954 -0.000003 0.000930 -0.000008 13.769947 0.120435 -9.120405 1.103478 -0.010022 -0.028591 1.256140 0.008536 -0.025562 0.000652 -0.000053 -0.000033 8.667381 -0.070907 -11.800900 0.493469 0.007980 0.040590 0.449085 -0.018003 0.051151 0.001887 0.000004 0.000002 4.870543 -0.202075 -14.521319 -0.658104 0.037723 0.128228 -0.629478 -0.063628 0.036618 -0.001310 -0.000002 -0.000026 0.000000 0.000000 0.000000 0.000000 0.000000 0.000000 -21.389528 3.548797 6.716887 -0.634083 -1.316568 28.424675 11.169955 -11.443027 14.685768 -1.207862 -1.512891 -28.291988 0.000000 0.000000 0.000000 0.000000 0.000000 0.000000 0.000000 0.000000 0.000000 -10.117232 10.655314 15.703209 -0.001240 0.111980 13.177947 10.502412 12.294474 13.554531 -0.629045 0.648135 -27.410507 0.000000 0.000000 0.000000 0.000000 0.000000 0.000000 0.000000 0.000000 0.000000 
25.382090 85.257339 11.552737 5.589661 -4.416923 -16.240009 -3.959327 0.809569 7.382835 1.271971 -0.134851 0.528002 -5.664414 2.097408 18.304556 -0.865998 -0.454105 0.265526 7.658676 0.299258 8.353728 -2.074290 -0.008256 -8.555025 1.514690 3.415272 -24.299442 0.000000 0.000000 0.000000 98.724525 -0.800500 5.374911 65.365692 -19.964846 4.796367 2.067039 27.400404 34.116447 -11.979954 18.141081 -13.264223 5.227806 -1.001254 42.578083 0.000020 0.000028 -12.483193 0.000026 0.000050 -8.756972 0.000011 0.000015 -0.000036 -13.390976 0.288146 -0.785315 -0.296915 0.020343 0.281249 -0.407808 0.045022 0.256565 -0.000010 0.000021 0.000000 -12.742796 0.109118 -4.902539 -0.388173 -0.008528 0.108377 -0.316927 0.009166 0.104504 -0.000006 0.000113 0.000003 -10.758137 -0.125966 -10.097571 0.076673 0.029721 -0.221991 -0.092565 -0.002483 -0.174415 -0.000008 0.000508 0.000039 -7.535226 -0.275535 -16.043610 0.407411 0.085420 -0.643812 0.347533 -0.005489 -0.537249 -0.000217 -0.000013 -0.000053 0.000000 0.000000 0.000000 0.000000 0.000000 0.000000 -95.045120 0.480635 4.466943 -60.247082 13.504012 1.091701 -4.573320 -19.531599 50.905132 12.080128 -23.008698 -19.459274 -4.034712 0.911916 43.006714 0.000009 0.000006 -9.848636 -0.000202 -0.000030 -6.810550 0.000174 0.000002 -0.000270 17.302916 0.275239 -5.497916 1.367854 0.027298 -0.016421 1.163291 0.051805 -0.042545 -0.000002 0.000934 -0.000008 14.267453 0.122260 -9.114324 1.096220 -0.009800 -0.030296 1.245668 0.008745 -0.027519 0.000671 -0.000053 -0.000034 9.200957 -0.071916 -11.858964 0.514306 0.007887 0.043282 0.467903 -0.018325 0.053439 0.001816 0.000004 0.000003 5.402727 -0.202645 -14.628387 -0.606539 0.037222 0.136442 -0.585563 -0.064488 0.042619 -0.001284 -0.000001 -0.000026 0.000000 0.000000 0.000000 0.000000 0.000000 0.000000 -21.287149 3.759209 6.552669 -0.633597 -1.317965 28.407835 11.109302 -11.197583 14.799310 -1.195388 -1.506380 -28.335371 0.000000 0.000000 0.000000 0.000000 0.000000 0.000000 0.000000 0.000000 0.000000 -9.993599 10.833352 15.700130 0.000345 0.114968 13.170989 10.422452 12.433914 13.586028 -0.621410 0.654210 -27.424662 0.000000 0.000000 0.000000 0.000000 0.000000 0.000000 0.000000 0.000000 0.000000 
25.323858 85.265633 11.542703 5.537437 -4.721310 -16.242867 -3.982977 0.814379 7.365278 1.228963 -0.138948 0.611840 -5.573164 2.026034 18.282133 -0.848020 -0.459896 0.292990 7.654236 0.334696 8.201871 -2.099174 0.020054 -8.617008 1.488593 3.424341 -24.268139 0.000000 0.000000 0.000000 98.712021 -0.826948 5.396678 65.291908 -19.848434 4.832727 2.045951 27.414057 34.377148 -12.170382 17.760378 -13.211093 5.142348 -0.986133 42.620087 0.000020 0.000028 -12.273111 0.000026 0.000051 -8.612939 0.000011 0.000014 -0.000036 -13.800286 0.291736 -0.578272 -0.305746 0.021733 0.281976 -0.414477 0.046062 0.256342 -0.000010 0.000021 0.000000 -13.197094 0.110442 -4.760966 -0.402581 -0.008363 0.108475 -0.331789 0.009117 0.105167 -0.000007 0.000114 0.000003 -11.248333 -0.128031 -10.056934 0.055831 0.029489 -0.222870 -0.116881 -0.002414 -0.175441 -0.000008 0.000536 0.000039 -8.002222 -0.279385 -16.109253 0.379677 0.084533 -0.647947 0.317103 -0.007028 -0.542678 -0.000241 -0.000013 -0.000053 0.000000 0.000000 0.000000 0.000000 0.000000 0.000000 -95.074715 0.482440 4.501341 -60.309578 13.231892 1.023128 -4.592327 -19.643137 50.864258 12.043795 -22.542374 -19.582403 -3.995158 0.902957 43.029549 0.000008 0.000006 -9.740149 -0.000204 -0.000030 -6.737531 0.000147 0.000002 -0.000375 17.610010 0.278094 -5.495924 1.340123 0.028230 -0.018378 1.126878 0.052743 -0.044115 -0.000001 0.000928 -0.000008 14.580459 0.123867 -9.141829 1.072785 -0.009629 -0.031065 1.219403 0.008949 -0.028608 0.000683 -0.000053 -0.000035 9.539637 -0.072942 -11.934307 0.502104 0.007700 0.044646 0.454630 -0.018690 0.054717 0.001767 0.000004 0.000003 5.744038 -0.203601 -14.742510 -0.600315 0.036712 0.141672 -0.584600 -0.065186 0.045865 -0.001259 -0.000001 -0.000026 0.000000 0.000000 0.000000 0.000000 0.000000 0.000000 -21.178991 3.971684 6.395259 -0.632810 -1.318904 28.360464 11.041724 -10.919025 14.904819 -1.181962 -1.498640 -28.378429 0.000000 0.000000 0.000000 0.000000 0.000000 0.000000 0.000000 0.000000 0.000000 -9.863752 11.018240 15.696453 0.002374 0.118844 13.172733 10.334686 12.583519 13.607844 -0.614044 0.660527 -27.441084 0.000000 0.000000 0.000000 0.000000 0.000000 0.000000 0.000000 0.000000 0.000000 
25.255985 85.273872 11.534108 5.483528 -5.031439 -16.244629 -4.003927 0.820418 7.345247 1.183010 -0.140126 0.690921 -5.482920 1.951930 18.269318 -0.831718 -0.466321 0.323829 7.647784 0.371365 8.052832 -2.122545 0.047034 -8.679713 1.464944 3.433177 -24.249498 0.000000 0.000000 0.000000 98.699608 -0.853088 5.408286 65.226974 -19.700432 4.867944 2.026838 27.444141 34.661278 -12.327492 17.393950 -13.127950 5.077646 -0.974821 42.651661 0.000020 0.000027 -12.115343 0.000025 0.000051 -8.505616 0.000011 0.000014 -0.000036 -14.102881 0.294855 -0.398011 -0.305605 0.023108 0.280726 -0.413135 0.046960 0.254628 -0.000010 0.000021 -0.000000 -13.544777 0.111474 -4.641112 -0.407728 -0.008195 0.107731 -0.338053 0.009092 0.105049 -0.000008 0.000114 0.000002 -11.637836 -0.129778 -10.027001 0.047298 0.029363 -0.222579 -0.128726 -0.002306 -0.175535 -0.000008 0.000546 0.000039 -8.388606 -0.283004 -16.175423 0.366473 0.083979 -0.648824 0.299562 -0.008232 -0.545417 -0.000269 -0.000013 -0.000053 0.000000 0.000000 0.000000 0.000000 0.000000 0.000000 -95.107727 0.487508 4.523647 -60.349335 12.957439 0.963884 -4.611000 -19.779257 50.874805 11.930950 -22.134830 -19.664120 -3.982118 0.898609 43.039364 0.000008 0.000006 -9.701364 -0.000204 -0.000030 -6.713271 0.000129 0.000002 -0.000475 17.758711 0.280362 -5.526897 1.302614 0.029068 -0.018072 1.081712 0.053575 -0.043490 0.000000 0.000915 -0.000008 14.733532 0.125237 -9.190563 1.036586 -0.009476 -0.030809 1.180767 0.009171 -0.028783 0.000687 -0.000054 -0.000038 9.705578 -0.073971 -12.017033 0.463296 0.007368 0.044741 0.415518 -0.019123 0.055003 0.001738 0.000005 0.000003 5.912510 -0.205042 -14.855097 -0.632590 0.036040 0.143956 -0.619539 -0.065825 0.046571 -0.001237 -0.000001 -0.000027 0.000000 0.000000 0.000000 0.000000 0.000000 0.000000 -21.062777 4.188317 6.249952 -0.631727 -1.319386 28.280457 10.967268 -10.610168 15.002258 -1.167148 -1.489645 -28.421530 0.000000 0.000000 0.000000 0.000000 0.000000 0.000000 0.000000 0.000000 0.000000 -9.726641 11.204756 15.693530 0.004829 0.123819 13.183372 10.239314 12.740930 13.618763 -0.606572 0.666756 -27.459867 0.000000 0.000000 0.000000 0.000000 0.000000 0.000000 0.000000 0.000000 0.000000 
25.177881 85.282150 11.527650 5.428161 -5.343700 -16.246042 -4.021059 0.827768 7.324503 1.132577 -0.137290 0.764148 -5.392813 1.875778 18.264566 -0.818820 -0.473315 0.356204 7.646361 0.402474 7.911603 -2.144068 0.068980 -8.741009 1.445937 3.441598 -24.242336 0.000000 0.000000 0.000000 98.684532 -0.878360 5.408802 65.178505 -19.516182 4.892340 2.011608 27.493000 34.964764 -12.479544 17.048307 -13.027499 5.027452 -0.966032 42.676113 0.000020 0.000027 -11.993710 0.000024 0.000051 -8.423478 0.000012 0.000014 -0.000036 -14.330040 0.297567 -0.235153 -0.299064 0.024490 0.277968 -0.406378 0.047756 0.251832 -0.000010 0.000021 -0.000000 -13.817791 0.112260 -4.535280 -0.406253 -0.008021 0.106344 -0.338002 0.009094 0.104319 -0.000008 0.000114 0.000002 -11.957994 -0.131229 -10.003042 0.047071 0.029324 -0.221352 -0.132237 -0.002188 -0.174886 -0.000009 0.000540 0.000039 -8.720813 -0.286303 -16.239502 0.362331 0.083720 -0.647409 0.290304 -0.009166 -0.546183 -0.000300 -0.000013 -0.000052 0.000000 0.000000 0.000000 0.000000 0.000000 0.000000 -95.141876 0.494564 4.533313 -60.369724 12.680104 0.921864 -4.630096 -19.938375 50.928574 11.792543 -21.799284 -19.709171 -3.988303 0.897465 43.039864 0.000008 0.000006 -9.713075 -0.000205 -0.000031 -6.724508 0.000121 0.000002 -0.000569 17.790186 0.282101 -5.575371 1.256648 0.029960 -0.015144 1.029223 0.054448 -0.040458 0.000001 0.000899 -0.000008 14.766774 0.126381 -9.247626 0.989686 -0.009291 -0.029435 1.131625 0.009451 -0.028001 0.000688 -0.000054 -0.000040 9.738361 -0.074978 -12.098999 0.403407 0.006835 0.043616 0.355778 -0.019663 0.054311 0.001725 0.000005 0.000003 5.944026 -0.206885 -14.960805 -0.696262 0.035023 0.143236 -0.683547 -0.066576 0.044869 -0.001219 -0.000001 -0.000027 0.000000 0.000000 0.000000 0.000000 0.000000 0.000000 -20.938572 4.410013 6.121489 -0.630415 -1.319627 28.167391 10.887547 -10.275592 15.092190 -1.150920 -1.479212 -28.464634 0.000000 0.000000 0.000000 0.000000 0.000000 0.000000 0.000000 0.000000 0.000000 -9.582458 11.387382 15.692497 0.007674 0.130084 13.203312 10.136310 12.902885 13.617640 -0.598655 0.672531 -27.480698 0.000000 0.000000 0.000000 0.000000 0.000000 0.000000 0.000000 0.000000 0.000000 
25.089394 85.290390 11.523550 5.372188 -5.654513 -16.247856 -4.034040 0.836489 7.304999 1.078637 -0.130487 0.832511 -5.304178 1.799679 18.264002 -0.810693 -0.480763 0.388142 7.652699 0.423919 7.779552 -2.163888 0.083524 -8.800249 1.432672 3.449285 -24.244541 0.000000 0.000000 0.000000 98.664635 -0.902491 5.398510 65.152420 -19.291180 4.896738 2.000847 27.558477 35.286160 -12.652411 16.730169 -12.918900 4.985588 -0.958523 42.696671 0.000021 0.000027 -11.892693 0.000023 0.000051 -8.355434 0.000012 0.000013 -0.000036 -14.514303 0.299941 -0.081007 -0.287042 0.025891 0.274089 -0.395091 0.048478 0.248257 -0.000010 0.000021 -0.000001 -14.048969 0.112850 -4.436683 -0.398834 -0.007829 0.104474 -0.332027 0.009128 0.103115 -0.000009 0.000113 0.000002 -12.240498 -0.132403 -9.981642 0.053735 0.029356 -0.219419 -0.128986 -0.002084 -0.173673 -0.000009 0.000519 0.000039 -9.024886 -0.289191 -16.300806 0.364684 0.083725 -0.644649 0.287467 -0.009884 -0.545706 -0.000333 -0.000013 -0.000052 0.000000 0.000000 0.000000 0.000000 0.000000 0.000000 -95.174286 0.501790 4.531847 -60.379223 12.395727 0.895287 -4.649298 -20.116655 51.024094 11.672660 -21.538795 -19.721439 -4.005529 0.898049 43.035072 0.000008 0.000006 -9.754331 -0.000205 -0.000031 -6.756455 0.000121 0.000001 -0.000652 17.752438 0.283393 -5.624891 1.203326 0.031047 -0.009345 0.970315 0.055494 -0.034860 0.000002 0.000885 -0.000009 14.728020 0.127323 -9.300379 0.933398 -0.009030 -0.026903 1.073146 0.009826 -0.026229 0.000689 -0.000054 -0.000044 9.686553 -0.075935 -12.174158 0.326915 0.006078 0.041292 0.279571 -0.020340 0.052664 0.001723 0.000005 0.000003 5.884133 -0.208890 -15.058169 -0.784756 0.033573 0.139462 -0.770606 -0.067564 0.040828 -0.001202 -0.000000 -0.000027 0.000000 0.000000 0.000000 0.000000 0.000000 0.000000 -20.807568 4.635430 6.012151 -0.628949 -1.319788 28.025288 10.804489 -9.923857 15.174710 -1.133612 -1.467318 -28.507013 0.000000 0.000000 0.000000 0.000000 0.000000 0.000000 0.000000 0.000000 0.000000 -9.432503 11.560615 15.693951 0.010863 0.137836 13.232776 10.025624 13.065480 13.603568 -0.589970 0.677512 -27.502922 0.000000 0.000000 0.000000 0.000000 0.000000 0.000000 0.000000 0.000000 0.000000 
24.990133 85.299004 11.521997 5.315484 -5.961521 -16.250235 -4.042327 0.846362 7.288006 1.021940 -0.120133 0.896733 -5.216308 1.725149 18.263323 -0.806479 -0.488118 0.418522 7.664587 0.436069 7.658296 -2.182439 0.091421 -8.856975 1.424057 3.455778 -24.254616 0.000000 0.000000 0.000000 98.639725 -0.924960 5.376705 65.145760 -19.029575 4.877195 1.994870 27.638336 35.614708 -12.845378 16.442854 -12.805151 4.947403 -0.951758 42.715229 0.000021 0.000026 -11.801663 0.000022 0.000051 -8.293595 0.000012 0.000013 -0.000037 -14.676037 0.301912 0.068889 -0.271838 0.027077 0.269410 -0.381475 0.048941 0.244067 -0.000011 0.000021 -0.000001 -14.257571 0.113234 -4.341404 -0.387617 -0.007679 0.102229 -0.322082 0.009147 0.101517 -0.000009 0.000111 0.000001 -12.502748 -0.133304 -9.960022 0.065219 0.029546 -0.216901 -0.120885 -0.001951 -0.171986 -0.000009 0.000489 0.000039 -9.314342 -0.291537 -16.357813 0.371112 0.084332 -0.641045 0.288835 -0.010094 -0.544441 -0.000367 -0.000012 -0.000051 0.000000 0.000000 0.000000 0.000000 0.000000 0.000000 -95.204384 0.508206 4.518177 -60.381702 12.104543 0.882581 -4.669549 -20.313543 51.152004 11.578342 -21.344797 -19.694721 -4.027652 0.899533 43.027710 0.000008 0.000006 -9.809632 -0.000204 -0.000031 -6.798001 0.000130 0.000001 -0.000727 17.677835 0.284189 -5.666921 1.147040 0.032200 -0.001232 0.909278 0.056573 -0.027137 0.000003 0.000876 -0.000009 14.650156 0.128039 -9.343159 0.872065 -0.008740 -0.023468 1.009977 0.010254 -0.023630 0.000688 -0.000054 -0.000047 9.584167 -0.076802 -12.240668 0.239866 0.005210 0.037969 0.193154 -0.021083 0.050237 0.001727 0.000005 0.000003 5.766233 -0.210854 -15.148787 -0.890785 0.031949 0.133034 -0.873590 -0.068579 0.034805 -0.001187 -0.000000 -0.000027 0.000000 0.000000 0.000000 0.000000 0.000000 0.000000 -20.668299 4.864069 5.921666 -0.627231 -1.319664 27.861286 10.716954 -9.563718 15.249790 -1.115290 -1.454621 -28.547802 0.000000 0.000000 0.000000 0.000000 0.000000 0.000000 0.000000 0.000000 0.000000 -9.275519 11.722638 15.701549 0.014374 0.147186 13.266459 9.906644 13.224831 13.578191 -0.579929 0.681391 -27.526039 0.000000 0.000000 0.000000 0.000000 0.000000 0.000000 0.000000 0.000000 0.000000 
24.879745 85.308517 11.522907 5.258515 -6.262501 -16.253067 -4.046275 0.857222 7.274720 0.963735 -0.106938 0.957549 -5.128865 1.653882 18.258661 -0.804976 -0.494858 0.446470 7.680586 0.439175 7.549087 -2.200453 0.092541 -8.910700 1.419040 3.460974 -24.270885 0.000000 0.000000 0.000000 98.610100 -0.944693 5.344689 65.153091 -18.738253 4.834478 1.993770 27.731464 35.938480 -13.058800 16.188042 -12.691781 4.911451 -0.945473 42.732555 0.000021 0.000026 -11.716580 0.000021 0.000052 -8.235077 0.000012 0.000013 -0.000037 -14.828868 0.303427 0.217002 -0.255287 0.028047 0.264057 -0.367111 0.049178 0.239283 -0.000011 0.000021 -0.000001 -14.455400 0.113420 -4.247150 -0.374025 -0.007551 0.099623 -0.309436 0.009178 0.099545 -0.000010 0.000109 0.000001 -12.753959 -0.133932 -9.935974 0.080438 0.029827 -0.213818 -0.109058 -0.001838 -0.169842 -0.000010 0.000456 0.000040 -9.594185 -0.293240 -16.409212 0.380813 0.085423 -0.636491 0.293723 -0.009877 -0.542380 -0.000401 -0.000012 -0.000051 0.000000 0.000000 0.000000 0.000000 0.000000 0.000000 -95.231453 0.513002 4.492956 -60.382011 11.803199 0.880364 -4.691916 -20.528776 51.301918 11.506674 -21.213121 -19.627619 -4.050788 0.901282 43.019672 0.000008 0.000007 -9.868494 -0.000203 -0.000031 -6.841761 0.000149 0.000001 -0.000795 17.592474 0.284448 -5.698443 1.091766 0.033446 0.008977 0.849891 0.057704 -0.017483 0.000004 0.000875 -0.000009 14.558728 0.128519 -9.374454 0.809156 -0.008413 -0.019237 0.945854 0.010735 -0.020257 0.000682 -0.000054 -0.000051 9.456574 -0.077532 -12.298237 0.146569 0.004242 0.033583 0.101142 -0.021895 0.047020 0.001734 0.000005 0.000002 5.614579 -0.212568 -15.234019 -1.009123 0.030104 0.123610 -0.987579 -0.069661 0.026579 -0.001175 0.000000 -0.000028 0.000000 0.000000 0.000000 0.000000 0.000000 0.000000 -20.519726 5.094358 5.848906 -0.625182 -1.319078 27.682791 10.623356 -9.202895 15.316933 -1.096219 -1.441669 -28.585968 0.000000 0.000000 0.000000 0.000000 0.000000 0.000000 0.000000 0.000000 0.000000 -9.110190 11.873368 15.718626 0.018224 0.158283 13.298717 9.778733 13.375591 13.543576 -0.568121 0.683765 -27.549255 0.000000 0.000000 0.000000 0.000000 0.000000 0.000000 0.000000 0.000000 0.000000 
24.758093 85.319130 11.525459 5.203914 -6.554382 -16.256052 -4.047449 0.869344 7.266283 0.906234 -0.091800 1.017066 -5.045025 1.588494 18.246572 -0.807581 -0.500468 0.470856 7.702787 0.430507 7.452099 -2.218244 0.084927 -8.960842 1.418213 3.465020 -24.291033 0.000000 0.000000 0.000000 98.574379 -0.960862 5.306182 65.177559 -18.418938 4.765326 1.996505 27.837336 36.261333 -13.316397 15.964325 -12.590154 4.877072 -0.939076 42.749725 0.000021 0.000025 -11.634151 0.000020 0.000052 -8.178004 0.000012 0.000013 -0.000037 -14.988997 0.304615 0.367726 -0.236605 0.029132 0.258157 -0.350942 0.049499 0.234049 -0.000011 0.000020 -0.000002 -14.658149 0.113481 -4.151214 -0.356612 -0.007325 0.096709 -0.292559 0.009315 0.097298 -0.000010 0.000106 0.000000 -13.008339 -0.134313 -9.909365 0.100691 0.029988 -0.210374 -0.092612 -0.001866 -0.167408 -0.000010 0.000424 0.000040 -9.872653 -0.294238 -16.458036 0.395280 0.086360 -0.631410 0.303864 -0.009773 -0.539956 -0.000432 -0.000012 -0.000050 0.000000 0.000000 0.000000 0.000000 0.000000 0.000000 -95.252831 0.515061 4.460997 -60.394360 11.483573 0.876641 -4.714868 -20.761267 51.476833 11.478674 -21.148565 -19.530832 -4.070487 0.902359 43.013248 0.000007 0.000007 -9.919864 -0.000202 -0.000032 -6.879782 0.000176 0.000000 -0.000851 17.528954 0.284302 -5.711502 1.036772 0.035075 0.021568 0.791035 0.059166 -0.005754 0.000004 0.000883 -0.000009 14.485944 0.128814 -9.388650 0.743395 -0.007959 -0.014150 0.879389 0.011331 -0.016072 0.000673 -0.000054 -0.000055 9.336892 -0.078114 -12.344867 0.047923 0.003056 0.028016 0.004165 -0.022862 0.042976 0.001744 0.000005 0.000002 5.460515 -0.213733 -15.314553 -1.136638 0.027651 0.110894 -1.110236 -0.071166 0.016032 -0.001165 0.000000 -0.000028 0.000000 0.000000 0.000000 0.000000 0.000000 0.000000 -20.364763 5.321931 5.791938 -0.622959 -1.318152 27.496632 10.524944 -8.850984 15.375077 -1.077242 -1.428383 -28.620775 0.000000 0.000000 0.000000 0.000000 0.000000 0.000000 0.000000 0.000000 0.000000 -8.939681 12.009425 15.743592 0.022401 0.171341 13.330294 9.642222 13.512109 13.499188 -0.554672 0.684341 -27.570839 0.000000 0.000000 0.000000 0.000000 0.000000 0.000000 0.000000 0.000000 0.000000 
24.624392 85.331581 11.529297 5.152053 -6.836037 -16.258974 -4.045911 0.882543 7.262781 0.849719 -0.075267 1.076230 -4.964720 1.530121 18.225506 -0.814251 -0.503976 0.491967 7.731186 0.409706 7.370891 -2.235795 0.068740 -9.006206 1.421044 3.467694 -24.314951 0.000000 0.000000 0.000000 98.531975 -0.973306 5.262547 65.216110 -18.078758 4.670427 2.002912 27.956491 36.579494 -13.618489 15.773050 -12.507902 4.842737 -0.932450 42.767258 0.000021 0.000024 -11.551032 0.000020 0.000052 -8.119836 0.000013 0.000013 -0.000037 -15.161948 0.305503 0.521614 -0.217515 0.030193 0.252248 -0.334560 0.049769 0.228776 -0.000011 0.000020 -0.000002 -14.870578 0.113441 -4.052595 -0.337244 -0.007045 0.093700 -0.273221 0.009516 0.094960 -0.000011 0.000104 0.000000 -13.269001 -0.134458 -9.879202 0.124096 0.030083 -0.206856 -0.073422 -0.001987 -0.164901 -0.000010 0.000397 0.000040 -10.150190 -0.294449 -16.503084 0.412767 0.087289 -0.626470 0.317451 -0.009640 -0.537823 -0.000461 -0.000012 -0.000050 0.000000 0.000000 0.000000 0.000000 0.000000 0.000000 -95.268860 0.514587 4.422264 -60.426182 11.146853 0.867701 -4.738220 -21.012098 51.669144 11.499816 -21.148411 -19.407372 -4.082755 0.902262 43.010002 0.000007 0.000007 -9.954717 -0.000202 -0.000032 -6.905351 0.000213 -0.000000 -0.000895 17.505362 0.283758 -5.701460 0.982868 0.036960 0.035636 0.733463 0.060835 0.007203 0.000005 0.000901 -0.000009 14.451324 0.128923 -9.382346 0.676280 -0.007436 -0.008590 0.812283 0.011984 -0.011378 0.000660 -0.000054 -0.000059 9.248071 -0.078555 -12.378453 -0.051275 0.001772 0.021700 -0.092834 -0.023902 0.038457 0.001755 0.000005 0.000002 5.329033 -0.214235 -15.388779 -1.265323 0.024834 0.096161 -1.233803 -0.072893 0.004198 -0.001155 0.000001 -0.000028 0.000000 0.000000 0.000000 0.000000 0.000000 0.000000 -20.202553 5.545193 5.749275 -0.620520 -1.316742 27.306143 10.419436 -8.513711 15.425901 -1.058501 -1.415195 -28.652277 0.000000 0.000000 0.000000 0.000000 0.000000 0.000000 0.000000 0.000000 0.000000 -8.764118 12.130552 15.778068 0.026832 0.186271 13.357213 9.497623 13.632515 13.447403 -0.539463 0.683143 -27.589689 0.000000 0.000000 0.000000 0.000000 0.000000 0.000000 0.000000 0.000000 0.000000 
24.477785 85.346870 11.534100 5.102550 -7.107318 -16.261053 -4.041598 0.896465 7.263739 0.793759 -0.057829 1.135671 -4.885954 1.478764 18.194632 -0.824146 -0.504477 0.511188 7.765336 0.377100 7.309873 -2.253154 0.044404 -9.045100 1.426870 3.468868 -24.342480 0.000000 0.000000 0.000000 98.483215 -0.982007 5.215707 65.263489 -17.724318 4.554451 2.013175 28.089916 36.880417 -13.952271 15.617846 -12.449368 4.807850 -0.925579 42.785286 0.000021 0.000024 -11.466002 0.000019 0.000052 -8.059496 0.000013 0.000012 -0.000037 -15.350936 0.306099 0.677363 -0.200271 0.031087 0.246798 -0.320056 0.049856 0.223820 -0.000011 0.000020 -0.000002 -15.094864 0.113315 -3.951146 -0.318426 -0.006762 0.090772 -0.253767 0.009736 0.092681 -0.000011 0.000101 -0.000000 -13.536901 -0.134405 -9.844052 0.148057 0.030148 -0.203485 -0.053828 -0.002156 -0.162481 -0.000011 0.000376 0.000040 -10.426664 -0.293913 -16.541395 0.430957 0.088318 -0.622017 0.332209 -0.009362 -0.536379 -0.000487 -0.000012 -0.000050 0.000000 0.000000 0.000000 0.000000 0.000000 0.000000 -95.280716 0.512221 4.376388 -60.480831 10.797047 0.857695 -4.762060 -21.282394 51.863926 11.569304 -21.214008 -19.258928 -4.085798 0.900702 43.010788 0.000007 0.000007 -9.968570 -0.000201 -0.000032 -6.915309 0.000257 -0.000001 -0.000929 17.531019 0.282814 -5.666738 0.930746 0.038914 0.050143 0.677793 0.062538 0.020418 0.000005 0.000927 -0.000009 14.465377 0.128845 -9.354163 0.609397 -0.006918 -0.002970 0.746303 0.012627 -0.006518 0.000641 -0.000054 -0.000064 9.204412 -0.078888 -12.396312 -0.146423 0.000517 0.015105 -0.185015 -0.024928 0.033828 0.001765 0.000005 0.000002 5.237257 -0.214160 -15.452609 -1.387686 0.021909 0.080807 -1.350742 -0.074626 -0.007832 -0.001145 0.000001 -0.000028 0.000000 0.000000 0.000000 0.000000 0.000000 0.000000 -20.031021 5.764244 5.719039 -0.617787 -1.314760 27.111540 10.303001 -8.191724 15.472463 -1.039919 -1.402457 -28.680984 0.000000 0.000000 0.000000 0.000000 0.000000 0.000000 0.000000 0.000000 0.000000 -8.582149 12.238544 15.822723 0.031454 0.202900 13.375520 9.345418 13.736851 13.391375 -0.522532 0.680338 -27.605038 0.000000 0.000000 0.000000 0.000000 0.000000 0.000000 0.000000 0.000000 0.000000 
24.317770 85.365829 11.539480 5.054928 -7.368207 -16.260841 -4.034561 0.910659 7.268095 0.737943 -0.039986 1.197393 -4.805914 1.433698 18.152864 -0.836246 -0.501363 0.530382 7.803797 0.333774 7.271201 -2.270688 0.012215 -9.076345 1.435088 3.468775 -24.372137 0.000000 0.000000 0.000000 98.428581 -0.987386 5.168948 65.315300 -17.359318 4.423562 2.027884 28.235741 37.146347 -14.300056 15.503625 -12.415960 4.772057 -0.918491 42.803844 0.000021 0.000023 -11.378531 0.000018 0.000052 -7.996233 0.000013 0.000012 -0.000038 -15.557960 0.306425 0.830898 -0.187825 0.031641 0.242302 -0.310246 0.049615 0.219578 -0.000012 0.000020 -0.000003 -15.331840 0.113136 -3.848869 -0.303510 -0.006545 0.088120 -0.237301 0.009911 0.090644 -0.000011 0.000098 -0.000000 -13.811358 -0.134219 -9.804146 0.168871 0.030245 -0.200512 -0.037118 -0.002295 -0.160334 -0.000011 0.000367 0.000041 -10.701132 -0.292797 -16.570885 0.446387 0.089628 -0.618364 0.344891 -0.008776 -0.535975 -0.000511 -0.000012 -0.000050 0.000000 0.000000 0.000000 0.000000 0.000000 0.000000 -95.288452 0.508457 4.323921 -60.559895 10.438977 0.854494 -4.786355 -21.568272 52.045547 11.691883 -21.346422 -19.091755 -4.079392 0.897591 43.015732 0.000007 0.000008 -9.960500 -0.000200 -0.000033 -6.909189 0.000309 -0.000001 -0.000955 17.607428 0.281514 -5.609320 0.881492 0.040728 0.064091 0.624800 0.064090 0.032959 0.000006 0.000959 -0.000009 14.530610 0.128592 -9.305555 0.544805 -0.006481 0.002329 0.683551 0.013189 -0.001832 0.000615 -0.000054 -0.000068 9.212110 -0.079168 -12.396720 -0.232849 -0.000585 0.008685 -0.267581 -0.025849 0.029429 0.001773 0.000006 0.000002 5.194489 -0.213722 -15.501596 -1.496430 0.019164 0.066182 -1.453755 -0.076145 -0.019046 -0.001137 0.000002 -0.000028 0.000000 0.000000 0.000000 0.000000 0.000000 0.000000 -19.848446 5.979758 5.698317 -0.614702 -1.312266 26.912546 10.172549 -7.883313 15.517303 -1.021357 -1.390242 -28.707542 0.000000 0.000000 0.000000 0.000000 0.000000 0.000000 0.000000 0.000000 0.000000 -8.392409 12.335257 15.876171 0.036202 0.220984 13.382864 9.186277 13.826289 13.334528 -0.504172 0.676255 -27.616858 0.000000 0.000000 0.000000 0.000000 0.000000 0.000000 0.000000 0.000000 0.000000 
24.144127 85.388947 11.545377 5.008703 -7.618322 -16.256697 -4.025143 0.924641 7.274559 0.682288 -0.022335 1.263550 -4.721765 1.392699 18.098896 -0.849184 -0.495060 0.550981 7.843535 0.283072 7.255177 -2.289044 -0.026275 -9.098881 1.444601 3.467988 -24.401535 0.000000 0.000000 0.000000 98.369049 -0.990175 5.126017 65.366661 -16.985987 4.286825 2.047476 28.388460 37.357487 -14.642797 15.428772 -12.405168 4.734483 -0.911179 42.823105 0.000021 0.000023 -11.286958 0.000017 0.000052 -7.928516 0.000013 0.000012 -0.000038 -15.785555 0.306512 0.975127 -0.183277 0.031689 0.239126 -0.308136 0.048927 0.216344 -0.000012 0.000020 -0.000003 -15.582332 0.112946 -3.750418 -0.296025 -0.006465 0.085899 -0.227183 0.009983 0.088995 -0.000012 0.000094 -0.000000 -14.090803 -0.133967 -9.761580 0.182542 0.030449 -0.198115 -0.026854 -0.002326 -0.158598 -0.000011 0.000373 0.000041 -10.972289 -0.291325 -16.590668 0.455085 0.091407 -0.615528 0.351815 -0.007726 -0.536685 -0.000534 -0.000011 -0.000050 0.000000 0.000000 0.000000 0.000000 0.000000 0.000000 -95.290665 0.502871 4.267141 -60.666084 10.074436 0.866485 -4.811396 -21.860041 52.201378 11.878919 -21.543758 -18.919106 -4.064458 0.893056 43.024506 0.000007 0.000008 -9.932086 -0.000199 -0.000033 -6.888271 0.000364 -0.000002 -0.000977 17.729931 0.279937 -5.535173 0.838069 0.042206 0.076616 0.577067 0.065315 0.044028 0.000006 0.000992 -0.000009 14.642984 0.128194 -9.241075 0.486476 -0.006185 0.006986 0.627923 0.013609 0.002380 0.000584 -0.000054 -0.000074 9.269680 -0.079432 -12.379763 -0.304985 -0.001418 0.002849 -0.334939 -0.026585 0.025544 0.001776 0.000006 0.000002 5.202074 -0.213113 -15.532056 -1.584353 0.016901 0.053432 -1.535718 -0.077219 -0.028657 -0.001132 0.000002 -0.000029 0.000000 0.000000 0.000000 0.000000 0.000000 0.000000 -19.653734 6.193612 5.684509 -0.611234 -1.309473 26.708069 10.026945 -7.585269 15.561426 -1.002769 -1.378277 -28.732275 0.000000 0.000000 0.000000 0.000000 0.000000 0.000000 0.000000 0.000000 0.000000 -8.193020 12.423073 15.936790 0.041015 0.240289 13.377296 9.020215 13.902824 13.279793 -0.484670 0.671175 -27.625233 0.000000 0.000000 0.000000 0.000000 0.000000 0.000000 0.000000 0.000000 0.000000 
23.956665 85.416443 11.552042 4.964269 -7.856596 -16.246618 -4.014106 0.938075 7.281830 0.627120 -0.005383 1.334307 -4.632246 1.352305 18.032671 -0.862179 -0.487189 0.573477 7.879588 0.230400 7.262123 -2.308963 -0.068369 -9.110851 1.454037 3.467172 -24.428556 0.000000 0.000000 0.000000 98.305695 -0.990989 5.089419 65.414070 -16.608854 4.153520 2.071205 28.540419 37.501781 -14.965024 15.384736 -12.413569 4.694767 -0.903585 42.843315 0.000021 0.000022 -11.190110 0.000017 0.000053 -7.855519 0.000013 0.000012 -0.000038 -16.035877 0.306351 1.104274 -0.187971 0.031292 0.237083 -0.315035 0.047886 0.213943 -0.000012 0.000020 -0.000004 -15.847194 0.112767 -3.659964 -0.297521 -0.006506 0.084073 -0.224948 0.009958 0.087714 -0.000012 0.000091 -0.000000 -14.375821 -0.133695 -9.718551 0.186488 0.030725 -0.196291 -0.025166 -0.002254 -0.157277 -0.000011 0.000394 0.000041 -11.242475 -0.289716 -16.600700 0.453953 0.093540 -0.613335 0.350246 -0.006308 -0.538335 -0.000557 -0.000011 -0.000050 0.000000 0.000000 0.000000 0.000000 0.000000 0.000000 -95.284935 0.494794 4.209055 -60.801815 9.701652 0.898736 -4.837183 -22.146994 52.327152 12.141672 -21.808416 -18.757982 -4.042431 0.887253 43.036694 0.000007 0.000008 -9.885467 -0.000199 -0.000033 -6.854301 0.000418 -0.000002 -0.000996 17.894014 0.278164 -5.449779 0.803256 0.043301 0.087317 0.537162 0.066178 0.053249 0.000006 0.001024 -0.000009 14.798184 0.127682 -9.165067 0.437732 -0.006030 0.010859 0.582563 0.013875 0.005960 0.000549 -0.000055 -0.000079 9.374559 -0.079679 -12.346498 -0.359138 -0.001961 -0.002174 -0.383498 -0.027109 0.022311 0.001773 0.000006 0.000002 5.259036 -0.212390 -15.541785 -1.647448 0.015202 0.043197 -1.592646 -0.077781 -0.036298 -0.001130 0.000002 -0.000029 0.000000 0.000000 0.000000 0.000000 0.000000 0.000000 -19.446913 6.408502 5.676634 -0.607395 -1.306685 26.495481 9.867188 -7.293890 15.603045 -0.984236 -1.365951 -28.755310 0.000000 0.000000 0.000000 0.000000 0.000000 0.000000 0.000000 0.000000 0.000000 -7.982724 12.503719 16.003284 0.045840 0.260716 13.356649 8.846191 13.968186 13.228544 -0.464218 0.665156 -27.629971 0.000000 0.000000 0.000000 0.000000 0.000000 0.000000 0.000000 0.000000 0.000000 
23.755287 85.448051 11.560303 4.922086 -8.082150 -16.229034 -4.001902 0.950488 7.289000 0.573882 0.010023 1.406962 -4.538173 1.309294 17.956627 -0.874415 -0.480060 0.597501 7.904006 0.184155 7.290609 -2.331351 -0.109735 -9.111137 1.460996 3.466604 -24.451855 0.000000 0.000000 0.000000 98.240501 -0.990277 5.058303 65.450539 -16.240915 4.034602 2.097652 28.679274 37.573948 -15.248747 15.350717 -12.437525 4.653626 -0.895883 42.864223 0.000021 0.000022 -11.089000 0.000016 0.000053 -7.778152 0.000013 0.000013 -0.000038 -16.304424 0.305838 1.212370 -0.202094 0.030631 0.235512 -0.331118 0.046723 0.211799 -0.000012 0.000020 -0.000004 -16.121607 0.112564 -3.582494 -0.308432 -0.006613 0.082449 -0.231152 0.009886 0.086634 -0.000012 0.000089 -0.000000 -14.663603 -0.133421 -9.677641 0.178533 0.030986 -0.194859 -0.033793 -0.002134 -0.156251 -0.000011 0.000430 0.000041 -11.512597 -0.288146 -16.601278 0.439508 0.095802 -0.611504 0.336957 -0.004707 -0.540515 -0.000581 -0.000011 -0.000049 0.000000 0.000000 0.000000 0.000000 0.000000 0.000000 -95.270203 0.484500 4.150719 -60.962063 9.324064 0.949951 -4.863313 -22.417347 52.423851 12.469465 -22.139847 -18.621876 -4.015300 0.880517 43.051655 0.000006 0.000008 -9.823561 -0.000199 -0.000034 -6.809686 0.000463 -0.000003 -0.001008 18.090052 0.276225 -5.360072 0.779825 0.044053 0.096210 0.508035 0.066725 0.060626 0.000007 0.001051 -0.000009 14.986299 0.127063 -9.083913 0.401382 -0.005982 0.013971 0.550010 0.014009 0.008899 0.000514 -0.000055 -0.000085 9.517901 -0.079863 -12.301204 -0.394228 -0.002257 -0.006376 -0.412331 -0.027439 0.019697 0.001766 0.000007 0.000001 5.357347 -0.211496 -15.532797 -1.686186 0.014016 0.035352 -1.624892 -0.077874 -0.042201 -0.001133 0.000003 -0.000029 0.000000 0.000000 0.000000 0.000000 0.000000 0.000000 -19.228077 6.627307 5.676714 -0.603167 -1.304234 26.270966 9.695599 -7.005252 15.638061 -0.965801 -1.352574 -28.776268 0.000000 0.000000 0.000000 0.000000 0.000000 0.000000 0.000000 0.000000 0.000000 -7.760221 12.579850 16.077267 0.050571 0.282091 13.316272 8.662663 14.024842 13.182701 -0.442920 0.658127 -27.631388 0.000000 0.000000 0.000000 0.000000 0.000000 0.000000 0.000000 0.000000 0.000000 
23.539581 85.483170 11.571754 4.882681 -8.294184 -16.205467 -3.988686 0.962048 7.295855 0.524422 0.023266 1.478419 -4.442316 1.262993 17.874989 -0.887021 -0.474852 0.623170 7.911862 0.151098 7.338396 -2.356405 -0.146562 -9.099670 1.463751 3.466416 -24.471720 0.000000 0.000000 0.000000 98.175591 -0.988051 5.032933 65.470222 -15.896899 3.939238 2.124798 28.799704 37.585377 -15.497862 15.309168 -12.476603 4.611099 -0.887945 42.886185 0.000021 0.000021 -10.982505 0.000016 0.000053 -7.696170 0.000013 0.000013 -0.000038 -16.590706 0.304957 1.298031 -0.223333 0.029960 0.233959 -0.354234 0.045722 0.209568 -0.000012 0.000020 -0.000005 -16.407242 0.112305 -3.520252 -0.326466 -0.006712 0.080940 -0.243819 0.009820 0.085689 -0.000013 0.000086 -0.000000 -14.958475 -0.133147 -9.640880 0.160098 0.031120 -0.193751 -0.051447 -0.002038 -0.155501 -0.000012 0.000477 0.000042 -11.788009 -0.286712 -16.594645 0.412590 0.097819 -0.610255 0.312873 -0.003248 -0.543195 -0.000604 -0.000011 -0.000049 0.000000 0.000000 0.000000 0.000000 0.000000 0.000000 -95.247948 0.473117 4.094395 -61.139484 8.950028 1.014170 -4.888176 -22.666035 52.496407 12.843951 -22.543797 -18.521894 -3.983455 0.872948 43.069401 0.000006 0.000009 -9.746220 -0.000200 -0.000034 -6.754416 0.000492 -0.000003 -0.001014 18.314018 0.274155 -5.270206 0.769133 0.044584 0.103483 0.491604 0.067078 0.066266 0.000007 0.001074 -0.000009 15.203279 0.126348 -9.002185 0.378141 -0.005980 0.016404 0.530379 0.014054 0.011223 0.000484 -0.000055 -0.000091 9.695895 -0.079943 -12.248536 -0.413934 -0.002409 -0.009759 -0.425603 -0.027624 0.017692 0.001756 0.000008 0.000001 5.490903 -0.210256 -15.509653 -1.707657 0.013182 0.029759 -1.639678 -0.077665 -0.046479 -0.001142 0.000003 -0.000029 0.000000 0.000000 0.000000 0.000000 0.000000 0.000000 -18.997746 6.851077 5.689102 -0.598615 -1.302493 26.030977 9.515299 -6.717480 15.663003 -0.947858 -1.337112 -28.794041 0.000000 0.000000 0.000000 0.000000 0.000000 0.000000 0.000000 0.000000 0.000000 -7.525619 12.652192 16.162565 0.055089 0.304161 13.254656 8.468305 14.075722 13.142267 -0.420894 0.650038 -27.629086 0.000000 0.000000 0.000000 0.000000 0.000000 0.000000 0.000000 0.000000 0.000000 
23.309000 85.521156 11.588407 4.845791 -8.492320 -16.179764 -3.973691 0.972879 7.302774 0.480321 0.034075 1.545591 -4.347437 1.214093 17.793474 -0.901660 -0.471732 0.650533 7.899233 0.137058 7.403678 -2.383807 -0.174368 -9.076945 1.460867 3.466655 -24.488554 0.000000 0.000000 0.000000 98.111824 -0.984618 5.012743 65.472527 -15.582929 3.871641 2.151148 28.898027 37.554947 -15.725325 15.252773 -12.534166 4.566704 -0.879685 42.909439 0.000021 0.000021 -10.869228 0.000015 0.000053 -7.609009 0.000013 0.000013 -0.000039 -16.891188 0.303723 1.364689 -0.249929 0.029373 0.232215 -0.382782 0.044986 0.207123 -0.000012 0.000020 -0.000005 -16.704006 0.111977 -3.472102 -0.350165 -0.006788 0.079545 -0.261789 0.009766 0.084878 -0.000013 0.000083 -0.000000 -15.263361 -0.132864 -9.610010 0.132238 0.031130 -0.192975 -0.077270 -0.001971 -0.155059 -0.000012 0.000528 0.000042 -12.071714 -0.285341 -16.584429 0.374472 0.099515 -0.610133 0.279282 -0.002009 -0.546631 -0.000626 -0.000011 -0.000049 0.000000 0.000000 0.000000 0.000000 0.000000 0.000000 -95.221252 0.462280 4.040708 -61.326107 8.586414 1.082646 -4.910487 -22.891212 52.554657 13.243086 -23.025972 -18.461718 -3.947017 0.864663 43.089790 0.000006 0.000009 -9.653900 -0.000202 -0.000034 -6.688628 0.000501 -0.000003 -0.001012 18.558693 0.271989 -5.182164 0.770856 0.044996 0.109676 0.488076 0.067339 0.070610 0.000008 0.001090 -0.000009 15.442534 0.125543 -8.923229 0.366943 -0.005982 0.018342 0.522221 0.014054 0.013070 0.000460 -0.000055 -0.000097 9.902516 -0.079902 -12.194333 -0.423674 -0.002494 -0.012449 -0.429071 -0.027710 0.016194 0.001743 0.000008 0.000001 5.651900 -0.208503 -15.480153 -1.720424 0.012597 0.025971 -1.645630 -0.077282 -0.049370 -0.001157 0.000003 -0.000029 0.000000 0.000000 0.000000 0.000000 0.000000 0.000000 -18.756060 7.078360 5.720104 -0.593800 -1.301818 25.773113 9.329576 -6.431115 15.674243 -0.930888 -1.318654 -28.806837 0.000000 0.000000 0.000000 0.000000 0.000000 0.000000 0.000000 0.000000 0.000000 -7.279041 12.720051 16.264137 0.059286 0.326644 13.173185 8.262415 14.124461 13.105825 -0.398176 0.640946 -27.622763 0.000000 0.000000 0.000000 0.000000 0.000000 0.000000 0.000000 0.000000 0.000000 
23.063293 85.561913 11.612210 4.810512 -8.676565 -16.156015 -3.955227 0.982903 7.310305 0.442588 0.042483 1.605454 -4.255918 1.164421 17.717262 -0.919341 -0.470072 0.679279 7.862526 0.146643 7.486459 -2.413239 -0.189187 -9.043444 1.451246 3.467366 -24.503254 0.000000 0.000000 0.000000 98.048592 -0.980257 4.995439 65.462280 -15.296509 3.831664 2.175955 28.972906 37.502213 -15.937243 15.183056 -12.613315 4.520009 -0.871115 42.934078 0.000021 0.000020 -10.748360 0.000014 0.000053 -7.516491 0.000013 0.000013 -0.000039 -17.202524 0.302147 1.416866 -0.281313 0.028877 0.229927 -0.416149 0.044518 0.204180 -0.000012 0.000020 -0.000005 -17.011261 0.111562 -3.436057 -0.379318 -0.006849 0.078158 -0.285199 0.009715 0.084103 -0.000013 0.000081 0.000000 -15.580137 -0.132535 -9.587525 0.094989 0.031046 -0.192389 -0.111317 -0.001930 -0.154801 -0.000012 0.000576 0.000042 -12.366197 -0.283884 -16.576210 0.325734 0.100956 -0.611127 0.236600 -0.000945 -0.550700 -0.000646 -0.000010 -0.000049 0.000000 0.000000 0.000000 0.000000 0.000000 0.000000 -95.193909 0.453959 3.987432 -61.514919 8.232455 1.145697 -4.929857 -23.095234 52.608864 13.643865 -23.589575 -18.436646 -3.905878 0.855705 43.112713 0.000006 0.000009 -9.546902 -0.000204 -0.000034 -6.612346 0.000489 -0.000004 -0.001007 18.817583 0.269755 -5.095778 0.783255 0.045372 0.115566 0.496074 0.067590 0.074348 0.000009 0.001100 -0.000010 15.697734 0.124646 -8.848251 0.365538 -0.005956 0.020050 0.523262 0.014053 0.014677 0.000440 -0.000055 -0.000102 10.130645 -0.079727 -12.143263 -0.428684 -0.002576 -0.014738 -0.427974 -0.027739 0.014967 0.001727 0.000009 0.000001 5.831426 -0.206152 -15.452350 -1.731908 0.012179 0.023100 -1.649991 -0.076812 -0.051426 -0.001177 0.000004 -0.000029 0.000000 0.000000 0.000000 0.000000 0.000000 0.000000 -18.502535 7.306848 5.775764 -0.588748 -1.302419 25.496889 9.140727 -6.147745 15.668900 -0.915146 -1.296814 -28.812929 0.000000 0.000000 0.000000 0.000000 0.000000 0.000000 0.000000 0.000000 0.000000 -7.020309 12.782351 16.387207 0.063103 0.349316 13.073059 8.045230 14.174504 13.072759 -0.374677 0.630929 -27.612972 0.000000 0.000000 0.000000 0.000000 0.000000 0.000000 0.000000 0.000000 0.000000 
22.801905 85.605415 11.644764 4.774458 -8.847036 -16.138649 -3.931591 0.992218 7.318945 0.411223 0.048851 1.656548 -4.168216 1.115065 17.649399 -0.940487 -0.468874 0.709265 7.804186 0.179868 7.585485 -2.443757 -0.189314 -9.000966 1.434884 3.468621 -24.516714 0.000000 0.000000 0.000000 97.985794 -0.975290 4.980256 65.446815 -15.029864 3.814358 2.199118 29.030140 37.453224 -16.148603 15.111328 -12.717950 4.470010 -0.861815 42.960732 0.000021 0.000020 -10.617444 0.000013 0.000053 -7.417508 0.000013 0.000013 -0.000039 -17.527796 0.300375 1.462006 -0.313237 0.028581 0.227004 -0.450141 0.044393 0.200687 -0.000012 0.000020 -0.000006 -17.334677 0.111106 -3.406662 -0.410097 -0.006870 0.076767 -0.310648 0.009678 0.083361 -0.000013 0.000078 0.000000 -15.914967 -0.132160 -9.572921 0.052143 0.030849 -0.192003 -0.150138 -0.001937 -0.154729 -0.000013 0.000616 0.000043 -12.675531 -0.282192 -16.573490 0.270884 0.102004 -0.613408 0.189062 -0.000159 -0.555561 -0.000661 -0.000010 -0.000048 0.000000 0.000000 0.000000 0.000000 0.000000 0.000000 -95.169373 0.448835 3.933832 -61.706841 7.884120 1.196520 -4.945766 -23.281065 52.670483 14.045345 -24.224567 -18.445818 -3.858548 0.845723 43.138824 0.000006 0.000009 -9.422507 -0.000206 -0.000034 -6.523438 0.000458 -0.000005 -0.000998 19.097380 0.267534 -5.007597 0.802771 0.045889 0.121827 0.512143 0.068002 0.078097 0.000009 0.001102 -0.000010 15.975953 0.123697 -8.774973 0.370463 -0.005847 0.021759 0.529908 0.014110 0.016247 0.000423 -0.000055 -0.000105 10.386331 -0.079419 -12.096835 -0.433224 -0.002755 -0.016875 -0.426823 -0.027783 0.013839 0.001708 0.000010 0.000001 6.032903 -0.203080 -15.431459 -1.746614 0.011698 0.020445 -1.657578 -0.076482 -0.053062 -0.001203 0.000004 -0.000029 0.000000 0.000000 0.000000 0.000000 0.000000 0.000000 -18.235813 7.530941 5.860506 -0.583513 -1.304263 25.204422 8.949690 -5.874668 15.647196 -0.900758 -1.271548 -28.810907 0.000000 0.000000 0.000000 0.000000 0.000000 0.000000 0.000000 0.000000 0.000000 -6.748518 12.835172 16.533899 0.066553 0.371997 12.960188 7.817756 14.227645 13.041961 -0.350245 0.620273 -27.600416 0.000000 0.000000 0.000000 0.000000 0.000000 0.000000 0.000000 0.000000 0.000000 
22.523340 85.651108 11.687123 4.731710 -9.005270 -16.132868 -3.901796 1.000794 7.330366 0.385966 0.053396 1.697915 -4.081221 1.064225 17.592272 -0.963652 -0.467973 0.739389 7.733599 0.231033 7.697618 -2.474102 -0.176530 -8.952451 1.412850 3.470478 -24.528717 0.000000 0.000000 0.000000 97.925812 -0.970568 4.967570 65.434250 -14.774008 3.808234 2.221212 29.076845 37.435017 -16.382322 15.041587 -12.849901 4.414696 -0.850864 42.990719 0.000021 0.000020 -10.471569 0.000012 0.000054 -7.309391 0.000014 0.000014 -0.000039 -17.875156 0.298605 1.509086 -0.336637 0.028637 0.223889 -0.475999 0.044699 0.197101 -0.000012 0.000020 -0.000006 -17.684214 0.110691 -3.375439 -0.433701 -0.006820 0.075565 -0.329708 0.009655 0.082843 -0.000013 0.000075 0.000000 -16.276789 -0.131781 -9.561378 0.012479 0.030507 -0.192145 -0.185491 -0.002003 -0.155107 -0.000013 0.000642 0.000043 -13.004401 -0.280108 -16.575050 0.219087 0.102359 -0.617781 0.145606 0.000151 -0.562047 -0.000672 -0.000010 -0.000048 0.000000 0.000000 0.000000 0.000000 0.000000 0.000000 -95.150177 0.444727 3.881778 -61.914673 7.548499 1.231184 -4.957443 -23.441652 52.749458 14.476855 -24.887297 -18.489405 -3.802283 0.834031 43.169453 0.000006 0.000010 -9.275047 -0.000208 -0.000033 -6.417910 0.000409 -0.000006 -0.000992 19.419874 0.265401 -4.912447 0.823883 0.046809 0.128902 0.530463 0.068832 0.082244 0.000010 0.001097 -0.000010 16.300543 0.122761 -8.699684 0.377110 -0.005573 0.023623 0.537452 0.014285 0.017868 0.000410 -0.000055 -0.000107 10.696081 -0.078948 -12.055434 -0.438203 -0.003163 -0.018951 -0.427395 -0.027927 0.012774 0.001683 0.000011 0.000001 6.283498 -0.198999 -15.419186 -1.761848 0.010812 0.017875 -1.666853 -0.076617 -0.054317 -0.001230 0.000004 -0.000029 0.000000 0.000000 0.000000 0.000000 0.000000 0.000000 -17.950945 7.740715 5.980060 -0.578068 -1.306955 24.898069 8.753908 -5.627253 15.613297 -0.887581 -1.243262 -28.800219 0.000000 0.000000 0.000000 0.000000 0.000000 0.000000 0.000000 0.000000 0.000000 -6.458532 12.872046 16.701897 0.069785 0.394907 12.848426 7.580699 14.281608 13.009480 -0.324520 0.609306 -27.585594 0.000000 0.000000 0.000000 0.000000 0.000000 0.000000 0.000000 0.000000 0.000000 
22.227657 85.699524 11.738795 4.677506 -9.153313 -16.138111 -3.864201 1.007506 7.345232 0.365733 0.055959 1.727443 -3.993123 1.011098 17.547083 -0.986282 -0.467743 0.767461 7.652595 0.295861 7.823805 -2.504881 -0.153581 -8.898509 1.385669 3.472740 -24.539665 0.000000 0.000000 0.000000 97.869652 -0.966488 4.950243 65.428452 -14.524087 3.805395 2.242269 29.112047 37.456688 -16.610510 14.961870 -12.992406 4.353671 -0.838498 43.023785 0.000020 0.000019 -10.310675 0.000012 0.000054 -7.192103 0.000014 0.000014 -0.000039 -18.243410 0.296852 1.559131 -0.352588 0.028913 0.220326 -0.494548 0.045274 0.193164 -0.000012 0.000020 -0.000006 -18.058001 0.110296 -3.341605 -0.451042 -0.006732 0.074385 -0.343703 0.009631 0.082369 -0.000013 0.000071 0.000001 -16.664587 -0.131397 -9.554274 -0.025301 0.030073 -0.192610 -0.218661 -0.002106 -0.155726 -0.000013 0.000656 0.000044 -13.355178 -0.277675 -16.584663 0.168149 0.102298 -0.623637 0.103502 0.000209 -0.569697 -0.000678 -0.000010 -0.000047 0.000000 0.000000 0.000000 0.000000 0.000000 0.000000 -95.136246 0.442209 3.825294 -62.142395 7.221919 1.245067 -4.966275 -23.578644 52.843185 14.930903 -25.537951 -18.545845 -3.736545 0.820608 43.204700 0.000005 0.000010 -9.103453 -0.000209 -0.000033 -6.295340 0.000349 -0.000006 -0.000988 19.788300 0.263339 -4.807161 0.843323 0.048064 0.136738 0.547622 0.069993 0.086859 0.000010 0.001086 -0.000010 16.674648 0.121846 -8.619762 0.383259 -0.005169 0.025629 0.543947 0.014567 0.019575 0.000399 -0.000055 -0.000108 11.063366 -0.078303 -12.018754 -0.441410 -0.003732 -0.021015 -0.427183 -0.028147 0.011704 0.001656 0.000011 0.000001 6.589737 -0.194175 -15.416421 -1.772014 0.009645 0.015237 -1.672317 -0.077068 -0.055315 -0.001255 0.000004 -0.000029 0.000000 0.000000 0.000000 0.000000 0.000000 0.000000 -17.642832 7.932881 6.137200 -0.572226 -1.310064 24.578836 8.550202 -5.411889 15.570773 -0.874701 -1.212989 -28.782436 0.000000 0.000000 0.000000 0.000000 0.000000 0.000000 0.000000 0.000000 0.000000 -6.145624 12.892990 16.890726 0.072909 0.418423 12.738204 7.334475 14.333962 12.976455 -0.296846 0.598023 -27.571207 0.000000 0.000000 0.000000 0.000000 0.000000 0.000000 0.000000 0.000000 0.000000 
21.915249 85.750603 11.799023 4.608508 -9.291661 -16.153170 -3.818537 1.011781 7.363537 0.348736 0.056752 1.744193 -3.901895 0.953569 17.513948 -1.006055 -0.468956 0.792639 7.565630 0.368325 7.959215 -2.535962 -0.123691 -8.841483 1.354045 3.475147 -24.549995 0.000000 0.000000 0.000000 97.819481 -0.963051 4.925293 65.423492 -14.285251 3.802783 2.261438 29.140850 37.530609 -16.817257 14.856384 -13.132033 4.288166 -0.824965 43.059227 0.000020 0.000018 -10.138474 0.000011 0.000054 -7.068267 0.000014 0.000014 -0.000039 -18.627136 0.295286 1.614585 -0.360439 0.029447 0.216325 -0.505083 0.046144 0.188893 -0.000012 0.000020 -0.000006 -18.451448 0.109950 -3.303294 -0.461377 -0.006587 0.073180 -0.352176 0.009632 0.081893 -0.000013 0.000068 0.000001 -17.075008 -0.131039 -9.550550 -0.060411 0.029531 -0.193331 -0.249250 -0.002271 -0.156514 -0.000014 0.000663 0.000044 -13.726768 -0.275084 -16.603014 0.118422 0.101835 -0.630657 0.062593 -0.000028 -0.578249 -0.000681 -0.000009 -0.000046 0.000000 0.000000 0.000000 0.000000 0.000000 0.000000 -95.126427 0.441515 3.764480 -62.392300 6.907149 1.236665 -4.972831 -23.698687 52.946442 15.401140 -26.156143 -18.606779 -3.661907 0.805580 43.244164 0.000005 0.000010 -8.909360 -0.000210 -0.000033 -6.157073 0.000282 -0.000007 -0.000984 20.202610 0.261411 -4.689724 0.860031 0.049604 0.144851 0.562542 0.071435 0.091620 0.000011 0.001072 -0.000010 17.097994 0.120991 -8.532838 0.388403 -0.004665 0.027631 0.548788 0.014939 0.021255 0.000387 -0.000054 -0.000109 11.487798 -0.077528 -11.984637 -0.441371 -0.004415 -0.022927 -0.424702 -0.028433 0.010748 0.001631 0.000012 0.000001 6.952232 -0.188909 -15.421763 -1.774522 0.008227 0.012857 -1.671609 -0.077818 -0.055844 -0.001277 0.000005 -0.000029 0.000000 0.000000 0.000000 0.000000 0.000000 0.000000 -17.308493 8.104589 6.330937 -0.565922 -1.313233 24.250172 8.336877 -5.233737 15.522532 -0.861478 -1.181384 -28.758209 0.000000 0.000000 0.000000 0.000000 0.000000 0.000000 0.000000 0.000000 0.000000 -5.807646 12.896473 17.097317 0.076074 0.442625 12.632301 7.079304 14.382820 12.943069 -0.266746 0.586587 -27.558388 0.000000 0.000000 0.000000 0.000000 0.000000 0.000000 0.000000 0.000000 0.000000 
21.587320 85.804138 11.866646 4.523104 -9.419441 -16.175549 -3.764854 1.012997 7.385064 0.333397 0.056002 1.747741 -3.806518 0.890058 17.492199 -1.021050 -0.472254 0.814334 7.475228 0.444073 8.098563 -2.567378 -0.089079 -8.783303 1.318384 3.477602 -24.559645 0.000000 0.000000 0.000000 97.776176 -0.959892 4.889915 65.409691 -14.066297 3.801114 2.278033 29.165199 37.663685 -16.988874 14.715039 -13.259968 4.220881 -0.811034 43.095345 0.000020 0.000018 -9.962831 0.000010 0.000053 -6.943022 0.000014 0.000014 -0.000039 -19.010988 0.294046 1.675038 -0.363193 0.030146 0.212110 -0.510473 0.047226 0.184513 -0.000012 0.000020 -0.000006 -18.849689 0.109671 -3.260744 -0.467589 -0.006415 0.071988 -0.358196 0.009659 0.081443 -0.000013 0.000065 0.000001 -17.493763 -0.130730 -9.549109 -0.095052 0.028943 -0.194285 -0.279702 -0.002478 -0.157436 -0.000014 0.000668 0.000045 -14.108959 -0.272556 -16.628258 0.067711 0.101199 -0.638575 0.020202 -0.000422 -0.587445 -0.000683 -0.000009 -0.000045 0.000000 0.000000 0.000000 0.000000 0.000000 0.000000 -95.118111 0.442975 3.698816 -62.660282 6.605021 1.204469 -4.978650 -23.805555 53.048634 15.867965 -26.725586 -18.664522 -3.581181 0.789641 43.286213 0.000005 0.000010 -8.700250 -0.000210 -0.000033 -6.008420 0.000212 -0.000008 -0.000979 20.645678 0.259685 -4.563318 0.875960 0.051275 0.152511 0.577137 0.073002 0.096002 0.000011 0.001055 -0.000010 17.553144 0.120222 -8.440363 0.394775 -0.004132 0.029396 0.554299 0.015355 0.022721 0.000373 -0.000054 -0.000108 11.950764 -0.076670 -11.951863 -0.435232 -0.005105 -0.024448 -0.416793 -0.028732 0.010093 0.001612 0.000012 0.000001 7.354628 -0.183555 -15.433257 -1.766691 0.006744 0.011300 -1.662037 -0.078701 -0.055501 -0.001294 0.000005 -0.000029 0.000000 0.000000 0.000000 0.000000 0.000000 0.000000 -16.947296 8.254663 6.558797 -0.559142 -1.316237 23.915617 8.114112 -5.092959 15.469206 -0.847386 -1.148953 -28.728214 0.000000 0.000000 0.000000 0.000000 0.000000 0.000000 0.000000 0.000000 0.000000 -5.443714 12.882786 17.318756 0.079420 0.467550 12.530428 6.814682 14.425821 12.910287 -0.233874 0.575066 -27.548229 0.000000 0.000000 0.000000 0.000000 0.000000 0.000000 0.000000 0.000000 0.000000 
21.245195 85.859650 11.940084 4.419506 -9.534898 -16.201380 -3.703308 1.010573 7.409589 0.317964 0.054136 1.737952 -3.704938 0.817048 17.481100 -1.029927 -0.478638 0.830670 7.385548 0.518861 8.233269 -2.599234 -0.051094 -8.726620 1.278919 3.480266 -24.566519 0.000000 0.000000 0.000000 97.740425 -0.956755 4.842566 65.373550 -13.875219 3.804878 2.291899 29.186514 37.855042 -17.112740 14.526806 -13.373380 4.155882 -0.797661 43.129826 0.000019 0.000017 -9.795222 0.000009 0.000053 -6.824046 0.000014 0.000014 -0.000039 -19.372625 0.293269 1.739153 -0.364456 0.030974 0.207965 -0.514209 0.048498 0.180346 -0.000012 0.000020 -0.000007 -19.230936 0.109482 -3.214796 -0.472974 -0.006225 0.070867 -0.365078 0.009730 0.081095 -0.000013 0.000061 0.000001 -17.898829 -0.130515 -9.547860 -0.130963 0.028316 -0.195480 -0.311870 -0.002732 -0.158477 -0.000014 0.000673 0.000045 -14.483524 -0.270316 -16.656569 0.015352 0.100428 -0.647040 -0.025099 -0.000990 -0.597012 -0.000683 -0.000009 -0.000044 0.000000 0.000000 0.000000 0.000000 0.000000 0.000000 -95.108345 0.446043 3.629803 -62.943523 6.317991 1.145510 -4.985914 -23.902386 53.139164 16.309677 -27.236485 -18.716566 -3.498811 0.773798 43.328514 0.000005 0.000010 -8.487398 -0.000210 -0.000032 -5.857418 0.000140 -0.000009 -0.000976 21.093578 0.258249 -4.429935 0.894521 0.052944 0.158981 0.594564 0.074555 0.099413 0.000011 0.001035 -0.000010 18.016264 0.119586 -8.343257 0.405659 -0.003621 0.030676 0.564055 0.015773 0.023761 0.000354 -0.000053 -0.000107 12.427636 -0.075781 -11.918541 -0.419881 -0.005701 -0.025261 -0.400131 -0.028989 0.009974 0.001602 0.000013 0.000001 7.775345 -0.178386 -15.449158 -1.746878 0.005370 0.011406 -1.641790 -0.079537 -0.053702 -0.001307 0.000005 -0.000029 0.000000 0.000000 0.000000 0.000000 0.000000 0.000000 -16.559273 8.383144 6.816747 -0.551928 -1.319088 23.576761 7.883558 -4.985581 15.410501 -0.832215 -1.115809 -28.693193 0.000000 0.000000 0.000000 0.000000 0.000000 0.000000 0.000000 0.000000 0.000000 -5.051623 12.852681 17.551014 0.083118 0.493395 12.432902 6.538931 14.460029 12.876456 -0.197993 0.563401 -27.540415 0.000000 0.000000 0.000000 0.000000 0.000000 0.000000 0.000000 0.000000 0.000000 
20.889614 85.916527 12.018295 4.296175 -9.635705 -16.228323 -3.633634 1.004538 7.435717 0.299455 0.052306 1.717995 -3.593537 0.731462 17.478941 -1.034011 -0.488444 0.841694 7.304940 0.584834 8.356895 -2.631684 -0.014781 -8.673622 1.237882 3.483853 -24.569477 0.000000 0.000000 0.000000 97.713989 -0.953761 4.786444 65.304443 -13.717659 3.820233 2.302988 29.208124 38.095062 -17.194214 14.287223 -13.474290 4.096756 -0.785546 43.160862 0.000019 0.000017 -9.644817 0.000008 0.000053 -6.717552 0.000014 0.000014 -0.000039 -19.692165 0.293022 1.806676 -0.365367 0.031892 0.204334 -0.517251 0.049909 0.176820 -0.000012 0.000019 -0.000007 -19.575495 0.109405 -3.165177 -0.478049 -0.006037 0.069940 -0.373231 0.009843 0.080980 -0.000012 0.000058 0.000001 -18.269430 -0.130459 -9.542691 -0.166375 0.027661 -0.196940 -0.344367 -0.003030 -0.159645 -0.000015 0.000681 0.000046 -14.831862 -0.268597 -16.681543 -0.035367 0.099496 -0.655636 -0.070590 -0.001795 -0.606586 -0.000682 -0.000009 -0.000044 0.000000 0.000000 0.000000 0.000000 0.000000 0.000000 -95.097443 0.450590 3.561813 -63.237404 6.057610 1.062822 -4.995428 -23.991789 53.216141 16.721151 -27.679596 -18.768293 -3.418916 0.758927 43.368958 0.000004 0.000010 -8.281183 -0.000210 -0.000032 -5.711255 0.000074 -0.000010 -0.000977 21.522676 0.257176 -4.297225 0.917949 0.054475 0.163561 0.617220 0.075956 0.101266 0.000011 0.001014 -0.000011 18.464579 0.119122 -8.246458 0.423365 -0.003180 0.031226 0.580417 0.016148 0.024152 0.000330 -0.000053 -0.000105 12.895508 -0.074884 -11.885625 -0.393432 -0.006113 -0.025064 -0.372952 -0.029154 0.010584 0.001599 0.000013 0.000002 8.194074 -0.173551 -15.468350 -1.714543 0.004260 0.013954 -1.610238 -0.080180 -0.049915 -0.001318 0.000005 -0.000029 0.000000 0.000000 0.000000 0.000000 0.000000 0.000000 -16.144163 8.492094 7.100595 -0.544371 -1.321741 23.234365 7.646231 -4.907728 15.347740 -0.815979 -1.081977 -28.654400 0.000000 0.000000 0.000000 0.000000 0.000000 0.000000 0.000000 0.000000 0.000000 -4.629546 12.804114 17.790165 0.087366 0.520500 12.343805 6.250589 14.480437 12.838042 -0.159282 0.551574 -27.533960 0.000000 0.000000 0.000000 0.000000 0.000000 0.000000 0.000000 0.000000 0.000000 
20.521242 85.974419 12.101171 4.154178 -9.719364 -16.256626 -3.556332 0.995867 7.462123 0.277644 0.051124 1.692213 -3.472558 0.635782 17.484581 -1.035981 -0.500876 0.849815 7.237594 0.635770 8.471250 -2.664988 0.012471 -8.623597 1.198669 3.488865 -24.569695 0.000000 0.000000 0.000000 97.697182 -0.950812 4.728926 65.209435 -13.588814 3.847036 2.310845 29.230001 38.367214 -17.261568 14.009445 -13.571269 4.044915 -0.774643 43.188343 0.000019 0.000017 -9.512813 0.000007 0.000052 -6.624516 0.000014 0.000014 -0.000039 -19.966774 0.293187 1.879304 -0.361380 0.032900 0.201222 -0.514931 0.051422 0.173826 -0.000012 0.000019 -0.000007 -19.879852 0.109432 -3.109649 -0.477755 -0.005855 0.069185 -0.377350 0.009985 0.081036 -0.000012 0.000056 0.000001 -18.603012 -0.130600 -9.529073 -0.195646 0.026990 -0.198461 -0.371725 -0.003371 -0.160803 -0.000015 0.000687 0.000046 -15.152843 -0.267620 -16.696148 -0.079255 0.098381 -0.663902 -0.110467 -0.002870 -0.615658 -0.000680 -0.000009 -0.000043 0.000000 0.000000 0.000000 0.000000 0.000000 0.000000 -95.088654 0.457345 3.501974 -63.530994 5.846408 0.964666 -5.004438 -24.070393 53.285297 17.115156 -28.040001 -18.829802 -3.343334 0.745184 43.406780 0.000004 0.000010 -8.086262 -0.000210 -0.000032 -5.572923 0.000020 -0.000011 -0.000983 21.921997 0.256525 -4.177170 0.944157 0.055799 0.166140 0.643432 0.077137 0.101514 0.000011 0.000997 -0.000011 18.887785 0.118827 -8.158396 0.446344 -0.002840 0.031032 0.601378 0.016457 0.023885 0.000301 -0.000053 -0.000102 13.347055 -0.073992 -11.857422 -0.356831 -0.006319 -0.023841 -0.336668 -0.029215 0.011887 0.001597 0.000013 0.000002 8.605763 -0.169120 -15.489046 -1.670025 0.003481 0.019014 -1.567786 -0.080627 -0.044162 -0.001326 0.000005 -0.000029 0.000000 0.000000 0.000000 0.000000 0.000000 0.000000 -15.702466 8.585448 7.409060 -0.536611 -1.324074 22.887535 7.401808 -4.858274 15.282348 -0.798794 -1.047489 -28.612778 0.000000 0.000000 0.000000 0.000000 0.000000 0.000000 0.000000 0.000000 0.000000 -4.180799 12.729570 18.032022 0.092205 0.548895 12.269130 5.950360 14.481083 12.794301 -0.118635 0.539638 -27.528708 0.000000 0.000000 0.000000 0.000000 0.000000 0.000000 0.000000 0.000000 0.000000 
20.140907 86.033012 12.188242 3.995253 -9.783977 -16.286955 -3.472681 0.985397 7.489392 0.255447 0.050101 1.661972 -3.345046 0.534776 17.497217 -1.036191 -0.515022 0.856384 7.178665 0.674399 8.583262 -2.699129 0.029301 -8.573338 1.161812 3.494894 -24.568808 0.000000 0.000000 0.000000 97.687019 -0.947758 4.674366 65.096611 -13.477634 3.886620 2.315543 29.247005 38.647820 -17.327724 13.703783 -13.669070 3.998295 -0.764549 43.213398 0.000018 0.000016 -9.392979 0.000006 0.000052 -6.540511 0.000015 0.000014 -0.000039 -20.210772 0.293520 1.958103 -0.351172 0.033780 0.198722 -0.505849 0.052784 0.171337 -0.000012 0.000019 -0.000007 -20.156185 0.109513 -3.046771 -0.470290 -0.005742 0.068623 -0.375425 0.010087 0.081195 -0.000012 0.000054 0.000001 -18.910778 -0.130859 -9.505489 -0.216626 0.026436 -0.199911 -0.391343 -0.003671 -0.161862 -0.000015 0.000690 0.000047 -15.457135 -0.267318 -16.697407 -0.114841 0.097453 -0.671678 -0.142591 -0.003875 -0.624051 -0.000677 -0.000009 -0.000043 0.000000 0.000000 0.000000 0.000000 0.000000 0.000000 -95.081367 0.465907 3.453119 -63.816040 5.695101 0.857436 -5.011086 -24.128689 53.344948 17.498610 -28.304337 -18.901278 -3.271461 0.732320 43.442314 0.000003 0.000010 -7.901557 -0.000210 -0.000031 -5.441477 -0.000018 -0.000012 -0.000994 22.293848 0.256214 -4.075657 0.970675 0.056735 0.166558 0.670536 0.077934 0.100074 0.000011 0.000987 -0.000011 19.288931 0.118634 -8.083765 0.472601 -0.002658 0.030077 0.624736 0.016650 0.022968 0.000268 -0.000052 -0.000098 13.787791 -0.073110 -11.836842 -0.311261 -0.006259 -0.021543 -0.292366 -0.029113 0.013879 0.001593 0.000013 0.000002 9.018210 -0.165148 -15.509990 -1.613244 0.003269 0.026758 -1.514235 -0.080693 -0.036398 -0.001335 0.000004 -0.000029 0.000000 0.000000 0.000000 0.000000 0.000000 0.000000 -15.235991 8.664978 7.742969 -0.528677 -1.325927 22.534348 7.150094 -4.836069 15.215591 -0.780711 -1.012563 -28.569164 0.000000 0.000000 0.000000 0.000000 0.000000 0.000000 0.000000 0.000000 0.000000 -3.709689 12.624925 18.273214 0.097576 0.578458 12.211335 5.640437 14.458502 12.746247 -0.076828 0.527637 -27.524940 0.000000 0.000000 0.000000 0.000000 0.000000 0.000000 0.000000 0.000000 0.000000 
19.749453 86.091957 12.277965 3.820673 -9.828449 -16.317862 -3.383467 0.973155 7.518550 0.234455 0.048767 1.627498 -3.211443 0.430664 17.515112 -1.033420 -0.530266 0.860438 7.118816 0.708993 8.699155 -2.734183 0.040144 -8.519831 1.125135 3.501164 -24.566603 0.000000 0.000000 0.000000 97.680412 -0.944517 4.621538 64.963875 -13.377885 3.943370 2.318511 29.252161 38.912991 -17.386465 13.380504 -13.766266 3.953209 -0.754901 43.237427 0.000018 0.000016 -9.276819 0.000006 0.000052 -6.459167 0.000015 0.000014 -0.000039 -20.445019 0.293739 2.042968 -0.338603 0.034327 0.196863 -0.493744 0.053786 0.169414 -0.000012 0.000019 -0.000007 -20.423027 0.109567 -2.976715 -0.459144 -0.005745 0.068267 -0.370725 0.010099 0.081413 -0.000012 0.000052 0.000001 -19.207867 -0.131141 -9.472987 -0.232559 0.026074 -0.201280 -0.405716 -0.003864 -0.162823 -0.000015 0.000697 0.000048 -15.756660 -0.267438 -16.686775 -0.145300 0.096999 -0.678963 -0.169970 -0.004490 -0.631838 -0.000673 -0.000009 -0.000043 0.000000 0.000000 0.000000 0.000000 0.000000 0.000000 -95.072662 0.475194 3.412332 -64.087723 5.598495 0.745054 -5.016649 -24.160587 53.387531 17.872948 -28.465805 -18.974188 -3.201847 0.720088 43.476185 0.000003 0.000010 -7.723892 -0.000210 -0.000031 -5.314857 -0.000039 -0.000013 -0.001012 22.646851 0.256029 -3.991140 0.996583 0.057166 0.164787 0.697155 0.078233 0.096919 0.000011 0.000984 -0.000011 19.676119 0.118449 -8.022370 0.501190 -0.002660 0.028381 0.649657 0.016691 0.021442 0.000229 -0.000052 -0.000095 14.224612 -0.072222 -11.823908 -0.257728 -0.005922 -0.018207 -0.240388 -0.028812 0.016540 0.001586 0.000013 0.000002 9.439437 -0.161610 -15.531523 -1.544593 0.003746 0.037076 -1.449765 -0.080202 -0.026708 -0.001344 0.000004 -0.000029 0.000000 0.000000 0.000000 0.000000 0.000000 0.000000 -14.748640 8.729507 8.101756 -0.520482 -1.327152 22.172686 6.891641 -4.837476 15.148812 -0.761677 -0.977832 -28.525251 0.000000 0.000000 0.000000 0.000000 0.000000 0.000000 0.000000 0.000000 0.000000 -3.218665 12.493326 18.512167 0.103410 0.609147 12.166072 5.322873 14.410768 12.695563 -0.034263 0.515451 -27.523275 0.000000 0.000000 0.000000 0.000000 0.000000 0.000000 0.000000 0.000000 0.000000 
19.347574 86.150848 12.369306 3.632160 -9.852593 -16.349022 -3.288814 0.959198 7.549601 0.213915 0.047359 1.589832 -3.070588 0.324209 17.536089 -1.027606 -0.545980 0.861960 7.052938 0.743383 8.821549 -2.770143 0.047447 -8.462055 1.087454 3.507174 -24.562717 0.000000 0.000000 0.000000 97.675774 -0.940722 4.570325 64.811157 -13.289140 4.016999 2.321232 29.245525 39.150391 -17.437513 13.045518 -13.863137 3.907866 -0.745392 43.261311 0.000018 0.000016 -9.159781 0.000006 0.000051 -6.377046 0.000015 0.000014 -0.000039 -20.682962 0.293746 2.131597 -0.324758 0.034520 0.195458 -0.479623 0.054406 0.167883 -0.000013 0.000018 -0.000008 -20.691576 0.109567 -2.902239 -0.445329 -0.005871 0.068039 -0.363837 0.010020 0.081617 -0.000011 0.000051 0.000001 -19.503620 -0.131427 -9.435481 -0.244418 0.025889 -0.202501 -0.415568 -0.003947 -0.163627 -0.000016 0.000709 0.000048 -16.058031 -0.267964 -16.669193 -0.171724 0.097046 -0.685576 -0.193560 -0.004691 -0.638882 -0.000669 -0.000009 -0.000042 0.000000 0.000000 0.000000 0.000000 0.000000 0.000000 -95.061447 0.484272 3.378052 -64.345238 5.556921 0.629634 -5.022109 -24.165415 53.411972 18.256496 -28.527603 -19.045986 -3.132393 0.707985 43.509575 0.000002 0.000010 -7.547586 -0.000210 -0.000031 -5.189501 -0.000047 -0.000014 -0.001041 22.996246 0.255869 -3.917386 1.020685 0.057095 0.161118 0.721930 0.078045 0.092308 0.000011 0.000986 -0.000012 20.062780 0.118243 -7.969911 0.530561 -0.002836 0.026081 0.674793 0.016579 0.019411 0.000187 -0.000051 -0.000091 14.668984 -0.071348 -11.816608 -0.197988 -0.005316 -0.013983 -0.182290 -0.028319 0.019758 0.001578 0.000013 0.000002 9.878735 -0.158614 -15.553875 -1.465643 0.004895 0.049565 -1.375987 -0.079158 -0.015429 -0.001355 0.000004 -0.000029 0.000000 0.000000 0.000000 0.000000 0.000000 0.000000 -14.245144 8.777988 8.482450 -0.512048 -1.327735 21.803967 6.628238 -4.860634 15.082942 -0.741915 -0.943676 -28.481565 0.000000 0.000000 0.000000 0.000000 0.000000 0.000000 0.000000 0.000000 0.000000 -2.710861 12.335745 18.746679 0.109671 0.640703 12.131806 5.000082 14.336920 12.642405 0.008557 0.503115 -27.523317 0.000000 0.000000 0.000000 0.000000 0.000000 0.000000 0.000000 0.000000 0.000000 
18.936010 86.209145 12.461658 3.431245 -9.855849 -16.379629 -3.188653 0.943780 7.582511 0.193314 0.046117 1.550171 -2.921764 0.215788 17.558834 -1.019321 -0.561775 0.861481 6.978720 0.778016 8.950398 -2.807122 0.050874 -8.400535 1.048771 3.512685 -24.556860 0.000000 0.000000 0.000000 97.672134 -0.936049 4.521607 64.642220 -13.210171 4.103179 2.324800 29.230398 39.353153 -17.486605 12.705935 -13.964896 3.860741 -0.735638 43.285923 0.000017 0.000016 -9.037743 0.000005 0.000051 -6.291243 0.000015 0.000014 -0.000039 -20.933714 0.293529 2.222003 -0.308273 0.034336 0.194298 -0.462154 0.054615 0.166512 -0.000013 0.000018 -0.000008 -20.970272 0.109519 -2.825664 -0.427710 -0.006130 0.067868 -0.353231 0.009833 0.081759 -0.000011 0.000050 0.000001 -19.807302 -0.131689 -9.396406 -0.251182 0.025901 -0.203515 -0.419968 -0.003900 -0.164230 -0.000016 0.000727 0.000049 -16.369081 -0.268893 -16.648726 -0.193660 0.097679 -0.691554 -0.212574 -0.004439 -0.645208 -0.000665 -0.000009 -0.000043 0.000000 0.000000 0.000000 0.000000 0.000000 0.000000 -95.047073 0.492646 3.349363 -64.591179 5.568358 0.512327 -5.027879 -24.143494 53.419998 18.669237 -28.504646 -19.118561 -3.060613 0.695501 43.543751 0.000002 0.000010 -7.366225 -0.000209 -0.000031 -5.061001 -0.000046 -0.000014 -0.001081 23.355362 0.255655 -3.847719 1.042596 0.056510 0.155837 0.744546 0.077369 0.086503 0.000010 0.000990 -0.000012 20.461161 0.117995 -7.921474 0.559869 -0.003186 0.023285 0.699559 0.016311 0.016955 0.000141 -0.000051 -0.000087 15.132833 -0.070493 -11.812457 -0.133484 -0.004421 -0.008941 -0.119594 -0.027626 0.023476 0.001566 0.000013 0.000002 10.345542 -0.156193 -15.575943 -1.378103 0.006770 0.064155 -1.294614 -0.077533 -0.002683 -0.001366 0.000004 -0.000029 0.000000 0.000000 0.000000 0.000000 0.000000 0.000000 -13.729453 8.808918 8.881095 -0.503431 -1.327675 21.431969 6.361413 -4.905402 15.018482 -0.721753 -0.910221 -28.438217 0.000000 0.000000 0.000000 0.000000 0.000000 0.000000 0.000000 0.000000 0.000000 -2.189038 12.152459 18.974304 0.116306 0.672751 12.109864 4.674404 14.236786 12.586434 0.051146 0.490821 -27.524620 0.000000 0.000000 0.000000 0.000000 0.000000 0.000000 0.000000 0.000000 0.000000 
18.515739 86.266487 12.554451 3.219656 -9.837741 -16.408949 -3.083096 0.927009 7.616947 0.172968 0.044851 1.509499 -2.764810 0.105040 17.582556 -1.008957 -0.577655 0.859756 6.895328 0.813216 9.084114 -2.845377 0.050677 -8.336059 1.009007 3.517715 -24.549009 0.000000 0.000000 0.000000 97.669067 -0.930461 4.474494 64.461502 -13.138094 4.195584 2.329256 29.206932 39.522038 -17.537098 12.367163 -14.071266 3.810193 -0.725299 43.312107 0.000017 0.000016 -8.906608 0.000005 0.000050 -6.198966 0.000015 0.000014 -0.000039 -21.204836 0.293076 2.316236 -0.287872 0.033860 0.192961 -0.440019 0.054500 0.164900 -0.000013 0.000018 -0.000008 -21.267223 0.109417 -2.746225 -0.405278 -0.006485 0.067611 -0.337683 0.009559 0.081719 -0.000011 0.000049 0.000001 -20.129017 -0.131903 -9.356741 -0.252412 0.026061 -0.204202 -0.418477 -0.003754 -0.164546 -0.000016 0.000752 0.000049 -16.698963 -0.270144 -16.627821 -0.211310 0.098806 -0.696814 -0.227043 -0.003809 -0.650787 -0.000661 -0.000009 -0.000043 0.000000 0.000000 0.000000 0.000000 0.000000 0.000000 -95.028664 0.500130 3.324823 -64.832100 5.622067 0.391423 -5.033895 -24.099035 53.416309 19.117558 -28.414961 -19.191956 -2.984700 0.682327 43.579590 0.000001 0.000010 -7.175134 -0.000209 -0.000031 -4.925962 -0.000042 -0.000015 -0.001132 23.733652 0.255304 -3.774292 1.061641 0.055446 0.149256 0.764398 0.076252 0.079785 0.000010 0.000995 -0.000012 20.879747 0.117686 -7.871098 0.587954 -0.003686 0.020098 0.723030 0.015905 0.014177 0.000091 -0.000051 -0.000084 15.624152 -0.069650 -11.807793 -0.066153 -0.003265 -0.003186 -0.054191 -0.026754 0.027627 0.001553 0.000013 0.000003 10.846101 -0.154252 -15.596246 -1.284250 0.009333 0.080745 -1.207662 -0.075369 0.011397 -0.001379 0.000004 -0.000029 0.000000 0.000000 0.000000 0.000000 0.000000 0.000000 -13.204366 8.821184 9.293852 -0.494637 -1.326925 21.058704 6.092077 -4.970191 14.955366 -0.701548 -0.877558 -28.395384 0.000000 0.000000 0.000000 0.000000 0.000000 0.000000 0.000000 0.000000 0.000000 -1.655332 11.945971 19.193310 0.123260 0.705006 12.100413 4.347034 14.110620 12.527045 0.093101 0.478709 -27.526703 0.000000 0.000000 0.000000 0.000000 0.000000 0.000000 0.000000 0.000000 0.000000 
18.087780 86.322578 12.647460 2.998647 -9.797994 -16.437397 -2.972059 0.909078 7.652789 0.153399 0.043420 1.469431 -2.599972 -0.007713 17.607214 -0.997214 -0.593293 0.857949 6.804832 0.847111 9.221052 -2.884975 0.045729 -8.269986 0.968766 3.522254 -24.539791 0.000000 0.000000 0.000000 97.665916 -0.923799 4.428232 64.276192 -13.069945 4.285667 2.334671 29.176264 39.663723 -17.597441 12.035141 -14.180572 3.755858 -0.714198 43.340176 0.000017 0.000016 -8.765328 0.000005 0.000050 -6.099638 0.000016 0.000014 -0.000039 -21.498133 0.292415 2.416836 -0.261626 0.033188 0.191187 -0.411395 0.054145 0.162784 -0.000013 0.000017 -0.000008 -21.584656 0.109261 -2.662550 -0.376564 -0.006900 0.067192 -0.315511 0.009216 0.081442 -0.000011 0.000048 0.000001 -20.472765 -0.132029 -9.316201 -0.247143 0.026334 -0.204513 -0.410250 -0.003534 -0.164544 -0.000016 0.000784 0.000049 -17.051308 -0.271590 -16.606943 -0.224156 0.100327 -0.701395 -0.236332 -0.002883 -0.655709 -0.000658 -0.000009 -0.000043 0.000000 0.000000 0.000000 0.000000 0.000000 0.000000 -95.006126 0.506849 3.302269 -65.072960 5.710121 0.264998 -5.039701 -24.037083 53.404903 19.605076 -28.277214 -19.263889 -2.903528 0.668226 43.617710 0.000001 0.000010 -6.971298 -0.000208 -0.000031 -4.782090 -0.000037 -0.000016 -0.001191 24.137117 0.254738 -3.691119 1.076283 0.053968 0.141753 0.779965 0.074770 0.072474 0.000010 0.000998 -0.000012 21.323534 0.117291 -7.813960 0.612938 -0.004311 0.016643 0.743567 0.015385 0.011197 0.000039 -0.000051 -0.000080 16.147612 -0.068806 -11.799311 0.001712 -0.001894 0.003141 0.011597 -0.025735 0.032123 0.001539 0.000013 0.000003 11.383576 -0.152668 -15.612692 -1.186487 0.012484 0.099114 -1.117349 -0.072758 0.026620 -0.001391 0.000003 -0.000029 0.000000 0.000000 0.000000 0.000000 0.000000 0.000000 -12.671198 8.813143 9.718012 -0.485671 -1.325438 20.686310 5.820580 -5.053261 14.893367 -0.681559 -0.845674 -28.353155 0.000000 0.000000 0.000000 0.000000 0.000000 0.000000 0.000000 0.000000 0.000000 -1.110994 11.719004 19.403273 0.130502 0.737252 12.104274 4.018512 13.958758 12.462666 0.134207 0.466913 -27.528938 0.000000 0.000000 0.000000 0.000000 0.000000 0.000000 0.000000 0.000000 0.000000 
17.653328 86.377190 12.740629 2.769227 -9.736300 -16.466066 -2.855583 0.890133 7.689827 0.135273 0.041557 1.432408 -2.427435 -0.122031 17.632616 -0.984770 -0.608309 0.857895 6.710461 0.878121 9.359146 -2.925963 0.035742 -8.204044 0.928597 3.526338 -24.530331 0.000000 0.000000 0.000000 97.662048 -0.915903 4.381873 64.094116 -13.001717 4.365158 2.340583 29.138708 39.788319 -17.678946 11.712593 -14.287755 3.697778 -0.702324 43.370106 0.000017 0.000016 -8.613995 0.000005 0.000050 -5.993432 0.000016 0.000014 -0.000039 -21.813126 0.291577 2.526776 -0.228786 0.032422 0.188779 -0.375600 0.053636 0.159961 -0.000013 0.000017 -0.000008 -21.921875 0.109044 -2.572842 -0.341176 -0.007339 0.066559 -0.286165 0.008827 0.080879 -0.000010 0.000048 0.000000 -20.838566 -0.132029 -9.273448 -0.235247 0.026684 -0.204418 -0.395370 -0.003270 -0.164212 -0.000016 0.000824 0.000050 -17.425840 -0.273083 -16.585157 -0.232206 0.102140 -0.705323 -0.240393 -0.001731 -0.660057 -0.000653 -0.000009 -0.000043 0.000000 0.000000 0.000000 0.000000 0.000000 0.000000 -94.979904 0.513082 3.279858 -65.318947 5.823617 0.131522 -5.044369 -23.963932 53.389015 20.133059 -28.109699 -19.330830 -2.816101 0.653001 43.658600 0.000000 0.000010 -6.752131 -0.000208 -0.000031 -4.627359 -0.000037 -0.000016 -0.001256 24.571848 0.253872 -3.592964 1.084683 0.052164 0.133776 0.789346 0.073025 0.064962 0.000010 0.000998 -0.000012 21.796909 0.116782 -7.745192 0.632599 -0.005024 0.013078 0.759189 0.014787 0.008169 -0.000015 -0.000051 -0.000076 16.705696 -0.067957 -11.782939 0.067431 -0.000375 0.009841 0.075185 -0.024613 0.036829 0.001528 0.000013 0.000003 11.958090 -0.151331 -15.622203 -1.087563 0.016079 0.118829 -1.026184 -0.069830 0.042653 -0.001402 0.000003 -0.000029 0.000000 0.000000 0.000000 0.000000 0.000000 0.000000 -12.130745 8.783083 10.152054 -0.476532 -1.323151 20.315569 5.547337 -5.152744 14.832539 -0.662028 -0.814526 -28.311604 0.000000 0.000000 0.000000 0.000000 0.000000 0.000000 0.000000 0.000000 0.000000 -0.556840 11.474983 19.604773 0.138009 0.769341 12.121963 3.688898 13.781447 12.391353 0.174264 0.455518 -27.530519 0.000000 0.000000 0.000000 0.000000 0.000000 0.000000 0.000000 0.000000 0.000000 
17.213762 86.430176 12.833911 2.532239 -9.652173 -16.495716 -2.733799 0.870093 7.727087 0.118559 0.039004 1.401158 -2.246545 -0.237842 17.657669 -0.971593 -0.622414 0.861819 6.614841 0.906976 9.496361 -2.968365 0.023219 -8.139713 0.888305 3.530206 -24.521938 0.000000 0.000000 0.000000 97.657715 -0.906828 4.334175 63.919495 -12.929105 4.429989 2.345940 29.094036 39.907246 -17.789394 11.396402 -14.384786 3.636288 -0.689790 43.401760 0.000017 0.000016 -8.453468 0.000005 0.000049 -5.880948 0.000016 0.000014 -0.000039 -22.149120 0.290553 2.648601 -0.190689 0.031740 0.185433 -0.333855 0.053142 0.156155 -0.000013 0.000016 -0.000008 -22.277140 0.108749 -2.475866 -0.300515 -0.007733 0.065584 -0.250962 0.008447 0.079919 -0.000010 0.000049 0.000000 -21.223927 -0.131886 -9.227806 -0.218235 0.027013 -0.203817 -0.375487 -0.003038 -0.163472 -0.000016 0.000870 0.000050 -17.818863 -0.274505 -16.562778 -0.236710 0.103972 -0.708333 -0.240581 -0.000570 -0.663662 -0.000648 -0.000009 -0.000043 0.000000 0.000000 0.000000 0.000000 0.000000 0.000000 -94.950874 0.519249 3.257159 -65.574501 5.952306 -0.009534 -5.047090 -23.887541 53.370590 20.697855 -27.929054 -19.389349 -2.722015 0.636479 43.702606 -0.000000 0.000010 -6.516106 -0.000207 -0.000031 -4.460691 -0.000040 -0.000017 -0.001324 25.044952 0.252646 -3.474640 1.084547 0.050218 0.126008 0.790205 0.071202 0.057829 0.000009 0.000996 -0.000012 22.304611 0.116146 -7.659798 0.644300 -0.005759 0.009669 0.767422 0.014171 0.005330 -0.000067 -0.000051 -0.000073 17.299374 -0.067129 -11.754511 0.128016 0.001166 0.016528 0.133841 -0.023473 0.041470 0.001523 0.000013 0.000003 12.567184 -0.150196 -15.622356 -0.990501 0.019806 0.138800 -0.936927 -0.066837 0.058676 -0.001411 0.000003 -0.000030 0.000000 0.000000 0.000000 0.000000 0.000000 0.000000 -11.584177 8.730607 10.594344 -0.467195 -1.319938 19.946358 5.273283 -5.267055 14.773321 -0.643120 -0.784231 -28.270657 0.000000 0.000000 0.000000 0.000000 0.000000 0.000000 0.000000 0.000000 0.000000 0.005960 11.217427 19.798412 0.145769 0.801172 12.153127 3.358567 13.579660 12.311845 0.213030 0.444561 -27.530489 0.000000 0.000000 0.000000 0.000000 0.000000 0.000000 0.000000 0.000000 0.000000 
16.770323 86.481445 12.927077 2.287819 -9.545799 -16.526499 -2.606118 0.848703 7.763142 0.101842 0.035871 1.378519 -2.055110 -0.355364 17.680250 -0.957224 -0.635181 0.871436 6.518491 0.936134 9.631216 -3.012207 0.012264 -8.078314 0.847083 3.534021 -24.516024 0.000000 0.000000 0.000000 97.654007 -0.896639 4.283871 63.751514 -12.850554 4.481567 2.350050 29.044094 40.029675 -17.933968 11.085793 -14.464357 3.572512 -0.676937 43.434494 0.000017 0.000016 -8.286635 0.000005 0.000049 -5.764033 0.000017 0.000014 -0.000039 -22.501284 0.289307 2.781541 -0.150895 0.031305 0.180885 -0.289604 0.052828 0.151147 -0.000013 0.000016 -0.000008 -22.643950 0.108357 -2.372469 -0.258189 -0.008020 0.064134 -0.213416 0.008138 0.078453 -0.000010 0.000050 0.000000 -21.620056 -0.131615 -9.179202 -0.199647 0.027215 -0.202580 -0.354267 -0.002920 -0.162229 -0.000016 0.000918 0.000050 -18.220327 -0.275810 -16.539480 -0.240707 0.105521 -0.709962 -0.240025 0.000359 -0.666116 -0.000641 -0.000010 -0.000043 0.000000 0.000000 0.000000 0.000000 0.000000 0.000000 -94.921082 0.526064 3.233950 -65.838234 6.087716 -0.154920 -5.047791 -23.814705 53.346771 21.291397 -27.750265 -19.435959 -2.621882 0.618646 43.749615 -0.000001 0.000010 -6.264127 -0.000207 -0.000031 -4.282820 -0.000048 -0.000017 -0.001395 25.558706 0.251031 -3.334303 1.074273 0.048345 0.119151 0.781109 0.069502 0.051658 0.000009 0.000990 -0.000013 22.846458 0.115382 -7.554987 0.646190 -0.006443 0.006713 0.766586 0.013599 0.002928 -0.000114 -0.000050 -0.000071 17.923166 -0.066362 -11.710842 0.180963 0.002596 0.022720 0.185413 -0.022415 0.045691 0.001527 0.000012 0.000004 13.201328 -0.149297 -15.611014 -0.898092 0.023286 0.157461 -0.852204 -0.064069 0.073556 -0.001420 0.000002 -0.000030 0.000000 0.000000 0.000000 0.000000 0.000000 0.000000 -11.032422 8.656753 11.042508 -0.457606 -1.315562 19.578907 4.999600 -5.395738 14.717018 -0.624755 -0.755184 -28.230364 0.000000 0.000000 0.000000 0.000000 0.000000 0.000000 0.000000 0.000000 0.000000 0.576454 10.950071 19.984482 0.153769 0.832644 12.196718 3.028568 13.356191 12.224950 0.250259 0.434139 -27.528585 0.000000 0.000000 0.000000 0.000000 0.000000 0.000000 0.000000 0.000000 0.000000 
16.324131 86.530853 13.019902 2.036332 -9.418322 -16.557924 -2.472028 0.825750 7.796046 0.083424 0.032410 1.365851 -1.851225 -0.474563 17.698511 -0.941057 -0.646133 0.887001 6.422028 0.967398 9.763003 -3.057244 0.006658 -8.020426 0.804381 3.537975 -24.513899 0.000000 0.000000 0.000000 97.652901 -0.885590 4.230403 63.585827 -12.766237 4.525479 2.352629 28.991920 40.162373 -18.112299 10.787630 -14.523828 3.508861 -0.664286 43.467094 0.000017 0.000015 -8.119427 0.000005 0.000049 -5.646701 0.000017 0.000014 -0.000039 -22.858795 0.287817 2.922420 -0.113771 0.031308 0.174890 -0.247100 0.052902 0.144753 -0.000013 0.000015 -0.000008 -23.010023 0.107871 -2.265038 -0.218473 -0.008124 0.062058 -0.177668 0.007983 0.076372 -0.000010 0.000051 0.000000 -22.011736 -0.131270 -9.128302 -0.183501 0.027147 -0.200543 -0.335783 -0.003020 -0.160358 -0.000016 0.000966 0.000050 -18.613855 -0.277038 -16.515388 -0.247565 0.106368 -0.709514 -0.242135 0.000691 -0.666815 -0.000633 -0.000010 -0.000044 0.000000 0.000000 0.000000 0.000000 0.000000 0.000000 -94.893547 0.534188 3.210855 -66.104919 6.225979 -0.300228 -5.046545 -23.749596 53.315430 21.903513 -27.586466 -19.471016 -2.518147 0.599786 43.798721 -0.000001 0.000010 -6.001777 -0.000208 -0.000031 -4.097841 -0.000060 -0.000018 -0.001464 26.106304 0.249088 -3.172427 1.052957 0.046790 0.113852 0.761410 0.068147 0.046956 0.000009 0.000980 -0.000013 23.413931 0.114525 -7.430184 0.636997 -0.006998 0.004503 0.755504 0.013137 0.001181 -0.000151 -0.000050 -0.000069 18.563902 -0.065703 -11.650621 0.224288 0.003772 0.027931 0.228152 -0.021551 0.049126 0.001541 0.000012 0.000004 13.844233 -0.148685 -15.587488 -0.812904 0.026070 0.173144 -0.774416 -0.061868 0.086148 -0.001427 0.000002 -0.000030 0.000000 0.000000 0.000000 0.000000 0.000000 0.000000 -10.477295 8.564294 11.492730 -0.447764 -1.309891 19.214643 4.728426 -5.538762 14.664709 -0.606856 -0.727853 -28.190647 0.000000 0.000000 0.000000 0.000000 0.000000 0.000000 0.000000 0.000000 0.000000 1.152527 10.675097 20.162159 0.161992 0.863594 12.252510 2.700704 13.115506 12.132130 0.285610 0.424414 -27.524881 0.000000 0.000000 0.000000 0.000000 0.000000 0.000000 0.000000 0.000000 0.000000 
15.876040 86.578041 13.112230 1.778716 -9.272060 -16.589792 -2.331324 0.801230 7.823926 0.062201 0.028919 1.363252 -1.634164 -0.594881 17.712027 -0.922807 -0.654781 0.907840 6.326750 0.999851 9.890933 -3.103172 0.006830 -7.966507 0.760982 3.542323 -24.516438 0.000000 0.000000 0.000000 97.656273 -0.874322 4.174981 63.420250 -12.676244 4.566421 2.354041 28.940603 40.308464 -18.322693 10.516327 -14.567863 3.447604 -0.652339 43.498409 0.000016 0.000015 -7.957658 0.000005 0.000049 -5.532860 0.000017 0.000014 -0.000039 -23.208189 0.286036 3.066566 -0.082336 0.031818 0.167302 -0.209378 0.053450 0.136869 -0.000013 0.000014 -0.000009 -23.361511 0.107298 -2.156667 -0.184214 -0.008021 0.059253 -0.146383 0.008015 0.073617 -0.000010 0.000053 -0.000000 -22.383512 -0.130904 -9.075732 -0.171988 0.026737 -0.197565 -0.322215 -0.003391 -0.157765 -0.000016 0.001009 0.000051 -18.984116 -0.278264 -16.490078 -0.259139 0.106293 -0.706452 -0.248640 0.000206 -0.665309 -0.000625 -0.000010 -0.000044 0.000000 0.000000 0.000000 0.000000 0.000000 0.000000 -94.870972 0.544432 3.189025 -66.365814 6.370821 -0.440233 -5.043252 -23.692410 53.278130 22.529013 -27.444950 -19.500933 -2.413716 0.580445 43.848541 -0.000001 0.000010 -5.736738 -0.000208 -0.000031 -3.911077 -0.000075 -0.000018 -0.001528 26.671583 0.246890 -2.993178 1.021971 0.045661 0.110359 0.732733 0.067233 0.043862 0.000008 0.000965 -0.000013 23.990829 0.113611 -7.288425 0.617740 -0.007392 0.003175 0.735123 0.012814 0.000153 -0.000175 -0.000050 -0.000067 19.204023 -0.065152 -11.575258 0.258097 0.004641 0.031972 0.262271 -0.020934 0.051599 0.001560 0.000012 0.000004 14.477720 -0.148347 -15.552011 -0.735700 0.027936 0.185117 -0.704131 -0.060385 0.096034 -0.001433 0.000002 -0.000030 0.000000 0.000000 0.000000 0.000000 0.000000 0.000000 -9.921418 8.455666 11.941132 -0.437720 -1.302991 18.856041 4.462134 -5.696121 14.616839 -0.589418 -0.702671 -28.151636 0.000000 0.000000 0.000000 0.000000 0.000000 0.000000 0.000000 0.000000 0.000000 1.731169 10.392865 20.330366 0.170410 0.893808 12.320924 2.377045 12.861618 12.034884 0.318736 0.415558 -27.519871 0.000000 0.000000 0.000000 0.000000 0.000000 0.000000 0.000000 0.000000 0.000000 
15.426797 86.622536 13.203873 1.516157 -9.110354 -16.622131 -2.183692 0.775159 7.845712 0.037942 0.025592 1.369472 -1.403837 -0.716259 17.721024 -0.902329 -0.660934 0.933498 6.231818 1.031711 10.014696 -3.149973 0.010943 -7.916641 0.717979 3.547137 -24.524189 0.000000 0.000000 0.000000 97.665771 -0.863567 4.118687 63.253998 -12.582784 4.607315 2.355052 28.890882 40.467670 -18.558275 10.284656 -14.599958 3.389861 -0.641433 43.527653 0.000016 0.000015 -7.804578 0.000005 0.000048 -5.424579 0.000018 0.000014 -0.000039 -23.539373 0.283884 3.208252 -0.057610 0.032807 0.157955 -0.177523 0.054447 0.127372 -0.000013 0.000014 -0.000009 -23.688616 0.106636 -2.050553 -0.156222 -0.007719 0.055624 -0.120176 0.008240 0.070130 -0.000010 0.000056 -0.000000 -22.725735 -0.130558 -9.021506 -0.165083 0.025975 -0.193487 -0.313386 -0.004038 -0.154343 -0.000016 0.001045 0.000051 -19.322832 -0.279559 -16.461697 -0.275570 0.105278 -0.700292 -0.259530 -0.001110 -0.661164 -0.000620 -0.000010 -0.000044 0.000000 0.000000 0.000000 0.000000 0.000000 0.000000 -94.854927 0.557673 3.169017 -66.609352 6.529327 -0.568150 -5.037916 -23.639791 53.234020 23.157143 -27.325703 -19.532600 -2.310969 0.561262 43.897713 -0.000001 0.000010 -5.475875 -0.000208 -0.000031 -3.727006 -0.000092 -0.000019 -0.001584 27.235222 0.244454 -2.804775 0.984861 0.044935 0.108494 0.698883 0.066730 0.042166 0.000008 0.000944 -0.000013 24.558874 0.112637 -7.135980 0.591822 -0.007635 0.002696 0.708679 0.012618 -0.000224 -0.000181 -0.000050 -0.000065 19.825428 -0.064679 -11.487500 0.284173 0.005221 0.034865 0.289697 -0.020559 0.053089 0.001582 0.000012 0.000004 15.084398 -0.148204 -15.504676 -0.665936 0.028880 0.193370 -0.640569 -0.059595 0.103291 -0.001438 0.000002 -0.000030 0.000000 0.000000 0.000000 0.000000 0.000000 0.000000 -9.366343 8.332898 12.385013 -0.427479 -1.294876 18.505180 4.201438 -5.867080 14.573256 -0.572373 -0.680138 -28.113646 0.000000 0.000000 0.000000 0.000000 0.000000 0.000000 0.000000 0.000000 0.000000 2.310231 10.104695 20.489220 0.179001 0.923112 12.400224 2.058672 12.597299 11.935477 0.349473 0.407599 -27.514576 0.000000 0.000000 0.000000 0.000000 0.000000 0.000000 0.000000 0.000000 0.000000 
14.977187 86.663795 13.294630 1.250480 -8.936609 -16.654886 -2.029628 0.747590 7.861468 0.011050 0.022534 1.381194 -1.161345 -0.839455 17.726686 -0.879733 -0.664936 0.963244 6.136441 1.060343 10.133937 -3.197597 0.016061 -7.870327 0.676497 3.552325 -24.536097 0.000000 0.000000 0.000000 97.681740 -0.853918 4.061868 63.087975 -12.491721 4.647684 2.357005 28.842884 40.638325 -18.809246 10.096000 -14.619075 3.336675 -0.631668 43.554405 0.000016 0.000015 -7.662853 0.000005 0.000048 -5.323695 0.000018 0.000014 -0.000039 -23.846087 0.281329 3.342727 -0.037929 0.034308 0.146734 -0.150098 0.055908 0.116213 -0.000013 0.000013 -0.000009 -23.986418 0.105885 -1.949318 -0.132623 -0.007204 0.051113 -0.097039 0.008681 0.065895 -0.000009 0.000059 -0.000000 -23.035303 -0.130243 -8.966113 -0.160229 0.024810 -0.188202 -0.306496 -0.004982 -0.150025 -0.000016 0.001072 0.000051 -19.628067 -0.280891 -16.429602 -0.294507 0.103197 -0.690698 -0.272605 -0.003347 -0.654096 -0.000619 -0.000010 -0.000044 0.000000 0.000000 0.000000 0.000000 0.000000 0.000000 -94.844185 0.573988 3.150338 -66.828606 6.707932 -0.681174 -5.031231 -23.588297 53.185593 23.775980 -27.223377 -19.569778 -2.212266 0.542770 43.945011 -0.000001 0.000010 -5.225139 -0.000207 -0.000031 -3.549814 -0.000109 -0.000019 -0.001634 27.780899 0.241751 -2.614223 0.945294 0.044607 0.108141 0.663516 0.066631 0.041732 0.000007 0.000915 -0.000013 25.103483 0.111582 -6.978801 0.562903 -0.007726 0.003028 0.679599 0.012550 -0.000003 -0.000170 -0.000050 -0.000063 20.414986 -0.064224 -11.390641 0.304601 0.005516 0.036626 0.312684 -0.020421 0.053594 0.001604 0.000012 0.000004 15.653060 -0.148136 -15.447148 -0.602770 0.028856 0.197925 -0.582789 -0.059515 0.107936 -0.001442 0.000001 -0.000030 0.000000 0.000000 0.000000 0.000000 0.000000 0.000000 -8.813474 8.196491 12.822853 -0.417051 -1.285678 18.162663 3.945768 -6.049151 14.532751 -0.555753 -0.660381 -28.076666 0.000000 0.000000 0.000000 0.000000 0.000000 0.000000 0.000000 0.000000 0.000000 2.888364 9.812397 20.639338 0.187768 0.951425 12.486805 1.745174 12.323888 11.834964 0.377919 0.400412 -27.509352 0.000000 0.000000 0.000000 0.000000 0.000000 0.000000 0.000000 0.000000 0.000000 
14.528105 86.701553 13.383654 0.983669 -8.753440 -16.685474 -1.870258 0.718298 7.871834 -0.019284 0.020076 1.392837 -0.906928 -0.968676 17.729544 -0.855237 -0.668578 0.995504 6.037700 1.086346 10.246275 -3.246086 0.021947 -7.827389 0.635492 3.557474 -24.548607 0.000000 0.000000 0.000000 97.703773 -0.845770 4.000534 62.916283 -12.416104 4.687201 2.362290 28.796759 40.822491 -19.056299 9.926556 -14.618835 3.288499 -0.622955 43.578506 0.000016 0.000014 -7.534240 0.000005 0.000048 -5.231328 0.000018 0.000014 -0.000039 -24.126650 0.278442 3.466657 -0.022514 0.036384 0.133647 -0.126626 0.057879 0.103555 -0.000013 0.000012 -0.000009 -24.254658 0.105048 -1.854499 -0.112510 -0.006450 0.045723 -0.076027 0.009379 0.060981 -0.000009 0.000062 -0.000000 -23.314648 -0.129962 -8.909098 -0.156077 0.023154 -0.181721 -0.299929 -0.006256 -0.144818 -0.000016 0.001090 0.000051 -19.902920 -0.282121 -16.392086 -0.315096 0.099829 -0.677516 -0.287426 -0.006662 -0.643937 -0.000618 -0.000010 -0.000044 0.000000 0.000000 0.000000 0.000000 0.000000 0.000000 -94.835266 0.592475 3.129943 -67.020844 6.905805 -0.778251 -5.026381 -23.537271 53.138771 24.363913 -27.128397 -19.609552 -2.120824 0.525433 43.989193 -0.000001 0.000010 -4.991038 -0.000205 -0.000031 -3.384642 -0.000130 -0.000019 -0.001686 28.297718 0.238742 -2.427783 0.906855 0.044720 0.109363 0.630111 0.066977 0.042607 0.000007 0.000878 -0.000013 25.614765 0.110430 -6.822452 0.534346 -0.007645 0.004169 0.651306 0.012619 0.000806 -0.000143 -0.000050 -0.000062 20.962332 -0.063754 -11.288055 0.320281 0.005501 0.037130 0.332584 -0.020535 0.053055 0.001627 0.000012 0.000004 16.174627 -0.148049 -15.383093 -0.546886 0.027733 0.198345 -0.531531 -0.060238 0.109549 -0.001444 0.000001 -0.000030 0.000000 0.000000 0.000000 0.000000 0.000000 0.000000 -8.263596 8.046252 13.252338 -0.406364 -1.275531 17.825771 3.692626 -6.239075 14.495255 -0.539512 -0.643419 -28.041241 0.000000 0.000000 0.000000 0.000000 0.000000 0.000000 0.000000 0.000000 0.000000 3.465793 9.519981 20.779713 0.196737 0.978730 12.573599 1.435370 12.043947 11.735980 0.404329 0.393990 -27.504978 0.000000 0.000000 0.000000 0.000000 0.000000 0.000000 0.000000 0.000000 0.000000 
14.079715 86.734406 13.472629 0.716614 -8.564302 -16.721319 -1.707613 0.688896 7.880167 -0.047530 0.017799 1.404935 -0.650390 -1.096712 17.734385 -0.831799 -0.670118 1.029638 5.942093 1.094024 10.357085 -3.294959 0.011275 -7.784552 0.601727 3.561965 -24.561749 0.000000 0.000000 0.000000 97.726067 -0.836903 3.951634 62.770378 -12.349320 4.721001 2.369046 28.756771 40.991947 -19.339874 9.831104 -14.593031 3.241914 -0.614784 43.601421 0.000016 0.000014 -7.409672 0.000005 0.000048 -5.141610 0.000019 0.000014 -0.000039 -24.385489 0.275133 3.584744 -0.000912 0.038151 0.119987 -0.097721 0.059453 0.090191 -0.000013 0.000012 -0.000009 -24.499390 0.104136 -1.761924 -0.086401 -0.005808 0.040071 -0.048055 0.009977 0.055831 -0.000009 0.000067 -0.000000 -23.571644 -0.129599 -8.846751 -0.142279 0.021726 -0.174658 -0.284105 -0.007399 -0.139175 -0.000016 0.001093 0.000051 -20.158953 -0.283369 -16.344742 -0.325790 0.097071 -0.662959 -0.292539 -0.009582 -0.632543 -0.000621 -0.000011 -0.000043 0.000000 0.000000 0.000000 0.000000 0.000000 0.000000 -94.825172 0.611958 3.116635 -67.197205 7.131405 -0.861920 -5.019304 -23.488281 53.094780 24.979670 -27.047234 -19.665861 -2.032059 0.508945 44.031460 -0.000002 0.000011 -4.765045 -0.000203 -0.000031 -3.224095 -0.000150 -0.000020 -0.001743 28.786182 0.235416 -2.242687 0.871807 0.044590 0.110498 0.600513 0.067128 0.043539 0.000007 0.000835 -0.000013 26.097761 0.109151 -6.664348 0.509919 -0.007635 0.005373 0.626455 0.012639 0.001617 -0.000102 -0.000050 -0.000059 21.483620 -0.063154 -11.177398 0.336116 0.005650 0.037621 0.352848 -0.020572 0.052316 0.001642 0.000011 0.000004 16.670683 -0.147888 -15.306018 -0.493091 0.026944 0.198896 -0.481541 -0.060669 0.111147 -0.001442 0.000001 -0.000030 0.000000 0.000000 0.000000 0.000000 0.000000 0.000000 -7.719897 7.880247 13.674083 -0.395881 -1.264980 17.503212 3.443696 -6.440063 14.462556 -0.524494 -0.627804 -28.007582 0.000000 0.000000 0.000000 0.000000 0.000000 0.000000 0.000000 0.000000 0.000000 4.038418 9.218065 20.909149 0.205867 1.004979 12.676722 1.129255 11.754313 11.628559 0.428813 0.388046 -27.496731 0.000000 0.000000 0.000000 0.000000 0.000000 0.000000 0.000000 0.000000 0.000000 
13.633306 86.762177 13.560804 0.451461 -8.370607 -16.762669 -1.543261 0.658892 7.888257 -0.073846 0.015575 1.416552 -0.392755 -1.226355 17.738508 -0.808176 -0.670828 1.066363 5.844143 1.087178 10.464537 -3.344965 -0.014569 -7.742539 0.574211 3.566222 -24.573561 0.000000 0.000000 0.000000 97.747559 -0.827812 3.912351 62.649666 -12.288369 4.748317 2.376962 28.716173 41.142246 -19.639233 9.791972 -14.533176 3.196891 -0.606896 43.623360 0.000016 0.000014 -7.289381 0.000004 0.000048 -5.055071 0.000019 0.000014 -0.000039 -24.626499 0.271336 3.698315 0.027113 0.039734 0.105833 -0.062925 0.060727 0.076324 -0.000013 0.000011 -0.000009 -24.726540 0.103103 -1.670575 -0.053775 -0.005209 0.034208 -0.013129 0.010523 0.050491 -0.000009 0.000072 -0.000000 -23.814741 -0.129041 -8.780384 -0.119306 0.020403 -0.167160 -0.258863 -0.008452 -0.133225 -0.000015 0.001085 0.000051 -20.403570 -0.284115 -16.289549 -0.326047 0.094674 -0.647458 -0.287750 -0.012117 -0.620233 -0.000628 -0.000011 -0.000043 0.000000 0.000000 0.000000 0.000000 0.000000 0.000000 -94.809494 0.631363 3.108106 -67.366554 7.365255 -0.935508 -5.011486 -23.443485 53.049728 25.579828 -26.979477 -19.726446 -1.945705 0.493108 44.072159 -0.000002 0.000011 -4.544832 -0.000200 -0.000031 -3.067170 -0.000166 -0.000020 -0.001805 29.249926 0.231543 -2.061523 0.842204 0.044224 0.111426 0.576683 0.067086 0.044393 0.000006 0.000786 -0.000013 26.558607 0.107626 -6.507968 0.492143 -0.007680 0.006554 0.608092 0.012612 0.002414 -0.000052 -0.000050 -0.000057 21.985514 -0.062345 -11.062436 0.355136 0.005900 0.038108 0.377117 -0.020533 0.051462 0.001657 0.000011 0.000005 17.150448 -0.147294 -15.220778 -0.438562 0.026303 0.199504 -0.429706 -0.060854 0.112566 -0.001436 0.000001 -0.000030 0.000000 0.000000 0.000000 0.000000 0.000000 0.000000 -7.184762 7.697280 14.088149 -0.385488 -1.253884 17.193598 3.196737 -6.646244 14.432321 -0.510404 -0.613592 -27.975185 0.000000 0.000000 0.000000 0.000000 0.000000 0.000000 0.000000 0.000000 0.000000 4.606444 8.916960 21.029425 0.215145 1.030386 12.791945 0.826232 11.457052 11.513224 0.451891 0.382430 -27.484509 0.000000 0.000000 0.000000 0.000000 0.000000 0.000000 0.000000 0.000000 0.000000 
13.190342 86.785690 13.646453 0.189746 -8.172675 -16.804747 -1.377176 0.627747 7.894691 -0.101170 0.013975 1.425106 -0.132334 -1.360546 17.738316 -0.783497 -0.671781 1.104450 5.741800 1.076212 10.569955 -3.395772 -0.044811 -7.701268 0.547754 3.569860 -24.583155 0.000000 0.000000 0.000000 97.769829 -0.818721 3.870675 62.536999 -12.242887 4.773450 2.389196 28.675766 41.287556 -19.899076 9.774128 -14.447989 3.156187 -0.599690 43.643002 0.000016 0.000014 -7.181201 0.000004 0.000048 -4.976631 0.000019 0.000014 -0.000039 -24.844198 0.267185 3.798194 0.054274 0.041373 0.091386 -0.029511 0.061994 0.062410 -0.000013 0.000010 -0.000009 -24.927834 0.101945 -1.589067 -0.021727 -0.004557 0.028173 0.021867 0.011147 0.045068 -0.000009 0.000077 -0.000000 -24.032253 -0.128313 -8.718684 -0.093927 0.018926 -0.159363 -0.230659 -0.009555 -0.127048 -0.000015 0.001068 0.000051 -20.622223 -0.284174 -16.236029 -0.321609 0.091919 -0.630557 -0.279492 -0.014832 -0.606541 -0.000635 -0.000011 -0.000042 0.000000 0.000000 0.000000 0.000000 0.000000 0.000000 -94.791962 0.650638 3.096090 -67.519791 7.604018 -0.996482 -5.005933 -23.403894 53.007046 26.113710 -26.930607 -19.777645 -1.866907 0.478242 44.109814 -0.000002 0.000011 -4.340368 -0.000197 -0.000031 -2.922167 -0.000181 -0.000020 -0.001874 29.680941 0.227238 -1.891232 0.815174 0.043920 0.112865 0.555826 0.067115 0.045758 0.000006 0.000731 -0.000013 26.987082 0.105900 -6.360028 0.477898 -0.007691 0.007976 0.593808 0.012608 0.003416 0.000001 -0.000050 -0.000056 22.451801 -0.061385 -10.949328 0.374019 0.006052 0.037961 0.402493 -0.020563 0.050138 0.001676 0.000011 0.000005 17.595526 -0.146350 -15.136699 -0.386960 0.025183 0.197959 -0.380127 -0.061290 0.112225 -0.001430 0.000000 -0.000030 0.000000 0.000000 0.000000 0.000000 0.000000 0.000000 -6.657609 7.501363 14.490724 -0.374935 -1.241908 16.894131 2.948186 -6.852919 14.404242 -0.496282 -0.601630 -27.944780 0.000000 0.000000 0.000000 0.000000 0.000000 0.000000 0.000000 0.000000 0.000000 5.169657 8.622746 21.138992 0.224606 1.055084 12.909246 0.526709 11.160418 11.396535 0.473906 0.377188 -27.471554 0.000000 0.000000 0.000000 0.000000 0.000000 0.000000 0.000000 0.000000 0.000000 
12.751089 86.804832 13.729018 -0.069023 -7.972153 -16.847509 -1.209775 0.596172 7.899832 -0.129413 0.013593 1.430762 0.129398 -1.498558 17.735254 -0.759593 -0.672773 1.140960 5.635048 1.060398 10.674956 -3.446525 -0.081392 -7.660352 0.521999 3.571621 -24.590130 0.000000 0.000000 0.000000 97.792015 -0.808338 3.829171 62.437473 -12.220859 4.797985 2.407703 28.643869 41.427757 -20.123713 9.786834 -14.348362 3.120595 -0.593487 43.659767 0.000017 0.000014 -7.087367 0.000004 0.000048 -4.907696 0.000019 0.000014 -0.000038 -25.033180 0.262696 3.880157 0.079518 0.042597 0.077782 0.000950 0.062832 0.049423 -0.000013 0.000009 -0.000010 -25.094526 0.100649 -1.520762 0.008094 -0.004049 0.022479 0.055272 0.011681 0.040005 -0.000009 0.000083 -0.000001 -24.212412 -0.127412 -8.662463 -0.067413 0.017635 -0.151852 -0.201272 -0.010490 -0.121076 -0.000015 0.001041 0.000051 -20.803734 -0.283684 -16.183144 -0.313512 0.089625 -0.613689 -0.268788 -0.017145 -0.592568 -0.000643 -0.000011 -0.000042 0.000000 0.000000 0.000000 0.000000 0.000000 0.000000 -94.775429 0.669467 3.082129 -67.655540 7.856328 -1.041560 -5.002762 -23.374348 52.976009 26.604393 -26.905825 -19.823996 -1.796409 0.464513 44.143993 -0.000002 0.000011 -4.154065 -0.000194 -0.000031 -2.790563 -0.000201 -0.000020 -0.001954 30.075483 0.222629 -1.731408 0.789246 0.043488 0.114355 0.536256 0.067027 0.047291 0.000006 0.000673 -0.000013 27.377361 0.104045 -6.219638 0.465409 -0.007752 0.009412 0.581636 0.012560 0.004414 0.000061 -0.000050 -0.000054 22.875196 -0.060289 -10.836230 0.390082 0.006295 0.037533 0.425762 -0.020554 0.048616 0.001697 0.000011 0.000005 17.996229 -0.145213 -15.051134 -0.340938 0.024139 0.195500 -0.335827 -0.061592 0.111124 -0.001421 0.000000 -0.000030 0.000000 0.000000 0.000000 0.000000 0.000000 0.000000 -6.138006 7.292402 14.880111 -0.364343 -1.229157 16.606623 2.697957 -7.066019 14.381586 -0.482035 -0.591821 -27.918398 0.000000 0.000000 0.000000 0.000000 0.000000 0.000000 0.000000 0.000000 0.000000 5.727278 8.331035 21.234053 0.234232 1.079058 13.032678 0.231199 10.867534 11.279832 0.494832 0.372549 -27.458572 0.000000 0.000000 0.000000 0.000000 0.000000 0.000000 0.000000 0.000000 0.000000 
12.316085 86.819427 13.807835 -0.324520 -7.770318 -16.890011 -1.042449 0.564508 7.904153 -0.157636 0.014403 1.433498 0.391100 -1.641174 17.729359 -0.736792 -0.674515 1.174438 5.520569 1.041759 10.777361 -3.496869 -0.124820 -7.621032 0.496115 3.570966 -24.594387 0.000000 0.000000 0.000000 97.814278 -0.796532 3.788705 62.352371 -12.223484 4.823837 2.432140 28.621300 41.563671 -20.315783 9.818697 -14.241526 3.090352 -0.588351 43.673477 0.000017 0.000014 -7.008633 0.000004 0.000049 -4.849001 0.000019 0.000014 -0.000038 -25.191507 0.257924 3.946952 0.103115 0.043173 0.065892 0.028744 0.063049 0.038148 -0.000013 0.000009 -0.000010 -25.224651 0.099204 -1.462887 0.035497 -0.003782 0.017538 0.086391 0.012034 0.035655 -0.000009 0.000089 -0.000001 -24.355213 -0.126342 -8.608584 -0.041213 0.016711 -0.145134 -0.172147 -0.011137 -0.115703 -0.000015 0.001005 0.000051 -20.950111 -0.282674 -16.126474 -0.303582 0.088219 -0.598344 -0.257197 -0.018694 -0.579511 -0.000651 -0.000011 -0.000041 0.000000 0.000000 0.000000 0.000000 0.000000 0.000000 -94.760963 0.687511 3.068499 -67.778427 8.115695 -1.068727 -5.002332 -23.356882 52.957447 27.041208 -26.896704 -19.860754 -1.734226 0.451956 44.174675 -0.000003 0.000012 -3.985937 -0.000190 -0.000031 -2.672206 -0.000225 -0.000021 -0.002040 30.433323 0.217796 -1.582490 0.763786 0.042808 0.115364 0.517190 0.066694 0.048540 0.000006 0.000612 -0.000013 27.729332 0.102106 -6.086905 0.454005 -0.007908 0.010598 0.571029 0.012422 0.005199 0.000125 -0.000050 -0.000052 23.256363 -0.059071 -10.721869 0.402762 0.006731 0.037219 0.446108 -0.020427 0.047215 0.001719 0.000010 0.000005 18.352905 -0.143914 -14.960936 -0.300490 0.023526 0.193543 -0.296972 -0.061490 0.110284 -0.001410 -0.000000 -0.000030 0.000000 0.000000 0.000000 0.000000 0.000000 0.000000 -5.625495 7.071507 15.254225 -0.353769 -1.215589 16.333086 2.445395 -7.290259 14.364837 -0.467497 -0.584140 -27.897318 0.000000 0.000000 0.000000 0.000000 0.000000 0.000000 0.000000 0.000000 0.000000 6.278626 8.042068 21.311241 0.244005 1.102391 13.164610 -0.060039 10.580215 11.165425 0.514680 0.368755 -27.446648 0.000000 0.000000 0.000000 0.000000 0.000000 0.000000 0.000000 0.000000 0.000000 
11.885937 86.829582 13.881506 -0.576303 -7.567918 -16.929428 -0.876746 0.532664 7.907714 -0.185367 0.016232 1.432957 0.651931 -1.790247 17.717779 -0.714106 -0.678054 1.202815 5.397747 1.024505 10.873066 -3.545895 -0.171471 -7.584870 0.467683 3.567751 -24.595284 0.000000 0.000000 0.000000 97.836052 -0.784035 3.745857 62.273579 -12.252427 4.850519 2.462350 28.606531 41.705685 -20.464733 9.837801 -14.142131 3.067857 -0.584589 43.683121 0.000017 0.000014 -6.951200 0.000004 0.000049 -4.805163 0.000019 0.000015 -0.000038 -25.310581 0.253039 4.000896 0.123992 0.043159 0.056458 0.052870 0.062749 0.029314 -0.000013 0.000008 -0.000010 -25.310390 0.097635 -1.413651 0.058988 -0.003729 0.013669 0.113271 0.012224 0.032320 -0.000009 0.000095 -0.000001 -24.455557 -0.125117 -8.556273 -0.018285 0.016097 -0.139620 -0.145927 -0.011519 -0.111257 -0.000015 0.000966 0.000051 -21.057661 -0.281041 -16.065086 -0.294629 0.087424 -0.585310 -0.247770 -0.019664 -0.568115 -0.000657 -0.000012 -0.000041 0.000000 0.000000 0.000000 0.000000 0.000000 0.000000 -94.747803 0.703720 3.054991 -67.896019 8.369413 -1.078440 -5.006403 -23.348879 52.950790 27.385986 -26.878273 -19.872892 -1.682618 0.440786 44.201214 -0.000003 0.000012 -3.840495 -0.000187 -0.000031 -2.570732 -0.000257 -0.000021 -0.002124 30.749813 0.212850 -1.446428 0.736166 0.041982 0.115828 0.495660 0.066201 0.049368 0.000006 0.000552 -0.000013 28.039661 0.100155 -5.964425 0.440916 -0.008112 0.011443 0.559709 0.012218 0.005695 0.000186 -0.000050 -0.000051 23.593178 -0.057755 -10.608591 0.410627 0.007298 0.037126 0.462164 -0.020208 0.046068 0.001744 0.000010 0.000005 18.664846 -0.142430 -14.868059 -0.265575 0.023233 0.192543 -0.263964 -0.061048 0.110044 -0.001396 -0.000000 -0.000030 0.000000 0.000000 0.000000 0.000000 0.000000 0.000000 -5.118088 6.841503 15.609785 -0.343140 -1.200986 16.074991 2.188045 -7.527800 14.353324 -0.452082 -0.578749 -27.882097 0.000000 0.000000 0.000000 0.000000 0.000000 0.000000 0.000000 0.000000 0.000000 6.823667 7.756749 21.367725 0.253948 1.125357 13.303482 -0.347239 10.302457 11.056886 0.533750 0.365943 -27.437553 0.000000 0.000000 0.000000 0.000000 0.000000 0.000000 0.000000 0.000000 0.000000 
11.460855 86.835495 13.949454 -0.824098 -7.366337 -16.964069 -0.713730 0.500779 7.909912 -0.211704 0.018967 1.429954 0.909146 -1.944342 17.698849 -0.691557 -0.683295 1.223942 5.272343 1.006761 10.958594 -3.592537 -0.222112 -7.553183 0.436957 3.562509 -24.593084 0.000000 0.000000 0.000000 97.856392 -0.771325 3.702588 62.199543 -12.308787 4.875033 2.497471 28.599924 41.852570 -20.569588 9.844070 -14.071211 3.053669 -0.582576 43.688103 0.000017 0.000014 -6.917029 0.000004 0.000049 -4.777529 0.000019 0.000015 -0.000038 -25.381298 0.248187 4.044207 0.141080 0.042306 0.050446 0.072176 0.061733 0.023671 -0.000013 0.000007 -0.000010 -25.344191 0.096004 -1.371318 0.077425 -0.003979 0.011234 0.134319 0.012164 0.030297 -0.000009 0.000101 -0.000001 -24.505234 -0.123780 -8.504960 0.000153 0.015945 -0.135601 -0.123867 -0.011554 -0.107979 -0.000015 0.000930 0.000051 -21.118410 -0.278808 -15.999187 -0.286728 0.087474 -0.574862 -0.240959 -0.019888 -0.558756 -0.000661 -0.000012 -0.000041 0.000000 0.000000 0.000000 0.000000 0.000000 0.000000 -94.737625 0.717887 3.045135 -68.014725 8.611863 -1.072620 -5.014837 -23.348228 52.956562 27.624680 -26.827419 -19.850737 -1.642287 0.431412 44.222992 -0.000003 0.000012 -3.720771 -0.000184 -0.000030 -2.487833 -0.000293 -0.000021 -0.002198 31.014477 0.207997 -1.328827 0.704668 0.040904 0.115176 0.469707 0.065427 0.049161 0.000006 0.000501 -0.000013 28.299660 0.098294 -5.857570 0.424391 -0.008403 0.011658 0.545857 0.011912 0.005660 0.000240 -0.000050 -0.000051 23.878904 -0.056357 -10.501191 0.413532 0.008066 0.037627 0.473577 -0.019838 0.045461 0.001769 0.000009 0.000005 18.928209 -0.140721 -14.775246 -0.234340 0.023549 0.193761 -0.235190 -0.060032 0.111458 -0.001382 -0.000001 -0.000030 0.000000 0.000000 0.000000 0.000000 0.000000 0.000000 -4.614268 6.605471 15.943508 -0.332532 -1.185342 15.834492 1.924607 -7.781255 14.347042 -0.435425 -0.575607 -27.872826 0.000000 0.000000 0.000000 0.000000 0.000000 0.000000 0.000000 0.000000 0.000000 7.361156 7.471913 21.401352 0.264037 1.148117 13.450267 -0.630874 10.036010 10.956856 0.552378 0.364066 -27.431957 0.000000 0.000000 0.000000 0.000000 0.000000 0.000000 0.000000 0.000000 0.000000 
11.040837 86.837593 14.011523 -1.067368 -7.167511 -16.991615 -0.554038 0.468629 7.909909 -0.234908 0.022088 1.425443 1.159764 -2.100873 17.671427 -0.669088 -0.689931 1.236666 5.150181 0.987070 11.030186 -3.636213 -0.277123 -7.526976 0.405170 3.556298 -24.587286 0.000000 0.000000 0.000000 97.876472 -0.759328 3.661227 62.130936 -12.391190 4.893437 2.536514 28.597412 41.990654 -20.630795 9.855712 -14.050269 3.047460 -0.582370 43.688602 0.000017 0.000015 -6.904318 0.000005 0.000049 -4.764945 0.000019 0.000015 -0.000038 -25.400475 0.243420 4.078033 0.154658 0.040682 0.047901 0.086811 0.060109 0.021175 -0.000013 0.000006 -0.000011 -25.326647 0.094380 -1.334821 0.091369 -0.004502 0.010232 0.149713 0.011863 0.029538 -0.000009 0.000107 -0.000001 -24.504171 -0.122409 -8.454514 0.013924 0.016185 -0.132946 -0.105912 -0.011305 -0.105816 -0.000015 0.000903 0.000051 -21.130529 -0.276019 -15.929878 -0.279276 0.088066 -0.566468 -0.236158 -0.019584 -0.551164 -0.000664 -0.000012 -0.000040 0.000000 0.000000 0.000000 0.000000 0.000000 0.000000 -94.733589 0.731117 3.043970 -68.133392 8.842991 -1.055068 -5.025606 -23.352123 52.967388 27.748421 -26.736717 -19.793224 -1.613388 0.424195 44.239571 -0.000003 0.000013 -3.628911 -0.000180 -0.000030 -2.424470 -0.000329 -0.000021 -0.002251 31.216629 0.203418 -1.239365 0.668437 0.039665 0.113355 0.438396 0.064448 0.047693 0.000006 0.000463 -0.000013 28.500031 0.096599 -5.774742 0.403323 -0.008751 0.011197 0.527674 0.011533 0.005056 0.000284 -0.000050 -0.000050 24.106066 -0.054877 -10.406987 0.411702 0.008950 0.038729 0.480260 -0.019359 0.045405 0.001793 0.000009 0.000005 19.138741 -0.138571 -14.686254 -0.205223 0.024332 0.197242 -0.209084 -0.058571 0.114739 -0.001368 -0.000001 -0.000030 0.000000 0.000000 0.000000 0.000000 0.000000 0.000000 -4.113698 6.365691 16.253891 -0.322058 -1.168913 15.608470 1.654530 -8.048023 14.344385 -0.417537 -0.574438 -27.868246 0.000000 0.000000 0.000000 0.000000 0.000000 0.000000 0.000000 0.000000 0.000000 7.890112 7.186276 21.411791 0.274207 1.170693 13.603004 -0.911724 9.778863 10.868539 0.570725 0.362903 -27.430517 0.000000 0.000000 0.000000 0.000000 0.000000 0.000000 0.000000 0.000000 0.000000 
10.625111 86.836578 14.068083 -1.306932 -6.972887 -17.010174 -0.397205 0.435707 7.907111 -0.253624 0.025046 1.420584 1.402750 -2.257258 17.634455 -0.646065 -0.697228 1.241889 5.034999 0.967972 11.088316 -3.676748 -0.332466 -7.504121 0.372475 3.550573 -24.577164 0.000000 0.000000 0.000000 97.899086 -0.748923 3.622712 62.067604 -12.496634 4.902741 2.578267 28.591024 42.104122 -20.645317 9.886707 -14.086466 3.048282 -0.583912 43.685204 0.000017 0.000016 -6.909305 0.000005 0.000049 -4.764580 0.000019 0.000015 -0.000038 -25.368986 0.238830 4.098917 0.163046 0.038561 0.048161 0.095029 0.058165 0.021232 -0.000013 0.000006 -0.000011 -25.262100 0.092859 -1.307830 0.099785 -0.005196 0.010376 0.158330 0.011408 0.029744 -0.000008 0.000113 -0.000001 -24.454659 -0.121142 -8.409301 0.021200 0.016619 -0.131274 -0.093661 -0.010914 -0.104501 -0.000015 0.000893 0.000051 -21.093210 -0.272939 -15.863223 -0.274021 0.088615 -0.559138 -0.235040 -0.019196 -0.544641 -0.000668 -0.000012 -0.000040 0.000000 0.000000 0.000000 0.000000 0.000000 0.000000 -94.737961 0.744464 3.056847 -68.247757 9.076985 -1.033068 -5.035556 -23.356110 52.971123 27.751144 -26.609846 -19.703506 -1.596032 0.419316 44.250633 -0.000004 0.000013 -3.566637 -0.000177 -0.000030 -2.381561 -0.000358 -0.000022 -0.002277 31.349724 0.199310 -1.186550 0.626338 0.038492 0.110764 0.400862 0.063468 0.045209 0.000006 0.000442 -0.000013 28.634193 0.095157 -5.723258 0.376250 -0.009088 0.010251 0.502813 0.011155 0.004053 0.000318 -0.000050 -0.000050 24.267303 -0.053397 -10.333352 0.404912 0.009772 0.040025 0.481537 -0.018893 0.045602 0.001814 0.000008 0.000005 19.290178 -0.136034 -14.606371 -0.177820 0.025123 0.201551 -0.185555 -0.057074 0.118964 -0.001356 -0.000001 -0.000031 0.000000 0.000000 0.000000 0.000000 0.000000 0.000000 -3.614985 6.126215 16.541687 -0.311783 -1.152074 15.390463 1.377851 -8.321519 14.344059 -0.398690 -0.574722 -27.866121 0.000000 0.000000 0.000000 0.000000 0.000000 0.000000 0.000000 0.000000 0.000000 8.411241 6.900343 21.401203 0.284398 1.193055 13.757271 -1.190835 9.529182 10.793926 0.589068 0.362317 -27.433025 0.000000 0.000000 0.000000 0.000000 0.000000 0.000000 0.000000 0.000000 0.000000 
10.212335 86.832977 14.120234 -1.544541 -6.782895 -17.020424 -0.241984 0.401653 7.902083 -0.267471 0.027481 1.415913 1.638739 -2.410955 17.590433 -0.622915 -0.704018 1.241379 4.925856 0.954820 11.135837 -3.714196 -0.381986 -7.482010 0.338632 3.546573 -24.561905 0.000000 0.000000 0.000000 97.925957 -0.740984 3.588396 62.012016 -12.619457 4.899557 2.622417 28.575209 42.176964 -20.609241 9.944272 -14.172024 3.053947 -0.587012 43.678890 0.000017 0.000017 -6.926181 0.000006 0.000048 -4.771828 0.000019 0.000015 -0.000038 -25.294310 0.234510 4.101176 0.163422 0.036007 0.050736 0.094274 0.055970 0.023435 -0.000013 0.000005 -0.000012 -25.159216 0.091536 -1.296470 0.100693 -0.006043 0.011456 0.158316 0.010828 0.030687 -0.000008 0.000118 -0.000001 -24.362104 -0.120081 -8.376405 0.020136 0.017199 -0.130317 -0.088988 -0.010430 -0.103805 -0.000015 0.000900 0.000051 -21.009483 -0.269906 -15.808267 -0.273190 0.089037 -0.552309 -0.239591 -0.018804 -0.538729 -0.000670 -0.000012 -0.000040 0.000000 0.000000 0.000000 0.000000 0.000000 0.000000 -94.751892 0.758246 3.086885 -68.352318 9.334148 -1.013149 -5.041770 -23.351227 52.954384 27.641884 -26.448742 -19.586567 -1.589334 0.416832 44.256214 -0.000004 0.000014 -3.533631 -0.000173 -0.000030 -2.358603 -0.000370 -0.000022 -0.002277 31.409712 0.195805 -1.174134 0.578718 0.037406 0.107410 0.357812 0.062498 0.041712 0.000006 0.000435 -0.000013 28.697990 0.094016 -5.706324 0.343664 -0.009421 0.008884 0.471211 0.010788 0.002728 0.000350 -0.000050 -0.000051 24.358137 -0.052019 -10.284213 0.394715 0.010504 0.041307 0.478556 -0.018468 0.045875 0.001835 0.000007 0.000005 19.378927 -0.133486 -14.538250 -0.150432 0.025787 0.205700 -0.163426 -0.055686 0.123369 -0.001345 -0.000002 -0.000031 0.000000 0.000000 0.000000 0.000000 0.000000 0.000000 -3.117584 5.889525 16.810011 -0.301778 -1.135338 15.174204 1.095766 -8.594332 14.346149 -0.379481 -0.575760 -27.864544 0.000000 0.000000 0.000000 0.000000 0.000000 0.000000 0.000000 0.000000 0.000000 8.926211 6.617389 21.373602 0.294492 1.214967 13.909822 -1.468559 9.286974 10.731633 0.607656 0.362603 -27.437471 0.000000 0.000000 0.000000 0.000000 0.000000 0.000000 0.000000 0.000000 0.000000 
9.801458 86.826874 14.169092 -1.780466 -6.596907 -17.024200 -0.087955 0.366539 7.896207 -0.276732 0.029057 1.411486 1.868444 -2.560600 17.543825 -0.600666 -0.709987 1.236530 4.821149 0.950913 11.174091 -3.748694 -0.421741 -7.460232 0.303788 3.544684 -24.540583 0.000000 0.000000 0.000000 97.957802 -0.736721 3.558174 61.965263 -12.750421 4.881054 2.669203 28.550173 42.202389 -20.519852 10.024942 -14.292798 3.062563 -0.591153 43.670826 0.000017 0.000018 -6.949887 0.000006 0.000048 -4.783066 0.000019 0.000015 -0.000038 -25.190813 0.230481 4.082392 0.156683 0.033159 0.055217 0.085855 0.053664 0.027467 -0.000013 0.000005 -0.000012 -25.032499 0.090469 -1.303942 0.095618 -0.006984 0.013297 0.151317 0.010173 0.032195 -0.000008 0.000122 -0.000001 -24.239317 -0.119224 -8.360403 0.012010 0.017826 -0.129912 -0.090709 -0.009914 -0.103575 -0.000015 0.000922 0.000050 -20.890663 -0.267000 -15.771263 -0.276492 0.089206 -0.545834 -0.249249 -0.018529 -0.533287 -0.000670 -0.000012 -0.000039 0.000000 0.000000 0.000000 0.000000 0.000000 0.000000 -94.774658 0.771894 3.134133 -68.444260 9.626275 -0.999937 -5.043217 -23.328840 52.906681 27.430559 -26.256628 -19.451141 -1.591980 0.416562 44.256783 -0.000004 0.000014 -3.527592 -0.000169 -0.000029 -2.354078 -0.000364 -0.000022 -0.002257 31.399485 0.192890 -1.199389 0.527525 0.036375 0.103085 0.311299 0.061518 0.037029 0.000006 0.000437 -0.000013 28.695009 0.093134 -5.721923 0.307862 -0.009767 0.007060 0.435044 0.010422 0.001060 0.000382 -0.000050 -0.000051 24.384295 -0.050784 -10.259168 0.384214 0.011160 0.042648 0.474268 -0.018073 0.046258 0.001856 0.000007 0.000005 19.412477 -0.131201 -14.481658 -0.120502 0.026275 0.209649 -0.140644 -0.054452 0.127791 -0.001332 -0.000002 -0.000031 0.000000 0.000000 0.000000 0.000000 0.000000 0.000000 -2.624060 5.655279 17.061819 -0.292087 -1.119065 14.955829 0.810508 -8.859874 14.350310 -0.360578 -0.576929 -27.861919 0.000000 0.000000 0.000000 0.000000 0.000000 0.000000 0.000000 0.000000 0.000000 9.435342 6.343148 21.331705 0.304348 1.236179 14.060479 -1.744232 9.052458 10.677777 0.626526 0.364114 -27.441372 0.000000 0.000000 0.000000 0.000000 0.000000 0.000000 0.000000 0.000000 0.000000 
9.391850 86.818062 14.215212 -2.012862 -6.413690 -17.021837 0.063647 0.330654 7.889697 -0.282741 0.029471 1.407528 2.093165 -2.707646 17.497507 -0.579555 -0.716517 1.229248 4.721658 0.955672 11.202560 -3.780295 -0.450537 -7.439750 0.268127 3.544519 -24.512930 0.000000 0.000000 0.000000 97.996735 -0.737543 3.528825 61.922470 -12.882536 4.844486 2.718098 28.517305 42.196522 -20.380997 10.108069 -14.432394 3.073775 -0.595832 43.661663 0.000017 0.000018 -6.979143 0.000007 0.000048 -4.797571 0.000019 0.000015 -0.000038 -25.069429 0.226661 4.043335 0.147082 0.030361 0.060855 0.074459 0.051579 0.032690 -0.000013 0.000004 -0.000012 -24.892633 0.089648 -1.330351 0.088865 -0.007880 0.015605 0.141850 0.009546 0.034013 -0.000007 0.000125 -0.000000 -24.098877 -0.118501 -8.362222 -0.000877 0.018282 -0.129877 -0.096442 -0.009493 -0.103664 -0.000015 0.000955 0.000050 -20.749865 -0.264052 -15.753414 -0.284035 0.088719 -0.539705 -0.263652 -0.018673 -0.528307 -0.000667 -0.000012 -0.000039 0.000000 0.000000 0.000000 0.000000 0.000000 0.000000 -94.803360 0.784337 3.196594 -68.524544 9.958797 -0.996935 -5.040182 -23.284168 52.828186 27.126320 -26.031700 -19.309841 -1.602477 0.418048 44.253262 -0.000005 0.000015 -3.544204 -0.000166 -0.000029 -2.365380 -0.000339 -0.000022 -0.002223 31.333750 0.190415 -1.251851 0.475247 0.035476 0.097930 0.263730 0.060619 0.031343 0.000006 0.000442 -0.000013 28.640280 0.092426 -5.761449 0.271335 -0.010090 0.004851 0.397069 0.010080 -0.000886 0.000419 -0.000050 -0.000051 24.362259 -0.049694 -10.253139 0.376567 0.011684 0.044095 0.472001 -0.017729 0.046779 0.001882 0.000006 0.000005 19.407333 -0.129217 -14.435131 -0.085667 0.026403 0.213595 -0.115249 -0.053499 0.132256 -0.001319 -0.000002 -0.000031 0.000000 0.000000 0.000000 0.000000 0.000000 0.000000 -2.138571 5.422368 17.298212 -0.282745 -1.103478 14.733424 0.525150 -9.114343 14.354132 -0.342555 -0.577685 -27.856134 0.000000 0.000000 0.000000 0.000000 0.000000 0.000000 0.000000 0.000000 0.000000 9.937761 6.082563 21.275278 0.313906 1.256549 14.210899 -2.017493 8.824990 10.629082 0.645413 0.366984 -27.443691 0.000000 0.000000 0.000000 0.000000 0.000000 0.000000 0.000000 0.000000 0.000000 
8.983500 86.806099 14.258880 -2.238901 -6.232456 -17.013796 0.211006 0.294543 7.882174 -0.286839 0.028548 1.405089 2.312920 -2.852899 17.453592 -0.559722 -0.724995 1.221075 4.629213 0.964394 11.220206 -3.808646 -0.471143 -7.422550 0.232963 3.545273 -24.480276 0.000000 0.000000 0.000000 98.042900 -0.743137 3.499650 61.881584 -13.010409 4.789013 2.767819 28.479757 42.184097 -20.200272 10.178502 -14.577676 3.087352 -0.600606 43.651936 0.000017 0.000019 -7.013319 0.000008 0.000048 -4.815088 0.000019 0.000015 -0.000038 -24.939325 0.222951 3.987371 0.140211 0.027848 0.067114 0.066072 0.049926 0.038593 -0.000013 0.000004 -0.000013 -24.746868 0.089019 -1.373652 0.085615 -0.008642 0.018167 0.135322 0.009008 0.035971 -0.000007 0.000127 0.000000 -23.949558 -0.117822 -8.380527 -0.014664 0.018441 -0.130112 -0.102529 -0.009240 -0.103974 -0.000015 0.000993 0.000049 -20.596628 -0.260870 -15.753648 -0.293998 0.087389 -0.534024 -0.280301 -0.019397 -0.523854 -0.000663 -0.000012 -0.000039 0.000000 0.000000 0.000000 0.000000 0.000000 0.000000 -94.834396 0.794786 3.271097 -68.592430 10.330422 -1.002164 -5.032660 -23.213587 52.727989 26.748419 -25.763742 -19.172697 -1.618697 0.420695 44.246929 -0.000005 0.000015 -3.577018 -0.000162 -0.000029 -2.388259 -0.000299 -0.000022 -0.002183 31.233583 0.188222 -1.319489 0.424119 0.034723 0.091969 0.217226 0.059833 0.024833 0.000007 0.000445 -0.000014 28.554363 0.091808 -5.814711 0.236223 -0.010373 0.002281 0.359879 0.009763 -0.003086 0.000461 -0.000050 -0.000052 24.313402 -0.048724 -10.259861 0.373993 0.012075 0.045801 0.474016 -0.017430 0.047540 0.001913 0.000006 0.000005 19.383646 -0.127455 -14.397079 -0.044592 0.026162 0.218239 -0.085925 -0.052824 0.137197 -0.001305 -0.000002 -0.000031 0.000000 0.000000 0.000000 0.000000 0.000000 0.000000 -1.665995 5.188993 17.518808 -0.273842 -1.088736 14.508778 0.243382 -9.356464 14.355322 -0.325879 -0.577676 -27.845892 0.000000 0.000000 0.000000 0.000000 0.000000 0.000000 0.000000 0.000000 0.000000 10.431276 5.837451 21.201668 0.323161 1.275796 14.367487 -2.287767 8.603921 10.582718 0.663723 0.371255 -27.444290 0.000000 0.000000 0.000000 0.000000 0.000000 0.000000 0.000000 0.000000 0.000000 
8.576715 86.790596 14.300166 -2.456478 -6.053305 -17.000423 0.353038 0.258699 7.873883 -0.289054 0.026164 1.404780 2.525855 -2.995564 17.412657 -0.541312 -0.735953 1.211870 4.542054 0.973272 11.226848 -3.833778 -0.487679 -7.410481 0.199620 3.546140 -24.444069 0.000000 0.000000 0.000000 98.094879 -0.751721 3.471726 61.845406 -13.127512 4.713623 2.817068 28.439085 42.181076 -19.986652 10.232170 -14.716567 3.101712 -0.604972 43.642475 0.000016 0.000020 -7.048791 0.000009 0.000048 -4.833133 0.000019 0.000015 -0.000039 -24.811352 0.219297 3.919924 0.140528 0.025621 0.073892 0.065046 0.048673 0.045067 -0.000013 0.000003 -0.000013 -24.605059 0.088517 -1.430035 0.089885 -0.009273 0.020954 0.135929 0.008543 0.038062 -0.000007 0.000129 0.000000 -23.802864 -0.117136 -8.412663 -0.025116 0.018325 -0.130664 -0.105000 -0.009126 -0.104541 -0.000015 0.001034 0.000048 -20.442486 -0.257337 -15.769747 -0.302583 0.085333 -0.529143 -0.294692 -0.020606 -0.520204 -0.000657 -0.000012 -0.000039 0.000000 0.000000 0.000000 0.000000 0.000000 0.000000 -94.864914 0.803186 3.352522 -68.647232 10.732622 -1.014204 -5.019652 -23.114338 52.619434 26.320557 -25.445093 -19.037359 -1.637848 0.423927 44.239197 -0.000005 0.000015 -3.618455 -0.000157 -0.000028 -2.417271 -0.000248 -0.000023 -0.002141 31.119574 0.186185 -1.391576 0.375274 0.034094 0.085301 0.172788 0.059159 0.017699 0.000007 0.000442 -0.000014 28.457666 0.091229 -5.873149 0.203327 -0.010618 -0.000606 0.324639 0.009462 -0.005511 0.000509 -0.000050 -0.000052 24.259932 -0.047826 -10.274690 0.376680 0.012367 0.047823 0.480392 -0.017154 0.048601 0.001946 0.000005 0.000006 19.362965 -0.125700 -14.366721 0.002236 0.025646 0.224027 -0.053007 -0.052355 0.142964 -0.001291 -0.000003 -0.000031 0.000000 0.000000 0.000000 0.000000 0.000000 0.000000 -1.209211 4.954258 17.723812 -0.265452 -1.074926 14.283585 -0.033184 -9.584067 14.353107 -0.310705 -0.576694 -27.831779 0.000000 0.000000 0.000000 0.000000 0.000000 0.000000 0.000000 0.000000 0.000000 10.914849 5.609185 21.109249 0.332115 1.293666 14.535528 -2.555489 8.390544 10.537763 0.681085 0.376844 -27.443609 0.000000 0.000000 0.000000 0.000000 0.000000 0.000000 0.000000 0.000000 0.000000 
8.171875 86.771439 14.339305 -2.665580 -5.876895 -16.982567 0.490485 0.223308 7.865109 -0.289133 0.022457 1.406583 2.729891 -3.134042 17.374094 -0.524507 -0.748883 1.200850 4.456821 0.979202 11.224601 -3.856023 -0.504250 -7.404120 0.168924 3.546327 -24.406336 0.000000 0.000000 0.000000 98.149986 -0.760714 3.446761 61.818058 -13.228751 4.618912 2.865011 28.395971 42.194534 -19.744268 10.277420 -14.839820 3.115839 -0.608704 43.633728 0.000016 0.000021 -7.083483 0.000009 0.000047 -4.850235 0.000019 0.000015 -0.000039 -24.691423 0.215749 3.846280 0.149713 0.023577 0.081247 0.072733 0.047678 0.052155 -0.000013 0.000003 -0.000014 -24.472059 0.088099 -1.495537 0.102840 -0.009825 0.023997 0.145018 0.008110 0.040327 -0.000006 0.000130 0.000001 -23.664499 -0.116445 -8.456027 -0.030032 0.018036 -0.131625 -0.101971 -0.009083 -0.105427 -0.000015 0.001080 0.000047 -20.293447 -0.253551 -15.799850 -0.307117 0.082828 -0.525388 -0.303737 -0.022092 -0.517607 -0.000652 -0.000012 -0.000038 0.000000 0.000000 0.000000 0.000000 0.000000 0.000000 -94.893539 0.810066 3.435850 -68.687820 11.156786 -1.031130 -5.000340 -22.987179 52.510921 25.864527 -25.080204 -18.898239 -1.657346 0.427258 44.231258 -0.000006 0.000016 -3.661644 -0.000152 -0.000028 -2.447350 -0.000189 -0.000023 -0.002097 31.009136 0.184280 -1.457773 0.327491 0.033564 0.078186 0.129204 0.058596 0.010256 0.000008 0.000432 -0.000014 28.366739 0.090685 -5.928580 0.171236 -0.010830 -0.003708 0.290227 0.009166 -0.008066 0.000558 -0.000050 -0.000051 24.219215 -0.046972 -10.292873 0.382663 0.012607 0.050041 0.488923 -0.016887 0.049898 0.001980 0.000005 0.000006 19.361431 -0.123891 -14.342647 0.052759 0.024960 0.230761 -0.018173 -0.052038 0.149404 -0.001277 -0.000003 -0.000032 0.000000 0.000000 0.000000 0.000000 0.000000 0.000000 -0.768069 4.718192 17.914629 -0.257574 -1.061869 14.059476 -0.304857 -9.796391 14.348598 -0.296850 -0.574919 -27.815464 0.000000 0.000000 0.000000 0.000000 0.000000 0.000000 0.000000 0.000000 0.000000 11.389011 5.397110 20.998196 0.340783 1.309999 14.719004 -2.821459 8.187279 10.493617 0.697450 0.383681 -27.442118 0.000000 0.000000 0.000000 0.000000 0.000000 0.000000 0.000000 0.000000 0.000000 
7.769556 86.748856 14.376583 -2.867164 -5.703794 -16.961433 0.624952 0.188359 7.855954 -0.287226 0.017804 1.410280 2.924298 -3.267055 17.336237 -0.509672 -0.762911 1.188066 4.370720 0.979978 11.216224 -3.876031 -0.523965 -7.402931 0.141303 3.545223 -24.369118 0.000000 0.000000 0.000000 98.205147 -0.768043 3.425977 61.800442 -13.312117 4.509255 2.911411 28.352121 42.225098 -19.476501 10.324322 -14.944920 3.129914 -0.611881 43.625519 0.000016 0.000022 -7.118209 0.000010 0.000047 -4.867015 0.000019 0.000015 -0.000039 -24.579580 0.212376 3.769067 0.166942 0.021654 0.089098 0.088077 0.046837 0.059761 -0.000012 0.000002 -0.000014 -24.346878 0.087734 -1.567767 0.123133 -0.010339 0.027264 0.161499 0.007685 0.042755 -0.000006 0.000131 0.000001 -23.534010 -0.115746 -8.508780 -0.029685 0.017657 -0.132991 -0.093967 -0.009069 -0.106622 -0.000015 0.001129 0.000046 -20.150341 -0.249653 -15.842212 -0.307488 0.080106 -0.522825 -0.307205 -0.023685 -0.516081 -0.000648 -0.000012 -0.000038 0.000000 0.000000 0.000000 0.000000 0.000000 0.000000 -94.918846 0.816022 3.516923 -68.713608 11.595449 -1.050249 -4.975303 -22.837259 52.405579 25.400373 -24.682249 -18.753168 -1.674970 0.430260 44.224205 -0.000006 0.000016 -3.700509 -0.000146 -0.000028 -2.474126 -0.000123 -0.000023 -0.002055 30.916975 0.182480 -1.509595 0.279131 0.033126 0.071060 0.084911 0.058152 0.002931 0.000008 0.000412 -0.000014 28.294863 0.090165 -5.973650 0.138145 -0.011013 -0.006841 0.255080 0.008877 -0.010588 0.000606 -0.000050 -0.000051 24.203100 -0.046157 -10.309059 0.389234 0.012819 0.052222 0.496889 -0.016629 0.051263 0.002014 0.000005 0.000006 19.388134 -0.122092 -14.322044 0.104049 0.024143 0.237769 0.016294 -0.051867 0.155937 -0.001264 -0.000003 -0.000032 0.000000 0.000000 0.000000 0.000000 0.000000 0.000000 -0.341364 4.481231 18.093660 -0.250150 -1.049244 13.837095 -0.572261 -9.994300 14.343663 -0.284066 -0.572713 -27.798338 0.000000 0.000000 0.000000 0.000000 0.000000 0.000000 0.000000 0.000000 0.000000 11.854668 5.199041 20.870348 0.349203 1.324811 14.919641 -3.086241 7.995333 10.449552 0.712840 0.391638 -27.440382 0.000000 0.000000 0.000000 0.000000 0.000000 0.000000 0.000000 0.000000 0.000000 
7.370571 86.723244 14.412255 -3.061804 -5.534324 -16.938164 0.757546 0.153855 7.846301 -0.283692 0.012608 1.415373 3.109460 -3.393837 17.297493 -0.497175 -0.777234 1.174633 4.282590 0.974344 11.204068 -3.894481 -0.548433 -7.405823 0.116948 3.542558 -24.334017 0.000000 0.000000 0.000000 98.257706 -0.772780 3.409656 61.791161 -13.376943 4.390264 2.956395 28.309866 42.269588 -19.187962 10.376819 -15.035404 3.144048 -0.614675 43.617645 0.000016 0.000022 -7.153636 0.000011 0.000047 -4.884062 0.000019 0.000015 -0.000039 -24.474873 0.209221 3.688839 0.189846 0.019836 0.097151 0.108704 0.046084 0.067592 -0.000012 0.000002 -0.000015 -24.228106 0.087399 -1.645607 0.148100 -0.010830 0.030632 0.182941 0.007260 0.045258 -0.000006 0.000131 0.000001 -23.410580 -0.115026 -8.569878 -0.025918 0.017238 -0.134657 -0.083011 -0.009065 -0.108037 -0.000015 0.001178 0.000045 -20.013737 -0.245743 -15.895597 -0.305588 0.077328 -0.521315 -0.307103 -0.025272 -0.515475 -0.000642 -0.000012 -0.000038 0.000000 0.000000 0.000000 0.000000 0.000000 0.000000 -94.939682 0.821618 3.592816 -68.725868 12.041384 -1.070233 -4.946147 -22.672451 52.305138 24.945375 -24.265942 -18.603802 -1.689083 0.432650 44.218792 -0.000006 0.000017 -3.730737 -0.000139 -0.000027 -2.494535 -0.000054 -0.000023 -0.002019 30.851809 0.180749 -1.542237 0.229506 0.032779 0.064363 0.039289 0.057835 -0.003879 0.000008 0.000386 -0.000014 28.249681 0.089652 -6.003799 0.103110 -0.011163 -0.009830 0.218437 0.008600 -0.012925 0.000651 -0.000050 -0.000050 24.216766 -0.045372 -10.319325 0.394332 0.013008 0.054153 0.502414 -0.016385 0.052525 0.002046 0.000004 0.000006 19.445383 -0.120378 -14.302669 0.153567 0.023201 0.244366 0.048609 -0.051851 0.161964 -0.001251 -0.000003 -0.000033 0.000000 0.000000 0.000000 0.000000 0.000000 0.000000 0.071634 4.244455 18.263176 -0.243110 -1.036747 13.616755 -0.835524 -10.179996 14.339890 -0.272214 -0.570420 -27.781044 0.000000 0.000000 0.000000 0.000000 0.000000 0.000000 0.000000 0.000000 0.000000 12.311843 5.012844 20.728359 0.357419 1.338233 15.136744 -3.349623 7.813720 10.404904 0.727197 0.400518 -27.438753 0.000000 0.000000 0.000000 0.000000 0.000000 0.000000 0.000000 0.000000 0.000000 
6.975830 86.695000 14.446434 -3.249833 -5.368816 -16.913836 0.888740 0.119871 7.836158 -0.278712 0.007170 1.421829 3.285968 -3.513697 17.256630 -0.487087 -0.791153 1.161761 4.192904 0.961484 11.189442 -3.911998 -0.578487 -7.411929 0.095998 3.538365 -24.301775 0.000000 0.000000 0.000000 98.305374 -0.774728 3.397547 61.788342 -13.421453 4.267135 3.000167 28.271566 42.322136 -18.884180 10.433207 -15.117722 3.157739 -0.617156 43.610203 0.000016 0.000023 -7.188704 0.000011 0.000047 -4.900870 0.000018 0.000015 -0.000039 -24.378822 0.206297 3.606265 0.216091 0.018145 0.105032 0.132372 0.045398 0.075274 -0.000012 0.000001 -0.000015 -24.117481 0.087074 -1.727708 0.175251 -0.011296 0.033947 0.207047 0.006843 0.047724 -0.000005 0.000131 0.000002 -23.296721 -0.114255 -8.638006 -0.020584 0.016799 -0.136459 -0.071106 -0.009074 -0.109540 -0.000015 0.001226 0.000045 -19.886965 -0.241861 -15.958562 -0.303489 0.074587 -0.520550 -0.305740 -0.026802 -0.515488 -0.000635 -0.000012 -0.000038 0.000000 0.000000 0.000000 0.000000 0.000000 0.000000 -94.954941 0.827315 3.662013 -68.727112 12.486363 -1.090453 -4.914906 -22.501713 52.210484 24.510244 -23.847134 -18.454679 -1.698756 0.434283 44.215401 -0.000006 0.000017 -3.750088 -0.000132 -0.000027 -2.506994 0.000017 -0.000023 -0.001992 30.815773 0.179038 -1.555928 0.178796 0.032520 0.058368 -0.007405 0.057645 -0.009950 0.000008 0.000354 -0.000015 28.232899 0.089123 -6.018746 0.066058 -0.011278 -0.012558 0.180378 0.008344 -0.014986 0.000692 -0.000050 -0.000049 24.259720 -0.044593 -10.322753 0.396715 0.013170 0.055709 0.504510 -0.016164 0.053570 0.002076 0.000004 0.000006 19.530844 -0.118744 -14.284048 0.199304 0.022122 0.250064 0.077510 -0.051999 0.167058 -0.001240 -0.000004 -0.000033 0.000000 0.000000 0.000000 0.000000 0.000000 0.000000 0.471114 4.009021 18.424664 -0.236374 -1.024080 13.399223 -1.094317 -10.356111 14.338733 -0.261174 -0.568375 -27.763815 0.000000 0.000000 0.000000 0.000000 0.000000 0.000000 0.000000 0.000000 0.000000 12.759946 4.837141 20.574751 0.365477 1.350488 15.368801 -3.610697 7.640227 10.358941 0.740437 0.410026 -27.437510 0.000000 0.000000 0.000000 0.000000 0.000000 0.000000 0.000000 0.000000 0.000000 
6.586225 86.664505 14.478949 -3.431362 -5.207819 -16.889112 1.018425 0.086434 7.825642 -0.272331 0.001630 1.429883 3.454472 -3.626254 17.212530 -0.479251 -0.804166 1.150588 4.102746 0.941446 11.173376 -3.929142 -0.614031 -7.420240 0.078298 3.532923 -24.272497 0.000000 0.000000 0.000000 98.346535 -0.774109 3.388877 61.789837 -13.443744 4.144602 3.042813 28.238937 42.376999 -18.570303 10.486088 -15.198164 3.170418 -0.619317 43.603443 0.000015 0.000024 -7.221776 0.000012 0.000047 -4.916609 0.000018 0.000016 -0.000039 -24.294796 0.203589 3.522708 0.243821 0.016682 0.112223 0.157398 0.044843 0.082314 -0.000012 0.000001 -0.000016 -24.018858 0.086739 -1.812242 0.202686 -0.011700 0.037005 0.232065 0.006470 0.049994 -0.000005 0.000130 0.000002 -23.197266 -0.113412 -8.711520 -0.015471 0.016296 -0.138169 -0.060061 -0.009137 -0.110956 -0.000015 0.001272 0.000044 -19.775240 -0.238002 -16.029552 -0.303403 0.071808 -0.520042 -0.305523 -0.028345 -0.515683 -0.000625 -0.000012 -0.000037 0.000000 0.000000 0.000000 0.000000 0.000000 0.000000 -94.963638 0.833235 3.723891 -68.721153 12.920963 -1.111614 -4.883409 -22.333458 52.122902 24.100185 -23.440308 -18.311180 -1.703884 0.435120 44.214058 -0.000007 0.000017 -3.758384 -0.000125 -0.000027 -2.511420 0.000088 -0.000023 -0.001979 30.807177 0.177292 -1.553484 0.127486 0.032390 0.053341 -0.054663 0.057619 -0.015086 0.000008 0.000320 -0.000015 28.242603 0.088554 -6.020540 0.027236 -0.011335 -0.014915 0.141283 0.008126 -0.016688 0.000727 -0.000050 -0.000047 24.327911 -0.043793 -10.320169 0.395808 0.013265 0.056776 0.502827 -0.015993 0.054289 0.002105 0.000004 0.000006 19.639357 -0.117133 -14.266770 0.239866 0.020807 0.254400 0.102226 -0.052383 0.170840 -0.001231 -0.000004 -0.000033 0.000000 0.000000 0.000000 0.000000 0.000000 0.000000 0.857112 3.775936 18.578457 -0.229879 -1.011059 13.185868 -1.348149 -10.524886 14.340840 -0.250827 -0.566819 -27.746456 0.000000 0.000000 0.000000 0.000000 0.000000 0.000000 0.000000 0.000000 0.000000 13.198298 4.671314 20.411724 0.373409 1.361795 15.613646 -3.868359 7.472809 10.310969 0.752479 0.419854 -27.436850 0.000000 0.000000 0.000000 0.000000 0.000000 0.000000 0.000000 0.000000 0.000000 
6.202478 86.632156 14.509568 -3.606448 -5.052241 -16.864456 1.146327 0.053536 7.814804 -0.264508 -0.003985 1.439603 3.615528 -3.731182 17.164906 -0.473546 -0.815868 1.142008 4.013283 0.915288 11.157149 -3.946303 -0.654101 -7.429659 0.063487 3.526643 -24.246229 0.000000 0.000000 0.000000 98.380287 -0.771378 3.382894 61.794590 -13.442585 4.027019 3.084292 28.213520 42.428074 -18.252171 10.526904 -15.281251 3.181193 -0.621108 43.597736 0.000015 0.000025 -7.250413 0.000012 0.000047 -4.929809 0.000018 0.000016 -0.000039 -24.226849 0.201087 3.440279 0.271360 0.015530 0.118315 0.182266 0.044479 0.088315 -0.000012 0.000001 -0.000016 -23.936968 0.086390 -1.897049 0.228828 -0.012012 0.039644 0.256482 0.006168 0.051938 -0.000005 0.000129 0.000002 -23.117401 -0.112492 -8.788567 -0.012074 0.015692 -0.139574 -0.051368 -0.009294 -0.112124 -0.000015 0.001316 0.000043 -19.683565 -0.234156 -16.106998 -0.307108 0.068900 -0.519276 -0.308423 -0.029991 -0.515603 -0.000613 -0.000012 -0.000037 0.000000 0.000000 0.000000 0.000000 0.000000 0.000000 -94.965630 0.839468 3.778379 -68.712341 13.335814 -1.134404 -4.853008 -22.174618 52.043537 23.717712 -23.058310 -18.177355 -1.704893 0.435251 44.214531 -0.000007 0.000018 -3.756955 -0.000118 -0.000026 -2.508747 0.000158 -0.000023 -0.001981 30.820845 0.175497 -1.539304 0.076458 0.032428 0.049410 -0.101650 0.057786 -0.019223 0.000008 0.000286 -0.000015 28.273546 0.087936 -6.012734 -0.012580 -0.011319 -0.016845 0.101943 0.007965 -0.018000 0.000756 -0.000049 -0.000046 24.414619 -0.042961 -10.313570 0.391910 0.013259 0.057309 0.497839 -0.015894 0.054628 0.002133 0.000004 0.000006 19.764036 -0.115487 -14.251884 0.275014 0.019180 0.257120 0.122927 -0.053059 0.173126 -0.001224 -0.000004 -0.000034 0.000000 0.000000 0.000000 0.000000 0.000000 0.000000 1.230022 3.546479 18.724319 -0.223584 -0.997620 12.978445 -1.596679 -10.687928 14.346161 -0.241043 -0.565886 -27.728537 0.000000 0.000000 0.000000 0.000000 0.000000 0.000000 0.000000 0.000000 0.000000 13.626221 4.515285 20.241850 0.381230 1.372336 15.868155 -4.121674 7.310804 10.260626 0.763336 0.429774 -27.436615 0.000000 0.000000 0.000000 0.000000 0.000000 0.000000 0.000000 0.000000 0.000000 
5.825065 86.598297 14.538177 -3.775146 -4.903266 -16.840414 1.272077 0.021155 7.803644 -0.255141 -0.009751 1.451086 3.769433 -3.828346 17.114305 -0.469875 -0.826091 1.136207 3.925559 0.884853 11.141888 -3.963693 -0.697218 -7.439428 0.051130 3.519913 -24.222921 0.000000 0.000000 0.000000 98.406464 -0.767091 3.379246 61.802479 -13.417946 3.918096 3.124451 28.196960 42.470249 -17.936544 10.548781 -15.368726 3.189366 -0.622446 43.593391 0.000015 0.000025 -7.272519 0.000013 0.000046 -4.939230 0.000018 0.000016 -0.000039 -24.178448 0.198811 3.361573 0.297909 0.014751 0.123074 0.206233 0.044361 0.093061 -0.000011 0.000001 -0.000017 -23.875929 0.086040 -1.979804 0.253102 -0.012206 0.041763 0.279696 0.005964 0.053479 -0.000004 0.000127 0.000002 -23.060917 -0.111513 -8.867110 -0.010723 0.014942 -0.140497 -0.045392 -0.009584 -0.112913 -0.000015 0.001359 0.000042 -19.615055 -0.230364 -16.189240 -0.314867 0.065730 -0.517705 -0.314860 -0.031879 -0.514786 -0.000597 -0.000012 -0.000037 0.000000 0.000000 0.000000 0.000000 0.000000 0.000000 -94.961609 0.846167 3.826095 -68.705002 13.722248 -1.159540 -4.824480 -22.030626 51.974613 23.366238 -22.711311 -18.055490 -1.702669 0.434840 44.216370 -0.000007 0.000018 -3.748107 -0.000111 -0.000026 -2.500625 0.000226 -0.000023 -0.001998 30.850061 0.173677 -1.517836 0.026471 0.032666 0.046613 -0.147703 0.058173 -0.022385 0.000007 0.000252 -0.000015 28.319107 0.087279 -5.999072 -0.052644 -0.011218 -0.018322 0.062967 0.007872 -0.018929 0.000779 -0.000049 -0.000044 24.512690 -0.042104 -10.305182 0.385522 0.013127 0.057314 0.490149 -0.015885 0.054573 0.002159 0.000003 0.000006 19.898144 -0.113778 -14.240211 0.304991 0.017187 0.258114 0.140038 -0.054077 0.173871 -0.001220 -0.000004 -0.000034 0.000000 0.000000 0.000000 0.000000 0.000000 0.000000 1.590460 3.321919 18.862328 -0.217472 -0.983797 12.778261 -1.839658 -10.846248 14.354214 -0.231716 -0.565593 -27.709690 0.000000 0.000000 0.000000 0.000000 0.000000 0.000000 0.000000 0.000000 0.000000 14.043157 4.368993 20.067835 0.388944 1.382260 16.128883 -4.370134 7.154704 10.207825 0.773100 0.439646 -27.436298 0.000000 0.000000 0.000000 0.000000 0.000000 0.000000 0.000000 0.000000 0.000000 
5.454316 86.563301 14.564481 -3.937405 -4.762313 -16.817041 1.395413 -0.010796 7.792168 -0.244239 -0.015740 1.464422 3.916436 -3.917977 17.061041 -0.468228 -0.834819 1.133517 3.839572 0.852642 11.129220 -3.981503 -0.741535 -7.448634 0.040552 3.513030 -24.202671 0.000000 0.000000 0.000000 98.425056 -0.761693 3.377705 61.813435 -13.371186 3.821679 3.162964 28.189590 42.499992 -17.629986 10.548835 -15.460187 3.194345 -0.623282 43.590633 0.000015 0.000026 -7.286387 0.000013 0.000046 -4.943797 0.000018 0.000016 -0.000039 -24.151964 0.196777 3.288404 0.322747 0.014382 0.126325 0.228620 0.044526 0.096382 -0.000011 0.000001 -0.000017 -23.838362 0.085700 -2.058670 0.275000 -0.012268 0.043293 0.301152 0.005872 0.054550 -0.000004 0.000125 0.000002 -23.029903 -0.110498 -8.945228 -0.011823 0.014026 -0.140801 -0.042513 -0.010029 -0.113226 -0.000015 0.001401 0.000042 -19.571384 -0.226665 -16.274248 -0.326955 0.062230 -0.514945 -0.325175 -0.034081 -0.512887 -0.000579 -0.000012 -0.000037 0.000000 0.000000 0.000000 0.000000 0.000000 0.000000 -94.952446 0.853297 3.867456 -68.703262 14.072537 -1.186903 -4.798437 -21.905025 51.916393 23.048519 -22.407701 -17.946293 -1.698175 0.434058 44.219139 -0.000007 0.000018 -3.734302 -0.000104 -0.000026 -2.488799 0.000291 -0.000023 -0.002030 30.888906 0.171862 -1.492422 -0.021818 0.033121 0.044943 -0.192293 0.058787 -0.024599 0.000007 0.000220 -0.000015 28.373251 0.086594 -5.982138 -0.092281 -0.011028 -0.019343 0.024898 0.007857 -0.019483 0.000795 -0.000049 -0.000042 24.615347 -0.041240 -10.296068 0.377242 0.012854 0.056805 0.480476 -0.015978 0.054125 0.002182 0.000003 0.000006 20.035070 -0.112018 -14.231427 0.330346 0.014816 0.257360 0.154175 -0.055454 0.173103 -0.001216 -0.000004 -0.000034 0.000000 0.000000 0.000000 0.000000 0.000000 0.000000 1.939261 3.103167 18.992125 -0.211538 -0.969702 12.586693 -2.077150 -11.000444 14.363995 -0.222755 -0.565935 -27.689745 0.000000 0.000000 0.000000 0.000000 0.000000 0.000000 0.000000 0.000000 0.000000 14.448608 4.232578 19.892179 0.396542 1.391700 16.392235 -4.613418 7.005504 10.152902 0.781912 0.449387 -27.435631 0.000000 0.000000 0.000000 0.000000 0.000000 0.000000 0.000000 0.000000 0.000000 
5.090406 86.527451 14.588184 -4.093150 -4.630833 -16.794439 1.516077 -0.042373 7.780465 -0.231806 -0.022016 1.479951 4.056593 -4.000357 17.005630 -0.468584 -0.842111 1.133874 3.755513 0.821070 11.120356 -3.999801 -0.785280 -7.456481 0.031181 3.506221 -24.185503 0.000000 0.000000 0.000000 98.436241 -0.755638 3.378419 61.827625 -13.305227 3.740741 3.199482 28.191593 42.515324 -17.338604 10.527666 -15.554691 3.196100 -0.623642 43.589462 0.000014 0.000027 -7.291712 0.000014 0.000046 -4.943407 0.000018 0.000016 -0.000039 -24.147213 0.195012 3.221850 0.345459 0.014438 0.128017 0.249002 0.045001 0.098236 -0.000011 0.000001 -0.000018 -23.824133 0.085386 -2.132566 0.294332 -0.012191 0.044213 0.320594 0.005900 0.055128 -0.000004 0.000124 0.000002 -23.023233 -0.109477 -9.021561 -0.015336 0.012933 -0.140405 -0.042676 -0.010641 -0.113002 -0.000015 0.001441 0.000041 -19.551188 -0.223132 -16.360512 -0.342940 0.058337 -0.510688 -0.339016 -0.036667 -0.509632 -0.000560 -0.000012 -0.000036 0.000000 0.000000 0.000000 0.000000 0.000000 0.000000 -94.939064 0.860792 3.903242 -68.709839 14.381753 -1.216100 -4.775053 -21.799723 51.870018 22.767918 -22.153236 -17.850128 -1.692488 0.433085 44.222366 -0.000007 0.000019 -3.718103 -0.000098 -0.000025 -2.475146 0.000354 -0.000023 -0.002074 30.931463 0.170099 -1.465504 -0.067992 0.033794 0.044341 -0.235136 0.059621 -0.025935 0.000007 0.000187 -0.000015 28.430090 0.085901 -5.963831 -0.131022 -0.010751 -0.019924 -0.011983 0.007921 -0.019689 0.000806 -0.000049 -0.000039 24.716469 -0.040401 -10.286871 0.367523 0.012438 0.055833 0.469360 -0.016175 0.053316 0.002204 0.000003 0.000006 20.168915 -0.110264 -14.224925 0.351549 0.012084 0.254971 0.165801 -0.057184 0.170947 -0.001214 -0.000004 -0.000035 0.000000 0.000000 0.000000 0.000000 0.000000 0.000000 2.277128 2.890896 19.113508 -0.205785 -0.955490 12.404774 -2.309082 -11.150820 14.374497 -0.214107 -0.566857 -27.668697 0.000000 0.000000 0.000000 0.000000 0.000000 0.000000 0.000000 0.000000 0.000000 14.842084 4.105715 19.716843 0.404014 1.400749 16.655416 -4.851477 6.864407 10.096134 0.789887 0.458946 -27.434265 0.000000 0.000000 0.000000 0.000000 0.000000 0.000000 0.000000 0.000000 0.000000 
4.733430 86.490959 14.609058 -4.242316 -4.510198 -16.772673 1.633914 -0.073653 7.768699 -0.217824 -0.028616 1.497984 4.189764 -4.075946 16.948597 -0.470920 -0.848100 1.137064 3.672986 0.792477 11.116179 -4.018648 -0.826781 -7.462389 0.022434 3.499559 -24.171356 0.000000 0.000000 0.000000 98.440186 -0.749344 3.381508 61.845428 -13.224489 3.676960 3.233646 28.202198 42.515823 -17.066851 10.491102 -15.650691 3.195076 -0.623627 43.589611 0.000014 0.000028 -7.289492 0.000014 0.000046 -4.938817 0.000018 0.000016 -0.000039 -24.160856 0.193542 3.162134 0.365899 0.014908 0.128185 0.267166 0.045790 0.098665 -0.000011 0.000000 -0.000018 -23.829815 0.085107 -2.200955 0.311102 -0.011981 0.044543 0.337946 0.006047 0.055220 -0.000003 0.000121 0.000003 -23.036772 -0.108477 -9.095018 -0.021074 0.011673 -0.139287 -0.045667 -0.011416 -0.112222 -0.000015 0.001479 0.000040 -19.550587 -0.219829 -16.446449 -0.362121 0.054056 -0.504806 -0.355762 -0.039654 -0.504890 -0.000540 -0.000012 -0.000036 0.000000 0.000000 0.000000 0.000000 0.000000 0.000000 -94.922424 0.868641 3.933989 -68.726753 14.646380 -1.246579 -4.754446 -21.716000 51.836670 22.526730 -21.952019 -17.766920 -1.686756 0.432099 44.225540 -0.000007 0.000019 -3.702097 -0.000092 -0.000025 -2.461572 0.000412 -0.000023 -0.002130 30.971806 0.168437 -1.438289 -0.112085 0.034673 0.044760 -0.276381 0.060660 -0.026438 0.000006 0.000154 -0.000015 28.483841 0.085217 -5.945035 -0.168829 -0.010395 -0.020079 -0.047777 0.008064 -0.019566 0.000812 -0.000048 -0.000037 24.810600 -0.039613 -10.277575 0.356570 0.011886 0.054442 0.457094 -0.016471 0.052173 0.002223 0.000003 0.000006 20.294458 -0.108584 -14.219728 0.368996 0.009045 0.251087 0.175280 -0.059238 0.167547 -0.001211 -0.000004 -0.000035 0.000000 0.000000 0.000000 0.000000 0.000000 0.000000 2.604743 2.685305 19.226685 -0.200215 -0.941309 12.232917 -2.535540 -11.297681 14.384823 -0.205732 -0.568306 -27.646736 0.000000 0.000000 0.000000 0.000000 0.000000 0.000000 0.000000 0.000000 0.000000 15.223191 3.987937 19.543348 0.411342 1.409485 16.916092 -5.084495 6.732346 10.037772 0.797138 0.468279 -27.431908 0.000000 0.000000 0.000000 0.000000 0.000000 0.000000 0.000000 0.000000 0.000000 
4.383450 86.454018 14.626806 -4.384679 -4.401409 -16.751312 1.748825 -0.104688 7.756971 -0.202330 -0.035509 1.518603 4.315822 -4.145360 16.890034 -0.475151 -0.852908 1.143139 3.591275 0.768851 11.117692 -4.038032 -0.864409 -7.465740 0.013646 3.493009 -24.160318 0.000000 0.000000 0.000000 98.436951 -0.743170 3.386794 61.866982 -13.133698 3.631414 3.265224 28.219973 42.502007 -16.818377 10.446150 -15.745865 3.191622 -0.623331 43.590866 0.000014 0.000028 -7.280549 0.000015 0.000046 -4.930583 0.000018 0.000016 -0.000039 -24.189928 0.192380 3.108749 0.383844 0.015784 0.126829 0.282822 0.046898 0.097677 -0.000011 0.000000 -0.000018 -23.852190 0.084870 -2.263814 0.325149 -0.011642 0.044296 0.353004 0.006312 0.054826 -0.000003 0.000119 0.000003 -23.066784 -0.107526 -9.164948 -0.029199 0.010258 -0.137454 -0.051569 -0.012343 -0.110891 -0.000015 0.001515 0.000040 -19.566206 -0.216811 -16.530727 -0.384261 0.049419 -0.497354 -0.375225 -0.043012 -0.498682 -0.000520 -0.000012 -0.000036 0.000000 0.000000 0.000000 0.000000 0.000000 0.000000 -94.903084 0.876663 3.959959 -68.755516 14.864681 -1.277563 -4.736660 -21.654016 51.816029 22.325256 -21.807344 -17.695763 -1.682033 0.431240 44.228233 -0.000007 0.000019 -3.688728 -0.000087 -0.000025 -2.449883 0.000467 -0.000023 -0.002194 31.005301 0.166919 -1.411014 -0.154680 0.035761 0.046222 -0.316724 0.061901 -0.026061 0.000006 0.000117 -0.000016 28.529812 0.084558 -5.925825 -0.206219 -0.009962 -0.019804 -0.083060 0.008288 -0.019103 0.000814 -0.000048 -0.000034 24.893114 -0.038905 -10.267787 0.344162 0.011200 0.052626 0.443549 -0.016867 0.050699 0.002242 0.000003 0.000006 20.407057 -0.107055 -14.214913 0.382791 0.005740 0.245778 0.182631 -0.061591 0.162986 -0.001207 -0.000004 -0.000035 0.000000 0.000000 0.000000 0.000000 0.000000 0.000000 2.922758 2.486282 19.331539 -0.194829 -0.927307 12.071511 -2.756799 -11.441361 14.393886 -0.197588 -0.570246 -27.624104 0.000000 0.000000 0.000000 0.000000 0.000000 0.000000 0.000000 0.000000 0.000000 15.591582 3.878789 19.372742 0.418503 1.417953 17.171886 -5.312643 6.609890 9.978349 0.803786 0.477378 -27.428432 0.000000 0.000000 0.000000 0.000000 0.000000 0.000000 0.000000 0.000000 0.000000 
4.040452 86.416710 14.641320 -4.520134 -4.304934 -16.730232 1.860680 -0.135486 7.745335 -0.185451 -0.042625 1.541955 4.434588 -4.209275 16.830313 -0.481044 -0.856668 1.151793 3.510396 0.751342 11.125073 -4.057769 -0.896871 -7.466372 0.004353 3.486457 -24.152361 0.000000 0.000000 0.000000 98.426743 -0.737477 3.394229 61.892651 -13.037390 3.603948 3.294111 28.243639 42.475582 -16.595421 10.401096 -15.838054 3.186347 -0.622868 43.592888 0.000014 0.000029 -7.266394 0.000015 0.000046 -4.919728 0.000017 0.000016 -0.000039 -24.230421 0.191543 3.061112 0.399279 0.017054 0.124025 0.295904 0.048333 0.095360 -0.000011 0.000000 -0.000019 -23.886833 0.084684 -2.321313 0.336466 -0.011180 0.043510 0.365724 0.006691 0.053974 -0.000003 0.000117 0.000003 -23.108320 -0.106649 -9.230848 -0.039615 0.008702 -0.134956 -0.060254 -0.013410 -0.109040 -0.000015 0.001549 0.000039 -19.593409 -0.214137 -16.612219 -0.408796 0.044457 -0.488453 -0.396907 -0.046724 -0.491086 -0.000500 -0.000012 -0.000036 0.000000 0.000000 0.000000 0.000000 0.000000 0.000000 -94.881828 0.884649 3.981819 -68.796791 15.036676 -1.308015 -4.721486 -21.613245 51.808987 22.162281 -21.720572 -17.635929 -1.679409 0.430646 44.229980 -0.000006 0.000020 -3.680459 -0.000082 -0.000025 -2.441938 0.000517 -0.000023 -0.002263 31.027105 0.165597 -1.383791 -0.196706 0.037062 0.048743 -0.357188 0.063341 -0.024771 0.000005 0.000077 -0.000016 28.563229 0.083943 -5.906271 -0.244032 -0.009452 -0.019093 -0.118702 0.008593 -0.018294 0.000813 -0.000048 -0.000032 24.959805 -0.038302 -10.257302 0.329819 0.010389 0.050383 0.428277 -0.017364 0.048896 0.002259 0.000003 0.000006 20.502676 -0.105743 -14.209876 0.392834 0.002208 0.239127 0.187683 -0.064220 0.157359 -0.001203 -0.000005 -0.000035 0.000000 0.000000 0.000000 0.000000 0.000000 0.000000 3.231652 2.293465 19.428576 -0.189633 -0.913598 11.920405 -2.972976 -11.582101 14.400814 -0.189633 -0.572630 -27.601051 0.000000 0.000000 0.000000 0.000000 0.000000 0.000000 0.000000 0.000000 0.000000 15.947074 3.777418 19.205467 0.425473 1.426142 17.421473 -5.536203 6.497437 9.918156 0.809939 0.486271 -27.423513 0.000000 0.000000 0.000000 0.000000 0.000000 0.000000 0.000000 0.000000 0.000000 
3.704390 86.379143 14.652527 -4.648605 -4.220584 -16.709236 1.969277 -0.166015 7.733834 -0.167325 -0.049884 1.568108 4.545924 -4.268414 16.769543 -0.488266 -0.859534 1.162767 3.430500 0.740313 11.138161 -4.077661 -0.923472 -7.464320 -0.005761 3.479759 -24.147352 0.000000 0.000000 0.000000 98.409760 -0.732472 3.403742 61.922657 -12.939426 3.593588 3.320293 28.271458 42.438759 -16.399141 10.363517 -15.924787 3.179623 -0.622319 43.595478 0.000014 0.000030 -7.248003 0.000015 0.000046 -4.906830 0.000017 0.000016 -0.000039 -24.279293 0.191027 3.018426 0.412218 0.018689 0.119861 0.306411 0.050079 0.091802 -0.000010 0.000001 -0.000019 -23.930222 0.084549 -2.373716 0.345043 -0.010608 0.042227 0.376082 0.007176 0.052694 -0.000002 0.000114 0.000002 -23.157656 -0.105866 -9.292248 -0.052233 0.007035 -0.131857 -0.071574 -0.014592 -0.106708 -0.000014 0.001580 0.000039 -19.628948 -0.211858 -16.689726 -0.435264 0.039249 -0.478314 -0.420372 -0.050727 -0.482259 -0.000483 -0.000012 -0.000036 0.000000 0.000000 0.000000 0.000000 0.000000 0.000000 -94.858894 0.892208 4.000292 -68.851372 15.163218 -1.337088 -4.708730 -21.592340 51.815456 22.034990 -21.693129 -17.586290 -1.679732 0.430418 44.230431 -0.000006 0.000020 -3.679284 -0.000077 -0.000024 -2.439221 0.000563 -0.000023 -0.002336 31.033735 0.164504 -1.356715 -0.239111 0.038567 0.052324 -0.398784 0.064971 -0.022518 0.000005 0.000033 -0.000016 28.580462 0.083388 -5.886339 -0.283155 -0.008872 -0.017947 -0.155571 0.008977 -0.017126 0.000811 -0.000048 -0.000030 25.007360 -0.037816 -10.245947 0.312957 0.009466 0.047695 0.410743 -0.017955 0.046761 0.002276 0.000003 0.000007 20.578077 -0.104694 -14.204140 0.398904 -0.001500 0.231207 0.190130 -0.067087 0.150732 -0.001198 -0.000005 -0.000035 0.000000 0.000000 0.000000 0.000000 0.000000 0.000000 3.531645 2.106141 19.518515 -0.184624 -0.900267 11.779163 -3.184058 -11.720136 14.404877 -0.181842 -0.575406 -27.577906 0.000000 0.000000 0.000000 0.000000 0.000000 0.000000 0.000000 0.000000 0.000000 16.289562 3.682974 19.041525 0.432225 1.434004 17.663994 -5.755362 6.394965 9.857618 0.815704 0.495000 -27.416939 0.000000 0.000000 0.000000 0.000000 0.000000 0.000000 0.000000 0.000000 0.000000 
3.375170 86.341469 14.660482 -4.770075 -4.147487 -16.688059 2.074525 -0.196196 7.722404 -0.148126 -0.057168 1.596826 4.649951 -4.323350 16.707632 -0.496525 -0.861586 1.175907 3.351765 0.735394 11.156365 -4.097502 -0.944221 -7.460046 -0.016798 3.472756 -24.145077 0.000000 0.000000 0.000000 98.386147 -0.728209 3.415126 61.957218 -12.842485 3.598891 3.344104 28.301729 42.392532 -16.230778 10.340302 -16.003872 3.171384 -0.621698 43.598602 0.000013 0.000031 -7.225339 0.000016 0.000046 -4.891669 0.000017 0.000016 -0.000039 -24.335506 0.190807 2.979800 0.422606 0.020623 0.114511 0.314293 0.052077 0.087166 -0.000010 0.000001 -0.000019 -23.980772 0.084464 -2.421356 0.350823 -0.009950 0.040513 0.384021 0.007749 0.051039 -0.000002 0.000111 0.000002 -23.212690 -0.105194 -9.348711 -0.066923 0.005300 -0.128260 -0.085351 -0.015853 -0.103967 -0.000014 0.001608 0.000038 -19.670815 -0.210003 -16.762009 -0.463248 0.033927 -0.467260 -0.445193 -0.054902 -0.472459 -0.000466 -0.000012 -0.000036 0.000000 0.000000 0.000000 0.000000 0.000000 0.000000 -94.834373 0.898885 4.015937 -68.919403 15.247060 -1.363935 -4.698245 -21.589128 51.833809 21.938761 -21.724432 -17.544449 -1.683449 0.430612 44.229366 -0.000006 0.000020 -3.686421 -0.000073 -0.000024 -2.442641 0.000604 -0.000023 -0.002411 31.023548 0.163661 -1.330436 -0.282534 0.040259 0.056935 -0.442189 0.066765 -0.019285 0.000004 -0.000017 -0.000016 28.579565 0.082898 -5.866429 -0.324154 -0.008227 -0.016378 -0.194204 0.009431 -0.015602 0.000809 -0.000048 -0.000027 25.033854 -0.037454 -10.234056 0.293253 0.008452 0.044550 0.390701 -0.018633 0.044288 0.002293 0.000003 0.000007 20.631134 -0.103925 -14.197678 0.401059 -0.005325 0.222077 0.189920 -0.070139 0.143172 -0.001192 -0.000005 -0.000035 0.000000 0.000000 0.000000 0.000000 0.000000 0.000000 3.822873 1.923743 19.602070 -0.179801 -0.887347 11.647511 -3.390054 -11.855513 14.405328 -0.174152 -0.578526 -27.554956 0.000000 0.000000 0.000000 0.000000 0.000000 0.000000 0.000000 0.000000 0.000000 16.619131 3.594482 18.880716 0.438740 1.441473 17.898781 -5.970178 6.302220 9.797509 0.821224 0.503615 -27.408638 0.000000 0.000000 0.000000 0.000000 0.000000 0.000000 0.000000 0.000000 0.000000 
3.052604 86.303795 14.665368 -4.884663 -4.084232 -16.666800 2.176142 -0.225912 7.711061 -0.128055 -0.064421 1.628285 4.746834 -4.374565 16.644423 -0.505361 -0.862942 1.190753 3.275035 0.735525 11.178031 -4.117093 -0.959872 -7.454550 -0.028523 3.465363 -24.144836 0.000000 0.000000 0.000000 98.356133 -0.724679 3.428500 61.996655 -12.748064 3.617437 3.365929 28.332808 42.338764 -16.089659 10.337236 -16.074390 3.161804 -0.621020 43.602173 0.000013 0.000031 -7.198880 0.000016 0.000046 -4.874427 0.000017 0.000017 -0.000039 -24.397745 0.190832 2.944516 0.430819 0.022786 0.108227 0.319931 0.054272 0.081690 -0.000010 0.000001 -0.000020 -24.036619 0.084420 -2.464544 0.354226 -0.009230 0.038460 0.389938 0.008391 0.049083 -0.000002 0.000108 0.000002 -23.270973 -0.104636 -9.399887 -0.083033 0.003532 -0.124280 -0.100885 -0.017162 -0.100898 -0.000014 0.001633 0.000037 -19.716444 -0.208574 -16.828257 -0.491790 0.028594 -0.455549 -0.470396 -0.059163 -0.461906 -0.000453 -0.000012 -0.000035 0.000000 0.000000 0.000000 0.000000 0.000000 0.000000 -94.808266 0.904144 4.029879 -69.000740 15.292524 -1.388478 -4.689669 -21.600893 51.863773 21.868340 -21.812143 -17.508713 -1.690808 0.431262 44.226673 -0.000006 0.000021 -3.702551 -0.000069 -0.000024 -2.452734 0.000640 -0.000022 -0.002486 30.995834 0.163061 -1.305861 -0.327252 0.042105 0.062450 -0.487665 0.068691 -0.015152 0.000004 -0.000071 -0.000016 28.559572 0.082475 -5.847198 -0.367220 -0.007530 -0.014432 -0.234787 0.009943 -0.013759 0.000807 -0.000047 -0.000025 25.038326 -0.037204 -10.222137 0.270731 0.007372 0.040999 0.368227 -0.019382 0.041515 0.002311 0.000002 0.000007 20.660698 -0.103409 -14.190552 0.399604 -0.009206 0.211932 0.187223 -0.073309 0.134840 -0.001186 -0.000005 -0.000035 0.000000 0.000000 0.000000 0.000000 0.000000 0.000000 4.105193 1.745797 19.680052 -0.175157 -0.874815 11.525249 -3.590753 -11.988146 14.401880 -0.166499 -0.581937 -27.532608 0.000000 0.000000 0.000000 0.000000 0.000000 0.000000 0.000000 0.000000 0.000000 16.935934 3.510753 18.722200 0.445009 1.448456 18.126757 -6.180605 6.218566 9.738349 0.826585 0.512130 -27.398653 0.000000 0.000000 0.000000 0.000000 0.000000 0.000000 0.000000 0.000000 0.000000 
2.736436 86.266266 14.667418 -4.992712 -4.029080 -16.645676 2.274033 -0.255079 7.699883 -0.107254 -0.071613 1.662852 4.836699 -4.422365 16.579519 -0.514388 -0.863688 1.206705 3.200702 0.739430 11.201020 -4.136401 -0.971837 -7.449089 -0.040522 3.457498 -24.145548 0.000000 0.000000 0.000000 98.319649 -0.721653 3.444156 62.041569 -12.656794 3.646309 3.386242 28.363132 42.278778 -15.973460 10.360460 -16.135885 3.151125 -0.620308 43.606079 0.000013 0.000032 -7.169310 0.000016 0.000046 -4.855432 0.000017 0.000017 -0.000039 -24.464441 0.191025 2.911795 0.437410 0.025073 0.101365 0.323854 0.056566 0.075703 -0.000010 0.000001 -0.000020 -24.095852 0.084400 -2.503629 0.355822 -0.008483 0.036196 0.394363 0.009069 0.046930 -0.000001 0.000104 0.000002 -23.330210 -0.104183 -9.445463 -0.099747 0.001782 -0.120070 -0.117308 -0.018474 -0.097614 -0.000014 0.001652 0.000037 -19.763414 -0.207529 -16.887606 -0.519716 0.023397 -0.443511 -0.494757 -0.063381 -0.450874 -0.000441 -0.000012 -0.000035 0.000000 0.000000 0.000000 0.000000 0.000000 0.000000 -94.780197 0.907558 4.043017 -69.094849 15.304709 -1.411087 -4.682680 -21.625139 51.905178 21.819143 -21.953104 -17.477259 -1.701744 0.432368 44.222363 -0.000006 0.000021 -3.727606 -0.000066 -0.000024 -2.469493 0.000672 -0.000022 -0.002562 30.950926 0.162665 -1.283900 -0.373249 0.044049 0.068660 -0.535139 0.070692 -0.010286 0.000003 -0.000129 -0.000016 28.520649 0.082104 -5.829293 -0.412227 -0.006800 -0.012187 -0.277203 0.010493 -0.011663 0.000806 -0.000047 -0.000024 25.020947 -0.037046 -10.210667 0.245648 0.006260 0.037135 0.343645 -0.020179 0.038512 0.002328 0.000002 0.000007 20.666626 -0.103092 -14.182801 0.394930 -0.013064 0.201048 0.182292 -0.076510 0.125960 -0.001178 -0.000005 -0.000035 0.000000 0.000000 0.000000 0.000000 0.000000 0.000000 4.378630 1.571734 19.753166 -0.170677 -0.862590 11.412122 -3.786155 -12.117826 14.394577 -0.158781 -0.585625 -27.511341 0.000000 0.000000 0.000000 0.000000 0.000000 0.000000 0.000000 0.000000 0.000000 17.240356 3.430593 18.564819 0.451040 1.454893 18.349552 -6.386574 6.143082 9.680644 0.831866 0.520520 -27.387335 0.000000 0.000000 0.000000 0.000000 0.000000 0.000000 0.000000 0.000000 0.000000 
2.426420 86.228996 14.666722 -5.094677 -3.979834 -16.624266 2.368297 -0.283624 7.688775 -0.085797 -0.078788 1.700557 4.920151 -4.467129 16.511919 -0.523138 -0.863967 1.223445 3.129017 0.745982 11.223872 -4.155396 -0.981313 -7.444518 -0.052534 3.449190 -24.146412 0.000000 0.000000 0.000000 98.276932 -0.718777 3.461961 62.091743 -12.568808 3.682880 3.405363 28.391512 42.214008 -15.880314 10.409823 -16.187647 3.139064 -0.619535 43.610409 0.000013 0.000033 -7.136169 0.000016 0.000046 -4.834118 0.000017 0.000017 -0.000039 -24.536018 0.191332 2.881063 0.442599 0.027376 0.094223 0.326277 0.058860 0.069470 -0.000010 0.000001 -0.000020 -24.158670 0.084394 -2.539045 0.355919 -0.007743 0.033830 0.397539 0.009753 0.044668 -0.000001 0.000101 0.000002 -23.390144 -0.103826 -9.485615 -0.116644 0.000105 -0.115762 -0.134103 -0.019744 -0.094220 -0.000014 0.001666 0.000036 -19.811285 -0.206836 -16.940071 -0.546423 0.018493 -0.431469 -0.517706 -0.067411 -0.439662 -0.000433 -0.000012 -0.000035 0.000000 0.000000 0.000000 0.000000 0.000000 0.000000 -94.749557 0.908679 4.056175 -69.201920 15.289303 -1.432653 -4.676868 -21.658632 51.954632 21.786963 -22.144112 -17.448229 -1.715791 0.433887 44.216553 -0.000005 0.000021 -3.760766 -0.000063 -0.000024 -2.492286 0.000700 -0.000022 -0.002637 30.890932 0.162434 -1.265128 -0.420402 0.046037 0.075359 -0.584396 0.072712 -0.004844 0.000003 -0.000189 -0.000016 28.464657 0.081774 -5.813148 -0.458922 -0.006057 -0.009722 -0.321248 0.011063 -0.009372 0.000807 -0.000047 -0.000022 24.982964 -0.036964 -10.200233 0.218229 0.005143 0.033037 0.317157 -0.021002 0.035342 0.002345 0.000002 0.000007 20.649569 -0.102935 -14.174938 0.387290 -0.016828 0.189642 0.175184 -0.079665 0.116715 -0.001168 -0.000005 -0.000036 0.000000 0.000000 0.000000 0.000000 0.000000 0.000000 4.643712 1.401377 19.820873 -0.166333 -0.850546 11.308634 -3.976505 -12.244785 14.383621 -0.150884 -0.589607 -27.491596 0.000000 0.000000 0.000000 0.000000 0.000000 0.000000 0.000000 0.000000 0.000000 17.533104 3.352841 18.407324 0.456854 1.460729 18.568455 -6.587874 6.074468 9.625416 0.837057 0.528781 -27.375433 0.000000 0.000000 0.000000 0.000000 0.000000 0.000000 0.000000 0.000000 0.000000 
2.122286 86.192162 14.663307 -5.191222 -3.934058 -16.601891 2.459266 -0.311449 7.677505 -0.063803 -0.085999 1.741079 4.998274 -4.509214 16.440872 -0.531310 -0.863848 1.240780 3.060310 0.754384 11.245704 -4.173972 -0.989053 -7.441383 -0.064385 3.440521 -24.146988 0.000000 0.000000 0.000000 98.228523 -0.715717 3.481497 62.145840 -12.484389 3.725071 3.423702 28.417595 42.144825 -15.808742 10.480976 -16.230181 3.125106 -0.618634 43.615383 0.000013 0.000034 -7.098478 0.000016 0.000046 -4.809576 0.000017 0.000018 -0.000039 -24.614208 0.191716 2.851976 0.446271 0.029612 0.087060 0.327097 0.061084 0.063227 -0.000009 0.000001 -0.000020 -24.226805 0.084400 -2.571210 0.354531 -0.007035 0.031459 0.399435 0.010421 0.042380 -0.000001 0.000097 0.000002 -23.451963 -0.103556 -9.520700 -0.133729 -0.001461 -0.111492 -0.151213 -0.020944 -0.090828 -0.000014 0.001676 0.000035 -19.860661 -0.206455 -16.985973 -0.571954 0.013983 -0.419758 -0.539352 -0.071145 -0.428611 -0.000427 -0.000012 -0.000035 0.000000 0.000000 0.000000 0.000000 0.000000 0.000000 -94.716293 0.907291 4.069711 -69.320511 15.253502 -1.453394 -4.671723 -21.697863 52.007713 21.766899 -22.377613 -17.419165 -1.732084 0.435741 44.209557 -0.000005 0.000022 -3.800283 -0.000060 -0.000023 -2.519809 0.000725 -0.000022 -0.002711 30.819742 0.162333 -1.249942 -0.468054 0.048026 0.082336 -0.634676 0.074711 0.000988 0.000003 -0.000252 -0.000016 28.395226 0.081472 -5.799117 -0.506515 -0.005317 -0.007129 -0.366221 0.011636 -0.006956 0.000809 -0.000047 -0.000021 24.927271 -0.036949 -10.191271 0.189127 0.004038 0.028796 0.289342 -0.021834 0.032083 0.002363 0.000002 0.000007 20.611696 -0.102907 -14.167438 0.377269 -0.020457 0.177966 0.166259 -0.082719 0.107310 -0.001158 -0.000005 -0.000036 0.000000 0.000000 0.000000 0.000000 0.000000 0.000000 4.901473 1.235031 19.882029 -0.162098 -0.838562 11.215377 -4.162281 -12.369000 14.369254 -0.142661 -0.593868 -27.473534 0.000000 0.000000 0.000000 0.000000 0.000000 0.000000 0.000000 0.000000 0.000000 17.815334 3.276483 18.248518 0.462481 1.465940 18.784260 -6.784451 6.011475 9.573890 0.842134 0.536936 -27.363838 0.000000 0.000000 0.000000 0.000000 0.000000 0.000000 0.000000 0.000000 0.000000 
1.823701 86.155861 14.657361 -5.282978 -3.889686 -16.578899 2.547067 -0.338462 7.666068 -0.041375 -0.093315 1.784677 5.071562 -4.548780 16.366827 -0.538877 -0.863342 1.258155 2.994902 0.763587 11.264999 -4.192136 -0.996293 -7.440348 -0.075645 3.431509 -24.146353 0.000000 0.000000 0.000000 98.174797 -0.712255 3.503154 62.203705 -12.403600 3.770521 3.441494 28.440697 42.072128 -15.756482 10.573371 -16.265743 3.109535 -0.617604 43.620895 0.000013 0.000034 -7.057002 0.000016 0.000046 -4.782301 0.000017 0.000018 -0.000039 -24.698744 0.192101 2.824915 0.448831 0.031744 0.080115 0.326721 0.063211 0.057193 -0.000009 0.000001 -0.000020 -24.300097 0.084400 -2.599916 0.352196 -0.006371 0.029177 0.400521 0.011056 0.040148 -0.000001 0.000093 0.000002 -23.515587 -0.103359 -9.550431 -0.150663 -0.002905 -0.107389 -0.168270 -0.022057 -0.087542 -0.000014 0.001682 0.000035 -19.911051 -0.206314 -17.025185 -0.596006 0.009896 -0.408684 -0.559397 -0.074557 -0.417989 -0.000424 -0.000012 -0.000035 0.000000 0.000000 0.000000 0.000000 0.000000 0.000000 -94.680893 0.903476 4.084156 -69.448067 15.203611 -1.473014 -4.666573 -21.740522 52.064636 21.756741 -22.645813 -17.390148 -1.749944 0.437857 44.201637 -0.000005 0.000022 -3.844503 -0.000058 -0.000023 -2.550893 0.000747 -0.000021 -0.002782 30.740593 0.162318 -1.237430 -0.515467 0.049975 0.089329 -0.685135 0.076650 0.006962 0.000002 -0.000316 -0.000017 28.315529 0.081185 -5.786414 -0.554231 -0.004592 -0.004508 -0.411404 0.012198 -0.004505 0.000813 -0.000047 -0.000020 24.857033 -0.036982 -10.182991 0.159195 0.002962 0.024571 0.260928 -0.022655 0.028852 0.002381 0.000002 0.000007 20.555731 -0.102964 -14.159573 0.365576 -0.023920 0.166437 0.156117 -0.085630 0.098076 -0.001146 -0.000005 -0.000036 0.000000 0.000000 0.000000 0.000000 0.000000 0.000000 5.152484 1.072495 19.936590 -0.157965 -0.826576 11.132115 -4.343657 -12.490267 14.351970 -0.134019 -0.598371 -27.457363 0.000000 0.000000 0.000000 0.000000 0.000000 0.000000 0.000000 0.000000 0.000000 18.087931 3.200709 18.087250 0.467940 1.470525 18.998930 -6.976345 5.952913 9.526227 0.847079 0.544943 -27.353046 0.000000 0.000000 0.000000 0.000000 0.000000 0.000000 0.000000 0.000000 0.000000 
1.530353 86.120186 14.649035 -5.370686 -3.844766 -16.555111 2.631993 -0.364675 7.654343 -0.018488 -0.100846 1.831051 5.140640 -4.586269 16.290009 -0.545731 -0.862576 1.275134 2.932725 0.772829 11.280817 -4.209965 -1.003920 -7.441735 -0.086136 3.422186 -24.143890 0.000000 0.000000 0.000000 98.116219 -0.708169 3.526880 62.264614 -12.326540 3.817144 3.458796 28.460407 41.997009 -15.720948 10.683961 -16.294992 3.092413 -0.616415 43.626972 0.000013 0.000035 -7.011961 0.000016 0.000046 -4.752393 0.000018 0.000018 -0.000039 -24.789703 0.192454 2.800417 0.450580 0.033742 0.073582 0.325455 0.065216 0.051539 -0.000009 0.000001 -0.000021 -24.378942 0.084387 -2.624786 0.349301 -0.005757 0.027057 0.401113 0.011645 0.038035 -0.000000 0.000089 0.000002 -23.581858 -0.103223 -9.574516 -0.167217 -0.004219 -0.103543 -0.185000 -0.023072 -0.084437 -0.000014 0.001684 0.000034 -19.963150 -0.206355 -17.057505 -0.618398 0.006244 -0.398465 -0.577689 -0.077628 -0.408001 -0.000424 -0.000012 -0.000035 0.000000 0.000000 0.000000 0.000000 0.000000 0.000000 -94.643471 0.897436 4.099858 -69.583405 15.143676 -1.491957 -4.660918 -21.784960 52.124203 21.755013 -22.942770 -17.360535 -1.768790 0.440154 44.193069 -0.000005 0.000022 -3.891959 -0.000055 -0.000023 -2.584477 0.000767 -0.000021 -0.002852 30.656357 0.162357 -1.226787 -0.562265 0.051862 0.096145 -0.735283 0.078509 0.012886 0.000002 -0.000379 -0.000017 28.228674 0.080907 -5.774299 -0.601637 -0.003890 -0.001940 -0.456404 0.012740 -0.002084 0.000818 -0.000047 -0.000020 24.775656 -0.037052 -10.174717 0.128909 0.001919 0.020465 0.232261 -0.023457 0.025731 0.002399 0.000002 0.000007 20.484993 -0.103061 -14.150786 0.352603 -0.027205 0.155338 0.145022 -0.088379 0.089220 -0.001133 -0.000005 -0.000036 0.000000 0.000000 0.000000 0.000000 0.000000 0.000000 5.397698 0.913728 19.984140 -0.153917 -0.814481 11.058419 -4.521155 -12.608870 14.332524 -0.124896 -0.603119 -27.443316 0.000000 0.000000 0.000000 0.000000 0.000000 0.000000 0.000000 0.000000 0.000000 18.351934 3.124770 17.922394 0.473262 1.474509 19.213596 -7.163534 5.897182 9.482941 0.851814 0.552791 -27.343641 0.000000 0.000000 0.000000 0.000000 0.000000 0.000000 0.000000 0.000000 0.000000 
1.241959 86.085197 14.638429 -5.455001 -3.797425 -16.530010 2.714374 -0.390112 7.642053 0.004814 -0.108666 1.879516 5.206389 -4.622106 16.210672 -0.551812 -0.861651 1.291577 2.873887 0.781726 11.292905 -4.227462 -1.012158 -7.445572 -0.095919 3.412642 -24.139414 0.000000 0.000000 0.000000 98.053711 -0.703365 3.552196 62.326702 -12.253539 3.863573 3.475642 28.476944 41.920616 -15.699701 10.805956 -16.318462 3.073557 -0.615024 43.633720 0.000012 0.000035 -6.963037 0.000016 0.000046 -4.719532 0.000018 0.000018 -0.000039 -24.887648 0.192769 2.778546 0.451461 0.035587 0.067565 0.323251 0.067089 0.046356 -0.000009 0.000001 -0.000021 -24.464228 0.084362 -2.645959 0.345878 -0.005194 0.025142 0.401209 0.012185 0.036078 -0.000000 0.000086 0.000001 -23.651865 -0.103141 -9.593340 -0.183447 -0.005402 -0.100006 -0.201451 -0.023989 -0.081560 -0.000014 0.001684 0.000033 -20.017862 -0.206543 -17.083487 -0.639329 0.003014 -0.389214 -0.594492 -0.080356 -0.398785 -0.000425 -0.000012 -0.000034 0.000000 0.000000 0.000000 0.000000 0.000000 0.000000 -94.604546 0.889494 4.116833 -69.725143 15.077434 -1.510334 -4.654477 -21.829704 52.184036 21.759472 -23.261200 -17.329052 -1.787944 0.442545 44.184116 -0.000005 0.000022 -3.941020 -0.000053 -0.000023 -2.619337 0.000786 -0.000021 -0.002918 30.570196 0.162439 -1.217696 -0.607943 0.053671 0.102643 -0.784490 0.080277 0.018616 0.000002 -0.000442 -0.000017 28.138060 0.080636 -5.762531 -0.648165 -0.003214 0.000512 -0.500716 0.013259 0.000259 0.000824 -0.000047 -0.000019 24.686674 -0.037155 -10.166296 0.098749 0.000911 0.016540 0.203674 -0.024234 0.022774 0.002417 0.000002 0.000007 20.402994 -0.103188 -14.141124 0.338722 -0.030306 0.144830 0.133160 -0.090965 0.080861 -0.001119 -0.000005 -0.000036 0.000000 0.000000 0.000000 0.000000 0.000000 0.000000 5.638138 0.758877 20.024021 -0.149940 -0.802204 10.993730 -4.695364 -12.725216 14.311641 -0.115247 -0.608094 -27.431496 0.000000 0.000000 0.000000 0.000000 0.000000 0.000000 0.000000 0.000000 0.000000 18.608435 3.048041 17.753319 0.478482 1.477939 19.428162 -7.346004 5.842658 9.444810 0.856248 0.560505 -27.336117 0.000000 0.000000 0.000000 0.000000 0.000000 0.000000 0.000000 0.000000 0.000000 
0.958247 86.050949 14.625688 -5.536430 -3.746177 -16.503574 2.794480 -0.414764 7.629054 0.028433 -0.116778 1.929631 5.269321 -4.656312 16.129623 -0.557354 -0.860503 1.307435 2.818645 0.789706 11.301191 -4.244665 -1.021464 -7.451803 -0.104914 3.402947 -24.132797 0.000000 0.000000 0.000000 97.987976 -0.697831 3.578981 62.388596 -12.184416 3.908870 3.492100 28.490528 41.843891 -15.690798 10.934907 -16.337772 3.052968 -0.613419 43.641155 0.000012 0.000036 -6.910316 0.000016 0.000046 -4.683712 0.000018 0.000019 -0.000040 -24.992727 0.193029 2.759179 0.451367 0.037270 0.062129 0.320018 0.068824 0.041694 -0.000009 0.000001 -0.000021 -24.556353 0.084324 -2.663767 0.341915 -0.004683 0.023459 0.400782 0.012671 0.034303 -0.000000 0.000082 0.000001 -23.726187 -0.103103 -9.607468 -0.199462 -0.006455 -0.096822 -0.217740 -0.024806 -0.078949 -0.000014 0.001683 0.000033 -20.075548 -0.206834 -17.103926 -0.659062 0.000191 -0.381025 -0.610077 -0.082747 -0.390429 -0.000429 -0.000012 -0.000034 0.000000 0.000000 0.000000 0.000000 0.000000 0.000000 -94.564735 0.880074 4.134877 -69.870865 15.008510 -1.527266 -4.647135 -21.873880 52.243198 21.768997 -23.594112 -17.295647 -1.806764 0.444949 44.175060 -0.000005 0.000023 -3.990047 -0.000052 -0.000023 -2.654275 0.000805 -0.000021 -0.002982 30.484892 0.162544 -1.209787 -0.651809 0.055379 0.108669 -0.831945 0.081932 0.024000 0.000002 -0.000502 -0.000017 28.046768 0.080366 -5.750809 -0.693131 -0.002574 0.002779 -0.543693 0.013745 0.002468 0.000829 -0.000047 -0.000019 24.593273 -0.037287 -10.157439 0.069319 -0.000055 0.012876 0.175657 -0.024976 0.020043 0.002435 0.000002 0.000007 20.312885 -0.103348 -14.130468 0.324396 -0.033211 0.135112 0.120853 -0.093373 0.073142 -0.001104 -0.000005 -0.000036 0.000000 0.000000 0.000000 0.000000 0.000000 0.000000 5.874392 0.607703 20.056173 -0.146038 -0.789743 10.937304 -4.866674 -12.839576 14.289888 -0.105053 -0.613262 -27.421900 0.000000 0.000000 0.000000 0.000000 0.000000 0.000000 0.000000 0.000000 0.000000 18.858181 2.970066 17.579725 0.483622 1.480878 19.642588 -7.523762 5.787935 9.412089 0.860357 0.568093 -27.330769 0.000000 0.000000 0.000000 0.000000 0.000000 0.000000 0.000000 0.000000 0.000000 
0.678973 86.017487 14.610968 -5.615386 -3.689875 -16.475735 2.872524 -0.438648 7.615262 0.052306 -0.125181 1.980823 5.329840 -4.688928 16.047701 -0.562594 -0.859074 1.322689 2.767188 0.796318 11.305686 -4.261648 -1.032161 -7.460282 -0.113117 3.393181 -24.123928 0.000000 0.000000 0.000000 97.919693 -0.691623 3.607044 62.448936 -12.118776 3.952456 3.508173 28.501394 41.767826 -15.692599 11.066481 -16.354311 3.030696 -0.611584 43.649292 0.000012 0.000036 -6.853905 0.000016 0.000046 -4.644974 0.000018 0.000019 -0.000040 -25.104950 0.193225 2.742167 0.450291 0.038796 0.057290 0.315757 0.070427 0.037564 -0.000009 0.000002 -0.000021 -24.655651 0.084272 -2.678527 0.337472 -0.004219 0.022017 0.399884 0.013104 0.032721 0.000000 0.000079 0.000001 -23.805590 -0.103099 -9.617516 -0.215291 -0.007391 -0.093999 -0.233895 -0.025530 -0.076614 -0.000014 0.001681 0.000032 -20.136894 -0.207182 -17.119656 -0.677788 -0.002267 -0.373905 -0.624640 -0.084830 -0.382952 -0.000433 -0.000012 -0.000034 0.000000 0.000000 0.000000 0.000000 0.000000 0.000000 -94.524597 0.869586 4.153756 -70.018845 14.939148 -1.542281 -4.638877 -21.916967 52.301197 21.783070 -23.935297 -17.260479 -1.824784 0.447292 44.166138 -0.000005 0.000023 -4.037743 -0.000050 -0.000023 -2.688351 0.000823 -0.000021 -0.003042 30.402792 0.162657 -1.202730 -0.693299 0.056974 0.114127 -0.876989 0.083466 0.028936 0.000001 -0.000559 -0.000017 27.957510 0.080093 -5.738885 -0.736001 -0.001972 0.004818 -0.584834 0.014197 0.004508 0.000833 -0.000047 -0.000020 24.498508 -0.037445 -10.147914 0.041072 -0.000976 0.009520 0.148581 -0.025680 0.017572 0.002453 0.000003 0.000007 20.217932 -0.103529 -14.118748 0.309975 -0.035923 0.126293 0.108313 -0.095607 0.066140 -0.001089 -0.000006 -0.000036 0.000000 0.000000 0.000000 0.000000 0.000000 0.000000 6.106932 0.459914 20.080713 -0.142212 -0.777108 10.888146 -5.035448 -12.952237 14.267834 -0.094316 -0.618580 -27.414503 0.000000 0.000000 0.000000 0.000000 0.000000 0.000000 0.000000 0.000000 0.000000 19.101805 2.890468 17.401484 0.488702 1.483393 19.856499 -7.696822 5.731712 9.384968 0.864123 0.575561 -27.327728 0.000000 0.000000 0.000000 0.000000 0.000000 0.000000 0.000000 0.000000 0.000000 
0.403957 85.984840 14.594362 -5.692143 -3.627591 -16.446362 2.948680 -0.461777 7.600616 0.076364 -0.133857 2.032558 5.388228 -4.719880 15.965593 -0.567823 -0.857276 1.337433 2.719877 0.801199 11.306773 -4.278456 -1.044353 -7.470649 -0.120580 3.383456 -24.112885 0.000000 0.000000 0.000000 97.849548 -0.684820 3.636037 62.505993 -12.056199 3.994110 3.523795 28.509682 41.693569 -15.703205 11.195661 -16.368921 3.006768 -0.609519 43.658138 0.000012 0.000037 -6.793898 0.000016 0.000046 -4.603339 0.000018 0.000019 -0.000040 -25.224113 0.193360 2.727049 0.448152 0.040173 0.053005 0.310408 0.071909 0.033920 -0.000009 0.000002 -0.000021 -24.762205 0.084205 -2.690853 0.332500 -0.003797 0.020803 0.398492 0.013489 0.031320 0.000000 0.000075 0.000001 -23.890535 -0.103118 -9.624374 -0.231073 -0.008221 -0.091526 -0.250059 -0.026170 -0.074549 -0.000013 0.001680 0.000032 -20.202417 -0.207565 -17.131775 -0.695853 -0.004393 -0.367813 -0.638529 -0.086627 -0.376328 -0.000438 -0.000012 -0.000034 0.000000 0.000000 0.000000 0.000000 0.000000 0.000000 -94.484505 0.858342 4.173138 -70.167503 14.871462 -1.554911 -4.629739 -21.958433 52.357098 21.800764 -24.279465 -17.223751 -1.841612 0.449516 44.157536 -0.000005 0.000023 -4.083037 -0.000049 -0.000022 -2.720752 0.000843 -0.000020 -0.003099 30.325768 0.162772 -1.196402 -0.731937 0.058440 0.118938 -0.919043 0.084867 0.033347 0.000001 -0.000613 -0.000018 27.872511 0.079818 -5.726698 -0.776340 -0.001414 0.006598 -0.623712 0.014610 0.006352 0.000836 -0.000047 -0.000020 24.404856 -0.037626 -10.137674 0.014347 -0.001851 0.006503 0.122701 -0.026339 0.015386 0.002472 0.000003 0.000007 20.120846 -0.103742 -14.106066 0.295708 -0.038440 0.118440 0.095665 -0.097665 0.059895 -0.001073 -0.000006 -0.000036 0.000000 0.000000 0.000000 0.000000 0.000000 0.000000 6.336032 0.315147 20.097731 -0.138470 -0.764341 10.845305 -5.201892 -13.063542 14.245989 -0.083064 -0.623991 -27.409220 0.000000 0.000000 0.000000 0.000000 0.000000 0.000000 0.000000 0.000000 0.000000 19.339762 2.808975 17.218681 0.493739 1.485544 20.069221 -7.865205 5.672905 9.363550 0.867534 0.582931 -27.327137 0.000000 0.000000 0.000000 0.000000 0.000000 0.000000 0.000000 0.000000 0.000000 
0.133017 85.953026 14.575994 -5.766845 -3.558776 -16.415823 3.023025 -0.484141 7.585295 0.100557 -0.142764 2.084749 5.444397 -4.748896 15.884109 -0.573443 -0.854972 1.351632 2.676925 0.803859 11.304598 -4.295220 -1.058568 -7.482634 -0.127170 3.373840 -24.099495 0.000000 0.000000 0.000000 97.777863 -0.677539 3.666011 62.559338 -11.995586 4.033883 3.538890 28.515486 41.621643 -15.722138 11.321027 -16.382961 2.981381 -0.607233 43.667645 0.000012 0.000037 -6.730684 0.000017 0.000046 -4.559116 0.000018 0.000020 -0.000040 -25.349886 0.193416 2.713743 0.445062 0.041413 0.049246 0.304080 0.073281 0.030732 -0.000009 0.000002 -0.000022 -24.875935 0.084120 -2.700983 0.327162 -0.003413 0.019806 0.396784 0.013827 0.030092 0.000000 0.000072 0.000001 -23.981441 -0.103147 -9.628506 -0.246705 -0.008956 -0.089383 -0.266140 -0.026732 -0.072740 -0.000013 0.001679 0.000031 -20.272587 -0.207940 -17.141008 -0.713259 -0.006226 -0.362690 -0.651717 -0.088171 -0.370487 -0.000443 -0.000012 -0.000034 0.000000 0.000000 0.000000 0.000000 0.000000 0.000000 -94.444626 0.846608 4.192772 -70.315575 14.806683 -1.564865 -4.619725 -21.998051 52.411865 21.823412 -24.623695 -17.187140 -1.857044 0.451585 44.149372 -0.000005 0.000023 -4.125251 -0.000048 -0.000022 -2.750993 0.000862 -0.000020 -0.003153 30.254810 0.162871 -1.190399 -0.767328 0.059764 0.123025 -0.957660 0.086123 0.037161 0.000001 -0.000663 -0.000018 27.793072 0.079534 -5.713925 -0.813830 -0.000906 0.008091 -0.660019 0.014980 0.007972 0.000838 -0.000046 -0.000020 24.313923 -0.037823 -10.126437 -0.010591 -0.002670 0.003870 0.098270 -0.026949 0.013511 0.002490 0.000003 0.000007 20.023533 -0.103977 -14.092199 0.281785 -0.040756 0.111660 0.083033 -0.099541 0.054485 -0.001057 -0.000006 -0.000036 0.000000 0.000000 0.000000 0.000000 0.000000 0.000000 6.561606 0.172700 20.107853 -0.134821 -0.751508 10.807796 -5.366017 -13.173691 14.224762 -0.071338 -0.629447 -27.406017 0.000000 0.000000 0.000000 0.000000 0.000000 0.000000 0.000000 0.000000 0.000000 19.572159 2.725496 17.031422 0.498732 1.487385 20.280689 -8.028892 5.610803 9.347489 0.870618 0.590198 -27.328979 0.000000 0.000000 0.000000 0.000000 0.000000 0.000000 0.000000 0.000000 0.000000 
-0.134011 85.922050 14.555964 -5.839772 -3.483033 -16.384123 3.095760 -0.505808 7.569399 0.124944 -0.151909 2.137065 5.498423 -4.776063 15.803596 -0.579656 -0.852157 1.365236 2.638116 0.804270 11.299424 -4.312064 -1.074922 -7.495954 -0.132973 3.364372 -24.083742 0.000000 0.000000 0.000000 97.705017 -0.669878 3.696692 62.608070 -11.935872 4.072249 3.553341 28.518908 41.551949 -15.749249 11.440955 -16.396742 2.954576 -0.604713 43.677811 0.000012 0.000038 -6.664263 0.000017 0.000046 -4.512330 0.000018 0.000020 -0.000040 -25.482149 0.193390 2.702408 0.441109 0.042531 0.045983 0.296855 0.074555 0.027962 -0.000009 0.000002 -0.000022 -24.997066 0.084017 -2.708838 0.321547 -0.003058 0.019011 0.394845 0.014124 0.029020 0.000001 0.000068 0.000001 -24.079123 -0.103173 -9.630051 -0.262133 -0.009614 -0.087538 -0.282076 -0.027229 -0.071165 -0.000013 0.001679 0.000030 -20.348417 -0.208277 -17.147564 -0.730035 -0.007808 -0.358442 -0.664230 -0.089494 -0.365348 -0.000448 -0.000012 -0.000033 0.000000 0.000000 0.000000 0.000000 0.000000 0.000000 -94.404877 0.834581 4.212413 -70.462814 14.744484 -1.572672 -4.608912 -22.035599 52.465290 21.852041 -24.966480 -17.151718 -1.870984 0.453473 44.141708 -0.000005 0.000024 -4.164024 -0.000047 -0.000022 -2.778804 0.000883 -0.000020 -0.003204 30.190475 0.162945 -1.184582 -0.799260 0.060948 0.126379 -0.992608 0.087238 0.040357 0.000001 -0.000709 -0.000018 27.720119 0.079240 -5.700479 -0.848313 -0.000445 0.009298 -0.693578 0.015310 0.009368 0.000837 -0.000046 -0.000021 24.227243 -0.038031 -10.114165 -0.033634 -0.003441 0.001622 0.075406 -0.027511 0.011945 0.002509 0.000003 0.000007 19.927944 -0.104216 -14.077100 0.268298 -0.042887 0.105931 0.070475 -0.101249 0.049885 -0.001042 -0.000006 -0.000036 0.000000 0.000000 0.000000 0.000000 0.000000 0.000000 6.783923 0.032109 20.111328 -0.131264 -0.738625 10.774753 -5.528081 -13.282977 14.204578 -0.059174 -0.634911 -27.404869 0.000000 0.000000 0.000000 0.000000 0.000000 0.000000 0.000000 0.000000 0.000000 19.799356 2.639978 16.839638 0.503689 1.488959 20.490635 -8.187919 5.544901 9.336680 0.873378 0.597390 -27.333286 0.000000 0.000000 0.000000 0.000000 0.000000 0.000000 0.000000 0.000000 0.000000 
-0.397277 85.891899 14.534354 -5.911150 -3.400104 -16.351141 3.167057 -0.526851 7.552960 0.149572 -0.161300 2.189168 5.550425 -4.801505 15.724257 -0.586552 -0.848853 1.378250 2.603161 0.802624 11.291521 -4.329052 -1.093236 -7.510381 -0.138152 3.355094 -24.065750 0.000000 0.000000 0.000000 97.631332 -0.661932 3.727755 62.651321 -11.876263 4.109741 3.567043 28.519979 41.484516 -15.784142 11.553681 -16.410324 2.926386 -0.601954 43.688652 0.000012 0.000038 -6.594671 0.000017 0.000045 -4.463032 0.000019 0.000020 -0.000040 -25.620602 0.193289 2.693044 0.436335 0.043542 0.043157 0.288778 0.075742 0.025557 -0.000009 0.000002 -0.000022 -25.125467 0.083896 -2.714469 0.315668 -0.002727 0.018393 0.392693 0.014388 0.028085 0.000001 0.000065 0.000001 -24.183838 -0.103192 -9.629214 -0.277383 -0.010209 -0.085949 -0.297886 -0.027673 -0.069797 -0.000013 0.001679 0.000030 -20.430351 -0.208556 -17.151684 -0.746317 -0.009176 -0.354961 -0.676197 -0.090626 -0.360831 -0.000452 -0.000012 -0.000033 0.000000 0.000000 0.000000 0.000000 0.000000 0.000000 -94.365204 0.822409 4.231776 -70.609070 14.684673 -1.578866 -4.597383 -22.070623 52.516541 21.886494 -25.306168 -17.118164 -1.883385 0.455169 44.134579 -0.000005 0.000024 -4.199162 -0.000047 -0.000022 -2.804013 0.000904 -0.000020 -0.003251 30.133041 0.162992 -1.179005 -0.827586 0.062000 0.129030 -1.023733 0.088225 0.042953 0.000000 -0.000750 -0.000018 27.654222 0.078935 -5.686479 -0.879660 -0.000026 0.010234 -0.724234 0.015605 0.010546 0.000833 -0.000046 -0.000022 24.145794 -0.038249 -10.101004 -0.054671 -0.004165 -0.000263 0.054230 -0.028030 0.010673 0.002528 0.000003 0.000007 19.835451 -0.104449 -14.060940 0.255393 -0.044848 0.101185 0.058110 -0.102804 0.046045 -0.001026 -0.000006 -0.000036 0.000000 0.000000 0.000000 0.000000 0.000000 0.000000 7.003239 -0.106916 20.108267 -0.127801 -0.725708 10.745532 -5.688318 -13.391671 14.185760 -0.046602 -0.640356 -27.405710 0.000000 0.000000 0.000000 0.000000 0.000000 0.000000 0.000000 0.000000 0.000000 20.021696 2.552440 16.643301 0.508614 1.490287 20.698725 -8.342358 5.474957 9.331090 0.875815 0.604559 -27.340080 0.000000 0.000000 0.000000 0.000000 0.000000 0.000000 0.000000 0.000000 0.000000 
-0.656912 85.862556 14.511245 -5.981097 -3.309871 -16.316833 3.237005 -0.547323 7.536008 0.174460 -0.170941 2.240849 5.600431 -4.825278 15.646320 -0.594178 -0.845080 1.390689 2.571811 0.799117 11.281065 -4.346203 -1.113295 -7.525771 -0.142842 3.346053 -24.045633 0.000000 0.000000 0.000000 97.557175 -0.653789 3.758947 62.688461 -11.816085 4.146747 3.579916 28.518661 41.419575 -15.826229 11.658200 -16.423769 2.896942 -0.598965 43.700108 0.000012 0.000039 -6.522196 0.000017 0.000045 -4.411451 0.000019 0.000020 -0.000040 -25.764610 0.193113 2.685578 0.430864 0.044464 0.040698 0.279967 0.076861 0.023448 -0.000009 0.000002 -0.000022 -25.260569 0.083760 -2.717965 0.309607 -0.002410 0.017922 0.390409 0.014625 0.027261 0.000001 0.000062 0.000000 -24.295330 -0.103198 -9.626165 -0.292451 -0.010754 -0.084580 -0.313562 -0.028074 -0.068609 -0.000013 0.001679 0.000030 -20.518360 -0.208765 -17.153502 -0.762226 -0.010369 -0.352139 -0.687747 -0.091597 -0.356854 -0.000455 -0.000012 -0.000033 0.000000 0.000000 0.000000 0.000000 0.000000 0.000000 -94.325584 0.810200 4.250597 -70.754105 14.627261 -1.583963 -4.585222 -22.102598 52.565083 21.926130 -25.641148 -17.087076 -1.894281 0.456675 44.128017 -0.000005 0.000024 -4.230658 -0.000046 -0.000022 -2.826600 0.000926 -0.000020 -0.003296 30.082443 0.163009 -1.173736 -0.852256 0.062927 0.131008 -1.050988 0.089092 0.044974 0.000000 -0.000788 -0.000019 27.595465 0.078620 -5.672041 -0.907812 0.000353 0.010913 -0.751913 0.015867 0.011516 0.000827 -0.000046 -0.000023 24.069962 -0.038475 -10.087047 -0.073626 -0.004847 -0.001805 0.034839 -0.028507 0.009674 0.002547 0.000003 0.000007 19.746746 -0.104672 -14.043797 0.243213 -0.046654 0.097362 0.046068 -0.104220 0.042915 -0.001011 -0.000006 -0.000036 0.000000 0.000000 0.000000 0.000000 0.000000 0.000000 7.219637 -0.244660 20.098772 -0.124433 -0.712787 10.719629 -5.846859 -13.499919 14.168558 -0.033656 -0.645761 -27.408485 0.000000 0.000000 0.000000 0.000000 0.000000 0.000000 0.000000 0.000000 0.000000 20.239397 2.462974 16.442436 0.513505 1.491378 20.904711 -8.492252 5.400959 9.330651 0.877939 0.611750 -27.349348 0.000000 0.000000 0.000000 0.000000 0.000000 0.000000 0.000000 0.000000 0.000000 
-0.913029 85.834015 14.486725 -6.049668 -3.212354 -16.281225 3.305681 -0.567275 7.518586 0.199638 -0.180830 2.291960 5.648383 -4.847393 15.569955 -0.602568 -0.840845 1.402578 2.543778 0.793929 11.268131 -4.363516 -1.134906 -7.542049 -0.147152 3.337272 -24.023502 0.000000 0.000000 0.000000 97.482750 -0.645526 3.790045 62.719116 -11.754766 4.183543 3.591915 28.514965 41.357250 -15.874771 11.754442 -16.437168 2.866444 -0.595771 43.712120 0.000012 0.000039 -6.447286 0.000017 0.000045 -4.357938 0.000019 0.000021 -0.000040 -25.913349 0.192862 2.679841 0.424835 0.045316 0.038542 0.270562 0.077923 0.021576 -0.000009 0.000002 -0.000022 -25.401535 0.083608 -2.719454 0.303443 -0.002103 0.017574 0.388075 0.014842 0.026527 0.000001 0.000058 0.000000 -24.413012 -0.103188 -9.621026 -0.307333 -0.011261 -0.083394 -0.329093 -0.028442 -0.067576 -0.000013 0.001679 0.000029 -20.612080 -0.208893 -17.153067 -0.777866 -0.011418 -0.349886 -0.698977 -0.092429 -0.353340 -0.000458 -0.000012 -0.000033 0.000000 0.000000 0.000000 0.000000 0.000000 0.000000 -94.285988 0.798055 4.268577 -70.897720 14.572278 -1.588637 -4.572514 -22.131014 52.610603 21.970446 -25.970011 -17.058935 -1.903761 0.457999 44.121975 -0.000005 0.000024 -4.258665 -0.000045 -0.000022 -2.846662 0.000949 -0.000020 -0.003337 30.038282 0.162992 -1.168845 -0.873316 0.063738 0.132357 -1.074419 0.089849 0.046451 -0.000000 -0.000821 -0.000019 27.543575 0.078293 -5.657263 -0.932797 0.000695 0.011356 -0.776605 0.016100 0.012289 0.000818 -0.000046 -0.000024 23.999712 -0.038707 -10.072336 -0.090470 -0.005488 -0.003025 0.017290 -0.028946 0.008933 0.002566 0.000003 0.000007 19.662100 -0.104882 -14.025663 0.231867 -0.048317 0.094404 0.034473 -0.105505 0.040451 -0.000996 -0.000006 -0.000036 0.000000 0.000000 0.000000 0.000000 0.000000 0.000000 7.433099 -0.381417 20.083042 -0.121164 -0.699888 10.696589 -6.003791 -13.607733 14.153142 -0.020361 -0.651112 -27.413141 0.000000 0.000000 0.000000 0.000000 0.000000 0.000000 0.000000 0.000000 0.000000 20.452568 2.371707 16.237144 0.518358 1.492246 21.108385 -8.637630 5.323050 9.335298 0.879772 0.619002 -27.361092 0.000000 0.000000 0.000000 0.000000 0.000000 0.000000 0.000000 0.000000 0.000000 
-1.165698 85.806282 14.460881 -6.116860 -3.107603 -16.244265 3.373129 -0.586754 7.500700 0.225150 -0.190984 2.342327 5.694234 -4.867875 15.495245 -0.611691 -0.836177 1.413982 2.518907 0.787343 11.252882 -4.380936 -1.157647 -7.559086 -0.151241 3.328801 -23.999556 0.000000 0.000000 0.000000 97.408455 -0.637213 3.820688 62.742744 -11.692157 4.220315 3.602976 28.508863 41.297745 -15.928560 11.841512 -16.450277 2.835079 -0.592400 43.724579 0.000011 0.000040 -6.370381 0.000017 0.000045 -4.302821 0.000019 0.000021 -0.000040 -26.065802 0.192543 2.675452 0.418365 0.046115 0.036612 0.260665 0.078946 0.019869 -0.000009 0.000002 -0.000022 -25.547306 0.083443 -2.719251 0.297213 -0.001800 0.017315 0.385733 0.015045 0.025858 0.000001 0.000055 0.000000 -24.535995 -0.103162 -9.614043 -0.322079 -0.011741 -0.082354 -0.344514 -0.028786 -0.066668 -0.000013 0.001680 0.000029 -20.710886 -0.208944 -17.150467 -0.793416 -0.012353 -0.348101 -0.710086 -0.093146 -0.350218 -0.000459 -0.000012 -0.000033 0.000000 0.000000 0.000000 0.000000 0.000000 0.000000 -94.246452 0.786028 4.285466 -71.039848 14.520036 -1.593780 -4.559312 -22.155233 52.652428 22.018024 -26.290991 -17.033594 -1.911938 0.459161 44.116421 -0.000005 0.000025 -4.283404 -0.000045 -0.000022 -2.864339 0.000972 -0.000020 -0.003374 30.000010 0.162944 -1.164578 -0.890883 0.064442 0.133122 -1.094145 0.090506 0.047427 -0.000000 -0.000851 -0.000019 27.498055 0.077957 -5.642388 -0.954693 0.001005 0.011585 -0.798362 0.016306 0.012880 0.000806 -0.000046 -0.000025 23.934746 -0.038944 -10.056979 -0.105234 -0.006090 -0.003948 0.001564 -0.029348 0.008425 0.002586 0.000004 0.000007 19.581490 -0.105088 -14.006579 0.221420 -0.049847 0.092236 0.023388 -0.106670 0.038594 -0.000981 -0.000006 -0.000036 0.000000 0.000000 0.000000 0.000000 0.000000 0.000000 7.643548 -0.517344 20.061226 -0.117996 -0.687042 10.675918 -6.159142 -13.715064 14.139694 -0.006754 -0.656389 -27.419596 0.000000 0.000000 0.000000 0.000000 0.000000 0.000000 0.000000 0.000000 0.000000 20.661329 2.278812 16.027702 0.523170 1.492905 21.309206 -8.778542 5.241436 9.345066 0.881327 0.626345 -27.375294 0.000000 0.000000 0.000000 0.000000 0.000000 0.000000 0.000000 0.000000 0.000000 
-1.414970 85.779366 14.433821 -6.182570 -2.995749 -16.206087 3.439316 -0.605782 7.482429 0.251044 -0.201414 2.391919 5.737816 -4.886655 15.422316 -0.621524 -0.831094 1.424923 2.497060 0.779552 11.235307 -4.398412 -1.181258 -7.576864 -0.155183 3.320686 -23.973875 0.000000 0.000000 0.000000 97.334511 -0.628921 3.850677 62.759304 -11.627935 4.257109 3.613051 28.500378 41.241150 -15.986799 11.919670 -16.463200 2.803090 -0.588884 43.737400 0.000011 0.000040 -6.292033 0.000017 0.000045 -4.246530 0.000019 0.000021 -0.000040 -26.220945 0.192160 2.672168 0.411649 0.046879 0.034840 0.250460 0.079944 0.018270 -0.000009 0.000002 -0.000022 -25.696808 0.083265 -2.717543 0.291049 -0.001494 0.017120 0.383510 0.015240 0.025233 0.000001 0.000052 -0.000000 -24.663349 -0.103121 -9.605329 -0.336613 -0.012205 -0.081426 -0.359762 -0.029114 -0.065862 -0.000013 0.001680 0.000028 -20.814032 -0.208914 -17.145704 -0.808888 -0.013205 -0.346688 -0.721096 -0.093776 -0.347410 -0.000459 -0.000012 -0.000033 0.000000 0.000000 0.000000 0.000000 0.000000 0.000000 -94.207031 0.774160 4.301103 -71.180420 14.470874 -1.600318 -4.545644 -22.174604 52.690594 22.068035 -26.602520 -17.011257 -1.918984 0.460185 44.111313 -0.000005 0.000025 -4.305245 -0.000045 -0.000022 -2.879897 0.000994 -0.000020 -0.003408 29.966705 0.162863 -1.161115 -0.905111 0.065045 0.133352 -1.110320 0.091072 0.047938 -0.000001 -0.000878 -0.000019 27.458010 0.077615 -5.627587 -0.973623 0.001283 0.011620 -0.817272 0.016488 0.013302 0.000791 -0.000046 -0.000027 23.874342 -0.039187 -10.040990 -0.117957 -0.006654 -0.004590 -0.012349 -0.029715 0.008132 0.002605 0.000004 0.000007 19.504475 -0.105292 -13.986423 0.211920 -0.051253 0.090820 0.012880 -0.107721 0.037311 -0.000967 -0.000006 -0.000036 0.000000 0.000000 0.000000 0.000000 0.000000 0.000000 7.850700 -0.652657 20.033619 -0.114934 -0.674285 10.657217 -6.312835 -13.821752 14.128325 0.007128 -0.661581 -27.427784 0.000000 0.000000 0.000000 0.000000 0.000000 0.000000 0.000000 0.000000 0.000000 20.865604 2.184521 15.814435 0.527928 1.493371 21.506836 -8.914975 5.156453 9.359918 0.882631 0.633789 -27.391909 0.000000 0.000000 0.000000 0.000000 0.000000 0.000000 0.000000 0.000000 0.000000 
-1.660865 85.753281 14.405665 -6.246659 -2.876956 -16.166819 3.504190 -0.624390 7.463833 0.277395 -0.212147 2.440718 5.778931 -4.903730 15.351255 -0.632006 -0.825662 1.435392 2.477978 0.770777 11.215280 -4.415898 -1.205482 -7.595400 -0.159060 3.312961 -23.946514 0.000000 0.000000 0.000000 97.261147 -0.620705 3.879798 62.768936 -11.561741 4.293878 3.622061 28.489483 41.187496 -16.048620 11.989598 -16.475887 2.770716 -0.585257 43.750481 0.000011 0.000040 -6.212797 0.000017 0.000045 -4.189484 0.000019 0.000021 -0.000040 -26.377621 0.191718 2.669840 0.404838 0.047619 0.033174 0.240085 0.080926 0.016735 -0.000009 0.000003 -0.000023 -25.848833 0.083077 -2.714425 0.285039 -0.001183 0.016967 0.381497 0.015433 0.024633 0.000001 0.000049 -0.000000 -24.794020 -0.103060 -9.594906 -0.350881 -0.012660 -0.080579 -0.374762 -0.029432 -0.065134 -0.000013 0.001679 0.000028 -20.920723 -0.208806 -17.138674 -0.824262 -0.013994 -0.345561 -0.731992 -0.094335 -0.344848 -0.000458 -0.000012 -0.000032 0.000000 0.000000 0.000000 0.000000 0.000000 0.000000 -94.167679 0.762482 4.315414 -71.319565 14.424694 -1.609382 -4.531519 -22.188520 52.725101 22.119930 -26.903618 -16.992208 -1.925108 0.461103 44.106567 -0.000005 0.000025 -4.324661 -0.000044 -0.000022 -2.893673 0.001016 -0.000020 -0.003439 29.937155 0.162748 -1.158588 -0.916191 0.065555 0.133083 -1.123144 0.091554 0.048017 -0.000001 -0.000902 -0.000020 27.422245 0.077266 -5.612979 -0.989733 0.001534 0.011480 -0.833456 0.016648 0.013564 0.000773 -0.000046 -0.000028 23.817537 -0.039432 -10.024325 -0.128716 -0.007180 -0.004968 -0.024498 -0.030046 0.008038 0.002624 0.000004 0.000007 19.430389 -0.105500 -13.965009 0.203369 -0.052539 0.090120 0.002992 -0.108660 0.036570 -0.000953 -0.000006 -0.000036 0.000000 0.000000 0.000000 0.000000 0.000000 0.000000 8.054234 -0.787583 20.000553 -0.111980 -0.661644 10.640104 -6.464766 -13.927637 14.119099 0.021240 -0.666680 -27.437645 0.000000 0.000000 0.000000 0.000000 0.000000 0.000000 0.000000 0.000000 0.000000 21.065264 2.089081 15.597712 0.532624 1.493659 21.700907 -9.046877 5.068471 9.379847 0.883700 0.641334 -27.410887 0.000000 0.000000 0.000000 0.000000 0.000000 0.000000 0.000000 0.000000 0.000000 
-1.903370 85.728050 14.376542 -6.308959 -2.751388 -16.126589 3.567697 -0.642615 7.444959 0.304289 -0.223224 2.488700 5.817390 -4.919110 15.282076 -0.643057 -0.819960 1.445386 2.461360 0.761292 11.192676 -4.433340 -1.230014 -7.614726 -0.162971 3.305662 -23.917538 0.000000 0.000000 0.000000 97.188568 -0.612600 3.907811 62.771786 -11.493329 4.330549 3.629925 28.476122 41.136772 -16.113018 12.052003 -16.488182 2.738186 -0.581558 43.763691 0.000011 0.000041 -6.133225 0.000017 0.000045 -4.132096 0.000020 0.000022 -0.000040 -26.534534 0.191222 2.668241 0.398033 0.048345 0.031569 0.229641 0.081897 0.015224 -0.000009 0.000003 -0.000023 -26.002008 0.082881 -2.710059 0.279227 -0.000863 0.016835 0.379725 0.015625 0.024044 0.000001 0.000046 -0.000000 -24.926725 -0.102983 -9.582851 -0.364842 -0.013112 -0.079785 -0.389489 -0.029745 -0.064461 -0.000013 0.001678 0.000028 -21.029909 -0.208616 -17.129309 -0.839528 -0.014735 -0.344636 -0.742771 -0.094840 -0.342470 -0.000456 -0.000012 -0.000032 0.000000 0.000000 0.000000 0.000000 0.000000 0.000000 -94.128372 0.751018 4.328369 -71.457481 14.381442 -1.622081 -4.516961 -22.196388 52.755695 22.172962 -27.193443 -16.976631 -1.930519 0.461951 44.102074 -0.000005 0.000025 -4.342165 -0.000044 -0.000022 -2.906024 0.001038 -0.000020 -0.003467 29.909998 0.162602 -1.157189 -0.924331 0.065975 0.132356 -1.132825 0.091956 0.047699 -0.000001 -0.000923 -0.000020 27.389374 0.076913 -5.598746 -1.003181 0.001758 0.011185 -0.847033 0.016788 0.013682 0.000753 -0.000046 -0.000029 23.763165 -0.039680 -10.007013 -0.137606 -0.007666 -0.005097 -0.034953 -0.030343 0.008125 0.002642 0.000004 0.000007 19.358355 -0.105718 -13.942234 0.195751 -0.053708 0.090093 -0.006264 -0.109489 0.036332 -0.000939 -0.000006 -0.000036 0.000000 0.000000 0.000000 0.000000 0.000000 0.000000 8.253807 -0.922289 19.962351 -0.109134 -0.649141 10.624228 -6.614814 -14.032589 14.112047 0.035531 -0.671687 -27.449083 0.000000 0.000000 0.000000 0.000000 0.000000 0.000000 0.000000 0.000000 0.000000 21.260151 1.992756 15.377987 0.537249 1.493785 21.890963 -9.174200 4.977882 9.404892 0.884546 0.648976 -27.432161 0.000000 0.000000 0.000000 0.000000 0.000000 0.000000 0.000000 0.000000 0.000000 
-2.142447 85.703682 14.346588 -6.369264 -2.619208 -16.085554 3.629763 -0.660492 7.425832 0.331810 -0.234682 2.535876 5.852983 -4.932790 15.214775 -0.654596 -0.814066 1.454906 2.446891 0.751367 11.167366 -4.450676 -1.254551 -7.634881 -0.166995 3.298825 -23.887024 0.000000 0.000000 0.000000 97.116951 -0.604639 3.934503 62.768063 -11.422530 4.366966 3.636582 28.460291 41.089027 -16.178944 12.107735 -16.499966 2.705755 -0.577834 43.776932 0.000011 0.000041 -6.053946 0.000017 0.000044 -4.074828 0.000020 0.000022 -0.000040 -26.690235 0.190677 2.667113 0.391321 0.049067 0.029984 0.219216 0.082865 0.013702 -0.000009 0.000003 -0.000023 -26.154789 0.082679 -2.704648 0.273641 -0.000534 0.016705 0.378212 0.015821 0.023450 0.000002 0.000043 -0.000001 -25.059954 -0.102890 -9.569287 -0.378467 -0.013563 -0.079019 -0.403892 -0.030056 -0.063825 -0.000013 0.001675 0.000028 -21.140263 -0.208353 -17.117609 -0.854640 -0.015443 -0.343836 -0.753419 -0.095303 -0.340218 -0.000453 -0.000012 -0.000032 0.000000 0.000000 0.000000 0.000000 0.000000 0.000000 -94.089134 0.739793 4.339961 -71.594200 14.341209 -1.639405 -4.501979 -22.197659 52.782051 22.226307 -27.471155 -16.964716 -1.935443 0.462770 44.097767 -0.000005 0.000026 -4.358312 -0.000044 -0.000022 -2.917342 0.001059 -0.000020 -0.003491 29.883722 0.162424 -1.157124 -0.929741 0.066313 0.131210 -1.139585 0.092287 0.047021 -0.000001 -0.000942 -0.000020 27.357862 0.076559 -5.585102 -1.014127 0.001957 0.010753 -0.858132 0.016909 0.013667 0.000730 -0.000045 -0.000030 23.709854 -0.039929 -9.989095 -0.144725 -0.008112 -0.004997 -0.043785 -0.030606 0.008375 0.002660 0.000004 0.000007 19.287264 -0.105950 -13.918029 0.189039 -0.054760 0.090695 -0.014876 -0.110212 0.036560 -0.000926 -0.000006 -0.000036 0.000000 0.000000 0.000000 0.000000 0.000000 0.000000 8.449017 -1.056911 19.919382 -0.106398 -0.636795 10.609309 -6.762806 -14.136464 14.107134 0.049948 -0.676605 -27.461985 0.000000 0.000000 0.000000 0.000000 0.000000 0.000000 0.000000 0.000000 0.000000 21.450058 1.895834 15.155793 0.541792 1.493762 22.076517 -9.296884 4.885097 9.435084 0.885178 0.656704 -27.455660 0.000000 0.000000 0.000000 0.000000 0.000000 0.000000 0.000000 0.000000 0.000000 
-2.378028 85.680199 14.315948 -6.427336 -2.480579 -16.043863 3.690300 -0.678053 7.406468 0.360040 -0.246562 2.582259 5.885502 -4.944762 15.149339 -0.666540 -0.808065 1.463952 2.434230 0.741281 11.139227 -4.467844 -1.278791 -7.655917 -0.171211 3.292482 -23.855043 0.000000 0.000000 0.000000 97.046478 -0.596852 3.959682 62.758099 -11.349283 4.402944 3.641968 28.441980 41.044373 -16.245283 12.157737 -16.511164 2.673700 -0.574136 43.790054 0.000011 0.000041 -5.975659 0.000017 0.000044 -4.018179 0.000020 0.000022 -0.000040 -26.843140 0.190091 2.666158 0.384765 0.049793 0.028378 0.208875 0.083836 0.012138 -0.000009 0.000003 -0.000023 -26.305458 0.082473 -2.698431 0.268298 -0.000191 0.016562 0.376956 0.016023 0.022840 0.000002 0.000040 -0.000001 -25.191994 -0.102782 -9.554357 -0.391717 -0.014019 -0.078258 -0.417951 -0.030370 -0.063207 -0.000012 0.001672 0.000027 -21.250250 -0.208023 -17.103601 -0.869554 -0.016132 -0.343092 -0.763905 -0.095739 -0.338039 -0.000450 -0.000012 -0.000032 0.000000 0.000000 0.000000 0.000000 0.000000 0.000000 -94.050064 0.728839 4.350214 -71.729668 14.304144 -1.662243 -4.486602 -22.191828 52.803772 22.279043 -27.735928 -16.956602 -1.940114 0.463603 44.093540 -0.000005 0.000026 -4.373689 -0.000043 -0.000022 -2.928045 0.001078 -0.000020 -0.003513 29.856716 0.162217 -1.158627 -0.932638 0.066574 0.129687 -1.143635 0.092552 0.046022 -0.000001 -0.000959 -0.000021 27.326015 0.076206 -5.572285 -1.022730 0.002135 0.010204 -0.866874 0.017015 0.013534 0.000705 -0.000045 -0.000031 23.656092 -0.040179 -9.970639 -0.150174 -0.008519 -0.004685 -0.051079 -0.030836 0.008771 0.002676 0.000005 0.000007 19.215818 -0.106204 -13.892341 0.183184 -0.055701 0.091884 -0.022852 -0.110831 0.037217 -0.000912 -0.000006 -0.000036 0.000000 0.000000 0.000000 0.000000 0.000000 0.000000 8.639429 -1.191549 19.872025 -0.103773 -0.624624 10.595085 -6.908544 -14.239159 14.104285 0.064432 -0.681443 -27.476215 0.000000 0.000000 0.000000 0.000000 0.000000 0.000000 0.000000 0.000000 0.000000 21.634735 1.798623 14.931711 0.546244 1.493603 22.257042 -9.414845 4.790520 9.470461 0.885605 0.664502 -27.481291 0.000000 0.000000 0.000000 0.000000 0.000000 0.000000 0.000000 0.000000 0.000000 
-2.610020 85.657623 14.284772 -6.482913 -2.335666 -16.001696 3.749213 -0.695328 7.386873 0.389064 -0.258903 2.627863 5.914733 -4.955000 15.085752 -0.678806 -0.802029 1.472527 2.423044 0.731303 11.108176 -4.484771 -1.302433 -7.677859 -0.175691 3.286672 -23.821697 0.000000 0.000000 0.000000 96.977356 -0.589265 3.983166 62.742176 -11.273623 4.438264 3.646039 28.421202 41.002914 -16.310860 12.202944 -16.521713 2.642322 -0.570519 43.802925 0.000011 0.000042 -5.899117 0.000017 0.000044 -3.962688 0.000020 0.000022 -0.000040 -26.991522 0.189469 2.665033 0.378399 0.050532 0.026719 0.198657 0.084816 0.010505 -0.000009 0.000003 -0.000023 -26.452175 0.082268 -2.691683 0.263193 0.000168 0.016388 0.375934 0.016235 0.022203 0.000002 0.000037 -0.000001 -25.320982 -0.102661 -9.538242 -0.404572 -0.014484 -0.077482 -0.431646 -0.030691 -0.062591 -0.000012 0.001667 0.000027 -21.358149 -0.207625 -17.087349 -0.884228 -0.016816 -0.342337 -0.774215 -0.096162 -0.335886 -0.000445 -0.000012 -0.000032 0.000000 0.000000 0.000000 0.000000 0.000000 0.000000 -94.011246 0.718192 4.359173 -71.863708 14.270504 -1.691365 -4.470844 -22.178465 52.820381 22.330050 -27.986874 -16.952316 -1.944776 0.464495 44.089260 -0.000006 0.000026 -4.388918 -0.000043 -0.000022 -2.938581 0.001095 -0.000020 -0.003532 29.827246 0.161986 -1.161960 -0.933226 0.066767 0.127826 -1.145183 0.092759 0.044737 -0.000001 -0.000974 -0.000021 27.292061 0.075856 -5.560563 -1.029138 0.002292 0.009554 -0.873386 0.017105 0.013294 0.000679 -0.000045 -0.000032 23.600233 -0.040428 -9.951751 -0.154059 -0.008888 -0.004179 -0.056920 -0.031035 0.009293 0.002691 0.000005 0.000007 19.142603 -0.106487 -13.865144 0.178136 -0.056535 0.093615 -0.030208 -0.111352 0.038260 -0.000899 -0.000006 -0.000036 0.000000 0.000000 0.000000 0.000000 0.000000 0.000000 8.824583 -1.326262 19.820696 -0.101258 -0.612647 10.581323 -7.051802 -14.340557 14.103379 0.078925 -0.686212 -27.491638 0.000000 0.000000 0.000000 0.000000 0.000000 0.000000 0.000000 0.000000 0.000000 21.813908 1.701446 14.706386 0.550596 1.493323 22.431963 -9.528002 4.694548 9.511060 0.885833 0.672347 -27.508949 0.000000 0.000000 0.000000 0.000000 0.000000 0.000000 0.000000 0.000000 0.000000 
-2.838308 85.635979 14.253219 -6.535720 -2.184640 -15.959236 3.806398 -0.712344 7.367041 0.418968 -0.271741 2.672700 5.940463 -4.963459 15.023997 -0.691314 -0.796025 1.480631 2.413011 0.721693 11.074172 -4.501394 -1.325191 -7.700723 -0.180496 3.281426 -23.787079 0.000000 0.000000 0.000000 96.909698 -0.581899 4.004812 62.720673 -11.195711 4.472697 3.648750 28.397980 40.964771 -16.374472 12.244328 -16.531614 2.611935 -0.567043 43.815392 0.000011 0.000042 -5.825114 0.000017 0.000044 -3.908921 0.000020 0.000022 -0.000040 -27.133585 0.188818 2.663346 0.372237 0.051295 0.024979 0.188588 0.085813 0.008780 -0.000009 0.000003 -0.000023 -26.593008 0.082066 -2.684738 0.258313 0.000544 0.016172 0.375105 0.016460 0.021528 0.000002 0.000035 -0.000001 -25.444916 -0.102527 -9.521159 -0.417017 -0.014962 -0.076674 -0.444956 -0.031022 -0.061961 -0.000012 0.001660 0.000027 -21.462099 -0.207170 -17.068943 -0.898600 -0.017511 -0.341512 -0.784316 -0.096587 -0.333715 -0.000440 -0.000012 -0.000031 0.000000 0.000000 0.000000 0.000000 0.000000 0.000000 -93.972885 0.707896 4.366906 -71.996040 14.240624 -1.727399 -4.454738 -22.157196 52.831379 22.378101 -28.223038 -16.951838 -1.949679 0.465496 44.084846 -0.000006 0.000026 -4.404644 -0.000043 -0.000022 -2.949405 0.001110 -0.000020 -0.003549 29.793539 0.161732 -1.167448 -0.931688 0.066900 0.125667 -1.144418 0.092916 0.043204 -0.000001 -0.000988 -0.000021 27.254129 0.075513 -5.550261 -1.033502 0.002433 0.008822 -0.877779 0.017184 0.012961 0.000650 -0.000045 -0.000032 23.540554 -0.040676 -9.932560 -0.156489 -0.009220 -0.003500 -0.061403 -0.031204 0.009924 0.002706 0.000005 0.000007 19.066111 -0.106803 -13.836452 0.173826 -0.057270 0.095839 -0.036969 -0.111781 0.039650 -0.000886 -0.000006 -0.000036 0.000000 0.000000 0.000000 0.000000 0.000000 0.000000 9.004004 -1.461073 19.765841 -0.098855 -0.600881 10.567813 -7.192342 -14.440570 14.104268 0.093365 -0.690926 -27.508076 0.000000 0.000000 0.000000 0.000000 0.000000 0.000000 0.000000 0.000000 0.000000 21.987270 1.604635 14.480508 0.554838 1.492937 22.600668 -9.636258 4.597558 9.556914 0.885872 0.680213 -27.538515 0.000000 0.000000 0.000000 0.000000 0.000000 0.000000 0.000000 0.000000 0.000000 
-3.062756 85.615280 14.221447 -6.585474 -2.027685 -15.916658 3.861758 -0.729123 7.346972 0.449843 -0.285107 2.716779 5.962470 -4.970061 14.964061 -0.703990 -0.790101 1.488261 2.403826 0.712701 11.037225 -4.517642 -1.346795 -7.724498 -0.185682 3.276781 -23.751293 0.000000 0.000000 0.000000 96.843712 -0.574778 4.024508 62.693947 -11.115789 4.506024 3.650076 28.372332 40.929981 -16.434868 12.282887 -16.540918 2.582869 -0.563769 43.827286 0.000011 0.000042 -5.754491 0.000017 0.000044 -3.857462 0.000021 0.000022 -0.000040 -27.267426 0.188142 2.660661 0.366258 0.052088 0.023135 0.178659 0.086832 0.006947 -0.000009 0.000004 -0.000023 -26.725935 0.081870 -2.677966 0.253622 0.000942 0.015900 0.374409 0.016701 0.020810 0.000002 0.000033 -0.000001 -25.561712 -0.102387 -9.503359 -0.429040 -0.015457 -0.075818 -0.457870 -0.031368 -0.061306 -0.000012 0.001652 0.000027 -21.560093 -0.206661 -17.048510 -0.912609 -0.018236 -0.340557 -0.794175 -0.097033 -0.331482 -0.000434 -0.000012 -0.000031 0.000000 0.000000 0.000000 0.000000 0.000000 0.000000 -93.935204 0.698002 4.373493 -72.126305 14.214899 -1.770834 -4.438291 -22.127705 52.836205 22.421696 -28.443363 -16.954992 -1.955080 0.466658 44.080162 -0.000006 0.000026 -4.421532 -0.000042 -0.000022 -2.960994 0.001123 -0.000020 -0.003563 29.753731 0.161461 -1.175468 -0.928191 0.066982 0.123248 -1.141501 0.093032 0.041458 -0.000001 -0.001000 -0.000022 27.210308 0.075179 -5.541754 -1.035943 0.002560 0.008024 -0.880155 0.017252 0.012547 0.000620 -0.000045 -0.000033 23.475275 -0.040921 -9.913252 -0.157567 -0.009520 -0.002667 -0.064615 -0.031347 0.010646 0.002718 0.000005 0.000007 18.984749 -0.107159 -13.806300 0.170194 -0.057916 0.098506 -0.043161 -0.112127 0.041345 -0.000874 -0.000006 -0.000036 0.000000 0.000000 0.000000 0.000000 0.000000 0.000000 9.177208 -1.595959 19.707905 -0.096563 -0.589343 10.554371 -7.329921 -14.539116 14.106773 0.107691 -0.695601 -27.525352 0.000000 0.000000 0.000000 0.000000 0.000000 0.000000 0.000000 0.000000 0.000000 22.154484 1.508526 14.254789 0.558961 1.492458 22.762533 -9.739521 4.499919 9.608047 0.885728 0.688072 -27.569866 0.000000 0.000000 0.000000 0.000000 0.000000 0.000000 0.000000 0.000000 0.000000 
-3.283214 85.595558 14.189617 -6.631884 -1.865004 -15.874154 3.915180 -0.745683 7.326662 0.481785 -0.299026 2.760098 5.980534 -4.974709 14.905943 -0.716762 -0.784294 1.495399 2.395193 0.704567 10.997393 -4.533455 -1.367005 -7.749150 -0.191294 3.272770 -23.714447 0.000000 0.000000 0.000000 96.779503 -0.567919 4.042176 62.662365 -11.034203 4.538042 3.649990 28.344275 40.898518 -16.490768 12.319655 -16.549694 2.555467 -0.560766 43.838432 0.000011 0.000043 -5.688120 0.000017 0.000044 -3.808921 0.000021 0.000022 -0.000041 -27.391090 0.187448 2.656494 0.360423 0.052920 0.021174 0.168839 0.087881 0.004998 -0.000009 0.000004 -0.000024 -26.848879 0.081682 -2.671782 0.249071 0.001363 0.015567 0.373762 0.016961 0.020043 0.000002 0.000031 -0.000002 -25.669205 -0.102241 -9.485115 -0.440637 -0.015975 -0.074903 -0.470385 -0.031733 -0.060613 -0.000012 0.001643 0.000026 -21.650040 -0.206105 -17.026218 -0.926184 -0.019009 -0.339419 -0.803755 -0.097517 -0.329148 -0.000428 -0.000012 -0.000031 0.000000 0.000000 0.000000 0.000000 0.000000 0.000000 -93.898460 0.688561 4.379031 -72.254021 14.193748 -1.822028 -4.421516 -22.089737 52.834354 22.459146 -28.646715 -16.961555 -1.961241 0.468034 44.075092 -0.000006 0.000027 -4.440277 -0.000042 -0.000022 -2.973844 0.001133 -0.000020 -0.003575 29.705894 0.161176 -1.186471 -0.922867 0.067023 0.120602 -1.136574 0.093118 0.039530 -0.000001 -0.001010 -0.000022 27.158615 0.074856 -5.535487 -1.036570 0.002677 0.007174 -0.880599 0.017313 0.012063 0.000589 -0.000045 -0.000033 23.402552 -0.041163 -9.894058 -0.157385 -0.009791 -0.001699 -0.066635 -0.031466 0.011443 0.002729 0.000006 0.000007 18.896904 -0.107553 -13.774763 0.167188 -0.058485 0.101560 -0.048808 -0.112403 0.043304 -0.000861 -0.000006 -0.000036 0.000000 0.000000 0.000000 0.000000 0.000000 0.000000 9.343719 -1.730868 19.647362 -0.094381 -0.578047 10.540832 -7.464291 -14.636113 14.110699 0.121842 -0.700254 -27.543276 0.000000 0.000000 0.000000 0.000000 0.000000 0.000000 0.000000 0.000000 0.000000 22.315218 1.413459 14.029968 0.562956 1.491901 22.916950 -9.837683 4.401999 9.664461 0.885408 0.695889 -27.602850 0.000000 0.000000 0.000000 0.000000 0.000000 0.000000 0.000000 0.000000 0.000000 
-3.499517 85.576828 14.157889 -6.674658 -1.696817 -15.831889 3.966560 -0.762037 7.306114 0.514894 -0.313522 2.802652 5.994442 -4.977275 14.849650 -0.729561 -0.778624 1.502013 2.386825 0.697525 10.954781 -4.548785 -1.385598 -7.774612 -0.197371 3.269425 -23.676645 0.000000 0.000000 0.000000 96.717232 -0.561333 4.057777 62.626301 -10.951390 4.568566 3.648478 28.313803 40.870266 -16.540819 12.355725 -16.558069 2.530088 -0.558100 43.848667 0.000011 0.000043 -5.626902 0.000017 0.000043 -3.763927 0.000021 0.000022 -0.000041 -27.502556 0.186738 2.650326 0.354670 0.053800 0.019091 0.159077 0.088967 0.002929 -0.000009 0.000004 -0.000024 -26.959726 0.081507 -2.666638 0.244602 0.001811 0.015164 0.373077 0.017243 0.019225 0.000002 0.000029 -0.000002 -25.765148 -0.102092 -9.466725 -0.451806 -0.016520 -0.073917 -0.482488 -0.032121 -0.059874 -0.000012 0.001632 0.000026 -21.729752 -0.205503 -17.002241 -0.939249 -0.019856 -0.338046 -0.812997 -0.098059 -0.326678 -0.000422 -0.000012 -0.000031 0.000000 0.000000 0.000000 0.000000 0.000000 0.000000 -93.862991 0.679631 4.383638 -72.378654 14.177601 -1.881204 -4.404410 -22.043097 52.825378 22.488472 -28.831829 -16.971157 -1.968439 0.469683 44.069500 -0.000006 0.000027 -4.461608 -0.000042 -0.000022 -2.988471 0.001140 -0.000020 -0.003586 29.648043 0.160882 -1.200971 -0.915807 0.067035 0.117762 -1.129732 0.093182 0.037445 -0.000001 -0.001020 -0.000022 27.097054 0.074549 -5.531957 -1.035460 0.002786 0.006285 -0.879160 0.017370 0.011521 0.000557 -0.000045 -0.000034 23.320509 -0.041400 -9.875263 -0.156013 -0.010039 -0.000614 -0.067525 -0.031565 0.012299 0.002739 0.000006 0.000007 18.800903 -0.107987 -13.741939 0.164770 -0.058993 0.104952 -0.053921 -0.112619 0.045485 -0.000848 -0.000006 -0.000036 0.000000 0.000000 0.000000 0.000000 0.000000 0.000000 9.503066 -1.865709 19.584669 -0.092311 -0.567010 10.527046 -7.595201 -14.731493 14.115831 0.135761 -0.704903 -27.561646 0.000000 0.000000 0.000000 0.000000 0.000000 0.000000 0.000000 0.000000 0.000000 22.469088 1.319775 13.806770 0.566816 1.491275 23.063303 -9.930633 4.304171 9.726146 0.884919 0.703631 -27.637329 0.000000 0.000000 0.000000 0.000000 0.000000 0.000000 0.000000 0.000000 0.000000 
-3.711491 85.559128 14.126414 -6.713510 -1.523370 -15.790050 4.015782 -0.778188 7.285351 0.549270 -0.328609 2.844423 6.003981 -4.977610 14.795214 -0.742323 -0.773101 1.508054 2.378439 0.691797 10.909536 -4.563589 -1.402391 -7.800805 -0.203944 3.266784 -23.637983 0.000000 0.000000 0.000000 96.657097 -0.555027 4.071319 62.586174 -10.867888 4.597440 3.645521 28.280901 40.844990 -16.583569 12.392259 -16.566145 2.507107 -0.555844 43.857803 0.000011 0.000043 -5.571787 0.000017 0.000043 -3.723145 0.000021 0.000022 -0.000041 -27.599718 0.186014 2.641596 0.348915 0.054734 0.016887 0.149293 0.090096 0.000746 -0.000009 0.000004 -0.000024 -27.056274 0.081346 -2.663022 0.240147 0.002289 0.014690 0.372243 0.017551 0.018356 0.000002 0.000027 -0.000002 -25.847221 -0.101944 -9.448506 -0.462544 -0.017099 -0.072852 -0.494173 -0.032538 -0.059083 -0.000011 0.001619 0.000026 -21.796957 -0.204863 -16.976788 -0.951712 -0.020802 -0.336384 -0.821837 -0.098683 -0.324030 -0.000415 -0.000012 -0.000030 0.000000 0.000000 0.000000 0.000000 0.000000 0.000000 -93.829056 0.671265 4.387440 -72.499626 14.166924 -1.948466 -4.386959 -21.987642 52.808842 22.507433 -28.997389 -16.983347 -1.976964 0.471667 44.063236 -0.000006 0.000027 -4.486293 -0.000041 -0.000022 -3.005421 0.001144 -0.000020 -0.003594 29.578085 0.160583 -1.219567 -0.907062 0.067027 0.114751 -1.121035 0.093235 0.035225 -0.000001 -0.001027 -0.000022 27.023527 0.074259 -5.531725 -1.032658 0.002893 0.005368 -0.875874 0.017425 0.010926 0.000524 -0.000044 -0.000034 23.227217 -0.041629 -9.857198 -0.153505 -0.010270 0.000570 -0.067326 -0.031650 0.013199 0.002747 0.000006 0.000007 18.695047 -0.108453 -13.707959 0.162923 -0.059457 0.108632 -0.058493 -0.112791 0.047853 -0.000836 -0.000006 -0.000036 0.000000 0.000000 0.000000 0.000000 0.000000 0.000000 9.654790 -2.000362 19.520290 -0.090351 -0.556244 10.512892 -7.722410 -14.825192 14.121953 0.149390 -0.709568 -27.580273 0.000000 0.000000 0.000000 0.000000 0.000000 0.000000 0.000000 0.000000 0.000000 22.615721 1.227811 13.585909 0.570530 1.490589 23.201023 -10.018268 4.206823 9.793076 0.884266 0.711260 -27.673151 0.000000 0.000000 0.000000 0.000000 0.000000 0.000000 0.000000 0.000000 0.000000 
-3.918957 85.542473 14.095333 -6.748154 -1.344926 -15.748776 4.062728 -0.794134 7.264399 0.585011 -0.344298 2.885381 6.008954 -4.975550 14.742669 -0.754984 -0.767723 1.513453 2.369754 0.687589 10.861846 -4.577840 -1.417231 -7.827606 -0.211036 3.264881 -23.598581 0.000000 0.000000 0.000000 96.599197 -0.548999 4.082839 62.542324 -10.784356 4.624516 3.641113 28.245516 40.822372 -16.617460 12.430470 -16.574041 2.486920 -0.554074 43.865662 0.000011 0.000044 -5.523782 0.000017 0.000043 -3.687268 0.000021 0.000022 -0.000041 -27.680389 0.185281 2.629699 0.343057 0.055728 0.014572 0.139399 0.091276 -0.001537 -0.000009 0.000004 -0.000024 -27.136259 0.081200 -2.661466 0.235630 0.002798 0.014144 0.371150 0.017887 0.017436 0.000002 0.000025 -0.000002 -25.913017 -0.101802 -9.430789 -0.472856 -0.017719 -0.071703 -0.505436 -0.032987 -0.058232 -0.000011 0.001604 0.000026 -21.849281 -0.204186 -16.950073 -0.963481 -0.021875 -0.334390 -0.830204 -0.099413 -0.321172 -0.000409 -0.000012 -0.000030 0.000000 0.000000 0.000000 0.000000 0.000000 0.000000 -93.797073 0.663523 4.390584 -72.616257 14.162207 -2.023801 -4.369116 -21.923307 52.784401 22.513483 -29.142025 -16.997519 -1.987122 0.474057 44.056171 -0.000006 0.000027 -4.515167 -0.000041 -0.000022 -3.025278 0.001144 -0.000020 -0.003600 29.493837 0.160285 -1.242935 -0.896642 0.067010 0.111583 -1.110501 0.093286 0.032883 -0.000001 -0.001034 -0.000023 26.935860 0.073990 -5.535423 -1.028178 0.002999 0.004430 -0.870732 0.017480 0.010286 0.000490 -0.000044 -0.000034 23.120653 -0.041851 -9.840242 -0.149880 -0.010489 0.001841 -0.066051 -0.031723 0.014134 0.002753 0.000007 0.000007 18.577553 -0.108946 -13.672968 0.161651 -0.059894 0.112555 -0.062499 -0.112935 0.050373 -0.000823 -0.000006 -0.000036 0.000000 0.000000 0.000000 0.000000 0.000000 0.000000 9.798452 -2.134684 19.454664 -0.088500 -0.545765 10.498258 -7.845683 -14.917143 14.128856 0.162673 -0.714269 -27.598969 0.000000 0.000000 0.000000 0.000000 0.000000 0.000000 0.000000 0.000000 0.000000 22.754734 1.137920 13.368072 0.574090 1.489850 23.329590 -10.100469 4.110368 9.865223 0.883452 0.718742 -27.710173 0.000000 0.000000 0.000000 0.000000 0.000000 0.000000 0.000000 0.000000 0.000000 
-4.121727 85.526894 14.064772 -6.778320 -1.161770 -15.708225 4.107278 -0.809864 7.243301 0.622205 -0.360592 2.925493 6.009177 -4.970925 14.692060 -0.767485 -0.762481 1.518123 2.360489 0.685085 10.811938 -4.591519 -1.430005 -7.854891 -0.218663 3.263747 -23.558523 0.000000 0.000000 0.000000 96.543686 -0.543240 4.092422 62.495182 -10.701562 4.649638 3.635237 28.207584 40.802002 -16.640779 12.471640 -16.581846 2.469950 -0.552870 43.872025 0.000010 0.000044 -5.483947 0.000018 0.000043 -3.657042 0.000021 0.000022 -0.000041 -27.742250 0.184540 2.613977 0.336989 0.056789 0.012167 0.129279 0.092512 -0.003899 -0.000010 0.000004 -0.000024 -27.197277 0.081073 -2.662534 0.230963 0.003343 0.013531 0.369669 0.018253 0.016473 0.000002 0.000024 -0.000002 -25.959995 -0.101668 -9.413914 -0.482747 -0.018387 -0.070467 -0.516259 -0.033475 -0.057320 -0.000011 0.001588 0.000026 -21.884230 -0.203470 -16.922329 -0.974442 -0.023106 -0.332019 -0.837997 -0.100274 -0.318072 -0.000404 -0.000012 -0.000030 0.000000 0.000000 0.000000 0.000000 0.000000 0.000000 -93.767380 0.656456 4.393232 -72.727936 14.164010 -2.107073 -4.350835 -21.850088 52.751820 22.503794 -29.264343 -17.012960 -1.999254 0.476924 44.048122 -0.000007 0.000027 -4.549123 -0.000041 -0.000022 -3.048674 0.001141 -0.000020 -0.003605 29.392956 0.159993 -1.271850 -0.884506 0.066994 0.108267 -1.098097 0.093345 0.030421 -0.000001 -0.001039 -0.000023 26.831762 0.073745 -5.543747 -1.021986 0.003108 0.003475 -0.863690 0.017538 0.009603 0.000457 -0.000044 -0.000034 22.998692 -0.042063 -9.824819 -0.145130 -0.010705 0.003187 -0.063683 -0.031790 0.015094 0.002758 0.000007 0.000007 18.446562 -0.109456 -13.637126 0.160996 -0.060324 0.116689 -0.065885 -0.113064 0.053021 -0.000811 -0.000006 -0.000036 0.000000 0.000000 0.000000 0.000000 0.000000 0.000000 9.933653 -2.268510 19.388197 -0.086757 -0.535586 10.483048 -7.964801 -15.007277 14.136334 0.175560 -0.719029 -27.617565 0.000000 0.000000 0.000000 0.000000 0.000000 0.000000 0.000000 0.000000 0.000000 22.885731 1.050455 13.153895 0.577487 1.489061 23.448530 -10.177127 4.015235 9.942543 0.882481 0.726041 -27.748255 0.000000 0.000000 0.000000 0.000000 0.000000 0.000000 0.000000 0.000000 0.000000 
-4.319613 85.512421 14.034839 -6.803752 -0.974199 -15.668509 4.149306 -0.825360 7.222108 0.660926 -0.377487 2.964717 6.004490 -4.963571 14.643441 -0.779770 -0.757365 1.521963 2.350385 0.684444 10.760070 -4.604621 -1.440639 -7.882503 -0.226831 3.263416 -23.517918 0.000000 0.000000 0.000000 96.490814 -0.537734 4.100177 62.445110 -10.620420 4.672653 3.627897 28.167042 40.783424 -16.651691 12.517049 -16.589630 2.456650 -0.552318 43.876663 0.000010 0.000045 -5.453433 0.000018 0.000043 -3.633265 0.000022 0.000022 -0.000041 -27.782803 0.183790 2.593713 0.330586 0.057921 0.009699 0.118813 0.093811 -0.006311 -0.000010 0.000004 -0.000024 -27.236769 0.080965 -2.666850 0.226056 0.003925 0.012857 0.367672 0.018653 0.015472 0.000002 0.000023 -0.000003 -25.985447 -0.101547 -9.398233 -0.492212 -0.019110 -0.069144 -0.526633 -0.034005 -0.056347 -0.000011 0.001570 0.000026 -21.899147 -0.202724 -16.893764 -0.984478 -0.024526 -0.329236 -0.845115 -0.101290 -0.314702 -0.000399 -0.000012 -0.000029 0.000000 0.000000 0.000000 0.000000 0.000000 0.000000 -93.740326 0.650112 4.395559 -72.833923 14.172980 -2.198028 -4.332032 -21.768028 52.710823 22.475229 -29.362972 -17.028820 -2.013730 0.480352 44.038902 -0.000007 0.000028 -4.589152 -0.000040 -0.000022 -3.076301 0.001134 -0.000020 -0.003608 29.272898 0.159711 -1.307190 -0.870564 0.066988 0.104796 -1.083739 0.093418 0.027833 -0.000001 -0.001043 -0.000023 26.708755 0.073526 -5.557471 -1.014000 0.003224 0.002503 -0.854657 0.017602 0.008876 0.000423 -0.000044 -0.000034 22.859037 -0.042263 -9.811385 -0.139200 -0.010923 0.004602 -0.060166 -0.031856 0.016076 0.002761 0.000007 0.000007 18.300041 -0.109977 -13.600591 0.161029 -0.060764 0.121010 -0.068576 -0.113196 0.055785 -0.000799 -0.000006 -0.000036 0.000000 0.000000 0.000000 0.000000 0.000000 0.000000 10.060018 -2.401676 19.321274 -0.085120 -0.525721 10.467184 -8.079553 -15.095527 14.144208 0.188001 -0.723870 -27.635900 0.000000 0.000000 0.000000 0.000000 0.000000 0.000000 0.000000 0.000000 0.000000 23.008322 0.965788 12.943961 0.580713 1.488224 23.557444 -10.248145 3.921881 10.025003 0.881350 0.733124 -27.787287 0.000000 0.000000 0.000000 0.000000 0.000000 0.000000 0.000000 0.000000 0.000000 
-4.512430 85.499077 14.005623 -6.824215 -0.782517 -15.629725 4.188695 -0.840595 7.200885 0.701223 -0.394970 3.003006 5.994767 -4.953336 14.596860 -0.791786 -0.752365 1.524862 2.339192 0.685782 10.706528 -4.617142 -1.449109 -7.910278 -0.235536 3.263916 -23.476847 0.000000 0.000000 0.000000 96.440727 -0.532455 4.106242 62.392506 -10.541976 4.693360 3.619090 28.123802 40.766159 -16.648174 12.567986 -16.597431 2.447514 -0.552513 43.879349 0.000010 0.000045 -5.433477 0.000018 0.000043 -3.616811 0.000022 0.000022 -0.000041 -27.799370 0.183035 2.568102 0.323714 0.059127 0.007203 0.107860 0.095177 -0.008735 -0.000010 0.000005 -0.000024 -27.251980 0.080878 -2.675086 0.220809 0.004546 0.012132 0.365026 0.019088 0.014445 0.000002 0.000022 -0.000003 -25.986456 -0.101442 -9.384126 -0.501249 -0.019893 -0.067737 -0.536534 -0.034582 -0.055313 -0.000011 0.001551 0.000025 -21.891216 -0.201942 -16.864599 -0.993447 -0.026168 -0.326011 -0.851427 -0.102488 -0.311040 -0.000394 -0.000012 -0.000029 0.000000 0.000000 0.000000 0.000000 0.000000 0.000000 -93.716293 0.644533 4.397755 -72.933571 14.189892 -2.296293 -4.312621 -21.677261 52.661205 22.424387 -29.436651 -17.044125 -2.030967 0.484432 44.028309 -0.000007 0.000028 -4.636353 -0.000040 -0.000022 -3.108923 0.001123 -0.000020 -0.003611 29.130919 0.159445 -1.349954 -0.854667 0.066996 0.101155 -1.067292 0.093513 0.025101 -0.000001 -0.001045 -0.000023 26.564184 0.073337 -5.577448 -1.004095 0.003348 0.001507 -0.843499 0.017671 0.008099 0.000390 -0.000044 -0.000034 22.699196 -0.042452 -9.800453 -0.132001 -0.011148 0.006087 -0.055401 -0.031923 0.017082 0.002763 0.000007 0.000007 18.135792 -0.110493 -13.563511 0.161846 -0.061230 0.125511 -0.070459 -0.113343 0.058662 -0.000787 -0.000006 -0.000035 0.000000 0.000000 0.000000 0.000000 0.000000 0.000000 10.177210 -2.534016 19.254232 -0.083586 -0.516183 10.450589 -8.189763 -15.181843 14.152328 0.199951 -0.728820 -27.653854 0.000000 0.000000 0.000000 0.000000 0.000000 0.000000 0.000000 0.000000 0.000000 23.122141 0.884288 12.738770 0.583758 1.487339 23.656033 -10.313421 3.830764 10.112573 0.880061 0.739961 -27.827160 0.000000 0.000000 0.000000 0.000000 0.000000 0.000000 0.000000 0.000000 0.000000 
-4.699990 85.486877 13.977191 -6.839500 -0.587026 -15.591940 4.225338 -0.855536 7.179700 0.743110 -0.413020 3.040311 5.979921 -4.940105 14.552366 -0.803488 -0.747478 1.526699 2.326697 0.689162 10.651621 -4.629088 -1.455428 -7.938051 -0.244763 3.265270 -23.435413 0.000000 0.000000 0.000000 96.393600 -0.527376 4.110773 62.337734 -10.467405 4.711524 3.608834 28.077784 40.749748 -16.628069 12.625687 -16.605240 2.443079 -0.553553 43.879822 0.000010 0.000045 -5.425444 0.000018 0.000043 -3.608627 0.000022 0.000022 -0.000041 -27.789017 0.182277 2.536252 0.316234 0.060410 0.004726 0.096260 0.096613 -0.011124 -0.000010 0.000005 -0.000025 -27.239902 0.080812 -2.687989 0.215112 0.005206 0.011371 0.361582 0.019559 0.013405 0.000002 0.000021 -0.000003 -25.959854 -0.101360 -9.371984 -0.509850 -0.020743 -0.066256 -0.545942 -0.035209 -0.054226 -0.000010 0.001530 0.000025 -21.857384 -0.201131 -16.835024 -1.001187 -0.028060 -0.322330 -0.856781 -0.103888 -0.307073 -0.000391 -0.000012 -0.000029 0.000000 0.000000 0.000000 0.000000 0.000000 0.000000 -93.695602 0.639752 4.400006 -73.026222 14.215685 -2.401366 -4.292499 -21.577959 52.602692 22.347662 -29.484245 -17.057825 -2.051436 0.489266 44.016102 -0.000007 0.000028 -4.691949 -0.000040 -0.000022 -3.147401 0.001109 -0.000020 -0.003612 28.963963 0.159201 -1.401271 -0.836621 0.067023 0.097315 -1.048560 0.093630 0.022196 -0.000000 -0.001046 -0.000023 26.395069 0.073182 -5.604621 -0.992076 0.003480 0.000477 -0.830019 0.017747 0.007264 0.000357 -0.000044 -0.000033 22.516407 -0.042629 -9.792557 -0.123390 -0.011384 0.007647 -0.049244 -0.031995 0.018116 0.002764 0.000008 0.000007 17.951365 -0.111002 -13.526031 0.163576 -0.061736 0.130201 -0.071402 -0.113516 0.061667 -0.000775 -0.000006 -0.000035 0.000000 0.000000 0.000000 0.000000 0.000000 0.000000 10.284947 -2.665391 19.187357 -0.082153 -0.506984 10.433202 -8.295274 -15.266179 14.160568 0.211368 -0.733905 -27.671341 0.000000 0.000000 0.000000 0.000000 0.000000 0.000000 0.000000 0.000000 0.000000 23.226847 0.806335 12.538712 0.586613 1.486407 23.744095 -10.372884 3.742330 10.205220 0.878608 0.746527 -27.867819 0.000000 0.000000 0.000000 0.000000 0.000000 0.000000 0.000000 0.000000 0.000000 
-4.882113 85.475861 13.949588 -6.849442 -0.388019 -15.555195 4.259141 -0.870146 7.158626 0.786566 -0.431605 3.076596 5.959912 -4.923807 14.509996 -0.814838 -0.742710 1.527351 2.312731 0.694589 10.595655 -4.640460 -1.459665 -7.965656 -0.254483 3.267491 -23.393703 0.000000 0.000000 0.000000 96.349686 -0.522468 4.113932 62.281174 -10.398008 4.726844 3.597142 28.028896 40.733757 -16.589069 12.691298 -16.613035 2.443934 -0.555551 43.877781 0.000010 0.000046 -5.430811 0.000018 0.000043 -3.609754 0.000022 0.000022 -0.000042 -27.748524 0.181515 2.497142 0.307996 0.061768 0.002322 0.083854 0.098119 -0.013424 -0.000010 0.000005 -0.000025 -27.197241 0.080768 -2.706384 0.208843 0.005906 0.010593 0.357193 0.020067 0.012370 0.000003 0.000020 -0.000003 -25.902197 -0.101302 -9.362227 -0.518004 -0.021665 -0.064710 -0.554824 -0.035888 -0.053094 -0.000010 0.001507 0.000025 -21.794365 -0.200291 -16.805214 -1.007514 -0.030227 -0.318184 -0.861008 -0.105511 -0.302797 -0.000389 -0.000012 -0.000028 0.000000 0.000000 0.000000 0.000000 0.000000 0.000000 -93.678627 0.635797 4.402505 -73.111206 14.251461 -2.512604 -4.271552 -21.470333 52.534904 22.241272 -29.504848 -17.068810 -2.075670 0.494965 44.002014 -0.000008 0.000028 -4.757329 -0.000040 -0.000022 -3.192697 0.001091 -0.000020 -0.003613 28.768642 0.158982 -1.462425 -0.816161 0.067069 0.093234 -1.027285 0.093770 0.019079 -0.000000 -0.001046 -0.000023 26.198170 0.073063 -5.640034 -0.977687 0.003621 -0.000604 -0.813959 0.017829 0.006356 0.000324 -0.000044 -0.000033 22.307585 -0.042794 -9.788288 -0.113179 -0.011633 0.009295 -0.041499 -0.032073 0.019192 0.002763 0.000008 0.000007 17.743979 -0.111494 -13.488272 0.166364 -0.062290 0.135111 -0.071250 -0.113724 0.064831 -0.000762 -0.000006 -0.000035 0.000000 0.000000 0.000000 0.000000 0.000000 0.000000 10.382998 -2.795694 19.120869 -0.080817 -0.498133 10.414975 -8.395961 -15.348508 14.168855 0.222214 -0.739154 -27.688290 0.000000 0.000000 0.000000 0.000000 0.000000 0.000000 0.000000 0.000000 0.000000 23.322140 0.732292 12.344060 0.589274 1.485426 23.821568 -10.426484 3.656995 10.302926 0.876986 0.752804 -27.909237 0.000000 0.000000 0.000000 0.000000 0.000000 0.000000 0.000000 0.000000 0.000000 
-5.058623 85.466026 13.922832 -6.853911 -0.185766 -15.519490 4.290051 -0.884382 7.137727 0.831520 -0.450683 3.111827 5.934754 -4.904423 14.469788 -0.825808 -0.738075 1.526701 2.297181 0.701995 10.538941 -4.651259 -1.461932 -7.992955 -0.264652 3.270579 -23.351812 0.000000 0.000000 0.000000 96.309143 -0.517704 4.115891 62.223225 -10.335195 4.738956 3.584053 27.977079 40.717854 -16.528725 12.765851 -16.620773 2.450728 -0.558627 43.872921 0.000010 0.000046 -5.451202 0.000018 0.000042 -3.621331 0.000022 0.000022 -0.000042 -27.674377 0.180755 2.449606 0.298834 0.063196 0.000055 0.070451 0.099693 -0.015571 -0.000010 0.000005 -0.000025 -27.120350 0.080744 -2.731215 0.201864 0.006645 0.009820 0.351704 0.020611 0.011359 0.000003 0.000019 -0.000003 -25.809666 -0.101273 -9.355323 -0.525688 -0.022658 -0.063118 -0.563147 -0.036619 -0.051930 -0.000010 0.001482 0.000025 -21.698566 -0.199423 -16.775297 -1.012220 -0.032690 -0.313590 -0.863906 -0.107372 -0.298219 -0.000389 -0.000012 -0.000028 0.000000 0.000000 0.000000 0.000000 0.000000 0.000000 -93.665649 0.632679 4.405426 -73.188011 14.298512 -2.629228 -4.249673 -21.354647 52.457378 22.101400 -29.497803 -17.076014 -2.104278 0.501654 43.985752 -0.000008 0.000028 -4.834058 -0.000040 -0.000022 -3.245907 0.001070 -0.000020 -0.003614 28.541193 0.158792 -1.534858 -0.792962 0.067129 0.088855 -1.003142 0.093928 0.015696 -0.000000 -0.001045 -0.000024 25.969828 0.072982 -5.684837 -0.960598 0.003767 -0.001758 -0.794997 0.017916 0.005357 0.000293 -0.000044 -0.000033 22.069258 -0.042949 -9.788281 -0.101125 -0.011893 0.011051 -0.031916 -0.032157 0.020326 0.002761 0.000008 0.000007 17.510494 -0.111969 -13.450357 0.170373 -0.062897 0.140290 -0.069830 -0.113968 0.068201 -0.000750 -0.000006 -0.000035 0.000000 0.000000 0.000000 0.000000 0.000000 0.000000 10.471197 -2.924877 19.054949 -0.079574 -0.489638 10.395864 -8.491732 -15.428850 14.177133 0.232453 -0.744600 -27.704683 0.000000 0.000000 0.000000 0.000000 0.000000 0.000000 0.000000 0.000000 0.000000 23.407759 0.662495 12.154939 0.591735 1.484395 23.888552 -10.474194 3.575119 10.405681 0.875184 0.758779 -27.951437 0.000000 0.000000 0.000000 0.000000 0.000000 0.000000 0.000000 0.000000 0.000000 
-5.229349 85.457390 13.896925 -6.852830 0.019493 -15.484815 4.318041 -0.898203 7.117070 0.877857 -0.470201 3.145990 5.904514 -4.881993 14.431755 -0.836383 -0.733603 1.524643 2.279985 0.711236 10.481750 -4.661481 -1.462386 -8.019837 -0.275210 3.274519 -23.309843 0.000000 0.000000 0.000000 96.272110 -0.513061 4.116809 62.164169 -10.280461 4.747437 3.569608 27.922258 40.701794 -16.444447 12.850264 -16.628399 2.464178 -0.562914 43.864899 0.000010 0.000047 -5.488410 0.000018 0.000042 -3.644619 0.000023 0.000022 -0.000042 -27.562672 0.179997 2.392289 0.288570 0.064687 -0.001999 0.055842 0.101328 -0.017492 -0.000010 0.000005 -0.000025 -27.005203 0.080741 -2.763547 0.194001 0.007418 0.009080 0.344924 0.021188 0.010398 0.000003 0.000019 -0.000004 -25.678045 -0.101278 -9.351793 -0.532889 -0.023723 -0.061504 -0.570878 -0.037400 -0.050753 -0.000010 0.001456 0.000025 -21.566046 -0.198529 -16.745409 -1.015069 -0.035458 -0.308573 -0.865263 -0.109476 -0.293362 -0.000390 -0.000012 -0.000027 0.000000 0.000000 0.000000 0.000000 0.000000 0.000000 -93.656937 0.630403 4.408926 -73.256073 14.358279 -2.750318 -4.226752 -21.231167 52.369473 21.924355 -29.462809 -17.078478 -2.137953 0.509472 43.966949 -0.000008 0.000029 -4.923910 -0.000040 -0.000022 -3.308265 0.001045 -0.000020 -0.003616 28.277388 0.158636 -1.620188 -0.766631 0.067194 0.084110 -0.975727 0.094094 0.011984 0.000000 -0.001044 -0.000024 25.705959 0.072941 -5.740291 -0.940401 0.003915 -0.003015 -0.772725 0.018003 0.004241 0.000262 -0.000044 -0.000032 21.797478 -0.043096 -9.793209 -0.086941 -0.012161 0.012943 -0.020201 -0.032244 0.021543 0.002758 0.000008 0.000007 17.247284 -0.112427 -13.412407 0.175759 -0.063553 0.145813 -0.066970 -0.114248 0.071847 -0.000737 -0.000006 -0.000035 0.000000 0.000000 0.000000 0.000000 0.000000 0.000000 10.549433 -3.052957 18.989698 -0.078419 -0.481506 10.375840 -8.582532 -15.507264 14.185410 0.242049 -0.750275 -27.720522 0.000000 0.000000 0.000000 0.000000 0.000000 0.000000 0.000000 0.000000 0.000000 23.483498 0.597226 11.971295 0.593992 1.483311 23.945326 -10.516012 3.496976 10.513480 0.873186 0.764451 -27.994484 0.000000 0.000000 0.000000 0.000000 0.000000 0.000000 0.000000 0.000000 0.000000 
-5.394120 85.449959 13.871845 -6.846160 0.227568 -15.451103 4.343138 -0.911564 7.096716 0.925418 -0.490096 3.179085 5.869311 -4.856618 14.395888 -0.846558 -0.729327 1.521085 2.261139 0.722103 10.424309 -4.671107 -1.461221 -8.046235 -0.286086 3.279274 -23.267889 0.000000 0.000000 0.000000 96.238747 -0.508525 4.116860 62.104332 -10.235398 4.751811 3.553858 27.864388 40.685478 -16.333536 12.945355 -16.635899 2.485080 -0.568561 43.853317 0.000010 0.000047 -5.544417 0.000018 0.000042 -3.681015 0.000023 0.000022 -0.000042 -27.409098 0.179243 2.323615 0.276999 0.066227 -0.003756 0.039790 0.103011 -0.019100 -0.000010 0.000005 -0.000025 -26.847294 0.080755 -2.804612 0.185059 0.008219 0.008406 0.336654 0.021794 0.009516 0.000003 0.000019 -0.000004 -25.502609 -0.101315 -9.352221 -0.539590 -0.024852 -0.059898 -0.577992 -0.038225 -0.049585 -0.000009 0.001428 0.000025 -21.392429 -0.197608 -16.715628 -1.015801 -0.038531 -0.303187 -0.864829 -0.111821 -0.288268 -0.000393 -0.000012 -0.000027 0.000000 0.000000 0.000000 0.000000 0.000000 0.000000 -93.652725 0.628964 4.413140 -73.314896 14.432347 -2.874812 -4.202694 -21.100166 52.270420 21.706663 -29.399940 -17.075464 -2.177484 0.518574 43.945244 -0.000008 0.000029 -5.028903 -0.000040 -0.000022 -3.381177 0.001018 -0.000020 -0.003618 27.972504 0.158514 -1.720220 -0.736700 0.067248 0.078911 -0.944560 0.094254 0.007865 0.000000 -0.001042 -0.000024 25.401981 0.072939 -5.807786 -0.916609 0.004058 -0.004409 -0.746672 0.018086 0.002978 0.000232 -0.000044 -0.000032 21.487776 -0.043235 -9.803821 -0.070299 -0.012428 0.015008 -0.006014 -0.032329 0.022873 0.002753 0.000009 0.000006 16.950199 -0.112869 -13.374551 0.182659 -0.064245 0.151779 -0.062518 -0.114553 0.075856 -0.000725 -0.000005 -0.000035 0.000000 0.000000 0.000000 0.000000 0.000000 0.000000 10.617660 -3.180035 18.925163 -0.077349 -0.473737 10.354883 -8.668333 -15.583863 14.193724 0.250969 -0.756212 -27.735849 0.000000 0.000000 0.000000 0.000000 0.000000 0.000000 0.000000 0.000000 0.000000 23.549196 0.536691 11.792901 0.596047 1.482171 23.992371 -10.551967 3.422740 10.626331 0.870968 0.769824 -28.038513 0.000000 0.000000 0.000000 0.000000 0.000000 0.000000 0.000000 0.000000 0.000000 
-5.552766 85.443718 13.847554 -6.833910 0.438316 -15.418283 4.365411 -0.924425 7.076712 0.974011 -0.510301 3.211130 5.829318 -4.828451 14.362169 -0.856338 -0.725292 1.515956 2.240685 0.734322 10.366759 -4.680111 -1.458657 -8.072138 -0.297194 3.284786 -23.226051 0.000000 0.000000 0.000000 96.209122 -0.504093 4.116206 62.043900 -10.201675 4.751585 3.536860 27.803429 40.668880 -16.193129 13.051887 -16.643301 2.514328 -0.575734 43.837738 0.000010 0.000048 -5.621453 0.000019 0.000042 -3.732081 0.000023 0.000022 -0.000042 -27.208830 0.178500 2.241726 0.263875 0.067796 -0.005112 0.022007 0.104724 -0.020299 -0.000010 0.000005 -0.000025 -26.641529 0.080783 -2.855837 0.174787 0.009042 0.007838 0.326646 0.022422 0.008749 0.000003 0.000018 -0.000004 -25.278009 -0.101386 -9.357275 -0.545793 -0.026036 -0.058339 -0.584472 -0.039085 -0.048456 -0.000009 0.001399 0.000025 -21.172781 -0.196651 -16.686022 -1.014116 -0.041894 -0.297508 -0.862339 -0.114393 -0.282992 -0.000397 -0.000012 -0.000027 0.000000 0.000000 0.000000 0.000000 0.000000 0.000000 -93.653107 0.628340 4.418178 -73.364014 14.522378 -3.001549 -4.177422 -20.961941 52.159302 21.445253 -29.309706 -17.066565 -2.223770 0.529128 43.920170 -0.000009 0.000029 -5.151323 -0.000040 -0.000022 -3.466233 0.000989 -0.000020 -0.003622 27.621239 0.158427 -1.836962 -0.702631 0.067268 0.073159 -0.909081 0.094385 0.003249 0.000001 -0.001040 -0.000024 25.052742 0.072978 -5.888839 -0.888649 0.004186 -0.005983 -0.716281 0.018156 0.001532 0.000204 -0.000044 -0.000031 21.135046 -0.043368 -9.820916 -0.050845 -0.012682 0.017293 0.011007 -0.032405 0.024354 0.002747 0.000009 0.000006 16.614445 -0.113304 -13.336946 0.191162 -0.064954 0.158304 -0.056363 -0.114865 0.080336 -0.000712 -0.000005 -0.000035 0.000000 0.000000 0.000000 0.000000 0.000000 0.000000 10.675877 -3.306307 18.861336 -0.076359 -0.466332 10.332991 -8.749135 -15.658815 14.202142 0.259178 -0.762443 -27.750721 0.000000 0.000000 0.000000 0.000000 0.000000 0.000000 0.000000 0.000000 0.000000 23.604729 0.480994 11.619347 0.597901 1.480971 24.030378 -10.582086 3.352457 10.744241 0.868496 0.774912 -28.083689 0.000000 0.000000 0.000000 0.000000 0.000000 0.000000 0.000000 0.000000 0.000000 
-5.705107 85.438675 13.823997 -6.816118 0.651658 -15.386259 4.384981 -0.936745 7.057100 1.023423 -0.530744 3.242159 5.784737 -4.797678 14.330547 -0.865736 -0.721544 1.509216 2.218695 0.747592 10.309125 -4.688451 -1.454923 -8.097608 -0.308446 3.290974 -23.184402 0.000000 0.000000 0.000000 96.183266 -0.499768 4.115030 61.982925 -10.181062 4.746277 3.518697 27.739386 40.652096 -16.020176 13.170707 -16.650730 2.552949 -0.584624 43.817661 0.000010 0.000048 -5.722065 0.000019 0.000042 -3.799604 0.000023 0.000021 -0.000043 -26.956352 0.177764 2.144437 0.248878 0.069366 -0.005947 0.002144 0.106439 -0.020973 -0.000011 0.000006 -0.000025 -26.382111 0.080821 -2.918890 0.162856 0.009872 0.007424 0.314579 0.023062 0.008139 0.000003 0.000018 -0.000004 -24.998060 -0.101488 -9.367726 -0.551507 -0.027257 -0.056873 -0.590324 -0.039966 -0.047404 -0.000009 0.001367 0.000024 -20.901432 -0.195655 -16.656610 -1.009683 -0.045516 -0.291627 -0.857490 -0.117163 -0.277612 -0.000404 -0.000012 -0.000026 0.000000 0.000000 0.000000 0.000000 0.000000 0.000000 -93.658150 0.628503 4.424126 -73.403038 14.630083 -3.129274 -4.150875 -20.816744 52.035126 21.137541 -29.193111 -17.051748 -2.277840 0.541327 43.891235 -0.000009 0.000029 -5.293780 -0.000041 -0.000022 -3.565250 0.000958 -0.000020 -0.003629 27.217602 0.158370 -1.972657 -0.663809 0.067227 0.066736 -0.868648 0.094460 -0.001964 0.000001 -0.001039 -0.000024 24.652418 0.073054 -5.985124 -0.855895 0.004287 -0.007786 -0.680928 0.018206 -0.000137 0.000176 -0.000044 -0.000031 20.733435 -0.043497 -9.845366 -0.028233 -0.012905 0.019848 0.031222 -0.032459 0.026030 0.002739 0.000009 0.000006 16.234467 -0.113741 -13.299786 0.201266 -0.065646 0.165531 -0.048477 -0.115158 0.085411 -0.000698 -0.000005 -0.000035 0.000000 0.000000 0.000000 0.000000 0.000000 0.000000 10.724119 -3.432056 18.798155 -0.075444 -0.459286 10.310182 -8.824963 -15.732365 14.210779 0.266638 -0.768997 -27.765213 0.000000 0.000000 0.000000 0.000000 0.000000 0.000000 0.000000 0.000000 0.000000 23.649992 0.430111 11.450030 0.599560 1.479703 24.060251 -10.606406 3.286041 10.867234 0.865724 0.779734 -28.130253 0.000000 0.000000 0.000000 0.000000 0.000000 0.000000 0.000000 0.000000 0.000000 
-5.850944 85.434822 13.801104 -6.792838 0.867584 -15.354920 4.402017 -0.948492 7.037917 1.073432 -0.551354 3.272221 5.735805 -4.764510 14.300956 -0.874768 -0.718128 1.500857 2.195261 0.761609 10.251274 -4.696072 -1.450231 -8.122782 -0.319752 3.297735 -23.142994 0.000000 0.000000 0.000000 96.161118 -0.495567 4.113539 61.921337 -10.175444 4.735477 3.499440 27.672295 40.635242 -15.811331 13.302885 -16.658413 2.602140 -0.595459 43.792519 0.000010 0.000049 -5.849230 0.000019 0.000042 -3.885667 0.000023 0.000021 -0.000043 -26.645262 0.177038 2.029127 0.231602 0.070897 -0.006117 -0.020254 0.108120 -0.020982 -0.000011 0.000006 -0.000026 -26.062178 0.080863 -2.995744 0.148847 0.010696 0.007222 0.300050 0.023701 0.007736 0.000003 0.000018 -0.000004 -24.655447 -0.101615 -9.384446 -0.556774 -0.028491 -0.055561 -0.595574 -0.040849 -0.046474 -0.000009 0.001334 0.000024 -20.571661 -0.194605 -16.627401 -1.002105 -0.049344 -0.285658 -0.849934 -0.120087 -0.272220 -0.000412 -0.000012 -0.000026 0.000000 0.000000 0.000000 0.000000 0.000000 0.000000 -93.667801 0.629412 4.431071 -73.431427 14.757147 -3.256688 -4.123013 -20.664827 51.896847 20.781507 -29.051634 -17.031462 -2.340878 0.555386 43.857838 -0.000009 0.000029 -5.459280 -0.000041 -0.000022 -3.680311 0.000926 -0.000020 -0.003638 26.754826 0.158338 -2.129819 -0.619559 0.067086 0.059509 -0.822544 0.094440 -0.007892 0.000001 -0.001038 -0.000024 24.194401 0.073162 -6.098493 -0.817658 0.004345 -0.009875 -0.639946 0.018221 -0.002077 0.000150 -0.000044 -0.000030 20.276230 -0.043622 -9.878130 -0.002158 -0.013076 0.022734 0.054947 -0.032479 0.027950 0.002729 0.000009 0.000006 15.803862 -0.114186 -13.263299 0.212834 -0.066281 0.173614 -0.038966 -0.115399 0.091217 -0.000684 -0.000005 -0.000035 0.000000 0.000000 0.000000 0.000000 0.000000 0.000000 10.762450 -3.557654 18.735506 -0.074600 -0.452592 10.286510 -8.895847 -15.804797 14.219770 0.273304 -0.775905 -27.779408 0.000000 0.000000 0.000000 0.000000 0.000000 0.000000 0.000000 0.000000 0.000000 23.684883 0.383878 11.284193 0.601030 1.478358 24.083103 -10.624945 3.223257 10.995341 0.862589 0.784315 -28.178488 0.000000 0.000000 0.000000 0.000000 0.000000 0.000000 0.000000 0.000000 0.000000 
-5.990055 85.432144 13.778801 -6.764136 1.086168 -15.324150 4.416730 -0.959636 7.019193 1.123824 -0.572064 3.301368 5.682776 -4.729163 14.273308 -0.883445 -0.715085 1.490910 2.170463 0.776103 10.192864 -4.702899 -1.444761 -8.147885 -0.331034 3.304946 -23.101822 0.000000 0.000000 0.000000 96.142578 -0.491517 4.111989 61.858799 -10.186867 4.718899 3.479198 27.602310 40.618488 -15.562822 13.449951 -16.666733 2.663333 -0.608508 43.761578 0.000010 0.000049 -6.006535 0.000019 0.000042 -3.992770 0.000024 0.000021 -0.000043 -26.267859 0.176321 1.892631 0.211490 0.072336 -0.005443 -0.045794 0.109715 -0.020161 -0.000011 0.000006 -0.000026 -25.673510 0.080900 -3.088772 0.132196 0.011492 0.007300 0.282513 0.024321 0.007600 0.000003 0.000018 -0.000004 -24.241274 -0.101758 -9.408462 -0.561662 -0.029702 -0.054471 -0.600279 -0.041708 -0.045722 -0.000008 0.001299 0.000024 -20.175316 -0.193483 -16.598324 -0.990891 -0.053304 -0.279731 -0.839245 -0.123103 -0.266924 -0.000422 -0.000012 -0.000026 0.000000 0.000000 0.000000 0.000000 0.000000 0.000000 -93.681946 0.631020 4.439106 -73.448700 14.905200 -3.382471 -4.093813 -20.506378 51.743343 20.375685 -28.887297 -17.006615 -2.414274 0.571553 43.819332 -0.000010 0.000029 -5.651317 -0.000042 -0.000022 -3.813852 0.000894 -0.000020 -0.003651 26.225092 0.158318 -2.311330 -0.569162 0.066799 0.051324 -0.770004 0.094280 -0.014667 0.000002 -0.001038 -0.000024 23.671082 0.073299 -6.231039 -0.773232 0.004342 -0.012311 -0.592640 0.018187 -0.004341 0.000125 -0.000044 -0.000030 19.755646 -0.043742 -9.920271 0.027588 -0.013170 0.026016 0.082396 -0.032446 0.030170 0.002717 0.000009 0.000006 15.315127 -0.114652 -13.227744 0.225514 -0.066806 0.182718 -0.028156 -0.115542 0.097898 -0.000669 -0.000005 -0.000035 0.000000 0.000000 0.000000 0.000000 0.000000 0.000000 10.790911 -3.683556 18.673229 -0.073823 -0.446240 10.262070 -8.961821 -15.876463 14.229282 0.279125 -0.783194 -27.793385 0.000000 0.000000 0.000000 0.000000 0.000000 0.000000 0.000000 0.000000 0.000000 23.709257 0.341966 11.120909 0.602320 1.476922 24.100241 -10.637682 3.163725 11.128611 0.859013 0.788680 -28.228710 0.000000 0.000000 0.000000 0.000000 0.000000 0.000000 0.000000 0.000000 0.000000 
-6.122179 85.430656 13.757005 -6.730060 1.307571 -15.293835 4.429376 -0.970153 7.000954 1.174404 -0.592812 3.329659 5.625914 -4.691841 14.247492 -0.891775 -0.712454 1.479444 2.144359 0.790880 10.133319 -4.708839 -1.438631 -8.173236 -0.342230 3.312468 -23.060818 0.000000 0.000000 0.000000 96.127472 -0.487654 4.110698 61.794659 -10.217558 4.696475 3.458069 27.529684 40.601902 -15.270183 13.614193 -16.676220 2.738304 -0.624112 43.723953 0.000010 0.000050 -6.198426 0.000019 0.000042 -4.124012 0.000024 0.000021 -0.000043 -25.814659 0.175608 1.731050 0.187772 0.073613 -0.003707 -0.075294 0.111159 -0.018298 -0.000011 0.000006 -0.000026 -25.205908 0.080924 -3.200864 0.112139 0.012232 0.007746 0.261230 0.024897 0.007805 0.000003 0.000018 -0.000005 -23.744429 -0.101902 -9.440967 -0.566264 -0.030846 -0.053686 -0.604517 -0.042510 -0.045213 -0.000008 0.001262 0.000024 -19.702181 -0.192261 -16.569241 -0.975411 -0.057293 -0.273988 -0.824876 -0.126124 -0.261844 -0.000434 -0.000012 -0.000025 0.000000 0.000000 0.000000 0.000000 0.000000 0.000000 -93.700348 0.633273 4.448357 -73.454308 15.075775 -3.505294 -4.063261 -20.341532 51.573540 19.919174 -28.702663 -16.978561 -2.499680 0.590120 43.774902 -0.000010 0.000030 -5.874028 -0.000042 -0.000022 -3.968751 0.000861 -0.000020 -0.003668 25.619291 0.158299 -2.520550 -0.511881 0.066310 0.042014 -0.710234 0.093923 -0.022437 0.000002 -0.001039 -0.000024 23.073595 0.073457 -6.385180 -0.721937 0.004252 -0.015162 -0.538346 0.018087 -0.006986 0.000101 -0.000044 -0.000029 19.162539 -0.043857 -9.972986 0.061004 -0.013154 0.029761 0.113573 -0.032341 0.032745 0.002702 0.000009 0.000006 14.759423 -0.115144 -13.193385 0.238615 -0.067155 0.192997 -0.016698 -0.115535 0.105596 -0.000653 -0.000005 -0.000036 0.000000 0.000000 0.000000 0.000000 0.000000 0.000000 10.809537 -3.810288 18.611095 -0.073108 -0.440212 10.237032 -9.022904 -15.947755 14.239488 0.284045 -0.790893 -27.807213 0.000000 0.000000 0.000000 0.000000 0.000000 0.000000 0.000000 0.000000 0.000000 23.722927 0.303884 10.959111 0.603442 1.475383 24.113176 -10.644542 3.106908 11.267109 0.854895 0.792855 -28.281300 0.000000 0.000000 0.000000 0.000000 0.000000 0.000000 0.000000 0.000000 0.000000 
-6.247010 85.430359 13.735626 -6.690628 1.532066 -15.263865 4.440240 -0.980024 6.983222 1.224993 -0.613542 3.357151 5.565482 -4.652738 14.223386 -0.899753 -0.710268 1.466577 2.116944 0.805842 10.071778 -4.713779 -1.431885 -8.199264 -0.353300 3.320145 -23.019821 0.000000 0.000000 0.000000 96.115494 -0.484028 4.110056 61.727871 -10.270014 4.668433 3.436209 27.454893 40.585537 -14.927926 13.799035 -16.687601 2.829309 -0.642704 43.678532 0.000010 0.000050 -6.430562 0.000019 0.000042 -4.283315 0.000024 0.000021 -0.000044 -25.273588 0.174896 1.539503 0.159401 0.074637 -0.000625 -0.109872 0.112366 -0.015132 -0.000011 0.000006 -0.000026 -24.646454 0.080921 -3.335614 0.087669 0.012881 0.008664 0.235204 0.025400 0.008443 0.000003 0.000018 -0.000005 -23.150721 -0.102028 -9.483378 -0.570689 -0.031863 -0.053306 -0.608384 -0.043209 -0.045025 -0.000008 0.001224 0.000024 -19.139185 -0.190908 -16.539875 -0.954819 -0.061173 -0.268577 -0.806086 -0.129039 -0.257113 -0.000448 -0.000012 -0.000025 0.000000 0.000000 0.000000 0.000000 0.000000 0.000000 -93.722626 0.636111 4.459005 -73.447487 15.270264 -3.623788 -4.031365 -20.170315 51.386272 19.411507 -28.500870 -16.949028 -2.599110 0.611438 43.723572 -0.000010 0.000030 -6.132409 -0.000043 -0.000022 -4.148488 0.000829 -0.000020 -0.003688 24.926584 0.158264 -2.761508 -0.447017 0.065550 0.031392 -0.642469 0.093303 -0.031361 0.000003 -0.001042 -0.000024 22.391453 0.073629 -6.563767 -0.663202 0.004048 -0.018500 -0.476501 0.017898 -0.010074 0.000079 -0.000044 -0.000028 18.486023 -0.043963 -10.037642 0.097752 -0.012995 0.034035 0.148146 -0.032138 0.035734 0.002686 0.000010 0.000006 14.126175 -0.115676 -13.160484 0.250937 -0.067254 0.204595 -0.005758 -0.115317 0.114436 -0.000637 -0.000005 -0.000036 0.000000 0.000000 0.000000 0.000000 0.000000 0.000000 10.818300 -3.938445 18.548817 -0.072452 -0.434485 10.211676 -9.079092 -16.019117 14.250571 0.287994 -0.799033 -27.820948 0.000000 0.000000 0.000000 0.000000 0.000000 0.000000 0.000000 0.000000 0.000000 23.725607 0.268967 10.797610 0.604408 1.473724 24.123627 -10.645368 3.052102 11.410918 0.850116 0.796865 -28.336699 0.000000 0.000000 0.000000 0.000000 0.000000 0.000000 0.000000 0.000000 0.000000 
-6.364192 85.431274 13.714573 -6.645807 1.760045 -15.234147 4.449636 -0.989237 6.966000 1.275428 -0.634199 3.383893 5.501738 -4.612034 14.200852 -0.907367 -0.708562 1.452486 2.088121 0.821019 10.007103 -4.717570 -1.424478 -8.226492 -0.364233 3.327810 -22.978586 0.000000 0.000000 0.000000 96.106354 -0.480716 4.110526 61.656906 -10.347006 4.635412 3.413808 27.378668 40.569298 -14.529096 14.009421 -16.701756 2.939250 -0.664848 43.623837 0.000009 0.000051 -6.710274 0.000019 0.000041 -4.475749 0.000024 0.000020 -0.000044 -24.629108 0.174171 1.311806 0.124951 0.075283 0.004161 -0.151028 0.113219 -0.010325 -0.000011 0.000007 -0.000026 -23.978460 0.080877 -3.497524 0.057438 0.013393 0.010189 0.203107 0.025789 0.009627 0.000003 0.000019 -0.000005 -22.441727 -0.102110 -9.537372 -0.575030 -0.032669 -0.053454 -0.611942 -0.043749 -0.045256 -0.000007 0.001184 0.000023 -18.469349 -0.189379 -16.509706 -0.927907 -0.064757 -0.263661 -0.781822 -0.131696 -0.252874 -0.000463 -0.000012 -0.000024 0.000000 0.000000 0.000000 0.000000 0.000000 0.000000 -93.748375 0.639486 4.471291 -73.427361 15.489825 -3.736455 -3.998146 -19.992592 51.180279 18.852659 -28.285732 -16.920046 -2.715032 0.635933 43.664165 -0.000011 0.000030 -6.432531 -0.000044 -0.000022 -4.357292 0.000798 -0.000020 -0.003712 24.133980 0.158184 -3.039085 -0.374025 0.064436 0.019262 -0.566089 0.092337 -0.041608 0.000003 -0.001047 -0.000024 21.612068 0.073805 -6.770218 -0.596697 0.003696 -0.022397 -0.406791 0.017595 -0.013670 0.000058 -0.000044 -0.000027 17.713057 -0.044059 -10.115825 0.136911 -0.012649 0.038894 0.185198 -0.031811 0.039189 0.002667 0.000010 0.000006 13.402649 -0.116257 -13.129260 0.260487 -0.067014 0.217596 0.002708 -0.114817 0.124507 -0.000619 -0.000005 -0.000036 0.000000 0.000000 0.000000 0.000000 0.000000 0.000000 10.817087 -4.068713 18.486034 -0.071853 -0.429029 10.186410 -9.130342 -16.091034 14.262710 0.290901 -0.807654 -27.834625 0.000000 0.000000 0.000000 0.000000 0.000000 0.000000 0.000000 0.000000 0.000000 23.716896 0.236386 10.635100 0.605233 1.471931 24.133455 -10.639899 2.998421 11.560169 0.844535 0.800734 -28.395395 0.000000 0.000000 0.000000 0.000000 0.000000 0.000000 0.000000 0.000000 0.000000 
