HIERARCHY
ROOT Hips
{
	OFFSET -0.759342 87.667793 4.689505
	CHANNELS 6 Xposition Yposition Zposition Zrotation Yrotation Xrotation 
	JOINT Spine
	{
		OFFSET 0.000000 8.814246 -2.080107
		CHANNELS 3 Zrotation Yrotation Xrotation
		JOINT Spine1
		{
			OFFSET -0.000000 8.844141 0.000000
			CHANNELS 3 Zrotation Yrotation Xrotation
			JOINT Spine2
			{
				OFFSET -0.000000 11.682268 -0.000000
				CHANNELS 3 Zrotation Yrotation Xrotation
				JOINT Spine3
				{
					OFFSET 0.000000 11.746700 0.000000
					CHANNELS 3 Zrotation Yrotation Xrotation
					JOINT Neck
					{
						OFFSET -0.000000 17.658264 0.000000
						CHANNELS 3 Zrotation Yrotation Xrotation
						JOINT Neck1
						{
							OFFSET 0.000000 5.101515 -0.000000
							CHANNELS 3 Zrotation Yrotation Xrotation
							JOINT Head
							{
								OFFSET -0.000000 5.101515 0.000000
								CHANNELS 3 Zrotation Yrotation Xrotation
								JOINT HeadEnd
								{
									OFFSET 0.000000 11.655085 -0.000000
									CHANNELS 3 Zrotation Yrotation Xrotation
									End Site
									{
										OFFSET 0.000000 0.000000 0.000000
									}
								}
							}
						}
					}
					JOINT RightShoulder
					{
						OFFSET -2.625389 11.175210 -0.000000
						CHANNELS 3 Zrotation Yrotation Xrotation
						JOINT RightArm
						{
							OFFSET -0.000000 10.434715 0.000000
							CHANNELS 3 Zrotation Yrotation Xrotation
							JOINT RightForeArm
							{
								OFFSET -0.000000 29.628420 0.000000
								CHANNELS 3 Zrotation Yrotation Xrotation
								JOINT RightHand
								{
									OFFSET -0.000000 22.857611 0.000000
									CHANNELS 3 Zrotation Yrotation Xrotation
									JOINT RightHandThumb1
									{
										OFFSET -2.867323 3.959563 2.944291
										CHANNELS 3 Zrotation Yrotation Xrotation
										JOINT RightHandThumb2
										{
											OFFSET -0.000000 3.350399 0.000000
											CHANNELS 3 Zrotation Yrotation Xrotation
											JOINT RightHandThumb3
											{
												OFFSET 0.000000 3.756509 -0.000000
												CHANNELS 3 Zrotation Yrotation Xrotation
												JOINT RightHandThumb4
												{
													OFFSET 0.000000 3.147345 -0.000000
													CHANNELS 3 Zrotation Yrotation Xrotation
													End Site
													{
														OFFSET 0.000000 0.000000 0.000000
													}
												}
											}
										}
									}
									JOINT RightHandIndex1
									{
										OFFSET -0.086752 10.030893 2.345280
										CHANNELS 3 Zrotation Yrotation Xrotation
										JOINT RightHandIndex2
										{
											OFFSET -0.000000 4.061090 0.000000
											CHANNELS 3 Zrotation Yrotation Xrotation
											JOINT RightHandIndex3
											{
												OFFSET 0.000000 3.248873 -0.000000
												CHANNELS 3 Zrotation Yrotation Xrotation
												JOINT RightHandIndex4
												{
													OFFSET -0.000000 2.639709 0.000000
													CHANNELS 3 Zrotation Yrotation Xrotation
													End Site
													{
														OFFSET 0.000000 0.000000 0.000000
													}
												}
											}
										}
									}
									JOINT RightHandMiddle1
									{
										OFFSET 0.104102 9.502952 0.006768
										CHANNELS 3 Zrotation Yrotation Xrotation
										JOINT RightHandMiddle2
										{
											OFFSET -0.000000 4.568727 0.000000
											CHANNELS 3 Zrotation Yrotation Xrotation
											JOINT RightHandMiddle3
											{
												OFFSET -0.000000 3.654981 0.000000
												CHANNELS 3 Zrotation Yrotation Xrotation
												JOINT RightHandMiddle4
												{
													OFFSET 0.000000 2.741236 -0.000000
													CHANNELS 3 Zrotation Yrotation Xrotation
													End Site
													{
														OFFSET 0.000000 0.000000 0.000000
													}
												}
											}
										}
									}
									JOINT RightHandRing1
									{
										OFFSET 0.086752 8.921708 -2.267442
										CHANNELS 3 Zrotation Yrotation Xrotation
										JOINT RightHandRing2
										{
											OFFSET 0.000000 4.061090 -0.000000
											CHANNELS 3 Zrotation Yrotation Xrotation
											JOINT RightHandRing3
											{
												OFFSET -0.000000 3.654981 0.000000
												CHANNELS 3 Zrotation Yrotation Xrotation
												JOINT RightHandRing4
												{
													OFFSET -0.000000 2.741236 0.000000
													CHANNELS 3 Zrotation Yrotation Xrotation
													End Site
													{
														OFFSET 0.000000 0.000000 0.000000
													}
												}
											}
										}
									}
									JOINT RightHandPinky1
									{
										OFFSET -0.173504 7.976997 -4.467199
										CHANNELS 3 Zrotation Yrotation Xrotation
										JOINT RightHandPinky2
										{
											OFFSET 0.000000 3.350399 -0.000000
											CHANNELS 3 Zrotation Yrotation Xrotation
											JOINT RightHandPinky3
											{
												OFFSET -0.000000 2.842763 0.000000
												CHANNELS 3 Zrotation Yrotation Xrotation
												JOINT RightHandPinky4
												{
													OFFSET 0.000000 2.639709 -0.000000
													CHANNELS 3 Zrotation Yrotation Xrotation
													End Site
													{
														OFFSET 0.000000 0.000000 0.000000
													}
												}
											}
										}
									}
									JOINT RightForeArmEnd
									{
										OFFSET 0.000000 0.000000 0.000000
										CHANNELS 3 Zrotation Yrotation Xrotation
										End Site
										{
											OFFSET 0.000000 0.000000 0.000000
										}
									}
								}
								JOINT RightArmEnd
								{
									OFFSET 0.000000 0.000000 0.000000
									CHANNELS 3 Zrotation Yrotation Xrotation
									End Site
									{
										OFFSET 0.000000 0.000000 0.000000
									}
								}
							}
						}
					}
					JOINT LeftShoulder
					{
						OFFSET 2.625389 11.175210 0.000000
						CHANNELS 3 Zrotation Yrotation Xrotation
						JOINT LeftArm
						{
							OFFSET 0.000000 10.813635 0.000000
							CHANNELS 3 Zrotation Yrotation Xrotation
							JOINT LeftForeArm
							{
								OFFSET 0.000000 28.724781 -0.000000
								CHANNELS 3 Zrotation Yrotation Xrotation
								JOINT LeftHand
								{
									OFFSET 0.644384 25.716167 -0.328871
									CHANNELS 3 Zrotation Yrotation Xrotation
									JOINT LeftHandThumb1
									{
										OFFSET 2.867323 3.959563 2.944291
										CHANNELS 3 Zrotation Yrotation Xrotation
										JOINT LeftHandThumb2
										{
											OFFSET -0.000000 3.350399 -0.000000
											CHANNELS 3 Zrotation Yrotation Xrotation
											JOINT LeftHandThumb3
											{
												OFFSET -0.000000 3.756509 0.000000
												CHANNELS 3 Zrotation Yrotation Xrotation
												JOINT LeftHandThumb4
												{
													OFFSET 0.000000 3.100000 -0.000000
													CHANNELS 3 Zrotation Yrotation Xrotation
													End Site
													{
														OFFSET 0.000000 0.000000 0.000000
													}
												}
											}
										}
									}
									JOINT LeftHandIndex1
									{
										OFFSET 0.086752 10.030893 2.345280
										CHANNELS 3 Zrotation Yrotation Xrotation
										JOINT LeftHandIndex2
										{
											OFFSET 0.000000 4.061090 -0.000000
											CHANNELS 3 Zrotation Yrotation Xrotation
											JOINT LeftHandIndex3
											{
												OFFSET -0.000000 3.248873 -0.000000
												CHANNELS 3 Zrotation Yrotation Xrotation
												JOINT LeftHandIndex4
												{
													OFFSET -0.000000 2.639709 -0.000000
													CHANNELS 3 Zrotation Yrotation Xrotation
													End Site
													{
														OFFSET 0.000000 0.000000 0.000000
													}
												}
											}
										}
									}
									JOINT LeftHandMiddle1
									{
										OFFSET -0.104102 9.502952 0.006768
										CHANNELS 3 Zrotation Yrotation Xrotation
										JOINT LeftHandMiddle2
										{
											OFFSET 0.000000 4.568727 0.000000
											CHANNELS 3 Zrotation Yrotation Xrotation
											JOINT LeftHandMiddle3
											{
												OFFSET -0.000000 3.654981 -0.000000
												CHANNELS 3 Zrotation Yrotation Xrotation
												JOINT LeftHandMiddle4
												{
													OFFSET 0.000000 2.741236 0.000000
													CHANNELS 3 Zrotation Yrotation Xrotation
													End Site
													{
														OFFSET 0.000000 0.000000 0.000000
													}
												}
											}
										}
									}
									JOINT LeftHandRing1
									{
										OFFSET -0.086752 8.921708 -2.267442
										CHANNELS 3 Zrotation Yrotation Xrotation
										JOINT LeftHandRing2
										{
											OFFSET -0.000000 4.061090 -0.000000
											CHANNELS 3 Zrotation Yrotation Xrotation
											JOINT LeftHandRing3
											{
												OFFSET -0.000000 3.654981 0.000000
												CHANNELS 3 Zrotation Yrotation Xrotation
												JOINT LeftHandRing4
												{
													OFFSET -0.000000 2.741236 -0.000000
													CHANNELS 3 Zrotation Yrotation Xrotation
													End Site
													{
														OFFSET 0.000000 0.000000 0.000000
													}
												}
											}
										}
									}
									JOINT LeftHandPinky1
									{
										OFFSET 0.173504 7.976997 -4.467199
										CHANNELS 3 Zrotation Yrotation Xrotation
										JOINT LeftHandPinky2
										{
											OFFSET 0.000000 3.350399 0.000000
											CHANNELS 3 Zrotation Yrotation Xrotation
											JOINT LeftHandPinky3
											{
												OFFSET -0.000000 2.842763 -0.000000
												CHANNELS 3 Zrotation Yrotation Xrotation
												JOINT LeftHandPinky4
												{
													OFFSET -0.000000 2.639709 -0.000000
													CHANNELS 3 Zrotation Yrotation Xrotation
													End Site
													{
														OFFSET 0.000000 0.000000 0.000000
													}
												}
											}
										}
									}
									JOINT LeftForeArmEnd
									{
										OFFSET 0.000000 0.000000 0.000000
										CHANNELS 3 Zrotation Yrotation Xrotation
										End Site
										{
											OFFSET 0.000000 0.000000 0.000000
										}
									}
								}
								JOINT LeftArmEnd
								{
									OFFSET 0.000000 0.000000 0.000000
									CHANNELS 3 Zrotation Yrotation Xrotation
									End Site
									{
										OFFSET 0.000000 0.000000 0.000000
									}
								}
							}
						}
					}
				}
			}
		}
	}
	JOINT RightUpLeg
	{
		OFFSET -11.289943 -0.000000 0.000000
		CHANNELS 3 Zrotation Yrotation Xrotation
		JOINT RightLeg
		{
			OFFSET 0.000000 -38.200325 -0.000000
			CHANNELS 3 Zrotation Yrotation Xrotation
			JOINT RightFoot
			{
				OFFSET 0.000000 -39.900856 0.000000
				CHANNELS 3 Zrotation Yrotation Xrotation
				JOINT RightToeBase
				{
					OFFSET 0.000000 -0.000000 15.261641
					CHANNELS 3 Zrotation Yrotation Xrotation
					JOINT RightToeBaseEnd
					{
						OFFSET -0.000000 -0.000000 7.370709
						CHANNELS 3 Zrotation Yrotation Xrotation
						End Site
						{
							OFFSET 0.000000 0.000000 0.000000
						}
					}
				}
				JOINT RightLegEnd
				{
					OFFSET 0.000000 0.000000 0.000000
					CHANNELS 3 Zrotation Yrotation Xrotation
					End Site
					{
						OFFSET 0.000000 0.000000 0.000000
					}
				}
			}
			JOINT RightUpLegEnd
			{
				OFFSET 0.000000 0.000000 0.000000
				CHANNELS 3 Zrotation Yrotation Xrotation
				End Site
				{
					OFFSET 0.000000 0.000000 0.000000
				}
			}
		}
	}
	JOINT LeftUpLeg
	{
		OFFSET 11.315661 -0.000000 -0.000000
		CHANNELS 3 Zrotation Yrotation Xrotation
		JOINT LeftLeg
		{
			OFFSET -0.000000 -38.200325 0.000000
			CHANNELS 3 Zrotation Yrotation Xrotation
			JOINT LeftFoot
			{
				OFFSET 0.000000 -39.900856 -0.000000
				CHANNELS 3 Zrotation Yrotation Xrotation
				JOINT LeftToeBase
				{
					OFFSET -0.000000 -0.000000 15.261641
					CHANNELS 3 Zrotation Yrotation Xrotation
					JOINT LeftToeBaseEnd
					{
						OFFSET 0.000000 -0.000000 7.539996
						CHANNELS 3 Zrotation Yrotation Xrotation
						End Site
						{
							OFFSET 0.000000 0.000000 0.000000
						}
					}
				}
				JOINT LeftLegEnd
				{
					OFFSET 0.000000 0.000000 0.000000
					CHANNELS 3 Zrotation Yrotation Xrotation
					End Site
					{
						OFFSET 0.000000 0.000000 0.000000
					}
				}
			}
			JOINT LeftUpLegEnd
			{
				OFFSET 0.000000 0.000000 0.000000
				CHANNELS 3 Zrotation Yrotation Xrotation
				End Site
				{
					OFFSET 0.000000 0.000000 0.000000
				}
			}
		}
	}
}
MOTION
Frames: 361
Frame Time: 0.016667
-0.759342 87.667793 4.689505 3.468469 0.752956 -12.233212 -6.028434 0.945840 7.782657 -1.803922 0.422942 3.975869 2.093531 -0.843021 4.987226 3.516115 -0.299318 1.697576 -0.200619 -2.260492 2.315868 0.194723 -2.553781 -4.338128 2.120477 1.174264 -16.670248 0.000000 0.000000 0.000000 93.992226 -0.435968 6.288360 59.846161 -23.948889 3.624455 -0.102678 12.822737 35.803642 18.929747 6.779087 -3.767929 12.435399 -1.968813 39.088257 0.000000 0.000000 -30.239998 0.000001 0.000000 -21.000002 0.000000 0.000000 0.000000 21.927877 16.987106 -2.298895 15.192314 -0.390036 -4.571699 15.192738 0.575017 -4.309638 0.000000 0.000000 0.000000 19.517574 6.968199 -5.490662 14.052358 -0.789868 -1.705024 14.051023 0.181895 -1.462226 0.000000 0.000000 0.000000 19.630192 -8.883079 -9.320813 12.634636 1.781381 1.975627 12.628487 -0.170221 1.538244 0.000000 0.000000 0.000000 21.123539 -25.276505 -14.500463 9.631763 3.618377 4.537206 9.612535 -0.325393 3.868460 0.000000 0.000000 0.000000 0.000000 0.000000 0.000000 0.000000 0.000000 0.000000 -87.025047 -0.640747 11.924372 -69.686348 39.047619 -3.730644 -0.625959 -14.765736 40.158791 -13.753436 -19.752729 -6.826895 -12.735312 1.985468 38.960354 0.000000 0.000000 -30.959999 0.000000 0.000000 -21.500000 0.000000 0.000000 0.000000 -24.303932 16.928932 -5.397888 -15.278192 -0.383150 4.596982 -15.278647 0.581508 4.333474 0.000000 0.000000 0.000000 -21.847321 6.956190 -6.445376 -14.663191 -0.771300 1.777572 -14.661921 0.196135 1.524446 0.000000 0.000000 0.000000 -20.180004 -8.943714 -6.463911 -14.725952 1.703413 -2.296092 -14.719422 -0.230934 -1.787793 0.000000 0.000000 0.000000 -16.329264 -25.722683 -8.979443 -13.147321 3.289316 -6.173567 -13.126022 -0.606088 -5.264394 0.000000 0.000000 0.000000 0.000000 0.000000 0.000000 0.000000 0.000000 0.000000 -9.091002 5.308258 -2.147241 -0.755458 -1.401172 28.335550 5.249650 -1.569645 13.257589 -0.930692 1.674897 -21.556427 0.000000 0.000000 0.000000 0.000000 0.000000 0.000000 0.000000 0.000000 0.000000 -2.693712 4.248030 11.419389 0.122152 0.739580 9.378725 -0.930777 13.657081 15.511531 0.810878 -0.999698 -20.630232 0.000000 0.000000 0.000000 0.000000 0.000000 0.000000 0.000000 0.000000 0.000000 
-0.114847 87.387405 4.400901 3.136978 -0.180688 -12.324729 -4.052546 0.578550 7.171228 -2.648323 0.506701 4.583510 2.610600 -1.610660 5.319246 1.955006 -0.607592 2.659594 0.290172 -3.445473 -0.144285 0.644116 -2.584051 -6.842820 1.224538 0.520365 -18.201683 0.000000 0.000000 0.000000 91.634781 -0.477277 6.863532 61.221733 -22.198347 5.497258 -0.037062 14.808127 35.471107 14.846117 10.742392 -2.724399 13.786447 -2.155463 38.319515 0.000007 0.000024 -33.543289 -0.000008 0.000025 -23.495905 0.000006 -0.000003 -0.000003 23.753098 16.787586 -5.560530 16.134842 -0.329724 -4.158265 16.065311 0.644661 -3.807549 -0.000012 -0.000007 -0.000018 22.200054 6.990433 -6.356112 15.112453 -0.736814 -1.604618 15.151718 0.223791 -1.354311 0.000030 0.000093 0.000010 21.796183 -9.137957 -6.597398 13.751724 1.663903 2.039921 13.610073 -0.265621 1.564422 0.000018 -0.000892 0.000001 20.818127 -26.110987 -8.759600 10.409280 3.130512 5.129159 10.350841 -0.725914 4.427581 0.000160 -0.000000 0.000003 0.000000 0.000000 0.000000 0.000000 0.000000 0.000000 -90.044121 0.064979 10.633080 -65.712952 39.411697 -5.024498 -1.749665 -16.801285 44.444721 -16.794992 -20.081470 -6.132793 -12.930707 2.082363 38.791492 -0.000001 0.000010 -31.259480 0.000087 -0.000019 -21.701042 -0.000030 -0.000008 0.003695 -22.884192 16.963791 -5.110078 -13.843423 -0.412620 4.190886 -14.011343 0.561594 3.893125 0.000010 -0.000076 0.000012 -20.986172 7.002715 -5.627145 -13.873945 -0.766674 1.614598 -13.485220 0.187724 1.372537 -0.000505 -0.000026 0.000026 -19.941540 -9.020235 -5.165814 -14.136349 1.669910 -2.114828 -13.852796 -0.241291 -1.605240 -0.000095 0.000003 -0.000005 -17.161573 -25.918772 -6.643996 -12.528050 3.174538 -5.598958 -12.508292 -0.666958 -4.664973 -0.000749 0.000001 -0.000012 0.000000 0.000000 0.000000 0.000000 0.000000 0.000000 -9.373588 7.518452 -0.387935 -0.373924 -0.829467 27.639605 3.080410 -3.871758 14.836161 -0.874734 0.421638 -22.020481 0.000000 0.000000 0.000000 0.000000 0.000000 0.000000 0.000000 0.000000 0.000000 -0.934155 7.974052 14.403202 0.117875 0.520896 8.599093 0.106222 11.310191 16.248510 0.415376 -1.049984 -18.437836 0.000000 0.000000 0.000000 0.000000 0.000000 0.000000 0.000000 0.000000 0.000000 
0.469507 87.325043 4.340534 3.630687 -0.971321 -12.651920 -4.238493 0.666208 7.356422 -2.380738 0.476218 4.488882 2.208726 -1.138099 5.753807 1.726628 -0.440541 2.656587 -0.296817 -2.787291 -0.099061 0.719741 -2.313844 -6.612572 1.179554 0.554734 -18.239141 0.000000 0.000000 0.000000 91.979973 -0.433222 6.928409 61.125744 -21.260145 5.477998 -0.052985 15.243183 35.638981 14.376205 11.753753 -2.306525 13.909617 -2.159994 38.278187 0.000002 0.000026 -33.804577 -0.000007 0.000021 -23.694439 0.000008 0.000001 -0.000002 24.348507 16.721266 -5.880043 16.508480 -0.238224 -4.457475 16.385281 0.734970 -4.076861 0.000003 0.000001 -0.000005 22.904331 6.975617 -6.534029 15.573078 -0.698245 -1.729746 15.596319 0.256969 -1.457259 0.000021 0.000043 0.000004 22.597366 -9.147517 -6.736472 14.218724 1.601414 2.211993 14.078154 -0.312355 1.696021 0.000009 -0.000363 -0.000009 21.449245 -26.162680 -8.630836 10.867357 2.958719 5.627474 10.776653 -0.872730 4.845065 0.000347 0.000012 -0.000015 0.000000 0.000000 0.000000 0.000000 0.000000 0.000000 -90.402039 0.202365 10.506777 -65.766953 38.499504 -6.300078 -1.591608 -17.409996 47.636032 -17.218529 -20.195896 -5.326293 -12.980105 2.072664 38.778152 -0.000003 0.000004 -31.395355 0.000051 -0.000006 -21.817411 -0.000720 0.000002 0.003302 -23.222332 17.057983 -4.789922 -14.104011 -0.350342 4.408197 -14.267771 0.622530 4.084145 0.000028 -0.000030 0.000010 -21.271883 7.043335 -5.434989 -14.159715 -0.742154 1.701532 -13.809155 0.207953 1.444009 -0.000048 -0.000034 -0.000003 -20.129366 -9.069933 -5.162501 -14.410305 1.629972 -2.245367 -14.135449 -0.270789 -1.701853 0.000001 -0.000001 -0.000001 -17.213675 -26.040445 -6.835183 -12.746318 3.065008 -5.977994 -12.761293 -0.757836 -4.973993 -0.000758 0.000008 -0.000027 0.000000 0.000000 0.000000 0.000000 0.000000 0.000000 -10.217661 8.165035 -0.920717 -0.381722 -0.856073 28.003540 3.292781 -3.455912 15.091306 -0.940839 0.391662 -22.154995 0.000000 0.000000 0.000000 0.000000 0.000000 0.000000 0.000000 0.000000 0.000000 -1.808905 9.055636 15.004876 0.093971 0.475518 7.865254 0.483207 11.986107 16.358536 0.336720 -1.007826 -18.420942 0.000000 0.000000 0.000000 0.000000 0.000000 0.000000 0.000000 0.000000 0.000000 
1.004111 87.234787 4.314790 3.981678 -1.667547 -12.973281 -4.366369 0.742923 7.526078 -2.167948 0.464695 4.337629 1.948691 -0.639669 6.154622 1.483442 -0.238274 2.730124 -0.773188 -2.278380 -0.061520 0.750618 -2.192114 -6.463722 1.189592 0.599241 -18.343946 0.000000 0.000000 0.000000 92.243835 -0.406960 6.969223 60.850643 -21.037287 5.506167 -0.013092 15.391429 35.976284 13.782993 12.467911 -2.434538 14.031006 -2.160753 38.239990 -0.000003 0.000031 -34.067406 -0.000014 0.000024 -23.880072 -0.000001 -0.000003 0.000006 25.069296 16.674114 -6.110123 16.919331 -0.176004 -4.662481 16.750402 0.798358 -4.260395 0.000008 -0.000005 0.000004 23.704649 6.969803 -6.651631 16.070549 -0.672153 -1.816431 16.090174 0.280323 -1.529100 0.000010 0.000026 0.000005 23.587467 -9.162271 -6.834846 14.749582 1.558385 2.332450 14.608186 -0.346834 1.788351 0.000014 0.000127 -0.000004 22.418350 -26.223392 -8.593674 11.426342 2.837291 5.990669 11.303429 -0.982200 5.148185 0.000454 0.000015 -0.000028 0.000000 0.000000 0.000000 0.000000 0.000000 0.000000 -90.662827 0.280546 10.336009 -65.615112 37.500740 -7.306344 -1.442454 -17.970066 50.902527 -17.497583 -20.669968 -4.613921 -13.058862 2.070709 38.746563 -0.000011 -0.000004 -31.604601 0.000020 -0.000001 -21.976990 -0.001260 0.000003 0.002561 -23.879223 17.125401 -4.771989 -14.470393 -0.309076 4.545051 -14.611322 0.663715 4.201108 0.000032 0.000022 0.000015 -21.870539 7.073913 -5.451474 -14.557382 -0.727056 1.758103 -14.238944 0.221855 1.490172 0.000198 -0.000037 -0.000009 -20.712173 -9.103698 -5.319825 -14.832351 1.605257 -2.334861 -14.567493 -0.291469 -1.767594 0.000125 -0.000012 0.000001 -17.740767 -26.110306 -7.146754 -13.110979 2.991454 -6.243049 -13.180824 -0.822580 -5.186494 -0.000737 0.000004 -0.000032 0.000000 0.000000 0.000000 0.000000 0.000000 0.000000 -10.871969 8.471496 -1.168093 -0.387188 -0.870158 28.043076 3.419320 -3.197167 15.314909 -0.999734 0.363793 -22.275846 0.000000 0.000000 0.000000 0.000000 0.000000 0.000000 0.000000 0.000000 0.000000 -2.429065 9.979319 15.432363 0.075273 0.427520 7.440060 0.849975 12.534027 16.297659 0.264855 -0.961634 -18.356665 0.000000 0.000000 0.000000 0.000000 0.000000 0.000000 0.000000 0.000000 0.000000 
1.494285 87.133049 4.300734 4.237655 -2.256639 -13.256203 -4.447996 0.804582 7.635875 -2.030894 0.474363 4.209017 1.812165 -0.192102 6.438956 1.271703 -0.044241 2.886374 -1.062140 -1.911833 0.009901 0.767361 -2.116384 -6.376553 1.232783 0.644186 -18.534027 0.000000 0.000000 0.000000 92.367043 -0.380711 6.947011 60.456745 -21.152359 5.501694 0.048961 15.430220 36.712616 13.204550 12.882968 -2.845556 14.180041 -2.163399 38.186909 -0.000006 0.000033 -34.400864 -0.000018 0.000026 -24.107180 -0.000006 -0.000005 0.000012 26.046661 16.613314 -6.343451 17.428337 -0.124963 -4.831201 17.220095 0.849789 -4.410605 0.000010 -0.000009 0.000009 24.775919 6.954121 -6.765700 16.660919 -0.650303 -1.887757 16.680635 0.299606 -1.588717 0.000004 0.000021 0.000005 24.921732 -9.156930 -6.918370 15.435016 1.521800 2.433338 15.289654 -0.376139 1.865370 0.000019 0.000487 -0.000003 23.817051 -26.234669 -8.578831 12.144483 2.733783 6.298567 11.999173 -1.075573 5.402085 0.000460 0.000017 -0.000035 0.000000 0.000000 0.000000 0.000000 0.000000 0.000000 -90.860847 0.325438 10.111424 -65.166374 36.642643 -8.005527 -1.316619 -18.456554 53.978039 -17.891996 -21.175673 -3.842087 -13.153947 2.070885 38.703709 -0.000014 -0.000008 -31.862240 0.000000 0.000002 -22.168459 -0.001623 0.000002 0.001875 -24.824173 17.155710 -4.944905 -14.969856 -0.273944 4.663174 -15.078955 0.698860 4.301846 0.000034 0.000134 0.000019 -22.748962 7.089954 -5.607333 -15.071177 -0.714097 1.807238 -14.779622 0.233820 1.529920 0.000319 -0.000039 -0.000013 -21.615723 -9.120939 -5.533463 -15.372737 1.583986 -2.410930 -15.114421 -0.309203 -1.824730 0.000176 -0.000018 0.000002 -18.649342 -26.126116 -7.403790 -13.584922 2.930121 -6.466586 -13.712677 -0.875647 -5.364985 -0.000729 0.000002 -0.000033 0.000000 0.000000 0.000000 0.000000 0.000000 0.000000 -11.401944 8.569024 -1.287778 -0.393140 -0.881043 27.994888 3.498206 -3.025576 15.418391 -1.052205 0.340685 -22.351810 0.000000 0.000000 0.000000 0.000000 0.000000 0.000000 0.000000 0.000000 0.000000 -2.888164 10.756944 15.698236 0.061744 0.385685 7.223107 1.204447 12.896127 16.134544 0.208029 -0.921536 -18.247574 0.000000 0.000000 0.000000 0.000000 0.000000 0.000000 0.000000 0.000000 0.000000 
1.945807 87.036156 4.286008 4.435841 -2.736226 -13.481512 -4.504505 0.854487 7.669128 -1.944079 0.493747 4.098015 1.743131 0.190196 6.586650 1.112085 0.127512 3.054540 -1.237481 -1.636539 0.138013 0.785711 -2.013919 -6.313368 1.273504 0.678231 -18.780161 0.000000 0.000000 0.000000 92.348549 -0.355475 6.882896 60.042461 -21.230686 5.410174 0.112470 15.545496 37.914261 12.829263 13.245390 -3.198632 14.357142 -2.169133 38.117027 -0.000008 0.000030 -34.809772 -0.000018 0.000026 -24.384621 -0.000007 -0.000006 0.000012 27.104168 16.537006 -6.660358 17.981350 -0.059764 -5.040515 17.741426 0.913548 -4.596599 0.000008 -0.000008 0.000008 25.962217 6.929888 -6.945579 17.302343 -0.622073 -1.975088 17.326429 0.323172 -1.661118 0.000006 0.000020 0.000006 26.408737 -9.141508 -7.038100 16.230684 1.474261 2.558259 16.080633 -0.412075 1.960396 0.000021 0.000697 -0.000006 25.350851 -26.224581 -8.545024 12.955096 2.599995 6.676486 12.800217 -1.192106 5.710979 0.000405 0.000016 -0.000039 0.000000 0.000000 0.000000 0.000000 0.000000 0.000000 -90.963654 0.358438 9.906805 -64.607300 35.892628 -8.466686 -1.221460 -18.869116 56.723694 -18.340294 -21.752504 -2.946183 -13.259893 2.071522 38.653362 -0.000012 -0.000008 -32.156590 -0.000008 0.000001 -22.385412 -0.001855 0.000002 0.001400 -25.895187 17.156385 -5.078678 -15.536791 -0.226836 4.828133 -15.615065 0.745110 4.445848 0.000033 0.000248 0.000018 -23.766825 7.094277 -5.711629 -15.641871 -0.695371 1.875046 -15.370612 0.249488 1.584568 0.000319 -0.000038 -0.000020 -22.683802 -9.128902 -5.634037 -15.967340 1.553148 -2.508776 -15.709417 -0.332106 -1.899423 0.000100 -0.000017 0.000002 -19.739838 -26.109064 -7.476009 -14.092302 2.849368 -6.749342 -14.270560 -0.941786 -5.592131 -0.000749 0.000002 -0.000032 0.000000 0.000000 0.000000 0.000000 0.000000 0.000000 -11.865241 8.571336 -1.343222 -0.399451 -0.891065 27.917181 3.551598 -2.909790 15.441566 -1.097523 0.318839 -22.383329 0.000000 0.000000 0.000000 0.000000 0.000000 0.000000 0.000000 0.000000 0.000000 -3.268702 11.413961 15.849572 0.051593 0.353474 7.092591 1.557293 13.144052 15.949083 0.167151 -0.889299 -18.110910 0.000000 0.000000 0.000000 0.000000 0.000000 0.000000 0.000000 0.000000 0.000000 
2.364601 86.949646 4.272110 4.582848 -3.104490 -13.668298 -4.531420 0.894048 7.640207 -1.871955 0.509703 4.013216 1.691390 0.529436 6.616323 0.991335 0.283780 3.211853 -1.412725 -1.405563 0.354410 0.800876 -1.895158 -6.238438 1.294219 0.700028 -19.065428 0.000000 0.000000 0.000000 92.231667 -0.337668 6.767442 59.670040 -20.970108 5.129084 0.173095 15.860301 39.632095 12.805539 13.812777 -3.352753 14.528044 -2.172448 38.050339 -0.000008 0.000025 -35.209923 -0.000017 0.000026 -24.656040 -0.000007 -0.000006 0.000011 28.050491 16.478773 -7.055967 18.543030 0.024394 -5.299046 18.280247 0.994718 -4.827108 0.000006 -0.000006 0.000005 27.074871 6.911730 -7.196284 17.959284 -0.585548 -2.082734 17.994087 0.352759 -1.749843 0.000008 0.000019 0.000007 27.869852 -9.132686 -7.213129 17.083607 1.412724 2.713837 16.930593 -0.457236 2.078858 0.000021 0.000817 -0.000009 26.865973 -26.215731 -8.531738 13.807083 2.426213 7.146236 13.651904 -1.340370 6.094381 0.000339 0.000015 -0.000041 0.000000 0.000000 0.000000 0.000000 0.000000 0.000000 -90.988457 0.388291 9.716707 -64.048492 35.061821 -8.818727 -1.169979 -19.240316 59.238617 -18.670086 -22.484825 -1.931806 -13.371387 2.071332 38.601746 -0.000007 -0.000006 -32.463627 -0.000009 -0.000001 -22.610178 -0.001996 0.000002 0.001146 -26.972567 17.143284 -5.143399 -16.125841 -0.165444 5.043724 -16.178366 0.804685 4.636380 0.000032 0.000323 0.000017 -24.807688 7.092480 -5.732791 -16.230440 -0.670247 1.963149 -15.972383 0.269553 1.655711 0.000192 -0.000037 -0.000028 -23.796164 -9.133348 -5.599720 -16.579632 1.511470 -2.631947 -16.316458 -0.361270 -1.993624 -0.000065 -0.000015 0.000001 -20.882200 -26.077089 -7.371176 -14.598886 2.744989 -7.102582 -14.813568 -1.025878 -5.876808 -0.000778 0.000003 -0.000030 0.000000 0.000000 0.000000 0.000000 0.000000 0.000000 -12.281062 8.531334 -1.362741 -0.405842 -0.900264 27.844690 3.594127 -2.858871 15.427794 -1.136033 0.298874 -22.373837 0.000000 0.000000 0.000000 0.000000 0.000000 0.000000 0.000000 0.000000 0.000000 -3.587036 11.959684 15.941191 0.044220 0.331473 7.009975 1.889083 13.320488 15.732572 0.139934 -0.867211 -17.953190 0.000000 0.000000 0.000000 0.000000 0.000000 0.000000 0.000000 0.000000 0.000000 
2.752393 86.875175 4.263297 4.675138 -3.359931 -13.837771 -4.522909 0.922148 7.576540 -1.805600 0.518284 3.956506 1.657078 0.833304 6.562000 0.891741 0.431023 3.358493 -1.655726 -1.216172 0.698035 0.809218 -1.808982 -6.121770 1.297646 0.706548 -19.390699 0.000000 0.000000 0.000000 92.059235 -0.313919 6.572628 59.404316 -20.172974 4.456180 0.238616 16.477560 42.143333 13.248263 14.796890 -3.225421 14.667130 -2.167822 38.004887 -0.000009 0.000022 -35.533463 -0.000018 0.000026 -24.872248 -0.000008 -0.000006 0.000011 28.824934 16.475054 -7.497634 19.122375 0.122543 -5.580198 18.843626 1.088894 -5.079184 0.000004 -0.000005 0.000004 28.055887 6.912444 -7.492272 18.641123 -0.543130 -2.201104 18.694344 0.386887 -1.847229 0.000008 0.000016 0.000007 29.310379 -9.138019 -7.434566 18.005589 1.340681 2.887723 17.853939 -0.509724 2.211604 0.000022 0.000878 -0.000011 28.480690 -26.198997 -8.591526 14.738310 2.220007 7.678301 14.589101 -1.515074 6.529083 0.000294 0.000015 -0.000043 0.000000 0.000000 0.000000 0.000000 0.000000 0.000000 -90.970505 0.409807 9.493006 -63.442337 33.987980 -9.161695 -1.166450 -19.637032 61.753990 -18.802526 -23.357418 -0.823135 -13.507870 2.071290 38.544266 -0.000004 -0.000006 -32.817604 -0.000007 -0.000001 -22.863924 -0.002067 0.000003 0.001056 -28.096388 17.132839 -5.225963 -16.797560 -0.093210 5.290699 -16.830303 0.874469 4.855498 0.000031 0.000353 0.000016 -25.913874 7.089888 -5.741898 -16.900726 -0.640777 2.063926 -16.650698 0.292826 1.737367 -0.000018 -0.000035 -0.000035 -25.031210 -9.137783 -5.491296 -17.288689 1.462360 -2.771292 -17.017330 -0.395088 -2.099972 -0.000290 -0.000014 0.000001 -22.188513 -26.045486 -7.139849 -15.192567 2.623526 -7.502316 -15.427515 -1.124645 -6.198016 -0.000790 0.000004 -0.000028 0.000000 0.000000 0.000000 0.000000 0.000000 0.000000 -12.638470 8.472954 -1.348404 -0.411921 -0.908069 27.786808 3.629673 -2.907091 15.403937 -1.170081 0.282467 -22.325903 0.000000 0.000000 0.000000 0.000000 0.000000 0.000000 0.000000 0.000000 0.000000 -3.847856 12.386337 15.984600 0.039396 0.317997 6.997546 2.190813 13.417780 15.466650 0.120149 -0.856188 -17.774343 0.000000 0.000000 0.000000 0.000000 0.000000 0.000000 0.000000 0.000000 0.000000 
3.112410 86.816055 4.258409 4.715921 -3.503184 -13.982116 -4.485372 0.938083 7.508202 -1.751085 0.521792 3.911269 1.656360 1.079974 6.442577 0.804736 0.561349 3.500749 -1.981769 -1.073983 1.201011 0.809183 -1.792104 -5.928260 1.294902 0.694982 -19.752596 0.000000 0.000000 0.000000 91.834831 -0.267473 6.265090 59.358841 -18.712397 3.267432 0.316536 17.391592 45.638184 14.226138 16.414547 -2.635782 14.744499 -2.152619 37.995964 -0.000010 0.000022 -35.708420 -0.000020 0.000025 -24.980007 -0.000011 -0.000006 0.000013 29.382366 16.538904 -7.894831 19.671648 0.221633 -5.836661 19.382486 1.183684 -5.310032 0.000005 -0.000005 0.000004 28.844799 6.935438 -7.760255 19.300165 -0.500366 -2.311804 19.376551 0.421316 -1.938308 0.000006 0.000012 0.000007 30.698483 -9.153077 -7.641369 18.956499 1.267061 3.056175 18.811274 -0.563394 2.340544 0.000023 0.000890 -0.000011 30.255329 -26.144854 -8.708133 15.754544 2.004249 8.212750 15.616328 -1.697461 6.966061 0.000282 0.000015 -0.000046 0.000000 0.000000 0.000000 0.000000 0.000000 0.000000 -90.898308 0.413299 9.199654 -62.760807 32.576149 -9.559944 -1.199942 -20.078432 64.424965 -18.786322 -24.386038 0.407659 -13.701534 2.073948 38.466423 -0.000004 -0.000006 -33.297707 -0.000003 -0.000001 -23.199036 -0.002081 0.000004 0.001074 -29.401329 17.136078 -5.403877 -17.653843 -0.017119 5.541347 -17.673182 0.948020 5.077586 0.000032 0.000332 0.000016 -27.232361 7.089228 -5.810213 -17.761086 -0.610184 2.166098 -17.515945 0.317025 1.820411 -0.000246 -0.000033 -0.000039 -26.585104 -9.141428 -5.377270 -18.239498 1.411220 -2.912696 -17.958637 -0.430401 -2.207221 -0.000564 -0.000016 0.000002 -23.908464 -26.018236 -6.831160 -16.040770 2.497273 -7.911271 -16.278963 -1.229375 -6.522846 -0.000739 0.000004 -0.000028 0.000000 0.000000 0.000000 0.000000 0.000000 0.000000 -12.931821 8.411520 -1.308195 -0.417050 -0.914858 27.717672 3.659111 -3.080430 15.403797 -1.202479 0.270491 -22.249374 0.000000 0.000000 0.000000 0.000000 0.000000 0.000000 0.000000 0.000000 0.000000 -4.068664 12.695415 15.963891 0.036766 0.310750 7.052808 2.474658 13.418785 15.174263 0.102362 -0.856465 -17.584808 0.000000 0.000000 0.000000 0.000000 0.000000 0.000000 0.000000 0.000000 0.000000 
3.449265 86.777168 4.253183 4.713066 -3.540011 -14.061965 -4.435359 0.943318 7.445743 -1.704025 0.519656 3.851415 1.685822 1.252574 6.265559 0.736736 0.665009 3.635424 -2.362158 -0.984034 1.840547 0.797742 -1.848000 -5.646364 1.288642 0.665607 -20.105364 0.000000 0.000000 0.000000 91.540268 -0.200345 5.836206 59.602932 -16.641075 1.689788 0.395160 18.442663 49.977814 15.727649 18.848236 -1.296820 14.753310 -2.131303 38.020882 -0.000011 0.000023 -35.713928 -0.000024 0.000025 -24.966597 -0.000014 -0.000007 0.000015 29.688120 16.634563 -8.140014 20.064871 0.304660 -6.023829 19.771683 1.262513 -5.478408 0.000006 -0.000006 0.000005 29.378674 6.966212 -7.922744 19.808817 -0.464276 -2.395904 19.907974 0.450153 -2.007452 0.000002 0.000003 0.000007 31.916502 -9.159366 -7.767445 19.798075 1.204520 3.192971 19.662172 -0.608912 2.445671 0.000025 0.000851 -0.000010 32.059612 -26.021357 -8.824591 16.750908 1.813870 8.674589 16.624466 -1.857729 7.343484 0.000321 0.000016 -0.000049 0.000000 0.000000 0.000000 0.000000 0.000000 0.000000 -90.733223 0.398802 8.822566 -62.110931 30.811375 -10.070741 -1.252831 -20.543259 67.280518 -18.768908 -25.517801 1.899197 -13.974948 2.079611 38.356354 -0.000004 -0.000007 -33.965870 0.000002 0.000001 -23.661720 -0.002077 0.000006 0.001159 -30.992573 17.158054 -5.627295 -18.742077 0.053332 5.767267 -18.755373 1.016487 5.277313 0.000033 0.000273 0.000016 -28.865894 7.093100 -5.906672 -18.870903 -0.582317 2.258050 -18.627230 0.339252 1.895273 -0.000418 -0.000032 -0.000044 -28.539684 -9.147839 -5.271644 -19.510590 1.364330 -3.042344 -19.220884 -0.463230 -2.304217 -0.000841 -0.000019 0.000003 -26.114523 -26.010303 -6.483910 -17.238188 2.381379 -8.293087 -17.466019 -1.328374 -6.820494 -0.000596 0.000003 -0.000029 0.000000 0.000000 0.000000 0.000000 0.000000 0.000000 -13.172134 8.347000 -1.283385 -0.420858 -0.921304 27.601837 3.677659 -3.354002 15.483777 -1.233047 0.261624 -22.174032 0.000000 0.000000 0.000000 0.000000 0.000000 0.000000 0.000000 0.000000 0.000000 -4.261751 12.897872 15.865130 0.035736 0.308370 7.115312 2.750818 13.335396 14.912737 0.084981 -0.866878 -17.414209 0.000000 0.000000 0.000000 0.000000 0.000000 0.000000 0.000000 0.000000 0.000000 
3.762238 86.761421 4.247991 4.666867 -3.483744 -14.057410 -4.388348 0.941588 7.383635 -1.657079 0.509717 3.762032 1.729696 1.360531 6.052064 0.692869 0.740934 3.746253 -2.772473 -0.948203 2.544741 0.765821 -1.969509 -5.305464 1.276262 0.626473 -20.407156 0.000000 0.000000 0.000000 91.172997 -0.121486 5.316752 60.083858 -14.105945 -0.054603 0.458114 19.511507 54.910587 17.792633 21.964388 0.865438 14.720599 -2.110662 38.061028 -0.000012 0.000024 -35.610199 -0.000028 0.000024 -24.878393 -0.000017 -0.000007 0.000018 29.818726 16.712515 -8.178351 20.260672 0.362889 -6.130903 19.970152 1.316772 -5.573807 0.000007 -0.000006 0.000007 29.705631 6.987441 -7.947630 20.124863 -0.438495 -2.447630 20.244024 0.470199 -2.049657 -0.000003 -0.000007 0.000006 32.913506 -9.146575 -7.809656 20.462736 1.160025 3.287184 20.334778 -0.640884 2.518557 0.000027 0.000763 -0.000008 33.731926 -25.841497 -8.937710 17.644739 1.670695 9.024328 17.524635 -1.977394 7.628170 0.000409 0.000017 -0.000051 0.000000 0.000000 0.000000 0.000000 0.000000 0.000000 -90.461349 0.374057 8.370763 -61.584030 28.723837 -10.718307 -1.304741 -21.007853 70.370621 -18.901403 -26.662468 3.744721 -14.312236 2.085505 38.219994 -0.000006 -0.000009 -34.788048 0.000004 0.000003 -24.233141 -0.002077 0.000008 0.001242 -32.810242 17.194479 -5.763870 -19.995829 0.111581 5.952645 -20.008219 1.073606 5.440814 0.000036 0.000207 0.000017 -30.734558 7.102921 -5.935639 -20.169910 -0.559533 2.333450 -19.923832 0.357630 1.956560 -0.000471 -0.000032 -0.000052 -30.734039 -9.164970 -5.147686 -21.021349 1.325416 -3.152751 -20.725203 -0.490999 -2.385294 -0.001072 -0.000022 0.000004 -28.568743 -26.049818 -6.134023 -18.702559 2.284570 -8.628698 -18.913946 -1.413878 -7.076481 -0.000389 0.000003 -0.000030 0.000000 0.000000 0.000000 0.000000 0.000000 0.000000 -13.367926 8.270327 -1.289085 -0.423354 -0.925974 27.423416 3.686138 -3.678074 15.675515 -1.259464 0.253968 -22.129421 0.000000 0.000000 0.000000 0.000000 0.000000 0.000000 0.000000 0.000000 0.000000 -4.424651 12.994868 15.685989 0.035981 0.310715 7.155552 3.026194 13.193145 14.721215 0.069436 -0.882610 -17.295504 0.000000 0.000000 0.000000 0.000000 0.000000 0.000000 0.000000 0.000000 0.000000 
4.046238 86.769547 4.247792 4.581639 -3.356413 -13.981869 -4.350403 0.936234 7.316814 -1.611537 0.492912 3.638993 1.775302 1.419566 5.834368 0.665745 0.790880 3.822662 -3.207298 -0.954816 3.245529 0.704686 -2.144320 -4.940227 1.258850 0.588892 -20.659546 0.000000 0.000000 0.000000 90.751480 -0.041826 4.721472 60.664158 -11.254682 -1.845363 0.502986 20.540298 60.207745 20.499704 25.373516 3.691294 14.671351 -2.092438 38.104317 -0.000013 0.000025 -35.461098 -0.000030 0.000023 -24.763491 -0.000019 -0.000007 0.000019 29.871721 16.761415 -8.028937 20.317274 0.402174 -6.183580 20.034946 1.352251 -5.619125 0.000007 -0.000005 0.000009 29.909431 6.998247 -7.849174 20.304562 -0.420794 -2.476923 20.440891 0.483387 -2.072856 -0.000006 -0.000017 0.000006 33.699566 -9.126033 -7.798597 20.981073 1.129645 3.349750 20.858267 -0.662211 2.567310 0.000028 0.000619 -0.000006 35.172024 -25.657925 -9.065550 18.421919 1.566217 9.284576 18.299692 -2.064099 7.838356 0.000524 0.000018 -0.000053 0.000000 0.000000 0.000000 0.000000 0.000000 0.000000 -90.101852 0.346748 7.849535 -61.138721 26.324419 -11.491642 -1.338830 -21.447515 73.771675 -19.312077 -27.745985 5.885515 -14.649551 2.088126 38.084949 -0.000005 -0.000008 -35.612072 0.000005 0.000005 -24.808149 -0.002074 0.000009 0.001282 -34.563778 17.241194 -5.731039 -21.228462 0.158161 6.099658 -21.240841 1.119719 5.570178 0.000037 0.000140 0.000016 -32.543293 7.118716 -5.846165 -21.464945 -0.541287 2.393400 -21.212225 0.372344 2.005105 -0.000392 -0.000031 -0.000063 -32.822369 -9.195439 -4.996278 -22.536396 1.293289 -3.244612 -22.236341 -0.514003 -2.451559 -0.001242 -0.000022 0.000005 -30.864864 -26.144320 -5.827367 -20.190615 2.203000 -8.919250 -20.384424 -1.486700 -7.293771 -0.000161 0.000003 -0.000030 0.000000 0.000000 0.000000 0.000000 0.000000 0.000000 -13.518295 8.185015 -1.308526 -0.424645 -0.926582 27.204950 3.697611 -4.027777 15.960230 -1.279987 0.244768 -22.125484 0.000000 0.000000 0.000000 0.000000 0.000000 0.000000 0.000000 0.000000 0.000000 -4.560350 12.979480 15.443271 0.037310 0.317853 7.177108 3.308361 13.007158 14.611830 0.058950 -0.898038 -17.242031 0.000000 0.000000 0.000000 0.000000 0.000000 0.000000 0.000000 0.000000 0.000000 
4.298290 86.801208 4.255587 4.476481 -3.184549 -13.855908 -4.325429 0.929711 7.242751 -1.575187 0.472503 3.487967 1.823193 1.439107 5.636618 0.646489 0.816252 3.864458 -3.635858 -0.984634 3.913572 0.622060 -2.339207 -4.569092 1.241405 0.559855 -20.879879 0.000000 0.000000 0.000000 90.282532 0.029154 4.055899 61.206074 -8.176316 -3.604075 0.531076 21.482071 65.638031 23.831896 28.703411 7.012260 14.621544 -2.075459 38.145721 -0.000012 0.000023 -35.311275 -0.000031 0.000022 -24.655764 -0.000020 -0.000006 0.000019 29.898106 16.797327 -7.769323 20.310911 0.433940 -6.217106 20.039185 1.380570 -5.646257 0.000006 -0.000003 0.000009 30.050905 7.007542 -7.685524 20.423758 -0.406636 -2.498068 20.574188 0.493741 -2.088900 -0.000006 -0.000024 0.000006 34.332096 -9.114073 -7.782960 21.420135 1.104998 3.399632 21.300285 -0.679391 2.606145 0.000029 0.000424 -0.000006 36.393429 -25.515400 -9.228625 19.119190 1.478030 9.505280 18.986300 -2.137358 8.014957 0.000641 0.000018 -0.000055 0.000000 0.000000 0.000000 0.000000 0.000000 0.000000 -89.674240 0.321633 7.266390 -60.673893 23.606411 -12.333008 -1.355707 -21.853138 77.454842 -20.064777 -28.729246 8.204971 -14.917925 2.085966 37.981045 -0.000003 -0.000007 -36.267841 0.000004 0.000004 -25.267534 -0.002073 0.000011 0.001266 -35.921162 17.296589 -5.529605 -22.228277 0.196446 6.216219 -22.238373 1.157968 5.672740 0.000037 0.000084 0.000014 -33.967026 7.139960 -5.654978 -22.533939 -0.526094 2.441485 -22.270939 0.384452 2.043913 -0.000214 -0.000029 -0.000076 -34.463844 -9.237061 -4.847806 -23.796083 1.265279 -3.320957 -23.495205 -0.533693 -2.505999 -0.001341 -0.000021 0.000005 -32.639496 -26.281155 -5.626792 -21.437151 2.129671 -9.169758 -21.615292 -1.550860 -7.478697 0.000060 0.000004 -0.000028 0.000000 0.000000 0.000000 0.000000 0.000000 0.000000 -13.623048 8.109673 -1.337592 -0.424816 -0.922883 26.984808 3.726582 -4.395416 16.301950 -1.295188 0.232454 -22.162958 0.000000 0.000000 0.000000 0.000000 0.000000 0.000000 0.000000 0.000000 0.000000 -4.680124 12.869527 15.172590 0.039282 0.328852 7.169154 3.595112 12.786106 14.590767 0.055082 -0.909858 -17.249372 0.000000 0.000000 0.000000 0.000000 0.000000 0.000000 0.000000 0.000000 0.000000 
4.518820 86.853790 4.270831 4.374812 -2.993161 -13.699264 -4.315742 0.923135 7.164926 -1.554096 0.451350 3.319328 1.878497 1.422184 5.462996 0.630495 0.818627 3.870667 -4.001310 -1.020988 4.551873 0.541648 -2.511197 -4.202259 1.228728 0.539296 -21.086359 0.000000 0.000000 0.000000 89.753380 0.090783 3.343696 61.654774 -4.902105 -5.229274 0.543796 22.311218 71.035278 27.690058 31.700235 10.708692 14.572110 -2.058135 38.186817 -0.000012 0.000020 -35.166664 -0.000031 0.000021 -24.559650 -0.000020 -0.000005 0.000018 29.874456 16.839935 -7.455926 20.269085 0.464749 -6.250620 20.005589 1.408671 -5.672607 0.000005 -0.000001 0.000008 30.121662 7.023970 -7.502610 20.508577 -0.393362 -2.518807 20.669245 0.503649 -2.104369 -0.000006 -0.000025 0.000006 34.835571 -9.120772 -7.798258 21.807127 1.080924 3.448177 21.687860 -0.696494 2.643442 0.000029 0.000197 -0.000006 37.417519 -25.435141 -9.442430 19.753283 1.391948 9.718253 19.601622 -2.209616 8.183485 0.000744 0.000017 -0.000055 0.000000 0.000000 0.000000 0.000000 0.000000 0.000000 -89.187782 0.297093 6.654636 -60.130447 20.561134 -13.158009 -1.371306 -22.244961 81.264496 -21.198420 -29.616068 10.630059 -15.075343 2.079127 37.926052 -0.000000 -0.000004 -36.649879 0.000000 0.000002 -25.536928 -0.002076 0.000012 0.001201 -36.671017 17.363497 -5.195411 -22.852535 0.227881 6.304556 -22.857023 1.189808 5.750243 0.000036 0.000054 0.000012 -34.798260 7.167806 -5.401808 -23.224674 -0.513521 2.478881 -22.949749 0.394455 2.073858 0.000011 -0.000027 -0.000089 -35.444580 -9.289948 -4.743186 -24.628016 1.240884 -3.381561 -24.330124 -0.550574 -2.548875 -0.001382 -0.000018 0.000005 -33.678436 -26.452383 -5.585791 -22.269148 2.063576 -9.375707 -22.435452 -1.607453 -7.628943 0.000257 0.000005 -0.000026 0.000000 0.000000 0.000000 0.000000 0.000000 0.000000 -13.687764 8.065212 -1.378970 -0.423913 -0.916180 26.788935 3.775033 -4.773929 16.667700 -1.306901 0.216991 -22.238901 0.000000 0.000000 0.000000 0.000000 0.000000 0.000000 0.000000 0.000000 0.000000 -4.798340 12.699856 14.911147 0.041232 0.341566 7.119131 3.876482 12.545992 14.654939 0.056113 -0.916849 -17.305548 0.000000 0.000000 0.000000 0.000000 0.000000 0.000000 0.000000 0.000000 0.000000 
4.710484 86.920303 4.294229 4.294049 -2.804327 -13.533752 -4.321943 0.915911 7.089431 -1.545346 0.429713 3.135383 1.939339 1.371418 5.312163 0.612031 0.800551 3.842361 -4.282252 -1.032492 5.155995 0.482528 -2.615869 -3.850172 1.216250 0.523820 -21.289370 0.000000 0.000000 0.000000 89.164299 0.145090 2.622448 62.020103 -1.401344 -6.594354 0.542436 23.024834 76.286377 31.993639 34.278683 14.708376 14.520373 -2.040527 38.228088 -0.000011 0.000017 -35.025452 -0.000031 0.000020 -24.472477 -0.000020 -0.000003 0.000017 29.804636 16.893751 -7.089994 20.196621 0.492981 -6.277290 19.935848 1.435287 -5.691928 0.000004 0.000002 0.000007 30.122293 7.048885 -7.303500 20.557507 -0.381605 -2.536430 20.724073 0.512688 -2.117128 -0.000005 -0.000023 0.000006 35.229836 -9.144406 -7.843994 22.140116 1.058045 3.492217 22.018826 -0.713119 2.676753 0.000029 -0.000049 -0.000007 38.277515 -25.406403 -9.702491 20.323494 1.309874 9.916275 20.145149 -2.279478 8.337699 0.000823 0.000016 -0.000056 0.000000 0.000000 0.000000 0.000000 0.000000 0.000000 -88.659378 0.268788 6.067815 -59.548504 17.166187 -13.878724 -1.399976 -22.639824 85.003647 -22.680670 -30.485497 13.125752 -15.106479 2.068521 37.925491 0.000003 -0.000002 -36.720135 -0.000006 -0.000001 -25.589701 -0.002064 0.000013 0.001109 -36.731926 17.444241 -4.757374 -23.040232 0.249725 6.352194 -23.036207 1.212688 5.790914 0.000035 0.000062 0.000009 -34.955872 7.203323 -5.112419 -23.469400 -0.504882 2.500881 -23.182989 0.401556 2.090851 0.000244 -0.000025 -0.000100 -35.678051 -9.354702 -4.705905 -24.961134 1.222636 -3.419214 -24.668764 -0.563354 -2.574950 -0.001395 -0.000015 0.000004 -33.903511 -26.653873 -5.728688 -22.621178 2.011308 -9.515224 -22.778889 -1.652207 -7.727267 0.000417 0.000006 -0.000023 0.000000 0.000000 0.000000 0.000000 0.000000 0.000000 -13.728619 8.059584 -1.428567 -0.422121 -0.907894 26.623604 3.834975 -5.134978 17.029131 -1.316907 0.199333 -22.340452 0.000000 0.000000 0.000000 0.000000 0.000000 0.000000 0.000000 0.000000 0.000000 -4.924071 12.517134 14.694499 0.042535 0.353018 7.017315 4.145868 12.312889 14.788733 0.058670 -0.918356 -17.391506 0.000000 0.000000 0.000000 0.000000 0.000000 0.000000 0.000000 0.000000 0.000000 
4.876497 86.991653 4.324421 4.240864 -2.640398 -13.383206 -4.339026 0.905825 7.022846 -1.538375 0.405481 2.951292 2.003869 1.295311 5.181080 0.583075 0.768742 3.782603 -4.482870 -0.992328 5.711569 0.450686 -2.630533 -3.522961 1.197899 0.511134 -21.486734 0.000000 0.000000 0.000000 88.537651 0.195316 1.944267 62.339687 2.391603 -7.556639 0.530251 23.659256 81.275261 36.706673 36.495781 18.976179 14.454944 -2.022771 38.273125 -0.000010 0.000013 -34.864613 -0.000031 0.000019 -24.375134 -0.000020 -0.000002 0.000016 29.675520 16.954967 -6.639279 20.064547 0.511556 -6.272161 19.800726 1.453550 -5.681645 0.000002 0.000004 0.000007 30.032518 7.079520 -7.060357 20.535435 -0.374185 -2.541156 20.704771 0.518563 -2.119172 -0.000005 -0.000017 0.000006 35.507313 -9.176945 -7.888750 22.387602 1.041016 3.519007 22.262629 -0.725845 2.696554 0.000029 -0.000294 -0.000007 38.991352 -25.403582 -9.982403 20.811697 1.244312 10.066038 20.600033 -2.336352 8.450249 0.000883 0.000016 -0.000056 0.000000 0.000000 0.000000 0.000000 0.000000 0.000000 -88.124718 0.233504 5.557837 -59.038265 13.355748 -14.408862 -1.447414 -23.059092 88.519310 -24.445749 -31.405849 15.683358 -15.021262 2.056025 37.973351 0.000006 -0.000000 -36.503788 -0.000013 -0.000004 -25.443279 -0.002019 0.000014 0.001009 -36.158936 17.529587 -4.248720 -22.808855 0.257528 6.341332 -22.794048 1.222309 5.778034 0.000034 0.000106 0.000006 -34.490341 7.243273 -4.807801 -23.282509 -0.502041 2.500550 -22.987278 0.404383 2.088985 0.000469 -0.000023 -0.000105 -35.210720 -9.426881 -4.738468 -24.819820 1.213769 -3.424658 -24.532398 -0.570006 -2.577098 -0.001407 -0.000012 0.000003 -33.362274 -26.872313 -6.039742 -22.518393 1.981503 -9.562218 -22.669769 -1.678781 -7.752498 0.000537 0.000008 -0.000021 0.000000 0.000000 0.000000 0.000000 0.000000 0.000000 -13.762362 8.086328 -1.483525 -0.419558 -0.898657 26.494133 3.891391 -5.448619 17.361988 -1.326462 0.180627 -22.451536 0.000000 0.000000 0.000000 0.000000 0.000000 0.000000 0.000000 0.000000 0.000000 -5.051898 12.363950 14.535461 0.042962 0.361512 6.884970 4.394665 12.109035 14.964752 0.058716 -0.915622 -17.489981 0.000000 0.000000 0.000000 0.000000 0.000000 0.000000 0.000000 0.000000 0.000000 
5.018747 87.056679 4.358079 4.211137 -2.520436 -13.268859 -4.359284 0.891883 6.972306 -1.522281 0.375854 2.787903 2.071494 1.201388 5.071970 0.540519 0.728540 3.692815 -4.639481 -0.875520 6.211819 0.439881 -2.544824 -3.228142 1.164526 0.500705 -21.671286 0.000000 0.000000 0.000000 87.911240 0.244222 1.356518 62.637836 6.427271 -8.009943 0.512156 24.244417 85.924599 41.757061 38.436405 23.474129 14.369469 -2.005379 38.323257 -0.000009 0.000010 -34.670967 -0.000031 0.000019 -24.256248 -0.000019 -0.000000 0.000016 29.491253 17.013655 -6.105189 19.851961 0.515634 -6.219745 19.580706 1.458549 -5.627591 0.000001 0.000006 0.000007 29.852238 7.110000 -6.763217 20.414854 -0.373031 -2.526856 20.584940 0.519655 -2.105435 -0.000004 -0.000008 0.000006 35.660229 -9.207646 -7.909871 22.515253 1.033461 3.520086 22.385803 -0.732073 2.696666 0.000030 -0.000513 -0.000007 39.559048 -25.399628 -10.258454 21.185202 1.204998 10.144289 20.936289 -2.372105 8.502938 0.000933 0.000015 -0.000056 0.000000 0.000000 0.000000 0.000000 0.000000 0.000000 -87.630432 0.191216 5.163962 -58.676266 9.123734 -14.651891 -1.514471 -23.524740 91.720322 -26.450075 -32.409142 18.285620 -14.837706 2.042800 38.061516 0.000009 0.000002 -36.044579 -0.000022 -0.000007 -25.128510 -0.001940 0.000014 0.000917 -35.055691 17.609215 -3.701944 -22.211948 0.249338 6.266259 -22.185125 1.216719 5.705863 0.000033 0.000175 0.000004 -33.495785 7.283595 -4.505191 -22.714895 -0.505796 2.475422 -22.415474 0.402342 2.066203 0.000677 -0.000021 -0.000105 -34.124619 -9.500523 -4.834888 -24.257875 1.215817 -3.394953 -23.972687 -0.569592 -2.552842 -0.001422 -0.000009 0.000003 -32.129330 -27.090160 -6.491460 -22.007996 1.978520 -9.507906 -22.155157 -1.684080 -7.697386 0.000626 0.000009 -0.000019 0.000000 0.000000 0.000000 0.000000 0.000000 0.000000 -13.796354 8.134813 -1.551218 -0.416287 -0.888295 26.410473 3.932388 -5.705969 17.650856 -1.336043 0.161819 -22.559469 0.000000 0.000000 0.000000 0.000000 0.000000 0.000000 0.000000 0.000000 0.000000 -5.166376 12.269160 14.433369 0.042464 0.366622 6.762294 4.614032 11.954800 15.145483 0.052521 -0.910473 -17.586485 0.000000 0.000000 0.000000 0.000000 0.000000 0.000000 0.000000 0.000000 0.000000 
5.137565 87.102837 4.390503 4.194016 -2.459452 -13.199231 -4.375434 0.874777 6.940463 -1.486996 0.337836 2.660414 2.138359 1.092296 4.980341 0.489798 0.681059 3.570693 -4.807644 -0.658270 6.659088 0.440127 -2.349793 -2.971857 1.103450 0.491743 -21.837610 0.000000 0.000000 0.000000 87.326897 0.296414 0.891984 62.930573 10.497961 -7.924163 0.492332 24.781307 90.190475 46.968536 40.137890 28.111338 14.259455 -1.988173 38.380737 -0.000008 0.000006 -34.431355 -0.000031 0.000018 -24.104986 -0.000018 0.000001 0.000015 29.244400 17.065701 -5.538619 19.554684 0.503638 -6.118382 19.272642 1.448451 -5.528274 0.000000 0.000007 0.000007 29.574167 7.137027 -6.435050 20.185631 -0.378776 -2.492633 20.354128 0.515409 -2.075179 -0.000004 0.000002 0.000007 35.654934 -9.232297 -7.909555 22.495184 1.037052 3.493214 22.361078 -0.730666 2.675600 0.000030 -0.000687 -0.000007 39.932343 -25.389692 -10.521967 21.403166 1.196924 10.141926 21.116922 -2.382775 8.489670 0.000988 0.000014 -0.000055 0.000000 0.000000 0.000000 0.000000 0.000000 0.000000 -87.219086 0.142631 4.909376 -58.486237 4.595053 -14.530241 -1.602977 -24.038359 94.594467 -28.669533 -33.491932 20.892426 -14.563603 2.028213 38.187885 0.000012 0.000003 -35.360569 -0.000032 -0.000011 -24.658613 -0.001833 0.000015 0.000833 -33.479462 17.677092 -3.143154 -21.283707 0.225553 6.132406 -21.244720 1.196211 5.579051 0.000031 0.000251 0.000002 -32.022800 7.321058 -4.219930 -21.798042 -0.516048 2.427204 -21.500223 0.395558 2.024024 0.000865 -0.000019 -0.000099 -32.460625 -9.569768 -4.990269 -23.302637 1.228835 -3.332616 -23.016682 -0.562175 -2.503875 -0.001430 -0.000005 0.000002 -30.240238 -27.288763 -7.063478 -21.112650 2.002932 -9.357138 -21.258213 -1.667898 -7.566104 0.000690 0.000011 -0.000017 0.000000 0.000000 0.000000 0.000000 0.000000 0.000000 -13.826107 8.198318 -1.658176 -0.412621 -0.876533 26.392834 3.948551 -5.915822 17.886684 -1.344794 0.143134 -22.655025 0.000000 0.000000 0.000000 0.000000 0.000000 0.000000 0.000000 0.000000 0.000000 -5.249846 12.245700 14.374990 0.041271 0.368418 6.690885 4.794952 11.873011 15.292619 0.037457 -0.903328 -17.670568 0.000000 0.000000 0.000000 0.000000 0.000000 0.000000 0.000000 0.000000 0.000000 
5.233939 87.119339 4.420286 4.185071 -2.467124 -13.184805 -4.385647 0.857129 6.931713 -1.425785 0.290553 2.574671 2.194187 0.976540 4.905159 0.437992 0.626760 3.414557 -5.029393 -0.314003 7.063268 0.447967 -2.031040 -2.756372 1.003058 0.483838 -21.989141 0.000000 0.000000 0.000000 86.827644 0.356075 0.582834 63.240894 14.369452 -7.308355 0.470152 25.247881 94.032455 52.113464 41.599892 32.724815 14.116811 -1.969623 38.451218 -0.000007 0.000002 -34.121117 -0.000031 0.000018 -23.902565 -0.000017 0.000003 0.000014 28.900711 17.119688 -4.977536 19.185476 0.474741 -5.970350 18.889746 1.422226 -5.386158 -0.000000 0.000009 0.000006 29.164127 7.163486 -6.099249 19.856321 -0.391785 -2.439009 20.021446 0.505597 -2.028935 -0.000003 0.000013 0.000008 35.428169 -9.256468 -7.904038 22.316856 1.052963 3.437163 22.178524 -0.720836 2.632695 0.000031 -0.000800 -0.000008 40.037174 -25.391813 -10.790344 21.440887 1.224366 10.051539 21.121279 -2.364954 8.405702 0.001056 0.000013 -0.000052 0.000000 0.000000 0.000000 0.000000 0.000000 0.000000 -86.936394 0.087502 4.806919 -58.459675 -0.039613 -13.963184 -1.710657 -24.575045 97.158493 -30.992268 -34.628017 23.430019 -14.198133 2.010734 38.354130 0.000014 0.000004 -34.448746 -0.000044 -0.000015 -24.032236 -0.001703 0.000015 0.000744 -31.453314 17.728027 -2.574838 -20.052740 0.187011 5.945831 -20.002953 1.161315 5.403544 0.000030 0.000322 -0.000001 -30.095028 7.352033 -3.953112 -20.561012 -0.532434 2.357841 -20.270346 0.384212 1.964282 0.001032 -0.000018 -0.000088 -30.246149 -9.626906 -5.198421 -21.979008 1.252333 -3.240164 -21.690708 -0.547868 -2.432048 -0.001413 -0.000001 0.000001 -27.723358 -27.444252 -7.747638 -19.857483 2.054381 -9.114033 -20.002686 -1.630050 -7.362863 0.000721 0.000012 -0.000015 0.000000 0.000000 0.000000 0.000000 0.000000 0.000000 -13.844268 8.274957 -1.823361 -0.409132 -0.863322 26.468822 3.934522 -6.091175 18.055370 -1.352207 0.124428 -22.731943 0.000000 0.000000 0.000000 0.000000 0.000000 0.000000 0.000000 0.000000 0.000000 -5.293050 12.293024 14.354064 0.039908 0.366921 6.703440 4.927662 11.876800 15.368989 0.012900 -0.893837 -17.732950 0.000000 0.000000 0.000000 0.000000 0.000000 0.000000 0.000000 0.000000 0.000000 
5.311511 87.099960 4.449497 4.186727 -2.547713 -13.247983 -4.391027 0.842266 6.955515 -1.335246 0.235735 2.534474 2.226356 0.873085 4.858277 0.394851 0.569552 3.230968 -5.331518 0.192547 7.437242 0.469635 -1.567615 -2.578571 0.855294 0.476058 -22.138136 0.000000 0.000000 0.000000 86.455025 0.427708 0.469758 63.575901 17.839312 -6.179994 0.441412 25.621132 97.406967 56.965508 42.817619 37.081959 13.936366 -1.948664 38.538574 -0.000006 -0.000001 -33.721935 -0.000031 0.000017 -23.634369 -0.000017 0.000004 0.000014 28.430603 17.183462 -4.423205 18.763712 0.426160 -5.771986 18.452021 1.377089 -5.198751 -0.000001 0.000009 0.000006 28.591448 7.192340 -5.767523 19.442287 -0.413198 -2.364254 19.604918 0.489451 -1.965511 -0.000003 0.000025 0.000008 34.929035 -9.284904 -7.913587 21.981836 1.083570 3.347521 21.839130 -0.700919 2.564878 0.000031 -0.000849 -0.000008 39.829285 -25.419319 -11.099035 21.294577 1.295164 9.857879 20.948738 -2.311927 8.239202 0.001139 0.000013 -0.000048 0.000000 0.000000 0.000000 0.000000 0.000000 0.000000 -86.825897 0.026823 4.863305 -58.562012 -4.525218 -12.876996 -1.829004 -25.088013 99.396423 -33.152180 -35.761875 25.782282 -13.745011 1.989318 38.558910 0.000016 0.000005 -33.317223 -0.000057 -0.000020 -23.255383 -0.001556 0.000015 0.000631 -29.029652 17.754332 -1.972250 -18.576475 0.133559 5.708390 -18.518633 1.111432 5.182198 0.000028 0.000383 -0.000002 -27.767298 7.371579 -3.682707 -19.064383 -0.554832 2.267799 -18.784513 0.368101 1.887682 0.001172 -0.000018 -0.000073 -27.557587 -9.662016 -5.434134 -20.348719 1.286191 -3.117911 -20.058664 -0.526218 -2.337728 -0.001351 0.000002 -0.000000 -24.668081 -27.528187 -8.518469 -18.305004 2.134173 -8.777034 -18.448751 -1.568404 -7.087428 0.000711 0.000013 -0.000014 0.000000 0.000000 0.000000 0.000000 0.000000 0.000000 -13.851364 8.358182 -2.040069 -0.406447 -0.849384 26.666855 3.895024 -6.236790 18.131443 -1.358505 0.105698 -22.783678 0.000000 0.000000 0.000000 0.000000 0.000000 0.000000 0.000000 0.000000 0.000000 -5.294942 12.396042 14.375653 0.039370 0.363076 6.822785 5.005699 11.959348 15.340772 -0.019001 -0.883139 -17.765869 0.000000 0.000000 0.000000 0.000000 0.000000 0.000000 0.000000 0.000000 0.000000 
5.374912 87.045189 4.477233 4.197900 -2.697141 -13.405958 -4.389171 0.832639 7.017171 -1.218075 0.177984 2.552751 2.233939 0.801183 4.841593 0.372352 0.517476 3.042014 -5.731989 0.884388 7.784952 0.512804 -0.950075 -2.433754 0.659071 0.467805 -22.293350 0.000000 0.000000 0.000000 86.221649 0.521758 0.594907 63.964439 20.746443 -4.593354 0.405591 25.908009 100.354744 61.425220 43.830708 41.058544 13.715578 -1.924142 38.646347 -0.000005 -0.000004 -33.218422 -0.000031 0.000017 -23.287054 -0.000016 0.000006 0.000013 27.801619 17.261484 -3.876916 18.304182 0.357226 -5.520888 17.976252 1.312208 -4.964737 -0.000001 0.000010 0.000006 27.828960 7.225804 -5.454267 18.958639 -0.443187 -2.267302 19.121368 0.466814 -1.884141 -0.000004 0.000038 0.000009 34.141510 -9.319530 -7.953496 21.506990 1.129473 3.221913 21.358383 -0.670272 2.470411 0.000032 -0.000859 -0.000009 39.314465 -25.472158 -11.469163 20.985165 1.411714 9.553970 20.620735 -2.220904 7.983908 0.001234 0.000012 -0.000044 0.000000 0.000000 0.000000 0.000000 0.000000 0.000000 -86.889580 -0.040981 5.089599 -58.801853 -8.606308 -11.251534 -1.946571 -25.542570 101.297501 -34.868649 -36.754845 27.834026 -13.228591 1.964433 38.790821 0.000017 0.000005 -32.027512 -0.000071 -0.000024 -22.369940 -0.001400 0.000015 0.000480 -26.365276 17.744144 -1.352033 -16.961746 0.066384 5.423187 -16.899727 1.047282 4.918984 0.000027 0.000445 -0.000004 -25.193924 7.373713 -3.416369 -17.417498 -0.582634 2.158114 -17.149879 0.347330 1.795343 0.001281 -0.000018 -0.000056 -24.601679 -9.666117 -5.677647 -18.540586 1.329320 -2.967143 -18.251232 -0.497364 -2.221895 -0.001252 0.000005 -0.000001 -21.323475 -27.522186 -9.319341 -16.586098 2.240744 -8.348944 -16.726208 -1.483002 -6.741734 0.000666 0.000014 -0.000012 0.000000 0.000000 0.000000 0.000000 0.000000 0.000000 -13.856551 8.429750 -2.292835 -0.405077 -0.836716 26.994257 3.841171 -6.336884 18.093649 -1.363966 0.088381 -22.797668 0.000000 0.000000 0.000000 0.000000 0.000000 0.000000 0.000000 0.000000 0.000000 -5.256353 12.531643 14.425273 0.040755 0.358102 7.072670 5.024821 12.102195 15.190301 -0.054761 -0.874329 -17.766705 0.000000 0.000000 0.000000 0.000000 0.000000 0.000000 0.000000 0.000000 0.000000 
5.425537 86.961441 4.501595 4.212753 -2.897858 -13.670590 -4.380175 0.831104 7.123490 -1.089421 0.126378 2.638302 2.227196 0.772166 4.860222 0.378039 0.478694 2.872807 -6.215399 1.734948 8.055291 0.579995 -0.205416 -2.342360 0.423073 0.459017 -22.451971 0.000000 0.000000 0.000000 86.128105 0.645903 1.004983 64.488411 22.984819 -2.631785 0.362637 26.128925 102.917397 65.595367 44.643547 44.759521 13.467098 -1.896489 38.770611 -0.000004 -0.000006 -32.631294 -0.000031 0.000017 -22.874134 -0.000015 0.000007 0.000012 27.067368 17.347717 -3.359056 17.848289 0.271643 -5.226074 17.506987 1.230900 -4.692839 -0.000001 0.000010 0.000006 26.934635 7.261280 -5.179968 18.449610 -0.480062 -2.151660 18.614107 0.438832 -1.787671 -0.000004 0.000050 0.000010 33.142101 -9.354795 -8.031444 20.943647 1.187942 3.065067 20.787380 -0.630332 2.352978 0.000034 -0.000835 -0.000009 38.577137 -25.530931 -11.895563 20.566341 1.567117 9.155585 20.188850 -2.096477 7.651836 0.001322 0.000012 -0.000039 0.000000 0.000000 0.000000 0.000000 0.000000 0.000000 -87.105019 -0.122871 5.516993 -59.289051 -12.041546 -9.117630 -2.040395 -25.928480 102.805794 -35.994629 -37.460052 29.487858 -12.696826 1.938325 39.027386 0.000018 0.000005 -30.702934 -0.000089 -0.000028 -21.460186 -0.001246 0.000013 0.000304 -23.731468 17.687363 -0.796478 -15.352214 -0.011063 5.099902 -15.290934 0.971992 4.623440 0.000026 0.000525 -0.000004 -22.630440 7.354916 -3.208360 -15.765160 -0.614451 2.032633 -15.510161 0.322812 1.690536 0.001334 -0.000019 -0.000037 -21.676817 -9.638040 -5.939973 -16.726480 1.379359 -2.793461 -16.441879 -0.462741 -2.088913 -0.001138 0.000007 -0.000002 -18.027061 -27.436132 -10.103349 -14.873487 2.368307 -7.847640 -15.008237 -1.378285 -6.339367 0.000606 0.000015 -0.000011 0.000000 0.000000 0.000000 0.000000 0.000000 0.000000 -13.868491 8.469253 -2.543538 -0.405373 -0.828361 27.411476 3.789469 -6.347407 17.933409 -1.368813 0.077677 -22.755531 0.000000 0.000000 0.000000 0.000000 0.000000 0.000000 0.000000 0.000000 0.000000 -5.178686 12.675230 14.483953 0.044453 0.352627 7.476785 4.987519 12.289308 14.914745 -0.089772 -0.870589 -17.732077 0.000000 0.000000 0.000000 0.000000 0.000000 0.000000 0.000000 0.000000 0.000000 
5.461630 86.859467 4.521028 4.228792 -3.124932 -14.058313 -4.370199 0.840596 7.294046 -0.971872 0.091378 2.787508 2.214801 0.793135 4.951836 0.410232 0.459819 2.734663 -6.738927 2.677342 8.153872 0.673823 0.606776 -2.352621 0.165882 0.446955 -22.613251 0.000000 0.000000 0.000000 86.197716 0.792899 1.748757 65.181808 24.525385 -0.352561 0.310959 26.318268 104.915512 69.685425 45.232761 48.381123 13.225269 -1.869048 38.895489 -0.000003 -0.000007 -32.036549 -0.000032 0.000017 -22.450840 -0.000015 0.000008 0.000011 26.371229 17.428869 -2.922497 17.456518 0.179516 -4.920393 17.107546 1.142986 -4.413013 0.000000 0.000010 0.000006 26.065331 7.291739 -4.978475 17.979033 -0.519661 -2.030253 18.147036 0.408697 -1.686584 -0.000006 0.000062 0.000011 32.095814 -9.379334 -8.152466 20.360672 1.252202 2.895312 20.196283 -0.585612 2.226562 0.000035 -0.000735 -0.000008 37.756470 -25.568375 -12.341131 20.098667 1.742814 8.717887 19.713833 -1.953914 7.287500 0.001391 0.000012 -0.000036 0.000000 0.000000 0.000000 0.000000 0.000000 0.000000 -87.471985 -0.222935 6.184011 -60.068279 -14.595852 -6.516722 -2.073278 -26.233728 103.745720 -36.587101 -37.879204 30.679251 -12.208914 1.913275 39.242634 0.000019 0.000004 -29.496035 -0.000110 -0.000032 -20.630190 -0.001103 0.000012 0.000127 -21.438787 17.597515 -0.419570 -13.909133 -0.091099 4.768075 -13.851816 0.893381 4.322362 0.000026 0.000651 -0.000004 -20.362650 7.321846 -3.122084 -14.266382 -0.647332 1.903152 -14.024498 0.297099 1.582896 0.001256 -0.000020 -0.000017 -19.073959 -9.589914 -6.233804 -15.071836 1.432017 -2.613423 -14.797734 -0.425989 -1.951542 -0.001048 0.000009 -0.000003 -15.077408 -27.304918 -10.831901 -13.319509 2.505294 -7.322061 -13.448853 -1.265418 -5.920090 0.000555 0.000016 -0.000010 0.000000 0.000000 0.000000 0.000000 0.000000 0.000000 -13.896175 8.465633 -2.726996 -0.407300 -0.826491 27.853046 3.765001 -6.234759 17.661018 -1.376516 0.080896 -22.645374 0.000000 0.000000 0.000000 0.000000 0.000000 0.000000 0.000000 0.000000 0.000000 -5.075385 12.803905 14.548150 0.050055 0.347866 8.061561 4.908071 12.506406 14.510825 -0.120587 -0.874969 -17.652800 0.000000 0.000000 0.000000 0.000000 0.000000 0.000000 0.000000 0.000000 0.000000 
5.481603 86.752968 4.530872 4.246351 -3.366235 -14.559782 -4.364542 0.858643 7.538877 -0.888814 0.079967 2.991838 2.208332 0.843109 5.126428 0.454491 0.458108 2.635513 -7.249857 3.618678 8.054388 0.794524 1.409973 -2.476188 -0.088342 0.421829 -22.778143 0.000000 0.000000 0.000000 86.425667 0.955418 2.804937 65.946449 25.415413 2.199339 0.260346 26.489336 106.018661 73.769180 45.677856 52.015415 13.009092 -1.843048 39.012787 -0.000002 -0.000008 -31.477516 -0.000033 0.000016 -22.050467 -0.000015 0.000009 0.000011 25.782890 17.508120 -2.598284 17.168884 0.090713 -4.635161 16.818441 1.058419 -4.153842 0.000001 0.000010 0.000006 25.321394 7.317357 -4.857657 17.592068 -0.558130 -1.915516 17.768467 0.379523 -1.591063 -0.000007 0.000071 0.000013 31.146986 -9.391144 -8.279668 19.824963 1.315889 2.731880 19.654501 -0.540955 2.105488 0.000037 -0.000545 -0.000008 36.996414 -25.574642 -12.719548 19.647949 1.919711 8.296361 19.264925 -1.810146 6.935909 0.001454 0.000012 -0.000033 0.000000 0.000000 0.000000 0.000000 0.000000 0.000000 -87.943047 -0.341823 7.073234 -61.041370 -16.247442 -3.542244 -2.027765 -26.455576 103.977142 -37.009525 -38.314911 31.495680 -11.823693 1.890767 39.413769 0.000019 0.000003 -28.547377 -0.000134 -0.000035 -19.975672 -0.000975 0.000009 -0.000012 -19.745216 17.518450 -0.277581 -12.809826 -0.165033 4.465612 -12.756354 0.820983 4.049314 0.000026 0.000822 -0.000005 -18.650652 7.291183 -3.170290 -13.094284 -0.678092 1.784264 -12.865857 0.273276 1.484308 0.001016 -0.000021 0.000005 -17.084566 -9.541813 -6.535578 -13.744327 1.482959 -2.446941 -13.485777 -0.391333 -1.824847 -0.001022 0.000010 -0.000003 -12.793438 -27.171062 -11.454537 -12.072952 2.639657 -6.828401 -12.195444 -1.157167 -5.529119 0.000516 0.000017 -0.000010 0.000000 0.000000 0.000000 0.000000 0.000000 0.000000 -13.946157 8.430964 -2.811525 -0.410807 -0.830647 28.267260 3.781129 -6.043346 17.326622 -1.393998 0.102351 -22.476465 0.000000 0.000000 0.000000 0.000000 0.000000 0.000000 0.000000 0.000000 0.000000 -4.963738 12.915624 14.609499 0.056670 0.344620 8.823683 4.802383 12.725830 13.997040 -0.148981 -0.888682 -17.519596 0.000000 0.000000 0.000000 0.000000 0.000000 0.000000 0.000000 0.000000 0.000000 
5.488425 86.655182 4.536685 4.245189 -3.618307 -15.119145 -4.348627 0.876525 7.828054 -0.845276 0.088834 3.226886 2.211476 0.870568 5.338688 0.498281 0.460236 2.566912 -7.658539 4.456393 7.773677 0.937550 2.148226 -2.698677 -0.334142 0.372519 -22.924082 0.000000 0.000000 0.000000 86.735458 1.120506 4.063683 66.597519 25.710655 4.855260 0.226008 26.640545 106.075188 77.699821 45.998226 55.475620 12.830528 -1.819399 39.115112 -0.000001 -0.000007 -30.993212 -0.000034 0.000016 -21.700830 -0.000015 0.000009 0.000010 25.388987 17.585365 -2.286730 17.020140 0.008975 -4.374929 16.673853 0.980737 -3.918907 0.000002 0.000011 0.000006 24.798016 7.338889 -4.731246 17.330639 -0.593727 -1.810280 17.523954 0.352548 -1.503389 -0.000008 0.000077 0.000014 30.455542 -9.389676 -8.324210 19.428690 1.375466 2.582975 19.252155 -0.498957 1.995459 0.000038 -0.000282 -0.000008 36.514580 -25.533461 -12.944759 19.334131 2.084816 7.917394 18.960575 -1.675547 6.619429 0.001531 0.000011 -0.000030 0.000000 0.000000 0.000000 0.000000 0.000000 0.000000 -88.428894 -0.479455 8.127707 -62.126644 -17.127129 -0.363570 -1.944402 -26.617922 103.489410 -37.665985 -39.034863 32.151634 -11.564904 1.873248 39.530167 0.000020 0.000002 -27.911741 -0.000158 -0.000038 -19.531620 -0.000873 0.000006 -0.000115 -18.704683 17.475595 -0.280151 -12.110409 -0.229567 4.205187 -12.061894 0.758528 3.815409 0.000026 0.000991 -0.000005 -17.577017 7.271918 -3.277563 -12.309163 -0.705209 1.680976 -12.092201 0.252600 1.398832 0.000702 -0.000021 0.000026 -15.805683 -9.504395 -6.800124 -12.812928 1.529723 -2.301649 -12.569626 -0.360696 -1.714599 -0.001023 0.000011 -0.000004 -11.299929 -27.057932 -11.949142 -11.206525 2.764147 -6.391716 -11.319751 -1.059641 -5.185407 0.000463 0.000018 -0.000010 0.000000 0.000000 0.000000 0.000000 0.000000 0.000000 -14.006975 8.366999 -2.776717 -0.415949 -0.840096 28.553761 3.818380 -5.844084 17.027208 -1.424158 0.138046 -22.267429 0.000000 0.000000 0.000000 0.000000 0.000000 0.000000 0.000000 0.000000 0.000000 -4.827930 12.996160 14.695310 0.063443 0.344197 9.651473 4.682441 12.926781 13.414657 -0.172489 -0.908568 -17.338701 0.000000 0.000000 0.000000 0.000000 0.000000 0.000000 0.000000 0.000000 0.000000 
5.488118 86.575439 4.551901 4.217795 -3.868579 -15.675106 -4.307683 0.886316 8.123425 -0.833791 0.110418 3.457436 2.214549 0.851986 5.546445 0.517652 0.458494 2.516135 -7.958367 5.163882 7.370331 1.094508 2.811226 -2.991200 -0.578156 0.296928 -23.021971 0.000000 0.000000 0.000000 87.017181 1.282271 5.369970 67.097198 25.512434 7.389359 0.213404 26.804190 105.379646 81.181244 46.183609 58.482754 12.692114 -1.798475 39.198944 -0.000001 -0.000006 -30.602261 -0.000036 0.000017 -21.414906 -0.000015 0.000010 0.000009 25.199860 17.664122 -1.904222 16.989075 -0.062207 -4.139945 16.652231 0.913119 -3.708056 0.000003 0.000011 0.000006 24.523134 7.357725 -4.526872 17.190290 -0.624728 -1.716230 17.408642 0.329041 -1.424782 -0.000008 0.000080 0.000016 30.130838 -9.374625 -8.236324 19.222738 1.427001 2.455271 19.035450 -0.462401 1.901210 0.000039 0.000049 -0.000006 36.481991 -25.430285 -12.989226 19.246712 2.224027 7.604657 18.882792 -1.561103 6.358300 0.001629 0.000011 -0.000028 0.000000 0.000000 0.000000 0.000000 0.000000 0.000000 -88.873451 -0.621144 9.237967 -63.255260 -17.360407 2.743651 -1.863652 -26.754189 102.439362 -38.654709 -40.180561 32.894829 -11.438129 1.863911 39.586296 0.000021 0.000002 -27.607134 -0.000180 -0.000040 -19.306787 -0.000801 0.000003 -0.000220 -18.324039 17.460274 -0.366946 -11.804882 -0.282289 3.993814 -11.764132 0.707803 3.626266 0.000026 0.001106 -0.000005 -17.162085 7.259620 -3.394696 -11.913417 -0.727209 1.596306 -11.704735 0.235667 1.328959 0.000418 -0.000021 0.000044 -15.281447 -9.470894 -6.993421 -12.298719 1.568797 -2.181923 -12.067662 -0.335388 -1.624532 -0.001009 0.000012 -0.000004 -10.668271 -26.949100 -12.283535 -10.751017 2.870202 -6.031330 -10.854200 -0.977227 -4.903246 0.000386 0.000019 -0.000010 0.000000 0.000000 0.000000 0.000000 0.000000 0.000000 -14.064109 8.296968 -2.616315 -0.421921 -0.852459 28.655729 3.858190 -5.668258 16.841509 -1.465138 0.181458 -22.054485 0.000000 0.000000 0.000000 0.000000 0.000000 0.000000 0.000000 0.000000 0.000000 -4.654219 13.056325 14.845309 0.069268 0.345928 10.411122 4.553957 13.105247 12.832514 -0.186000 -0.928636 -17.134960 0.000000 0.000000 0.000000 0.000000 0.000000 0.000000 0.000000 0.000000 0.000000 
5.485422 86.519653 4.583729 4.182224 -4.097505 -16.157995 -4.251529 0.885667 8.374937 -0.845984 0.136540 3.635711 2.218959 0.785898 5.724395 0.513872 0.449825 2.493967 -8.224998 5.752758 6.938817 1.242419 3.384066 -3.299202 -0.809514 0.209578 -23.055218 0.000000 0.000000 0.000000 87.192734 1.428418 6.568328 67.415504 24.992945 9.573168 0.207440 26.978960 104.383713 84.074455 46.262489 60.975246 12.574232 -1.782985 39.266033 -0.000002 -0.000005 -30.272152 -0.000037 0.000017 -21.170494 -0.000015 0.000010 0.000009 25.108971 17.713343 -1.449475 16.961346 -0.120209 -3.937089 16.638962 0.857330 -3.527524 0.000004 0.000011 0.000006 24.401150 7.363295 -4.244482 17.076982 -0.649694 -1.636368 17.324671 0.309741 -1.357726 -0.000008 0.000079 0.000017 30.070869 -9.339746 -8.038667 19.125975 1.467269 2.353631 18.922123 -0.432793 1.826353 0.000040 0.000403 -0.000004 36.757713 -25.267317 -12.889523 19.307854 2.329663 7.368925 18.947643 -1.471539 6.162341 0.001730 0.000011 -0.000027 0.000000 0.000000 0.000000 0.000000 0.000000 0.000000 -89.205864 -0.740767 10.256664 -64.275871 -17.163071 5.484313 -1.807789 -26.852161 101.189857 -39.824879 -41.736088 33.831329 -11.387998 1.863017 39.600056 0.000023 0.000001 -27.515385 -0.000195 -0.000042 -19.219326 -0.000752 -0.000001 -0.000347 -18.388390 17.431755 -0.492283 -11.737563 -0.322495 3.829381 -11.708362 0.668240 3.479233 0.000026 0.001133 -0.000006 -17.200800 7.238692 -3.498131 -11.765273 -0.743070 1.529911 -11.563945 0.222320 1.274463 0.000214 -0.000020 0.000055 -15.321685 -9.421006 -7.112816 -12.072423 1.596962 -2.087054 -11.851135 -0.315547 -1.554614 -0.000952 0.000013 -0.000005 -10.714761 -26.790648 -12.462227 -10.587151 2.950768 -5.751372 -10.682022 -0.911072 -4.685775 0.000311 0.000020 -0.000010 0.000000 0.000000 0.000000 0.000000 0.000000 0.000000 -14.120744 8.242182 -2.380340 -0.427773 -0.865403 28.583338 3.899047 -5.525245 16.783178 -1.511622 0.222654 -21.873047 0.000000 0.000000 0.000000 0.000000 0.000000 0.000000 0.000000 0.000000 0.000000 -4.457071 13.132763 15.068949 0.073620 0.349133 10.974282 4.428940 13.251286 12.345118 -0.187959 -0.943724 -16.950706 0.000000 0.000000 0.000000 0.000000 0.000000 0.000000 0.000000 0.000000 0.000000 
5.482107 86.484222 4.632474 4.157165 -4.300131 -16.515099 -4.200809 0.876821 8.537185 -0.871470 0.157994 3.739819 2.240025 0.678268 5.850686 0.523631 0.431066 2.515105 -8.510721 6.247467 6.566254 1.356507 3.857018 -3.561776 -1.010697 0.134815 -23.022425 0.000000 0.000000 0.000000 87.258896 1.536346 7.538857 67.508888 24.277319 11.192664 0.185035 27.150265 103.508476 86.385597 46.303833 62.974827 12.449691 -1.775609 39.322010 -0.000002 -0.000003 -29.942671 -0.000039 0.000017 -20.928141 -0.000015 0.000011 0.000008 24.958654 17.699827 -0.990461 16.802658 -0.168660 -3.762311 16.497360 0.809367 -3.373434 0.000004 0.000012 0.000006 24.260450 7.344779 -3.941668 16.864119 -0.669823 -1.567855 17.139858 0.293204 -1.300347 -0.000007 0.000074 0.000018 30.032528 -9.280706 -7.811439 18.981398 1.498366 2.271930 18.758112 -0.407991 1.765896 0.000039 0.000690 -0.000002 37.021988 -25.062796 -12.736261 19.337160 2.411442 7.183863 18.970976 -1.397777 6.010283 0.001796 0.000011 -0.000026 0.000000 0.000000 0.000000 0.000000 0.000000 0.000000 -89.361351 -0.818807 11.056562 -65.034134 -16.834599 7.651100 -1.792123 -26.900858 100.175217 -41.093887 -43.610950 34.963276 -11.328929 1.866980 39.606918 0.000024 0.000001 -27.426802 -0.000197 -0.000043 -19.130148 -0.000703 -0.000004 -0.000451 -18.483471 17.358009 -0.608675 -11.649964 -0.355359 3.687918 -11.633751 0.634153 3.352655 0.000025 0.001075 -0.000006 -17.295490 7.198209 -3.570412 -11.617571 -0.754526 1.472835 -11.424345 0.210757 1.228059 0.000090 -0.000019 0.000058 -15.516036 -9.341229 -7.182201 -11.888004 1.615948 -2.005134 -11.674698 -0.298787 -1.495697 -0.000835 0.000013 -0.000005 -11.018082 -26.542934 -12.540420 -10.483459 3.010386 -5.521154 -10.571899 -0.855007 -4.508140 0.000271 0.000019 -0.000010 0.000000 0.000000 0.000000 0.000000 0.000000 0.000000 -14.184259 8.218472 -2.159128 -0.432683 -0.876878 28.408077 3.955519 -5.418116 16.811819 -1.556336 0.252102 -21.738415 0.000000 0.000000 0.000000 0.000000 0.000000 0.000000 0.000000 0.000000 0.000000 -4.266808 13.256721 15.328801 0.077249 0.353990 11.294579 4.321913 13.380703 12.013018 -0.181733 -0.951979 -16.823658 0.000000 0.000000 0.000000 0.000000 0.000000 0.000000 0.000000 0.000000 0.000000 
5.477659 86.455879 4.699332 4.142286 -4.484337 -16.751091 -4.167581 0.863218 8.610250 -0.894724 0.168351 3.799647 2.283994 0.552817 5.907218 0.570709 0.407827 2.564233 -8.807303 6.686815 6.237341 1.429001 4.255602 -3.772615 -1.179086 0.087799 -22.927681 0.000000 0.000000 0.000000 87.245972 1.607546 8.257761 67.332359 23.361593 12.190760 0.133254 27.297434 102.956818 88.172974 46.421944 64.560265 12.307418 -1.776614 39.370548 -0.000002 -0.000001 -29.589075 -0.000040 0.000017 -20.670496 -0.000015 0.000011 0.000008 24.641113 17.624651 -0.637888 16.463980 -0.212803 -3.607692 16.173981 0.764463 -3.238662 0.000005 0.000012 0.000006 23.978746 7.303801 -3.715766 16.498194 -0.687170 -1.506878 16.797312 0.277807 -1.250141 -0.000006 0.000065 0.000019 29.870365 -9.202401 -7.660126 18.708788 1.524522 2.202550 18.468512 -0.385261 1.713885 0.000039 0.000854 -0.000000 37.100170 -24.839615 -12.629241 19.240810 2.483078 7.023515 18.860067 -1.329104 5.879964 0.001800 0.000011 -0.000025 0.000000 0.000000 0.000000 0.000000 0.000000 0.000000 -89.331184 -0.865852 11.609630 -65.531715 -16.501122 9.188066 -1.815649 -26.916746 99.560669 -42.519703 -45.624825 36.235085 -11.220110 1.870939 39.629604 0.000025 0.000002 -27.225830 -0.000191 -0.000043 -18.964386 -0.000632 -0.000006 -0.000482 -18.325077 17.250303 -0.686148 -11.402339 -0.385713 3.555726 -11.396311 0.601428 3.234721 0.000025 0.000976 -0.000007 -17.169022 7.144256 -3.599546 -11.329630 -0.763893 1.419880 -11.146334 0.199784 1.185713 0.000015 -0.000018 0.000058 -15.557958 -9.240165 -7.221823 -11.589671 1.629649 -1.929844 -11.380587 -0.283223 -1.442154 -0.000657 0.000013 -0.000005 -11.257894 -26.222628 -12.579737 -10.284974 3.058247 -5.318763 -10.369009 -0.803276 -4.352293 0.000274 0.000019 -0.000010 0.000000 0.000000 0.000000 0.000000 0.000000 0.000000 -14.240108 8.251188 -2.016390 -0.436472 -0.885137 28.225279 4.028766 -5.342436 16.870461 -1.593477 0.270297 -21.641548 0.000000 0.000000 0.000000 0.000000 0.000000 0.000000 0.000000 0.000000 0.000000 -4.097334 13.422432 15.568084 0.081207 0.358163 11.457955 4.232045 13.527953 11.810192 -0.172485 -0.952811 -16.762014 0.000000 0.000000 0.000000 0.000000 0.000000 0.000000 0.000000 0.000000 0.000000 
5.469256 86.422447 4.786181 4.136546 -4.660040 -16.893385 -4.147989 0.845288 8.628480 -0.914477 0.169661 3.826654 2.340891 0.433349 5.902073 0.649993 0.386005 2.619299 -9.113799 7.087697 5.882644 1.468900 4.601551 -3.959287 -1.313607 0.062554 -22.789803 0.000000 0.000000 0.000000 87.164886 1.654100 8.744497 66.915916 22.263437 12.597631 0.056937 27.371429 102.874435 89.578270 46.585754 65.869286 12.157345 -1.782411 39.414154 -0.000003 0.000000 -29.230278 -0.000041 0.000017 -20.409086 -0.000015 0.000012 0.000007 24.169149 17.522758 -0.478909 16.007097 -0.254743 -3.467271 15.727962 0.721042 -3.116930 0.000006 0.000013 0.000005 23.563063 7.253449 -3.634615 16.029850 -0.703074 -1.451111 16.347395 0.263149 -1.205003 -0.000005 0.000057 0.000020 29.601824 -9.120127 -7.637752 18.350988 1.548594 2.140261 18.096485 -0.363479 1.666759 0.000037 0.000905 0.000002 37.014923 -24.629360 -12.609463 19.053986 2.551362 6.873129 18.654074 -1.262057 5.758071 0.001748 0.000011 -0.000024 0.000000 0.000000 0.000000 0.000000 0.000000 0.000000 -89.144264 -0.901781 11.929502 -65.739510 -16.165958 10.098750 -1.858432 -26.895136 99.362350 -44.162445 -47.455482 37.580700 -11.083570 1.872440 39.665703 0.000026 0.000002 -26.951099 -0.000177 -0.000043 -18.749920 -0.000543 -0.000008 -0.000394 -17.941490 17.139467 -0.757549 -11.040944 -0.414501 3.433024 -11.040659 0.570118 3.125226 0.000025 0.000897 -0.000008 -16.832745 7.090224 -3.618753 -10.941043 -0.772514 1.371105 -10.767926 0.189429 1.147116 -0.000029 -0.000017 0.000061 -15.422254 -9.140018 -7.262263 -11.211186 1.641155 -1.861742 -11.000362 -0.268645 -1.393877 -0.000466 0.000013 -0.000005 -11.382025 -25.898323 -12.625888 -10.018012 3.100232 -5.138910 -10.104998 -0.755036 -4.213717 0.000294 0.000018 -0.000011 0.000000 0.000000 0.000000 0.000000 0.000000 0.000000 -14.283573 8.319871 -1.963273 -0.439702 -0.891226 28.080204 4.108312 -5.297951 16.914492 -1.624872 0.283801 -21.556860 0.000000 0.000000 0.000000 0.000000 0.000000 0.000000 0.000000 0.000000 0.000000 -3.962904 13.596761 15.734879 0.085855 0.360344 11.576445 4.146937 13.684916 11.670392 -0.163475 -0.948413 -16.741150 0.000000 0.000000 0.000000 0.000000 0.000000 0.000000 0.000000 0.000000 0.000000 
5.451308 86.384033 4.886860 4.146116 -4.840349 -16.937786 -4.133828 0.829232 8.604798 -0.935719 0.171454 3.822884 2.402197 0.345896 5.844020 0.753847 0.369358 2.683699 -9.441715 7.431303 5.506746 1.492855 4.884658 -4.125339 -1.415918 0.044294 -22.630228 0.000000 0.000000 0.000000 87.014427 1.683753 9.051218 66.330215 21.286833 12.575191 -0.017066 27.345455 103.130409 90.707924 46.610554 66.902039 12.002105 -1.787917 39.459332 -0.000003 0.000001 -28.866987 -0.000043 0.000018 -20.142429 -0.000015 0.000012 0.000006 23.582148 17.435286 -0.451387 15.502027 -0.292490 -3.344363 15.229758 0.681529 -3.010468 0.000007 0.000014 0.000005 23.046570 7.207105 -3.641999 15.514338 -0.717302 -1.401987 15.849279 0.249936 -1.165482 -0.000004 0.000049 0.000021 29.248003 -9.047540 -7.681335 17.943539 1.570585 2.084926 17.675543 -0.343416 1.624698 0.000036 0.000921 0.000003 36.805332 -24.455833 -12.639352 18.799175 2.614858 6.733361 18.380394 -1.200106 5.644041 0.001667 0.000011 -0.000023 0.000000 0.000000 0.000000 0.000000 0.000000 0.000000 -88.831398 -0.933726 12.053051 -65.538452 -15.963131 10.476460 -1.894459 -26.796471 99.593513 -46.211563 -48.648804 39.084797 -10.967783 1.874426 39.696987 0.000026 0.000003 -26.714897 -0.000160 -0.000042 -18.563063 -0.000450 -0.000009 -0.000203 -17.535091 17.044111 -0.816429 -10.679420 -0.439931 3.324705 -10.684781 0.542340 3.028497 0.000025 0.000887 -0.000008 -16.481144 7.043098 -3.634082 -10.568642 -0.780155 1.328893 -10.402991 0.180390 1.113621 -0.000056 -0.000016 0.000071 -15.292515 -9.055444 -7.303915 -10.889126 1.651209 -1.803250 -10.673012 -0.255874 -1.352797 -0.000297 0.000014 -0.000005 -11.521472 -25.627636 -12.689035 -9.812265 3.136887 -4.984782 -9.910131 -0.712719 -4.096145 0.000293 0.000018 -0.000011 0.000000 0.000000 0.000000 0.000000 0.000000 0.000000 -14.328148 8.368497 -2.014354 -0.442631 -0.896356 27.978168 4.184741 -5.264410 16.936699 -1.649598 0.293732 -21.483070 0.000000 0.000000 0.000000 0.000000 0.000000 0.000000 0.000000 0.000000 0.000000 -3.880147 13.738809 15.793447 0.090854 0.361027 11.671874 4.053246 13.830006 11.570969 -0.154344 -0.942174 -16.742937 0.000000 0.000000 0.000000 0.000000 0.000000 0.000000 0.000000 0.000000 0.000000 
5.417400 86.348961 4.991028 4.166629 -5.040429 -16.883572 -4.134663 0.818921 8.549567 -0.943854 0.169950 3.814169 2.448736 0.313813 5.750857 0.876051 0.360310 2.759341 -9.774265 7.714464 5.128483 1.505669 5.111546 -4.265277 -1.492771 0.030741 -22.451883 0.000000 0.000000 0.000000 86.815117 1.689734 9.205682 65.627739 20.593012 12.216025 -0.072583 27.250772 103.694794 91.554131 46.433739 67.613007 11.849757 -1.790532 39.508045 -0.000004 0.000002 -28.508251 -0.000044 0.000018 -19.878136 -0.000015 0.000012 0.000006 22.903145 17.381046 -0.525258 14.972395 -0.323576 -3.241268 14.699944 0.648758 -2.921005 0.000007 0.000014 0.000004 22.449291 7.172246 -3.717687 14.974424 -0.729507 -1.360855 15.325289 0.238880 -1.132124 -0.000003 0.000042 0.000022 28.828529 -8.991934 -7.768984 17.500391 1.589341 2.037881 17.222887 -0.326569 1.588795 0.000036 0.000927 0.000004 36.520454 -24.328279 -12.712772 18.498163 2.667934 6.613451 18.063616 -1.149720 5.544701 0.001569 0.000011 -0.000023 0.000000 0.000000 0.000000 0.000000 0.000000 0.000000 -88.443474 -0.955482 12.027474 -65.022011 -16.085514 10.388652 -1.908482 -26.650629 100.335983 -48.544960 -49.046288 40.718365 -10.909974 1.878412 39.708431 0.000026 0.000004 -26.608835 -0.000141 -0.000041 -18.469536 -0.000370 -0.000009 0.000041 -17.275326 16.979177 -0.889443 -10.396533 -0.459723 3.238158 -10.409003 0.520934 2.950900 0.000025 0.000915 -0.000008 -16.271265 7.009911 -3.663032 -10.293045 -0.786462 1.296257 -10.135347 0.173424 1.087418 -0.000095 -0.000015 0.000086 -15.297468 -8.997501 -7.354294 -10.704594 1.659623 -1.758049 -10.486037 -0.246165 -1.321485 -0.000179 0.000014 -0.000005 -11.756523 -25.446829 -12.769951 -9.743712 3.165952 -4.868424 -9.859256 -0.680701 -4.008865 0.000277 0.000017 -0.000012 0.000000 0.000000 0.000000 0.000000 0.000000 0.000000 -14.363477 8.404447 -2.164009 -0.444887 -0.901458 27.886055 4.255684 -5.235415 16.965944 -1.665631 0.301897 -21.440487 0.000000 0.000000 0.000000 0.000000 0.000000 0.000000 0.000000 0.000000 0.000000 -3.836752 13.840748 15.754328 0.095056 0.360096 11.716719 3.955965 13.935767 11.529516 -0.146386 -0.935476 -16.777948 0.000000 0.000000 0.000000 0.000000 0.000000 0.000000 0.000000 0.000000 0.000000 
5.366791 86.321938 5.099836 4.211259 -5.259745 -16.755426 -4.161816 0.814501 8.477852 -0.952210 0.166139 3.796323 2.470201 0.329616 5.644180 1.002381 0.357250 2.839003 -10.069942 7.923773 4.828486 1.504679 5.279806 -4.340995 -1.537606 0.026523 -22.270613 0.000000 0.000000 0.000000 86.581337 1.667293 9.192748 64.839714 20.175800 11.562498 -0.106105 27.071270 104.519836 92.208076 46.104141 68.110100 11.744103 -1.792185 39.544044 -0.000004 0.000002 -28.249544 -0.000046 0.000019 -19.687813 -0.000015 0.000012 0.000006 22.333639 17.349373 -0.731709 14.527242 -0.345442 -3.166597 14.246874 0.625478 -2.855983 0.000007 0.000014 0.000004 21.943359 7.148408 -3.884170 14.518188 -0.738918 -1.331078 14.879856 0.230734 -1.107427 -0.000003 0.000037 0.000022 28.442869 -8.956560 -7.910325 17.106789 1.603264 2.002146 16.827858 -0.314494 1.561645 0.000035 0.000912 0.000004 36.214603 -24.260527 -12.825080 18.212160 2.705710 6.521722 17.768032 -1.115588 5.467116 0.001460 0.000011 -0.000023 0.000000 0.000000 0.000000 0.000000 0.000000 0.000000 -87.997986 -0.962146 11.882389 -64.351288 -16.583855 9.959265 -1.908062 -26.504662 101.362488 -50.868114 -48.968449 42.347027 -10.909456 1.882914 39.700603 0.000025 0.000004 -26.630642 -0.000124 -0.000039 -18.472319 -0.000333 -0.000009 0.000289 -17.209146 16.943796 -0.995002 -10.190339 -0.472250 3.180429 -10.209361 0.508226 2.897294 0.000024 0.000961 -0.000008 -16.235338 6.992028 -3.710825 -10.102517 -0.791190 1.275333 -9.953509 0.169018 1.070234 -0.000156 -0.000013 0.000101 -15.406686 -8.967021 -7.407457 -10.602955 1.665982 -1.729496 -10.388363 -0.240412 -1.301871 -0.000113 0.000014 -0.000005 -12.005079 -25.355774 -12.847083 -9.742310 3.184483 -4.800348 -9.878460 -0.662594 -3.958126 0.000242 0.000017 -0.000012 0.000000 0.000000 0.000000 0.000000 0.000000 0.000000 -14.410113 8.441980 -2.386363 -0.446578 -0.906569 27.793444 4.335667 -5.216650 17.003466 -1.675069 0.309725 -21.425943 0.000000 0.000000 0.000000 0.000000 0.000000 0.000000 0.000000 0.000000 0.000000 -3.836801 13.915510 15.654996 0.097721 0.356956 11.702050 3.877446 13.989853 11.565370 -0.142114 -0.929002 -16.855938 0.000000 0.000000 0.000000 0.000000 0.000000 0.000000 0.000000 0.000000 0.000000 
5.300380 86.300636 5.214944 4.276633 -5.491140 -16.571995 -4.206887 0.814041 8.384533 -0.967548 0.162460 3.762951 2.476984 0.373710 5.525635 1.120942 0.356563 2.912817 -10.293570 8.060393 4.640728 1.489895 5.386855 -4.346979 -1.553699 0.030821 -22.101551 0.000000 0.000000 0.000000 86.309753 1.623342 9.027517 63.949604 20.001852 10.676094 -0.130155 26.817076 105.575500 92.756149 45.626389 68.414406 11.691113 -1.794635 39.562424 -0.000004 0.000002 -28.110722 -0.000047 0.000019 -19.583355 -0.000014 0.000012 0.000006 21.977482 17.325010 -1.055259 14.243914 -0.358266 -3.122801 13.951079 0.611203 -2.817753 0.000007 0.000013 0.000004 21.614073 7.131094 -4.130706 14.223377 -0.744942 -1.313381 14.591916 0.225381 -1.092215 -0.000003 0.000035 0.000022 28.145121 -8.935510 -8.093467 16.837109 1.611460 1.978259 16.563629 -0.306979 1.543651 0.000035 0.000858 0.000003 35.916271 -24.233767 -12.958869 17.994871 2.727823 6.455948 17.548374 -1.095789 5.409696 0.001343 0.000011 -0.000022 0.000000 0.000000 0.000000 0.000000 0.000000 0.000000 -87.506142 -0.953275 11.629761 -63.578655 -17.391312 9.323746 -1.908923 -26.365244 102.516640 -52.990200 -48.473213 43.818241 -10.924275 1.886776 39.689457 0.000025 0.000005 -26.680113 -0.000109 -0.000038 -18.498755 -0.000348 -0.000007 0.000517 -17.179642 16.921759 -1.103810 -9.977203 -0.478917 3.142746 -10.000885 0.502154 2.860241 0.000024 0.001033 -0.000007 -16.223103 6.981854 -3.757701 -9.905613 -0.794356 1.262171 -9.765739 0.166537 1.059095 -0.000235 -0.000012 0.000116 -15.470579 -8.950262 -7.459293 -10.470546 1.670005 -1.712563 -10.264042 -0.237603 -1.289932 -0.000079 0.000013 -0.000005 -12.126718 -25.308533 -12.923146 -9.690582 3.193317 -4.764122 -9.846275 -0.655032 -3.930399 0.000197 0.000018 -0.000013 0.000000 0.000000 0.000000 0.000000 0.000000 0.000000 -14.459357 8.503378 -2.670560 -0.447562 -0.909501 27.719530 4.420430 -5.201247 17.040403 -1.677710 0.315730 -21.436037 0.000000 0.000000 0.000000 0.000000 0.000000 0.000000 0.000000 0.000000 0.000000 -3.870311 13.975435 15.508446 0.099180 0.353259 11.651364 3.815113 14.022053 11.664510 -0.140487 -0.922635 -16.976900 0.000000 0.000000 0.000000 0.000000 0.000000 0.000000 0.000000 0.000000 0.000000 
5.218288 86.282829 5.333395 4.341494 -5.726113 -16.335878 -4.254730 0.815493 8.268112 -0.982987 0.157033 3.713042 2.476957 0.429281 5.387699 1.229561 0.349201 2.977334 -10.434246 8.129019 4.537686 1.465998 5.438648 -4.304140 -1.547868 0.038189 -21.943916 0.000000 0.000000 0.000000 85.999474 1.564168 8.735629 62.958687 20.012989 9.559934 -0.156967 26.489025 106.916077 93.153923 44.999832 68.489082 11.667974 -1.795379 39.573605 -0.000004 0.000002 -28.043489 -0.000048 0.000019 -19.526987 -0.000014 0.000012 0.000007 21.785448 17.316914 -1.455950 14.145302 -0.363227 -3.105362 13.838129 0.604472 -2.802458 0.000006 0.000013 0.000004 21.412874 7.124434 -4.436530 14.117220 -0.747552 -1.306173 14.490065 0.222486 -1.085157 -0.000003 0.000036 0.000022 27.909950 -8.932453 -8.319653 16.734554 1.613841 1.964834 16.469967 -0.303377 1.533623 0.000035 0.000754 0.000002 35.625313 -24.246111 -13.123611 17.894310 2.735117 6.412148 17.452181 -1.087867 5.369222 0.001223 0.000012 -0.000022 0.000000 0.000000 0.000000 0.000000 0.000000 0.000000 -86.990410 -0.928701 11.282349 -62.724117 -18.490372 8.518764 -1.922991 -26.192310 103.775009 -54.866261 -47.572269 45.109936 -10.923283 1.888076 39.687904 0.000025 0.000005 -26.686071 -0.000097 -0.000036 -18.496172 -0.000389 -0.000006 0.000719 -17.038754 16.911028 -1.194738 -9.700898 -0.481861 3.112680 -9.728114 0.500032 2.829649 0.000023 0.001123 -0.000007 -16.092218 6.977253 -3.799627 -9.644629 -0.796324 1.251853 -9.515042 0.165146 1.050067 -0.000322 -0.000011 0.000129 -15.362473 -8.942444 -7.529565 -10.249222 1.672081 -1.700775 -10.052598 -0.236546 -1.280899 -0.000072 0.000013 -0.000004 -12.017178 -25.286734 -13.032881 -9.537564 3.195046 -4.739579 -9.710869 -0.653945 -3.910251 0.000147 0.000018 -0.000013 0.000000 0.000000 0.000000 0.000000 0.000000 0.000000 -14.473799 8.605909 -3.001468 -0.447508 -0.908290 27.653252 4.488913 -5.183854 17.082993 -1.671423 0.320068 -21.463722 0.000000 0.000000 0.000000 0.000000 0.000000 0.000000 0.000000 0.000000 0.000000 -3.907645 14.027530 15.325328 0.099842 0.351582 11.570552 3.756074 14.068545 11.809995 -0.137485 -0.916851 -17.131510 0.000000 0.000000 0.000000 0.000000 0.000000 0.000000 0.000000 0.000000 0.000000 
5.120259 86.266281 5.454092 4.389661 -5.955069 -16.063862 -4.292973 0.818183 8.139498 -1.000450 0.150771 3.659836 2.478851 0.486878 5.233215 1.323997 0.333867 3.036945 -10.518452 8.132434 4.483572 1.435402 5.434975 -4.234228 -1.526631 0.043005 -21.792864 0.000000 0.000000 0.000000 85.673294 1.498832 8.367752 61.966778 20.162613 8.301562 -0.186238 26.109533 108.432106 93.408112 44.272575 68.368347 11.657336 -1.791800 39.586514 -0.000003 0.000001 -28.007061 -0.000048 0.000020 -19.489161 -0.000013 0.000012 0.000007 21.672812 17.339760 -1.900720 14.203593 -0.361657 -3.108022 13.882174 0.604178 -2.804771 0.000006 0.000012 0.000004 21.266659 7.134449 -4.785649 14.176227 -0.747297 -1.307253 14.550358 0.221734 -1.084391 -0.000003 0.000038 0.000022 27.690788 -8.954619 -8.589140 16.786856 1.611217 1.960342 16.531876 -0.303192 1.530343 0.000035 0.000630 0.000002 35.322601 -24.312946 -13.321932 17.912971 2.729447 6.389898 17.479849 -1.090491 5.346146 0.001112 0.000012 -0.000022 0.000000 0.000000 0.000000 0.000000 0.000000 0.000000 -86.480843 -0.890925 10.878957 -61.871975 -19.812925 7.608114 -1.954990 -25.968025 105.067375 -56.513336 -46.450176 46.268570 -10.907443 1.885946 39.695423 0.000025 0.000005 -26.655895 -0.000088 -0.000035 -18.470619 -0.000414 -0.000004 0.000893 -16.796841 16.916824 -1.275856 -9.392021 -0.482042 3.085428 -9.421053 0.500801 2.801910 0.000021 0.001211 -0.000007 -15.850245 6.980116 -3.841877 -9.351549 -0.797322 1.242673 -9.232053 0.164494 1.041782 -0.000390 -0.000011 0.000138 -15.089489 -8.945598 -7.620423 -9.974040 1.672711 -1.691906 -9.788072 -0.236728 -1.273350 -0.000075 0.000012 -0.000004 -11.689222 -25.294712 -13.173720 -9.317813 3.191469 -4.719903 -9.507318 -0.657714 -3.893335 0.000088 0.000019 -0.000014 0.000000 0.000000 0.000000 0.000000 0.000000 0.000000 -14.429511 8.747041 -3.347588 -0.446355 -0.903539 27.567095 4.528583 -5.150116 17.138437 -1.655560 0.325399 -21.500080 0.000000 0.000000 0.000000 0.000000 0.000000 0.000000 0.000000 0.000000 0.000000 -3.918555 14.079032 15.134605 0.100165 0.353285 11.469998 3.684523 14.153198 11.971327 -0.130406 -0.913394 -17.300577 0.000000 0.000000 0.000000 0.000000 0.000000 0.000000 0.000000 0.000000 0.000000 
5.006836 86.249886 5.577637 4.416836 -6.168041 -15.782032 -4.315923 0.822018 8.010122 -1.023225 0.146596 3.618880 2.495962 0.537436 5.066378 1.399783 0.315051 3.098382 -10.569596 8.089040 4.454520 1.401654 5.392519 -4.155940 -1.499663 0.043800 -21.646595 0.000000 0.000000 0.000000 85.343246 1.439467 7.992706 61.070663 20.391239 7.045664 -0.211818 25.731697 109.939865 93.563805 43.515778 68.087296 11.652830 -1.785340 39.600559 -0.000003 0.000000 -27.987755 -0.000049 0.000020 -19.461775 -0.000012 0.000011 0.000007 21.600889 17.383211 -2.344524 14.344954 -0.355615 -3.122503 14.011973 0.608404 -2.817435 0.000005 0.000011 0.000004 21.151176 7.155853 -5.146585 14.326238 -0.745090 -1.313454 14.698765 0.222542 -1.087560 -0.000004 0.000043 0.000021 27.480154 -8.993487 -8.873133 16.924261 1.605278 1.961959 16.678085 -0.305418 1.531690 0.000035 0.000512 0.000001 35.021141 -24.414400 -13.531794 17.996944 2.715081 6.384561 17.575483 -1.100526 5.337687 0.001024 0.000013 -0.000021 0.000000 0.000000 0.000000 0.000000 0.000000 0.000000 -86.001068 -0.848359 10.474704 -61.078266 -21.190763 6.689216 -2.004881 -25.718267 106.250786 -57.914455 -45.270496 47.262211 -10.883379 1.881844 39.706715 0.000024 0.000005 -26.610247 -0.000080 -0.000034 -18.437315 -0.000397 -0.000002 0.001029 -16.507219 16.931221 -1.351512 -9.073021 -0.480040 3.060163 -9.101799 0.503779 2.776694 0.000020 0.001286 -0.000008 -15.558191 6.986979 -3.882452 -9.050537 -0.797414 1.234561 -8.938074 0.164452 1.034214 -0.000421 -0.000010 0.000145 -14.730290 -8.953697 -7.714582 -9.673666 1.672122 -1.685410 -9.496785 -0.237870 -1.267234 -0.000071 0.000012 -0.000004 -11.239858 -25.315420 -13.317831 -9.062188 3.183771 -4.703677 -9.265096 -0.664985 -3.878917 0.000026 0.000019 -0.000014 0.000000 0.000000 0.000000 0.000000 0.000000 0.000000 -14.326024 8.917687 -3.678875 -0.444439 -0.897462 27.453886 4.539309 -5.083838 17.201435 -1.632088 0.333745 -21.544451 0.000000 0.000000 0.000000 0.000000 0.000000 0.000000 0.000000 0.000000 0.000000 -3.886214 14.131366 14.966670 0.100519 0.358064 11.360903 3.587424 14.272558 12.117408 -0.119201 -0.913412 -17.465710 0.000000 0.000000 0.000000 0.000000 0.000000 0.000000 0.000000 0.000000 0.000000 
4.878021 86.233841 5.704827 4.424348 -6.358385 -15.508370 -4.323039 0.826776 7.885082 -1.052570 0.146861 3.597811 2.537704 0.571968 4.888475 1.456248 0.296386 3.163518 -10.594386 8.018678 4.440871 1.369721 5.335962 -4.082993 -1.475541 0.041257 -21.507532 0.000000 0.000000 0.000000 85.007408 1.395514 7.666885 60.289112 20.657026 5.916866 -0.226473 25.408421 111.298843 93.596397 42.780502 67.600037 11.658089 -1.779472 39.609135 -0.000003 -0.000000 -27.995525 -0.000049 0.000020 -19.454741 -0.000011 0.000011 0.000008 21.579878 17.425232 -2.757356 14.495715 -0.347562 -3.139960 14.155966 0.614710 -2.832530 0.000005 0.000009 0.000005 21.091009 7.177695 -5.490881 14.491799 -0.742014 -1.321272 14.859481 0.224144 -1.092090 -0.000004 0.000049 0.000021 27.314989 -9.032408 -9.132510 17.074730 1.597991 1.966090 16.835854 -0.308760 1.534953 0.000035 0.000410 0.000000 34.771816 -24.510820 -13.716766 18.089201 2.697191 6.387996 17.680159 -1.113921 5.337658 0.000966 0.000013 -0.000020 0.000000 0.000000 0.000000 0.000000 0.000000 0.000000 -85.563721 -0.810472 10.118160 -60.345341 -22.476486 5.841342 -2.072708 -25.478951 107.199562 -59.045357 -44.096355 48.019196 -10.855953 1.877872 39.717300 0.000023 0.000004 -26.561308 -0.000075 -0.000033 -18.404423 -0.000339 -0.000000 0.001107 -16.220791 16.941370 -1.435017 -8.746881 -0.476795 3.035550 -8.774499 0.507932 2.753004 0.000019 0.001337 -0.000008 -15.274800 6.992135 -3.928469 -8.746362 -0.796802 1.227189 -8.636584 0.164788 1.027097 -0.000422 -0.000010 0.000150 -14.370447 -8.957647 -7.803170 -9.361649 1.670498 -1.680197 -9.189894 -0.239615 -1.262126 -0.000053 0.000012 -0.000004 -10.779914 -25.323776 -13.444225 -8.788996 3.173104 -4.688986 -9.001200 -0.674012 -3.865479 -0.000027 0.000020 -0.000015 0.000000 0.000000 0.000000 0.000000 0.000000 0.000000 -14.172940 9.102964 -3.980953 -0.442343 -0.892480 27.321539 4.526062 -4.987773 17.261297 -1.604397 0.345446 -21.599052 0.000000 0.000000 0.000000 0.000000 0.000000 0.000000 0.000000 0.000000 0.000000 -3.809122 14.176346 14.837401 0.101026 0.364174 11.246924 3.462796 14.410182 12.232538 -0.104672 -0.916168 -17.615963 0.000000 0.000000 0.000000 0.000000 0.000000 0.000000 0.000000 0.000000 0.000000 
4.730993 86.216919 5.837277 4.412733 -6.524202 -15.251940 -4.314970 0.831758 7.768635 -1.091131 0.152950 3.596051 2.608814 0.580530 4.701775 1.495536 0.279249 3.231316 -10.589889 7.929014 4.441830 1.341807 5.277903 -4.020843 -1.459533 0.035499 -21.383099 0.000000 0.000000 0.000000 84.661720 1.373976 7.412331 59.596684 20.920582 4.966951 -0.225513 25.163399 112.424843 93.474266 42.060596 66.863815 11.672655 -1.776234 39.609409 -0.000003 -0.000001 -28.029358 -0.000048 0.000021 -19.470352 -0.000011 0.000011 0.000008 21.616375 17.452698 -3.139817 14.616096 -0.339593 -3.154451 14.274843 0.620993 -2.844704 0.000004 0.000008 0.000005 21.102736 7.193079 -5.811499 14.632763 -0.738955 -1.328312 14.991220 0.225855 -1.096229 -0.000004 0.000054 0.000020 27.220364 -9.061346 -9.346362 17.202660 1.590820 1.970291 16.969620 -0.312191 1.538216 0.000036 0.000329 0.000000 34.602932 -24.580976 -13.847877 18.164799 2.679543 6.394343 17.766888 -1.127411 5.341340 0.000942 0.000014 -0.000018 0.000000 0.000000 0.000000 0.000000 0.000000 0.000000 -85.170357 -0.784983 9.834305 -59.659233 -23.577225 5.102611 -2.154373 -25.276398 107.854012 -59.857166 -42.962826 48.451279 -10.831334 1.875925 39.723438 0.000022 0.000004 -26.521580 -0.000069 -0.000033 -18.379042 -0.000254 0.000001 0.001129 -16.005281 16.935989 -1.553554 -8.436637 -0.473072 3.011315 -8.462683 0.512393 2.730410 0.000018 0.001360 -0.000008 -15.065568 6.990877 -3.996852 -8.461510 -0.795632 1.220471 -8.350754 0.165300 1.020419 -0.000399 -0.000011 0.000156 -14.091243 -8.951133 -7.884686 -9.069040 1.667828 -1.675398 -8.898035 -0.241634 -1.257682 -0.000015 0.000011 -0.000004 -10.406971 -25.302706 -13.531207 -8.528996 3.160165 -4.674741 -8.745883 -0.683304 -3.852385 -0.000069 0.000020 -0.000016 0.000000 0.000000 0.000000 0.000000 0.000000 0.000000 -13.975234 9.291821 -4.251623 -0.440395 -0.889716 27.180023 4.491436 -4.878758 17.311699 -1.575011 0.360099 -21.663786 0.000000 0.000000 0.000000 0.000000 0.000000 0.000000 0.000000 0.000000 0.000000 -3.690212 14.203112 14.747011 0.101858 0.369555 11.137953 3.314904 14.550785 12.309098 -0.087936 -0.920280 -17.745831 0.000000 0.000000 0.000000 0.000000 0.000000 0.000000 0.000000 0.000000 0.000000 
4.560896 86.196938 5.978383 4.381800 -6.668539 -15.020009 -4.293506 0.835295 7.664392 -1.142667 0.164200 3.610403 2.709803 0.551661 4.511486 1.521510 0.261297 3.300639 -10.547012 7.818537 4.456892 1.315907 5.218831 -3.971390 -1.453660 0.026808 -21.281984 0.000000 0.000000 0.000000 84.308464 1.378492 7.221724 58.949379 21.105530 4.161825 -0.209349 24.993999 113.268044 93.184624 41.310238 65.840080 11.694024 -1.776449 39.601219 -0.000003 -0.000001 -28.084293 -0.000048 0.000021 -19.506516 -0.000010 0.000011 0.000008 21.719055 17.460714 -3.518860 14.708665 -0.332826 -3.163893 14.369954 0.626087 -2.851983 0.000004 0.000006 0.000005 21.196831 7.199455 -6.124714 14.750783 -0.736333 -1.333624 15.095259 0.227280 -1.099294 -0.000005 0.000060 0.000020 27.208937 -9.076976 -9.524016 17.310747 1.584389 1.973639 17.082806 -0.315187 1.540652 0.000037 0.000269 0.000000 34.521683 -24.619677 -13.922490 18.228262 2.663682 6.400970 17.838703 -1.139193 5.346433 0.000954 0.000014 -0.000016 0.000000 0.000000 0.000000 0.000000 0.000000 0.000000 -84.816071 -0.775590 9.625058 -59.017559 -24.429459 4.479424 -2.242731 -25.129993 108.211502 -60.341042 -41.941082 48.512100 -10.815317 1.877156 39.722645 0.000021 0.000004 -26.501680 -0.000062 -0.000033 -18.366697 -0.000150 0.000001 0.001126 -15.916775 16.908329 -1.725707 -8.173864 -0.469260 2.988290 -8.196586 0.516739 2.709046 0.000018 0.001362 -0.000008 -14.980145 6.980724 -4.098916 -8.224891 -0.793955 1.214564 -8.110766 0.165896 1.014399 -0.000350 -0.000012 0.000164 -13.944189 -8.931575 -7.961293 -8.827323 1.664017 -1.670631 -8.654202 -0.243724 -1.253668 0.000042 0.000011 -0.000003 -10.177575 -25.244835 -13.568033 -8.308823 3.145284 -4.660884 -8.525892 -0.692020 -3.839673 -0.000105 0.000020 -0.000017 0.000000 0.000000 0.000000 0.000000 0.000000 0.000000 -13.730985 9.486092 -4.492986 -0.438432 -0.888052 27.043032 4.433901 -4.769180 17.350611 -1.544382 0.376439 -21.738125 0.000000 0.000000 0.000000 0.000000 0.000000 0.000000 0.000000 0.000000 0.000000 -3.530141 14.210176 14.687452 0.103295 0.373182 11.057797 3.146643 14.688664 12.344130 -0.069928 -0.924578 -17.856434 0.000000 0.000000 0.000000 0.000000 0.000000 0.000000 0.000000 0.000000 0.000000 
4.365043 86.174034 6.132948 4.334106 -6.798958 -14.816141 -4.265887 0.835894 7.566494 -1.200466 0.176023 3.632326 2.833563 0.480538 4.327255 1.539046 0.236732 3.373608 -10.449453 7.686616 4.497437 1.286677 5.154106 -3.931302 -1.455296 0.017462 -21.214205 0.000000 0.000000 0.000000 83.954407 1.407093 7.083436 58.260357 21.106649 3.399161 -0.183728 24.886211 113.812080 92.747284 40.527000 64.508987 11.718660 -1.780511 39.585144 -0.000003 -0.000001 -28.156824 -0.000048 0.000021 -19.558750 -0.000010 0.000012 0.000008 21.873226 17.445570 -3.920192 14.783491 -0.327747 -3.168080 14.448141 0.629410 -2.853917 0.000004 0.000004 0.000005 21.356461 7.195447 -6.449709 14.853753 -0.734233 -1.336796 15.181475 0.228170 -1.100997 -0.000005 0.000064 0.000020 27.266237 -9.077394 -9.692257 17.404209 1.578745 1.975601 17.181704 -0.317479 1.541723 0.000038 0.000208 0.000001 34.506573 -24.622873 -13.963520 18.280838 2.650066 6.405566 17.896923 -1.148208 5.350543 0.000983 0.000015 -0.000014 0.000000 0.000000 0.000000 0.000000 0.000000 0.000000 -84.481270 -0.780811 9.478909 -58.432293 -25.016102 3.974522 -2.333525 -25.065388 108.285210 -60.661774 -41.090004 48.287613 -10.801782 1.881065 39.717873 0.000019 0.000004 -26.484058 -0.000051 -0.000034 -18.354551 -0.000031 0.000001 0.001113 -15.914468 16.857275 -1.931303 -7.946278 -0.466136 2.964253 -7.963265 0.520136 2.686334 0.000018 0.001350 -0.000008 -14.979692 6.961199 -4.221404 -8.021324 -0.791990 1.208170 -7.904308 0.166320 1.008082 -0.000298 -0.000014 0.000176 -13.892674 -8.897820 -8.033713 -8.616818 1.659232 -1.664304 -8.442135 -0.245513 -1.248580 0.000098 0.000011 -0.000003 -10.061152 -25.144102 -13.565676 -8.104983 3.129159 -4.643618 -8.319141 -0.699056 -3.823704 -0.000124 0.000020 -0.000017 0.000000 0.000000 0.000000 0.000000 0.000000 0.000000 -13.434907 9.701942 -4.713617 -0.436265 -0.885456 26.931343 4.347638 -4.640210 17.367811 -1.512407 0.392806 -21.819000 0.000000 0.000000 0.000000 0.000000 0.000000 0.000000 0.000000 0.000000 0.000000 -3.330880 14.215076 14.646556 0.105558 0.375929 11.033736 2.957195 14.838257 12.339753 -0.051199 -0.927410 -17.957685 0.000000 0.000000 0.000000 0.000000 0.000000 0.000000 0.000000 0.000000 0.000000 
4.143034 86.147491 6.307843 4.272858 -6.929200 -14.645501 -4.237274 0.834028 7.466549 -1.247898 0.183347 3.646432 2.966554 0.376099 4.168381 1.558370 0.203335 3.456442 -10.301509 7.551376 4.602369 1.249362 5.088297 -3.883977 -1.464705 0.007963 -21.191128 0.000000 0.000000 0.000000 83.627655 1.452933 7.000103 57.455692 20.847015 2.631704 -0.151979 24.813339 114.010338 92.204376 39.766930 62.911449 11.740724 -1.787307 39.564987 -0.000003 -0.000002 -28.233606 -0.000047 0.000020 -19.614466 -0.000010 0.000012 0.000008 22.023411 17.409918 -4.346792 14.846050 -0.323020 -3.170606 14.511904 0.632080 -2.853642 0.000004 0.000002 0.000005 21.521126 7.183731 -6.791893 14.945840 -0.732142 -1.338899 15.256034 0.228765 -1.102085 -0.000005 0.000067 0.000020 27.326851 -9.067705 -9.871730 17.483288 1.572937 1.977358 17.267385 -0.319545 1.542386 0.000039 0.000123 0.000002 34.479942 -24.606308 -13.991826 18.315653 2.636194 6.411181 17.936464 -1.156267 5.355730 0.001004 0.000015 -0.000011 0.000000 0.000000 0.000000 0.000000 0.000000 0.000000 -84.159470 -0.793496 9.385690 -57.907413 -25.323156 3.608203 -2.422081 -25.087524 108.073776 -60.976921 -40.438179 47.894112 -10.785177 1.886482 39.711765 0.000018 0.000004 -26.455133 -0.000035 -0.000035 -18.334190 0.000093 -0.000001 0.001107 -15.947142 16.787352 -2.137007 -7.738480 -0.463432 2.939941 -7.748193 0.522880 2.662673 0.000019 0.001317 -0.000008 -15.015569 6.934388 -4.342803 -7.833525 -0.789678 1.201202 -7.716105 0.166616 1.001427 -0.000272 -0.000016 0.000190 -13.879071 -8.852826 -8.099252 -8.412087 1.653169 -1.656768 -8.240073 -0.247203 -1.242304 0.000142 0.000012 -0.000003 -9.998726 -25.006157 -13.536980 -7.888101 3.110387 -4.625375 -8.098652 -0.705463 -3.805660 -0.000120 0.000019 -0.000017 0.000000 0.000000 0.000000 0.000000 0.000000 0.000000 -13.088280 9.944343 -4.916554 -0.434250 -0.882082 26.853743 4.231467 -4.455880 17.348026 -1.480443 0.408774 -21.892975 0.000000 0.000000 0.000000 0.000000 0.000000 0.000000 0.000000 0.000000 0.000000 -3.095689 14.238444 14.624168 0.108838 0.379627 11.081788 2.740094 15.024794 12.295509 -0.031846 -0.928120 -18.058357 0.000000 0.000000 0.000000 0.000000 0.000000 0.000000 0.000000 0.000000 0.000000 
3.896831 86.114166 6.505377 4.208601 -7.069262 -14.511798 -4.206983 0.831122 7.362732 -1.272037 0.184405 3.638810 3.083419 0.255558 4.050702 1.589674 0.162812 3.549690 -10.159954 7.459791 4.798298 1.204745 5.045151 -3.813542 -1.490625 -0.004099 -21.216961 0.000000 0.000000 0.000000 83.363083 1.507208 6.974925 56.513821 20.367117 1.911150 -0.111624 24.754917 113.826843 91.629173 39.090034 61.170788 11.755793 -1.794016 39.547318 -0.000003 -0.000003 -28.295135 -0.000046 0.000019 -19.658381 -0.000010 0.000012 0.000008 22.105614 17.369219 -4.769345 14.900241 -0.316561 -3.176446 14.567012 0.636013 -2.856077 0.000004 -0.000000 0.000006 21.623926 7.171746 -7.133966 15.030417 -0.729501 -1.341674 15.322934 0.229566 -1.103680 -0.000005 0.000068 0.000019 27.319983 -9.059031 -10.060133 17.546886 1.566106 1.980434 17.338753 -0.322060 1.544037 0.000041 0.000025 0.000004 34.369930 -24.599899 -14.018056 18.326530 2.619421 6.421271 17.953579 -1.166243 5.364847 0.001008 0.000015 -0.000008 0.000000 0.000000 0.000000 0.000000 0.000000 0.000000 -83.876007 -0.806748 9.341340 -57.366886 -25.369749 3.376758 -2.505379 -25.160358 107.573189 -61.292057 -39.916130 47.355145 -10.777246 1.892708 39.701202 0.000016 0.000004 -26.442150 -0.000015 -0.000036 -18.325119 0.000223 -0.000003 0.001151 -16.028040 16.711657 -2.338578 -7.591924 -0.460142 2.920671 -7.594648 0.526058 2.643195 0.000020 0.001245 -0.000008 -15.092280 6.906001 -4.460561 -7.701644 -0.786913 1.195566 -7.587423 0.167063 0.995955 -0.000298 -0.000018 0.000205 -13.906127 -8.806256 -8.155924 -8.251064 1.645679 -1.650589 -8.086761 -0.249302 -1.236714 0.000173 0.000012 -0.000003 -9.994012 -24.857824 -13.483123 -7.692182 3.087600 -4.614766 -7.900413 -0.713404 -3.792319 -0.000112 0.000018 -0.000017 0.000000 0.000000 0.000000 0.000000 0.000000 0.000000 -12.714671 10.208237 -5.103113 -0.433049 -0.880031 26.798870 4.099236 -4.184870 17.269596 -1.450543 0.424346 -21.944477 0.000000 0.000000 0.000000 0.000000 0.000000 0.000000 0.000000 0.000000 0.000000 -2.831499 14.289420 14.635706 0.113415 0.385702 11.182210 2.477794 15.263428 12.213688 -0.010313 -0.929804 -18.159286 0.000000 0.000000 0.000000 0.000000 0.000000 0.000000 0.000000 0.000000 0.000000 
3.632647 86.074562 6.718689 4.160090 -7.212679 -14.416138 -4.173076 0.828126 7.270823 -1.271309 0.180778 3.612031 3.153763 0.136054 3.970081 1.629597 0.118681 3.639640 -10.082020 7.458620 5.079182 1.163014 5.058167 -3.714150 -1.543377 -0.023346 -21.280487 0.000000 0.000000 0.000000 83.163536 1.564526 7.013793 55.464321 19.775049 1.368186 -0.060753 24.694681 113.256493 91.054413 38.550411 59.423229 11.766097 -1.798665 39.535919 -0.000004 -0.000004 -28.333843 -0.000045 0.000018 -19.685722 -0.000010 0.000012 0.000008 22.111458 17.338310 -5.135417 14.951309 -0.308703 -3.185837 14.622628 0.640999 -2.861886 0.000004 -0.000002 0.000006 21.651796 7.164649 -7.443722 15.110188 -0.726712 -1.344780 15.385925 0.230467 -1.105358 -0.000006 0.000068 0.000019 27.245777 -9.056810 -10.237757 17.596670 1.559209 1.983622 17.394924 -0.324507 1.545895 0.000043 -0.000073 0.000005 34.192276 -24.616508 -14.048408 18.319120 2.602113 6.431242 17.956232 -1.176817 5.373842 0.001000 0.000015 -0.000006 0.000000 0.000000 0.000000 0.000000 0.000000 0.000000 -83.662666 -0.821392 9.351767 -56.689964 -25.234873 3.293508 -2.586431 -25.215618 106.782463 -61.474117 -39.538044 46.636379 -10.807229 1.900975 39.676060 0.000014 0.000004 -26.512150 0.000004 -0.000038 -18.374060 0.000351 -0.000006 0.001278 -16.226540 16.642569 -2.546658 -7.586385 -0.456330 2.911247 -7.585189 0.529616 2.632886 0.000021 0.001142 -0.000008 -15.262924 6.881516 -4.584238 -7.704756 -0.784099 1.192879 -7.598745 0.167609 0.992964 -0.000370 -0.000020 0.000216 -14.034878 -8.769031 -8.204854 -8.220286 1.637962 -1.647349 -8.064835 -0.251583 -1.233368 0.000178 0.000012 -0.000003 -10.106421 -24.732742 -13.403965 -7.603008 3.063839 -4.616534 -7.811732 -0.722521 -3.787692 -0.000123 0.000017 -0.000017 0.000000 0.000000 0.000000 0.000000 0.000000 0.000000 -12.347711 10.467740 -5.272072 -0.433186 -0.882180 26.761623 3.966344 -3.839774 17.113228 -1.425115 0.440030 -21.971851 0.000000 0.000000 0.000000 0.000000 0.000000 0.000000 0.000000 0.000000 0.000000 -2.557522 14.356892 14.689926 0.119407 0.394932 11.300593 2.158533 15.538638 12.112232 0.014722 -0.935808 -18.256475 0.000000 0.000000 0.000000 0.000000 0.000000 0.000000 0.000000 0.000000 0.000000 
3.356404 86.028526 6.942694 4.133857 -7.347704 -14.367478 -4.141385 0.828612 7.214791 -1.251085 0.172719 3.575773 3.181193 0.007189 3.907797 1.667328 0.066013 3.708384 -10.060363 7.524525 5.405320 1.137479 5.116890 -3.595639 -1.612373 -0.056398 -21.359865 0.000000 0.000000 0.000000 83.008163 1.623655 7.124433 54.389175 19.154793 1.143368 -0.001587 24.587536 112.390526 90.489563 38.157902 57.777836 11.776337 -1.801976 39.528801 -0.000004 -0.000004 -28.358931 -0.000044 0.000017 -19.703596 -0.000010 0.000012 0.000008 22.076075 17.309511 -5.428265 14.986090 -0.302021 -3.195107 14.666675 0.644648 -2.867209 0.000003 -0.000003 0.000006 21.634140 7.158661 -7.713486 15.170806 -0.724514 -1.346760 15.433739 0.230859 -1.105823 -0.000007 0.000066 0.000020 27.141022 -9.057175 -10.401499 17.627056 1.553872 1.986088 17.428364 -0.325606 1.547283 0.000045 -0.000203 0.000006 33.982616 -24.651810 -14.088142 18.294512 2.589451 6.439506 17.946348 -1.183734 5.381248 0.000988 0.000015 -0.000005 0.000000 0.000000 0.000000 0.000000 0.000000 0.000000 -83.517975 -0.846541 9.446906 -55.809616 -24.930258 3.367337 -2.676772 -25.216494 105.695435 -61.462280 -39.426640 45.707722 -10.896420 1.911970 39.628269 0.000013 0.000003 -26.718622 0.000020 -0.000041 -18.521135 0.000431 -0.000008 0.001438 -16.614799 16.590012 -2.761899 -7.754694 -0.452665 2.915690 -7.754746 0.533229 2.635395 0.000022 0.001041 -0.000008 -15.595779 6.865139 -4.718968 -7.879842 -0.781808 1.194734 -7.786286 0.168188 0.993604 -0.000431 -0.000022 0.000224 -14.336332 -8.748543 -8.249966 -8.371175 1.631697 -1.649215 -8.220055 -0.253681 -1.234151 0.000137 0.000013 -0.000003 -10.416617 -24.656328 -13.312315 -7.688593 3.044010 -4.635569 -7.900127 -0.731432 -3.795769 -0.000161 0.000017 -0.000016 0.000000 0.000000 0.000000 0.000000 0.000000 0.000000 -12.003381 10.648441 -5.395778 -0.433920 -0.887693 26.751209 3.830423 -3.507950 16.880468 -1.406954 0.456781 -21.970182 0.000000 0.000000 0.000000 0.000000 0.000000 0.000000 0.000000 0.000000 0.000000 -2.297552 14.404716 14.774508 0.126385 0.407495 11.447622 1.810504 15.809428 11.992536 0.042425 -0.943473 -18.336527 0.000000 0.000000 0.000000 0.000000 0.000000 0.000000 0.000000 0.000000 0.000000 
3.069950 85.976059 7.176447 4.117406 -7.476996 -14.366600 -4.107274 0.835452 7.194993 -1.209863 0.159680 3.538723 3.187331 -0.131461 3.855793 1.697664 0.007120 3.759547 -10.059217 7.610367 5.737466 1.131586 5.192851 -3.476570 -1.684535 -0.104967 -21.439829 0.000000 0.000000 0.000000 82.881310 1.686553 7.302678 53.365459 18.543167 1.282117 0.059945 24.420000 111.358749 89.929024 37.873314 56.298355 11.792794 -1.804465 39.522995 -0.000005 -0.000005 -28.386307 -0.000043 0.000016 -19.723764 -0.000009 0.000012 0.000008 22.068354 17.280205 -5.625726 15.022200 -0.296539 -3.203094 14.717314 0.647152 -2.870861 0.000003 -0.000003 0.000006 21.629646 7.152290 -7.918258 15.223825 -0.722719 -1.347767 15.480587 0.230958 -1.105111 -0.000007 0.000062 0.000020 27.052702 -9.057761 -10.530320 17.647821 1.550458 1.989157 17.449049 -0.325488 1.549066 0.000046 -0.000360 0.000006 33.788570 -24.694431 -14.125422 18.257317 2.582377 6.448892 17.925934 -1.187304 5.389686 0.000977 0.000016 -0.000004 0.000000 0.000000 0.000000 0.000000 0.000000 0.000000 -83.440712 -0.884437 9.631075 -54.803787 -24.425129 3.579975 -2.782644 -25.175959 104.377419 -61.349037 -39.630978 44.659744 -11.056651 1.926249 39.553268 0.000011 0.000002 -27.091736 0.000031 -0.000042 -18.786968 0.000449 -0.000011 0.001559 -17.264528 16.559891 -2.991601 -8.126117 -0.448464 2.937588 -8.128737 0.538036 2.653214 0.000025 0.000970 -0.000008 -16.168245 6.858916 -4.871169 -8.253743 -0.779947 1.202627 -8.173558 0.169225 0.998961 -0.000424 -0.000024 0.000230 -14.867859 -8.746866 -8.303948 -8.724269 1.627054 -1.658745 -8.573586 -0.256143 -1.240934 0.000021 0.000013 -0.000003 -10.971526 -24.636179 -13.228618 -7.973965 3.028458 -4.678421 -8.189384 -0.741429 -3.821759 -0.000225 0.000017 -0.000016 0.000000 0.000000 0.000000 0.000000 0.000000 0.000000 -11.671568 10.710694 -5.474332 -0.433869 -0.891929 26.778315 3.674045 -3.236675 16.603193 -1.395030 0.471356 -21.934526 0.000000 0.000000 0.000000 0.000000 0.000000 0.000000 0.000000 0.000000 0.000000 -2.053200 14.430130 14.879004 0.134072 0.424006 11.633414 1.456249 16.060562 11.842680 0.072298 -0.952027 -18.382727 0.000000 0.000000 0.000000 0.000000 0.000000 0.000000 0.000000 0.000000 0.000000 
2.769381 85.919609 7.421001 4.095602 -7.610859 -14.409059 -4.061433 0.846311 7.198630 -1.153105 0.143219 3.515815 3.181311 -0.278010 3.811767 1.719191 -0.055705 3.803432 -10.061083 7.707925 6.044423 1.144131 5.290116 -3.375271 -1.759817 -0.164986 -21.514906 0.000000 0.000000 0.000000 82.790154 1.750138 7.530045 52.439873 17.928711 1.724287 0.121653 24.243908 110.251968 89.309036 37.604172 54.891113 11.812283 -1.805327 39.519833 -0.000005 -0.000005 -28.409483 -0.000041 0.000015 -19.742012 -0.000009 0.000012 0.000008 22.092899 17.257015 -5.731690 15.064654 -0.291114 -3.209521 14.777513 0.649800 -2.872752 0.000003 -0.000003 0.000006 21.633705 7.148059 -8.049069 15.267281 -0.720914 -1.347955 15.523813 0.231157 -1.103374 -0.000007 0.000057 0.000020 26.958511 -9.060230 -10.612270 17.645746 1.548644 1.992605 17.445206 -0.324789 1.550961 0.000046 -0.000504 0.000007 33.594738 -24.736017 -14.154331 18.185041 2.579431 6.456100 17.869602 -1.189437 5.396809 0.000961 0.000016 -0.000003 0.000000 0.000000 0.000000 0.000000 0.000000 0.000000 -83.456764 -0.925933 9.877202 -53.798992 -23.749025 3.903610 -2.902156 -25.143019 102.966438 -61.217411 -40.045795 43.604904 -11.286780 1.944605 39.450203 0.000010 0.000002 -27.631496 0.000038 -0.000044 -19.170176 0.000447 -0.000012 0.001622 -18.211691 16.545069 -3.272347 -8.706153 -0.442728 2.975707 -8.708416 0.544941 2.684351 0.000027 0.000933 -0.000008 -17.016031 6.859655 -5.064179 -8.827582 -0.778027 1.216014 -8.758574 0.170996 1.008556 -0.000339 -0.000026 0.000233 -15.644081 -8.758475 -8.383328 -9.270130 1.623011 -1.675489 -9.118667 -0.259416 -1.253080 -0.000164 0.000013 -0.000002 -11.763830 -24.658621 -13.157320 -8.443237 3.014633 -4.742324 -8.663234 -0.753807 -3.863460 -0.000304 0.000017 -0.000015 0.000000 0.000000 0.000000 0.000000 0.000000 0.000000 -11.329130 10.680838 -5.519787 -0.432247 -0.891686 26.840029 3.481558 -3.018011 16.318441 -1.384688 0.481345 -21.869381 0.000000 0.000000 0.000000 0.000000 0.000000 0.000000 0.000000 0.000000 0.000000 -1.808405 14.439593 15.016153 0.142555 0.445042 11.841938 1.091368 16.290409 11.656150 0.104904 -0.963064 -18.391294 0.000000 0.000000 0.000000 0.000000 0.000000 0.000000 0.000000 0.000000 0.000000 
2.449085 85.862892 7.680573 4.057446 -7.754523 -14.496731 -3.994461 0.856144 7.213212 -1.093034 0.125536 3.525744 3.164332 -0.441265 3.768181 1.729853 -0.126145 3.849531 -10.088861 7.846466 6.311348 1.171373 5.435350 -3.301853 -1.847198 -0.230808 -21.585693 0.000000 0.000000 0.000000 82.751579 1.809389 7.787485 51.656757 17.277954 2.373257 0.181991 24.120762 109.183662 88.562805 37.276295 53.454288 11.824537 -1.802988 39.523930 -0.000006 -0.000005 -28.404327 -0.000040 0.000015 -19.741398 -0.000009 0.000012 0.000008 22.083326 17.250576 -5.764782 15.085725 -0.285317 -3.213356 14.816314 0.653075 -2.872025 0.000002 -0.000003 0.000006 21.583117 7.149944 -8.110879 15.272802 -0.719045 -1.347061 15.532196 0.231567 -1.100558 -0.000008 0.000050 0.000020 26.796432 -9.068929 -10.645823 17.591125 1.548225 1.994957 17.387634 -0.323873 1.551843 0.000046 -0.000602 0.000007 33.350140 -24.779547 -14.174577 18.046835 2.579618 6.454720 17.743868 -1.191027 5.397379 0.000929 0.000017 -0.000003 0.000000 0.000000 0.000000 0.000000 0.000000 0.000000 -83.592667 -0.960720 10.159376 -52.890316 -22.998142 4.333600 -3.029086 -25.168495 101.576744 -61.122158 -40.555050 42.659359 -11.574606 1.967332 39.321980 0.000009 0.000001 -28.312284 0.000039 -0.000044 -19.652140 0.000474 -0.000014 0.001643 -19.441326 16.531063 -3.642767 -9.466135 -0.435283 3.025617 -9.463718 0.553662 2.724496 0.000030 0.000915 -0.000008 -18.119242 6.861337 -5.320453 -9.572161 -0.775692 1.233223 -9.511866 0.173376 1.021016 -0.000193 -0.000027 0.000230 -16.644205 -8.774188 -8.493313 -9.980443 1.618521 -1.697250 -9.828743 -0.263391 -1.268744 -0.000389 0.000013 -0.000002 -12.766048 -24.700928 -13.080763 -9.065490 3.000400 -4.819546 -9.290912 -0.768318 -3.914962 -0.000382 0.000017 -0.000015 0.000000 0.000000 0.000000 0.000000 0.000000 0.000000 -10.951952 10.602744 -5.523912 -0.428791 -0.885755 26.929981 3.253536 -2.847193 16.044008 -1.372378 0.486823 -21.781271 0.000000 0.000000 0.000000 0.000000 0.000000 0.000000 0.000000 0.000000 0.000000 -1.541799 14.425482 15.205426 0.152250 0.471379 12.062746 0.701226 16.497885 11.429761 0.142338 -0.977078 -18.368853 0.000000 0.000000 0.000000 0.000000 0.000000 0.000000 0.000000 0.000000 0.000000 
2.104443 85.810730 7.960162 3.998912 -7.906670 -14.625423 -3.901396 0.860901 7.227245 -1.042510 0.108619 3.572244 3.138966 -0.630954 3.720941 1.727698 -0.208769 3.907488 -10.172381 8.050236 6.530675 1.207815 5.645542 -3.259082 -1.950912 -0.296304 -21.651800 0.000000 0.000000 0.000000 82.772499 1.861235 8.053766 51.070213 16.561623 3.110550 0.235098 24.068844 108.293358 87.712379 36.855690 52.041969 11.819248 -1.796633 39.539120 -0.000006 -0.000005 -28.348167 -0.000039 0.000015 -19.705517 -0.000008 0.000012 0.000008 21.971262 17.267143 -5.728656 15.054729 -0.279906 -3.213556 14.801310 0.656256 -2.867951 0.000002 -0.000003 0.000006 21.423395 7.160084 -8.101525 15.214845 -0.717481 -1.344883 15.477105 0.231984 -1.096763 -0.000008 0.000041 0.000020 26.524256 -9.086957 -10.630503 17.466125 1.549506 1.994951 17.258289 -0.322611 1.550903 0.000046 -0.000650 0.000008 33.018566 -24.834463 -14.185131 17.832220 2.583936 6.440356 17.536701 -1.191029 5.387622 0.000875 0.000017 -0.000004 0.000000 0.000000 0.000000 0.000000 0.000000 0.000000 -83.847183 -0.983567 10.452785 -52.124237 -22.274691 4.851544 -3.151899 -25.268400 100.298660 -61.121052 -41.104980 41.979294 -11.895187 1.993197 39.177944 0.000008 0.000000 -29.075710 0.000037 -0.000045 -20.191477 0.000547 -0.000015 0.001635 -20.853992 16.507597 -4.092653 -10.339465 -0.427007 3.082042 -10.328150 0.562951 2.769495 0.000033 0.000893 -0.000008 -19.384317 6.859540 -5.628962 -10.423899 -0.772940 1.252523 -10.371080 0.176004 1.034997 -0.000006 -0.000028 0.000222 -17.792128 -8.787048 -8.620154 -10.800244 1.613220 -1.721480 -10.649302 -0.267583 -1.286241 -0.000619 0.000013 -0.000002 -13.906176 -24.744781 -12.980311 -9.790296 2.985670 -4.902308 -10.022523 -0.783282 -3.971129 -0.000441 0.000017 -0.000014 0.000000 0.000000 0.000000 0.000000 0.000000 0.000000 -10.527881 10.506367 -5.475023 -0.423545 -0.874368 27.037443 3.004684 -2.727541 15.787874 -1.356920 0.488876 -21.678280 0.000000 0.000000 0.000000 0.000000 0.000000 0.000000 0.000000 0.000000 0.000000 -1.239006 14.378432 15.458556 0.163548 0.503786 12.280476 0.278081 16.675472 11.173250 0.186491 -0.993125 -18.328506 0.000000 0.000000 0.000000 0.000000 0.000000 0.000000 0.000000 0.000000 0.000000 
1.732092 85.766441 8.262457 3.924129 -8.062097 -14.782149 -3.785572 0.859818 7.234865 -1.013515 0.095526 3.638004 3.111820 -0.842845 3.681523 1.710909 -0.301026 3.980042 -10.315552 8.307039 6.692780 1.248170 5.906011 -3.243577 -2.063353 -0.356810 -21.707314 0.000000 0.000000 0.000000 82.840881 1.906073 8.311333 50.720570 15.788533 3.821334 0.274761 24.049381 107.637642 86.905716 36.366512 50.873226 11.789702 -1.786836 39.566227 -0.000006 -0.000006 -28.230677 -0.000038 0.000014 -19.626280 -0.000008 0.000012 0.000008 21.715303 17.303028 -5.604382 14.946854 -0.275101 -3.212809 14.707170 0.659146 -2.863162 0.000003 -0.000003 0.000006 21.128016 7.177155 -8.007148 15.076122 -0.716301 -1.342616 15.339627 0.232400 -1.093217 -0.000008 0.000030 0.000020 26.124081 -9.113934 -10.564349 17.260592 1.552270 1.993659 17.048077 -0.321119 1.549130 0.000046 -0.000669 0.000008 32.578251 -24.908884 -14.185852 17.542871 2.592160 6.417181 17.250521 -1.189105 5.370894 0.000804 0.000017 -0.000005 0.000000 0.000000 0.000000 0.000000 0.000000 0.000000 -84.185410 -0.994353 10.732205 -51.502594 -21.639870 5.412266 -3.254579 -25.414341 99.226761 -61.283321 -41.650173 41.707592 -12.216817 2.019412 39.031788 0.000007 0.000000 -29.847635 0.000029 -0.000045 -20.736568 0.000661 -0.000016 0.001599 -22.293587 16.476725 -4.557223 -11.238261 -0.418383 3.142945 -11.214181 0.572212 2.818550 0.000036 0.000853 -0.000008 -20.671772 6.854797 -5.943719 -11.299753 -0.769736 1.273582 -11.253626 0.178762 1.050391 0.000208 -0.000029 0.000206 -18.963673 -8.796683 -8.740881 -11.652005 1.607091 -1.747529 -11.502262 -0.271784 -1.305392 -0.000822 0.000013 -0.000002 -15.058536 -24.786840 -12.857188 -10.546188 2.970744 -4.988285 -10.787239 -0.797753 -4.031360 -0.000472 0.000017 -0.000014 0.000000 0.000000 0.000000 0.000000 0.000000 0.000000 -10.063879 10.408419 -5.368783 -0.416786 -0.858974 27.141087 2.753161 -2.657527 15.554194 -1.338899 0.489591 -21.567677 0.000000 0.000000 0.000000 0.000000 0.000000 0.000000 0.000000 0.000000 0.000000 -0.899816 14.296724 15.773746 0.176308 0.541859 12.476935 -0.173856 16.816019 10.909615 0.236611 -1.010287 -18.287001 0.000000 0.000000 0.000000 0.000000 0.000000 0.000000 0.000000 0.000000 0.000000 
1.330091 85.729980 8.587013 3.837767 -8.212519 -14.955550 -3.654358 0.854123 7.234230 -1.011533 0.089643 3.708128 3.090538 -1.058841 3.663455 1.679910 -0.393394 4.067853 -10.485831 8.573942 6.797572 1.287874 6.177317 -3.249681 -2.168687 -0.408452 -21.752216 0.000000 0.000000 0.000000 82.947136 1.942638 8.539145 50.581940 15.017750 4.410540 0.300195 24.010567 107.221886 86.293510 35.896923 50.130932 11.728098 -1.773915 39.606941 -0.000005 -0.000006 -28.041361 -0.000038 0.000014 -19.495478 -0.000008 0.000012 0.000008 21.279554 17.352831 -5.371049 14.745497 -0.270718 -3.212650 14.517918 0.661898 -2.859254 0.000003 -0.000004 0.000006 20.672863 7.199634 -7.820925 14.847019 -0.715353 -1.341051 15.109792 0.232938 -1.090775 -0.000008 0.000018 0.000020 25.581448 -9.148887 -10.455210 16.972870 1.555640 1.992452 16.757172 -0.319838 1.547553 0.000046 -0.000699 0.000008 32.018101 -25.006355 -14.184473 17.191414 2.601883 6.392591 16.899769 -1.186390 5.352762 0.000729 0.000018 -0.000006 0.000000 0.000000 0.000000 0.000000 0.000000 0.000000 -84.571304 -0.991057 10.966491 -51.024029 -21.169979 5.981717 -3.325518 -25.551182 98.485161 -61.701542 -42.214649 41.948151 -12.495251 2.042581 38.903008 0.000006 -0.000000 -30.522997 0.000017 -0.000046 -21.213097 0.000814 -0.000017 0.001542 -23.552589 16.441990 -4.959695 -12.041123 -0.409904 3.204224 -12.002213 0.580787 2.868750 0.000039 0.000796 -0.000008 -21.795616 6.847701 -6.218472 -12.083047 -0.766084 1.295195 -12.042482 0.181508 1.066422 0.000435 -0.000029 0.000185 -19.993109 -8.801741 -8.845036 -12.423660 1.600093 -1.773868 -12.274078 -0.275737 -1.325148 -0.000972 0.000013 -0.000002 -16.062002 -24.817888 -12.741859 -11.230811 2.955399 -5.073429 -11.481599 -0.810855 -4.093052 -0.000474 0.000017 -0.000014 0.000000 0.000000 0.000000 0.000000 0.000000 0.000000 -9.573458 10.309847 -5.209722 -0.408792 -0.840333 27.234823 2.511099 -2.638357 15.337163 -1.318626 0.489642 -21.454111 0.000000 0.000000 0.000000 0.000000 0.000000 0.000000 0.000000 0.000000 0.000000 -0.532305 14.187656 16.133121 0.189904 0.583002 12.655818 -0.638682 16.915411 10.659724 0.289732 -1.025939 -18.260263 0.000000 0.000000 0.000000 0.000000 0.000000 0.000000 0.000000 0.000000 0.000000 
0.900290 85.696388 8.932021 3.745800 -8.346992 -15.138792 -3.513237 0.845884 7.235624 -1.038278 0.093981 3.764012 3.077372 -1.255873 3.683499 1.631232 -0.472968 4.156635 -10.636514 8.795500 6.849211 1.324667 6.413515 -3.265766 -2.252450 -0.452834 -21.781422 0.000000 0.000000 0.000000 83.078209 1.970000 8.731059 50.579163 14.313671 4.862481 0.315778 23.903063 106.900726 85.927315 35.541016 49.863621 11.638811 -1.759009 39.657822 -0.000004 -0.000006 -27.797808 -0.000038 0.000013 -19.325554 -0.000007 0.000013 0.000008 20.690527 17.410046 -5.021741 14.460539 -0.267612 -3.210820 14.243488 0.663874 -2.853922 0.000003 -0.000004 0.000006 20.082325 7.225355 -7.543653 14.539455 -0.715036 -1.339201 14.800104 0.233375 -1.088595 -0.000008 0.000006 0.000020 24.922869 -9.188944 -10.300783 16.613926 1.559739 1.990286 16.398157 -0.318622 1.545348 0.000045 -0.000757 0.000008 31.365765 -25.123425 -14.174416 16.796688 2.613270 6.367185 16.505964 -1.182597 5.333293 0.000657 0.000018 -0.000007 0.000000 0.000000 0.000000 0.000000 0.000000 0.000000 -84.985336 -0.975045 11.146090 -50.698662 -20.847820 6.551573 -3.358510 -25.646660 98.103409 -62.403801 -42.819778 42.677776 -12.705256 2.059906 38.804672 0.000006 -0.000000 -31.040466 0.000003 -0.000047 -21.578611 0.001000 -0.000019 0.001470 -24.484741 16.418043 -5.233419 -12.668449 -0.402848 3.259503 -12.614052 0.587690 2.914378 0.000041 0.000735 -0.000008 -22.623953 6.843810 -6.409918 -12.695943 -0.762641 1.315034 -12.659239 0.183931 1.081266 0.000665 -0.000029 0.000161 -20.744282 -8.808374 -8.921803 -13.030531 1.593623 -1.797477 -12.878921 -0.278977 -1.343174 -0.001060 0.000013 -0.000002 -16.772371 -24.849834 -12.660315 -11.764516 2.942088 -5.148636 -12.025213 -0.821342 -4.149051 -0.000452 0.000017 -0.000013 0.000000 0.000000 0.000000 0.000000 0.000000 0.000000 -9.077322 10.208574 -5.004742 -0.400088 -0.820077 27.320827 2.284568 -2.664798 15.119125 -1.296506 0.491233 -21.335062 0.000000 0.000000 0.000000 0.000000 0.000000 0.000000 0.000000 0.000000 0.000000 -0.147351 14.049768 16.514549 0.203621 0.625095 12.834442 -1.102999 16.979132 10.430012 0.343153 -1.040172 -18.254492 0.000000 0.000000 0.000000 0.000000 0.000000 0.000000 0.000000 0.000000 0.000000 
0.446752 85.659271 9.296256 3.649118 -8.451704 -15.334471 -3.363177 0.836215 7.250038 -1.090591 0.108861 3.799517 3.068895 -1.423170 3.751641 1.563009 -0.534128 4.236747 -10.741299 8.943410 6.866637 1.358007 6.591607 -3.279643 -2.309486 -0.493082 -21.796007 0.000000 0.000000 0.000000 83.234062 1.985888 8.885557 50.636852 13.702680 5.180536 0.325780 23.706125 106.550842 85.737617 35.351601 49.977165 11.531738 -1.743480 39.713482 -0.000004 -0.000007 -27.528452 -0.000038 0.000013 -19.136623 -0.000007 0.000013 0.000008 20.009893 17.467726 -4.584281 14.120642 -0.266765 -3.204448 13.912891 0.664204 -2.844410 0.000003 -0.000004 0.000006 19.409966 7.251541 -7.196193 14.180367 -0.715735 -1.335720 14.437697 0.233373 -1.085456 -0.000007 -0.000003 0.000020 24.195261 -9.229360 -10.103534 16.205339 1.564841 1.985530 15.992663 -0.317067 1.541287 0.000045 -0.000843 0.000008 30.661346 -25.248016 -14.143307 16.378031 2.627213 6.338054 16.090132 -1.176618 5.310022 0.000593 0.000019 -0.000009 0.000000 0.000000 0.000000 0.000000 0.000000 0.000000 -85.429169 -0.947595 11.274394 -50.554543 -20.639269 7.133843 -3.358435 -25.692131 98.043022 -63.392895 -43.517467 43.841537 -12.838308 2.070477 38.741871 0.000006 -0.000000 -31.378147 -0.000012 -0.000047 -21.817226 0.001224 -0.000020 0.001401 -25.028242 16.414312 -5.366408 -13.087607 -0.398537 3.302592 -13.017568 0.591778 2.949568 0.000043 0.000679 -0.000009 -23.097469 6.846551 -6.512448 -13.103848 -0.760097 1.330508 -13.068829 0.185610 1.092865 0.000898 -0.000029 0.000136 -21.149372 -8.819674 -8.975961 -13.429094 1.588942 -1.814955 -13.273343 -0.280940 -1.356788 -0.001095 0.000013 -0.000002 -17.119698 -24.887526 -12.631842 -12.107174 2.933284 -5.203679 -12.376857 -0.827686 -4.190776 -0.000410 0.000017 -0.000013 0.000000 0.000000 0.000000 0.000000 0.000000 0.000000 -8.588202 10.100838 -4.758399 -0.391068 -0.799192 27.411482 2.076580 -2.732325 14.879816 -1.272836 0.496296 -21.204407 0.000000 0.000000 0.000000 0.000000 0.000000 0.000000 0.000000 0.000000 0.000000 0.250806 13.879597 16.902004 0.217052 0.666632 13.042542 -1.560094 17.024569 10.213041 0.395552 -1.053480 -18.267723 0.000000 0.000000 0.000000 0.000000 0.000000 0.000000 0.000000 0.000000 0.000000 
-0.025207 85.614494 9.678819 3.546098 -8.510912 -15.547902 -3.207199 0.825532 7.284149 -1.162603 0.131987 3.813933 3.058972 -1.563007 3.868419 1.479043 -0.579013 4.305037 -10.791145 9.010401 6.882236 1.387072 6.704887 -3.277155 -2.339350 -0.530764 -21.800102 0.000000 0.000000 0.000000 83.421471 1.988998 9.000094 50.689854 13.184310 5.370003 0.332749 23.418396 106.077225 85.637398 35.359470 50.352001 11.418111 -1.728781 39.768169 -0.000003 -0.000007 -27.262203 -0.000038 0.000013 -18.948977 -0.000006 0.000014 0.000008 19.303043 17.520473 -4.107914 13.763336 -0.269224 -3.191336 13.564301 0.661886 -2.828982 0.000003 -0.000004 0.000006 18.715252 7.275803 -6.811320 13.804849 -0.717813 -1.329511 14.057760 0.232542 -1.080423 -0.000007 -0.000010 0.000020 23.451246 -9.265774 -9.870993 15.776631 1.571371 1.976721 15.569175 -0.314612 1.534280 0.000045 -0.000953 0.000008 29.945671 -25.368258 -14.079907 15.957008 2.645368 6.300821 15.674175 -1.166656 5.279502 0.000542 0.000019 -0.000010 0.000000 0.000000 0.000000 0.000000 0.000000 0.000000 -85.905617 -0.910272 11.362689 -50.608273 -20.504034 7.741117 -3.335336 -25.686293 98.223267 -64.611671 -44.376301 45.354816 -12.892069 2.074444 38.716049 0.000006 -0.000000 -31.528629 -0.000027 -0.000048 -21.922962 0.001487 -0.000021 0.001356 -25.161129 16.433157 -5.375257 -13.285522 -0.397985 3.329464 -13.199906 0.592078 2.970497 0.000045 0.000630 -0.000009 -23.192545 6.856452 -6.539227 -13.290900 -0.758987 1.339771 -13.255583 0.186172 1.099786 0.001140 -0.000028 0.000112 -21.182981 -8.834779 -9.013233 -13.597383 1.586859 -1.823826 -13.436574 -0.281155 -1.364092 -0.001095 0.000014 -0.000002 -17.083370 -24.926092 -12.660598 -12.238588 2.930845 -5.230922 -12.515882 -0.828498 -4.211826 -0.000350 0.000017 -0.000013 0.000000 0.000000 0.000000 0.000000 0.000000 0.000000 -8.114394 9.979130 -4.469234 -0.382057 -0.778514 27.515411 1.890033 -2.838756 14.602761 -1.248277 0.506409 -21.056187 0.000000 0.000000 0.000000 0.000000 0.000000 0.000000 0.000000 0.000000 0.000000 0.661539 13.674687 17.284903 0.230247 0.707083 13.306601 -2.005303 17.069386 10.001208 0.446780 -1.066128 -18.296743 0.000000 0.000000 0.000000 0.000000 0.000000 0.000000 0.000000 0.000000 0.000000 
-0.510458 85.561333 10.077396 3.432537 -8.508152 -15.780094 -3.051707 0.814000 7.338074 -1.245122 0.159368 3.812724 3.043667 -1.686509 4.022346 1.391231 -0.615175 4.364725 -10.782050 9.000454 6.930167 1.411954 6.756935 -3.246845 -2.344325 -0.565873 -21.802288 0.000000 0.000000 0.000000 83.647881 1.979373 9.072054 50.696526 12.741636 5.430341 0.339307 23.061508 105.429878 85.554298 35.593216 50.889740 11.306577 -1.716213 39.817619 -0.000002 -0.000008 -27.018633 -0.000038 0.000013 -18.776682 -0.000006 0.000014 0.000008 18.620861 17.563061 -3.633559 13.414293 -0.275885 -3.168997 13.224115 0.655969 -2.806067 0.000003 -0.000004 0.000006 18.047558 7.295704 -6.415148 13.436249 -0.721574 -1.319427 13.683448 0.230512 -1.072648 -0.000006 -0.000016 0.000020 22.734257 -9.294082 -9.610663 15.347496 1.579852 1.962185 15.145809 -0.310666 1.523055 0.000044 -0.001081 0.000008 29.252520 -25.472984 -13.980282 15.545542 2.669763 6.249155 15.269059 -1.150671 5.236617 0.000503 0.000020 -0.000011 0.000000 0.000000 0.000000 0.000000 0.000000 0.000000 -86.408974 -0.868005 11.427135 -50.831528 -20.395138 8.365388 -3.298858 -25.624815 98.561279 -65.956177 -45.423950 47.083813 -12.863920 2.072704 38.727711 0.000006 -0.000000 -31.483646 -0.000039 -0.000048 -21.889433 0.001776 -0.000023 0.001351 -24.880203 16.466988 -5.278215 -13.252646 -0.401767 3.337838 -13.152267 0.587921 2.975085 0.000045 0.000590 -0.000010 -22.905190 6.869888 -6.503329 -13.245622 -0.759573 1.341741 -13.208362 0.185341 1.101202 0.001402 -0.000028 0.000091 -20.849771 -8.847737 -9.033685 -13.521760 1.587544 -1.822400 -13.356300 -0.279308 -1.363876 -0.001079 0.000014 -0.000002 -16.680548 -24.947947 -12.739593 -12.145879 2.935509 -5.225057 -12.429940 -0.822732 -4.207938 -0.000272 0.000017 -0.000014 0.000000 0.000000 0.000000 0.000000 0.000000 0.000000 -7.657192 9.832988 -4.132626 -0.373309 -0.758684 27.632139 1.724331 -2.984929 14.280654 -1.223424 0.522259 -20.889347 0.000000 0.000000 0.000000 0.000000 0.000000 0.000000 0.000000 0.000000 0.000000 1.087456 13.437658 17.653006 0.243417 0.746309 13.641343 -2.434886 17.119684 9.790252 0.496833 -1.077951 -18.338028 0.000000 0.000000 0.000000 0.000000 0.000000 0.000000 0.000000 0.000000 0.000000 
-1.003827 85.502029 10.487752 3.303645 -8.426832 -16.022049 -2.902403 0.801412 7.404524 -1.327834 0.187138 3.804529 3.023340 -1.805467 4.195243 1.315113 -0.649804 4.422615 -10.701934 8.912563 7.028607 1.433927 6.750697 -3.186264 -2.325810 -0.597070 -21.811188 0.000000 0.000000 0.000000 83.913597 1.957853 9.096745 50.622124 12.355392 5.346733 0.350057 22.679863 104.584763 85.456360 36.075874 51.531799 11.201939 -1.706743 39.859764 -0.000001 -0.000008 -26.804464 -0.000038 0.000013 -18.624636 -0.000005 0.000014 0.000009 17.990437 17.590618 -3.180976 13.080487 -0.287649 -3.133968 12.899891 0.645380 -2.773253 0.000003 -0.000004 0.000006 17.437393 7.308949 -6.020991 13.080600 -0.727334 -1.304053 13.320777 0.226916 -1.061058 -0.000005 -0.000019 0.000019 22.074619 -9.310853 -9.329473 14.925529 1.590935 1.940091 14.728797 -0.304612 1.506227 0.000044 -0.001225 0.000009 28.614283 -25.553230 -13.850375 15.149184 2.702583 6.176754 14.878270 -1.126655 5.176199 0.000480 0.000020 -0.000011 0.000000 0.000000 0.000000 0.000000 0.000000 0.000000 -86.922386 -0.826774 11.481355 -51.146290 -20.248896 8.969105 -3.255601 -25.503448 99.009995 -67.322937 -46.633160 48.885513 -12.753696 2.065942 38.776310 0.000007 0.000000 -31.241590 -0.000048 -0.000049 -21.715252 0.002068 -0.000024 0.001383 -24.203636 16.506248 -5.081700 -12.992400 -0.410272 3.326522 -12.878854 0.578873 2.962397 0.000045 0.000558 -0.000010 -22.254946 6.882583 -6.406638 -12.971354 -0.762027 1.335905 -12.931109 0.182923 1.096672 0.001692 -0.000027 0.000074 -20.182806 -8.853153 -9.028391 -13.208597 1.590990 -1.809716 -13.039575 -0.275235 -1.355571 -0.001066 0.000014 -0.000002 -15.959344 -24.938799 -12.852257 -11.835883 2.947636 -5.183584 -12.127417 -0.809755 -4.177382 -0.000176 0.000017 -0.000014 0.000000 0.000000 0.000000 0.000000 0.000000 0.000000 -7.212229 9.649451 -3.746707 -0.364901 -0.739857 27.749767 1.572025 -3.170026 13.919521 -1.198185 0.542585 -20.709501 0.000000 0.000000 0.000000 0.000000 0.000000 0.000000 0.000000 0.000000 0.000000 1.532979 13.177093 17.994259 0.256723 0.784510 14.042542 -2.846070 17.164816 9.583186 0.545690 -1.088777 -18.389580 0.000000 0.000000 0.000000 0.000000 0.000000 0.000000 0.000000 0.000000 0.000000 
-1.499057 85.439751 10.904235 3.157743 -8.252727 -16.257610 -2.761154 0.786820 7.475786 -1.401579 0.211859 3.797467 2.997047 -1.925371 4.372614 1.262203 -0.686173 4.483096 -10.539320 8.743339 7.168802 1.454937 6.687084 -3.103496 -2.285326 -0.623852 -21.825071 0.000000 0.000000 0.000000 84.202965 1.925583 9.071620 50.461124 12.030439 5.119636 0.369997 22.325037 103.517265 85.349121 36.822502 52.254147 11.108170 -1.700415 39.894070 -0.000001 -0.000009 -26.622213 -0.000038 0.000013 -18.494968 -0.000004 0.000015 0.000009 17.421476 17.604853 -2.749075 12.762480 -0.304360 -3.085408 12.591969 0.630209 -2.730072 0.000003 -0.000003 0.000005 16.896696 7.315857 -5.628484 12.738346 -0.735061 -1.283036 12.970375 0.221749 -1.045326 -0.000004 -0.000022 0.000019 21.486464 -9.316198 -9.029881 14.512986 1.604820 1.910173 14.319638 -0.296365 1.483576 0.000044 -0.001376 0.000009 28.055059 -25.607309 -13.698889 14.769446 2.744196 6.082742 14.501699 -1.094687 5.097546 0.000475 0.000020 -0.000011 0.000000 0.000000 0.000000 0.000000 0.000000 0.000000 -87.418526 -0.791760 11.537426 -51.495834 -20.010380 9.514845 -3.210378 -25.334616 99.553215 -68.664169 -47.955891 50.677807 -12.577875 2.054589 38.855030 0.000007 0.000001 -30.840868 -0.000053 -0.000049 -21.427927 0.002347 -0.000026 0.001436 -23.211660 16.549328 -4.791844 -12.554016 -0.422991 3.298168 -12.428940 0.565650 2.934847 0.000044 0.000535 -0.000011 -21.319576 6.894272 -6.247575 -12.518755 -0.766262 1.323290 -12.475077 0.179087 1.086934 0.002003 -0.000026 0.000062 -19.261786 -8.852871 -8.987724 -12.712527 1.597055 -1.787141 -12.541222 -0.269260 -1.340252 -0.001071 0.000013 -0.000002 -15.003269 -24.906487 -12.979010 -11.359731 2.966758 -5.111217 -11.660865 -0.790560 -4.123955 -0.000064 0.000017 -0.000014 0.000000 0.000000 0.000000 0.000000 0.000000 0.000000 -6.777380 9.416662 -3.316841 -0.356703 -0.721565 27.850760 1.423213 -3.391042 13.535754 -1.172018 0.564874 -20.525896 0.000000 0.000000 0.000000 0.000000 0.000000 0.000000 0.000000 0.000000 0.000000 1.998366 12.894204 18.288982 0.270208 0.822030 14.501288 -3.237401 17.186468 9.389049 0.592952 -1.099269 -18.451818 0.000000 0.000000 0.000000 0.000000 0.000000 0.000000 0.000000 0.000000 0.000000 
-1.989573 85.378799 11.321197 2.996548 -7.978441 -16.468782 -2.627486 0.768845 7.545887 -1.460253 0.230919 3.795561 2.960436 -2.045505 4.547234 1.236773 -0.725128 4.547306 -10.300192 8.498702 7.319678 1.475640 6.568059 -3.014436 -2.225963 -0.647478 -21.833069 0.000000 0.000000 0.000000 84.488289 1.883509 8.998889 50.232761 11.776187 4.772664 0.403014 22.040907 102.225471 85.215775 37.821564 52.981136 11.027800 -1.696256 39.921535 0.000000 -0.000010 -26.472395 -0.000038 0.000013 -18.388382 -0.000003 0.000015 0.000010 16.913721 17.613876 -2.339350 12.465078 -0.324476 -3.026372 12.304131 0.612063 -2.679079 0.000003 -0.000003 0.000005 16.422007 7.319575 -5.240500 12.414907 -0.744202 -1.257561 12.637423 0.215468 -1.026224 -0.000003 -0.000024 0.000019 20.963694 -9.314373 -8.717984 14.113425 1.620863 1.873846 13.921863 -0.286539 1.456130 0.000044 -0.001515 0.000009 27.574354 -25.640970 -13.535443 14.404620 2.792366 5.970884 14.137493 -1.057306 5.003788 0.000492 0.000020 -0.000010 0.000000 0.000000 0.000000 0.000000 0.000000 0.000000 -87.864815 -0.765017 11.603141 -51.855415 -19.663624 9.980257 -3.169328 -25.145199 100.168045 -69.938812 -49.353767 52.396820 -12.364928 2.039381 38.952248 0.000008 0.000001 -30.347837 -0.000057 -0.000050 -21.075245 0.002605 -0.000027 0.001490 -22.027119 16.599104 -4.434789 -12.015080 -0.438510 3.257644 -11.879712 0.549909 2.896813 0.000043 0.000524 -0.000011 -20.211853 6.907273 -6.039802 -11.967268 -0.771841 1.305776 -11.920397 0.174330 1.073415 0.002316 -0.000025 0.000055 -18.189043 -8.852614 -8.917553 -12.116404 1.605259 -1.757562 -11.944382 -0.262069 -1.319955 -0.001106 0.000013 -0.000002 -13.908491 -24.870823 -13.110872 -10.794950 2.991268 -5.017043 -11.107892 -0.767410 -4.054591 0.000065 0.000017 -0.000014 0.000000 0.000000 0.000000 0.000000 0.000000 0.000000 -6.354975 9.129113 -2.856482 -0.348511 -0.702967 27.916794 1.271844 -3.647076 13.151963 -1.144683 0.586540 -20.348042 0.000000 0.000000 0.000000 0.000000 0.000000 0.000000 0.000000 0.000000 0.000000 2.475666 12.580974 18.511469 0.283807 0.858842 15.007576 -3.605537 17.166018 9.222763 0.637805 -1.110163 -18.527205 0.000000 0.000000 0.000000 0.000000 0.000000 0.000000 0.000000 0.000000 0.000000 
-2.470612 85.323349 11.734284 2.824985 -7.605482 -16.639879 -2.500972 0.747407 7.608000 -1.501858 0.243816 3.800098 2.913091 -2.162002 4.716157 1.236474 -0.766356 4.615340 -10.008835 8.195987 7.451897 1.495340 6.399706 -2.933050 -2.151718 -0.669064 -21.828688 0.000000 0.000000 0.000000 84.746994 1.832686 8.883033 49.975159 11.608076 4.334067 0.450232 21.858105 100.752563 85.022636 39.018906 53.594383 10.957454 -1.693258 39.944801 0.000001 -0.000011 -26.345436 -0.000038 0.000014 -18.297880 -0.000002 0.000016 0.000010 16.455946 17.622503 -1.957853 12.187995 -0.346598 -2.959854 12.035128 0.592301 -2.622675 0.000004 -0.000003 0.000004 15.995677 7.322144 -4.866714 12.110483 -0.754153 -1.228863 12.321439 0.208466 -1.004553 -0.000003 -0.000025 0.000018 20.479221 -9.308580 -8.407228 13.722096 1.638215 1.832381 13.531256 -0.275733 1.424809 0.000044 -0.001633 0.000010 27.141832 -25.657715 -13.374345 14.041696 2.844607 5.844160 13.773690 -1.016748 4.897402 0.000530 0.000020 -0.000009 0.000000 0.000000 0.000000 0.000000 0.000000 0.000000 -88.233681 -0.745228 11.675276 -52.206135 -19.238445 10.355848 -3.137717 -24.960703 100.819405 -71.060349 -50.775280 53.943165 -12.133682 2.021379 39.059547 0.000008 0.000002 -29.806284 -0.000057 -0.000050 -20.688658 0.002834 -0.000028 0.001532 -20.739193 16.653889 -4.041660 -11.428212 -0.455768 3.207336 -11.283572 0.532718 2.850618 0.000041 0.000522 -0.000011 -19.010410 6.921845 -5.804418 -11.370979 -0.778278 1.284309 -11.321587 0.169012 1.056840 0.002608 -0.000025 0.000052 -17.034079 -8.854295 -8.833934 -11.477839 1.614989 -1.722725 -11.306437 -0.254072 -1.295820 -0.001173 0.000013 -0.000002 -12.738085 -24.840670 -13.251892 -10.196577 3.019492 -4.907012 -10.521768 -0.741764 -3.973572 0.000208 0.000017 -0.000015 0.000000 0.000000 0.000000 0.000000 0.000000 0.000000 -5.950571 8.788369 -2.388836 -0.340315 -0.683198 27.942745 1.118292 -3.940304 12.787667 -1.116539 0.604980 -20.184252 0.000000 0.000000 0.000000 0.000000 0.000000 0.000000 0.000000 0.000000 0.000000 2.950442 12.234577 18.638710 0.297350 0.894196 15.546893 -3.944259 17.086803 9.097357 0.678927 -1.120722 -18.617111 0.000000 0.000000 0.000000 0.000000 0.000000 0.000000 0.000000 0.000000 0.000000 
-2.939462 85.276245 12.141488 2.650475 -7.144875 -16.762106 -2.383281 0.723811 7.657179 -1.528147 0.251521 3.806606 2.860158 -2.271180 4.879975 1.254992 -0.808799 4.683666 -9.696564 7.856347 7.551578 1.513090 6.192543 -2.866065 -2.066715 -0.689343 -21.811396 0.000000 0.000000 0.000000 84.970345 1.775917 8.731353 49.727367 11.543136 3.830125 0.510164 21.780148 99.157570 84.748940 40.352371 54.032173 10.892701 -1.690617 39.966366 0.000001 -0.000012 -26.230982 -0.000038 0.000014 -18.215851 -0.000001 0.000016 0.000011 16.036674 17.633825 -1.607917 11.928847 -0.369628 -2.888433 11.781963 0.571974 -2.562876 0.000004 -0.000003 0.000003 15.600433 7.324990 -4.514985 11.823039 -0.764443 -1.198046 12.019904 0.201090 -0.981063 -0.000003 -0.000028 0.000018 20.005596 -9.301490 -8.108624 13.332446 1.656186 1.786993 13.141932 -0.264457 1.390500 0.000043 -0.001729 0.000010 26.721977 -25.662930 -13.225229 13.667561 2.898988 5.705401 13.398604 -0.974697 4.780776 0.000586 0.000019 -0.000007 0.000000 0.000000 0.000000 0.000000 0.000000 0.000000 -88.512077 -0.729399 11.743298 -52.522388 -18.793516 10.636389 -3.118833 -24.797886 101.456543 -71.940971 -52.179836 55.231094 -11.893876 2.001234 39.172279 0.000009 0.000002 -29.239195 -0.000056 -0.000050 -20.284779 0.003019 -0.000029 0.001561 -19.397465 16.711996 -3.630315 -10.820488 -0.474068 3.148844 -10.667310 0.514750 2.797805 0.000039 0.000527 -0.000011 -17.760506 6.937810 -5.553209 -10.757881 -0.785227 1.259560 -10.706694 0.163387 1.037722 0.002861 -0.000024 0.000052 -15.838938 -8.858267 -8.744660 -10.827705 1.625827 -1.683839 -10.657623 -0.245527 -1.268612 -0.001261 0.000012 -0.000002 -11.532319 -24.819349 -13.400343 -9.595286 3.050257 -4.785351 -9.931071 -0.714565 -3.883734 0.000365 0.000017 -0.000015 0.000000 0.000000 0.000000 0.000000 0.000000 0.000000 -5.569593 8.404570 -1.937524 -0.332321 -0.662069 27.934927 0.966210 -4.272259 12.453815 -1.088528 0.618454 -20.040117 0.000000 0.000000 0.000000 0.000000 0.000000 0.000000 0.000000 0.000000 0.000000 3.407324 11.861899 18.662483 0.310516 0.926944 16.099190 -4.247060 16.944805 9.020231 0.715109 -1.129302 -18.720703 0.000000 0.000000 0.000000 0.000000 0.000000 0.000000 0.000000 0.000000 0.000000 
-3.394588 85.239273 12.543284 2.480367 -6.615020 -16.836811 -2.278378 0.699417 7.693367 -1.542997 0.255156 3.806179 2.809021 -2.374154 5.041132 1.286128 -0.852022 4.747182 -9.394136 7.501121 7.621365 1.528627 5.960286 -2.812157 -1.975491 -0.709380 -21.783802 0.000000 0.000000 0.000000 85.161743 1.717027 8.552153 49.519089 11.583812 3.282453 0.579400 21.781034 97.517174 84.386948 41.767681 54.315029 10.829700 -1.687559 39.988411 0.000002 -0.000012 -26.119846 -0.000038 0.000015 -18.135704 -0.000000 0.000017 0.000012 15.643662 17.650690 -1.294964 11.685031 -0.392546 -2.814987 11.541856 0.552101 -2.501943 0.000004 -0.000003 0.000002 15.221871 7.329530 -4.192751 11.551204 -0.774668 -1.166340 11.731729 0.193717 -0.956645 -0.000003 -0.000031 0.000017 19.525743 -9.296124 -7.829316 12.944541 1.674130 1.739435 12.754215 -0.253234 1.354515 0.000043 -0.001798 0.000010 26.288626 -25.666351 -13.089346 13.280614 2.953565 5.559542 13.011540 -0.932869 4.658010 0.000654 0.000019 -0.000005 0.000000 0.000000 0.000000 0.000000 0.000000 0.000000 -88.700790 -0.715000 11.796887 -52.781780 -18.397884 10.819787 -3.115561 -24.667446 102.002335 -72.532356 -53.564392 56.225037 -11.652413 1.979291 39.287170 0.000009 0.000003 -28.663929 -0.000053 -0.000051 -19.876160 0.003150 -0.000029 0.001581 -18.037527 16.773628 -3.210629 -10.209916 -0.492678 3.084981 -10.048075 0.496730 2.740899 0.000037 0.000540 -0.000011 -16.498034 6.955480 -5.291426 -10.146225 -0.792417 1.232639 -10.093871 0.157703 1.016925 0.003065 -0.000023 0.000053 -14.641606 -8.865075 -8.648577 -10.187724 1.637443 -1.642517 -10.019256 -0.236743 -1.239425 -0.001356 0.000012 -0.000003 -10.332577 -24.809528 -13.543694 -9.013344 3.082577 -4.657047 -9.356874 -0.686842 -3.788481 0.000526 0.000016 -0.000015 0.000000 0.000000 0.000000 0.000000 0.000000 0.000000 -5.214087 7.991734 -1.512524 -0.324720 -0.640078 27.898174 0.819225 -4.641736 12.154312 -1.062184 0.626796 -19.917583 0.000000 0.000000 0.000000 0.000000 0.000000 0.000000 0.000000 0.000000 0.000000 3.835063 11.471834 18.592522 0.322947 0.955963 16.644367 -4.511646 16.751945 8.991700 0.745875 -1.134632 -18.833986 0.000000 0.000000 0.000000 0.000000 0.000000 0.000000 0.000000 0.000000 0.000000 
-3.835548 85.213661 12.939395 2.320654 -6.035964 -16.866337 -2.187829 0.675469 7.713832 -1.552031 0.256455 3.797734 2.776242 -2.484982 5.194216 1.328972 -0.899659 4.806028 -9.133862 7.156856 7.675450 1.542368 5.725437 -2.767353 -1.884036 -0.728351 -21.757215 0.000000 0.000000 0.000000 85.326485 1.660734 8.348042 49.384678 11.742884 2.706210 0.652158 21.835636 95.997955 83.972702 43.167336 54.501179 10.762627 -1.683925 40.013058 0.000003 -0.000013 -25.997595 -0.000037 0.000016 -18.047031 0.000000 0.000017 0.000012 15.264704 17.670837 -1.023313 11.451677 -0.415433 -2.739488 11.310798 0.532310 -2.439651 0.000004 -0.000003 0.000001 14.851282 7.334894 -3.907820 11.291004 -0.784750 -1.133958 11.453920 0.186337 -0.931474 -0.000004 -0.000035 0.000017 19.038042 -9.291821 -7.578655 12.562930 1.691722 1.690716 12.372984 -0.242137 1.317550 0.000043 -0.001856 0.000011 25.833988 -25.669239 -12.969870 12.887355 3.007350 5.410054 12.619469 -0.891428 4.532140 0.000725 0.000019 -0.000002 0.000000 0.000000 0.000000 0.000000 0.000000 0.000000 -88.805016 -0.701455 11.824800 -52.941071 -18.119101 10.925175 -3.129132 -24.570915 102.362175 -72.832924 -54.903149 56.932697 -11.405670 1.955954 39.404663 0.000009 0.000003 -28.073462 -0.000048 -0.000051 -19.457294 0.003227 -0.000030 0.001596 -16.661245 16.833731 -2.783388 -9.592480 -0.511586 3.016485 -9.422009 0.478486 2.680490 0.000035 0.000553 -0.000010 -15.226967 6.972283 -5.019714 -9.529874 -0.799729 1.203910 -9.477107 0.151932 0.994724 0.003227 -0.000023 0.000055 -13.454723 -8.870823 -8.541575 -9.552640 1.649366 -1.599459 -9.385298 -0.227774 -1.208797 -0.001442 0.000012 -0.000003 -9.158858 -24.799294 -13.671680 -8.444793 3.115420 -4.525089 -8.792350 -0.658700 -3.689632 0.000684 0.000016 -0.000015 0.000000 0.000000 0.000000 0.000000 0.000000 0.000000 -4.879972 7.565491 -1.125598 -0.317497 -0.617715 27.839914 0.674735 -5.030756 11.888958 -1.038041 0.629402 -19.815031 0.000000 0.000000 0.000000 0.000000 0.000000 0.000000 0.000000 0.000000 0.000000 4.230491 11.093322 18.457983 0.334392 0.980601 17.149460 -4.739028 16.531269 9.010560 0.771551 -1.135554 -18.950459 0.000000 0.000000 0.000000 0.000000 0.000000 0.000000 0.000000 0.000000 0.000000 
-4.262520 85.199402 13.330031 2.174064 -5.430882 -16.857954 -2.113645 0.651437 7.721277 -1.559793 0.254793 3.779452 2.773787 -2.621168 5.334558 1.387835 -0.956071 4.857430 -8.933750 6.845994 7.727510 1.555777 5.511467 -2.726993 -1.799145 -0.746038 -21.737196 0.000000 0.000000 0.000000 85.465500 1.610408 8.123276 49.342087 12.004660 2.126175 0.725014 21.918209 94.754272 83.530296 44.492676 54.651516 10.689221 -1.678848 40.042149 0.000003 -0.000014 -25.856741 -0.000037 0.000016 -17.945030 0.000001 0.000017 0.000013 14.885715 17.698910 -0.795185 11.231966 -0.437711 -2.663343 11.092175 0.513102 -2.376776 0.000003 -0.000003 0.000001 14.480137 7.343146 -3.663610 11.047955 -0.794523 -1.101536 11.193032 0.179162 -0.906017 -0.000004 -0.000041 0.000016 18.552334 -9.291587 -7.361371 12.203855 1.708543 1.642187 12.014585 -0.231521 1.280555 0.000043 -0.001905 0.000011 25.373459 -25.679832 -12.869262 12.510413 3.058544 5.261662 12.244509 -0.851845 4.407095 0.000792 0.000019 0.000001 0.000000 0.000000 0.000000 0.000000 0.000000 0.000000 -88.833710 -0.691354 11.831313 -52.984001 -17.982780 10.980445 -3.160845 -24.519882 102.450096 -72.833565 -56.196701 57.340725 -11.156893 1.931473 39.523106 0.000009 0.000003 -27.476147 -0.000043 -0.000052 -19.034271 0.003261 -0.000030 0.001615 -15.285456 16.891829 -2.359833 -8.975604 -0.530377 2.945095 -8.796885 0.460437 2.617893 0.000033 0.000562 -0.000010 -13.965119 6.988044 -4.744739 -8.914727 -0.807068 1.174137 -8.863150 0.146188 0.971664 0.003346 -0.000022 0.000059 -12.300109 -8.875590 -8.420729 -8.929165 1.661270 -1.555827 -8.762689 -0.218904 -1.177580 -0.001513 0.000011 -0.000003 -8.038895 -24.788303 -13.770943 -7.895459 3.147813 -4.393429 -8.243734 -0.631094 -3.589940 0.000832 0.000016 -0.000015 0.000000 0.000000 0.000000 0.000000 0.000000 0.000000 -4.560655 7.137698 -0.776847 -0.310478 -0.595621 27.761957 0.526662 -5.430425 11.655406 -1.016679 0.626737 -19.728844 0.000000 0.000000 0.000000 0.000000 0.000000 0.000000 0.000000 0.000000 0.000000 4.596801 10.744428 18.288345 0.344654 1.000965 17.592733 -4.934030 16.303549 9.072041 0.793444 -1.132393 -19.063772 0.000000 0.000000 0.000000 0.000000 0.000000 0.000000 0.000000 0.000000 0.000000 
-4.676784 85.195488 13.716250 2.041188 -4.822426 -16.822145 -2.054994 0.625685 7.718951 -1.569926 0.248765 3.753731 2.808918 -2.798019 5.457853 1.465476 -1.025657 4.901642 -8.803930 6.588327 7.787992 1.569971 5.339441 -2.687513 -1.727194 -0.762118 -21.728949 0.000000 0.000000 0.000000 85.580132 1.567547 7.882611 49.407280 12.314334 1.563767 0.795253 22.011702 93.917175 83.050926 45.693359 54.771706 10.608137 -1.672383 40.075878 0.000004 -0.000014 -25.693060 -0.000037 0.000017 -17.827106 0.000001 0.000017 0.000014 14.504680 17.731514 -0.619950 11.021311 -0.459636 -2.585930 10.881663 0.494039 -2.312230 0.000003 -0.000003 0.000001 14.111975 7.352919 -3.466894 10.819177 -0.804045 -1.068825 10.947038 0.172077 -0.880056 -0.000005 -0.000048 0.000016 18.088985 -9.293586 -7.182730 11.874543 1.724603 1.593904 11.686108 -0.221252 1.243543 0.000043 -0.001952 0.000012 24.932333 -25.693399 -12.788686 12.163826 3.106831 5.115180 11.899884 -0.813939 4.283663 0.000851 0.000018 0.000003 0.000000 0.000000 0.000000 0.000000 0.000000 0.000000 -88.798988 -0.688909 11.823775 -52.915493 -17.976727 11.009173 -3.211947 -24.527992 102.203636 -72.534546 -57.426815 57.440952 -10.910412 1.906869 39.639545 0.000008 0.000003 -26.883827 -0.000036 -0.000053 -18.615211 0.003269 -0.000030 0.001650 -13.936876 16.943766 -1.957609 -8.367347 -0.549164 2.870163 -8.181193 0.442364 2.552251 0.000031 0.000559 -0.000009 -12.737705 7.001196 -4.478025 -8.307442 -0.814462 1.143112 -8.259176 0.140394 0.947499 0.003424 -0.000021 0.000063 -11.202191 -8.877519 -8.287884 -8.323636 1.673010 -1.511358 -8.157918 -0.210097 -1.145607 -0.001566 0.000011 -0.000003 -7.000632 -24.771660 -13.833196 -7.370896 3.179623 -4.261417 -7.716966 -0.603886 -3.488694 0.000967 0.000015 -0.000015 0.000000 0.000000 0.000000 0.000000 0.000000 0.000000 -4.248751 6.719735 -0.463544 -0.303435 -0.573773 27.670248 0.369778 -5.834103 11.450697 -0.998453 0.619481 -19.656359 0.000000 0.000000 0.000000 0.000000 0.000000 0.000000 0.000000 0.000000 0.000000 4.940517 10.435581 18.109850 0.353673 1.017442 17.964815 -5.103613 16.085245 9.168951 0.813022 -1.125820 -19.169428 0.000000 0.000000 0.000000 0.000000 0.000000 0.000000 0.000000 0.000000 0.000000 
-5.080156 85.200752 14.098748 1.921788 -4.230336 -16.768131 -2.008920 0.596602 7.708636 -1.584980 0.237170 3.725036 2.884855 -3.025041 5.560222 1.562010 -1.111344 4.939936 -8.747817 6.398057 7.865753 1.584135 5.224150 -2.646330 -1.672921 -0.775651 -21.734673 0.000000 0.000000 0.000000 85.671852 1.532650 7.631671 49.572323 12.612074 1.039027 0.860853 22.105511 93.561470 82.528870 46.727982 54.841358 10.520885 -1.664729 40.113590 0.000004 -0.000015 -25.508347 -0.000037 0.000017 -17.694885 0.000001 0.000017 0.000015 14.125939 17.766542 -0.499259 10.820724 -0.481488 -2.506604 10.681060 0.474733 -2.245059 0.000003 -0.000004 0.000000 13.755277 7.363357 -3.318269 10.606143 -0.813421 -1.035557 10.718125 0.164964 -0.853403 -0.000005 -0.000054 0.000016 17.667292 -9.296506 -7.043806 11.582399 1.740058 1.545716 11.394663 -0.211163 1.206402 0.000042 -0.002001 0.000012 24.536268 -25.705795 -12.729300 11.859530 3.152412 4.970402 11.597135 -0.777348 4.161961 0.000896 0.000018 0.000006 0.000000 0.000000 0.000000 0.000000 0.000000 0.000000 -88.715233 -0.696573 11.809969 -52.745358 -18.056185 11.023452 -3.281083 -24.593630 101.589035 -71.971527 -58.575882 57.252499 -10.672198 1.883231 39.750591 0.000008 0.000003 -26.311722 -0.000030 -0.000054 -18.210503 0.003268 -0.000030 0.001709 -12.645422 16.986389 -1.591088 -7.778180 -0.568106 2.791095 -7.585989 0.424038 2.482785 0.000029 0.000542 -0.000008 -11.572306 7.010554 -4.229358 -7.717230 -0.821955 1.110633 -7.674740 0.134468 0.922014 0.003467 -0.000021 0.000067 -10.183290 -8.875246 -8.147722 -7.743097 1.684549 -1.465682 -7.578316 -0.201289 -1.112658 -0.001600 0.000011 -0.000003 -6.064950 -24.745922 -13.857479 -6.876068 3.210890 -4.127916 -7.217364 -0.576888 -3.385039 0.001089 0.000014 -0.000015 0.000000 0.000000 0.000000 0.000000 0.000000 0.000000 -3.938126 6.320771 -0.184218 -0.296151 -0.551942 27.570930 0.200231 -6.230300 11.272724 -0.983299 0.608289 -19.597099 0.000000 0.000000 0.000000 0.000000 0.000000 0.000000 0.000000 0.000000 0.000000 5.268706 10.173947 17.942602 0.361607 1.030922 18.264063 -5.255451 15.887648 9.293902 0.831350 -1.116716 -19.266209 0.000000 0.000000 0.000000 0.000000 0.000000 0.000000 0.000000 0.000000 0.000000 
-5.474451 85.213837 14.475969 1.814174 -3.668588 -16.696444 -1.968977 0.563852 7.685183 -1.605618 0.220051 3.702399 3.006202 -3.306045 5.631716 1.676959 -1.214543 4.974716 -8.768663 6.289714 7.960760 1.595710 5.180977 -2.608780 -1.640959 -0.785250 -21.754612 0.000000 0.000000 0.000000 85.736031 1.507212 7.376099 49.804356 12.890697 0.567186 0.919029 22.195189 93.730850 82.035255 47.562916 54.887089 10.429134 -1.656078 40.154770 0.000005 -0.000016 -25.304495 -0.000036 0.000018 -17.549789 0.000002 0.000017 0.000015 13.752791 17.803976 -0.410960 10.635734 -0.503441 -2.423453 10.496934 0.454861 -2.173426 0.000003 -0.000004 0.000001 13.416929 7.374545 -3.202677 10.413112 -0.822736 -1.001163 10.511553 0.157749 -0.825718 -0.000006 -0.000061 0.000015 17.302402 -9.300070 -6.935117 11.335754 1.754954 1.497261 11.148849 -0.201211 1.168826 0.000042 -0.002062 0.000012 24.212219 -25.713968 -12.689734 11.609277 3.195076 4.827073 11.348694 -0.742172 4.042002 0.000927 0.000018 0.000009 0.000000 0.000000 0.000000 0.000000 0.000000 0.000000 -88.594231 -0.713700 11.795019 -52.457233 -18.180368 11.019142 -3.363177 -24.693499 100.581795 -71.292702 -59.606148 56.871803 -10.446492 1.861714 39.853710 0.000007 0.000002 -25.770067 -0.000022 -0.000055 -17.826447 0.003272 -0.000030 0.001790 -11.442112 17.015285 -1.272852 -7.217319 -0.587482 2.705740 -7.022248 0.405072 2.407334 0.000028 0.000501 -0.000008 -10.494459 7.014181 -4.008614 -7.151499 -0.829570 1.076054 -7.117602 0.128290 0.894639 0.003483 -0.000020 0.000072 -9.259563 -8.866589 -8.009364 -7.189219 1.695741 -1.417991 -7.025403 -0.192411 -1.078215 -0.001612 0.000011 -0.000003 -5.239924 -24.704241 -13.851466 -6.405415 3.241180 -3.990968 -6.739974 -0.549960 -3.277550 0.001200 0.000014 -0.000014 0.000000 0.000000 0.000000 0.000000 0.000000 0.000000 -3.621345 5.949817 0.049197 -0.288453 -0.530094 27.472681 0.010136 -6.594224 11.120102 -0.969901 0.592775 -19.551371 0.000000 0.000000 0.000000 0.000000 0.000000 0.000000 0.000000 0.000000 0.000000 5.587159 9.979034 17.802879 0.368741 1.042612 18.481127 -5.395371 15.721744 9.439779 0.848838 -1.105840 -19.354855 0.000000 0.000000 0.000000 0.000000 0.000000 0.000000 0.000000 0.000000 0.000000 
-5.861927 85.231499 14.848171 1.712453 -3.151711 -16.610050 -1.933895 0.525517 7.653698 -1.629927 0.195292 3.684772 3.161309 -3.632611 5.675727 1.806982 -1.331480 5.001857 -8.858439 6.264244 8.057572 1.602856 5.210946 -2.581710 -1.634260 -0.791489 -21.784966 0.000000 0.000000 0.000000 85.774986 1.485755 7.115407 50.082397 13.102126 0.137301 0.970238 22.272163 94.383690 81.590271 48.222595 54.953026 10.335261 -1.646276 40.198757 0.000005 -0.000016 -25.086016 -0.000036 0.000018 -17.395523 0.000001 0.000017 0.000016 13.381164 17.844379 -0.348133 10.465616 -0.525663 -2.336406 10.328071 0.434360 -2.096950 0.000003 -0.000004 0.000001 13.090528 7.387011 -3.113827 10.239068 -0.832150 -0.965434 10.325855 0.150365 -0.796745 -0.000006 -0.000067 0.000015 16.986845 -9.305221 -6.855511 11.130462 1.769588 1.448067 10.944590 -0.191226 1.130491 0.000041 -0.002121 0.000012 23.960896 -25.719990 -12.674958 11.412764 3.235622 4.684457 11.154121 -0.708099 3.922810 0.000941 0.000017 0.000012 0.000000 0.000000 0.000000 0.000000 0.000000 0.000000 -88.448387 -0.741071 11.784605 -52.124672 -18.295137 10.964948 -3.459140 -24.834955 99.220863 -70.558990 -60.544056 56.339233 -10.239974 1.842389 39.946712 0.000007 0.000002 -25.274521 -0.000014 -0.000056 -17.474920 0.003292 -0.000030 0.001895 -10.340170 17.034786 -1.012822 -6.696178 -0.607450 2.613425 -6.500291 0.385462 2.325318 0.000026 0.000446 -0.000007 -9.516333 7.014549 -3.822091 -6.622774 -0.837508 1.039050 -6.599732 0.121815 0.865034 0.003469 -0.000019 0.000078 -8.433367 -8.855413 -7.876752 -6.674325 1.707190 -1.367625 -6.512126 -0.183324 -1.041756 -0.001606 0.000011 -0.000003 -4.525964 -24.658607 -13.816520 -5.973972 3.271876 -3.848019 -6.300949 -0.522838 -3.164468 0.001302 0.000013 -0.000014 0.000000 0.000000 0.000000 0.000000 0.000000 0.000000 -3.293978 5.606252 0.248109 -0.280311 -0.508326 27.373312 -0.197447 -6.929580 10.988168 -0.957884 0.575171 -19.518749 0.000000 0.000000 0.000000 0.000000 0.000000 0.000000 0.000000 0.000000 0.000000 5.902658 9.835874 17.682503 0.375280 1.053060 18.641146 -5.529624 15.582111 9.594268 0.865893 -1.094063 -19.438431 0.000000 0.000000 0.000000 0.000000 0.000000 0.000000 0.000000 0.000000 0.000000 
-6.245305 85.252869 15.216757 1.612837 -2.689942 -16.514820 -1.902939 0.481294 7.618659 -1.656982 0.162997 3.671571 3.339484 -3.993495 5.699377 1.944983 -1.458031 5.021169 -9.016019 6.314618 8.152023 1.602935 5.300798 -2.564359 -1.652044 -0.794717 -21.826664 0.000000 0.000000 0.000000 85.800270 1.463792 6.847157 50.407280 13.233251 -0.254304 1.014598 22.339233 95.450546 81.219986 48.718929 55.082787 10.240416 -1.635727 40.244591 0.000005 -0.000017 -24.856096 -0.000036 0.000018 -17.234188 0.000001 0.000018 0.000016 13.014905 17.883591 -0.306063 10.305310 -0.548660 -2.245449 10.169657 0.412765 -2.015677 0.000002 -0.000005 0.000001 12.774336 7.399127 -3.045662 10.077953 -0.841814 -0.928244 10.154246 0.142630 -0.766367 -0.000006 -0.000072 0.000014 16.709631 -9.309752 -6.801495 10.954881 1.784309 1.397878 10.770128 -0.180878 1.091274 0.000041 -0.002175 0.000013 23.765684 -25.720072 -12.681441 11.257316 3.275470 4.541793 11.000707 -0.673925 3.803684 0.000941 0.000017 0.000014 0.000000 0.000000 0.000000 0.000000 0.000000 0.000000 -88.290924 -0.776900 11.774180 -51.817314 -18.374878 10.842188 -3.569375 -25.016893 97.570267 -69.851883 -61.439419 55.771271 -10.055197 1.825237 40.028690 0.000006 0.000002 -24.832949 -0.000005 -0.000057 -17.161734 0.003332 -0.000030 0.002012 -9.344743 17.048582 -0.806047 -6.222208 -0.627984 2.516174 -6.025776 0.365335 2.238624 0.000025 0.000385 -0.000007 -8.643075 7.013465 -3.667283 -6.139297 -0.845800 1.000249 -6.128547 0.115083 0.833727 0.003432 -0.000019 0.000085 -7.706754 -8.843904 -7.749965 -6.207911 1.719145 -1.315253 -6.048559 -0.173982 -1.003712 -0.001587 0.000011 -0.000003 -3.922841 -24.616476 -13.754894 -5.594735 3.303669 -3.700421 -5.913522 -0.495370 -3.047063 0.001397 0.000012 -0.000014 0.000000 0.000000 0.000000 0.000000 0.000000 0.000000 -2.955799 5.289930 0.425824 -0.271762 -0.486375 27.268787 -0.413787 -7.236957 10.875829 -0.947152 0.556961 -19.500896 0.000000 0.000000 0.000000 0.000000 0.000000 0.000000 0.000000 0.000000 0.000000 6.217683 9.728890 17.577791 0.381401 1.062671 18.766222 -5.661197 15.467337 9.750649 0.882913 -1.081447 -19.520134 0.000000 0.000000 0.000000 0.000000 0.000000 0.000000 0.000000 0.000000 0.000000 
-6.626843 85.276451 15.582030 1.513488 -2.290215 -16.414083 -1.874111 0.433057 7.580172 -1.685025 0.125514 3.666620 3.531916 -4.371764 5.706354 2.081991 -1.588923 5.035334 -9.236941 6.427341 8.247682 1.593861 5.432309 -2.554492 -1.691477 -0.795219 -21.884663 0.000000 0.000000 0.000000 85.818100 1.441828 6.576268 50.786812 13.322920 -0.586857 1.050750 22.403790 96.823082 80.962975 49.076942 55.341400 10.150062 -1.624993 40.289722 0.000005 -0.000017 -24.629747 -0.000036 0.000018 -17.076263 0.000001 0.000018 0.000016 12.673513 17.921276 -0.270115 10.159073 -0.572179 -2.152555 10.026033 0.390435 -1.931592 0.000002 -0.000005 0.000001 12.482509 7.410730 -2.984497 9.932316 -0.851668 -0.890320 9.998632 0.134657 -0.735284 -0.000007 -0.000075 0.000013 16.472855 -9.313136 -6.759885 10.804788 1.799219 1.347500 10.621346 -0.170248 1.051871 0.000040 -0.002223 0.000013 23.616938 -25.714819 -12.693923 11.133860 3.315125 4.400397 10.879949 -0.639518 3.685937 0.000929 0.000017 0.000017 0.000000 0.000000 0.000000 0.000000 0.000000 0.000000 -88.135040 -0.818817 11.754372 -51.585579 -18.439297 10.651854 -3.690516 -25.225899 95.736900 -69.287788 -62.337769 55.345165 -9.894147 1.810027 40.099293 0.000006 0.000001 -24.451612 0.000002 -0.000058 -16.891581 0.003390 -0.000029 0.002132 -8.467216 17.061314 -0.635225 -5.805724 -0.648511 2.419219 -5.607867 0.345414 2.151893 0.000024 0.000326 -0.000007 -7.885065 7.012774 -3.532119 -5.711207 -0.854255 0.961617 -5.713261 0.108355 0.802315 0.003387 -0.000018 0.000091 -7.085447 -8.834018 -7.621177 -5.796965 1.731413 -1.263196 -5.641892 -0.164685 -0.965746 -0.001553 0.000011 -0.000003 -3.430052 -24.583464 -13.663080 -5.272759 3.335938 -3.554141 -5.583312 -0.468321 -2.930233 0.001485 0.000012 -0.000014 0.000000 0.000000 0.000000 0.000000 0.000000 0.000000 -2.607980 5.005731 0.582050 -0.262951 -0.463898 27.165176 -0.631253 -7.506398 10.780274 -0.936812 0.538638 -19.498110 0.000000 0.000000 0.000000 0.000000 0.000000 0.000000 0.000000 0.000000 0.000000 6.531641 9.653342 17.485115 0.387141 1.071422 18.874025 -5.790124 15.380861 9.902894 0.900002 -1.067363 -19.601337 0.000000 0.000000 0.000000 0.000000 0.000000 0.000000 0.000000 0.000000 0.000000 
-7.007807 85.301208 15.943654 1.413389 -1.959046 -16.310867 -1.845317 0.382718 7.540483 -1.712418 0.085358 3.670675 3.727884 -4.747689 5.703842 2.211091 -1.717871 5.044355 -9.510670 6.584957 8.347479 1.575302 5.584509 -2.548503 -1.747511 -0.793361 -21.958195 0.000000 0.000000 0.000000 85.832535 1.421661 6.315506 51.224506 13.412984 -0.829946 1.078623 22.468082 98.340424 80.852051 49.346821 55.786720 10.066342 -1.614731 40.332504 0.000005 -0.000017 -24.414864 -0.000035 0.000018 -16.926874 0.000001 0.000018 0.000017 12.360677 17.955177 -0.230609 10.025742 -0.596149 -2.060595 9.895698 0.367498 -1.847664 0.000002 -0.000006 0.000002 12.216972 7.420818 -2.919863 9.800170 -0.861670 -0.852688 9.856629 0.126481 -0.704450 -0.000007 -0.000078 0.000013 16.270123 -9.314240 -6.717730 10.672630 1.814413 1.297990 10.490836 -0.159301 1.013138 0.000039 -0.002263 0.000014 23.495661 -25.704473 -12.696228 11.030928 3.355404 4.261852 10.780568 -0.604284 3.571073 0.000912 0.000016 0.000019 0.000000 0.000000 0.000000 0.000000 0.000000 0.000000 -87.990463 -0.862913 11.720316 -51.461048 -18.512131 10.405837 -3.818079 -25.446926 93.836067 -68.927834 -63.275517 55.175190 -9.755480 1.796455 40.159431 0.000005 0.000001 -24.128323 0.000008 -0.000059 -16.663147 0.003464 -0.000029 0.002244 -7.703587 17.074917 -0.487364 -5.447862 -0.668542 2.327817 -5.246816 0.326215 2.069992 0.000024 0.000277 -0.000007 -7.238317 7.013288 -3.407417 -5.340560 -0.862657 0.925087 -5.355336 0.101837 0.772428 0.003343 -0.000017 0.000098 -6.567715 -8.826469 -7.484006 -5.443706 1.743799 -1.213706 -5.294343 -0.155600 -0.929467 -0.001500 0.000011 -0.000003 -3.045220 -24.561300 -13.538239 -5.009875 3.368344 -3.414758 -5.312265 -0.442003 -2.818729 0.001568 0.000011 -0.000014 0.000000 0.000000 0.000000 0.000000 0.000000 0.000000 -2.252733 4.756537 0.718428 -0.253994 -0.441051 27.064302 -0.845267 -7.729567 10.699947 -0.925906 0.520920 -19.509989 0.000000 0.000000 0.000000 0.000000 0.000000 0.000000 0.000000 0.000000 0.000000 6.844669 9.603209 17.401848 0.392588 1.079516 18.978477 -5.918149 15.323740 10.047737 0.916945 -1.051834 -19.682869 0.000000 0.000000 0.000000 0.000000 0.000000 0.000000 0.000000 0.000000 0.000000 
-7.387735 85.326454 16.302011 1.314868 -1.700556 -16.210840 -1.813445 0.332521 7.502743 -1.737080 0.045318 3.682635 3.914926 -5.097868 5.700562 2.325861 -1.837945 5.046853 -9.820958 6.770978 8.453463 1.548810 5.739172 -2.542682 -1.813505 -0.789611 -22.042919 0.000000 0.000000 0.000000 85.849518 1.405424 6.083534 51.722805 13.542870 -0.953264 1.099226 22.535028 99.817688 80.881569 49.579578 56.413139 9.988302 -1.605381 40.372715 0.000005 -0.000018 -24.210777 -0.000035 0.000017 -16.785135 0.000001 0.000018 0.000017 12.062694 17.983236 -0.182820 9.896991 -0.620446 -1.972154 9.770247 0.344088 -1.766683 0.000002 -0.000006 0.000002 11.966932 7.428303 -2.845669 9.673238 -0.871719 -0.816344 9.720074 0.118147 -0.674763 -0.000007 -0.000081 0.000012 16.087891 -9.312028 -6.665413 10.547835 1.829840 1.250446 10.368020 -0.148051 0.975930 0.000039 -0.002291 0.000015 23.380413 -25.689171 -12.677057 10.935872 3.396744 4.128328 10.689959 -0.567912 3.460949 0.000893 0.000016 0.000020 0.000000 0.000000 0.000000 0.000000 0.000000 0.000000 -87.870644 -0.904308 11.669234 -51.449291 -18.617466 10.120720 -3.945559 -25.660418 91.990379 -68.780525 -64.241173 55.304153 -9.636175 1.784280 40.210777 0.000004 0.000001 -23.855614 0.000013 -0.000060 -16.471148 0.003548 -0.000029 0.002337 -7.044766 17.089682 -0.358430 -5.142816 -0.687522 2.246717 -4.936660 0.308232 1.997336 0.000024 0.000245 -0.000007 -6.692141 7.014934 -3.292132 -5.022795 -0.870708 0.892408 -5.049629 0.095722 0.745555 0.003306 -0.000016 0.000104 -6.145174 -8.820843 -7.342709 -5.144489 1.755935 -1.168828 -5.001852 -0.146899 -0.896360 -0.001431 0.000011 -0.000003 -2.756921 -24.547625 -13.390253 -4.800416 3.400201 -3.287393 -5.094584 -0.416765 -2.716919 0.001649 0.000011 -0.000014 0.000000 0.000000 0.000000 0.000000 0.000000 0.000000 -1.894700 4.546145 0.839455 -0.244987 -0.418197 26.968489 -1.054086 -7.898654 10.633153 -0.913576 0.504173 -19.534903 0.000000 0.000000 0.000000 0.000000 0.000000 0.000000 0.000000 0.000000 0.000000 7.152480 9.573134 17.330849 0.397891 1.087378 19.088720 -6.047503 15.300495 10.184208 0.933264 -1.035519 -19.764963 0.000000 0.000000 0.000000 0.000000 0.000000 0.000000 0.000000 0.000000 0.000000 
-7.764532 85.350891 16.658096 1.222915 -1.514625 -16.121389 -1.774084 0.285018 7.469931 -1.755321 0.008062 3.701275 4.080762 -5.398122 5.703505 2.420573 -1.942358 5.041014 -10.150467 6.972621 8.567348 1.516740 5.884601 -2.534581 -1.882790 -0.784347 -22.135008 0.000000 0.000000 0.000000 85.875992 1.394865 5.897108 52.280251 13.753402 -0.936916 1.114590 22.614157 101.098419 80.999947 49.815765 57.151638 9.913847 -1.596979 40.411026 0.000005 -0.000018 -24.012903 -0.000034 0.000017 -16.647509 0.000001 0.000018 0.000017 11.756666 18.005512 -0.124517 9.762979 -0.644679 -1.889283 9.639826 0.320572 -1.690928 0.000002 -0.000006 0.000003 11.714714 7.432964 -2.759794 9.542108 -0.881626 -0.782194 9.580088 0.109781 -0.647027 -0.000007 -0.000084 0.000011 15.910363 -9.306725 -6.598894 10.421815 1.845230 1.205989 10.244432 -0.136692 0.941117 0.000038 -0.002310 0.000016 23.254597 -25.670835 -12.633876 10.839557 3.438720 4.002759 10.598996 -0.530892 3.357908 0.000882 0.000016 0.000022 0.000000 0.000000 0.000000 0.000000 0.000000 0.000000 -87.791855 -0.939006 11.597645 -51.538006 -18.789024 9.822466 -4.064929 -25.848564 90.336685 -68.820274 -65.179184 55.719852 -9.532567 1.773285 40.255360 0.000003 0.000001 -23.623295 0.000015 -0.000061 -16.308090 0.003638 -0.000028 0.002403 -6.478747 17.105083 -0.251301 -4.879267 -0.704876 2.179271 -4.666619 0.291945 1.936942 0.000024 0.000230 -0.000008 -6.231061 7.017179 -3.191962 -4.747861 -0.878090 0.864864 -4.785602 0.090192 0.722789 0.003279 -0.000015 0.000109 -5.801602 -8.816379 -7.211052 -4.889749 1.767311 -1.130173 -4.753819 -0.138819 -0.867641 -0.001351 0.000011 -0.000003 -2.540607 -24.538412 -13.240619 -4.630687 3.430333 -3.176306 -4.916462 -0.393199 -2.628338 0.001730 0.000010 -0.000014 0.000000 0.000000 0.000000 0.000000 0.000000 0.000000 -1.540446 4.376028 0.951255 -0.236054 -0.396008 26.882849 -1.259966 -8.008696 10.574677 -0.898976 0.488267 -19.568859 0.000000 0.000000 0.000000 0.000000 0.000000 0.000000 0.000000 0.000000 0.000000 7.446841 9.560567 17.279255 0.403192 1.095493 19.208778 -6.179004 15.318337 10.312634 0.948407 -1.019205 -19.847095 0.000000 0.000000 0.000000 0.000000 0.000000 0.000000 0.000000 0.000000 0.000000 
-8.135068 85.373352 17.013384 1.143331 -1.394814 -16.049528 -1.723569 0.242006 7.445108 -1.762878 -0.024613 3.724674 4.212580 -5.627322 5.718327 2.489123 -2.024308 5.025590 -10.477276 7.171911 8.688921 1.481515 6.008749 -2.522870 -1.947934 -0.777751 -22.230835 0.000000 0.000000 0.000000 85.914238 1.389873 5.765880 52.885948 14.054632 -0.786267 1.128698 22.720350 102.085663 81.112099 50.093689 57.897987 9.843640 -1.589395 40.447159 0.000006 -0.000017 -23.823450 -0.000034 0.000017 -16.515522 0.000000 0.000019 0.000017 11.430257 18.023903 -0.058203 9.619555 -0.668210 -1.813843 9.499825 0.297599 -1.622235 0.000002 -0.000006 0.000004 11.449837 7.435565 -2.664712 9.402828 -0.891175 -0.751007 9.433064 0.101604 -0.621851 -0.000006 -0.000086 0.000010 15.726651 -9.299836 -6.519280 10.290350 1.860293 1.165386 10.116095 -0.125499 0.909343 0.000038 -0.002327 0.000017 23.110256 -25.653296 -12.570884 10.737553 3.480600 3.887066 10.502705 -0.494133 3.263345 0.000880 0.000016 0.000023 0.000000 0.000000 0.000000 0.000000 0.000000 0.000000 -87.766174 -0.964450 11.503514 -51.724678 -19.041714 9.539018 -4.167244 -26.004269 89.029175 -68.952217 -66.033592 56.327454 -9.443753 1.763304 40.294220 0.000002 0.000001 -23.427114 0.000015 -0.000061 -16.171034 0.003732 -0.000028 0.002447 -5.996499 17.121717 -0.171620 -4.648761 -0.720243 2.126678 -4.428413 0.277660 1.889811 0.000024 0.000228 -0.000008 -5.841642 7.020188 -3.112939 -4.507971 -0.884649 0.842923 -4.555057 0.085349 0.704530 0.003260 -0.000015 0.000112 -5.517722 -8.813364 -7.101052 -4.670710 1.777683 -1.098321 -4.540361 -0.131525 -0.843822 -0.001260 0.000011 -0.000003 -2.368208 -24.532871 -13.107352 -4.488147 3.458084 -3.082978 -4.766024 -0.371754 -2.554163 0.001814 0.000010 -0.000015 0.000000 0.000000 0.000000 0.000000 0.000000 0.000000 -1.199769 4.243518 1.065743 -0.227390 -0.375368 26.806776 -1.464236 -8.062298 10.519137 -0.881958 0.473354 -19.606365 0.000000 0.000000 0.000000 0.000000 0.000000 0.000000 0.000000 0.000000 0.000000 7.718961 9.557745 17.249834 0.408542 1.104018 19.344698 -6.311640 15.379129 10.433369 0.961801 -1.003651 -19.929085 0.000000 0.000000 0.000000 0.000000 0.000000 0.000000 0.000000 0.000000 0.000000 
-8.495768 85.394775 17.370983 1.084043 -1.326857 -16.002380 -1.661843 0.204095 7.430510 -1.757568 -0.051620 3.749440 4.294210 -5.770598 5.750731 2.523716 -2.077932 5.001051 -10.770936 7.338170 8.817088 1.445124 6.091344 -2.504890 -1.999522 -0.770438 -22.326555 0.000000 0.000000 0.000000 85.964127 1.387036 5.692713 53.514927 14.407324 -0.530470 1.146911 22.865002 102.719597 81.058540 50.452869 58.504734 9.781306 -1.582872 40.479210 0.000006 -0.000017 -23.652885 -0.000033 0.000017 -16.396870 0.000000 0.000019 0.000017 11.095451 18.038078 0.008116 9.463904 -0.690362 -1.747374 9.346997 0.275926 -1.561839 0.000001 -0.000006 0.000004 11.180254 7.436250 -2.565855 9.253183 -0.900166 -0.723254 9.276411 0.093863 -0.599487 -0.000006 -0.000089 0.000010 15.534743 -9.292222 -6.428776 10.147941 1.874870 1.128554 9.977714 -0.114636 0.880699 0.000037 -0.002343 0.000018 22.943069 -25.638540 -12.490862 10.623566 3.522020 3.779881 10.393452 -0.458203 3.175939 0.000883 0.000015 0.000024 0.000000 0.000000 0.000000 0.000000 0.000000 0.000000 -87.806549 -0.978483 11.387818 -52.024910 -19.346163 9.287276 -4.243055 -26.128395 88.220566 -69.012779 -66.799736 56.968807 -9.372755 1.754451 40.326469 0.000000 0.000001 -23.272419 0.000013 -0.000062 -16.064102 0.003831 -0.000027 0.002482 -5.605810 17.140736 -0.120543 -4.452322 -0.733558 2.088003 -4.222389 0.265410 1.855051 0.000024 0.000231 -0.000008 -5.527800 7.024627 -3.054363 -4.304434 -0.890422 0.826204 -4.358380 0.081184 0.690462 0.003238 -0.000014 0.000114 -5.287097 -8.812615 -7.013455 -4.486447 1.787179 -1.072447 -4.359491 -0.125011 -0.824430 -0.001160 0.000011 -0.000003 -2.227937 -24.532740 -12.992342 -4.369766 3.483822 -3.004512 -4.641104 -0.352288 -2.492080 0.001898 0.000009 -0.000015 0.000000 0.000000 0.000000 0.000000 0.000000 0.000000 -0.889123 4.144940 1.203957 -0.219286 -0.356824 26.728642 -1.661799 -8.073678 10.466723 -0.863817 0.459922 -19.641598 0.000000 0.000000 0.000000 0.000000 0.000000 0.000000 0.000000 0.000000 0.000000 7.957388 9.545652 17.241108 0.413904 1.112940 19.503729 -6.440641 15.474993 10.550102 0.973189 -0.989831 -20.012281 0.000000 0.000000 0.000000 0.000000 0.000000 0.000000 0.000000 0.000000 0.000000 
-8.843852 85.417023 17.733635 1.051563 -1.289431 -15.985978 -1.589253 0.172504 7.425995 -1.739367 -0.070925 3.773887 4.317129 -5.822361 5.801059 2.519502 -2.101585 4.972261 -11.009749 7.450830 8.961871 1.408533 6.119950 -2.471510 -2.031945 -0.763580 -22.422054 0.000000 0.000000 0.000000 86.030457 1.384173 5.673161 54.130123 14.807205 -0.200356 1.171049 23.046318 102.957863 80.725304 50.888004 58.837399 9.729194 -1.577866 40.505566 0.000006 -0.000017 -23.509203 -0.000032 0.000018 -16.297249 0.000000 0.000019 0.000017 10.771203 18.045914 0.066047 9.292301 -0.710668 -1.689963 9.178456 0.256129 -1.509891 0.000001 -0.000006 0.000004 10.921500 7.434411 -2.471852 9.089867 -0.908446 -0.699046 9.106746 0.086771 -0.579980 -0.000005 -0.000091 0.000009 15.339327 -9.283774 -6.333745 9.990057 1.888766 1.095190 9.824689 -0.104315 0.855149 0.000037 -0.002362 0.000019 22.755346 -25.626671 -12.401343 10.491835 3.562364 3.679988 10.264812 -0.423710 3.094715 0.000888 0.000015 0.000025 0.000000 0.000000 0.000000 0.000000 0.000000 0.000000 -87.923531 -0.980069 11.254389 -52.443916 -19.682154 9.090907 -4.284474 -26.207588 87.993828 -68.940361 -67.488167 57.578110 -9.323439 1.747341 40.350296 -0.000001 0.000001 -23.167480 0.000010 -0.000063 -15.992504 0.003923 -0.000027 0.002522 -5.334327 17.161919 -0.091463 -4.296978 -0.744666 2.062455 -4.055535 0.255322 1.831881 0.000024 0.000236 -0.000009 -5.314958 7.030276 -3.011528 -4.145172 -0.895345 0.814534 -4.201867 0.077733 0.680435 0.003218 -0.000014 0.000112 -5.126972 -8.813883 -6.946906 -4.343720 1.795673 -1.052266 -4.217006 -0.119398 -0.809376 -0.001050 0.000011 -0.000003 -2.127561 -24.536911 -12.897310 -4.278365 3.507192 -2.940191 -4.544131 -0.335076 -2.441375 0.001977 0.000009 -0.000015 0.000000 0.000000 0.000000 0.000000 0.000000 0.000000 -0.623378 4.069057 1.383915 -0.211937 -0.340359 26.637569 -1.846996 -8.062867 10.418578 -0.846188 0.447591 -19.667027 0.000000 0.000000 0.000000 0.000000 0.000000 0.000000 0.000000 0.000000 0.000000 8.150209 9.508430 17.249947 0.419315 1.122134 19.688570 -6.558338 15.599220 10.670077 0.982329 -0.978059 -20.097572 0.000000 0.000000 0.000000 0.000000 0.000000 0.000000 0.000000 0.000000 0.000000 
-9.177933 85.440117 18.100866 1.046672 -1.256215 -16.001270 -1.506779 0.148467 7.430865 -1.710308 -0.080748 3.799713 4.283207 -5.786576 5.865323 2.476935 -2.096794 4.944504 -11.180820 7.497092 9.133807 1.371953 6.088727 -2.414635 -2.043224 -0.758199 -22.516727 0.000000 0.000000 0.000000 86.117218 1.380103 5.695547 54.680237 15.258764 0.160519 1.200523 23.254824 102.793045 80.097839 51.363510 58.836250 9.687075 -1.574451 40.526031 0.000006 -0.000016 -23.394730 -0.000032 0.000018 -16.218393 0.000000 0.000020 0.000017 10.463391 18.046480 0.114865 9.102640 -0.728892 -1.640451 8.992765 0.238552 -1.465459 0.000001 -0.000005 0.000005 10.676123 7.430048 -2.388199 8.910277 -0.915958 -0.678052 8.921839 0.080457 -0.563044 -0.000005 -0.000094 0.000008 15.136163 -9.275008 -6.243095 9.812695 1.901835 1.064572 9.653103 -0.094744 0.832281 0.000037 -0.002383 0.000019 22.547472 -25.619101 -12.318132 10.337539 3.601014 3.585545 10.111955 -0.391271 3.018258 0.000892 0.000015 0.000026 0.000000 0.000000 0.000000 0.000000 0.000000 0.000000 -88.114967 -0.970586 11.112614 -52.960419 -20.026152 8.978186 -4.289073 -26.234344 88.330116 -68.752792 -68.105873 58.133793 -9.295565 1.742175 40.365723 -0.000002 0.000001 -23.111143 0.000006 -0.000063 -15.954732 0.003999 -0.000027 0.002570 -5.187576 17.184458 -0.066818 -4.184077 -0.753581 2.047925 -3.929804 0.247381 1.818324 0.000025 0.000244 -0.000009 -5.208875 7.036774 -2.972299 -4.031983 -0.899429 0.807296 -4.086277 0.074991 0.673919 0.003213 -0.000013 0.000108 -5.037170 -8.816864 -6.894370 -4.242235 1.803134 -1.037161 -4.112909 -0.114753 -0.798253 -0.000934 0.000010 -0.000003 -2.060126 -24.544682 -12.821436 -4.211200 3.527829 -2.889072 -4.472184 -0.320440 -2.401006 0.002049 0.000009 -0.000015 0.000000 0.000000 0.000000 0.000000 0.000000 0.000000 -0.411450 3.996737 1.610949 -0.205547 -0.325765 26.533823 -2.015065 -8.055862 10.371387 -0.830246 0.435839 -19.676237 0.000000 0.000000 0.000000 0.000000 0.000000 0.000000 0.000000 0.000000 0.000000 8.292194 9.436111 17.260849 0.424757 1.130918 19.908756 -6.655671 15.740392 10.797449 0.988624 -0.967649 -20.185755 0.000000 0.000000 0.000000 0.000000 0.000000 0.000000 0.000000 0.000000 0.000000 
-9.498233 85.463959 18.470221 1.064911 -1.199634 -16.045370 -1.418229 0.131462 7.445650 -1.675334 -0.081120 3.827233 4.199347 -5.678586 5.940339 2.402627 -2.068708 4.918561 -11.278116 7.469321 9.334262 1.335874 5.996671 -2.331811 -2.034508 -0.756552 -22.605577 0.000000 0.000000 0.000000 86.227043 1.373662 5.742561 55.100197 15.748233 0.503834 1.233360 23.472351 102.235374 79.199051 51.837238 58.487202 9.650120 -1.572198 40.542728 0.000006 -0.000016 -23.299812 -0.000031 0.000018 -16.153591 0.000000 0.000020 0.000017 10.153838 18.039888 0.160917 8.888327 -0.745120 -1.596831 8.783745 0.223209 -1.426708 0.000000 -0.000005 0.000005 10.423084 7.423767 -2.315300 8.707663 -0.922752 -0.659539 8.715549 0.074926 -0.548047 -0.000004 -0.000098 0.000008 14.901264 -9.267332 -6.164936 9.608623 1.914009 1.035563 9.455796 -0.085983 0.811284 0.000037 -0.002394 0.000020 22.304430 -25.619780 -12.260301 10.154956 3.637645 3.493773 9.929355 -0.361213 2.944237 0.000893 0.000014 0.000027 0.000000 0.000000 0.000000 0.000000 0.000000 0.000000 -88.368523 -0.953137 10.976860 -53.527588 -20.342287 8.953742 -4.263079 -26.215736 89.125534 -68.517708 -68.673683 58.639683 -9.286137 1.738595 40.374233 -0.000002 0.000001 -23.095398 0.000001 -0.000063 -15.945117 0.004049 -0.000027 0.002629 -5.144452 17.208637 -0.024392 -4.108835 -0.760525 2.041237 -3.841207 0.241397 1.811542 0.000024 0.000265 -0.000009 -5.192099 7.044402 -2.921624 -3.960804 -0.902795 0.803410 -4.007411 0.072874 0.670012 0.003230 -0.000013 0.000100 -4.998633 -8.821956 -6.848513 -4.176976 1.809756 -1.026002 -4.043391 -0.110992 -0.790215 -0.000815 0.000010 -0.000003 -2.006798 -24.557570 -12.766800 -4.165519 3.545985 -2.848710 -4.422568 -0.308373 -2.368820 0.002110 0.000008 -0.000015 0.000000 0.000000 0.000000 0.000000 0.000000 0.000000 -0.256950 3.904053 1.885419 -0.200173 -0.312506 26.418335 -2.162694 -8.086511 10.324188 -0.817011 0.424156 -19.666538 0.000000 0.000000 0.000000 0.000000 0.000000 0.000000 0.000000 0.000000 0.000000 8.384662 9.320671 17.249296 0.430117 1.138685 20.178642 -6.723195 15.883148 10.935561 0.992091 -0.957658 -20.278454 0.000000 0.000000 0.000000 0.000000 0.000000 0.000000 0.000000 0.000000 0.000000 
-9.806889 85.488541 18.837208 1.097519 -1.093510 -16.110697 -1.327941 0.120163 7.467386 -1.640534 -0.072953 3.856997 4.085789 -5.524932 6.019768 2.307801 -2.026120 4.894914 -11.318313 7.378237 9.557972 1.301259 5.852779 -2.227345 -2.010342 -0.760612 -22.682930 0.000000 0.000000 0.000000 86.356453 1.363745 5.790906 55.341629 16.277868 0.775097 1.267718 23.678303 101.352699 78.144913 52.265240 57.853756 9.610315 -1.570496 40.559261 0.000006 -0.000016 -23.205894 -0.000031 0.000018 -16.089285 0.000000 0.000020 0.000017 9.813784 18.025423 0.206747 8.644977 -0.760122 -1.555749 8.547099 0.209316 -1.390902 -0.000000 -0.000005 0.000005 10.133661 7.415581 -2.255286 8.476681 -0.929025 -0.642334 8.482864 0.069923 -0.534145 -0.000003 -0.000102 0.000008 14.608968 -9.260827 -6.109632 9.373682 1.925390 1.007168 9.228146 -0.077873 0.791306 0.000038 -0.002391 0.000021 22.007366 -25.629539 -12.244471 9.940244 3.672541 3.403201 9.714211 -0.333087 2.871140 0.000893 0.000014 0.000027 0.000000 0.000000 0.000000 0.000000 0.000000 0.000000 -88.650459 -0.931025 10.857703 -54.077503 -20.624331 9.012204 -4.219802 -26.158676 90.228706 -68.362335 -69.185646 59.156853 -9.290439 1.736283 40.377781 -0.000002 0.000001 -23.108242 -0.000004 -0.000063 -15.954671 0.004063 -0.000026 0.002689 -5.179395 17.232641 0.047891 -4.067008 -0.765917 2.039859 -3.787319 0.236941 1.809294 0.000024 0.000301 -0.000009 -5.239200 7.052490 -2.854585 -3.926155 -0.905574 0.801968 -3.961240 0.071259 0.668066 0.003281 -0.000013 0.000090 -4.989461 -8.828195 -6.811532 -4.141931 1.815571 -1.018356 -4.004375 -0.107988 -0.784868 -0.000702 0.000009 -0.000003 -1.946625 -24.572893 -12.744512 -4.136748 3.561518 -2.819642 -4.390964 -0.298800 -2.344885 0.002164 0.000008 -0.000015 0.000000 0.000000 0.000000 0.000000 0.000000 0.000000 -0.152893 3.776811 2.192501 -0.195690 -0.299749 26.297722 -2.290495 -8.170408 10.277375 -0.807015 0.411275 -19.641527 0.000000 0.000000 0.000000 0.000000 0.000000 0.000000 0.000000 0.000000 0.000000 8.435329 9.167708 17.194925 0.435382 1.144967 20.503172 -6.758811 16.018190 11.082885 0.992127 -0.946586 -20.375376 0.000000 0.000000 0.000000 0.000000 0.000000 0.000000 0.000000 0.000000 0.000000 
-10.107430 85.512535 19.195202 1.134847 -0.916349 -16.184652 -1.240705 0.113989 7.490273 -1.607817 -0.058831 3.891302 3.969298 -5.355693 6.093189 2.207577 -1.978591 4.871767 -11.327115 7.243436 9.787503 1.271057 5.674269 -2.116453 -1.974892 -0.769720 -22.746901 0.000000 0.000000 0.000000 86.492973 1.350533 5.818695 55.410202 16.868349 0.929136 1.303074 23.866808 100.292152 77.112625 52.651409 57.078182 9.564196 -1.568393 40.578293 0.000006 -0.000015 -23.103111 -0.000030 0.000019 -16.017427 0.000000 0.000020 0.000017 9.438742 18.007698 0.251532 8.391580 -0.774055 -1.516085 8.300764 0.196606 -1.357272 -0.000001 -0.000004 0.000005 9.803484 7.407202 -2.209123 8.232904 -0.934769 -0.626088 8.238444 0.065379 -0.521195 -0.000003 -0.000106 0.000007 14.259349 -9.256413 -6.082090 9.120425 1.935868 0.979675 8.981688 -0.070517 0.772271 0.000038 -0.002380 0.000021 21.659384 -25.647144 -12.274619 9.700016 3.705339 3.315236 9.475083 -0.307163 2.799798 0.000894 0.000014 0.000027 0.000000 0.000000 0.000000 0.000000 0.000000 0.000000 -88.913277 -0.906467 10.761931 -54.536419 -20.895105 9.156469 -4.169252 -26.072895 91.515747 -68.423485 -69.605965 59.768440 -9.301938 1.734469 40.379269 -0.000002 0.000001 -23.134253 -0.000008 -0.000063 -15.972142 0.004042 -0.000026 0.002737 -5.265016 17.255566 0.144703 -4.060878 -0.770108 2.042535 -3.772735 0.233731 1.810473 0.000023 0.000335 -0.000009 -5.320864 7.060639 -2.779857 -3.927133 -0.907857 0.802504 -3.950469 0.070109 0.667846 0.003364 -0.000013 0.000079 -4.991976 -8.835375 -6.790422 -4.136685 1.820421 -1.014443 -3.997195 -0.105750 -0.782318 -0.000608 0.000008 -0.000003 -1.868427 -24.590351 -12.764569 -4.125766 3.573771 -2.804750 -4.379282 -0.291978 -2.330986 0.002219 0.000008 -0.000015 0.000000 0.000000 0.000000 0.000000 0.000000 0.000000 -0.082555 3.619976 2.501068 -0.192022 -0.287453 26.185101 -2.403758 -8.292977 10.228156 -0.800361 0.396134 -19.608685 0.000000 0.000000 0.000000 0.000000 0.000000 0.000000 0.000000 0.000000 0.000000 8.457066 8.997604 17.089869 0.440458 1.149413 20.871359 -6.769740 16.140558 11.227539 0.987374 -0.933100 -20.471249 0.000000 0.000000 0.000000 0.000000 0.000000 0.000000 0.000000 0.000000 0.000000 
-10.402136 85.536087 19.540104 1.169759 -0.661108 -16.250347 -1.161049 0.110254 7.516378 -1.581329 -0.041965 3.921885 3.852041 -5.189371 6.154153 2.114554 -1.930805 4.839280 -11.298499 7.058643 10.004552 1.248193 5.463526 -2.011569 -1.927767 -0.785754 -22.798548 0.000000 0.000000 0.000000 86.617500 1.338636 5.823304 55.360950 17.522921 0.992186 1.336695 24.045622 99.093040 76.084839 53.033596 56.216064 9.512944 -1.565319 40.599911 0.000006 -0.000015 -22.992559 -0.000030 0.000019 -15.939138 0.000000 0.000020 0.000017 9.056999 17.993340 0.297773 8.143656 -0.786353 -1.479834 8.059991 0.185681 -1.327065 -0.000001 -0.000004 0.000005 9.458335 7.401110 -2.174675 7.992013 -0.939891 -0.611447 7.997261 0.061492 -0.509524 -0.000003 -0.000109 0.000007 13.875471 -9.256533 -6.079594 8.863175 1.945289 0.953748 8.729946 -0.064128 0.754514 0.000038 -0.002330 0.000021 21.280357 -25.675400 -12.347388 9.447527 3.735335 3.231450 9.225763 -0.284380 2.731281 0.000902 0.000014 0.000027 0.000000 0.000000 0.000000 0.000000 0.000000 0.000000 -89.128845 -0.886477 10.699047 -54.903442 -21.133430 9.362677 -4.114735 -25.982346 92.896362 -68.664940 -69.965828 60.418606 -9.315817 1.731473 40.381504 -0.000002 0.000001 -23.162222 -0.000010 -0.000062 -15.991208 0.003991 -0.000026 0.002785 -5.371720 17.286024 0.277035 -4.097302 -0.773468 2.047699 -3.803452 0.231668 1.814059 0.000022 0.000364 -0.000009 -5.422127 7.072265 -2.685920 -3.972474 -0.909894 0.804391 -3.984987 0.069345 0.668864 0.003455 -0.000012 0.000069 -5.009531 -8.848580 -6.768367 -4.174451 1.824843 -1.013348 -4.033751 -0.104204 -0.781947 -0.000527 0.000008 -0.000003 -1.790597 -24.624216 -12.809216 -4.153124 3.584090 -2.800508 -4.406785 -0.287609 -2.324742 0.002274 0.000008 -0.000016 0.000000 0.000000 0.000000 0.000000 0.000000 0.000000 -0.036046 3.432474 2.801906 -0.189022 -0.276280 26.068790 -2.507552 -8.462525 10.182635 -0.797116 0.380177 -19.571323 0.000000 0.000000 0.000000 0.000000 0.000000 0.000000 0.000000 0.000000 0.000000 8.461864 8.803132 16.919510 0.445017 1.152856 21.276493 -6.760041 16.234831 11.366825 0.980560 -0.918198 -20.565069 0.000000 0.000000 0.000000 0.000000 0.000000 0.000000 0.000000 0.000000 0.000000 
-10.691316 85.559021 19.870207 1.199221 -0.333363 -16.295141 -1.089862 0.106906 7.543283 -1.565433 -0.023996 3.944484 3.743867 -5.043695 6.199718 2.032557 -1.888703 4.796672 -11.246434 6.832731 10.196154 1.230713 5.226583 -1.922463 -1.872040 -0.808331 -22.847578 0.000000 0.000000 0.000000 86.727066 1.331053 5.808204 55.256859 18.226267 1.001899 1.367687 24.227686 97.840599 75.040215 53.393993 55.292973 9.460982 -1.562589 40.620712 0.000006 -0.000015 -22.885830 -0.000030 0.000019 -15.862502 0.000000 0.000020 0.000017 8.714441 17.976543 0.318230 7.903204 -0.797173 -1.447231 7.826583 0.176177 -1.300227 -0.000001 -0.000004 0.000004 9.144351 7.394370 -2.169655 7.757557 -0.944382 -0.598482 7.762423 0.058130 -0.499067 -0.000003 -0.000113 0.000007 13.504142 -9.256595 -6.106770 8.609019 1.953588 0.929714 8.479644 -0.058526 0.738260 0.000038 -0.002241 0.000021 20.902702 -25.702709 -12.449623 9.189772 3.762203 3.153180 8.972927 -0.264265 2.666824 0.000914 0.000014 0.000028 0.000000 0.000000 0.000000 0.000000 0.000000 0.000000 -89.285988 -0.875974 10.666471 -55.201294 -21.330614 9.595165 -4.058314 -25.894699 94.306969 -68.948875 -70.260101 60.999256 -9.330684 1.727852 40.383690 -0.000002 0.000001 -23.191635 -0.000010 -0.000062 -16.011345 0.003899 -0.000026 0.002831 -5.510163 17.321836 0.429474 -4.180008 -0.776368 2.053777 -3.882904 0.230193 1.818919 0.000021 0.000378 -0.000009 -5.559954 7.086041 -2.579927 -4.066041 -0.911731 0.806957 -4.068360 0.068773 0.670570 0.003535 -0.000012 0.000059 -5.075626 -8.865694 -6.738457 -4.262878 1.828813 -1.014195 -4.120350 -0.103115 -0.783070 -0.000453 0.000007 -0.000003 -1.762153 -24.669264 -12.857482 -4.229143 3.592958 -2.803223 -4.482190 -0.284729 -2.323562 0.002328 0.000008 -0.000016 0.000000 0.000000 0.000000 0.000000 0.000000 0.000000 -0.003561 3.222784 3.084574 -0.186516 -0.265929 25.945381 -2.600707 -8.680005 10.143793 -0.797174 0.363694 -19.532757 0.000000 0.000000 0.000000 0.000000 0.000000 0.000000 0.000000 0.000000 0.000000 8.457957 8.595500 16.684071 0.449117 1.155443 21.701664 -6.733879 16.298735 11.506054 0.973307 -0.901924 -20.660007 0.000000 0.000000 0.000000 0.000000 0.000000 0.000000 0.000000 0.000000 0.000000 
-10.975009 85.580872 20.183804 1.223073 0.051922 -16.313406 -1.027778 0.103160 7.568666 -1.560990 -0.006857 3.959096 3.655654 -4.932311 6.230807 1.962757 -1.857784 4.745860 -11.195733 6.588417 10.356724 1.215120 4.978686 -1.853859 -1.812879 -0.834371 -22.897961 0.000000 0.000000 0.000000 86.823982 1.329558 5.781478 55.156166 18.966137 1.003470 1.395528 24.415308 96.644127 74.038910 53.713165 54.396442 9.412783 -1.560429 40.639091 0.000006 -0.000015 -22.791058 -0.000030 0.000020 -15.793391 -0.000000 0.000020 0.000017 8.427777 17.959049 0.309739 7.679537 -0.806195 -1.419195 7.610021 0.168256 -1.277354 -0.000002 -0.000004 0.000004 8.879978 7.387247 -2.192607 7.539638 -0.948139 -0.587576 7.543611 0.055341 -0.490119 -0.000003 -0.000116 0.000008 13.167223 -9.255979 -6.156328 8.369617 1.960587 0.908510 8.242723 -0.053799 0.724153 0.000039 -0.002134 0.000021 20.541079 -25.726656 -12.564644 8.936909 3.785081 3.083094 8.726684 -0.247190 2.609015 0.000926 0.000014 0.000027 0.000000 0.000000 0.000000 0.000000 0.000000 0.000000 -89.384193 -0.875884 10.660766 -55.446278 -21.490213 9.842790 -3.999939 -25.802280 95.689880 -69.253242 -70.489067 61.515339 -9.347324 1.724183 40.384689 -0.000001 0.000001 -23.225641 -0.000009 -0.000062 -16.034578 0.003774 -0.000026 0.002866 -5.684419 17.360729 0.589120 -4.307670 -0.778734 2.061229 -4.009943 0.229214 1.825406 0.000020 0.000364 -0.000009 -5.741161 7.100715 -2.469804 -4.205428 -0.913277 0.810337 -4.198804 0.068371 0.673056 0.003592 -0.000011 0.000050 -5.208674 -8.884953 -6.700716 -4.402493 1.832069 -1.017164 -4.257221 -0.102476 -0.785770 -0.000391 0.000007 -0.000003 -1.812180 -24.720692 -12.899502 -4.355198 3.599910 -2.813133 -4.606050 -0.283240 -2.327752 0.002381 0.000008 -0.000016 0.000000 0.000000 0.000000 0.000000 0.000000 0.000000 0.024651 3.002302 3.335076 -0.184333 -0.256201 25.817440 -2.685022 -8.928834 10.112061 -0.799882 0.346933 -19.497381 0.000000 0.000000 0.000000 0.000000 0.000000 0.000000 0.000000 0.000000 0.000000 8.453358 8.394497 16.397316 0.452995 1.157457 22.125305 -6.699114 16.338018 11.650567 0.966067 -0.884259 -20.758560 0.000000 0.000000 0.000000 0.000000 0.000000 0.000000 0.000000 0.000000 0.000000 
-11.253027 85.600403 20.480516 1.242597 0.474267 -16.306908 -0.975185 0.098361 7.592785 -1.566652 0.007908 3.968708 3.588151 -4.859323 6.248969 1.905066 -1.839581 4.688864 -11.160405 6.345145 10.492991 1.198921 4.733842 -1.802633 -1.755143 -0.861414 -22.949194 0.000000 0.000000 0.000000 86.908234 1.334866 5.755772 55.095764 19.714922 1.048463 1.420243 24.604101 95.569016 73.142136 53.980389 53.611980 9.367602 -1.558430 40.655952 0.000005 -0.000014 -22.703308 -0.000030 0.000020 -15.728921 -0.000000 0.000020 0.000018 8.184328 17.942591 0.285902 7.472191 -0.813349 -1.395579 7.410144 0.161890 -1.258030 -0.000002 -0.000003 0.000004 8.654020 7.380394 -2.231911 7.338717 -0.951156 -0.578655 7.341051 0.053118 -0.482590 -0.000003 -0.000120 0.000008 12.860391 -9.255022 -6.218982 8.146852 1.966251 0.890334 8.021717 -0.049920 0.712299 0.000039 -0.002025 0.000021 20.193953 -25.747204 -12.683871 8.693028 3.803617 3.021829 8.490538 -0.233247 2.558617 0.000939 0.000013 0.000027 0.000000 0.000000 0.000000 0.000000 0.000000 0.000000 -89.433228 -0.886775 10.683862 -55.652184 -21.599562 10.110297 -3.940183 -25.702436 96.961334 -69.598709 -70.672333 61.999481 -9.365432 1.720915 40.384045 -0.000000 0.000001 -23.264305 -0.000006 -0.000061 -16.061047 0.003630 -0.000026 0.002889 -5.889663 17.399769 0.749579 -4.471573 -0.780588 2.069561 -4.175373 0.228583 1.832984 0.000018 0.000318 -0.000009 -5.961541 7.115048 -2.359299 -4.380916 -0.914506 0.814290 -4.367204 0.068091 0.676093 0.003624 -0.000010 0.000040 -5.405847 -8.904662 -6.656022 -4.584060 1.834527 -1.021738 -4.435402 -0.102197 -0.789649 -0.000336 0.000006 -0.000004 -1.940968 -24.773563 -12.931052 -4.522055 3.604885 -2.828534 -4.768945 -0.282900 -2.336130 0.002432 0.000007 -0.000016 0.000000 0.000000 0.000000 0.000000 0.000000 0.000000 0.053149 2.777735 3.547383 -0.182364 -0.247013 25.690424 -2.763166 -9.192824 10.084754 -0.804080 0.330630 -19.467688 0.000000 0.000000 0.000000 0.000000 0.000000 0.000000 0.000000 0.000000 0.000000 8.453400 8.207884 16.074463 0.456805 1.159269 22.533873 -6.662456 16.355429 11.800954 0.959602 -0.865838 -20.860416 0.000000 0.000000 0.000000 0.000000 0.000000 0.000000 0.000000 0.000000 0.000000 
-11.524815 85.616875 20.762215 1.260229 0.912496 -16.282410 -0.932170 0.091758 7.616293 -1.581108 0.019883 3.975122 3.537199 -4.824341 6.256741 1.858948 -1.833807 4.627988 -11.153635 6.123285 10.619057 1.180210 4.505813 -1.761208 -1.704865 -0.888589 -22.999802 0.000000 0.000000 0.000000 86.983765 1.345333 5.740701 55.078796 20.434393 1.176877 1.443009 24.783123 94.639816 72.417191 54.180447 53.016052 9.320195 -1.555859 40.674049 0.000005 -0.000014 -22.607635 -0.000030 0.000020 -15.659368 -0.000001 0.000020 0.000018 7.952403 17.927362 0.263708 7.271101 -0.819018 -1.374552 7.217395 0.156699 -1.240529 -0.000003 -0.000003 0.000004 8.436375 7.374041 -2.275125 7.145969 -0.953577 -0.570980 7.145743 0.051321 -0.475858 -0.000003 -0.000123 0.000008 12.561792 -9.253928 -6.287916 7.933448 1.970744 0.874481 7.810141 -0.046707 0.702161 0.000039 -0.001917 0.000021 19.847528 -25.765173 -12.805214 8.456144 3.818159 2.968150 8.261763 -0.222032 2.514679 0.000953 0.000013 0.000027 0.000000 0.000000 0.000000 0.000000 0.000000 0.000000 -89.448082 -0.908396 10.738180 -55.828506 -21.628714 10.400096 -3.883121 -25.595245 98.010002 -70.026108 -70.844780 62.493721 -9.383863 1.718272 40.382076 0.000000 0.000001 -23.304604 -0.000002 -0.000061 -16.088577 0.003482 -0.000025 0.002903 -6.113292 17.436153 0.910559 -4.657492 -0.782022 2.077753 -4.364135 0.228149 1.840655 0.000017 0.000245 -0.000009 -6.207881 7.127903 -2.247090 -4.577289 -0.915448 0.818349 -4.558382 0.067866 0.679278 0.003639 -0.000009 0.000031 -5.649973 -8.923069 -6.602702 -4.790527 1.836241 -1.027030 -4.638695 -0.102148 -0.794070 -0.000281 0.000006 -0.000004 -2.129341 -24.822325 -12.947939 -4.712048 3.608019 -2.846910 -4.953011 -0.283453 -2.346859 0.002477 0.000007 -0.000016 0.000000 0.000000 0.000000 0.000000 0.000000 0.000000 0.081152 2.552895 3.725599 -0.180553 -0.238115 25.568045 -2.836509 -9.460829 10.056795 -0.808916 0.314931 -19.443747 0.000000 0.000000 0.000000 0.000000 0.000000 0.000000 0.000000 0.000000 0.000000 8.459840 8.036576 15.733140 0.460708 1.161241 22.916960 -6.627250 16.352579 11.955960 0.954706 -0.847409 -20.963758 0.000000 0.000000 0.000000 0.000000 0.000000 0.000000 0.000000 0.000000 0.000000 
-11.788650 85.631035 21.032423 1.279914 1.346712 -16.247152 -0.898825 0.082048 7.641195 -1.608058 0.030884 3.977716 3.494319 -4.824736 6.253861 1.824823 -1.838232 4.566779 -11.192120 5.943226 10.756595 1.157682 4.308131 -1.717986 -1.669670 -0.916654 -23.049135 0.000000 0.000000 0.000000 87.058289 1.356281 5.742699 55.080765 21.092001 1.428356 1.466639 24.928328 93.813110 71.957642 54.277496 52.709351 9.261146 -1.551861 40.697502 0.000005 -0.000013 -22.480440 -0.000030 0.000020 -15.568937 -0.000001 0.000019 0.000018 7.687320 17.912529 0.268572 7.058615 -0.824427 -1.351803 7.016126 0.151574 -1.221332 -0.000003 -0.000003 0.000004 8.186038 7.367865 -2.306714 6.945705 -0.955856 -0.562899 6.941358 0.049561 -0.468487 -0.000003 -0.000127 0.000007 12.236164 -9.252371 -6.356414 7.714666 1.974682 0.858949 7.594151 -0.043605 0.692337 0.000038 -0.001792 0.000021 19.476048 -25.782009 -12.929935 8.219789 3.830610 2.918312 8.033386 -0.211996 2.474289 0.000969 0.000013 0.000026 0.000000 0.000000 0.000000 0.000000 0.000000 0.000000 -89.446915 -0.940435 10.827085 -55.983265 -21.523323 10.698889 -3.836006 -25.479206 98.686623 -70.600441 -71.039207 63.045956 -9.399889 1.715954 40.380497 0.000001 0.000001 -23.337576 0.000002 -0.000061 -16.110674 0.003340 -0.000024 0.002928 -6.328444 17.469160 1.086974 -4.847045 -0.783325 2.084211 -4.556582 0.227679 1.847291 0.000016 0.000162 -0.000010 -6.456438 7.138777 -2.119958 -4.776069 -0.916232 0.821844 -4.751701 0.067563 0.682017 0.003651 -0.000008 0.000021 -5.913734 -8.938948 -6.530148 -4.999927 1.837587 -1.031756 -4.846045 -0.102072 -0.798242 -0.000212 0.000006 -0.000004 -2.345276 -24.862186 -12.941474 -4.902996 3.610059 -2.864672 -5.134512 -0.284357 -2.357404 0.002509 0.000007 -0.000016 0.000000 0.000000 0.000000 0.000000 0.000000 0.000000 0.102656 2.327744 3.885966 -0.179003 -0.229433 25.449959 -2.904307 -9.735671 10.021084 -0.813911 0.299507 -19.422997 0.000000 0.000000 0.000000 0.000000 0.000000 0.000000 0.000000 0.000000 0.000000 8.471706 7.870656 15.391835 0.465038 1.164058 23.262972 -6.592297 16.328062 12.118545 0.952673 -0.829732 -21.066851 0.000000 0.000000 0.000000 0.000000 0.000000 0.000000 0.000000 0.000000 0.000000 
-12.042006 85.642082 21.293411 1.303652 1.758406 -16.203857 -0.873334 0.070333 7.661585 -1.642906 0.041055 3.980556 3.461507 -4.852334 6.240886 1.802775 -1.849107 4.511731 -11.279202 5.815156 10.907173 1.131577 4.150371 -1.674176 -1.651213 -0.943741 -23.100729 0.000000 0.000000 0.000000 87.135986 1.365871 5.761295 55.092346 21.650381 1.775544 1.493223 25.040823 93.128929 71.831139 54.292229 52.743206 9.195010 -1.546155 40.725220 0.000004 -0.000012 -22.331150 -0.000030 0.000021 -15.465514 -0.000002 0.000019 0.000018 7.384673 17.903296 0.314495 6.838804 -0.829405 -1.325777 6.810261 0.146765 -1.198919 -0.000003 -0.000003 0.000004 7.898999 7.364017 -2.313664 6.741543 -0.958081 -0.553630 6.731680 0.047852 -0.459815 -0.000003 -0.000130 0.000007 11.883787 -9.252524 -6.416341 7.492990 1.978210 0.842627 7.376813 -0.040624 0.681962 0.000038 -0.001656 0.000021 19.090498 -25.801731 -13.054230 7.990038 3.840831 2.869456 7.811193 -0.203484 2.435280 0.000986 0.000013 0.000025 0.000000 0.000000 0.000000 0.000000 0.000000 0.000000 -89.441666 -0.979148 10.941025 -56.087120 -21.277193 10.987667 -3.804291 -25.375181 98.904160 -71.286003 -71.236038 63.600410 -9.416405 1.714265 40.378277 0.000001 0.000000 -23.369625 0.000006 -0.000061 -16.131460 0.003207 -0.000024 0.002958 -6.534018 17.498987 1.260855 -5.039132 -0.784429 2.087717 -4.751548 0.227236 1.851601 0.000015 0.000072 -0.000010 -6.698059 7.147799 -1.991013 -4.973417 -0.916868 0.824245 -4.942770 0.067158 0.683710 0.003674 -0.000008 0.000011 -6.178391 -8.951764 -6.443049 -5.201093 1.838519 -1.034924 -5.047280 -0.101975 -0.801443 -0.000129 0.000006 -0.000004 -2.571794 -24.892206 -12.904993 -5.081862 3.610568 -2.879314 -5.301746 -0.285776 -2.365762 0.002528 0.000007 -0.000016 0.000000 0.000000 0.000000 0.000000 0.000000 0.000000 0.119740 2.110842 4.024643 -0.177822 -0.220416 25.347666 -2.967292 -10.016833 9.970463 -0.819147 0.283569 -19.401440 0.000000 0.000000 0.000000 0.000000 0.000000 0.000000 0.000000 0.000000 0.000000 8.486609 7.714301 15.057587 0.469810 1.167132 23.576122 -6.553850 16.286110 12.285100 0.951980 -0.812603 -21.166557 0.000000 0.000000 0.000000 0.000000 0.000000 0.000000 0.000000 0.000000 0.000000 
-12.283890 85.648834 21.547083 1.330746 2.134128 -16.155210 -0.850943 0.059081 7.669054 -1.671318 0.047469 3.978508 3.446951 -4.896020 6.231063 1.790465 -1.864335 4.459002 -11.405808 5.737722 11.053440 1.102257 4.032968 -1.640547 -1.643422 -0.966421 -23.151457 0.000000 0.000000 0.000000 87.216209 1.377253 5.791146 55.122627 22.091434 2.149611 1.520094 25.140326 92.680618 72.053223 54.322170 53.094273 9.130887 -1.539343 40.753391 0.000004 -0.000012 -22.182981 -0.000030 0.000021 -15.365500 -0.000002 0.000019 0.000018 7.068771 17.900080 0.380848 6.623230 -0.833077 -1.298195 6.608250 0.143128 -1.174157 -0.000004 -0.000004 0.000004 7.599874 7.362856 -2.303452 6.543712 -0.959951 -0.543650 6.528488 0.046454 -0.450365 -0.000003 -0.000132 0.000007 11.542376 -9.254477 -6.468249 7.280381 1.980768 0.826340 7.170129 -0.038277 0.671379 0.000037 -0.001539 0.000021 18.739140 -25.819937 -13.171953 7.778932 3.846759 2.822941 7.607508 -0.198178 2.398371 0.001000 0.000013 0.000024 0.000000 0.000000 0.000000 0.000000 0.000000 0.000000 -89.431694 -1.017355 11.061578 -56.096119 -20.923096 11.255977 -3.788247 -25.298012 98.683334 -72.040016 -71.423622 64.112022 -9.435520 1.714052 40.373684 0.000002 -0.000000 -23.408314 0.000009 -0.000061 -16.155504 0.003092 -0.000023 0.002961 -6.742820 17.521599 1.384976 -5.234800 -0.785504 2.086136 -4.951265 0.226508 1.850879 0.000014 -0.000029 -0.000010 -6.932650 7.153651 -1.895532 -5.167652 -0.917386 0.824629 -5.133954 0.066597 0.683557 0.003708 -0.000007 0.000003 -6.440899 -8.959589 -6.361584 -5.390629 1.838719 -1.035475 -5.239713 -0.101870 -0.802672 -0.000047 0.000005 -0.000004 -2.816110 -24.909264 -12.841037 -5.245079 3.608824 -2.889107 -5.454019 -0.287822 -2.370059 0.002540 0.000007 -0.000016 0.000000 0.000000 0.000000 0.000000 0.000000 0.000000 0.138591 1.917780 4.122278 -0.176871 -0.210412 25.277172 -3.030692 -10.284843 9.902143 -0.825430 0.266378 -19.379335 0.000000 0.000000 0.000000 0.000000 0.000000 0.000000 0.000000 0.000000 0.000000 8.504322 7.587738 14.735522 0.474657 1.169845 23.868143 -6.513982 16.238176 12.442220 0.949855 -0.796195 -21.259472 0.000000 0.000000 0.000000 0.000000 0.000000 0.000000 0.000000 0.000000 0.000000 
-12.514463 85.651741 21.793707 1.359700 2.458309 -16.101147 -0.826177 0.047010 7.668156 -1.699770 0.052838 3.972237 3.442974 -4.945690 6.219551 1.786638 -1.878028 4.409850 -11.556187 5.702567 11.198710 1.074137 3.952287 -1.613526 -1.645273 -0.986579 -23.192116 0.000000 0.000000 0.000000 87.284348 1.392372 5.845724 55.172962 22.415665 2.590268 1.543745 25.195808 92.376625 72.584427 54.380276 53.757763 9.069466 -1.532008 40.780865 0.000003 -0.000011 -22.039782 -0.000030 0.000021 -15.270890 -0.000002 0.000018 0.000018 6.768803 17.903051 0.477936 6.425497 -0.836379 -1.268711 6.423935 0.139893 -1.147140 -0.000004 -0.000004 0.000004 7.319141 7.364205 -2.267755 6.365155 -0.961751 -0.532923 6.344438 0.045180 -0.440136 -0.000003 -0.000133 0.000006 11.242028 -9.257961 -6.503028 7.091005 1.982850 0.810113 6.987281 -0.036227 0.660562 0.000037 -0.001422 0.000020 18.446918 -25.835743 -13.273888 7.600444 3.850611 2.779268 7.436301 -0.194631 2.363881 0.001012 0.000012 0.000023 0.000000 0.000000 0.000000 0.000000 0.000000 0.000000 -89.411186 -1.052336 11.182884 -56.044582 -20.464277 11.481363 -3.790829 -25.246508 98.051689 -72.906685 -71.628899 64.633430 -9.458702 1.715150 40.366760 0.000002 -0.000001 -23.453623 0.000011 -0.000061 -16.183794 0.002994 -0.000023 0.002958 -6.957717 17.538401 1.464179 -5.433456 -0.787082 2.078992 -5.154207 0.225149 1.845133 0.000013 -0.000126 -0.000010 -7.168259 7.156832 -1.830590 -5.360493 -0.918001 0.822719 -5.326052 0.065753 0.681485 0.003747 -0.000006 -0.000004 -6.712291 -8.963179 -6.289237 -5.572100 1.838751 -1.033178 -5.426307 -0.101518 -0.801866 0.000051 0.000005 -0.000005 -3.085495 -24.914227 -12.762713 -5.398190 3.606396 -2.893220 -5.595848 -0.289701 -2.369995 0.002549 0.000006 -0.000016 0.000000 0.000000 0.000000 0.000000 0.000000 0.000000 0.162406 1.744196 4.187493 -0.176223 -0.200771 25.236895 -3.099722 -10.539042 9.817534 -0.831325 0.249791 -19.357325 0.000000 0.000000 0.000000 0.000000 0.000000 0.000000 0.000000 0.000000 0.000000 8.532313 7.476958 14.437701 0.479569 1.172439 24.129168 -6.481425 16.184114 12.588037 0.948449 -0.781375 -21.340393 0.000000 0.000000 0.000000 0.000000 0.000000 0.000000 0.000000 0.000000 0.000000 
-12.732078 85.651367 22.035488 1.388114 2.714578 -16.040859 -0.791160 0.033086 7.660282 -1.730798 0.058725 3.961201 3.447459 -4.985825 6.209169 1.787180 -1.882505 4.367514 -11.717896 5.709498 11.339795 1.049732 3.913357 -1.592327 -1.658166 -1.004557 -23.221777 0.000000 0.000000 0.000000 87.336533 1.409884 5.929819 55.239918 22.595858 3.089558 1.563319 25.201324 92.164177 73.327232 54.471939 54.658108 9.017982 -1.525723 40.803360 0.000002 -0.000010 -21.920683 -0.000030 0.000021 -15.194752 -0.000003 0.000018 0.000018 6.527631 17.909420 0.602627 6.255880 -0.839747 -1.239066 6.266983 0.136642 -1.119786 -0.000004 -0.000004 0.000004 7.099964 7.366360 -2.203855 6.214985 -0.963582 -0.522130 6.188406 0.043906 -0.429702 -0.000003 -0.000134 0.000006 11.023479 -9.261086 -6.516610 6.935447 1.984697 0.794911 6.837631 -0.034262 0.650163 0.000036 -0.001305 0.000020 18.240847 -25.846811 -13.350810 7.464473 3.853695 2.740890 7.306401 -0.191777 2.333867 0.001019 0.000012 0.000021 0.000000 0.000000 0.000000 0.000000 0.000000 0.000000 -89.387672 -1.080540 11.286280 -55.956745 -19.906145 11.606098 -3.814432 -25.230158 97.054810 -73.750786 -71.813171 65.055000 -9.493415 1.718731 40.353779 0.000003 -0.000001 -23.523369 0.000013 -0.000060 -16.228731 0.002909 -0.000023 0.002933 -7.214655 17.548033 1.488860 -5.641145 -0.789246 2.067661 -5.365659 0.223044 1.835590 0.000013 -0.000208 -0.000010 -7.436087 7.156630 -1.803373 -5.558052 -0.918714 0.818933 -5.522917 0.064595 0.677888 0.003786 -0.000005 -0.000008 -7.014673 -8.961082 -6.234228 -5.748986 1.838809 -1.028570 -5.610261 -0.100796 -0.799399 0.000166 0.000005 -0.000005 -3.392472 -24.902756 -12.680161 -5.543458 3.604090 -2.892131 -5.730008 -0.290774 -2.366148 0.002562 0.000006 -0.000016 0.000000 0.000000 0.000000 0.000000 0.000000 0.000000 0.197600 1.591141 4.227052 -0.175796 -0.191597 25.221209 -3.179400 -10.781414 9.726233 -0.835522 0.234303 -19.335428 0.000000 0.000000 0.000000 0.000000 0.000000 0.000000 0.000000 0.000000 0.000000 8.574901 7.379385 14.166582 0.484438 1.174093 24.366188 -6.457995 16.137766 12.728076 0.947868 -0.768269 -21.409073 0.000000 0.000000 0.000000 0.000000 0.000000 0.000000 0.000000 0.000000 0.000000 
-12.936830 85.650024 22.275026 1.415373 2.897033 -15.980556 -0.742279 0.018742 7.642742 -1.755652 0.062333 3.937956 3.470702 -5.008788 6.218829 1.788262 -1.878279 4.325968 -11.884031 5.755216 11.459978 1.026348 3.913600 -1.585605 -1.676152 -1.016041 -23.239202 0.000000 0.000000 0.000000 87.377533 1.425292 6.026871 55.287594 22.646826 3.554374 1.576312 25.187746 92.065025 74.167603 54.604103 55.621750 8.984247 -1.521559 40.817299 0.000002 -0.000009 -21.845446 -0.000030 0.000020 -15.149492 -0.000003 0.000018 0.000018 6.365964 17.915133 0.720476 6.126283 -0.842097 -1.214095 6.146619 0.134386 -1.096241 -0.000005 -0.000003 0.000004 6.959924 7.367492 -2.131593 6.103191 -0.964885 -0.513185 6.071620 0.042957 -0.420773 -0.000003 -0.000133 0.000005 10.900906 -9.262589 -6.519032 6.822293 1.985380 0.783303 6.729963 -0.033034 0.641926 0.000036 -0.001227 0.000020 18.126385 -25.850321 -13.402613 7.375176 3.853629 2.713741 7.221695 -0.191462 2.312885 0.001017 0.000011 0.000020 0.000000 0.000000 0.000000 0.000000 0.000000 0.000000 -89.360336 -1.096959 11.352963 -55.807808 -19.303152 11.583060 -3.856783 -25.238121 95.801338 -74.435661 -71.893639 65.269829 -9.546226 1.726044 40.330887 0.000003 -0.000001 -23.636435 0.000015 -0.000060 -16.302650 0.002848 -0.000023 0.002839 -7.545576 17.545925 1.425319 -5.858315 -0.791445 2.053458 -5.587008 0.220526 1.822705 0.000012 -0.000271 -0.000010 -7.757162 7.151647 -1.839363 -5.761062 -0.919313 0.813821 -5.726883 0.063287 0.673208 0.003811 -0.000004 -0.000008 -7.360070 -8.951657 -6.216204 -5.925226 1.838455 -1.022591 -5.796026 -0.099924 -0.795671 0.000279 0.000005 -0.000005 -3.750156 -24.872192 -12.605036 -5.685292 3.600850 -2.888714 -5.862622 -0.291614 -2.360187 0.002586 0.000006 -0.000016 0.000000 0.000000 0.000000 0.000000 0.000000 0.000000 0.249889 1.478443 4.237026 -0.175400 -0.182011 25.232004 -3.272648 -10.994785 9.635413 -0.838583 0.218627 -19.318169 0.000000 0.000000 0.000000 0.000000 0.000000 0.000000 0.000000 0.000000 0.000000 8.629831 7.315253 13.926821 0.489233 1.175297 24.589554 -6.446996 16.124023 12.860238 0.946297 -0.757210 -21.470797 0.000000 0.000000 0.000000 0.000000 0.000000 0.000000 0.000000 0.000000 0.000000 
-13.130986 85.651100 22.511532 1.445285 3.009875 -15.925495 -0.686842 0.005025 7.618704 -1.765938 0.059724 3.902541 3.511480 -5.017577 6.255606 1.790405 -1.871785 4.280315 -12.042152 5.826451 11.540255 0.999584 3.940965 -1.603112 -1.693820 -1.017430 -23.243128 0.000000 0.000000 0.000000 87.406853 1.433174 6.111771 55.242695 22.631254 3.918103 1.580677 25.172342 92.055870 74.919899 54.700195 56.402336 8.967165 -1.519065 40.824078 0.000002 -0.000008 -21.810535 -0.000030 0.000020 -15.131083 -0.000003 0.000018 0.000017 6.271696 17.920321 0.806232 6.042133 -0.842441 -1.195003 6.067210 0.134101 -1.077288 -0.000005 -0.000003 0.000004 6.876807 7.367953 -2.076829 6.033301 -0.965246 -0.506564 5.998746 0.042611 -0.413799 -0.000003 -0.000133 0.000005 10.836945 -9.264037 -6.528898 6.751293 1.984191 0.775554 6.665190 -0.033049 0.635997 0.000035 -0.001192 0.000019 18.069689 -25.847683 -13.447989 7.327044 3.848317 2.697403 7.176734 -0.195586 2.300183 0.001010 0.000011 0.000019 0.000000 0.000000 0.000000 0.000000 0.000000 0.000000 -89.321632 -1.100879 11.377589 -55.588696 -18.747339 11.392162 -3.911513 -25.243103 94.486450 -74.869377 -71.769775 65.217964 -9.617274 1.736189 40.298939 0.000003 -0.000001 -23.793489 0.000018 -0.000059 -16.406143 0.002823 -0.000023 0.002686 -7.949659 17.535957 1.270468 -6.087976 -0.793041 2.036168 -5.821335 0.218323 1.806003 0.000012 -0.000312 -0.000010 -8.130052 7.144418 -1.944620 -5.976736 -0.919652 0.807461 -5.946438 0.062054 0.667478 0.003813 -0.000004 -0.000005 -7.735389 -8.939321 -6.250827 -6.115476 1.837543 -1.015547 -5.997056 -0.099220 -0.790703 0.000382 0.000004 -0.000005 -4.140183 -24.834854 -12.562782 -5.839940 3.595933 -2.883341 -6.009786 -0.293199 -2.351809 0.002625 0.000005 -0.000016 0.000000 0.000000 0.000000 0.000000 0.000000 0.000000 0.314920 1.416064 4.222558 -0.175075 -0.172947 25.263046 -3.379265 -11.158173 9.546095 -0.841735 0.202324 -19.312756 0.000000 0.000000 0.000000 0.000000 0.000000 0.000000 0.000000 0.000000 0.000000 8.690821 7.298394 13.719867 0.493953 1.177648 24.797920 -6.448235 16.149628 12.982764 0.942879 -0.748406 -21.531908 0.000000 0.000000 0.000000 0.000000 0.000000 0.000000 0.000000 0.000000 0.000000 
-13.316802 85.657845 22.745098 1.477956 3.055264 -15.875327 -0.629155 -0.008312 7.594703 -1.763775 0.052993 3.865398 3.555764 -5.009313 6.301737 1.795088 -1.862023 4.242549 -12.180711 5.910607 11.578691 0.971066 3.986772 -1.644558 -1.714308 -1.011740 -23.242521 0.000000 0.000000 0.000000 87.414986 1.433891 6.172856 55.074673 22.616661 4.204749 1.578649 25.150108 92.110420 75.376938 54.648266 56.815014 8.963338 -1.517762 40.825462 0.000001 -0.000007 -21.806637 -0.000030 0.000020 -15.132471 -0.000003 0.000018 0.000017 6.242806 17.929144 0.861675 6.000267 -0.841217 -1.179023 6.025717 0.135411 -1.060823 -0.000006 -0.000003 0.000004 6.845499 7.369240 -2.049743 6.000471 -0.964949 -0.501282 5.964040 0.042722 -0.407910 -0.000002 -0.000132 0.000004 10.819106 -9.267055 -6.556616 6.716859 1.981711 0.770011 6.637067 -0.033993 0.631330 0.000035 -0.001183 0.000019 18.065413 -25.841797 -13.507524 7.311219 3.839333 2.687487 7.162468 -0.203280 2.292186 0.001006 0.000010 0.000018 0.000000 0.000000 0.000000 0.000000 0.000000 0.000000 -89.270760 -1.094931 11.356952 -55.351654 -18.290346 11.028467 -3.967561 -25.235268 93.303146 -74.960007 -71.440399 64.824806 -9.708881 1.747945 40.258553 0.000003 -0.000001 -23.997950 0.000023 -0.000059 -16.542229 0.002817 -0.000023 0.002518 -8.446076 17.528809 1.052294 -6.357455 -0.793454 2.019063 -6.094505 0.217412 1.788924 0.000012 -0.000325 -0.000010 -8.576903 7.139693 -2.100295 -6.236824 -0.919592 0.801230 -6.209710 0.061160 0.661819 0.003796 -0.000003 -0.000001 -8.148587 -8.930933 -6.334426 -6.350717 1.836206 -1.009385 -6.241933 -0.099016 -0.786128 0.000481 0.000004 -0.000005 -4.550961 -24.806507 -12.571194 -6.032920 3.589286 -2.879640 -6.197117 -0.296293 -2.344253 0.002682 0.000005 -0.000016 0.000000 0.000000 0.000000 0.000000 0.000000 0.000000 0.389882 1.389730 4.212349 -0.175071 -0.167343 25.281883 -3.499044 -11.260872 9.464743 -0.844392 0.187663 -19.320223 0.000000 0.000000 0.000000 0.000000 0.000000 0.000000 0.000000 0.000000 0.000000 8.758089 7.322696 13.548870 0.498470 1.180539 24.980988 -6.457074 16.214027 13.107451 0.938311 -0.740324 -21.595694 0.000000 0.000000 0.000000 0.000000 0.000000 0.000000 0.000000 0.000000 0.000000 
-13.495192 85.673317 22.979719 1.513572 3.035053 -15.830701 -0.570173 -0.022028 7.573365 -1.750355 0.043605 3.823586 3.599729 -4.981494 6.351962 1.801064 -1.848215 4.212008 -12.302426 5.999939 11.575382 0.939605 4.041059 -1.706132 -1.737756 -1.001110 -23.247742 0.000000 0.000000 0.000000 87.404037 1.431702 6.206253 54.811142 22.635880 4.417150 1.573896 25.124680 92.262871 75.511772 54.405861 56.833881 8.966098 -1.518363 40.822376 0.000001 -0.000006 -21.820709 -0.000030 0.000020 -15.142976 -0.000003 0.000018 0.000017 6.275305 17.930069 0.855754 5.976406 -0.839366 -1.163869 5.998033 0.137074 -1.045185 -0.000006 -0.000003 0.000004 6.865912 7.366724 -2.077743 5.981495 -0.964203 -0.496525 5.944014 0.042931 -0.402509 -0.000002 -0.000131 0.000003 10.850490 -9.265930 -6.621289 6.700547 1.978278 0.765845 6.626839 -0.035344 0.627477 0.000035 -0.001191 0.000019 18.113321 -25.821411 -13.590876 7.310250 3.827806 2.682373 7.161275 -0.212809 2.287655 0.001008 0.000010 0.000017 0.000000 0.000000 0.000000 0.000000 0.000000 0.000000 -89.213081 -1.081381 11.290295 -55.157181 -17.954880 10.508599 -4.016957 -25.204882 92.381477 -74.805679 -70.949066 64.203392 -9.818664 1.761378 40.209690 0.000003 -0.000001 -24.247150 0.000030 -0.000058 -16.708429 0.002813 -0.000023 0.002350 -9.058202 17.521570 0.777128 -6.677051 -0.792582 2.003725 -6.415999 0.217829 1.773178 0.000012 -0.000312 -0.000010 -9.119465 7.136440 -2.299791 -6.553199 -0.918976 0.795855 -6.527030 0.060664 0.656885 0.003773 -0.000003 0.000003 -8.619453 -8.925662 -6.458818 -6.643584 1.834172 -1.005253 -6.542210 -0.099339 -0.782896 0.000577 0.000003 -0.000006 -4.992561 -24.785044 -12.622757 -6.272510 3.580611 -2.879711 -6.433408 -0.300735 -2.339562 0.002755 0.000004 -0.000016 0.000000 0.000000 0.000000 0.000000 0.000000 0.000000 0.473141 1.395804 4.231767 -0.175173 -0.166236 25.250120 -3.632083 -11.303524 9.404307 -0.847618 0.175479 -19.338825 0.000000 0.000000 0.000000 0.000000 0.000000 0.000000 0.000000 0.000000 0.000000 8.831025 7.388845 13.423311 0.502632 1.183064 25.127281 -6.471885 16.323263 13.244837 0.932305 -0.732361 -21.665190 0.000000 0.000000 0.000000 0.000000 0.000000 0.000000 0.000000 0.000000 0.000000 
-13.666612 85.698196 23.218914 1.552423 2.953282 -15.793208 -0.511080 -0.036150 7.559012 -1.725686 0.032964 3.771680 3.638728 -4.932555 6.403588 1.808119 -1.829665 4.181075 -12.412187 6.088170 11.540920 0.904684 4.094378 -1.779279 -1.763358 -0.987643 -23.267128 0.000000 0.000000 0.000000 87.381821 1.430481 6.215398 54.498425 22.710983 4.576502 1.569868 25.113943 92.509750 75.361191 53.986252 56.501221 8.972888 -1.520429 40.816189 0.000000 -0.000006 -21.846390 -0.000030 0.000020 -15.158419 -0.000003 0.000018 0.000016 6.355266 17.923250 0.767932 5.959933 -0.836951 -1.149734 5.973941 0.139054 -1.030791 -0.000007 -0.000003 0.000004 6.929182 7.360783 -2.175357 5.968144 -0.963086 -0.492390 5.929816 0.043252 -0.397746 -0.000002 -0.000131 0.000002 10.924387 -9.261080 -6.730411 6.695621 1.974098 0.763184 6.627550 -0.037076 0.624660 0.000034 -0.001210 0.000019 18.205128 -25.790247 -13.699089 7.317264 3.814088 2.682722 7.166640 -0.223990 2.287293 0.001019 0.000010 0.000017 0.000000 0.000000 0.000000 0.000000 0.000000 0.000000 -89.156357 -1.063479 11.181110 -55.043655 -17.728928 9.871534 -4.053294 -25.152338 91.779312 -74.490700 -70.395287 63.458492 -9.943841 1.775777 40.153687 0.000003 -0.000000 -24.535681 0.000038 -0.000057 -16.901514 0.002800 -0.000022 0.002193 -9.775398 17.516073 0.454378 -7.048018 -0.789927 1.993670 -6.787184 0.220160 1.762044 0.000013 -0.000276 -0.000010 -9.751055 7.135473 -2.533086 -6.928274 -0.917648 0.792760 -6.900182 0.060770 0.653877 0.003749 -0.000002 0.000005 -9.149474 -8.924921 -6.608626 -6.996909 1.831224 -1.004967 -6.901031 -0.100471 -0.782448 0.000670 0.000003 -0.000006 -5.466065 -24.775196 -12.698633 -6.562292 3.569331 -2.888539 -6.722012 -0.307354 -2.341965 0.002838 0.000004 -0.000016 0.000000 0.000000 0.000000 0.000000 0.000000 0.000000 0.562997 1.437676 4.296047 -0.175021 -0.169527 25.145317 -3.776457 -11.293364 9.371070 -0.852366 0.166360 -19.363949 0.000000 0.000000 0.000000 0.000000 0.000000 0.000000 0.000000 0.000000 0.000000 8.909528 7.491332 13.353849 0.506385 1.184865 25.225618 -6.496689 16.475031 13.396013 0.925290 -0.725201 -21.740599 0.000000 0.000000 0.000000 0.000000 0.000000 0.000000 0.000000 0.000000 0.000000 
-13.830804 85.730743 23.462925 1.596278 2.818520 -15.761504 -0.453538 -0.049937 7.555770 -1.686992 0.021453 3.708034 3.662511 -4.860066 6.453638 1.814713 -1.805460 4.142280 -12.507873 6.173499 11.494645 0.866384 4.143730 -1.853468 -1.791616 -0.972326 -23.308268 0.000000 0.000000 0.000000 87.356377 1.432894 6.208709 54.185238 22.837990 4.719731 1.567442 25.142675 92.805000 74.949989 53.453354 55.873001 8.980371 -1.523508 40.808708 0.000000 -0.000005 -21.874382 -0.000030 0.000020 -15.173705 -0.000003 0.000018 0.000016 6.453968 17.910255 0.592471 5.938262 -0.834020 -1.137666 5.941889 0.141357 -1.018640 -0.000007 -0.000004 0.000004 7.014381 7.352239 -2.344269 5.950305 -0.961658 -0.489149 5.910725 0.043700 -0.393903 -0.000002 -0.000133 0.000002 11.025747 -9.252772 -6.883551 6.692174 1.969417 0.762166 6.628734 -0.039084 0.623089 0.000034 -0.001239 0.000018 18.328054 -25.750793 -13.830113 7.324235 3.798723 2.688631 7.171078 -0.236261 2.291242 0.001038 0.000010 0.000017 0.000000 0.000000 0.000000 0.000000 0.000000 0.000000 -89.110817 -1.045552 11.037135 -55.030643 -17.577370 9.178723 -4.072711 -25.095024 91.479393 -73.987343 -69.870834 62.600681 -10.078532 1.790592 40.093014 0.000002 0.000000 -24.850027 0.000048 -0.000056 -17.112938 0.002777 -0.000022 0.002055 -10.550651 17.513002 0.097458 -7.453587 -0.785278 1.991780 -7.191680 0.224580 1.758218 0.000013 -0.000218 -0.000010 -10.435637 7.136673 -2.788215 -7.345246 -0.915536 0.792940 -7.312545 0.061554 0.653612 0.003724 -0.000002 0.000006 -9.724300 -8.928145 -6.768359 -7.397188 1.827280 -1.009335 -7.305056 -0.102471 -0.785496 0.000761 0.000002 -0.000006 -5.973652 -24.776457 -12.779889 -6.896047 3.555619 -2.908456 -7.055665 -0.316210 -2.353499 0.002921 0.000004 -0.000016 0.000000 0.000000 0.000000 0.000000 0.000000 0.000000 0.654683 1.520740 4.400846 -0.174285 -0.176055 24.973063 -3.923601 -11.243857 9.363969 -0.859174 0.160208 -19.391449 0.000000 0.000000 0.000000 0.000000 0.000000 0.000000 0.000000 0.000000 0.000000 8.989314 7.620381 13.340816 0.509623 1.185863 25.273729 -6.535981 16.659189 13.557900 0.918094 -0.720223 -21.821686 0.000000 0.000000 0.000000 0.000000 0.000000 0.000000 0.000000 0.000000 0.000000 
-13.987309 85.768608 23.708683 1.647981 2.645089 -15.730900 -0.399809 -0.062968 7.563204 -1.630733 0.008005 3.635560 3.661342 -4.762908 6.498627 1.816940 -1.775051 4.093941 -12.579602 6.252430 11.453783 0.823791 4.186477 -1.921309 -1.822164 -0.955070 -23.371756 0.000000 0.000000 0.000000 87.331718 1.440617 6.197485 53.900208 22.986528 4.869253 1.566255 25.219131 93.091766 74.352669 52.911480 55.074200 8.984767 -1.527207 40.801922 -0.000000 -0.000005 -21.893990 -0.000031 0.000019 -15.182941 -0.000002 0.000018 0.000016 6.538987 17.891783 0.355427 5.900310 -0.830458 -1.128662 5.892044 0.144084 -1.009441 -0.000008 -0.000004 0.000004 7.092612 7.341544 -2.560805 5.917735 -0.959862 -0.486971 5.876520 0.044306 -0.391169 -0.000002 -0.000135 0.000001 11.129357 -9.240402 -7.065006 6.677293 1.964221 0.762841 6.617576 -0.041298 0.622844 0.000034 -0.001274 0.000018 18.458652 -25.701820 -13.971922 7.320828 3.781646 2.699822 7.165080 -0.249171 2.299249 0.001060 0.000010 0.000017 0.000000 0.000000 0.000000 0.000000 0.000000 0.000000 -89.083298 -1.031128 10.871404 -55.117584 -17.470781 8.502002 -4.076625 -25.053642 91.401161 -73.318718 -69.439384 61.694656 -10.215446 1.805459 40.030663 0.000002 0.000000 -25.172104 0.000057 -0.000055 -17.331024 0.002751 -0.000021 0.001936 -11.321685 17.511478 -0.264469 -7.865546 -0.778934 1.997655 -7.601673 0.230614 1.761262 0.000014 -0.000145 -0.000010 -11.125506 7.138938 -3.041432 -7.773340 -0.912738 0.796021 -7.735156 0.062885 0.655792 0.003689 -0.000002 0.000004 -10.321997 -8.932626 -6.917295 -7.817335 1.822478 -1.017264 -7.727429 -0.105094 -0.791217 0.000843 0.000002 -0.000006 -6.518543 -24.782108 -12.843535 -7.255201 3.540412 -2.936484 -7.414752 -0.326431 -2.371795 0.002993 0.000004 -0.000017 0.000000 0.000000 0.000000 0.000000 0.000000 0.000000 0.739340 1.649325 4.524287 -0.172847 -0.184011 24.762897 -4.061345 -11.165436 9.377732 -0.868330 0.156021 -19.422449 0.000000 0.000000 0.000000 0.000000 0.000000 0.000000 0.000000 0.000000 0.000000 9.061013 7.763606 13.365587 0.512117 1.186032 25.284811 -6.589346 16.860561 13.727778 0.910584 -0.718564 -21.908312 0.000000 0.000000 0.000000 0.000000 0.000000 0.000000 0.000000 0.000000 0.000000 
-14.135787 85.810158 23.952171 1.709594 2.452375 -15.698515 -0.350968 -0.075723 7.577140 -1.557434 -0.007824 3.560302 3.628927 -4.641554 6.534733 1.810349 -1.737903 4.040707 -12.619889 6.315532 11.430387 0.775949 4.214156 -1.976756 -1.851678 -0.936264 -23.451733 0.000000 0.000000 0.000000 87.309685 1.453937 6.191523 53.653366 23.136362 5.046850 1.565178 25.327190 93.301247 73.667679 52.469593 54.254612 8.980868 -1.530811 40.798672 -0.000001 -0.000004 -21.891457 -0.000031 0.000019 -15.177429 -0.000002 0.000018 0.000015 6.577722 17.868748 0.103943 5.841797 -0.826432 -1.122999 5.821736 0.147046 -1.003461 -0.000008 -0.000004 0.000004 7.130154 7.329385 -2.785154 5.865285 -0.957719 -0.485826 5.822559 0.045010 -0.389573 -0.000002 -0.000138 -0.000000 11.197921 -9.224199 -7.247797 6.641503 1.958511 0.765061 6.585387 -0.043568 0.623842 0.000034 -0.001301 0.000018 18.554146 -25.643887 -14.102423 7.297074 3.763278 2.715201 7.139847 -0.261830 2.310510 0.001077 0.000010 0.000018 0.000000 0.000000 0.000000 0.000000 0.000000 0.000000 -89.075356 -1.021046 10.698145 -55.289772 -17.392811 7.902581 -4.068879 -25.043049 91.452003 -72.589119 -69.148445 60.865238 -10.348032 1.819799 39.969715 0.000001 0.000000 -25.485001 0.000065 -0.000055 -17.544558 0.002730 -0.000020 0.001837 -12.039334 17.511148 -0.591209 -8.260480 -0.771619 2.008988 -7.994271 0.237397 1.769112 0.000014 -0.000068 -0.000010 -11.783777 7.141312 -3.260617 -8.186357 -0.909512 0.800957 -8.143714 0.064518 0.659595 0.003645 -0.000001 0.000002 -10.926568 -8.935970 -7.029500 -8.233803 1.817214 -1.027035 -8.144745 -0.107939 -0.798271 0.000907 0.000002 -0.000006 -7.104197 -24.785162 -12.864294 -7.621726 3.525148 -2.967890 -7.779686 -0.336742 -2.393152 0.003050 0.000004 -0.000017 0.000000 0.000000 0.000000 0.000000 0.000000 0.000000 0.804966 1.815740 4.647456 -0.170894 -0.192096 24.547186 -4.180642 -11.058485 9.405536 -0.879682 0.152594 -19.460072 0.000000 0.000000 0.000000 0.000000 0.000000 0.000000 0.000000 0.000000 0.000000 9.114888 7.903089 13.400379 0.513728 1.185485 25.277534 -6.651993 17.058231 13.906542 0.902025 -0.720427 -21.999304 0.000000 0.000000 0.000000 0.000000 0.000000 0.000000 0.000000 0.000000 0.000000 
-14.275905 85.853516 24.190657 1.781771 2.262023 -15.665129 -0.306466 -0.088876 7.592742 -1.472336 -0.024916 3.489611 3.561411 -4.496747 6.559167 1.791925 -1.693060 3.987211 -12.621567 6.347695 11.430188 0.723670 4.215085 -2.014707 -1.875101 -0.917159 -23.542328 0.000000 0.000000 0.000000 87.293800 1.470758 6.196608 53.452484 23.283890 5.290420 1.563302 25.448997 93.344330 72.954308 52.211346 53.514374 8.966223 -1.533264 40.801407 -0.000001 -0.000003 -21.858002 -0.000031 0.000019 -15.151899 -0.000001 0.000018 0.000015 6.542442 17.846642 -0.114612 5.762484 -0.822322 -1.120406 5.733048 0.150038 -1.000666 -0.000009 -0.000004 0.000004 7.099556 7.318202 -2.978374 5.791801 -0.955422 -0.485625 5.748127 0.045752 -0.389024 -0.000001 -0.000142 -0.000001 11.198326 -9.207055 -7.403994 6.579962 1.952631 0.768507 6.528232 -0.045750 0.625922 0.000034 -0.001302 0.000018 18.576572 -25.584473 -14.199677 7.246709 3.744969 2.733443 7.089809 -0.273342 2.324242 0.001085 0.000010 0.000019 0.000000 0.000000 0.000000 0.000000 0.000000 0.000000 -89.089851 -1.013619 10.529449 -55.531128 -17.321836 7.416974 -4.051838 -25.076246 91.572159 -71.894867 -69.015442 60.202091 -10.475130 1.832633 39.911995 -0.000000 0.000000 -25.784142 0.000073 -0.000055 -17.751295 0.002716 -0.000020 0.001771 -12.687414 17.517181 -0.844943 -8.633830 -0.763866 2.025685 -8.365335 0.244535 1.781700 0.000015 0.000006 -0.000011 -12.400412 7.145141 -3.415561 -8.578314 -0.906144 0.807648 -8.532131 0.066344 0.664937 0.003596 -0.000001 -0.000000 -11.533219 -8.939347 -7.080463 -8.639573 1.812041 -1.038229 -8.549829 -0.110819 -0.806351 0.000949 0.000002 -0.000006 -7.730507 -24.787609 -12.822482 -7.989587 3.511127 -3.001384 -8.142875 -0.346578 -2.416701 0.003088 0.000004 -0.000017 0.000000 0.000000 0.000000 0.000000 0.000000 0.000000 0.841968 2.001034 4.765680 -0.168662 -0.199393 24.347504 -4.277546 -10.924372 9.440965 -0.892400 0.148862 -19.503902 0.000000 0.000000 0.000000 0.000000 0.000000 0.000000 0.000000 0.000000 0.000000 9.143845 8.018661 13.424865 0.514415 1.184039 25.265434 -6.717990 17.234676 14.097239 0.892249 -0.724885 -22.091276 0.000000 0.000000 0.000000 0.000000 0.000000 0.000000 0.000000 0.000000 0.000000 
-14.407607 85.896179 24.423643 1.863946 2.094583 -15.634872 -0.265059 -0.102363 7.606642 -1.381952 -0.041393 3.428654 3.460821 -4.330475 6.573103 1.758917 -1.640627 3.937726 -12.579298 6.334014 11.457614 0.668274 4.176901 -2.029117 -1.887560 -0.898839 -23.638769 0.000000 0.000000 0.000000 87.286537 1.489054 6.213493 53.309395 23.442667 5.628395 1.560613 25.570665 93.151009 72.264664 52.168274 52.918777 8.939190 -1.533845 40.811886 -0.000002 -0.000002 -21.786886 -0.000031 0.000019 -15.101873 -0.000001 0.000018 0.000015 6.407488 17.828669 -0.260226 5.654005 -0.818871 -1.119200 5.619188 0.152548 -0.999779 -0.000009 -0.000004 0.000003 6.977056 7.309352 -3.109603 5.688830 -0.953292 -0.485817 5.645322 0.046366 -0.389044 -0.000002 -0.000145 -0.000002 11.105703 -9.190884 -7.511868 6.483153 1.947173 0.772348 6.436957 -0.047578 0.628522 0.000033 -0.001270 0.000018 18.500364 -25.529327 -14.249515 7.161088 3.728591 2.752399 7.006098 -0.282557 2.338948 0.001082 0.000010 0.000020 0.000000 0.000000 0.000000 0.000000 0.000000 0.000000 -89.129944 -1.005450 10.373181 -55.833862 -17.241528 7.058010 -4.026184 -25.149441 91.760574 -71.324768 -69.020134 59.769398 -10.599130 1.843556 39.857338 -0.000001 0.000000 -26.074511 0.000078 -0.000054 -17.955378 0.002704 -0.000019 0.001740 -13.280481 17.532589 -1.015690 -8.990201 -0.756205 2.047952 -8.719578 0.251663 1.799212 0.000015 0.000072 -0.000011 -12.986924 7.151263 -3.498847 -8.952190 -0.902908 0.816160 -8.902555 0.068266 0.671864 0.003555 -0.000002 -0.000002 -12.145930 -8.943627 -7.063363 -9.033916 1.807454 -1.050723 -8.942083 -0.113567 -0.815330 0.000973 0.000002 -0.000006 -8.394970 -24.791010 -12.711766 -8.355381 3.499475 -3.036442 -8.500407 -0.355461 -2.442198 0.003103 0.000004 -0.000018 0.000000 0.000000 0.000000 0.000000 0.000000 0.000000 0.846355 2.181326 4.885711 -0.166197 -0.204691 24.175758 -4.350739 -10.778409 9.477814 -0.905512 0.143359 -19.550957 0.000000 0.000000 0.000000 0.000000 0.000000 0.000000 0.000000 0.000000 0.000000 9.142563 8.097151 13.429628 0.514231 1.181519 25.254253 -6.781334 17.379745 14.302024 0.881812 -0.730640 -22.179678 0.000000 0.000000 0.000000 0.000000 0.000000 0.000000 0.000000 0.000000 0.000000 
-14.531653 85.934853 24.652157 1.953383 1.965031 -15.614263 -0.226433 -0.115056 7.619010 -1.291089 -0.055221 3.380429 3.332798 -4.144943 6.579785 1.709556 -1.581005 3.897794 -12.491461 6.261555 11.518707 0.612032 4.087016 -2.015044 -1.885959 -0.882959 -23.738684 0.000000 0.000000 0.000000 87.283585 1.508500 6.243507 53.236156 23.637297 6.085003 1.558672 25.681145 92.678375 71.640617 52.332592 52.506626 8.897879 -1.531955 40.831692 -0.000003 -0.000001 -21.670460 -0.000030 0.000019 -15.022345 -0.000000 0.000018 0.000014 6.144132 17.816446 -0.295040 5.498851 -0.816915 -1.116801 5.462354 0.154013 -0.998638 -0.000010 -0.000005 0.000003 6.734680 7.303430 -3.152000 5.539204 -0.951701 -0.485453 5.497293 0.046634 -0.388836 -0.000002 -0.000147 -0.000002 10.895257 -9.176667 -7.555056 6.332879 1.942919 0.775145 6.292832 -0.048687 0.630584 0.000033 -0.001207 0.000019 18.304867 -25.481873 -14.248867 7.024041 3.716315 2.768083 6.871652 -0.288136 2.351421 0.001064 0.000010 0.000022 0.000000 0.000000 0.000000 0.000000 0.000000 0.000000 -89.195946 -0.995044 10.235054 -56.186127 -17.131439 6.819183 -3.991923 -25.241692 92.067436 -70.941704 -69.111084 59.593426 -10.723088 1.852662 39.804897 -0.000001 -0.000000 -26.362913 0.000082 -0.000055 -18.161684 0.002680 -0.000018 0.001737 -13.839408 17.557617 -1.118855 -9.330855 -0.749150 2.075831 -9.057955 0.258397 1.821611 0.000016 0.000131 -0.000012 -13.553614 7.159857 -3.525768 -9.307539 -0.900065 0.826452 -9.253918 0.070175 0.680331 0.003531 -0.000002 -0.000002 -12.759329 -8.949018 -6.993087 -9.410495 1.803906 -1.064215 -9.315929 -0.115999 -0.824916 0.000982 0.000002 -0.000006 -9.078129 -24.795450 -12.546561 -8.709342 3.491213 -3.071882 -8.843092 -0.362866 -2.468956 0.003090 0.000003 -0.000018 0.000000 0.000000 0.000000 0.000000 0.000000 0.000000 0.819361 2.333472 5.020226 -0.163578 -0.206968 24.039450 -4.399750 -10.647507 9.507611 -0.917837 0.134633 -19.598185 0.000000 0.000000 0.000000 0.000000 0.000000 0.000000 0.000000 0.000000 0.000000 9.109998 8.132861 13.409706 0.513289 1.178026 25.247396 -6.836426 17.486261 14.516161 0.872297 -0.736207 -22.258444 0.000000 0.000000 0.000000 0.000000 0.000000 0.000000 0.000000 0.000000 0.000000 
-14.649154 85.965706 24.878307 2.045654 1.881024 -15.612854 -0.191981 -0.124746 7.633523 -1.200089 -0.065394 3.342366 3.185706 -3.942703 6.586449 1.643848 -1.516310 3.869166 -12.364923 6.127910 11.614825 0.557072 3.940841 -1.972389 -1.870538 -0.871639 -23.838686 0.000000 0.000000 0.000000 87.279823 1.531323 6.289846 53.238117 23.880545 6.665971 1.559553 25.771473 91.931351 71.095985 52.683235 52.277451 8.839663 -1.527599 40.861553 -0.000003 -0.000000 -21.502645 -0.000030 0.000020 -14.909146 -0.000000 0.000018 0.000014 5.730631 17.805147 -0.208697 5.271417 -0.817079 -1.110667 5.234487 0.153949 -0.995035 -0.000010 -0.000005 0.000003 6.352184 7.298389 -3.099976 5.317497 -0.950919 -0.483527 5.278821 0.046348 -0.387617 -0.000001 -0.000150 -0.000003 10.553320 -9.162713 -7.533764 6.103969 1.940442 0.775369 6.069927 -0.048759 0.630928 0.000032 -0.001122 0.000020 17.979631 -25.439608 -14.208098 6.812877 3.709704 2.775912 6.662691 -0.288958 2.357838 0.001031 0.000010 0.000023 0.000000 0.000000 0.000000 0.000000 0.000000 0.000000 -89.286186 -0.983558 10.121892 -56.569336 -16.967445 6.681823 -3.949090 -25.320005 92.552589 -70.767624 -69.217293 59.655094 -10.847235 1.860646 39.754238 -0.000001 -0.000000 -26.649796 0.000083 -0.000055 -18.369669 0.002635 -0.000018 0.001748 -14.378572 17.585800 -1.182693 -9.644526 -0.743190 2.108154 -9.369221 0.264212 1.847715 0.000016 0.000183 -0.000012 -14.100862 7.168750 -3.523882 -9.631589 -0.897797 0.838012 -9.574377 0.071942 0.689912 0.003533 -0.000002 -0.000002 -13.355736 -8.953100 -6.897987 -9.750768 1.801543 -1.078001 -9.654464 -0.117925 -0.834501 0.000979 0.000002 -0.000006 -9.745870 -24.794884 -12.355025 -9.029519 3.486739 -3.105687 -9.150955 -0.368275 -2.495526 0.003048 0.000003 -0.000018 0.000000 0.000000 0.000000 0.000000 0.000000 0.000000 0.767062 2.440898 5.181152 -0.160996 -0.205719 23.946383 -4.425763 -10.558502 9.518997 -0.928282 0.121842 -19.642151 0.000000 0.000000 0.000000 0.000000 0.000000 0.000000 0.000000 0.000000 0.000000 9.049613 8.124929 13.364538 0.511781 1.174106 25.249077 -6.878292 17.548809 14.727871 0.865281 -0.740327 -22.320807 0.000000 0.000000 0.000000 0.000000 0.000000 0.000000 0.000000 0.000000 0.000000 
-14.761521 85.985832 25.103863 2.135476 1.843775 -15.639311 -0.162434 -0.129044 7.652911 -1.107314 -0.071319 3.313612 3.026226 -3.725036 6.597268 1.562754 -1.448209 3.849515 -12.212669 5.941601 11.738912 0.505983 3.745323 -1.909294 -1.844781 -0.867419 -23.936441 0.000000 0.000000 0.000000 87.269409 1.561074 6.356259 53.319614 24.173000 7.364012 1.564772 25.841358 90.942253 70.583229 53.204815 52.183548 8.764398 -1.521177 40.900539 -0.000004 0.000000 -21.286085 -0.000029 0.000020 -14.763964 0.000000 0.000018 0.000013 5.171130 17.788885 -0.011255 4.955505 -0.819306 -1.099611 4.916582 0.152387 -0.987830 -0.000010 -0.000005 0.000003 5.834797 7.291768 -2.962246 5.007183 -0.950977 -0.479593 4.973121 0.045509 -0.385049 -0.000001 -0.000151 -0.000003 10.088539 -9.147124 -7.456801 5.780993 1.939885 0.772159 5.752728 -0.047784 0.628893 0.000032 -0.001018 0.000020 17.534317 -25.399321 -14.140847 6.513338 3.709038 2.772693 6.364420 -0.285012 2.355522 0.000989 0.000010 0.000024 0.000000 0.000000 0.000000 0.000000 0.000000 0.000000 -89.401123 -0.972406 10.038640 -56.952106 -16.730446 6.627197 -3.898517 -25.364012 93.232094 -70.792259 -69.263367 59.906174 -10.969187 1.868048 39.705811 -0.000001 -0.000001 -26.929447 0.000082 -0.000055 -18.574535 0.002569 -0.000018 0.001774 -14.906694 17.609901 -1.224380 -9.918909 -0.738546 2.143560 -9.641457 0.268867 1.876184 0.000015 0.000232 -0.000013 -14.625516 7.175628 -3.512204 -9.912024 -0.896159 0.850360 -9.852754 0.073524 0.700208 0.003562 -0.000003 -0.000001 -13.912599 -8.954160 -6.801758 -10.038016 1.800221 -1.091707 -9.942060 -0.119360 -0.843813 0.000976 0.000001 -0.000006 -10.358742 -24.786674 -12.165650 -9.295842 3.485565 -3.137399 -9.406767 -0.371816 -2.521452 0.002978 0.000003 -0.000018 0.000000 0.000000 0.000000 0.000000 0.000000 0.000000 0.697356 2.498622 5.374884 -0.158755 -0.201137 23.902853 -4.431158 -10.524687 9.501719 -0.935730 0.105372 -19.679392 0.000000 0.000000 0.000000 0.000000 0.000000 0.000000 0.000000 0.000000 0.000000 8.967152 8.073069 13.297897 0.509829 1.170383 25.262869 -6.902758 17.564745 14.922043 0.861747 -0.742198 -22.360836 0.000000 0.000000 0.000000 0.000000 0.000000 0.000000 0.000000 0.000000 0.000000 
-14.870147 85.994934 25.329084 2.218683 1.850384 -15.695699 -0.136747 -0.126642 7.677429 -1.014363 -0.071699 3.295665 2.857860 -3.493216 6.609462 1.465360 -1.376829 3.834771 -12.052973 5.720110 11.877766 0.461462 3.516149 -1.838248 -1.813758 -0.872525 -24.029299 0.000000 0.000000 0.000000 87.245705 1.601469 6.449275 53.489723 24.500315 8.161361 1.573444 25.893095 89.756248 70.006836 53.875519 52.138653 8.673556 -1.513023 40.947128 -0.000004 0.000001 -21.027664 -0.000028 0.000020 -14.590838 0.000001 0.000018 0.000013 4.492348 17.764923 0.279017 4.555721 -0.823161 -1.084109 4.512226 0.149589 -0.977393 -0.000010 -0.000005 0.000003 5.209635 7.282386 -2.752730 4.613415 -0.951759 -0.473975 4.584288 0.044272 -0.381378 -0.000001 -0.000152 -0.000003 9.526186 -9.129712 -7.334023 5.371624 1.941091 0.765686 5.349199 -0.045961 0.624642 0.000032 -0.000893 0.000021 16.992813 -25.362261 -14.057320 6.133247 3.713907 2.758049 5.984917 -0.277014 2.344168 0.000949 0.000011 0.000025 0.000000 0.000000 0.000000 0.000000 0.000000 0.000000 -89.541634 -0.961979 9.990035 -57.309929 -16.410028 6.637481 -3.840132 -25.368313 94.061035 -70.997292 -69.236908 60.307755 -11.086031 1.875026 39.660294 -0.000000 -0.000001 -27.195969 0.000080 -0.000056 -18.771709 0.002490 -0.000018 0.001817 -15.429567 17.625986 -1.238858 -10.150896 -0.735185 2.181295 -9.872057 0.272454 1.906610 0.000015 0.000276 -0.000013 -15.129378 7.179371 -3.489593 -10.147763 -0.895110 0.863401 -10.087811 0.074955 0.711160 0.003609 -0.000003 0.000001 -14.419518 -8.952616 -6.710441 -10.271058 1.799733 -1.105662 -10.177188 -0.120468 -0.853260 0.000984 0.000001 -0.000006 -10.893032 -24.774544 -11.994088 -9.504663 3.486888 -3.168886 -9.608903 -0.374037 -2.548056 0.002889 0.000003 -0.000018 0.000000 0.000000 0.000000 0.000000 0.000000 0.000000 0.616402 2.509368 5.601377 -0.157130 -0.194147 23.904970 -4.418367 -10.545976 9.452288 -0.939621 0.086825 -19.707483 0.000000 0.000000 0.000000 0.000000 0.000000 0.000000 0.000000 0.000000 0.000000 8.866735 7.976273 13.212769 0.507537 1.167222 25.291536 -6.905475 17.537603 15.089973 0.861749 -0.741379 -22.376925 0.000000 0.000000 0.000000 0.000000 0.000000 0.000000 0.000000 0.000000 0.000000 
-14.975529 85.994553 25.552666 2.293128 1.897211 -15.776910 -0.113151 -0.117537 7.705721 -0.924188 -0.066077 3.286963 2.681357 -3.248937 6.620091 1.348379 -1.302136 3.819163 -11.899157 5.485596 12.014110 0.425250 3.274090 -1.771070 -1.781278 -0.887185 -24.112896 0.000000 0.000000 0.000000 87.204453 1.655432 6.574563 53.755596 24.810581 9.004715 1.581512 25.934725 88.441643 69.257996 54.680298 52.023933 8.569258 -1.503090 41.000092 -0.000005 0.000002 -20.735136 -0.000028 0.000021 -14.394148 0.000001 0.000019 0.000013 3.727018 17.735205 0.638679 4.094718 -0.827938 -1.065294 4.045051 0.145972 -0.964520 -0.000010 -0.000005 0.000003 4.508467 7.271103 -2.487727 4.160471 -0.953064 -0.467257 4.135462 0.042863 -0.376983 -0.000000 -0.000154 -0.000003 8.894026 -9.112670 -7.174737 4.903832 1.943675 0.756584 4.887588 -0.043623 0.618632 0.000032 -0.000750 0.000022 16.383741 -25.334877 -13.964709 5.700534 3.723127 2.733149 5.552712 -0.266323 2.324515 0.000920 0.000011 0.000025 0.000000 0.000000 0.000000 0.000000 0.000000 0.000000 -89.707054 -0.952208 9.980200 -57.640358 -15.999146 6.693414 -3.772633 -25.334948 94.980896 -71.347267 -69.190262 60.819172 -11.193138 1.881373 39.618938 0.000001 -0.000001 -27.440441 0.000077 -0.000056 -18.954712 0.002408 -0.000017 0.001869 -15.938223 17.632936 -1.212534 -10.340220 -0.732957 2.219821 -10.061707 0.275160 1.937990 0.000014 0.000310 -0.000013 -15.607290 7.179700 -3.444983 -10.340941 -0.894562 0.876800 -10.281116 0.076253 0.722512 0.003661 -0.000004 0.000001 -14.872973 -8.949630 -6.618421 -10.456800 1.799853 -1.119917 -10.365382 -0.121414 -0.863036 0.001006 0.000001 -0.000006 -11.342269 -24.764219 -11.843410 -9.663091 3.489849 -3.201337 -9.764846 -0.375507 -2.575889 0.002792 0.000003 -0.000018 0.000000 0.000000 0.000000 0.000000 0.000000 0.000000 0.527821 2.480529 5.851094 -0.156256 -0.185834 23.939409 -4.389367 -10.614529 9.375950 -0.940862 0.068286 -19.724714 0.000000 0.000000 0.000000 0.000000 0.000000 0.000000 0.000000 0.000000 0.000000 8.747523 7.837352 13.100708 0.505014 1.164527 25.347597 -6.881074 17.476986 15.231193 0.863574 -0.737798 -22.373379 0.000000 0.000000 0.000000 0.000000 0.000000 0.000000 0.000000 0.000000 0.000000 
-15.076579 85.987183 25.773479 2.358853 1.982038 -15.875374 -0.090395 -0.103145 7.736455 -0.840651 -0.054944 3.281129 2.496011 -2.998465 6.626118 1.212038 -1.225919 3.799187 -11.763788 5.260272 12.137151 0.398387 3.038319 -1.713361 -1.749883 -0.910069 -24.181803 0.000000 0.000000 0.000000 87.150246 1.720275 6.732362 54.092091 25.039007 9.815340 1.586173 25.970551 87.047379 68.232918 55.589226 51.690567 8.452841 -1.491126 41.058693 -0.000005 0.000002 -20.415388 -0.000028 0.000021 -14.177373 0.000002 0.000019 0.000012 2.908518 17.703554 1.033181 3.608297 -0.833158 -1.043897 3.553296 0.141734 -0.949660 -0.000010 -0.000005 0.000003 3.759974 7.259639 -2.191844 3.684976 -0.954768 -0.459681 3.661761 0.041383 -0.371880 0.000001 -0.000156 -0.000003 8.210253 -9.098803 -6.990435 4.415130 1.947271 0.744986 4.404888 -0.040930 0.610865 0.000031 -0.000593 0.000022 15.723272 -25.323820 -13.866953 5.249163 3.735789 2.697755 5.102584 -0.253815 2.296001 0.000910 0.000011 0.000025 0.000000 0.000000 0.000000 0.000000 0.000000 0.000000 -89.890305 -0.942674 10.010588 -57.954472 -15.492606 6.770718 -3.695371 -25.259884 95.952675 -71.751411 -69.210861 61.351303 -11.283588 1.886527 39.584324 0.000002 -0.000002 -27.647257 0.000074 -0.000057 -19.112406 0.002333 -0.000017 0.001916 -16.400410 17.631987 -1.144264 -10.483797 -0.731746 2.256147 -10.208645 0.277089 1.968054 0.000014 0.000327 -0.000013 -16.035530 7.177123 -3.376589 -10.490353 -0.894449 0.889583 -10.430571 0.077358 0.733476 0.003713 -0.000005 0.000000 -15.261976 -8.946619 -6.525488 -10.601480 1.800455 -1.133622 -10.511613 -0.122215 -0.872641 0.001033 0.000000 -0.000006 -11.701302 -24.760506 -11.717731 -9.781161 3.493818 -3.233403 -9.882782 -0.376472 -2.603531 0.002700 0.000003 -0.000018 0.000000 0.000000 0.000000 0.000000 0.000000 0.000000 0.432506 2.413434 6.116419 -0.156280 -0.177746 23.986021 -4.346412 -10.720671 9.277512 -0.941488 0.051592 -19.726934 0.000000 0.000000 0.000000 0.000000 0.000000 0.000000 0.000000 0.000000 0.000000 8.608518 7.659858 12.953086 0.502538 1.162299 25.441208 -6.827452 17.392033 15.347566 0.865347 -0.731263 -22.355810 0.000000 0.000000 0.000000 0.000000 0.000000 0.000000 0.000000 0.000000 0.000000 
-15.170685 85.975563 25.990980 2.416816 2.105202 -15.982619 -0.067581 -0.086184 7.768667 -0.767797 -0.039389 3.273362 2.302482 -2.750335 6.624070 1.062334 -1.149548 3.776481 -11.657411 5.060438 12.246594 0.380783 2.821395 -1.663014 -1.721797 -0.938617 -24.233084 0.000000 0.000000 0.000000 87.095894 1.786891 6.914246 54.452980 25.140512 10.529990 1.587010 25.998703 85.582550 66.854881 56.555069 51.003105 8.325372 -1.477004 41.122154 -0.000005 0.000002 -20.074665 -0.000027 0.000022 -13.944063 0.000002 0.000019 0.000012 2.066936 17.673803 1.426572 3.132080 -0.838626 -1.020240 3.075304 0.136883 -0.932911 -0.000010 -0.000005 0.000003 2.985385 7.249609 -1.893345 3.221191 -0.956831 -0.451160 3.196062 0.039800 -0.365760 0.000001 -0.000160 -0.000003 7.480904 -9.089516 -6.796897 3.935192 1.951595 0.730555 3.929851 -0.037836 0.600978 0.000031 -0.000419 0.000022 15.014606 -25.329935 -13.770629 4.802106 3.751346 2.650366 4.658218 -0.239678 2.257128 0.000921 0.000011 0.000025 0.000000 0.000000 0.000000 0.000000 0.000000 0.000000 -90.082863 -0.933114 10.075898 -58.275253 -14.888025 6.844467 -3.608938 -25.143635 96.951958 -72.058815 -69.355759 61.752640 -11.350777 1.889735 39.559544 0.000003 -0.000002 -27.800007 0.000071 -0.000057 -19.233046 0.002268 -0.000017 0.001949 -16.777006 17.628252 -1.046540 -10.584162 -0.731284 2.287675 -10.316003 0.278452 1.994725 0.000013 0.000326 -0.000013 -16.383137 7.173587 -3.294049 -10.599216 -0.894656 0.900764 -10.537966 0.078218 0.743201 0.003764 -0.000005 -0.000004 -15.569024 -8.945589 -6.440776 -10.711558 1.801473 -1.145598 -10.622004 -0.122814 -0.881328 0.001063 -0.000000 -0.000005 -11.961083 -24.767313 -11.626919 -9.868958 3.498329 -3.262398 -9.969968 -0.377015 -2.628712 0.002623 0.000003 -0.000017 0.000000 0.000000 0.000000 0.000000 0.000000 0.000000 0.329969 2.305154 6.395493 -0.157363 -0.171475 24.023775 -4.291302 -10.854390 9.160218 -0.942998 0.037928 -19.710991 0.000000 0.000000 0.000000 0.000000 0.000000 0.000000 0.000000 0.000000 0.000000 8.452342 7.446806 12.767952 0.500370 1.160677 25.569557 -6.745965 17.283974 15.443377 0.866117 -0.721550 -22.329920 0.000000 0.000000 0.000000 0.000000 0.000000 0.000000 0.000000 0.000000 0.000000 
-15.254514 85.961082 26.204611 2.466447 2.269655 -16.091850 -0.043553 -0.069685 7.801569 -0.706806 -0.021103 3.263388 2.104936 -2.509815 6.615961 0.908325 -1.072866 3.754028 -11.584902 4.894084 12.347533 0.370337 2.628102 -1.615510 -1.698491 -0.969752 -24.266550 0.000000 0.000000 0.000000 87.059151 1.845667 7.107425 54.791683 25.093948 11.112507 1.584785 26.016487 84.065361 65.116402 57.531567 49.907249 8.189484 -1.461125 41.188751 -0.000005 0.000003 -19.722172 -0.000027 0.000022 -13.700226 0.000003 0.000019 0.000012 1.227979 17.647329 1.788372 2.690395 -0.844240 -0.994816 2.636909 0.131459 -0.914477 -0.000009 -0.000005 0.000003 2.202904 7.241446 -1.618905 2.791564 -0.959198 -0.441671 2.760447 0.038056 -0.358442 0.000002 -0.000166 -0.000002 6.716473 -9.084130 -6.615927 3.482319 1.956312 0.713367 3.480003 -0.034319 0.588949 0.000031 -0.000231 0.000023 14.268860 -25.348063 -13.689756 4.373214 3.768885 2.591454 4.233982 -0.224192 2.208220 0.000952 0.000011 0.000024 0.000000 0.000000 0.000000 0.000000 0.000000 0.000000 -90.281532 -0.923429 10.165440 -58.619106 -14.186360 6.896780 -3.514330 -24.995911 97.939232 -72.121315 -69.622681 61.878197 -11.391837 1.890612 39.546272 0.000005 -0.000002 -27.890699 0.000068 -0.000057 -19.310362 0.002216 -0.000016 0.001958 -17.044130 17.626923 -0.937042 -10.650940 -0.731274 2.312875 -10.393019 0.279418 2.016583 0.000013 0.000310 -0.000012 -16.629707 7.171044 -3.211741 -10.675855 -0.895051 0.909663 -10.610972 0.078801 0.751055 0.003815 -0.000006 -0.000011 -15.780224 -8.947721 -6.377271 -10.792253 1.802806 -1.154800 -10.702525 -0.123130 -0.888376 0.001094 -0.000000 -0.000005 -12.113560 -24.785170 -11.581030 -9.931579 3.502975 -3.285565 -10.030267 -0.377130 -2.649240 0.002565 0.000003 -0.000017 0.000000 0.000000 0.000000 0.000000 0.000000 0.000000 0.222783 2.154289 6.687585 -0.159463 -0.167659 24.040720 -4.226612 -11.006084 9.026572 -0.945322 0.027450 -19.677219 0.000000 0.000000 0.000000 0.000000 0.000000 0.000000 0.000000 0.000000 0.000000 8.284837 7.203284 12.547062 0.498643 1.159777 25.725498 -6.639311 17.151447 15.524240 0.865459 -0.708804 -22.302141 0.000000 0.000000 0.000000 0.000000 0.000000 0.000000 0.000000 0.000000 0.000000 
-15.323740 85.943954 26.412132 2.506829 2.480212 -16.196167 -0.018739 -0.056141 7.835678 -0.656295 -0.001352 3.258266 1.905892 -2.274873 6.606333 0.755702 -0.992185 3.736049 -11.541975 4.753442 12.444837 0.363193 2.450545 -1.567330 -1.679197 -1.001465 -24.286638 0.000000 0.000000 0.000000 87.053421 1.890562 7.303879 55.093224 24.889231 11.572521 1.577582 26.019009 82.521690 63.065128 58.519768 48.446819 8.048795 -1.444293 41.256088 -0.000005 0.000003 -19.366999 -0.000027 0.000022 -13.452849 0.000003 0.000019 0.000012 0.407692 17.624109 2.121400 2.288741 -0.850094 -0.967514 2.243639 0.125436 -0.893989 -0.000009 -0.000005 0.000003 1.425102 7.234859 -1.371435 2.401350 -0.961877 -0.431113 2.360467 0.036062 -0.349759 0.000002 -0.000172 -0.000002 5.934927 -9.080946 -6.457954 3.062536 1.961193 0.693954 3.061628 -0.030402 0.575123 0.000030 -0.000025 0.000022 13.510630 -25.371428 -13.634704 3.971237 3.787399 2.524110 3.839369 -0.207845 2.151912 0.000994 0.000011 0.000023 0.000000 0.000000 0.000000 0.000000 0.000000 0.000000 -90.493385 -0.914832 10.269885 -58.995655 -13.370996 6.916018 -3.406796 -24.838278 98.809624 -71.828995 -69.965309 61.622162 -11.406366 1.889164 39.544796 0.000006 -0.000002 -27.918400 0.000065 -0.000058 -19.342718 0.002182 -0.000015 0.001929 -17.193998 17.632820 -0.815512 -10.698248 -0.731520 2.331741 -10.452964 0.280084 2.033388 0.000012 0.000282 -0.000012 -16.767611 7.171193 -3.127787 -10.732609 -0.895524 0.916150 -10.660830 0.079086 0.756834 0.003861 -0.000006 -0.000020 -15.886840 -8.953837 -6.330391 -10.846103 1.804462 -1.160576 -10.756701 -0.123064 -0.893291 0.001134 -0.000001 -0.000005 -12.149836 -24.813063 -11.571734 -9.965802 3.507754 -3.300223 -10.060345 -0.376618 -2.663042 0.002528 0.000004 -0.000017 0.000000 0.000000 0.000000 0.000000 0.000000 0.000000 0.113311 1.966809 6.988318 -0.162350 -0.165861 24.036898 -4.154624 -11.169108 8.885205 -0.946507 0.019615 -19.632360 0.000000 0.000000 0.000000 0.000000 0.000000 0.000000 0.000000 0.000000 0.000000 8.106941 6.932930 12.287001 0.497160 1.159399 25.902899 -6.503708 16.990318 15.600494 0.862318 -0.693918 -22.278955 0.000000 0.000000 0.000000 0.000000 0.000000 0.000000 0.000000 0.000000 0.000000 
-15.378683 85.921112 26.614737 2.532559 2.740671 -16.301310 0.006507 -0.045162 7.866189 -0.609184 0.015355 3.257618 1.719666 -2.053634 6.621062 0.617909 -0.916866 3.718975 -11.491595 4.621755 12.546570 0.354051 2.285856 -1.519758 -1.656967 -1.027661 -24.293287 0.000000 0.000000 0.000000 87.099998 1.921132 7.482943 55.343487 24.574476 11.856005 1.569029 26.029062 81.152405 60.961281 59.445168 46.836823 7.908149 -1.426928 41.322144 -0.000005 0.000003 -19.023140 -0.000027 0.000023 -13.211184 0.000003 0.000018 0.000012 -0.389235 17.602581 2.395479 1.933681 -0.855101 -0.939155 1.899461 0.119834 -0.871565 -0.000008 -0.000005 0.000003 0.659890 7.229443 -1.170984 2.057960 -0.964341 -0.419882 2.005934 0.034115 -0.340151 0.000002 -0.000179 -0.000002 5.158164 -9.079702 -6.340157 2.690980 1.965281 0.673560 2.690539 -0.026776 0.560423 0.000030 0.000151 0.000022 12.771148 -25.396008 -13.609879 3.613181 3.803146 2.453743 3.491006 -0.193482 2.092498 0.001037 0.000011 0.000022 0.000000 0.000000 0.000000 0.000000 0.000000 0.000000 -90.708595 -0.908579 10.386045 -59.362251 -12.490005 6.938870 -3.293407 -24.672741 99.543938 -71.241508 -70.282875 61.072357 -11.393141 1.885605 39.555889 0.000007 -0.000002 -27.877993 0.000061 -0.000058 -19.325439 0.002156 -0.000014 0.001857 -17.190254 17.643055 -0.714281 -10.707988 -0.732562 2.337962 -10.478095 0.279604 2.038830 0.000012 0.000240 -0.000012 -16.760605 7.173313 -3.073052 -10.748533 -0.896248 0.917922 -10.671202 0.078859 0.758600 0.003900 -0.000006 -0.000030 -15.857132 -8.961679 -6.330701 -10.855234 1.806089 -1.160279 -10.767612 -0.122516 -0.893730 0.001164 -0.000001 -0.000005 -12.051105 -24.845371 -11.620525 -9.957621 3.511955 -3.300128 -10.049319 -0.375269 -2.664467 0.002514 0.000004 -0.000017 0.000000 0.000000 0.000000 0.000000 0.000000 0.000000 0.014872 1.752880 7.277191 -0.165531 -0.163975 24.041378 -4.080486 -11.338078 8.726427 -0.945745 0.013481 -19.574614 0.000000 0.000000 0.000000 0.000000 0.000000 0.000000 0.000000 0.000000 0.000000 7.933636 6.657720 11.998213 0.495883 1.158718 26.114550 -6.354054 16.811375 15.661251 0.857391 -0.677136 -22.267509 0.000000 0.000000 0.000000 0.000000 0.000000 0.000000 0.000000 0.000000 0.000000 
-15.420483 85.891808 26.812943 2.539086 3.053453 -16.403273 0.029449 -0.037600 7.888112 -0.560088 0.026452 3.260541 1.549549 -1.855930 6.653826 0.505848 -0.853019 3.700367 -11.413930 4.484426 12.656216 0.341442 2.127607 -1.473649 -1.629780 -1.046700 -24.279716 0.000000 0.000000 0.000000 87.194283 1.937478 7.639507 55.532639 24.208567 11.992209 1.560003 26.040709 80.049751 58.929031 60.242252 45.183746 7.774114 -1.408361 41.386150 -0.000004 0.000003 -18.703957 -0.000027 0.000023 -12.985250 0.000004 0.000018 0.000012 -1.152436 17.591578 2.610085 1.639176 -0.858239 -0.910876 1.615912 0.116069 -0.847869 -0.000008 -0.000005 0.000003 -0.086118 7.228854 -1.017413 1.773785 -0.966264 -0.408551 1.710783 0.032699 -0.330031 0.000002 -0.000186 -0.000002 4.388209 -9.084909 -6.262204 2.378871 1.968163 0.652801 2.378771 -0.024135 0.545268 0.000029 0.000286 0.000022 12.052907 -25.428831 -13.615195 3.305337 3.814493 2.382273 3.195132 -0.183328 2.031715 0.001078 0.000011 0.000020 0.000000 0.000000 0.000000 0.000000 0.000000 0.000000 -90.907433 -0.902580 10.517948 -59.695911 -11.578719 6.994170 -3.178951 -24.483091 100.125687 -70.342590 -70.585678 60.217739 -11.354094 1.878545 39.581200 0.000009 -0.000002 -27.770243 0.000059 -0.000058 -19.259790 0.002131 -0.000013 0.001773 -17.003174 17.667444 -0.625508 -10.672905 -0.734537 2.329595 -10.459649 0.278161 2.030782 0.000011 0.000190 -0.000012 -16.586964 7.181607 -3.040124 -10.716767 -0.897514 0.914273 -10.637038 0.078194 0.755851 0.003936 -0.000006 -0.000041 -15.673543 -8.976751 -6.372673 -10.816128 1.808109 -1.153753 -10.732268 -0.121675 -0.889323 0.001181 -0.000001 -0.000006 -11.805364 -24.894938 -11.726561 -9.908502 3.515747 -3.286639 -9.999462 -0.374061 -2.653984 0.002519 0.000004 -0.000016 0.000000 0.000000 0.000000 0.000000 0.000000 0.000000 -0.067953 1.515908 7.547290 -0.168728 -0.161994 24.067520 -4.005069 -11.507873 8.543432 -0.941964 0.009221 -19.506556 0.000000 0.000000 0.000000 0.000000 0.000000 0.000000 0.000000 0.000000 0.000000 7.782705 6.380817 11.693309 0.494937 1.158144 26.340414 -6.206192 16.607676 15.700099 0.853887 -0.659206 -22.264795 0.000000 0.000000 0.000000 0.000000 0.000000 0.000000 0.000000 0.000000 0.000000 
-15.448290 85.856598 27.005463 2.529848 3.413848 -16.492817 0.043865 -0.034419 7.903146 -0.512671 0.033427 3.271726 1.395062 -1.688627 6.684900 0.422588 -0.800387 3.680416 -11.306936 4.337507 12.767112 0.328343 1.972964 -1.433820 -1.600786 -1.061611 -24.252031 0.000000 0.000000 0.000000 87.316505 1.942941 7.783592 55.697166 23.841631 12.088538 1.545100 26.019688 79.250320 56.991264 60.901119 43.583771 7.650756 -1.389668 41.445419 -0.000004 0.000003 -18.418720 -0.000027 0.000023 -12.782414 0.000004 0.000018 0.000012 -1.838686 17.592405 2.795855 1.409857 -0.860042 -0.883181 1.395420 0.113819 -0.823530 -0.000007 -0.000006 0.000003 -0.776482 7.233078 -0.890539 1.551812 -0.967773 -0.397442 1.478941 0.031769 -0.319603 0.000002 -0.000192 -0.000002 3.658104 -9.095644 -6.212427 2.128050 1.970218 0.632102 2.129116 -0.022280 0.529921 0.000029 0.000407 0.000021 11.377926 -25.466337 -13.644979 3.049817 3.822890 2.310404 2.953769 -0.176217 1.970654 0.001114 0.000010 0.000019 0.000000 0.000000 0.000000 0.000000 0.000000 0.000000 -91.085373 -0.898549 10.668432 -60.014500 -10.655439 7.067072 -3.057730 -24.267225 100.528778 -69.120445 -70.872726 59.059258 -11.295284 1.868778 39.617455 0.000010 -0.000002 -27.610971 0.000057 -0.000058 -19.157072 0.002098 -0.000012 0.001682 -16.684889 17.704800 -0.527305 -10.612809 -0.737198 2.310360 -10.414979 0.276103 2.012971 0.000010 0.000145 -0.000012 -16.297028 7.195460 -3.005708 -10.658098 -0.899188 0.906569 -10.577616 0.077227 0.749788 0.003968 -0.000006 -0.000051 -15.382468 -8.998219 -6.430451 -10.746623 1.810642 -1.142796 -10.668043 -0.120576 -0.881445 0.001200 -0.000002 -0.000006 -11.452275 -24.956865 -11.866540 -9.831637 3.519709 -3.263674 -9.922995 -0.372857 -2.635105 0.002538 0.000004 -0.000016 0.000000 0.000000 0.000000 0.000000 0.000000 0.000000 -0.142080 1.265058 7.800938 -0.172057 -0.161451 24.114765 -3.921742 -11.680955 8.339572 -0.934354 0.007455 -19.438406 0.000000 0.000000 0.000000 0.000000 0.000000 0.000000 0.000000 0.000000 0.000000 7.652775 6.101732 11.377685 0.494011 1.157687 26.542959 -6.059229 16.363455 15.727283 0.853631 -0.641694 -22.263252 0.000000 0.000000 0.000000 0.000000 0.000000 0.000000 0.000000 0.000000 0.000000 
-15.461903 85.817276 27.193684 2.511289 3.802866 -16.569595 0.046563 -0.034381 7.917037 -0.473729 0.038252 3.286446 1.263794 -1.557160 6.717953 0.369861 -0.761684 3.655374 -11.184346 4.189915 12.869109 0.315776 1.827849 -1.407158 -1.573404 -1.073699 -24.219538 0.000000 0.000000 0.000000 87.460251 1.941528 7.919446 55.874371 23.505121 12.212272 1.523609 25.956293 78.829681 55.223377 61.385044 42.162838 7.543674 -1.372289 41.496399 -0.000003 0.000003 -18.180204 -0.000027 0.000024 -12.611658 0.000005 0.000018 0.000012 -2.406788 17.602406 2.957780 1.246542 -0.860526 -0.858613 1.237226 0.113019 -0.801153 -0.000007 -0.000006 0.000003 -1.368478 7.240535 -0.787893 1.393553 -0.968771 -0.387678 1.312927 0.031380 -0.309949 0.000002 -0.000197 -0.000002 3.018936 -9.109673 -6.191435 1.943520 1.971414 0.613365 1.946756 -0.021220 0.515868 0.000028 0.000515 0.000021 10.790547 -25.504196 -13.698324 2.856423 3.828306 2.243748 2.775501 -0.171965 1.914379 0.001144 0.000010 0.000017 0.000000 0.000000 0.000000 0.000000 0.000000 0.000000 -91.242447 -0.900119 10.833838 -60.330574 -9.744375 7.127867 -2.931012 -24.036304 100.773010 -67.719688 -71.105995 57.750488 -11.231216 1.858658 39.656490 0.000011 -0.000002 -27.436642 0.000056 -0.000058 -19.042339 0.002049 -0.000011 0.001572 -16.326830 17.745113 -0.432748 -10.551932 -0.739728 2.286357 -10.367203 0.274035 1.991259 0.000010 0.000112 -0.000012 -15.973270 7.210841 -2.977987 -10.597428 -0.900843 0.897152 -10.517979 0.076204 0.742312 0.003992 -0.000006 -0.000061 -15.062352 -9.020232 -6.505681 -10.673068 1.813004 -1.130122 -10.600804 -0.119451 -0.872229 0.001221 -0.000002 -0.000006 -11.070939 -25.015263 -12.031763 -9.749224 3.522940 -3.237409 -9.843114 -0.371879 -2.613202 0.002567 0.000003 -0.000015 0.000000 0.000000 0.000000 0.000000 0.000000 0.000000 -0.210704 1.013423 8.043635 -0.175450 -0.162797 24.175905 -3.825731 -11.862526 8.115468 -0.923759 0.007975 -19.374348 0.000000 0.000000 0.000000 0.000000 0.000000 0.000000 0.000000 0.000000 0.000000 7.542141 5.841059 11.066929 0.493037 1.157320 26.692127 -5.914801 16.080673 15.755197 0.858162 -0.626334 -22.259693 0.000000 0.000000 0.000000 0.000000 0.000000 0.000000 0.000000 0.000000 0.000000 
-15.461493 85.775848 27.380817 2.489671 4.191978 -16.637333 0.039548 -0.035624 7.930699 -0.446190 0.041181 3.299478 1.162626 -1.460847 6.760600 0.345306 -0.739093 3.622273 -11.061971 4.052207 12.953314 0.301758 1.700658 -1.398189 -1.549711 -1.081229 -24.187832 0.000000 0.000000 0.000000 87.618202 1.937714 8.047687 56.081844 23.211687 12.391138 1.496089 25.865368 78.830444 53.705673 61.670116 41.000717 7.457488 -1.357065 41.536957 -0.000003 0.000003 -17.997177 -0.000027 0.000024 -12.479205 0.000005 0.000017 0.000013 -2.838338 17.618336 3.086623 1.145640 -0.858973 -0.840845 1.137262 0.114239 -0.784256 -0.000006 -0.000006 0.000003 -1.837361 7.249818 -0.714436 1.296813 -0.968907 -0.380773 1.211494 0.031769 -0.302539 0.000002 -0.000202 -0.000002 2.504560 -9.125663 -6.199204 1.827322 1.971322 0.598871 1.833316 -0.021292 0.504881 0.000027 0.000589 0.000020 10.321730 -25.540060 -13.770267 2.728811 3.829270 2.188622 2.662310 -0.171674 1.868190 0.001166 0.000010 0.000016 0.000000 0.000000 0.000000 0.000000 0.000000 0.000000 -91.372452 -0.909139 11.004508 -60.649712 -8.880341 7.168653 -2.806394 -23.805960 100.916420 -66.337097 -71.255104 56.482128 -11.174216 1.849813 39.691647 0.000012 -0.000002 -27.278324 0.000055 -0.000058 -18.936838 0.001989 -0.000010 0.001438 -15.990605 17.781624 -0.363099 -10.501248 -0.741203 2.263007 -10.327389 0.272736 1.970571 0.000009 0.000090 -0.000012 -15.672256 7.225077 -2.973301 -10.547426 -0.902065 0.888193 -10.471493 0.075430 0.735162 0.004003 -0.000005 -0.000068 -14.768308 -9.039319 -6.607209 -10.612989 1.814401 -1.118450 -10.547162 -0.118722 -0.863774 0.001235 -0.000002 -0.000006 -10.723000 -25.062571 -12.219977 -9.678885 3.523880 -3.214960 -9.778552 -0.372028 -2.593839 0.002601 0.000003 -0.000015 0.000000 0.000000 0.000000 0.000000 0.000000 0.000000 -0.273903 0.778121 8.270904 -0.178768 -0.165641 24.250956 -3.718575 -12.047669 7.873003 -0.911795 0.010338 -19.313858 0.000000 0.000000 0.000000 0.000000 0.000000 0.000000 0.000000 0.000000 0.000000 7.452404 5.622912 10.779692 0.492147 1.157378 26.775816 -5.778593 15.774678 15.789832 0.868044 -0.614467 -22.254873 0.000000 0.000000 0.000000 0.000000 0.000000 0.000000 0.000000 0.000000 0.000000 
-15.446175 85.734749 27.568136 2.469499 4.550278 -16.694870 0.025213 -0.037913 7.942547 -0.429238 0.042342 3.311575 1.089414 -1.392305 6.810860 0.342861 -0.729350 3.583774 -10.957492 3.935399 13.019441 0.285379 1.597542 -1.404322 -1.532864 -1.084051 -24.162870 0.000000 0.000000 0.000000 87.775291 1.933850 8.176231 56.315643 22.963440 12.676853 1.460910 25.748785 79.198708 52.439480 61.783783 40.093040 7.393270 -1.344220 41.566914 -0.000002 0.000003 -17.868200 -0.000027 0.000024 -12.384974 0.000005 0.000017 0.000013 -3.140575 17.639482 3.194656 1.099452 -0.855076 -0.832971 1.088406 0.117845 -0.775882 -0.000005 -0.000007 0.000003 -2.185060 7.260715 -0.658591 1.255013 -0.968052 -0.377942 1.167871 0.033050 -0.298488 0.000003 -0.000207 -0.000002 2.117351 -9.143322 -6.222706 1.772410 1.969888 0.590211 1.781320 -0.022614 0.498195 0.000027 0.000636 0.000020 9.969634 -25.574104 -13.848924 2.659655 3.825720 2.149360 2.606123 -0.175575 1.835669 0.001181 0.000010 0.000015 0.000000 0.000000 0.000000 0.000000 0.000000 0.000000 -91.476059 -0.925247 11.175288 -60.980255 -8.078978 7.186957 -2.687203 -23.592873 100.986694 -65.131775 -71.325989 55.388504 -11.131758 1.842857 39.719246 0.000012 -0.000002 -27.154772 0.000055 -0.000057 -18.853884 0.001928 -0.000009 0.001281 -15.713343 17.813753 -0.308725 -10.469928 -0.740865 2.246499 -10.305062 0.273037 1.956595 0.000008 0.000077 -0.000012 -15.431594 7.237711 -2.980638 -10.519792 -0.902546 0.882066 -10.448400 0.075213 0.730287 0.004000 -0.000005 -0.000073 -14.536529 -9.055387 -6.717774 -10.578316 1.814523 -1.110639 -10.518273 -0.118752 -0.858299 0.001240 -0.000002 -0.000006 -10.448475 -25.099068 -12.410379 -9.630590 3.521818 -3.203010 -9.738753 -0.374100 -2.582503 0.002639 0.000003 -0.000014 0.000000 0.000000 0.000000 0.000000 0.000000 0.000000 -0.331555 0.579607 8.476269 -0.182059 -0.170183 24.337873 -3.603774 -12.221498 7.622725 -0.899430 0.014802 -19.261093 0.000000 0.000000 0.000000 0.000000 0.000000 0.000000 0.000000 0.000000 0.000000 7.380953 5.451619 10.525178 0.491409 1.158119 26.790424 -5.655332 15.462779 15.833322 0.882156 -0.606973 -22.249527 0.000000 0.000000 0.000000 0.000000 0.000000 0.000000 0.000000 0.000000 0.000000 
-15.414425 85.696861 27.756313 2.452593 4.849481 -16.741512 0.006340 -0.041272 7.952773 -0.420920 0.042876 3.320566 1.038074 -1.339096 6.871015 0.356166 -0.726301 3.544095 -10.885249 3.848254 13.073289 0.267640 1.521464 -1.418723 -1.524854 -1.083621 -24.149834 0.000000 0.000000 0.000000 87.920914 1.929250 8.314261 56.555996 22.749372 13.099895 1.419388 25.609138 79.846222 51.425125 61.768116 39.422619 7.347234 -1.333765 41.587849 -0.000002 0.000003 -17.780922 -0.000027 0.000024 -12.320762 0.000005 0.000017 0.000013 -3.340193 17.662127 3.289770 1.091633 -0.849341 -0.835869 1.075016 0.123389 -0.777148 -0.000005 -0.000007 0.000004 -2.433237 7.271876 -0.612883 1.253260 -0.966346 -0.379493 1.165788 0.035044 -0.298132 0.000003 -0.000211 -0.000002 1.841222 -9.161008 -6.253337 1.763191 1.967374 0.587951 1.774667 -0.024928 0.496291 0.000026 0.000672 0.000019 9.714266 -25.604435 -13.924950 2.635829 3.818760 2.128267 2.593212 -0.182706 1.818666 0.001190 0.000009 0.000013 0.000000 0.000000 0.000000 0.000000 0.000000 0.000000 -91.563065 -0.945999 11.342809 -61.315754 -7.339806 7.177297 -2.575848 -23.416109 100.978035 -64.216309 -71.335732 54.559357 -11.108418 1.838406 39.736778 0.000012 -0.000002 -27.077457 0.000053 -0.000057 -18.801661 0.001875 -0.000009 0.001100 -15.522931 17.839357 -0.263984 -10.464657 -0.738569 2.240715 -10.307312 0.275114 1.952970 0.000008 0.000073 -0.000012 -15.277177 7.247699 -2.991832 -10.522186 -0.902193 0.880150 -10.454833 0.075645 0.728853 0.003982 -0.000004 -0.000075 -14.391910 -9.067633 -6.819869 -10.575881 1.813436 -1.108160 -10.521048 -0.119566 -0.856974 0.001236 -0.000002 -0.000006 -10.274392 -25.123489 -12.579284 -9.609457 3.517043 -3.204069 -9.728170 -0.378004 -2.581732 0.002679 0.000003 -0.000014 0.000000 0.000000 0.000000 0.000000 0.000000 0.000000 -0.382339 0.433297 8.661861 -0.185436 -0.176749 24.426096 -3.484587 -12.369549 7.377704 -0.887350 0.021798 -19.219942 0.000000 0.000000 0.000000 0.000000 0.000000 0.000000 0.000000 0.000000 0.000000 7.323478 5.321461 10.309298 0.490879 1.159533 26.738354 -5.549617 15.164264 15.882649 0.898956 -0.604331 -22.241837 0.000000 0.000000 0.000000 0.000000 0.000000 0.000000 0.000000 0.000000 0.000000 
-15.364803 85.664955 27.945589 2.436954 5.066108 -16.777779 -0.014548 -0.045169 7.964519 -0.421652 0.046523 3.321023 1.003648 -1.288094 6.946808 0.381102 -0.721460 3.509871 -10.847454 3.784494 13.130838 0.252680 1.463550 -1.430577 -1.524140 -1.083232 -24.154705 0.000000 0.000000 0.000000 88.051407 1.917337 8.464414 56.766914 22.564575 13.662811 1.377043 25.453985 80.663628 50.624626 61.670902 38.944458 7.315037 -1.325180 41.602131 -0.000002 0.000003 -17.721062 -0.000027 0.000024 -12.277032 0.000005 0.000016 0.000013 -3.475649 17.685972 3.379619 1.107346 -0.842589 -0.848813 1.082658 0.130229 -0.787829 -0.000005 -0.000007 0.000004 -2.616630 7.283185 -0.572407 1.277944 -0.964139 -0.385144 1.189137 0.037488 -0.301204 0.000003 -0.000213 -0.000002 1.646254 -9.178641 -6.287210 1.783982 1.964243 0.591961 1.797716 -0.027894 0.499150 0.000026 0.000712 0.000019 9.525840 -25.633907 -13.996953 2.646803 3.809998 2.126420 2.612840 -0.192012 1.818126 0.001191 0.000009 0.000012 0.000000 0.000000 0.000000 0.000000 0.000000 0.000000 -91.650803 -0.966003 11.501552 -61.627174 -6.654659 7.125537 -2.473521 -23.293776 100.839600 -63.557961 -71.300087 53.942013 -11.109164 1.836937 39.742134 0.000012 -0.000002 -27.058353 0.000051 -0.000056 -18.788532 0.001828 -0.000008 0.000898 -15.446077 17.858608 -0.237052 -10.500312 -0.734303 2.248833 -10.349152 0.279059 1.962736 0.000008 0.000081 -0.000012 -15.226936 7.255131 -3.010735 -10.568396 -0.901056 0.883485 -10.502609 0.076739 0.731725 0.003945 -0.000003 -0.000074 -14.345717 -9.076827 -6.905218 -10.614863 1.811507 -1.111941 -10.566524 -0.121067 -0.860592 0.001222 -0.000002 -0.000007 -10.207664 -25.139042 -12.710741 -9.622078 3.510289 -3.219359 -9.752834 -0.383578 -2.593410 0.002723 0.000003 -0.000013 0.000000 0.000000 0.000000 0.000000 0.000000 0.000000 -0.423586 0.342359 8.844600 -0.189159 -0.185940 24.496887 -3.360589 -12.493574 7.149582 -0.875392 0.031997 -19.193001 0.000000 0.000000 0.000000 0.000000 0.000000 0.000000 0.000000 0.000000 0.000000 7.277695 5.212438 10.136966 0.490776 1.161572 26.619873 -5.465013 14.888031 15.932565 0.917499 -0.606923 -22.226421 0.000000 0.000000 0.000000 0.000000 0.000000 0.000000 0.000000 0.000000 0.000000 
-15.295066 85.639626 28.136257 2.421466 5.186417 -16.806414 -0.033500 -0.048455 7.979164 -0.422895 0.053380 3.306889 0.977580 -1.221597 7.050095 0.412367 -0.709001 3.480778 -10.828846 3.738091 13.199445 0.240857 1.420446 -1.432574 -1.526959 -1.083885 -24.178810 0.000000 0.000000 0.000000 88.167740 1.897435 8.621519 56.922802 22.371559 14.282809 1.337115 25.308365 81.575912 50.054371 61.533703 38.664845 7.289624 -1.318012 41.612785 -0.000002 0.000003 -17.671219 -0.000027 0.000024 -12.241651 0.000005 0.000016 0.000013 -3.578890 17.707275 3.460469 1.128819 -0.836011 -0.866882 1.093331 0.137041 -0.803422 -0.000004 -0.000008 0.000004 -2.764209 7.293100 -0.538725 1.311765 -0.961858 -0.392977 1.219937 0.039912 -0.306167 0.000004 -0.000215 -0.000002 1.510507 -9.194835 -6.326942 1.821326 1.960954 0.600222 1.837381 -0.030986 0.505250 0.000025 0.000739 0.000018 9.392415 -25.661577 -14.067786 2.686666 3.800448 2.139897 2.658812 -0.202211 1.830700 0.001182 0.000009 0.000011 0.000000 0.000000 0.000000 0.000000 0.000000 0.000000 -91.753723 -0.981056 11.642187 -61.861271 -6.004225 7.014358 -2.383598 -23.239510 100.501663 -62.998142 -71.174362 53.381496 -11.129409 1.838911 39.736496 0.000012 -0.000002 -27.087622 0.000047 -0.000056 -18.807386 0.001774 -0.000007 0.000689 -15.465168 17.866978 -0.253605 -10.567452 -0.729127 2.265351 -10.421453 0.283661 1.980699 0.000008 0.000105 -0.000012 -15.253314 7.258488 -3.056533 -10.645226 -0.899472 0.889968 -10.579592 0.078120 0.737129 0.003896 -0.000003 -0.000070 -14.362798 -9.081502 -6.986344 -10.680613 1.809122 -1.119325 -10.641084 -0.122791 -0.867057 0.001199 -0.000002 -0.000007 -10.208579 -25.144297 -12.810572 -9.655590 3.502841 -3.241405 -9.800404 -0.389493 -2.611917 0.002768 0.000002 -0.000013 0.000000 0.000000 0.000000 0.000000 0.000000 0.000000 -0.452668 0.311831 9.027765 -0.193118 -0.196788 24.549219 -3.233216 -12.598504 6.945748 -0.863750 0.045476 -19.178900 0.000000 0.000000 0.000000 0.000000 0.000000 0.000000 0.000000 0.000000 0.000000 7.237324 5.110945 10.005593 0.490875 1.163465 26.456043 -5.402371 14.643650 15.980344 0.935665 -0.614731 -22.203190 0.000000 0.000000 0.000000 0.000000 0.000000 0.000000 0.000000 0.000000 0.000000 
-15.203520 85.619774 28.329706 2.408948 5.212772 -16.835855 -0.046251 -0.051481 7.994188 -0.409530 0.058817 3.277399 0.946234 -1.122877 7.186441 0.440980 -0.687682 3.445699 -10.828190 3.717697 13.271095 0.227060 1.397998 -1.422213 -1.531595 -1.084491 -24.210474 0.000000 0.000000 0.000000 88.271873 1.877140 8.782855 57.016575 22.118116 14.867599 1.297487 25.187540 82.498062 49.788612 61.380455 38.602238 7.263782 -1.311202 41.623394 -0.000002 0.000004 -17.617476 -0.000026 0.000024 -12.205356 0.000005 0.000015 0.000013 -3.676353 17.724232 3.521100 1.147275 -0.829936 -0.885618 1.099564 0.143362 -0.819225 -0.000004 -0.000008 0.000005 -2.902545 7.301265 -0.514975 1.344956 -0.959651 -0.401132 1.249552 0.042160 -0.311554 0.000005 -0.000215 -0.000002 1.398980 -9.210141 -6.371489 1.866152 1.957471 0.610273 1.884806 -0.034106 0.512599 0.000025 0.000740 0.000017 9.286275 -25.690224 -14.132448 2.745719 3.789501 2.162387 2.721995 -0.213440 1.850913 0.001162 0.000009 0.000011 0.000000 0.000000 0.000000 0.000000 0.000000 0.000000 -91.872597 -0.988955 11.760587 -61.983253 -5.369288 6.848716 -2.311413 -23.237198 99.949867 -62.444817 -70.933121 52.791679 -11.154120 1.843023 39.727024 0.000012 -0.000002 -27.126856 0.000042 -0.000055 -18.832052 0.001718 -0.000006 0.000492 -15.504966 17.863300 -0.323493 -10.624844 -0.724516 2.279359 -10.484640 0.287432 1.996316 0.000008 0.000151 -0.000012 -15.284080 7.257455 -3.134887 -10.709392 -0.897969 0.895597 -10.645404 0.079321 0.741742 0.003848 -0.000003 -0.000064 -14.370926 -9.081819 -7.069529 -10.734709 1.806737 -1.125637 -10.705102 -0.124286 -0.872623 0.001160 -0.000002 -0.000007 -10.205678 -25.142014 -12.884315 -9.678823 3.495868 -3.258894 -9.838905 -0.394562 -2.627570 0.002814 0.000002 -0.000012 0.000000 0.000000 0.000000 0.000000 0.000000 0.000000 -0.478979 0.346397 9.205561 -0.196968 -0.207832 24.599113 -3.106194 -12.667934 6.760683 -0.853666 0.061435 -19.171314 0.000000 0.000000 0.000000 0.000000 0.000000 0.000000 0.000000 0.000000 0.000000 7.190457 5.016551 9.908259 0.490570 1.164803 26.283157 -5.357361 14.445480 16.016167 0.951112 -0.627573 -22.175362 0.000000 0.000000 0.000000 0.000000 0.000000 0.000000 0.000000 0.000000 0.000000 
-15.093812 85.604897 28.524750 2.395434 5.157841 -16.868734 -0.051034 -0.055568 8.007833 -0.378795 0.063148 3.244445 0.901902 -0.991266 7.336657 0.462780 -0.654841 3.413999 -10.851012 3.720246 13.351888 0.210199 1.388350 -1.395345 -1.540203 -1.086384 -24.244154 0.000000 0.000000 0.000000 88.349403 1.855125 8.946046 57.040707 21.796202 15.423353 1.259134 25.077074 83.305702 49.651920 61.245129 38.607773 7.230976 -1.303063 41.637966 -0.000002 0.000005 -17.543966 -0.000026 0.000024 -12.158174 0.000005 0.000015 0.000013 -3.801986 17.741329 3.594225 1.160770 -0.824594 -0.902398 1.101436 0.149072 -0.832827 -0.000003 -0.000009 0.000005 -3.070500 7.309670 -0.474508 1.371339 -0.957734 -0.408521 1.271556 0.044180 -0.316350 0.000005 -0.000213 -0.000003 1.251398 -9.226570 -6.396743 1.903719 1.954105 0.619989 1.925117 -0.037063 0.519486 0.000025 0.000733 0.000017 9.143596 -25.725653 -14.175078 2.802348 3.778321 2.187239 2.781495 -0.224935 1.873107 0.001137 0.000008 0.000010 0.000000 0.000000 0.000000 0.000000 0.000000 0.000000 -91.994995 -0.988248 11.856704 -61.985050 -4.753148 6.646731 -2.259141 -23.269968 99.186989 -61.832920 -70.657150 52.096630 -11.172555 1.847152 39.720375 0.000012 -0.000002 -27.147230 0.000037 -0.000055 -18.843140 0.001673 -0.000005 0.000324 -15.506534 17.854250 -0.420921 -10.650500 -0.721002 2.287614 -10.518147 0.290143 2.006682 0.000009 0.000220 -0.000012 -15.271016 7.254580 -3.224737 -10.739985 -0.896882 0.899123 -10.677247 0.080214 0.744574 0.003806 -0.000003 -0.000057 -14.325147 -9.081464 -7.138519 -10.754914 1.804994 -1.129427 -10.735159 -0.125419 -0.876235 0.001100 -0.000003 -0.000007 -10.153790 -25.139523 -12.925714 -9.672464 3.490293 -3.268148 -9.846037 -0.398509 -2.637223 0.002860 0.000002 -0.000012 0.000000 0.000000 0.000000 0.000000 0.000000 0.000000 -0.506472 0.435263 9.383371 -0.200692 -0.219300 24.657221 -2.979705 -12.692995 6.587198 -0.843357 0.079964 -19.171701 0.000000 0.000000 0.000000 0.000000 0.000000 0.000000 0.000000 0.000000 0.000000 7.144059 4.915373 9.842116 0.489982 1.166156 26.105907 -5.332486 14.282898 16.033857 0.965298 -0.645020 -22.141243 0.000000 0.000000 0.000000 0.000000 0.000000 0.000000 0.000000 0.000000 0.000000 
-14.970995 85.594658 28.719301 2.374854 5.037479 -16.902416 -0.048439 -0.061074 8.021298 -0.335672 0.069064 3.215690 0.842434 -0.833823 7.481061 0.478200 -0.607658 3.401617 -10.886189 3.730028 13.457297 0.190958 1.377257 -1.348411 -1.552632 -1.089570 -24.281572 0.000000 0.000000 0.000000 88.380913 1.828347 9.109005 56.990635 21.387758 15.958579 1.226140 24.963379 83.899437 49.432468 61.174011 38.551968 7.182260 -1.292888 41.660175 -0.000002 0.000006 -17.427624 -0.000026 0.000023 -12.083839 0.000005 0.000014 0.000013 -3.985831 17.755854 3.721122 1.157504 -0.821299 -0.912674 1.088106 0.152791 -0.840609 -0.000003 -0.000010 0.000005 -3.300417 7.317125 -0.387760 1.375542 -0.956571 -0.413418 1.270342 0.045516 -0.319086 0.000006 -0.000209 -0.000003 1.030542 -9.241813 -6.382120 1.916006 1.951614 0.627250 1.939756 -0.039102 0.524302 0.000025 0.000722 0.000016 8.928034 -25.764654 -14.185949 2.840327 3.769625 2.209133 2.820783 -0.234093 1.892759 0.001107 0.000008 0.000010 0.000000 0.000000 0.000000 0.000000 0.000000 0.000000 -92.105774 -0.981076 11.933986 -61.865643 -4.145381 6.418246 -2.228909 -23.337395 98.197891 -61.097126 -70.430893 51.240540 -11.179819 1.850762 39.718624 0.000011 -0.000002 -27.138710 0.000032 -0.000054 -18.833855 0.001639 -0.000004 0.000200 -15.457476 17.840298 -0.525751 -10.645338 -0.719224 2.288881 -10.522905 0.291254 2.010999 0.000009 0.000304 -0.000012 -15.207721 7.249940 -3.310313 -10.737889 -0.896459 0.899980 -10.674096 0.080595 0.745216 0.003770 -0.000004 -0.000049 -14.224006 -9.080535 -7.180504 -10.740509 1.804459 -1.129734 -10.729928 -0.125867 -0.877325 0.001021 -0.000003 -0.000007 -10.049544 -25.134949 -12.927902 -9.635612 3.487491 -3.265908 -9.819065 -0.400215 -2.638690 0.002903 0.000002 -0.000011 0.000000 0.000000 0.000000 0.000000 0.000000 0.000000 -0.531387 0.566888 9.569538 -0.204287 -0.231391 24.724451 -2.850333 -12.683918 6.427696 -0.830074 0.101572 -19.186956 0.000000 0.000000 0.000000 0.000000 0.000000 0.000000 0.000000 0.000000 0.000000 7.113197 4.784470 9.805270 0.489517 1.168048 25.913609 -5.335581 14.131834 16.043409 0.980357 -0.666528 -22.099722 0.000000 0.000000 0.000000 0.000000 0.000000 0.000000 0.000000 0.000000 0.000000 
-14.836186 85.587280 28.914476 2.344036 4.867792 -16.937048 -0.039699 -0.067857 8.035648 -0.284092 0.076415 3.182963 0.773186 -0.656409 7.615042 0.487111 -0.546408 3.408630 -10.914461 3.733159 13.586356 0.169562 1.356893 -1.285537 -1.564312 -1.091138 -24.315971 0.000000 0.000000 0.000000 88.363403 1.799689 9.272554 56.869942 20.838274 16.425367 1.202014 24.855944 84.219032 49.125565 61.224159 38.430553 7.111225 -1.280550 41.692505 -0.000002 0.000007 -17.252777 -0.000025 0.000023 -11.970518 0.000006 0.000014 0.000013 -4.258196 17.761818 3.905562 1.122749 -0.820762 -0.913328 1.044800 0.153688 -0.839891 -0.000002 -0.000010 0.000004 -3.619790 7.321114 -0.252513 1.342624 -0.956367 -0.414515 1.231946 0.045887 -0.318799 0.000007 -0.000202 -0.000003 0.720406 -9.253060 -6.328681 1.890938 1.950208 0.631084 1.916571 -0.039896 0.526249 0.000025 0.000699 0.000015 8.632372 -25.803026 -14.167388 2.852729 3.764065 2.226562 2.833393 -0.239971 1.908343 0.001070 0.000008 0.000011 0.000000 0.000000 0.000000 0.000000 0.000000 0.000000 -92.197075 -0.970619 11.998060 -61.645725 -3.515880 6.173632 -2.226886 -23.440346 96.996635 -60.256458 -70.302307 50.259663 -11.172400 1.853887 39.722385 0.000011 -0.000002 -27.096046 0.000026 -0.000053 -18.800920 0.001618 -0.000003 0.000118 -15.348598 17.818213 -0.638222 -10.602622 -0.719836 2.280110 -10.491083 0.290032 2.006061 0.000010 0.000396 -0.000012 -15.086755 7.242209 -3.391485 -10.694150 -0.896921 0.896878 -10.629077 0.080201 0.742594 0.003738 -0.000005 -0.000041 -14.066751 -9.076991 -7.197071 -10.684572 1.805450 -1.124720 -10.682643 -0.125280 -0.874431 0.000921 -0.000003 -0.000007 -9.893207 -25.124094 -12.889761 -9.563931 3.488463 -3.247606 -9.753887 -0.398707 -2.628314 0.002944 0.000001 -0.000011 0.000000 0.000000 0.000000 0.000000 0.000000 0.000000 -0.554252 0.731450 9.769269 -0.207704 -0.243523 24.796431 -2.714733 -12.653390 6.285633 -0.813738 0.125403 -19.216217 0.000000 0.000000 0.000000 0.000000 0.000000 0.000000 0.000000 0.000000 0.000000 7.101912 4.617046 9.787420 0.489225 1.170499 25.710415 -5.366159 13.980953 16.052845 0.996162 -0.691222 -22.048922 0.000000 0.000000 0.000000 0.000000 0.000000 0.000000 0.000000 0.000000 0.000000 
-14.687087 85.580482 29.114349 2.302857 4.665504 -16.975378 -0.025505 -0.075788 8.048867 -0.228187 0.084555 3.136271 0.705383 -0.466426 7.734906 0.490522 -0.474460 3.426534 -10.927262 3.720262 13.729554 0.148119 1.323943 -1.215231 -1.571103 -1.089445 -24.337921 0.000000 0.000000 0.000000 88.310516 1.771960 9.435995 56.673012 20.143183 16.787140 1.190427 24.771387 84.239502 48.827003 61.422562 38.272343 7.020527 -1.266001 41.734337 -0.000002 0.000008 -17.026917 -0.000025 0.000023 -11.822730 0.000006 0.000013 0.000013 -4.638557 17.760731 4.119076 1.055966 -0.822080 -0.905750 0.970411 0.152755 -0.831754 -0.000002 -0.000011 0.000004 -4.045274 7.322078 -0.091369 1.272482 -0.956840 -0.412203 1.156893 0.045622 -0.315820 0.000007 -0.000194 -0.000003 0.309464 -9.261209 -6.251922 1.825676 1.949360 0.631950 1.853204 -0.039942 0.525564 0.000025 0.000655 0.000014 8.250664 -25.841875 -14.129883 2.832526 3.760073 2.240065 2.813716 -0.244145 1.919994 0.001022 0.000008 0.000011 0.000000 0.000000 0.000000 0.000000 0.000000 0.000000 -92.266678 -0.957353 12.052706 -61.362976 -2.868897 5.932679 -2.257313 -23.573879 95.637390 -59.391560 -70.302055 49.241947 -11.150521 1.856049 39.731956 0.000011 -0.000002 -27.021246 0.000021 -0.000052 -18.746235 0.001618 -0.000002 0.000068 -15.175476 17.791582 -0.768183 -10.517503 -0.722452 2.261259 -10.416322 0.286922 1.991116 0.000011 0.000494 -0.000012 -14.903126 7.232760 -3.476502 -10.603029 -0.898231 0.889756 -10.538357 0.079111 0.736573 0.003706 -0.000006 -0.000034 -13.849614 -9.071846 -7.200285 -10.582411 1.807885 -1.114568 -10.589275 -0.123807 -0.867506 0.000792 -0.000004 -0.000007 -9.682708 -25.110662 -12.823533 -9.455527 3.492545 -3.215648 -9.649396 -0.394887 -2.607363 0.002985 0.000001 -0.000010 0.000000 0.000000 0.000000 0.000000 0.000000 0.000000 -0.585088 0.909139 9.989701 -0.211231 -0.255819 24.865362 -2.567616 -12.612045 6.155532 -0.796853 0.149143 -19.249222 0.000000 0.000000 0.000000 0.000000 0.000000 0.000000 0.000000 0.000000 0.000000 7.101871 4.426895 9.776775 0.489051 1.173262 25.507498 -5.408056 13.832619 16.057646 1.011972 -0.716907 -21.985882 0.000000 0.000000 0.000000 0.000000 0.000000 0.000000 0.000000 0.000000 0.000000 
-14.521218 85.572891 29.321712 2.253103 4.447859 -17.017941 -0.008274 -0.084726 8.059556 -0.170736 0.093065 3.075680 0.645122 -0.274518 7.834463 0.492096 -0.396901 3.448952 -10.918063 3.684513 13.868320 0.129963 1.277799 -1.150673 -1.571726 -1.084840 -24.344679 0.000000 0.000000 0.000000 88.237053 1.745552 9.593792 56.403683 19.359856 17.050522 1.191688 24.714127 83.989120 48.585468 61.762554 38.097313 6.915472 -1.249255 41.783836 -0.000002 0.000009 -16.763296 -0.000024 0.000023 -11.649686 0.000007 0.000013 0.000013 -5.126555 17.759132 4.336220 0.965467 -0.824233 -0.891711 0.872632 0.151116 -0.817573 -0.000002 -0.000012 0.000004 -4.576278 7.322311 0.073269 1.172790 -0.957685 -0.407180 1.053107 0.045102 -0.310599 0.000008 -0.000187 -0.000004 -0.205757 -9.268518 -6.167680 1.723018 1.948782 0.630068 1.753370 -0.039680 0.522377 0.000025 0.000584 0.000014 7.781985 -25.882612 -14.087419 2.774533 3.756687 2.247730 2.757532 -0.247765 1.925875 0.000965 0.000007 0.000011 0.000000 0.000000 0.000000 0.000000 0.000000 0.000000 -92.314384 -0.943404 12.100820 -61.045769 -2.220834 5.700633 -2.318002 -23.738880 94.156242 -58.549274 -70.427101 48.235176 -11.114257 1.856190 39.748409 0.000011 -0.000002 -26.915550 0.000015 -0.000051 -18.670610 0.001639 -0.000001 0.000044 -14.939761 17.771065 -0.913749 -10.400693 -0.726092 2.235724 -10.307972 0.283085 1.968907 0.000012 0.000598 -0.000012 -14.658378 7.225739 -3.566383 -10.477077 -0.900104 0.879982 -10.413757 0.077657 0.728180 0.003664 -0.000007 -0.000029 -13.568586 -9.069427 -7.201153 -10.444562 1.811408 -1.101302 -10.459744 -0.121923 -0.858061 0.000638 -0.000004 -0.000007 -9.411140 -25.105297 -12.753359 -9.320045 3.498396 -3.176741 -9.515641 -0.390368 -2.580524 0.003027 0.000001 -0.000010 0.000000 0.000000 0.000000 0.000000 0.000000 0.000000 -0.635749 1.083063 10.237804 -0.215254 -0.269146 24.919674 -2.402281 -12.570022 6.038047 -0.781954 0.171102 -19.281025 0.000000 0.000000 0.000000 0.000000 0.000000 0.000000 0.000000 0.000000 0.000000 7.101771 4.231311 9.764749 0.488760 1.175634 25.315334 -5.439373 13.688158 16.052404 1.026927 -0.740780 -21.911844 0.000000 0.000000 0.000000 0.000000 0.000000 0.000000 0.000000 0.000000 0.000000 
-14.337584 85.563545 29.537405 2.194785 4.230522 -17.067152 0.010936 -0.094071 8.070702 -0.113944 0.101772 3.004488 0.595003 -0.091058 7.918690 0.496202 -0.319809 3.472531 -10.883012 3.623988 13.969518 0.116956 1.218960 -1.107719 -1.564915 -1.078100 -24.332712 0.000000 0.000000 0.000000 88.151154 1.722394 9.738293 56.091892 18.557281 17.211214 1.200552 24.678360 83.602333 48.492306 62.186794 37.986095 6.800426 -1.231049 41.838432 -0.000002 0.000011 -16.474852 -0.000023 0.000024 -11.459993 0.000008 0.000012 0.000013 -5.698728 17.758827 4.515174 0.857065 -0.827121 -0.871369 0.757011 0.148809 -0.797426 -0.000001 -0.000012 0.000003 -5.187326 7.322125 0.205259 1.050038 -0.958808 -0.399675 0.927565 0.044375 -0.303282 0.000008 -0.000182 -0.000004 -0.798885 -9.275210 -6.106407 1.591016 1.948624 0.625176 1.625443 -0.039118 0.516603 0.000026 0.000485 0.000013 7.254029 -25.922453 -14.065373 2.683486 3.754189 2.246721 2.669421 -0.250390 1.923534 0.000901 0.000007 0.000012 0.000000 0.000000 0.000000 0.000000 0.000000 0.000000 -92.333183 -0.932119 12.142164 -60.708939 -1.579462 5.454132 -2.402413 -23.926079 92.603271 -57.775707 -70.605141 47.286434 -11.062016 1.853470 39.773296 0.000011 -0.000002 -26.775024 0.000009 -0.000049 -18.570454 0.001680 -0.000001 0.000036 -14.645069 17.763914 -1.076728 -10.266315 -0.730128 2.206243 -10.179620 0.279145 1.942062 0.000012 0.000705 -0.000012 -14.354879 7.223851 -3.667330 -10.332276 -0.902244 0.868686 -10.270437 0.076062 0.718366 0.003601 -0.000008 -0.000026 -13.224463 -9.072080 -7.217865 -10.286993 1.815507 -1.086615 -10.308333 -0.119928 -0.847415 0.000474 -0.000004 -0.000007 -9.079002 -25.113308 -12.711423 -9.171418 3.505054 -3.135451 -9.367484 -0.385828 -2.551086 0.003064 0.000000 -0.000010 0.000000 0.000000 0.000000 0.000000 0.000000 0.000000 -0.712410 1.243599 10.519646 -0.219853 -0.283817 24.947407 -2.213897 -12.531784 5.939943 -0.770801 0.191154 -19.310324 0.000000 0.000000 0.000000 0.000000 0.000000 0.000000 0.000000 0.000000 0.000000 7.094458 4.043561 9.745867 0.487999 1.176870 25.148602 -5.444511 13.544501 16.030313 1.039849 -0.761374 -21.830002 0.000000 0.000000 0.000000 0.000000 0.000000 0.000000 0.000000 0.000000 0.000000 
-14.135855 85.553207 29.760006 2.123365 4.024734 -17.122974 0.032827 -0.103312 8.085357 -0.059611 0.111075 2.929090 0.560928 0.073764 7.993889 0.504137 -0.247651 3.501939 -10.815702 3.544684 14.001565 0.110343 1.154094 -1.098534 -1.550404 -1.069160 -24.297344 0.000000 0.000000 0.000000 88.054398 1.703049 9.860193 55.763073 17.770201 17.241974 1.209351 24.651049 83.318001 48.552372 62.582329 37.965229 6.679518 -1.212491 41.895718 -0.000001 0.000012 -16.172440 -0.000023 0.000024 -11.260776 0.000009 0.000011 0.000013 -6.319260 17.757666 4.611432 0.735788 -0.831319 -0.843503 0.627571 0.145164 -0.770472 -0.000001 -0.000013 0.000003 -5.840933 7.320614 0.266171 0.910619 -0.960329 -0.389372 0.787634 0.043223 -0.293684 0.000009 -0.000179 -0.000004 -1.427082 -9.280780 -6.104346 1.444037 1.949305 0.616618 1.483471 -0.038007 0.507898 0.000026 0.000356 0.000012 6.712677 -25.958553 -14.095933 2.576433 3.753665 2.234210 2.565075 -0.250778 1.910528 0.000836 0.000006 0.000012 0.000000 0.000000 0.000000 0.000000 0.000000 0.000000 -92.317642 -0.922280 12.169416 -60.358414 -0.960804 5.155545 -2.499079 -24.115253 91.064102 -57.100182 -70.724319 46.424629 -10.996283 1.847782 39.806053 0.000010 -0.000002 -26.603783 0.000004 -0.000048 -18.447817 0.001735 -0.000000 0.000027 -14.308893 17.771893 -1.270948 -10.130233 -0.734336 2.174093 -10.047325 0.275223 1.912162 0.000012 0.000805 -0.000012 -14.006961 7.227780 -3.795007 -10.185930 -0.904502 0.856344 -10.126096 0.074403 0.707675 0.003504 -0.000009 -0.000024 -12.836237 -9.080044 -7.273937 -10.130614 1.819790 -1.071435 -10.155024 -0.117917 -0.836198 0.000319 -0.000004 -0.000007 -8.708651 -25.134300 -12.728170 -9.029795 3.512201 -3.093858 -9.225920 -0.381235 -2.520444 0.003085 0.000000 -0.000010 0.000000 0.000000 0.000000 0.000000 0.000000 0.000000 -0.808869 1.386718 10.832314 -0.224711 -0.299510 24.941383 -2.002402 -12.497653 5.870708 -0.763819 0.210546 -19.339727 0.000000 0.000000 0.000000 0.000000 0.000000 0.000000 0.000000 0.000000 0.000000 7.083750 3.865918 9.718010 0.486677 1.176918 25.012636 -5.421168 13.384531 15.986726 1.049423 -0.779064 -21.743402 0.000000 0.000000 0.000000 0.000000 0.000000 0.000000 0.000000 0.000000 0.000000 
-13.915534 85.543976 29.987188 2.033630 3.834507 -17.178658 0.055102 -0.111956 8.103830 -0.007398 0.120491 2.855107 0.550247 0.212386 8.065309 0.515992 -0.182540 3.538143 -10.717844 3.464670 13.949514 0.108906 1.097109 -1.126211 -1.531349 -1.058119 -24.238169 0.000000 0.000000 0.000000 87.955055 1.686777 9.946479 55.456242 17.004200 17.116457 1.210698 24.619299 83.389534 48.667553 62.849483 38.001915 6.557116 -1.194558 41.953438 -0.000001 0.000013 -15.867014 -0.000022 0.000024 -11.058821 0.000009 0.000010 0.000013 -6.954698 17.755787 4.608058 0.613246 -0.836852 -0.809850 0.494251 0.140162 -0.738740 -0.000001 -0.000014 0.000003 -6.498614 7.318032 0.244394 0.767916 -0.962206 -0.376990 0.647878 0.041602 -0.282563 0.000010 -0.000180 -0.000004 -2.038728 -9.286036 -6.173633 1.303357 1.950912 0.605370 1.348522 -0.036397 0.497073 0.000026 0.000213 0.000012 6.212957 -25.991594 -14.191921 2.479447 3.755173 2.212413 2.468693 -0.248914 1.888457 0.000776 0.000006 0.000012 0.000000 0.000000 0.000000 0.000000 0.000000 0.000000 -92.273125 -0.909541 12.172351 -60.023659 -0.378107 4.759398 -2.590652 -24.295723 89.668190 -56.560146 -70.693794 45.690662 -10.923965 1.839913 39.843388 0.000010 -0.000002 -26.417253 0.000000 -0.000046 -18.313034 0.001781 -0.000000 -0.000002 -13.954459 17.794168 -1.493876 -10.007135 -0.738217 2.142229 -9.926896 0.271671 1.882408 0.000013 0.000882 -0.000013 -13.641663 7.237060 -3.949209 -10.054764 -0.906640 0.844027 -9.998652 0.072851 0.697188 0.003358 -0.000010 -0.000022 -12.448822 -9.092261 -7.373946 -9.998293 1.823786 -1.057227 -10.023495 -0.116081 -0.825379 0.000189 -0.000004 -0.000007 -8.357276 -25.164921 -12.808333 -8.919913 3.519387 -3.055621 -9.115524 -0.376857 -2.491390 0.003084 -0.000000 -0.000010 0.000000 0.000000 0.000000 0.000000 0.000000 0.000000 -0.910508 1.514440 11.156573 -0.229470 -0.316231 24.904242 -1.772510 -12.470121 5.835126 -0.760348 0.230994 -19.375326 0.000000 0.000000 0.000000 0.000000 0.000000 0.000000 0.000000 0.000000 0.000000 7.077994 3.695597 9.677044 0.484867 1.176219 24.900465 -5.373828 13.185686 15.924778 1.054650 -0.794770 -21.658148 0.000000 0.000000 0.000000 0.000000 0.000000 0.000000 0.000000 0.000000 0.000000 
-13.675450 85.540161 30.216061 1.926265 3.657344 -17.221146 0.071455 -0.119847 8.122209 0.044581 0.128043 2.787359 0.566213 0.325269 8.138620 0.531539 -0.124056 3.572109 -10.608563 3.409122 13.819517 0.108101 1.063076 -1.186443 -1.513208 -1.044488 -24.162519 0.000000 0.000000 0.000000 87.868362 1.670770 9.982069 55.228222 16.275076 16.836887 1.199535 24.570442 83.967606 48.768982 62.969559 38.115429 6.436763 -1.177601 42.010014 -0.000000 0.000014 -15.567677 -0.000021 0.000024 -10.859454 0.000010 0.000009 0.000013 -7.585146 17.755087 4.522602 0.503831 -0.842891 -0.776020 0.371145 0.134682 -0.707718 -0.000001 -0.000015 0.000003 -7.131886 7.315722 0.159439 0.639040 -0.964147 -0.364625 0.525743 0.039752 -0.271800 0.000011 -0.000183 -0.000004 -2.593076 -9.292855 -6.297311 1.189317 1.953114 0.594192 1.241017 -0.034670 0.486260 0.000026 0.000080 0.000011 5.791913 -26.025387 -14.336687 2.416018 3.757591 2.188656 2.402638 -0.246094 1.863312 0.000731 0.000006 0.000012 0.000000 0.000000 0.000000 0.000000 0.000000 0.000000 -92.215370 -0.887779 12.136055 -59.749821 0.146695 4.239645 -2.661222 -24.470158 88.569878 -56.247543 -70.484894 45.196575 -10.852629 1.830831 39.881458 0.000009 -0.000001 -26.233215 -0.000001 -0.000045 -18.178574 0.001795 -0.000000 -0.000068 -13.599200 17.827873 -1.713868 -9.904111 -0.740975 2.115925 -9.827363 0.269188 1.858117 0.000013 0.000922 -0.000013 -13.287976 7.250455 -4.104711 -9.948870 -0.908322 0.833705 -9.898496 0.071700 0.688668 0.003146 -0.000010 -0.000020 -12.113542 -9.107829 -7.493609 -9.906957 1.826990 -1.046133 -9.931467 -0.114728 -0.816553 0.000095 -0.000003 -0.000008 -8.094157 -25.204308 -12.922058 -8.862859 3.525950 -3.026286 -9.056340 -0.373409 -2.468640 0.003061 -0.000001 -0.000009 0.000000 0.000000 0.000000 0.000000 0.000000 0.000000 -1.006212 1.632567 11.463958 -0.234002 -0.334691 24.842255 -1.533243 -12.447887 5.836223 -0.759154 0.253782 -19.424921 0.000000 0.000000 0.000000 0.000000 0.000000 0.000000 0.000000 0.000000 0.000000 7.081430 3.533904 9.626066 0.482476 1.175082 24.782784 -5.307306 12.936132 15.858869 1.055194 -0.809190 -21.582659 0.000000 0.000000 0.000000 0.000000 0.000000 0.000000 0.000000 0.000000 0.000000 
-13.413715 85.548714 30.443825 1.811962 3.487359 -17.238230 0.074115 -0.126664 8.134613 0.096068 0.132032 2.729707 0.603563 0.424942 8.220909 0.548790 -0.068277 3.587998 -10.519363 3.397319 13.629615 0.102923 1.059065 -1.272155 -1.499887 -1.026672 -24.079529 0.000000 0.000000 0.000000 87.811028 1.650302 9.958068 55.128342 15.636687 16.452660 1.176509 24.493525 85.010956 48.883392 62.972080 38.384983 6.319798 -1.161456 42.064983 -0.000000 0.000014 -15.277414 -0.000021 0.000024 -10.664212 0.000010 0.000008 0.000013 -8.201531 17.753414 4.384829 0.411926 -0.848679 -0.748547 0.264872 0.129506 -0.683531 -0.000001 -0.000016 0.000003 -7.725676 7.313723 0.040662 0.531679 -0.965909 -0.354631 0.427490 0.037901 -0.263382 0.000012 -0.000187 -0.000004 -3.078751 -9.301875 -6.445666 1.107608 1.955634 0.585890 1.166510 -0.033076 0.477709 0.000027 -0.000019 0.000011 5.441944 -26.063509 -14.494828 2.390396 3.760398 2.170284 2.371785 -0.243162 1.841928 0.000710 0.000005 0.000013 0.000000 0.000000 0.000000 0.000000 0.000000 0.000000 -92.167664 -0.848384 12.040313 -59.546986 0.574766 3.614602 -2.704389 -24.635237 87.883530 -56.229832 -70.117241 45.043491 -10.786728 1.821021 39.918167 0.000007 -0.000001 -26.060905 -0.000001 -0.000043 -18.051971 0.001767 -0.000000 -0.000169 -13.259327 17.865978 -1.903303 -9.815961 -0.742326 2.099811 -9.745039 0.268120 1.843956 0.000014 0.000920 -0.000013 -12.968347 7.265528 -4.240018 -9.865941 -0.909417 0.827143 -9.822330 0.071116 0.683611 0.002869 -0.000011 -0.000017 -11.857110 -9.126331 -7.604695 -9.859735 1.829350 -1.039745 -9.881249 -0.113973 -0.811123 0.000036 -0.000003 -0.000008 -7.949327 -25.255867 -13.032271 -8.865258 3.531928 -3.009960 -9.054201 -0.371246 -2.456370 0.003021 -0.000001 -0.000009 0.000000 0.000000 0.000000 0.000000 0.000000 0.000000 -1.098412 1.748631 11.737887 -0.238463 -0.356281 24.749729 -1.294337 -12.413211 5.878735 -0.759213 0.279912 -19.494883 0.000000 0.000000 0.000000 0.000000 0.000000 0.000000 0.000000 0.000000 0.000000 7.089755 3.385369 9.590398 0.479147 1.173663 24.604511 -5.228881 12.645634 15.808935 1.051893 -0.823157 -21.520746 0.000000 0.000000 0.000000 0.000000 0.000000 0.000000 0.000000 0.000000 0.000000 
-13.128546 85.575897 30.668947 1.707217 3.319923 -17.223230 0.058800 -0.131031 8.135700 0.144630 0.133139 2.680913 0.648228 0.531322 8.314183 0.562424 -0.007770 3.576233 -10.472196 3.426876 13.405368 0.091946 1.077082 -1.371078 -1.490937 -1.003598 -23.989468 0.000000 0.000000 0.000000 87.792206 1.623284 9.876807 55.152935 15.137573 16.033501 1.151235 24.387125 86.302879 49.087383 62.864395 38.828457 6.205674 -1.146783 42.117195 0.000000 0.000014 -14.996422 -0.000020 0.000024 -10.472546 0.000011 0.000008 0.000013 -8.793783 17.739143 4.211530 0.321504 -0.855001 -0.728880 0.163335 0.123688 -0.667554 -0.000002 -0.000017 0.000003 -8.267999 7.307920 -0.095363 0.432381 -0.967730 -0.347377 0.336930 0.035760 -0.257550 0.000012 -0.000191 -0.000004 -3.498229 -9.308533 -6.591838 1.040994 1.958780 0.580528 1.107100 -0.031069 0.471678 0.000028 -0.000070 0.000011 5.137609 -26.100130 -14.629266 2.381871 3.765692 2.157164 2.357454 -0.238135 1.825889 0.000716 0.000005 0.000013 0.000000 0.000000 0.000000 0.000000 0.000000 0.000000 -92.150841 -0.785359 11.877340 -59.376759 0.908534 2.939356 -2.722592 -24.771757 87.551613 -56.437332 -69.660324 45.180019 -10.722595 1.810574 39.954407 0.000006 -0.000001 -25.891384 -0.000000 -0.000042 -17.928179 0.001703 -0.000000 -0.000281 -12.936275 17.897505 -2.056046 -9.721735 -0.743451 2.092491 -9.658369 0.267374 1.839030 0.000014 0.000886 -0.000014 -12.683159 7.278120 -4.347015 -9.786066 -0.910307 0.823888 -9.748752 0.070786 0.681605 0.002552 -0.000011 -0.000014 -11.671556 -9.144765 -7.683022 -9.838102 1.831583 -1.037034 -9.852725 -0.113333 -0.808606 0.000014 -0.000003 -0.000008 -7.902459 -25.315142 -13.106735 -8.908698 3.538682 -3.004070 -9.089812 -0.369131 -2.453527 0.002967 -0.000002 -0.000009 0.000000 0.000000 0.000000 0.000000 0.000000 0.000000 -1.200156 1.868670 11.979557 -0.243083 -0.382003 24.608376 -1.059799 -12.337468 5.964180 -0.760455 0.309709 -19.586164 0.000000 0.000000 0.000000 0.000000 0.000000 0.000000 0.000000 0.000000 0.000000 7.090802 3.252851 9.605762 0.474661 1.172341 24.313469 -5.149930 12.338509 15.788234 1.046296 -0.837780 -21.470381 0.000000 0.000000 0.000000 0.000000 0.000000 0.000000 0.000000 0.000000 0.000000 
-12.818583 85.619797 30.890409 1.623690 3.161209 -17.181490 0.029495 -0.132050 8.125985 0.188840 0.134804 2.642692 0.692079 0.652954 8.402520 0.566565 0.061034 3.545944 -10.467394 3.474183 13.174610 0.076808 1.095316 -1.469526 -1.482216 -0.977558 -23.886328 0.000000 0.000000 0.000000 87.793983 1.592250 9.757826 55.231850 14.789394 15.628128 1.134745 24.274895 87.624489 49.487629 62.683620 39.457012 6.098279 -1.134657 42.163776 -0.000000 0.000015 -14.735228 -0.000019 0.000024 -10.291990 0.000011 0.000007 0.000013 -9.343897 17.707582 4.009138 0.219260 -0.862532 -0.714716 0.054362 0.116422 -0.657430 -0.000002 -0.000019 0.000003 -8.742488 7.296113 -0.247519 0.328524 -0.969822 -0.341993 0.240265 0.033143 -0.253609 0.000013 -0.000194 -0.000005 -3.836114 -9.309776 -6.730053 0.977014 1.962657 0.576997 1.047770 -0.028300 0.467349 0.000028 -0.000093 0.000011 4.895500 -26.128777 -14.735921 2.374702 3.774662 2.146740 2.345168 -0.229822 1.813740 0.000742 0.000004 0.000014 0.000000 0.000000 0.000000 0.000000 0.000000 0.000000 -92.154495 -0.709463 11.670359 -59.199841 1.178405 2.280329 -2.726691 -24.874172 87.446678 -56.769653 -69.240181 45.510380 -10.653118 1.799543 39.992523 0.000005 -0.000000 -25.708755 0.000000 -0.000040 -17.795729 0.001616 0.000000 -0.000372 -12.602921 17.915922 -2.173899 -9.595682 -0.745236 2.090539 -9.540874 0.266032 1.840101 0.000015 0.000841 -0.000014 -12.401489 7.285659 -4.426516 -9.681803 -0.911285 0.822691 -9.649692 0.070422 0.681513 0.002246 -0.000011 -0.000014 -11.513360 -9.158974 -7.726746 -9.805972 1.834202 -1.036446 -9.810328 -0.112434 -0.807922 0.000018 -0.000002 -0.000008 -7.894476 -25.368975 -13.144791 -8.952364 3.546850 -3.004183 -9.122419 -0.365981 -2.456539 0.002908 -0.000002 -0.000008 0.000000 0.000000 0.000000 0.000000 0.000000 0.000000 -1.329701 1.985670 12.194781 -0.248105 -0.411310 24.423454 -0.827291 -12.207611 6.079193 -0.764444 0.341543 -19.692257 0.000000 0.000000 0.000000 0.000000 0.000000 0.000000 0.000000 0.000000 0.000000 7.066876 3.137930 9.682526 0.469344 1.171692 23.911028 -5.072710 12.032022 15.783939 1.038587 -0.853681 -21.423609 0.000000 0.000000 0.000000 0.000000 0.000000 0.000000 0.000000 0.000000 0.000000 
-12.483986 85.674316 31.109562 1.563442 3.021151 -17.127365 -0.013111 -0.129181 8.109761 0.235137 0.137563 2.617991 0.730173 0.788090 8.469565 0.562026 0.134539 3.507554 -10.501122 3.518659 12.958046 0.056192 1.095014 -1.559791 -1.471903 -0.950003 -23.775139 0.000000 0.000000 0.000000 87.794182 1.563211 9.623804 55.297459 14.597087 15.273470 1.127988 24.173475 88.873177 50.097576 62.457260 40.235138 6.002843 -1.125570 42.202576 -0.000000 0.000015 -14.506600 -0.000019 0.000024 -10.132193 0.000012 0.000006 0.000013 -9.828147 17.663065 3.792738 0.103002 -0.870883 -0.703351 -0.065349 0.108091 -0.649966 -0.000003 -0.000020 0.000003 -9.134586 7.279350 -0.410165 0.217449 -0.972092 -0.337505 0.135007 0.030222 -0.250681 0.000014 -0.000196 -0.000006 -4.076930 -9.305350 -6.863026 0.913526 1.966803 0.574173 0.984232 -0.024987 0.463817 0.000028 -0.000107 0.000011 4.742817 -26.145084 -14.826164 2.366435 3.785799 2.137700 2.332763 -0.219446 1.804070 0.000768 0.000004 0.000015 0.000000 0.000000 0.000000 0.000000 0.000000 0.000000 -92.160576 -0.635791 11.450614 -59.006512 1.344245 1.691155 -2.723784 -24.934502 87.474907 -57.104588 -68.915222 45.946720 -10.579854 1.788935 40.030933 0.000004 0.000000 -25.517914 0.000000 -0.000038 -17.658079 0.001529 0.000001 -0.000434 -12.262505 17.920820 -2.258359 -9.431742 -0.747668 2.091286 -9.386258 0.263988 1.844226 0.000015 0.000797 -0.000014 -12.119272 7.287677 -4.478893 -9.544520 -0.912352 0.822504 -9.517200 0.069979 0.682385 0.001988 -0.000012 -0.000016 -11.361894 -9.166378 -7.739777 -9.743444 1.837054 -1.036674 -9.735993 -0.111301 -0.808074 0.000045 -0.000002 -0.000007 -7.892325 -25.407024 -13.146896 -8.969653 3.555715 -3.006329 -9.127154 -0.361814 -2.461818 0.002840 -0.000002 -0.000008 0.000000 0.000000 0.000000 0.000000 0.000000 0.000000 -1.493079 2.102613 12.395189 -0.253444 -0.442630 24.215353 -0.590767 -12.046236 6.207068 -0.772895 0.373951 -19.807341 0.000000 0.000000 0.000000 0.000000 0.000000 0.000000 0.000000 0.000000 0.000000 7.008752 3.041556 9.813190 0.463265 1.171388 23.439325 -4.989598 11.744603 15.778416 1.028526 -0.870908 -21.371513 0.000000 0.000000 0.000000 0.000000 0.000000 0.000000 0.000000 0.000000 0.000000 
-12.126082 85.734756 31.329802 1.520836 2.906791 -17.080412 -0.066458 -0.123050 8.091185 0.292400 0.140217 2.608484 0.761796 0.932847 8.505857 0.550495 0.207484 3.466215 -10.563578 3.555467 12.763628 0.029887 1.072514 -1.639582 -1.460433 -0.921711 -23.669495 0.000000 0.000000 0.000000 87.777718 1.543652 9.492897 55.302956 14.563202 14.993257 1.124427 24.079437 90.056686 50.886673 62.186512 41.113644 5.922325 -1.119589 42.232681 -0.000000 0.000015 -14.318364 -0.000019 0.000024 -9.998538 0.000012 0.000006 0.000013 -10.227472 17.610336 3.570226 -0.023079 -0.879603 -0.692677 -0.194434 0.099179 -0.642462 -0.000003 -0.000021 0.000004 -9.436394 7.258788 -0.583014 0.101439 -0.974381 -0.333148 0.023798 0.027186 -0.248001 0.000015 -0.000200 -0.000006 -4.211337 -9.295179 -7.002295 0.852469 1.970730 0.571178 0.917679 -0.021425 0.460432 0.000028 -0.000129 0.000011 4.695968 -26.143967 -14.919867 2.359591 3.797335 2.129994 2.322817 -0.208413 1.796404 0.000776 0.000004 0.000016 0.000000 0.000000 0.000000 0.000000 0.000000 0.000000 -92.154366 -0.573838 11.236464 -58.814674 1.327109 1.200760 -2.713265 -24.940350 87.625961 -57.309574 -68.650345 46.391033 -10.510081 1.780320 40.065693 0.000004 0.000001 -25.335663 -0.000002 -0.000036 -17.527126 0.001449 0.000001 -0.000466 -11.936470 17.913752 -2.315705 -9.230491 -0.751035 2.090310 -9.194957 0.260853 1.846840 0.000015 0.000747 -0.000015 -11.847654 7.284532 -4.507455 -9.372386 -0.913598 0.821676 -9.350731 0.069339 0.682825 0.001800 -0.000012 -0.000021 -11.210919 -9.165545 -7.732893 -9.642501 1.839910 -1.035916 -9.622810 -0.109915 -0.807621 0.000082 -0.000002 -0.000007 -7.876680 -25.422052 -13.124979 -8.947976 3.564713 -3.006598 -9.093151 -0.356599 -2.465643 0.002761 -0.000002 -0.000008 0.000000 0.000000 0.000000 0.000000 0.000000 0.000000 -1.689067 2.222620 12.604030 -0.258643 -0.474158 23.993303 -0.345055 -11.885096 6.337282 -0.787759 0.405959 -19.926723 0.000000 0.000000 0.000000 0.000000 0.000000 0.000000 0.000000 0.000000 0.000000 6.913067 2.962282 9.981763 0.456092 1.169717 22.951143 -4.886400 11.497660 15.759169 1.015323 -0.888436 -21.304962 0.000000 0.000000 0.000000 0.000000 0.000000 0.000000 0.000000 0.000000 0.000000 
-11.749059 85.799141 31.552137 1.494639 2.817734 -17.045292 -0.134196 -0.114341 8.072281 0.358809 0.140971 2.612910 0.782664 1.084184 8.505094 0.532326 0.276325 3.425220 -10.627325 3.565387 12.595892 -0.000338 1.018639 -1.708429 -1.443741 -0.892301 -23.576630 0.000000 0.000000 0.000000 87.749718 1.537724 9.372286 55.248894 14.666301 14.799486 1.120513 23.995398 91.170212 51.747631 61.890484 42.003185 5.858760 -1.115669 42.255390 -0.000000 0.000015 -14.170165 -0.000018 0.000024 -9.892098 0.000013 0.000006 0.000014 -10.547206 17.559839 3.367771 -0.143072 -0.887544 -0.682908 -0.317748 0.090938 -0.634821 -0.000003 -0.000022 0.000004 -9.663624 7.238309 -0.743151 -0.007064 -0.976419 -0.329004 -0.079686 0.024398 -0.245459 0.000016 -0.000203 -0.000007 -4.263596 -9.282521 -7.132283 0.800033 1.974079 0.567823 0.856334 -0.018087 0.457083 0.000029 -0.000153 0.000011 4.734263 -26.129839 -15.009747 2.357577 3.807540 2.123120 2.318974 -0.198457 1.790036 0.000766 0.000004 0.000016 0.000000 0.000000 0.000000 0.000000 0.000000 0.000000 -92.133308 -0.525847 11.035034 -58.639748 1.121416 0.808297 -2.694322 -24.896463 87.879021 -57.367577 -68.425179 46.806145 -10.450279 1.773410 40.095116 0.000003 0.000001 -25.176807 -0.000006 -0.000035 -17.413883 0.001374 0.000002 -0.000482 -11.634395 17.905533 -2.338351 -9.013893 -0.754896 2.086350 -8.989170 0.257195 1.846209 0.000015 0.000688 -0.000015 -11.598720 7.280651 -4.508025 -9.186052 -0.915014 0.819697 -9.170923 0.068585 0.682262 0.001669 -0.000012 -0.000028 -11.065787 -9.161504 -7.708260 -9.519431 1.842766 -1.033666 -9.487677 -0.108497 -0.806009 0.000125 -0.000001 -0.000007 -7.846379 -25.425615 -13.087535 -8.899345 3.573395 -3.003386 -9.033645 -0.351231 -2.466191 0.002676 -0.000002 -0.000008 0.000000 0.000000 0.000000 0.000000 0.000000 0.000000 -1.917088 2.343813 12.830702 -0.263658 -0.505773 23.759577 -0.090532 -11.743217 6.472102 -0.808369 0.437528 -20.052105 0.000000 0.000000 0.000000 0.000000 0.000000 0.000000 0.000000 0.000000 0.000000 6.775951 2.895771 10.167742 0.447408 1.165518 22.479681 -4.757294 11.294678 15.728991 0.998208 -0.904800 -21.224010 0.000000 0.000000 0.000000 0.000000 0.000000 0.000000 0.000000 0.000000 0.000000 
-11.356060 85.866959 31.776852 1.488007 2.751956 -17.023195 -0.215056 -0.103200 8.055839 0.428654 0.140495 2.627388 0.790736 1.243721 8.469741 0.505834 0.340575 3.382497 -10.678061 3.541794 12.447958 -0.032764 0.931903 -1.771369 -1.418258 -0.861781 -23.500427 0.000000 0.000000 0.000000 87.713226 1.546386 9.268090 55.137268 14.885847 14.681617 1.114372 23.920710 92.215378 52.628826 61.570805 42.878090 5.812194 -1.113505 42.271214 -0.000000 0.000015 -14.061491 -0.000019 0.000024 -9.812073 0.000013 0.000005 0.000014 -10.789001 17.515184 3.187219 -0.247698 -0.894432 -0.674403 -0.426639 0.083648 -0.627307 -0.000003 -0.000023 0.000005 -9.819497 7.219101 -0.888622 -0.101355 -0.978139 -0.325280 -0.167861 0.021960 -0.243149 0.000017 -0.000207 -0.000007 -4.235564 -9.268285 -7.254595 0.761482 1.976796 0.564430 0.806757 -0.015095 0.454008 0.000029 -0.000177 0.000011 4.860160 -26.103748 -15.101028 2.365810 3.816043 2.118299 2.325977 -0.189947 1.785744 0.000738 0.000004 0.000016 0.000000 0.000000 0.000000 0.000000 0.000000 0.000000 -92.098076 -0.490983 10.846190 -58.480194 0.739276 0.513277 -2.665870 -24.810720 88.247040 -57.333656 -68.214638 47.230160 -10.401555 1.767993 40.119133 0.000003 0.000002 -25.044365 -0.000010 -0.000033 -17.320583 0.001296 0.000003 -0.000494 -11.355418 17.899584 -2.328981 -8.790888 -0.759273 2.078380 -8.778089 0.252987 1.841079 0.000015 0.000616 -0.000015 -11.374150 7.277426 -4.484824 -8.993476 -0.916652 0.816180 -8.985997 0.067673 0.680311 0.001583 -0.000012 -0.000035 -10.931323 -9.155910 -7.675773 -9.383780 1.845652 -1.029630 -9.339758 -0.107029 -0.802944 0.000161 -0.000000 -0.000007 -7.807079 -25.421829 -13.051744 -8.833340 3.581753 -2.996254 -8.959241 -0.345789 -2.462842 0.002591 -0.000002 -0.000009 0.000000 0.000000 0.000000 0.000000 0.000000 0.000000 -2.181226 2.465069 13.076344 -0.268550 -0.537871 23.512806 0.172565 -11.619943 6.613886 -0.834096 0.468228 -20.183584 0.000000 0.000000 0.000000 0.000000 0.000000 0.000000 0.000000 0.000000 0.000000 6.589726 2.841275 10.358101 0.436954 1.158383 22.037649 -4.597155 11.139857 15.697563 0.976784 -0.919493 -21.133587 0.000000 0.000000 0.000000 0.000000 0.000000 0.000000 0.000000 0.000000 0.000000 
-10.950587 85.937454 32.003407 1.502418 2.703440 -17.010458 -0.305341 -0.089760 8.042382 0.499051 0.139201 2.648278 0.783533 1.413275 8.402415 0.471845 0.401371 3.334321 -10.710392 3.486285 12.314816 -0.065670 0.816166 -1.831350 -1.383073 -0.830739 -23.442448 0.000000 0.000000 0.000000 87.674782 1.569050 9.183100 54.967789 15.213943 14.631590 1.103890 23.853561 93.200691 53.492073 61.223709 43.724052 5.783811 -1.112718 42.280312 0.000000 0.000015 -13.995081 -0.000019 0.000024 -9.760481 0.000013 0.000005 0.000014 -10.949968 17.480949 3.024148 -0.325897 -0.899926 -0.668483 -0.509995 0.077745 -0.621266 -0.000003 -0.000024 0.000006 -9.900094 7.202976 -1.020813 -0.171488 -0.979498 -0.322543 -0.230879 0.020011 -0.241507 0.000018 -0.000211 -0.000007 -4.126245 -9.254766 -7.369577 0.745660 1.978898 0.561766 0.778737 -0.012631 0.451760 0.000030 -0.000197 0.000012 5.074069 -26.071358 -15.193673 2.392373 3.822667 2.117595 2.351343 -0.183396 1.785177 0.000695 0.000005 0.000016 0.000000 0.000000 0.000000 0.000000 0.000000 0.000000 -92.052589 -0.466933 10.667718 -58.339005 0.188597 0.313721 -2.628233 -24.693853 88.762955 -57.263100 -68.001320 47.696327 -10.362625 1.763444 40.138992 0.000002 0.000002 -24.935354 -0.000014 -0.000032 -17.245220 0.001214 0.000004 -0.000513 -11.092202 17.898260 -2.287325 -8.566267 -0.764010 2.066938 -8.566679 0.248457 1.831878 0.000014 0.000531 -0.000015 -11.170352 7.275871 -4.438509 -8.799120 -0.918506 0.811350 -8.800523 0.066635 0.677122 0.001528 -0.000012 -0.000043 -10.810434 -9.150728 -7.637021 -9.243563 1.848523 -1.024217 -9.186665 -0.105602 -0.798695 0.000184 0.000000 -0.000007 -7.765410 -25.416662 -13.022348 -8.759521 3.589582 -2.986706 -8.879979 -0.340642 -2.456823 0.002510 -0.000002 -0.000009 0.000000 0.000000 0.000000 0.000000 0.000000 0.000000 -2.482065 2.584832 13.330920 -0.273479 -0.570756 23.253437 0.439782 -11.505254 6.763484 -0.864375 0.497225 -20.318966 0.000000 0.000000 0.000000 0.000000 0.000000 0.000000 0.000000 0.000000 0.000000 6.353159 2.799307 10.543689 0.424895 1.148519 21.628380 -4.407643 11.032228 15.670188 0.951237 -0.932701 -21.039719 0.000000 0.000000 0.000000 0.000000 0.000000 0.000000 0.000000 0.000000 0.000000 
-10.536578 86.008957 32.230770 1.536323 2.663405 -17.001331 -0.399624 -0.074405 8.031840 0.571939 0.136555 2.670838 0.756968 1.594675 8.307642 0.434132 0.460896 3.273422 -10.724403 3.408182 12.203868 -0.097879 0.679396 -1.883867 -1.340785 -0.800669 -23.402534 0.000000 0.000000 0.000000 87.648468 1.603459 9.116331 54.752300 15.659690 14.647141 1.087312 23.794588 94.161385 54.323299 60.848812 44.544991 5.774693 -1.113203 42.282494 0.000001 0.000014 -13.974531 -0.000020 0.000024 -9.740232 0.000013 0.000005 0.000014 -11.016883 17.459572 2.868784 -0.366966 -0.903613 -0.666704 -0.556686 0.073726 -0.618337 -0.000003 -0.000026 0.000006 -9.889843 7.191060 -1.142454 -0.206032 -0.980402 -0.321452 -0.258173 0.018698 -0.241060 0.000019 -0.000214 -0.000008 -3.923965 -9.243743 -7.471870 0.765002 1.980243 0.560832 0.785121 -0.010940 0.451000 0.000030 -0.000202 0.000012 5.382627 -26.037231 -15.275219 2.448824 3.826826 2.123857 2.405572 -0.179552 1.790435 0.000645 0.000005 0.000016 0.000000 0.000000 0.000000 0.000000 0.000000 0.000000 -92.008110 -0.450471 10.495970 -58.234482 -0.545478 0.204180 -2.582077 -24.554598 89.474648 -57.181664 -67.794846 48.214306 -10.329769 1.759200 40.156391 0.000002 0.000002 -24.842628 -0.000017 -0.000032 -17.182688 0.001131 0.000004 -0.000545 -10.836792 17.900780 -2.209177 -8.342533 -0.768663 2.053236 -8.357693 0.244093 1.819711 0.000014 0.000434 -0.000016 -10.984385 7.275699 -4.364058 -8.605323 -0.920430 0.805639 -8.616796 0.065569 0.673065 0.001489 -0.000012 -0.000051 -10.712867 -9.146626 -7.582139 -9.105330 1.851106 -1.018010 -9.035056 -0.104371 -0.793580 0.000189 0.000001 -0.000006 -7.738911 -25.413233 -12.983096 -8.685521 3.596295 -2.976406 -8.803143 -0.336318 -2.449610 0.002429 -0.000002 -0.000009 0.000000 0.000000 0.000000 0.000000 0.000000 0.000000 -2.812436 2.707191 13.577724 -0.278502 -0.604196 22.988386 0.702576 -11.388425 6.918880 -0.898473 0.523208 -20.453896 0.000000 0.000000 0.000000 0.000000 0.000000 0.000000 0.000000 0.000000 0.000000 6.074445 2.773178 10.723842 0.411703 1.136587 21.247425 -4.197178 10.965057 15.646347 0.922491 -0.945235 -20.948458 0.000000 0.000000 0.000000 0.000000 0.000000 0.000000 0.000000 0.000000 0.000000 
-10.117461 86.078972 32.457203 1.585460 2.623867 -16.990412 -0.493184 -0.059033 8.025689 0.650528 0.130786 2.687793 0.707078 1.785623 8.194803 0.397187 0.520315 3.189448 -10.719824 3.323639 12.123968 -0.127882 0.535170 -1.922012 -1.297038 -0.774076 -23.376543 0.000000 0.000000 0.000000 87.655930 1.642291 9.057064 54.504593 16.220062 14.714614 1.066465 23.758120 95.144485 55.095020 60.469723 45.345013 5.786665 -1.114976 42.277218 0.000001 0.000013 -14.005328 -0.000021 0.000024 -9.755747 0.000012 0.000006 0.000015 -10.959846 17.452242 2.713879 -0.357433 -0.904601 -0.670500 -0.553315 0.072491 -0.619883 -0.000002 -0.000027 0.000007 -9.763610 7.184130 -1.252461 -0.190359 -0.980560 -0.322593 -0.235532 0.018263 -0.242239 0.000019 -0.000217 -0.000007 -3.608688 -9.236434 -7.547747 0.835912 1.980273 0.562607 0.842455 -0.010451 0.452229 0.000031 -0.000183 0.000012 5.801227 -26.002066 -15.322796 2.549057 3.826697 2.139036 2.501144 -0.179849 1.802476 0.000597 0.000005 0.000015 0.000000 0.000000 0.000000 0.000000 0.000000 0.000000 -91.982269 -0.438549 10.325705 -58.178913 -1.449624 0.160055 -2.531049 -24.410568 90.403252 -57.050026 -67.637482 48.732578 -10.298018 1.755011 40.172947 0.000001 0.000003 -24.758415 -0.000016 -0.000031 -17.127249 0.001060 0.000005 -0.000579 -10.574279 17.903370 -2.092193 -8.116879 -0.772435 2.037483 -8.148062 0.240703 1.804560 0.000013 0.000335 -0.000016 -10.808175 7.275791 -4.258428 -8.410241 -0.922146 0.799102 -8.433154 0.064646 0.668169 0.001445 -0.000013 -0.000058 -10.646894 -9.143411 -7.502328 -8.972331 1.852978 -1.011191 -8.888755 -0.103563 -0.787469 0.000166 0.000001 -0.000006 -7.747194 -25.412891 -12.914244 -8.616317 3.600804 -2.965586 -8.733036 -0.333725 -2.441317 0.002344 -0.000003 -0.000009 0.000000 0.000000 0.000000 0.000000 0.000000 0.000000 -3.161934 2.836740 13.801966 -0.283554 -0.637588 22.730682 0.950586 -11.266597 7.076599 -0.935230 0.544884 -20.583212 0.000000 0.000000 0.000000 0.000000 0.000000 0.000000 0.000000 0.000000 0.000000 5.769190 2.769019 10.902640 0.397852 1.123041 20.892691 -3.975444 10.923809 15.618494 0.891348 -0.957538 -20.863323 0.000000 0.000000 0.000000 0.000000 0.000000 0.000000 0.000000 0.000000 0.000000 
-9.695033 86.145164 32.682137 1.645786 2.575264 -16.981443 -0.584892 -0.044981 8.025157 0.734463 0.120838 2.701070 0.633488 1.980968 8.076677 0.366127 0.579984 3.087134 -10.706840 3.246194 12.071981 -0.152700 0.397059 -1.947535 -1.256415 -0.752107 -23.372561 0.000000 0.000000 0.000000 87.708229 1.675311 8.990434 54.208332 16.865602 14.817065 1.043469 23.741495 96.134583 55.746929 60.126984 46.112717 5.821863 -1.119105 42.262020 0.000002 0.000012 -14.098269 -0.000022 0.000024 -9.813578 0.000012 0.000006 0.000015 -10.734065 17.455664 2.539540 -0.288994 -0.902764 -0.680192 -0.491183 0.073974 -0.626538 -0.000002 -0.000029 0.000008 -9.486209 7.181083 -1.366029 -0.116940 -0.979858 -0.325933 -0.155441 0.018656 -0.245043 0.000019 -0.000219 -0.000007 -3.155235 -9.230870 -7.601199 0.965428 1.978727 0.567133 0.958376 -0.011089 0.455319 0.000032 -0.000145 0.000012 6.344915 -25.956877 -15.328042 2.695977 3.821778 2.160979 2.640859 -0.183953 1.819473 0.000556 0.000005 0.000014 0.000000 0.000000 0.000000 0.000000 0.000000 0.000000 -91.985062 -0.426183 10.150231 -58.160664 -2.487242 0.157490 -2.482532 -24.282444 91.527931 -56.850212 -67.528946 49.221409 -10.264926 1.751508 40.188271 0.000001 0.000003 -24.681068 -0.000012 -0.000031 -17.077421 0.001018 0.000006 -0.000608 -10.311955 17.900574 -1.966111 -7.891209 -0.775181 2.018072 -7.937666 0.238265 1.785127 0.000012 0.000237 -0.000017 -10.647884 7.274142 -4.146362 -8.216139 -0.923542 0.791183 -8.251469 0.063839 0.661896 0.001385 -0.000013 -0.000066 -10.624535 -9.139158 -7.411797 -8.852607 1.853945 -1.003348 -8.754852 -0.103133 -0.780050 0.000117 0.000001 -0.000006 -7.815387 -25.411558 -12.819878 -8.562167 3.602739 -2.953152 -8.678914 -0.332826 -2.431026 0.002244 -0.000003 -0.000009 0.000000 0.000000 0.000000 0.000000 0.000000 0.000000 -3.527158 2.967329 13.996406 -0.288809 -0.670998 22.503059 1.178504 -11.141764 7.228972 -0.973572 0.562231 -20.700026 0.000000 0.000000 0.000000 0.000000 0.000000 0.000000 0.000000 0.000000 0.000000 5.451228 2.794101 11.096672 0.383758 1.107934 20.559753 -3.745542 10.899776 15.577394 0.859150 -0.969380 -20.780926 0.000000 0.000000 0.000000 0.000000 0.000000 0.000000 0.000000 0.000000 0.000000 
-9.269949 86.204941 32.907551 1.717044 2.504746 -16.985167 -0.675919 -0.031224 8.031396 0.816208 0.109949 2.719817 0.542486 2.176839 7.965796 0.348000 0.642495 2.985212 -10.698576 3.187099 12.047086 -0.167519 0.279996 -1.961867 -1.220255 -0.734530 -23.411369 0.000000 0.000000 0.000000 87.799110 1.697291 8.913687 53.866062 17.588266 14.975185 1.016374 23.728762 97.059464 56.196533 59.847973 46.807228 5.884421 -1.126577 42.233555 0.000003 0.000011 -14.267377 -0.000023 0.000024 -9.923449 0.000012 0.000006 0.000016 -10.309282 17.472414 2.330215 -0.154614 -0.898808 -0.696699 -0.364435 0.077557 -0.639782 -0.000001 -0.000030 0.000009 -9.031305 7.182723 -1.497310 0.017765 -0.978568 -0.331596 -0.014998 0.019669 -0.249690 0.000019 -0.000220 -0.000006 -2.551639 -9.226562 -7.640872 1.149559 1.976142 0.574433 1.129622 -0.012452 0.460310 0.000033 -0.000100 0.000012 7.005708 -25.899284 -15.290435 2.879404 3.814099 2.186949 2.815784 -0.190091 1.839833 0.000520 0.000005 0.000013 0.000000 0.000000 0.000000 0.000000 0.000000 0.000000 -92.012138 -0.408988 9.966396 -58.173244 -3.653053 0.210824 -2.444973 -24.190109 92.806328 -56.576962 -67.447311 49.672729 -10.235000 1.749263 40.200172 0.000001 0.000003 -24.619930 -0.000005 -0.000031 -17.039873 0.001009 0.000007 -0.000628 -10.082167 17.895262 -1.866457 -7.688334 -0.777088 1.996445 -7.746074 0.236473 1.763487 0.000011 0.000142 -0.000017 -10.526191 7.271294 -4.055518 -8.043418 -0.924665 0.782521 -8.090809 0.063106 0.654775 0.001315 -0.000014 -0.000076 -10.662492 -9.133875 -7.327123 -8.765273 1.854177 -0.995483 -8.652683 -0.102984 -0.772474 0.000046 0.000002 -0.000006 -7.968786 -25.408293 -12.713159 -8.541610 3.602620 -2.941957 -8.658427 -0.333186 -2.421436 0.002115 -0.000003 -0.000010 0.000000 0.000000 0.000000 0.000000 0.000000 0.000000 -3.911886 3.089786 14.159480 -0.295090 -0.706195 22.325974 1.389600 -10.996789 7.357273 -1.012472 0.577727 -20.791590 0.000000 0.000000 0.000000 0.000000 0.000000 0.000000 0.000000 0.000000 0.000000 5.130744 2.857753 11.331494 0.369887 1.091040 20.235081 -3.510953 10.899659 15.512728 0.829016 -0.980989 -20.691336 0.000000 0.000000 0.000000 0.000000 0.000000 0.000000 0.000000 0.000000 0.000000 
-8.842361 86.255585 33.134892 1.798888 2.402505 -17.008158 -0.768480 -0.016190 8.048582 0.890114 0.100389 2.738461 0.442796 2.373371 7.879798 0.342497 0.709950 2.884008 -10.690679 3.159748 12.031626 -0.170564 0.200055 -1.972569 -1.190545 -0.719913 -23.492931 0.000000 0.000000 0.000000 87.930954 1.706725 8.843374 53.556046 18.368120 15.207811 0.983381 23.708727 97.948692 56.424122 59.640430 47.401535 5.971514 -1.137202 42.192730 0.000003 0.000010 -14.502603 -0.000024 0.000023 -10.079808 0.000012 0.000006 0.000016 -9.706544 17.498947 2.079422 0.038860 -0.892687 -0.722297 -0.181232 0.083434 -0.661528 -0.000001 -0.000032 0.000009 -8.417349 7.188138 -1.652146 0.206747 -0.976593 -0.340445 0.178762 0.021383 -0.256978 0.000018 -0.000221 -0.000005 -1.815816 -9.223042 -7.671637 1.379831 1.972548 0.585567 1.347578 -0.014634 0.468100 0.000034 -0.000055 0.000012 7.753263 -25.831945 -15.211894 3.091991 3.803799 2.220200 3.019254 -0.198310 1.866218 0.000494 0.000004 0.000012 0.000000 0.000000 0.000000 0.000000 0.000000 0.000000 -92.065346 -0.382994 9.785405 -58.232468 -4.954147 0.337134 -2.415199 -24.127829 94.167854 -56.247787 -67.387184 50.091576 -10.211044 1.748262 40.208214 0.000000 0.000003 -24.576813 0.000002 -0.000031 -17.015858 0.001019 0.000008 -0.000640 -9.891003 17.890804 -1.798855 -7.524232 -0.778044 1.974564 -7.587902 0.235368 1.741865 0.000010 0.000054 -0.000016 -10.444580 7.268548 -3.989295 -7.906757 -0.925461 0.773870 -7.965599 0.062518 0.647553 0.001230 -0.000014 -0.000086 -10.765108 -9.129057 -7.249355 -8.721216 1.853698 -0.988662 -8.594748 -0.103162 -0.765692 -0.000044 0.000003 -0.000007 -8.214384 -25.406876 -12.598402 -8.564778 3.600722 -2.934386 -8.681125 -0.334747 -2.414618 0.001962 -0.000003 -0.000010 0.000000 0.000000 0.000000 0.000000 0.000000 0.000000 -4.311376 3.212711 14.299245 -0.302683 -0.743810 22.205603 1.588064 -10.817456 7.449028 -1.050580 0.593694 -20.850803 0.000000 0.000000 0.000000 0.000000 0.000000 0.000000 0.000000 0.000000 0.000000 4.819386 2.961275 11.618495 0.356577 1.072013 19.913975 -3.276616 10.931009 15.422647 0.802741 -0.992230 -20.590429 0.000000 0.000000 0.000000 0.000000 0.000000 0.000000 0.000000 0.000000 0.000000 
-8.412453 86.295052 33.364784 1.893547 2.267658 -17.056829 -0.864631 0.001490 8.076629 0.953841 0.093290 2.751038 0.336097 2.573854 7.837291 0.344806 0.784171 2.778146 -10.654820 3.160124 12.010108 -0.158497 0.163211 -1.987844 -1.165474 -0.707569 -23.603889 0.000000 0.000000 0.000000 88.097504 1.705528 8.810982 53.362164 19.148121 15.541962 0.947082 23.690777 98.828239 56.502132 59.537292 47.912975 6.079275 -1.151636 42.140205 0.000004 0.000009 -14.791980 -0.000025 0.000023 -10.275073 0.000012 0.000007 0.000017 -8.940533 17.522854 1.782823 0.274231 -0.885147 -0.756428 0.042624 0.090767 -0.690987 -0.000000 -0.000034 0.000010 -7.652563 7.192938 -1.835180 0.436579 -0.973974 -0.352448 0.412485 0.023595 -0.266927 0.000018 -0.000221 -0.000004 -0.944033 -9.216148 -7.696628 1.652931 1.968060 0.600898 1.607617 -0.017406 0.479059 0.000035 -0.000011 0.000012 8.593304 -25.749962 -15.093762 3.339067 3.791306 2.264208 3.255630 -0.207810 1.901223 0.000486 0.000004 0.000011 0.000000 0.000000 0.000000 0.000000 0.000000 0.000000 -92.151146 -0.347573 9.634353 -58.338623 -6.343167 0.570308 -2.387902 -24.093502 95.524498 -55.819965 -67.324158 50.394463 -10.196033 1.749033 40.211040 0.000000 0.000003 -24.556744 0.000010 -0.000031 -17.008476 0.001030 0.000009 -0.000643 -9.755803 17.885355 -1.770162 -7.406067 -0.778252 1.953482 -7.471482 0.234653 1.721385 0.000009 -0.000024 -0.000016 -10.412621 7.265052 -3.948775 -7.812201 -0.925893 0.765618 -7.881833 0.062062 0.640628 0.001142 -0.000015 -0.000096 -10.932882 -9.123555 -7.172878 -8.721395 1.852553 -0.982933 -8.581512 -0.103478 -0.759901 -0.000149 0.000003 -0.000007 -8.543945 -25.403492 -12.465961 -8.628325 3.597678 -2.929201 -8.742457 -0.336593 -2.409775 0.001789 -0.000004 -0.000010 0.000000 0.000000 0.000000 0.000000 0.000000 0.000000 -4.719700 3.343144 14.435699 -0.311557 -0.783401 22.136431 1.779584 -10.598704 7.493459 -1.087332 0.611082 -20.872826 0.000000 0.000000 0.000000 0.000000 0.000000 0.000000 0.000000 0.000000 0.000000 4.521615 3.102223 11.953369 0.344149 1.050956 19.603176 -3.045656 10.992267 15.311848 0.781454 -1.002153 -20.478313 0.000000 0.000000 0.000000 0.000000 0.000000 0.000000 0.000000 0.000000 0.000000 
-7.979761 86.323219 33.595322 2.007211 2.103436 -17.137043 -0.969004 0.022393 8.112720 1.007278 0.088180 2.759274 0.216269 2.779707 7.853853 0.352201 0.864273 2.669294 -10.544366 3.167513 11.973056 -0.128046 0.164980 -2.012837 -1.139217 -0.695666 -23.727758 0.000000 0.000000 0.000000 88.280495 1.697730 8.848072 53.311443 19.838013 15.986084 0.910810 23.676079 99.669426 56.505459 59.594879 48.383701 6.209824 -1.170370 42.075443 0.000004 0.000007 -15.136057 -0.000026 0.000024 -10.510445 0.000012 0.000007 0.000017 -8.014560 17.540808 1.440923 0.546862 -0.876683 -0.798039 0.303306 0.099117 -0.727054 0.000000 -0.000035 0.000010 -6.737827 7.195527 -2.047925 0.704421 -0.970804 -0.367301 0.682689 0.026188 -0.279321 0.000017 -0.000223 -0.000003 0.066133 -9.203163 -7.723097 1.971182 1.962928 0.620417 1.911154 -0.020598 0.493221 0.000036 0.000031 0.000012 9.534714 -25.649385 -14.947124 3.627979 3.777267 2.320184 3.531546 -0.217923 1.945531 0.000495 0.000004 0.000010 0.000000 0.000000 0.000000 0.000000 0.000000 0.000000 -92.265015 -0.306472 9.548261 -58.475349 -7.743099 0.938037 -2.356714 -24.074160 96.828323 -55.244102 -67.231354 50.492920 -10.193377 1.751276 40.207939 -0.000000 0.000003 -24.567446 0.000015 -0.000031 -17.023533 0.001019 0.000011 -0.000610 -9.673616 17.885149 -1.775564 -7.334907 -0.777240 1.937405 -7.399062 0.234933 1.705643 0.000008 -0.000084 -0.000015 -10.421918 7.262758 -3.925723 -7.758177 -0.925782 0.759309 -7.837945 0.061965 0.635300 0.001060 -0.000016 -0.000104 -11.141030 -9.118709 -7.091810 -8.756284 1.850642 -0.979567 -8.601737 -0.104027 -0.756065 -0.000273 0.000004 -0.000007 -8.917186 -25.398205 -12.312822 -8.716228 3.593518 -2.928014 -8.825683 -0.338736 -2.408171 0.001606 -0.000004 -0.000011 0.000000 0.000000 0.000000 0.000000 0.000000 0.000000 -5.142914 3.478047 14.588245 -0.321817 -0.825126 22.107075 1.971232 -10.341225 7.479793 -1.122998 0.629532 -20.852165 0.000000 0.000000 0.000000 0.000000 0.000000 0.000000 0.000000 0.000000 0.000000 4.231892 3.285509 12.324421 0.332671 1.028237 19.304056 -2.812237 11.071772 15.194042 0.764968 -1.009631 -20.359241 0.000000 0.000000 0.000000 0.000000 0.000000 0.000000 0.000000 0.000000 0.000000 
-7.543964 86.340729 33.821617 2.141007 1.915272 -17.244877 -1.087175 0.046233 8.153495 1.045993 0.085923 2.769238 0.081488 2.985093 7.932761 0.363341 0.946474 2.561927 -10.309947 3.153700 11.904514 -0.080216 0.199070 -2.059140 -1.109611 -0.681526 -23.853178 0.000000 0.000000 0.000000 88.457054 1.691866 8.976213 53.419891 20.401133 16.556635 0.875901 23.684839 100.402924 56.398018 59.842064 48.801865 6.368605 -1.193676 41.997623 0.000004 0.000007 -15.538597 -0.000026 0.000024 -10.789581 0.000011 0.000007 0.000018 -6.930073 17.555738 1.078408 0.866929 -0.867070 -0.848824 0.610834 0.108803 -0.771576 0.000001 -0.000036 0.000011 -5.671662 7.196901 -2.278157 1.021851 -0.966934 -0.386037 1.000640 0.029354 -0.295148 0.000016 -0.000227 -0.000002 1.221062 -9.183920 -7.753997 2.350229 1.957047 0.646112 2.273772 -0.024442 0.512283 0.000037 0.000077 0.000011 10.598979 -25.532528 -14.785224 3.978303 3.761186 2.394507 3.867275 -0.229262 2.004642 0.000525 0.000004 0.000009 0.000000 0.000000 0.000000 0.000000 0.000000 0.000000 -92.402000 -0.268322 9.557882 -58.655907 -9.108029 1.454676 -2.312697 -24.059099 98.026970 -54.406982 -67.138229 50.321911 -10.208131 1.754347 40.197990 -0.000001 0.000002 -24.618999 0.000017 -0.000031 -17.068613 0.000981 0.000012 -0.000502 -9.638207 17.901308 -1.776337 -7.318835 -0.773316 1.936994 -7.379269 0.238097 1.704008 0.000008 -0.000119 -0.000014 -10.470628 7.265256 -3.887848 -7.751832 -0.924491 0.759155 -7.840858 0.062891 0.635049 0.000979 -0.000018 -0.000108 -11.381591 -9.116996 -6.991562 -8.825510 1.847178 -0.983231 -8.653752 -0.105548 -0.757833 -0.000424 0.000005 -0.000008 -9.319562 -25.390965 -12.137111 -8.822493 3.586316 -2.942343 -8.925332 -0.342999 -2.419531 0.001421 -0.000004 -0.000011 0.000000 0.000000 0.000000 0.000000 0.000000 0.000000 -5.583852 3.617972 14.763009 -0.333760 -0.870072 22.104126 2.169798 -10.037910 7.404292 -1.155913 0.648798 -20.789106 0.000000 0.000000 0.000000 0.000000 0.000000 0.000000 0.000000 0.000000 0.000000 3.945862 3.515893 12.712359 0.322257 1.004348 19.013769 -2.566398 11.155737 15.079639 0.753159 -1.013087 -20.238668 0.000000 0.000000 0.000000 0.000000 0.000000 0.000000 0.000000 0.000000 0.000000 
-7.105888 86.348846 34.036987 2.288987 1.711895 -17.371260 -1.213207 0.071527 8.195251 1.061988 0.089496 2.786453 -0.060920 3.182207 8.066018 0.369976 1.027443 2.457846 -9.914873 3.084907 11.786743 -0.020788 0.249033 -2.141870 -1.076590 -0.663443 -23.971149 0.000000 0.000000 0.000000 88.606758 1.704190 9.219519 53.705124 20.840187 17.316423 0.843581 23.760359 100.963547 56.214378 60.261600 49.174881 6.563424 -1.222401 41.904755 0.000004 0.000006 -16.009205 -0.000027 0.000024 -11.118748 0.000010 0.000008 0.000019 -5.687890 17.569263 0.707371 1.247015 -0.856215 -0.910719 0.978107 0.119983 -0.827027 0.000001 -0.000036 0.000012 -4.442046 7.198362 -2.521982 1.407222 -0.962280 -0.410089 1.386065 0.033302 -0.315766 0.000015 -0.000233 -0.000001 2.552197 -9.160538 -7.790411 2.822211 1.950302 0.681137 2.727590 -0.029218 0.538991 0.000037 0.000122 0.000011 11.841492 -25.410408 -14.610236 4.431415 3.742402 2.498575 4.307201 -0.243078 2.088692 0.000584 0.000004 0.000009 0.000000 0.000000 0.000000 0.000000 0.000000 0.000000 -92.562698 -0.239959 9.690680 -58.923157 -10.422727 2.149457 -2.243085 -24.048862 99.056419 -53.182446 -67.154182 49.860054 -10.246850 1.757298 40.179588 -0.000001 0.000002 -24.725979 0.000015 -0.000031 -17.154440 0.000939 0.000013 -0.000306 -9.645493 17.947414 -1.733009 -7.366172 -0.764610 1.964944 -7.421074 0.246273 1.728334 0.000007 -0.000126 -0.000013 -10.567102 7.277256 -3.799647 -7.805768 -0.921321 0.770465 -7.902074 0.065636 0.644203 0.000898 -0.000019 -0.000106 -11.668197 -9.123079 -6.846434 -8.941883 1.841339 -1.000429 -8.750383 -0.109100 -0.770363 -0.000610 0.000005 -0.000008 -9.762024 -25.387495 -11.923525 -8.959961 3.573625 -2.990204 -9.055293 -0.352138 -2.459446 0.001253 -0.000004 -0.000011 0.000000 0.000000 0.000000 0.000000 0.000000 0.000000 -6.037645 3.764734 14.961725 -0.347375 -0.918513 22.112932 2.383211 -9.679547 7.282603 -1.183445 0.668113 -20.693144 0.000000 0.000000 0.000000 0.000000 0.000000 0.000000 0.000000 0.000000 0.000000 3.663075 3.785148 13.088816 0.313511 0.980797 18.744354 -2.297913 11.224474 14.970372 0.745430 -1.012460 -20.122030 0.000000 0.000000 0.000000 0.000000 0.000000 0.000000 0.000000 0.000000 0.000000 
-6.669641 86.346359 34.234371 2.438906 1.497344 -17.504171 -1.331420 0.095529 8.238461 1.062633 0.096944 2.803357 -0.200943 3.371875 8.229088 0.361100 1.109717 2.355603 -9.380151 2.945807 11.616716 0.043327 0.296969 -2.257217 -1.041446 -0.642476 -24.066380 0.000000 0.000000 0.000000 88.702087 1.747546 9.581960 54.088848 21.113171 18.279572 0.822452 23.898726 101.206123 56.173691 60.758198 49.565887 6.795499 -1.256626 41.797070 0.000004 0.000006 -16.546621 -0.000027 0.000025 -11.495699 0.000009 0.000008 0.000019 -4.305824 17.578016 0.332634 1.704130 -0.842035 -0.989354 1.423972 0.134614 -0.898466 0.000001 -0.000035 0.000012 -3.063978 7.199960 -2.779272 1.881183 -0.956020 -0.441872 1.862198 0.038681 -0.343013 0.000014 -0.000238 0.000000 4.046023 -9.135765 -7.825793 3.413468 1.941105 0.729361 3.299639 -0.035926 0.576358 0.000037 0.000164 0.000011 13.264186 -25.291199 -14.416442 5.014797 3.716086 2.644202 4.882711 -0.263341 2.208477 0.000665 0.000004 0.000009 0.000000 0.000000 0.000000 0.000000 0.000000 0.000000 -92.731590 -0.228147 9.941769 -59.277164 -11.573467 2.997133 -2.146982 -24.071264 99.834442 -51.613937 -67.270378 49.133942 -10.312748 1.759911 40.151527 -0.000002 0.000002 -24.898159 0.000010 -0.000031 -17.286282 0.000916 0.000014 -0.000032 -9.708485 18.030499 -1.672400 -7.495121 -0.750010 2.024622 -7.543708 0.260607 1.782433 0.000006 -0.000112 -0.000012 -10.723214 7.301801 -3.684610 -7.942953 -0.915844 0.794771 -8.043305 0.070586 0.663969 0.000839 -0.000019 -0.000100 -12.007689 -9.141400 -6.672534 -9.131544 1.832704 -1.033506 -8.920031 -0.115324 -0.795428 -0.000855 0.000006 -0.000008 -10.241182 -25.401169 -11.691511 -9.159028 3.553514 -3.079868 -9.245097 -0.368368 -2.535058 0.001127 -0.000005 -0.000011 0.000000 0.000000 0.000000 0.000000 0.000000 0.000000 -6.491393 3.925886 15.169901 -0.362500 -0.969406 22.134266 2.611508 -9.269475 7.142720 -1.204593 0.687030 -20.585943 0.000000 0.000000 0.000000 0.000000 0.000000 0.000000 0.000000 0.000000 0.000000 3.392475 4.069373 13.427398 0.306649 0.958021 18.511959 -2.026865 11.256166 14.852208 0.739372 -1.010365 -20.004622 0.000000 0.000000 0.000000 0.000000 0.000000 0.000000 0.000000 0.000000 0.000000 
-6.239329 86.334167 34.406101 2.581300 1.269678 -17.627968 -1.436736 0.114920 8.287766 1.068634 0.100875 2.804356 -0.332409 3.555523 8.385098 0.335166 1.194646 2.258405 -8.790683 2.761080 11.414102 0.104615 0.331775 -2.380261 -1.003255 -0.620561 -24.121429 0.000000 0.000000 0.000000 88.718178 1.822834 10.034909 54.423580 21.185545 19.366308 0.816628 24.015280 100.927261 56.380161 61.189735 49.948864 7.071498 -1.296262 41.671906 0.000004 0.000006 -17.173594 -0.000026 0.000025 -11.935426 0.000007 0.000008 0.000020 -2.745912 17.581959 -0.052384 2.280554 -0.819527 -1.100559 1.992067 0.157736 -0.999467 0.000001 -0.000034 0.000012 -1.519438 7.202666 -3.053277 2.484220 -0.946214 -0.487168 2.471809 0.047000 -0.381522 0.000013 -0.000241 0.000001 5.688264 -9.113043 -7.851037 4.151347 1.925957 0.797706 4.018962 -0.046969 0.629388 0.000036 0.000217 0.000011 14.825948 -25.176535 -14.185810 5.739577 3.672329 2.847779 5.606582 -0.297688 2.378445 0.000747 0.000003 0.000010 0.000000 0.000000 0.000000 0.000000 0.000000 0.000000 -92.863335 -0.244418 10.273515 -59.684006 -12.427595 3.903867 -2.038907 -24.132648 100.294182 -49.934010 -67.492416 48.261494 -10.418444 1.763684 40.108116 -0.000002 0.000001 -25.167622 0.000005 -0.000031 -17.484732 0.000902 0.000015 0.000270 -9.935627 18.148518 -1.646657 -7.766421 -0.727653 2.119266 -7.808807 0.282857 1.869444 0.000005 -0.000092 -0.000011 -11.026705 7.339358 -3.588516 -8.224404 -0.907395 0.833094 -8.326324 0.078235 0.695395 0.000810 -0.000020 -0.000092 -12.472501 -9.173761 -6.501394 -9.453807 1.820333 -1.084880 -9.226381 -0.125034 -0.834509 -0.001172 0.000006 -0.000008 -10.814416 -25.444641 -11.461854 -9.474859 3.522658 -3.220093 -9.549896 -0.394933 -2.653137 0.001047 -0.000005 -0.000011 0.000000 0.000000 0.000000 0.000000 0.000000 0.000000 -6.931531 4.113828 15.355620 -0.378706 -1.020664 22.176651 2.848460 -8.813873 7.007690 -1.220190 0.705683 -20.495602 0.000000 0.000000 0.000000 0.000000 0.000000 0.000000 0.000000 0.000000 0.000000 3.140067 4.363775 13.725454 0.301118 0.935591 18.308407 -1.788049 11.251629 14.712620 0.732049 -1.009764 -19.878222 0.000000 0.000000 0.000000 0.000000 0.000000 0.000000 0.000000 0.000000 0.000000 
-5.815919 86.317139 34.547195 2.717277 1.028986 -17.734789 -1.532345 0.129064 8.340005 1.094408 0.097040 2.795606 -0.454376 3.731598 8.504804 0.293814 1.278420 2.177975 -8.219590 2.570320 11.216265 0.156127 0.343993 -2.493085 -0.956350 -0.595830 -24.138851 0.000000 0.000000 0.000000 88.652481 1.916026 10.550189 54.613331 21.027065 20.477633 0.828771 24.059359 100.034317 56.626316 61.515617 50.137455 7.391375 -1.338969 41.530506 0.000004 0.000007 -17.902296 -0.000025 0.000026 -12.445525 0.000006 0.000008 0.000021 -0.999164 17.590879 -0.459470 3.027623 -0.782375 -1.263296 2.733874 0.195617 -1.146904 0.000001 -0.000032 0.000012 0.184087 7.211121 -3.349802 3.267200 -0.930486 -0.552974 3.265575 0.060230 -0.437127 0.000011 -0.000240 0.000002 7.449584 -9.099980 -7.874811 5.072955 1.900946 0.894299 4.924482 -0.065385 0.703889 0.000036 0.000281 0.000011 16.470695 -25.077637 -13.922466 6.624015 3.599821 3.127518 6.496075 -0.355678 2.613460 0.000814 0.000004 0.000011 0.000000 0.000000 0.000000 0.000000 0.000000 0.000000 -92.929047 -0.289727 10.642441 -60.114815 -12.962499 4.808814 -1.941425 -24.203402 100.476982 -48.401001 -67.880203 47.421677 -10.578374 1.769260 40.043522 -0.000003 0.000000 -25.570889 0.000001 -0.000031 -17.776138 0.000900 0.000016 0.000528 -10.452394 18.304482 -1.694972 -8.249326 -0.694190 2.257895 -8.285683 0.316376 1.996751 0.000005 -0.000074 -0.000011 -11.578704 7.392508 -3.545917 -8.714387 -0.894880 0.888573 -8.818627 0.089540 0.741200 0.000774 -0.000021 -0.000081 -13.139217 -9.225087 -6.357779 -9.965186 1.802489 -1.159762 -9.728064 -0.139669 -0.891000 -0.001529 0.000007 -0.000008 -11.541697 -25.537861 -11.240231 -9.949757 3.475688 -3.425577 -10.013831 -0.436863 -2.824204 0.001000 -0.000006 -0.000011 0.000000 0.000000 0.000000 0.000000 0.000000 0.000000 -7.356244 4.330875 15.489526 -0.395390 -1.070204 22.244112 3.089526 -8.325459 6.887438 -1.233506 0.723048 -20.434984 0.000000 0.000000 0.000000 0.000000 0.000000 0.000000 0.000000 0.000000 0.000000 2.900960 4.693944 13.994296 0.296410 0.913854 18.112045 -1.588496 11.232675 14.565456 0.720402 -1.011251 -19.747143 0.000000 0.000000 0.000000 0.000000 0.000000 0.000000 0.000000 0.000000 0.000000 
-5.400052 86.299316 34.659946 2.840286 0.774014 -17.822535 -1.609940 0.138736 8.383681 1.143121 0.084788 2.785029 -0.563233 3.898147 8.577856 0.242360 1.362003 2.116109 -7.717744 2.403645 11.043088 0.196546 0.326210 -2.591860 -0.901037 -0.567642 -24.125860 0.000000 0.000000 0.000000 88.518806 2.011511 11.102292 54.653645 20.663748 21.551542 0.861084 24.052811 98.495041 56.632854 61.679276 49.891235 7.746300 -1.382752 41.376530 0.000004 0.000008 -18.719095 -0.000024 0.000026 -13.015450 0.000004 0.000007 0.000021 0.900487 17.602293 -0.891990 3.968149 -0.728808 -1.485247 3.672655 0.249371 -1.347901 0.000002 -0.000030 0.000012 2.010064 7.224707 -3.663139 4.254267 -0.907887 -0.642205 4.265877 0.078791 -0.512252 0.000010 -0.000237 0.000003 9.279397 -9.098470 -7.904355 6.193340 1.864443 1.022155 6.031718 -0.091929 0.801946 0.000035 0.000339 0.000010 18.113014 -25.004599 -13.632851 7.670607 3.494772 3.489355 7.550968 -0.439677 2.917767 0.000877 0.000004 0.000011 0.000000 0.000000 0.000000 0.000000 0.000000 0.000000 -92.927078 -0.355342 11.016302 -60.550205 -13.199535 5.667953 -1.870295 -24.262032 100.465324 -46.957455 -68.372078 46.522350 -10.799350 1.777429 39.953846 -0.000003 -0.000000 -26.127172 0.000002 -0.000031 -18.173082 0.000913 0.000016 0.000701 -11.349968 18.492510 -1.838858 -8.975313 -0.648363 2.445241 -9.006302 0.362119 2.167821 0.000005 -0.000070 -0.000010 -12.438537 7.459844 -3.572039 -9.441666 -0.877691 0.963073 -9.551411 0.104811 0.802886 0.000698 -0.000021 -0.000066 -14.041070 -9.295227 -6.253448 -10.687636 1.777794 -1.261526 -10.447691 -0.159852 -0.967334 -0.001880 0.000007 -0.000008 -12.441340 -25.683588 -11.026868 -10.591672 3.409091 -3.707699 -10.648496 -0.496245 -3.056808 0.000964 -0.000006 -0.000010 0.000000 0.000000 0.000000 0.000000 0.000000 0.000000 -7.758043 4.569506 15.563103 -0.411689 -1.115314 22.316677 3.329222 -7.826519 6.795292 -1.246838 0.737542 -20.404158 0.000000 0.000000 0.000000 0.000000 0.000000 0.000000 0.000000 0.000000 0.000000 2.683864 5.080647 14.247820 0.292364 0.894289 17.901958 -1.418039 11.218622 14.419869 0.705175 -1.013601 -19.616802 0.000000 0.000000 0.000000 0.000000 0.000000 0.000000 0.000000 0.000000 0.000000 
-4.990027 86.284729 34.747757 2.951153 0.504494 -17.893295 -1.667131 0.146462 8.410849 1.213126 0.066936 2.781646 -0.667590 4.063294 8.604745 0.184947 1.451002 2.067786 -7.312421 2.271471 10.905540 0.225118 0.270777 -2.672947 -0.840993 -0.537541 -24.088150 0.000000 0.000000 0.000000 88.343330 2.099072 11.683052 54.498745 20.122654 22.595341 0.906534 24.012272 96.301888 56.105980 61.657188 48.902054 8.097330 -1.424487 41.224430 0.000004 0.000009 -19.536007 -0.000023 0.000027 -13.584055 0.000003 0.000007 0.000021 2.764304 17.599594 -1.325128 4.967725 -0.664270 -1.744516 4.672344 0.313119 -1.582146 0.000002 -0.000028 0.000012 3.784508 7.235445 -3.972826 5.307158 -0.880386 -0.746098 5.332160 0.100691 -0.599522 0.000009 -0.000233 0.000004 11.018579 -9.100165 -7.942525 7.365747 1.819304 1.168798 7.192869 -0.123902 0.914007 0.000035 0.000380 0.000009 19.609100 -24.947445 -13.342802 8.748277 3.366113 3.900944 8.637428 -0.541351 3.263422 0.000938 0.000004 0.000012 0.000000 0.000000 0.000000 0.000000 0.000000 0.000000 -92.872505 -0.431230 11.391647 -60.960686 -13.202349 6.478412 -1.828496 -24.301012 100.289230 -45.426197 -68.864433 45.346619 -11.067619 1.789071 39.842419 -0.000003 -0.000001 -26.804041 0.000005 -0.000031 -18.651964 0.000945 0.000015 0.000790 -12.590006 18.685013 -2.066480 -9.875257 -0.593511 2.666991 -9.902705 0.416243 2.369045 0.000005 -0.000079 -0.000009 -13.552825 7.531559 -3.654283 -10.336361 -0.856806 1.050859 -10.454633 0.122838 0.875586 0.000565 -0.000022 -0.000049 -15.107120 -9.372582 -6.186264 -11.546882 1.747346 -1.382761 -11.309763 -0.183950 -1.057931 -0.002192 0.000006 -0.000008 -13.430096 -25.852406 -10.825060 -11.323044 3.326849 -4.046562 -11.379352 -0.568166 -3.334691 0.000931 -0.000006 -0.000010 0.000000 0.000000 0.000000 0.000000 0.000000 0.000000 -8.139999 4.810237 15.585512 -0.426753 -1.154621 22.364691 3.561705 -7.335557 6.747692 -1.260553 0.748063 -20.399487 0.000000 0.000000 0.000000 0.000000 0.000000 0.000000 0.000000 0.000000 0.000000 2.480821 5.516026 14.485658 0.288435 0.876704 17.675100 -1.262115 11.229881 14.293209 0.687511 -1.015210 -19.496679 0.000000 0.000000 0.000000 0.000000 0.000000 0.000000 0.000000 0.000000 0.000000 
-4.584130 86.276382 34.814339 3.057708 0.224584 -17.951172 -1.711939 0.156823 8.418378 1.292971 0.050622 2.795101 -0.768424 4.234935 8.596508 0.124702 1.548867 2.039068 -7.007035 2.173867 10.805643 0.241904 0.189927 -2.738358 -0.781867 -0.508148 -24.037310 0.000000 0.000000 0.000000 88.164169 2.169895 12.281915 54.086792 19.422915 23.640566 0.954201 23.959438 93.659248 54.832607 61.522694 46.993023 8.380054 -1.459240 41.100124 0.000004 0.000010 -20.195906 -0.000022 0.000027 -14.044409 0.000002 0.000006 0.000021 4.260118 17.566784 -1.686329 5.737739 -0.598760 -1.994137 5.440487 0.377147 -1.806488 0.000002 -0.000026 0.000011 5.200311 7.234427 -4.234889 6.128313 -0.852311 -0.845733 6.165567 0.122491 -0.683066 0.000008 -0.000229 0.000005 12.398796 -9.094325 -7.980564 8.284999 1.772542 1.308478 8.103244 -0.156319 1.020401 0.000035 0.000412 0.000009 20.764057 -24.887598 -13.095814 9.593401 3.233094 4.294038 9.488832 -0.645636 3.592616 0.000987 0.000005 0.000012 0.000000 0.000000 0.000000 0.000000 0.000000 0.000000 -92.795937 -0.501676 11.775041 -61.268562 -13.039283 7.261642 -1.814011 -24.349310 99.938019 -43.669399 -69.291962 43.731613 -11.355350 1.804279 39.718727 -0.000003 -0.000001 -27.533827 0.000010 -0.000031 -19.166468 0.001003 0.000015 0.000816 -14.042849 18.846054 -2.342235 -10.818030 -0.536284 2.893419 -10.844847 0.471935 2.572936 0.000006 -0.000090 -0.000008 -14.808877 7.594104 -3.765929 -11.267484 -0.834831 1.139844 -11.396688 0.141300 0.949161 0.000395 -0.000022 -0.000031 -16.231707 -9.440107 -6.147627 -12.414466 1.714880 -1.506863 -12.185349 -0.208778 -1.150228 -0.002441 0.000006 -0.000008 -14.417767 -26.001175 -10.634689 -12.030714 3.239496 -4.395094 -12.094569 -0.643118 -3.618834 0.000900 -0.000005 -0.000010 0.000000 0.000000 0.000000 0.000000 0.000000 0.000000 -8.514062 5.033359 15.568093 -0.440333 -1.188252 22.376879 3.783743 -6.874331 6.754518 -1.275660 0.754674 -20.412746 0.000000 0.000000 0.000000 0.000000 0.000000 0.000000 0.000000 0.000000 0.000000 2.265478 5.968256 14.696258 0.283959 0.859137 17.450092 -1.107536 11.285207 14.200161 0.667830 -1.015353 -19.393353 0.000000 0.000000 0.000000 0.000000 0.000000 0.000000 0.000000 0.000000 0.000000 
-4.183515 86.276573 34.865467 3.160020 -0.060046 -18.002005 -1.753420 0.173977 8.404913 1.364070 0.043796 2.832456 -0.851116 4.406841 8.567320 0.073551 1.652078 2.042107 -6.782506 2.105873 10.742752 0.251080 0.111651 -2.793797 -0.728769 -0.482641 -23.994476 0.000000 0.000000 0.000000 88.015472 2.217649 12.868502 53.409340 18.600557 24.703405 0.991470 23.923975 90.921005 52.820343 61.364834 44.299088 8.526776 -1.481473 41.032349 0.000003 0.000011 -20.531576 -0.000021 0.000028 -14.282120 0.000001 0.000006 0.000020 5.041724 17.500742 -1.883794 6.017787 -0.545471 -2.179536 5.713603 0.428976 -1.971245 0.000003 -0.000024 0.000011 5.921854 7.218378 -4.397817 6.445869 -0.829480 -0.918943 6.494601 0.139758 -0.744424 0.000008 -0.000226 0.000006 13.106057 -9.077353 -8.010597 8.668699 1.733828 1.411599 8.482645 -0.182684 1.098536 0.000035 0.000449 0.000008 21.339584 -24.823153 -12.945513 9.958852 3.122167 4.587929 9.856548 -0.732235 3.837349 0.001023 0.000005 0.000012 0.000000 0.000000 0.000000 0.000000 0.000000 0.000000 -92.721336 -0.550858 12.163537 -61.351795 -12.753047 8.033670 -1.828596 -24.445255 99.380363 -41.656902 -69.612679 41.659782 -11.621328 1.821265 39.599644 -0.000003 -0.000002 -28.216473 0.000014 -0.000031 -19.648342 0.001075 0.000014 0.000814 -15.489789 18.948030 -2.597973 -11.653337 -0.486677 3.082895 -11.682212 0.519542 2.741802 0.000007 -0.000093 -0.000007 -16.030428 7.636684 -3.864425 -12.085203 -0.815940 1.213385 -12.227959 0.156862 1.009745 0.000236 -0.000022 -0.000015 -17.270674 -9.484935 -6.118525 -13.154163 1.686751 -1.611011 -12.937729 -0.229808 -1.227067 -0.002602 0.000006 -0.000008 -15.300283 -26.100462 -10.453618 -12.611293 3.163701 -4.689219 -12.689705 -0.707604 -3.856178 0.000875 -0.000005 -0.000010 0.000000 0.000000 0.000000 0.000000 0.000000 0.000000 -8.882587 5.225323 15.522096 -0.452548 -1.216182 22.356951 3.988883 -6.466146 6.821290 -1.292876 0.757069 -20.433697 0.000000 0.000000 0.000000 0.000000 0.000000 0.000000 0.000000 0.000000 0.000000 2.021977 6.395833 14.869543 0.278870 0.840164 17.252571 -0.947122 11.393257 14.144474 0.647289 -1.013284 -19.312374 0.000000 0.000000 0.000000 0.000000 0.000000 0.000000 0.000000 0.000000 0.000000 
-3.788026 86.284019 34.906803 3.257889 -0.338389 -18.051418 -1.790440 0.198411 8.374841 1.407137 0.051306 2.887066 -0.902199 4.561533 8.534464 0.039467 1.751941 2.073066 -6.606226 2.061051 10.730104 0.256327 0.052217 -2.829927 -0.686508 -0.463010 -23.972437 0.000000 0.000000 0.000000 87.888687 2.249456 13.414802 52.453491 17.624969 25.741856 1.011298 23.856552 88.328003 50.387043 61.164219 41.218037 8.549612 -1.493229 41.014877 0.000003 0.000012 -20.581888 -0.000021 0.000028 -14.321364 0.000000 0.000006 0.000020 5.189847 17.415291 -1.903199 5.911148 -0.514894 -2.272570 5.598345 0.458488 -2.052128 0.000004 -0.000022 0.000011 6.006773 7.191174 -4.452752 6.345214 -0.816069 -0.954462 6.407829 0.149142 -0.774501 0.000007 -0.000224 0.000007 13.176620 -9.049657 -8.027082 8.586925 1.710360 1.463126 8.401991 -0.197870 1.137159 0.000035 0.000479 0.000008 21.386324 -24.748201 -12.901282 9.896098 3.054229 4.739692 9.792803 -0.783664 3.962369 0.001047 0.000005 0.000011 0.000000 0.000000 0.000000 0.000000 0.000000 0.000000 -92.640770 -0.584702 12.536453 -61.173206 -12.381789 8.832911 -1.876197 -24.569021 98.546074 -39.492188 -69.812752 39.293293 -11.826933 1.835494 39.504990 -0.000002 -0.000003 -28.755289 0.000019 -0.000030 -20.030214 0.001145 0.000013 0.000808 -16.625458 19.008247 -2.759839 -12.280952 -0.453524 3.202743 -12.313279 0.550971 2.846801 0.000008 -0.000080 -0.000006 -16.965900 7.664715 -3.908431 -12.681236 -0.803826 1.258834 -12.839719 0.166888 1.046851 0.000118 -0.000022 -0.000003 -18.009127 -9.513013 -6.083174 -13.660427 1.669106 -1.678005 -13.457949 -0.243283 -1.275530 -0.002678 0.000005 -0.000008 -15.885926 -26.166290 -10.308272 -12.982156 3.115167 -4.878837 -13.077702 -0.750004 -4.006316 0.000861 -0.000005 -0.000010 0.000000 0.000000 0.000000 0.000000 0.000000 0.000000 -9.235609 5.393995 15.443081 -0.463326 -1.237715 22.342701 4.169095 -6.105742 6.928795 -1.309602 0.752537 -20.452877 0.000000 0.000000 0.000000 0.000000 0.000000 0.000000 0.000000 0.000000 0.000000 1.752135 6.778074 15.006207 0.273906 0.820646 17.085106 -0.781677 11.541590 14.129140 0.627225 -1.008195 -19.258966 0.000000 0.000000 0.000000 0.000000 0.000000 0.000000 0.000000 0.000000 0.000000 
-3.396201 86.296928 34.942085 3.349990 -0.596652 -18.089312 -1.828161 0.226323 8.331645 1.418629 0.069477 2.947995 -0.924330 4.665807 8.490069 0.022593 1.833173 2.127856 -6.480683 2.046866 10.739806 0.263100 0.029700 -2.852278 -0.660500 -0.449306 -23.955523 0.000000 0.000000 0.000000 87.763596 2.274016 13.879940 51.322289 16.561832 26.730001 1.011982 23.736282 86.003624 47.936306 60.756142 38.137344 8.473098 -1.495890 41.038971 0.000003 0.000012 -20.402529 -0.000021 0.000029 -14.199977 -0.000001 0.000005 0.000020 4.835134 17.333813 -1.771119 5.555485 -0.508429 -2.279071 5.235494 0.464788 -2.055299 0.000004 -0.000021 0.000011 5.601987 7.161551 -4.410825 5.971899 -0.812512 -0.955063 6.051227 0.150537 -0.775774 0.000007 -0.000221 0.000008 12.786639 -9.019654 -8.023746 8.206471 1.702977 1.467134 8.024494 -0.201639 1.139611 0.000035 0.000520 0.000009 21.081118 -24.680016 -12.940473 9.565572 3.031967 4.761730 9.458245 -0.798292 3.978877 0.001072 0.000005 0.000011 0.000000 0.000000 0.000000 0.000000 0.000000 0.000000 -92.527618 -0.608028 12.885679 -60.771385 -11.967765 9.616644 -1.950761 -24.714396 97.409920 -37.179226 -69.983505 36.677956 -11.949078 1.843391 39.447933 -0.000002 -0.000003 -29.089367 0.000024 -0.000030 -20.270277 0.001189 0.000012 0.000794 -17.272083 19.053467 -2.792982 -12.657723 -0.438970 3.249792 -12.696828 0.564588 2.886360 0.000008 -0.000060 -0.000005 -17.480852 7.686762 -3.874884 -13.021049 -0.799308 1.275402 -13.196044 0.171013 1.060186 0.000032 -0.000022 0.000006 -18.376194 -9.532819 -6.017811 -13.917468 1.663461 -1.707007 -13.727790 -0.248677 -1.295538 -0.002694 0.000005 -0.000009 -16.142340 -26.214268 -10.193085 -13.147717 3.097539 -4.962641 -13.260409 -0.768264 -4.070162 0.000857 -0.000004 -0.000010 0.000000 0.000000 0.000000 0.000000 0.000000 0.000000 -9.568239 5.537323 15.342567 -0.472756 -1.254093 22.324152 4.330210 -5.798718 7.068119 -1.327807 0.743331 -20.473547 0.000000 0.000000 0.000000 0.000000 0.000000 0.000000 0.000000 0.000000 0.000000 1.462333 7.103460 15.116408 0.269053 0.801786 16.919577 -0.613113 11.703367 14.145475 0.607941 -0.999095 -19.222210 0.000000 0.000000 0.000000 0.000000 0.000000 0.000000 0.000000 0.000000 0.000000 
-3.008688 86.314308 34.976162 3.435842 -0.825678 -18.108721 -1.869745 0.253673 8.281204 1.404980 0.093675 3.002763 -0.923700 4.714172 8.434170 0.019799 1.890711 2.200239 -6.411008 2.055928 10.738341 0.270923 0.035194 -2.867669 -0.649026 -0.440998 -23.927765 0.000000 0.000000 0.000000 87.632011 2.291060 14.231854 50.150940 15.474966 27.607378 0.997914 23.573523 84.074242 45.841358 60.105892 35.438168 8.322564 -1.490401 41.095875 0.000004 0.000012 -20.049526 -0.000021 0.000029 -13.957350 -0.000001 0.000005 0.000021 4.108249 17.268761 -1.500599 5.059647 -0.521620 -2.217560 4.734942 0.452371 -1.997762 0.000005 -0.000020 0.000011 4.845139 7.135460 -4.274263 5.446184 -0.816874 -0.928633 5.543716 0.145591 -0.754763 0.000007 -0.000214 0.000009 12.090405 -8.994300 -7.995027 7.668527 1.708462 1.434664 7.488612 -0.196427 1.114313 0.000035 0.000581 0.000009 20.563126 -24.632483 -13.042800 9.104163 3.046119 4.686189 8.988533 -0.783722 3.913853 0.001101 0.000005 0.000011 0.000000 0.000000 0.000000 0.000000 0.000000 0.000000 -92.374489 -0.623591 13.190331 -60.216297 -11.512786 10.284593 -2.047189 -24.880032 96.035545 -34.786549 -70.191185 33.918049 -11.981848 1.844734 39.431515 -0.000001 -0.000004 -29.200659 0.000029 -0.000029 -20.354984 0.001197 0.000011 0.000763 -17.399933 19.088034 -2.714882 -12.771502 -0.441172 3.230103 -12.820436 0.562091 2.866538 0.000009 -0.000035 -0.000005 -17.553562 7.703641 -3.780604 -13.098229 -0.801491 1.265868 -13.289641 0.169893 1.052263 -0.000023 -0.000022 0.000014 -18.371532 -9.544349 -5.930592 -13.932969 1.668275 -1.701817 -13.754355 -0.246876 -1.290221 -0.002678 0.000004 -0.000009 -16.083557 -26.242788 -10.111173 -13.122254 3.106997 -4.951879 -13.252084 -0.764878 -4.058151 0.000861 -0.000004 -0.000010 0.000000 0.000000 0.000000 0.000000 0.000000 0.000000 -9.881719 5.655183 15.232292 -0.480714 -1.265925 22.294981 4.477072 -5.547912 7.231794 -1.348170 0.730725 -20.496998 0.000000 0.000000 0.000000 0.000000 0.000000 0.000000 0.000000 0.000000 0.000000 1.158819 7.377239 15.210311 0.263780 0.783880 16.739681 -0.443316 11.865290 14.179118 0.589397 -0.987209 -19.188307 0.000000 0.000000 0.000000 0.000000 0.000000 0.000000 0.000000 0.000000 0.000000 
-2.627899 86.336075 35.012527 3.515584 -1.021527 -18.105249 -1.915027 0.278628 8.230430 1.374383 0.120843 3.040780 -0.904048 4.718884 8.374802 0.028635 1.925290 2.285397 -6.391220 2.071554 10.696819 0.278895 0.048308 -2.886620 -0.646177 -0.437625 -23.885820 0.000000 0.000000 0.000000 87.497330 2.296314 14.453626 49.054646 14.434697 28.278606 0.974278 23.367765 82.703072 44.317768 59.263355 33.397133 8.131565 -1.477831 41.173492 0.000004 0.000012 -19.599100 -0.000021 0.000030 -13.648084 -0.000002 0.000004 0.000021 3.161773 17.229486 -1.109543 4.524493 -0.546434 -2.113464 4.195791 0.429076 -1.902289 0.000005 -0.000020 0.000011 3.880965 7.118330 -4.050105 4.875494 -0.825983 -0.885624 4.990977 0.137032 -0.720010 0.000007 -0.000203 0.000010 11.221819 -8.980276 -7.940089 7.085580 1.721628 1.379968 6.905952 -0.186148 1.072059 0.000035 0.000646 0.000009 19.934608 -24.616798 -13.188510 8.611123 3.081731 4.552897 8.483004 -0.752544 3.800288 0.001134 0.000005 0.000011 0.000000 0.000000 0.000000 0.000000 0.000000 0.000000 -92.185005 -0.631917 13.421978 -59.587204 -11.058204 10.745004 -2.159721 -25.039642 94.580078 -32.488762 -70.433685 31.235598 -11.929902 1.840200 39.454090 -0.000000 -0.000004 -29.095146 0.000035 -0.000029 -20.287611 0.001184 0.000009 0.000734 -17.027073 19.109715 -2.569956 -12.621570 -0.456201 3.154293 -12.681922 0.547125 2.796900 0.000009 -0.000004 -0.000005 -17.192333 7.714780 -3.664588 -12.913044 -0.808721 1.234753 -13.119708 0.164739 1.026837 -0.000040 -0.000022 0.000021 -17.993641 -9.547527 -5.860418 -13.708687 1.680673 -1.668475 -13.539582 -0.239623 -1.264064 -0.002651 0.000004 -0.000009 -15.703340 -26.251394 -10.092158 -12.904444 3.136031 -4.863541 -13.051358 -0.745314 -3.984560 0.000872 -0.000005 -0.000010 0.000000 0.000000 0.000000 0.000000 0.000000 0.000000 -10.178898 5.751380 15.121681 -0.487152 -1.273434 22.251457 4.610213 -5.343081 7.415022 -1.369303 0.714782 -20.522997 0.000000 0.000000 0.000000 0.000000 0.000000 0.000000 0.000000 0.000000 0.000000 0.844584 7.611693 15.296901 0.257498 0.766851 16.535841 -0.268119 12.026044 14.216486 0.571538 -0.974329 -19.148890 0.000000 0.000000 0.000000 0.000000 0.000000 0.000000 0.000000 0.000000 0.000000 
-2.257281 86.362610 35.052578 3.588979 -1.185280 -18.079777 -1.964330 0.301971 8.185482 1.329287 0.150818 3.061806 -0.869671 4.694184 8.323671 0.045099 1.937238 2.380927 -6.404101 2.072639 10.594729 0.287356 0.051549 -2.921804 -0.644731 -0.438834 -23.831728 0.000000 0.000000 0.000000 87.373901 2.285781 14.550918 48.105076 13.498770 28.678591 0.942217 23.105812 81.992805 43.299057 58.278660 32.035320 7.921167 -1.459959 41.262245 0.000005 0.000011 -19.102520 -0.000021 0.000031 -13.307938 -0.000003 0.000004 0.000022 2.103537 17.212088 -0.638929 3.981888 -0.577020 -1.985255 3.647089 0.400433 -1.785509 0.000006 -0.000020 0.000011 2.813944 7.109499 -3.770058 4.296663 -0.837548 -0.833502 4.429070 0.126798 -0.677693 0.000007 -0.000190 0.000010 10.272344 -8.976805 -7.878378 6.497370 1.738755 1.313336 6.317555 -0.173450 1.020635 0.000036 0.000699 0.000010 19.258976 -24.628490 -13.373521 8.120259 3.128391 4.389537 7.977761 -0.713249 3.661362 0.001168 0.000005 0.000010 0.000000 0.000000 0.000000 0.000000 0.000000 0.000000 -91.969353 -0.634897 13.570509 -58.944412 -10.680552 10.983204 -2.278984 -25.151783 93.179123 -30.375496 -70.682396 28.771114 -11.809830 1.831740 39.507603 0.000000 -0.000005 -28.810137 0.000042 -0.000028 -20.093966 0.001165 0.000008 0.000737 -16.248562 19.109480 -2.410605 -12.238793 -0.480425 3.034052 -12.310992 0.523011 2.688045 0.000010 0.000040 -0.000005 -16.474363 7.716861 -3.566460 -12.497175 -0.819425 1.186885 -12.716619 0.156636 0.987846 -0.000019 -0.000022 0.000026 -17.304399 -9.538987 -5.841105 -13.272509 1.697975 -1.613145 -13.111477 -0.228450 -1.221660 -0.002634 0.000004 -0.000009 -15.052029 -26.229898 -10.153884 -12.514169 3.177887 -4.714588 -12.677478 -0.714311 -3.863478 0.000899 -0.000005 -0.000011 0.000000 0.000000 0.000000 0.000000 0.000000 0.000000 -10.462169 5.825722 15.022626 -0.492373 -1.277509 22.189583 4.732118 -5.180878 7.614691 -1.389017 0.696764 -20.552927 0.000000 0.000000 0.000000 0.000000 0.000000 0.000000 0.000000 0.000000 0.000000 0.522641 7.815609 15.385957 0.250070 0.750904 16.299692 -0.079138 12.176745 14.251526 0.554507 -0.961814 -19.102949 0.000000 0.000000 0.000000 0.000000 0.000000 0.000000 0.000000 0.000000 0.000000 
-1.900204 86.393639 35.096363 3.655304 -1.323295 -18.033943 -2.019513 0.325864 8.148577 1.268992 0.184382 3.075371 -0.829137 4.654915 8.290147 0.066552 1.928770 2.483469 -6.420022 2.040247 10.428245 0.299370 0.036939 -2.980094 -0.638021 -0.444034 -23.770773 0.000000 0.000000 0.000000 87.274933 2.256305 14.547240 47.335182 12.688484 28.801874 0.901399 22.799820 81.952110 42.546352 57.165455 31.183674 7.712892 -1.439499 41.351849 0.000005 0.000011 -18.611401 -0.000021 0.000031 -12.972300 -0.000003 0.000004 0.000022 1.036566 17.209698 -0.145644 3.452481 -0.609414 -1.847507 3.108473 0.370205 -1.660671 0.000006 -0.000020 0.000011 1.746016 7.106498 -3.479549 3.733889 -0.850051 -0.778061 3.882430 0.116198 -0.632635 0.000008 -0.000174 0.000011 9.332917 -8.980538 -7.837123 5.931170 1.757410 1.242662 5.752442 -0.160015 0.966100 0.000036 0.000736 0.000010 18.606070 -24.658041 -13.599848 7.655840 3.179287 4.216662 7.499516 -0.671333 3.514617 0.001206 0.000005 0.000010 0.000000 0.000000 0.000000 0.000000 0.000000 0.000000 -91.744614 -0.634887 13.646679 -58.322887 -10.438726 11.044733 -2.393817 -25.192194 91.928947 -28.436129 -70.876328 26.564756 -11.656651 1.822275 39.575748 0.000000 -0.000005 -28.430616 0.000049 -0.000027 -19.833372 0.001155 0.000007 0.000783 -15.265547 19.082399 -2.285785 -11.712963 -0.509951 2.886111 -11.796375 0.493453 2.555187 0.000010 0.000100 -0.000006 -15.572016 7.707850 -3.515310 -11.940376 -0.831986 1.128890 -12.169209 0.146780 0.940653 0.000029 -0.000021 0.000028 -16.447342 -9.516955 -5.885652 -12.706348 1.717624 -1.544122 -12.552073 -0.214996 -1.169245 -0.002636 0.000004 -0.000010 -14.250344 -26.172794 -10.289128 -12.018059 3.226231 -4.527650 -12.196799 -0.676741 -3.713343 0.000947 -0.000006 -0.000011 0.000000 0.000000 0.000000 0.000000 0.000000 0.000000 -10.734704 5.872319 14.942078 -0.496837 -1.279503 22.108618 4.851225 -5.065567 7.828061 -1.405522 0.678739 -20.586588 0.000000 0.000000 0.000000 0.000000 0.000000 0.000000 0.000000 0.000000 0.000000 0.196648 7.991661 15.477059 0.241872 0.736486 16.032782 0.128798 12.300269 14.282025 0.539095 -0.950794 -19.054441 0.000000 0.000000 0.000000 0.000000 0.000000 0.000000 0.000000 0.000000 0.000000 
-1.558181 86.427856 35.143795 3.713687 -1.446399 -17.965967 -2.082059 0.351602 8.116786 1.196423 0.220228 3.091216 -0.792830 4.615151 8.273436 0.092678 1.905715 2.589103 -6.415065 1.969577 10.207825 0.319276 0.006348 -3.062053 -0.621618 -0.451904 -23.713343 0.000000 0.000000 0.000000 87.201973 2.207982 14.470116 46.778728 11.994906 28.686144 0.853425 22.492407 82.519554 41.878059 55.914101 30.677910 7.530667 -1.419215 41.432293 0.000006 0.000011 -18.179064 -0.000021 0.000032 -12.678142 -0.000004 0.000003 0.000023 0.070503 17.219183 0.313529 2.979671 -0.640107 -1.714715 2.625147 0.341811 -1.540709 0.000006 -0.000021 0.000011 0.782564 7.108409 -3.219450 3.232935 -0.862149 -0.724988 3.396675 0.106394 -0.589481 0.000008 -0.000157 0.000012 8.494616 -8.989873 -7.830147 5.432603 1.775452 1.175304 5.256481 -0.147426 0.914198 0.000036 0.000765 0.000011 18.044889 -24.699453 -13.855012 7.255924 3.228096 4.053371 7.087574 -0.632048 3.376288 0.001249 0.000005 0.000009 0.000000 0.000000 0.000000 0.000000 0.000000 0.000000 -91.529709 -0.630961 13.664663 -57.743832 -10.343136 10.965792 -2.494074 -25.164612 90.899689 -26.748938 -70.926018 24.729618 -11.507011 1.814060 39.642338 0.000000 -0.000006 -28.048716 0.000056 -0.000026 -19.570374 0.001161 0.000006 0.000856 -14.299731 19.035553 -2.228188 -11.159742 -0.540563 2.730302 -11.253067 0.462673 2.416191 0.000010 0.000169 -0.000006 -14.678412 7.690384 -3.525774 -11.358121 -0.844750 1.068392 -11.593246 0.136519 0.891446 0.000084 -0.000021 0.000026 -15.583781 -9.485472 -5.988429 -12.119025 1.737154 -1.471190 -11.970049 -0.201109 -1.114164 -0.002650 0.000004 -0.000010 -13.434660 -26.091652 -10.475196 -11.507483 3.274843 -4.329530 -11.700433 -0.638016 -3.555470 0.001016 -0.000006 -0.000011 0.000000 0.000000 0.000000 0.000000 0.000000 0.000000 -10.998656 5.890452 14.874527 -0.500962 -1.280791 22.007986 4.976347 -4.997141 8.055118 -1.418786 0.662128 -20.622210 0.000000 0.000000 0.000000 0.000000 0.000000 0.000000 0.000000 0.000000 0.000000 -0.129300 8.144808 15.559731 0.233359 0.723946 15.744450 0.353213 12.390718 14.305457 0.526296 -0.942013 -19.007235 0.000000 0.000000 0.000000 0.000000 0.000000 0.000000 0.000000 0.000000 0.000000 
-1.230820 86.463074 35.194328 3.761018 -1.570975 -17.873886 -2.150297 0.378897 8.087498 1.119708 0.255343 3.114546 -0.770528 4.588658 8.263877 0.121684 1.877010 2.691472 -6.386512 1.866626 9.948004 0.346522 -0.041207 -3.164933 -0.594075 -0.461065 -23.666985 0.000000 0.000000 0.000000 87.149704 2.147254 14.346856 46.460026 11.392427 28.404039 0.803250 22.226959 83.531616 41.261700 54.577141 30.439405 7.388173 -1.401724 41.497131 0.000006 0.000011 -17.836147 -0.000022 0.000033 -12.445758 -0.000004 0.000003 0.000024 -0.708339 17.233202 0.686803 2.600950 -0.667150 -1.597714 2.236875 0.317084 -1.435065 0.000006 -0.000021 0.000011 0.004454 7.112663 -3.023087 2.832837 -0.872980 -0.678434 3.010049 0.097977 -0.551615 0.000009 -0.000141 0.000013 7.826625 -9.001338 -7.858785 5.039013 1.791430 1.116449 4.866096 -0.136614 0.868991 0.000036 0.000803 0.000011 17.617151 -24.742771 -14.110847 6.948517 3.270567 3.912789 6.770700 -0.598451 3.257478 0.001298 0.000005 0.000009 0.000000 0.000000 0.000000 0.000000 0.000000 0.000000 -91.338928 -0.620690 13.632075 -57.235577 -10.360636 10.752159 -2.574388 -25.095457 90.141777 -25.538551 -70.777138 23.486418 -11.381441 1.808299 39.698002 -0.000000 -0.000006 -27.719957 0.000062 -0.000025 -19.344011 0.001170 0.000005 0.000915 -13.503581 18.978029 -2.239796 -10.664849 -0.569031 2.583839 -10.766665 0.433972 2.286192 0.000011 0.000235 -0.000007 -13.930321 7.668115 -3.590983 -10.837111 -0.856454 1.011813 -11.077159 0.126942 0.845491 0.000118 -0.000020 0.000023 -14.837926 -9.449433 -6.126018 -11.597071 1.754698 -1.402780 -11.451201 -0.188231 -1.062720 -0.002649 0.000004 -0.000010 -12.717970 -26.001501 -10.676975 -11.056861 3.319163 -4.143476 -11.263396 -0.602171 -3.408127 0.001091 -0.000007 -0.000011 0.000000 0.000000 0.000000 0.000000 0.000000 0.000000 -11.251037 5.889970 14.803058 -0.504943 -1.282093 21.888027 5.108397 -4.963592 8.301664 -1.429378 0.647120 -20.660036 0.000000 0.000000 0.000000 0.000000 0.000000 0.000000 0.000000 0.000000 0.000000 -0.447791 8.289244 15.626452 0.224659 0.712651 15.441710 0.584794 12.459008 14.321856 0.516239 -0.934960 -18.963781 0.000000 0.000000 0.000000 0.000000 0.000000 0.000000 0.000000 0.000000 0.000000 
-0.917177 86.498093 35.245792 3.794425 -1.716037 -17.758087 -2.221254 0.407474 8.060954 1.048733 0.287096 3.147526 -0.766498 4.588329 8.252779 0.151018 1.850725 2.784280 -6.345871 1.740738 9.667513 0.375188 -0.111227 -3.280539 -0.556352 -0.470532 -23.635395 0.000000 0.000000 0.000000 87.113647 2.083337 14.201200 46.354954 10.868816 28.027672 0.754141 22.009390 84.783363 40.745403 53.306812 30.446672 7.283008 -1.388241 41.545914 0.000007 0.000011 -17.579117 -0.000022 0.000033 -12.271445 -0.000005 0.000003 0.000024 -1.283697 17.243515 0.960536 2.318025 -0.690590 -1.499298 1.945982 0.295887 -1.346194 0.000006 -0.000022 0.000011 -0.575408 7.116132 -2.897889 2.535276 -0.882447 -0.639425 2.723639 0.090851 -0.519943 0.000009 -0.000126 0.000013 7.337710 -9.011192 -7.918368 4.749955 1.805180 1.067347 4.580913 -0.127556 0.831469 0.000036 0.000852 0.000011 17.316177 -24.778870 -14.350071 6.729567 3.306295 3.797522 6.545756 -0.570424 3.160594 0.001356 0.000005 0.000008 0.000000 0.000000 0.000000 0.000000 0.000000 0.000000 -91.176964 -0.604616 13.555508 -56.838085 -10.467424 10.421021 -2.632294 -25.005457 89.692535 -25.009089 -70.473984 23.012381 -11.283258 1.804953 39.741116 -0.000001 -0.000007 -27.456430 0.000069 -0.000025 -19.163507 0.001168 0.000005 0.000935 -12.912985 18.918169 -2.286356 -10.255303 -0.594123 2.455965 -10.364017 0.408784 2.173035 0.000011 0.000293 -0.000008 -13.364671 7.644797 -3.680541 -10.405972 -0.866672 0.962544 -10.651320 0.118567 0.805533 0.000123 -0.000020 0.000020 -14.252702 -9.414021 -6.268948 -11.172070 1.769704 -1.343375 -11.026164 -0.177004 -1.018150 -0.002615 0.000004 -0.000010 -12.145939 -25.917135 -10.867934 -10.694709 3.357799 -3.981654 -10.914681 -0.570837 -3.280769 0.001157 -0.000007 -0.000011 0.000000 0.000000 0.000000 0.000000 0.000000 0.000000 -11.486444 5.887089 14.707999 -0.508695 -1.283330 21.757603 5.242498 -4.944792 8.571557 -1.436999 0.633312 -20.701466 0.000000 0.000000 0.000000 0.000000 0.000000 0.000000 0.000000 0.000000 0.000000 -0.754067 8.433534 15.675806 0.215820 0.701753 15.127726 0.813701 12.520034 14.333112 0.507709 -0.929450 -18.924917 0.000000 0.000000 0.000000 0.000000 0.000000 0.000000 0.000000 0.000000 0.000000 
-0.616638 86.532867 35.294876 3.807611 -1.897801 -17.618553 -2.289674 0.436611 8.035685 0.987054 0.315878 3.191751 -0.776926 4.617885 8.232347 0.177590 1.835285 2.861601 -6.291326 1.595363 9.382737 0.398238 -0.208621 -3.403962 -0.510427 -0.477083 -23.615110 0.000000 0.000000 0.000000 87.085716 2.023725 14.048949 46.435249 10.446160 27.653364 0.712435 21.852753 85.988098 40.400475 52.290348 30.691347 7.213556 -1.380555 41.577198 0.000007 0.000010 -17.408417 -0.000021 0.000034 -12.154278 -0.000005 0.000003 0.000025 -1.644598 17.242168 1.119357 2.128801 -0.712448 -1.417950 1.751191 0.276199 -1.272861 0.000005 -0.000022 0.000011 -0.943965 7.115552 -2.848138 2.336481 -0.891205 -0.607266 2.534353 0.084303 -0.494080 0.000009 -0.000113 0.000013 7.041833 -9.015621 -7.993987 4.562214 1.817779 1.026990 4.397801 -0.119352 0.800928 0.000036 0.000924 0.000011 17.137848 -24.803307 -14.539054 6.594069 3.338714 3.704020 6.409065 -0.544594 3.082810 0.001417 0.000005 0.000009 0.000000 0.000000 0.000000 0.000000 0.000000 0.000000 -91.043564 -0.584209 13.445497 -56.585636 -10.582507 9.993289 -2.670249 -24.928860 89.507141 -25.070854 -70.106926 23.186731 -11.204854 1.803645 39.774467 -0.000002 -0.000007 -27.242794 0.000076 -0.000024 -19.018560 0.001129 0.000004 0.000899 -12.497183 18.856352 -2.322854 -9.911997 -0.616348 2.350544 -10.026441 0.386749 2.079808 0.000012 0.000339 -0.000008 -12.964198 7.620907 -3.752721 -10.048510 -0.875638 0.922041 -10.300159 0.111385 0.772799 0.000081 -0.000019 0.000019 -13.836604 -9.380041 -6.372192 -10.833104 1.782716 -1.294625 -10.683099 -0.167338 -0.981803 -0.002530 0.000005 -0.000011 -11.745298 -25.840931 -11.002996 -10.414863 3.392091 -3.848903 -10.648341 -0.543286 -3.177552 0.001201 -0.000008 -0.000011 0.000000 0.000000 0.000000 0.000000 0.000000 0.000000 -11.699773 5.892364 14.575150 -0.511829 -1.283532 21.622288 5.372567 -4.919347 8.878235 -1.440867 0.619031 -20.754099 0.000000 0.000000 0.000000 0.000000 0.000000 0.000000 0.000000 0.000000 0.000000 -1.038931 8.595748 15.710454 0.206915 0.689962 14.808239 1.033582 12.589413 14.341568 0.499745 -0.923026 -18.892532 0.000000 0.000000 0.000000 0.000000 0.000000 0.000000 0.000000 0.000000 0.000000 
-0.329185 86.569489 35.339493 3.797848 -2.125176 -17.459387 -2.351393 0.466362 8.011801 0.935599 0.343084 3.241238 -0.789922 4.672839 8.204487 0.201455 1.833686 2.920733 -6.230242 1.441292 9.099025 0.412398 -0.327511 -3.534519 -0.459477 -0.478390 -23.599609 0.000000 0.000000 0.000000 87.056953 1.970132 13.900621 46.661987 10.139441 27.304371 0.678461 21.745207 87.018738 40.320423 51.665970 31.197554 7.174035 -1.378596 41.593300 0.000007 0.000010 -17.308056 -0.000021 0.000034 -12.083766 -0.000006 0.000002 0.000026 -1.839882 17.227978 1.173483 2.003503 -0.734293 -1.348945 1.624485 0.256384 -1.211118 0.000005 -0.000023 0.000012 -1.140459 7.110126 -2.862396 2.205848 -0.899852 -0.580183 2.412961 0.077780 -0.472607 0.000009 -0.000101 0.000013 6.906554 -9.014382 -8.075595 4.448483 1.830479 0.993276 4.290705 -0.111166 0.775735 0.000036 0.001014 0.000011 17.057795 -24.820660 -14.673283 6.521229 3.371553 3.626308 6.340268 -0.517994 3.019235 0.001480 0.000005 0.000009 0.000000 0.000000 0.000000 0.000000 0.000000 0.000000 -90.934120 -0.562227 13.317966 -56.481506 -10.679716 9.509073 -2.691213 -24.881853 89.526115 -25.553255 -69.802559 23.810263 -11.137671 1.803400 39.801987 -0.000003 -0.000008 -27.060410 0.000084 -0.000024 -18.895538 0.001049 0.000004 0.000819 -12.205637 18.796133 -2.320293 -9.604639 -0.636092 2.269686 -9.724642 0.367678 2.008129 0.000012 0.000380 -0.000008 -12.690257 7.598130 -3.778640 -9.736594 -0.883636 0.891130 -9.994812 0.105347 0.747846 0.000018 -0.000019 0.000021 -13.571617 -9.349888 -6.406944 -10.555062 1.794434 -1.257336 -10.396985 -0.159182 -0.954350 -0.002400 0.000005 -0.000011 -11.518078 -25.778465 -11.053943 -10.200216 3.423413 -3.747566 -10.444802 -0.519198 -3.100395 0.001223 -0.000008 -0.000011 0.000000 0.000000 0.000000 0.000000 0.000000 0.000000 -11.887006 5.915735 14.403032 -0.514017 -1.281763 21.486130 5.492655 -4.875082 9.230022 -1.441419 0.603216 -20.821234 0.000000 0.000000 0.000000 0.000000 0.000000 0.000000 0.000000 0.000000 0.000000 -1.297207 8.786634 15.739717 0.198133 0.677385 14.483591 1.238521 12.678400 14.343504 0.491926 -0.915994 -18.862223 0.000000 0.000000 0.000000 0.000000 0.000000 0.000000 0.000000 0.000000 0.000000 
-0.052668 86.609024 35.382278 3.773711 -2.394393 -17.298342 -2.407726 0.496701 7.992796 0.892455 0.368696 3.284496 -0.799500 4.741889 8.184487 0.224198 1.838612 2.962325 -6.187737 1.302695 8.811392 0.419572 -0.445724 -3.672808 -0.408721 -0.474696 -23.582556 0.000000 0.000000 0.000000 87.029091 1.920227 13.764397 46.968830 9.892321 26.913366 0.644228 21.643427 87.969353 40.581463 51.411167 31.983118 7.148932 -1.379525 41.602154 0.000008 0.000010 -17.238638 -0.000021 0.000034 -12.032384 -0.000006 0.000002 0.000026 -1.977251 17.206409 1.150739 1.896163 -0.755933 -1.286849 1.520383 0.236395 -1.155864 0.000005 -0.000023 0.000012 -1.256400 7.101548 -2.925835 2.099516 -0.908383 -0.556215 2.315917 0.071275 -0.453776 0.000008 -0.000090 0.000012 6.864299 -9.010117 -8.175282 4.372840 1.843464 0.964449 4.223713 -0.102960 0.754324 0.000036 0.001101 0.000011 17.059994 -24.834969 -14.796786 6.489252 3.404907 3.561579 6.315291 -0.491017 2.967219 0.001544 0.000005 0.000010 0.000000 0.000000 0.000000 0.000000 0.000000 0.000000 -90.844658 -0.542154 13.179797 -56.478893 -10.854369 9.026427 -2.706187 -24.845991 89.755760 -26.396217 -69.662766 24.807077 -11.072290 1.802622 39.828632 -0.000004 -0.000008 -26.886663 0.000089 -0.000025 -18.777838 0.000952 0.000004 0.000733 -11.959197 18.743761 -2.289042 -9.299565 -0.653686 2.208848 -9.425438 0.351204 1.954049 0.000013 0.000415 -0.000008 -12.467395 7.579099 -3.770160 -9.434568 -0.890892 0.868041 -9.698458 0.100250 0.729091 -0.000035 -0.000019 0.000024 -13.375436 -9.326764 -6.394106 -10.297538 1.805331 -1.229563 -10.128927 -0.152348 -0.934180 -0.002242 0.000005 -0.000011 -11.381531 -25.735943 -11.050618 -10.015148 3.452348 -3.671893 -10.265829 -0.498409 -3.043888 0.001233 -0.000008 -0.000011 0.000000 0.000000 0.000000 0.000000 0.000000 0.000000 -12.055929 5.964067 14.204282 -0.515658 -1.278839 21.355587 5.599089 -4.800409 9.614663 -1.439920 0.586892 -20.896139 0.000000 0.000000 0.000000 0.000000 0.000000 0.000000 0.000000 0.000000 0.000000 -1.533080 9.004017 15.786907 0.189664 0.665376 14.145843 1.426425 12.792089 14.332026 0.484491 -0.911682 -18.826992 0.000000 0.000000 0.000000 0.000000 0.000000 0.000000 0.000000 0.000000 0.000000 
0.215157 86.650047 35.422661 3.739153 -2.697268 -17.145979 -2.458122 0.527533 7.979139 0.852021 0.394503 3.322799 -0.807187 4.813045 8.179688 0.243558 1.846946 2.989217 -6.167697 1.185858 8.523350 0.423135 -0.553952 -3.813291 -0.360327 -0.467714 -23.561140 0.000000 0.000000 0.000000 87.009361 1.873420 13.648433 47.333122 9.662122 26.495308 0.609612 21.550388 88.816124 41.049015 51.422363 32.907280 7.131625 -1.382147 41.606575 0.000008 0.000010 -17.187588 -0.000020 0.000034 -11.990810 -0.000007 0.000002 0.000027 -2.087908 17.181120 1.066619 1.786117 -0.777335 -1.229074 1.417299 0.216223 -1.104568 0.000004 -0.000023 0.000012 -1.320871 7.090889 -3.025171 1.995756 -0.916804 -0.534426 2.221582 0.064818 -0.436774 0.000008 -0.000081 0.000012 6.896299 -9.003443 -8.279924 4.316912 1.856668 0.939522 4.176961 -0.094782 0.735942 0.000036 0.001194 0.000011 17.141260 -24.845787 -14.900953 6.485536 3.438511 3.508146 6.319892 -0.464032 2.925203 0.001614 0.000005 0.000012 0.000000 0.000000 0.000000 0.000000 0.000000 0.000000 -90.780045 -0.522360 13.040027 -56.527786 -11.102916 8.580843 -2.723491 -24.812534 90.119492 -27.348225 -69.609512 25.919943 -11.001355 1.800776 39.857834 -0.000005 -0.000009 -26.703093 0.000093 -0.000025 -18.651861 0.000849 0.000004 0.000648 -11.694778 18.696804 -2.238039 -8.975800 -0.669836 2.161484 -9.107569 0.336328 1.912006 0.000013 0.000439 -0.000008 -12.233350 7.562603 -3.737492 -9.117598 -0.897585 0.850311 -9.385338 0.095787 0.714597 -0.000086 -0.000018 0.000028 -13.181648 -9.308269 -6.345457 -10.028811 1.815715 -1.208328 -9.848138 -0.146365 -0.919052 -0.002058 0.000006 -0.000011 -11.261302 -25.705400 -11.007670 -9.826558 3.479640 -3.613367 -10.078157 -0.479671 -3.001043 0.001240 -0.000008 -0.000011 0.000000 0.000000 0.000000 0.000000 0.000000 0.000000 -12.211637 6.034159 13.978036 -0.517273 -1.275852 21.247938 5.684767 -4.688532 10.024285 -1.435124 0.570523 -20.979063 0.000000 0.000000 0.000000 0.000000 0.000000 0.000000 0.000000 0.000000 0.000000 -1.743826 9.252256 15.858595 0.181528 0.652909 13.802076 1.601782 12.932157 14.313445 0.477338 -0.908675 -18.789755 0.000000 0.000000 0.000000 0.000000 0.000000 0.000000 0.000000 0.000000 0.000000 
0.476202 86.690865 35.458969 3.694806 -3.026592 -17.007116 -2.502513 0.558909 7.969501 0.812304 0.421057 3.359663 -0.809721 4.877581 8.188987 0.258385 1.857736 3.004489 -6.161685 1.090012 8.249183 0.425404 -0.646824 -3.945947 -0.315712 -0.458238 -23.537712 0.000000 0.000000 0.000000 86.997040 1.831510 13.560176 47.734596 9.439830 26.083029 0.576039 21.478113 89.487511 41.539845 51.601196 33.794498 7.122167 -1.385963 41.606705 0.000008 0.000009 -17.158144 -0.000020 0.000034 -11.962049 -0.000007 0.000001 0.000028 -2.164753 17.156446 0.949251 1.676699 -0.798286 -1.174973 1.317253 0.196193 -1.056636 0.000004 -0.000023 0.000012 -1.335248 7.079808 -3.137074 1.894947 -0.925058 -0.514433 2.130651 0.058493 -0.421282 0.000008 -0.000073 0.000012 6.992279 -8.994951 -8.370719 4.275130 1.869916 0.917659 4.144077 -0.086706 0.719976 0.000036 0.001292 0.000010 17.284336 -24.852818 -14.971409 6.501663 3.472123 3.463367 6.344310 -0.437143 2.891020 0.001688 0.000005 0.000013 0.000000 0.000000 0.000000 0.000000 0.000000 0.000000 -90.739532 -0.502684 12.913020 -56.603821 -11.400708 8.208595 -2.742212 -24.780087 90.514519 -28.090900 -69.559654 26.856730 -10.920053 1.797205 39.892338 -0.000006 -0.000010 -26.496143 0.000094 -0.000025 -18.508415 0.000738 0.000004 0.000565 -11.363538 18.656136 -2.153320 -8.625658 -0.685105 2.121488 -8.762992 0.322295 1.876628 0.000013 0.000454 -0.000008 -11.943477 7.548539 -3.671160 -8.775843 -0.903868 0.835668 -9.045614 0.091721 0.702558 -0.000143 -0.000018 0.000034 -12.947916 -9.293243 -6.259400 -9.733834 1.825748 -1.190721 -9.540616 -0.140868 -0.906736 -0.001861 0.000006 -0.000011 -11.108332 -25.681662 -10.932146 -9.614664 3.505709 -3.564219 -9.862563 -0.462076 -2.965635 0.001249 -0.000008 -0.000011 0.000000 0.000000 0.000000 0.000000 0.000000 0.000000 -12.351808 6.119604 13.722255 -0.519068 -1.273276 21.174976 5.746930 -4.545921 10.451433 -1.426069 0.554313 -21.071400 0.000000 0.000000 0.000000 0.000000 0.000000 0.000000 0.000000 0.000000 0.000000 -1.926351 9.527357 15.949191 0.173853 0.639415 13.463012 1.768564 13.098663 14.292753 0.470374 -0.905456 -18.754061 0.000000 0.000000 0.000000 0.000000 0.000000 0.000000 0.000000 0.000000 0.000000 
0.731808 86.730148 35.490219 3.641124 -3.378098 -16.883883 -2.543770 0.590363 7.963484 0.774024 0.446864 3.394717 -0.802102 4.926928 8.208517 0.270761 1.868588 3.010079 -6.157602 1.011607 8.006405 0.427693 -0.721357 -4.058803 -0.276307 -0.445915 -23.516121 0.000000 0.000000 0.000000 86.986305 1.798860 13.503963 48.139484 9.226688 25.687845 0.544255 21.429277 89.932785 41.967438 51.877968 34.537609 7.120530 -1.390649 41.602406 0.000008 0.000009 -17.153976 -0.000019 0.000034 -11.949253 -0.000008 0.000001 0.000028 -2.197845 17.134766 0.828204 1.578398 -0.818593 -1.124466 1.229355 0.176604 -1.012029 0.000004 -0.000022 0.000013 -1.300135 7.069347 -3.239805 1.805041 -0.933029 -0.495924 2.051031 0.052357 -0.407036 0.000007 -0.000067 0.000012 7.138854 -8.984630 -8.438592 4.247090 1.883012 0.897994 4.123987 -0.078736 0.705670 0.000036 0.001379 0.000011 17.465233 -24.854160 -15.007113 6.532188 3.505548 3.424159 6.381485 -0.410162 2.862042 0.001762 0.000005 0.000014 0.000000 0.000000 0.000000 0.000000 0.000000 0.000000 -90.711540 -0.486098 12.814521 -56.704731 -11.733872 7.941085 -2.758013 -24.744621 90.847977 -28.431698 -69.486473 27.453789 -10.823713 1.790985 39.934902 -0.000007 -0.000010 -26.252832 0.000095 -0.000025 -18.339006 0.000613 0.000004 0.000483 -10.919872 18.624605 -2.011156 -8.244411 -0.700095 2.082947 -8.386532 0.308410 1.842659 0.000013 0.000458 -0.000007 -11.557475 7.537647 -3.554294 -8.402918 -0.909922 0.821876 -8.673400 0.087815 0.691186 -0.000200 -0.000018 0.000041 -12.635829 -9.281968 -6.130466 -9.402529 1.835511 -1.173914 -9.197265 -0.135546 -0.894999 -0.001673 0.000006 -0.000012 -10.876278 -25.663347 -10.829033 -9.363474 3.530926 -3.517367 -9.604141 -0.444841 -2.931931 0.001257 -0.000007 -0.000011 0.000000 0.000000 0.000000 0.000000 0.000000 0.000000 -12.471045 6.215109 13.436306 -0.521001 -1.271170 21.143080 5.785819 -4.385022 10.885755 -1.412590 0.538605 -21.173344 0.000000 0.000000 0.000000 0.000000 0.000000 0.000000 0.000000 0.000000 0.000000 -2.078891 9.819414 16.046310 0.166751 0.625181 13.138450 1.929656 13.288685 14.275227 0.463776 -0.901325 -18.723423 0.000000 0.000000 0.000000 0.000000 0.000000 0.000000 0.000000 0.000000 0.000000 
0.982163 86.766495 35.516060 3.579481 -3.750525 -16.778812 -2.585490 0.621268 7.962444 0.737818 0.470094 3.424877 -0.782185 4.955689 8.233476 0.284628 1.877402 3.008585 -6.146582 0.945729 7.816891 0.430580 -0.780219 -4.138961 -0.242592 -0.430344 -23.501451 0.000000 0.000000 0.000000 86.971054 1.780218 13.482654 48.503944 9.001462 25.329365 0.517944 21.410601 90.060692 42.258385 52.213509 35.018749 7.123983 -1.395159 41.595467 0.000008 0.000009 -17.170424 -0.000018 0.000034 -11.949903 -0.000008 0.000001 0.000029 -2.208778 17.120850 0.723199 1.504651 -0.837995 -1.078717 1.165633 0.157926 -0.971686 0.000003 -0.000022 0.000013 -1.245247 7.061705 -3.320050 1.737507 -0.940616 -0.479035 1.993315 0.046513 -0.394137 0.000007 -0.000063 0.000012 7.296521 -8.974607 -8.480995 4.232584 1.895807 0.880108 4.115889 -0.070949 0.692560 0.000036 0.001441 0.000010 17.638334 -24.854811 -15.011721 6.569540 3.538596 3.388211 6.423326 -0.383216 2.836106 0.001831 0.000005 0.000015 0.000000 0.000000 0.000000 0.000000 0.000000 0.000000 -90.679848 -0.476089 12.754708 -56.824524 -12.049726 7.786444 -2.771240 -24.711191 91.019661 -28.252209 -69.375366 27.586067 -10.710421 1.781182 39.987339 -0.000008 -0.000011 -25.967218 0.000096 -0.000025 -18.139587 0.000475 0.000004 0.000402 -10.327508 18.606966 -1.800474 -7.835595 -0.715041 2.043319 -7.980881 0.294490 1.807763 0.000013 0.000451 -0.000007 -11.039755 7.531839 -3.380308 -7.999674 -0.915826 0.807880 -8.270018 0.083997 0.679648 -0.000254 -0.000018 0.000049 -12.205853 -9.276843 -5.957139 -9.030041 1.845047 -1.156508 -8.814054 -0.130283 -0.882717 -0.001517 0.000006 -0.000012 -10.516365 -25.655575 -10.701118 -9.061552 3.555540 -3.469153 -9.293273 -0.427702 -2.897111 0.001261 -0.000007 -0.000011 0.000000 0.000000 0.000000 0.000000 0.000000 0.000000 -12.564654 6.319071 13.121753 -0.522992 -1.269560 21.157194 5.800372 -4.210885 11.313912 -1.394392 0.523706 -21.283707 0.000000 0.000000 0.000000 0.000000 0.000000 0.000000 0.000000 0.000000 0.000000 -2.200328 10.123051 16.141258 0.160293 0.610588 12.837112 2.084873 13.499452 14.265060 0.458071 -0.895520 -18.699520 0.000000 0.000000 0.000000 0.000000 0.000000 0.000000 0.000000 0.000000 0.000000 
1.225337 86.799057 35.536495 3.511827 -4.145620 -16.694347 -2.630855 0.650897 7.966019 0.704971 0.488868 3.445827 -0.749057 4.962444 8.258314 0.304065 1.881751 3.003493 -6.130377 0.894385 7.703773 0.433115 -0.824245 -4.175879 -0.216479 -0.410623 -23.498940 0.000000 0.000000 0.000000 86.947670 1.779829 13.502699 48.773605 8.690331 25.024202 0.500656 21.418055 89.773300 42.335308 52.609673 35.112778 7.122060 -1.397540 41.591206 0.000008 0.000009 -17.182095 -0.000018 0.000034 -11.946925 -0.000008 0.000001 0.000030 -2.270334 17.118788 0.649198 1.454256 -0.856330 -1.037240 1.123423 0.140423 -0.934973 0.000003 -0.000022 0.000013 -1.244604 7.058756 -3.369308 1.690305 -0.947773 -0.463314 1.953919 0.041002 -0.382202 0.000007 -0.000061 0.000012 7.390420 -8.967276 -8.501485 4.218558 1.908203 0.863029 4.106528 -0.063383 0.679697 0.000036 0.001465 0.000010 17.738768 -24.860811 -14.998549 6.595836 3.571107 3.351820 6.452096 -0.356550 2.809856 0.001893 0.000006 0.000016 0.000000 0.000000 0.000000 0.000000 0.000000 0.000000 -90.625168 -0.475696 12.736982 -56.949146 -12.281535 7.744770 -2.789337 -24.686897 90.924652 -27.491365 -69.219376 27.151674 -10.577577 1.766989 40.051197 -0.000008 -0.000012 -25.633318 0.000098 -0.000026 -17.905493 0.000331 0.000005 0.000320 -9.546034 18.607286 -1.526326 -7.400196 -0.730219 2.000139 -7.545981 0.280330 1.769711 0.000013 0.000433 -0.000006 -10.348166 7.532897 -3.154556 -7.564131 -0.921700 0.792527 -7.833807 0.080166 0.667020 -0.000305 -0.000018 0.000056 -11.609951 -9.280185 -5.746044 -8.608067 1.854505 -1.137018 -8.383523 -0.124938 -0.868714 -0.001406 0.000006 -0.000012 -9.975005 -25.663731 -10.555822 -8.695807 3.579937 -3.415430 -8.918362 -0.410321 -2.857577 0.001266 -0.000006 -0.000012 0.000000 0.000000 0.000000 0.000000 0.000000 0.000000 -12.628688 6.435879 12.780597 -0.525100 -1.268516 21.222326 5.790448 -4.021158 11.722031 -1.371325 0.509688 -21.402710 0.000000 0.000000 0.000000 0.000000 0.000000 0.000000 0.000000 0.000000 0.000000 -2.290032 10.435875 16.231821 0.154556 0.596215 12.561896 2.230794 13.725932 14.264304 0.453764 -0.887880 -18.682566 0.000000 0.000000 0.000000 0.000000 0.000000 0.000000 0.000000 0.000000 0.000000 
1.457658 86.827522 35.551270 3.440850 -4.567052 -16.628479 -2.679648 0.679020 7.968067 0.675282 0.503352 3.453865 -0.701622 4.944973 8.276312 0.330872 1.880542 3.001712 -6.112445 0.864938 7.683741 0.434746 -0.849379 -4.168638 -0.201891 -0.386343 -23.513039 0.000000 0.000000 0.000000 86.914688 1.798635 13.569180 48.912834 8.209311 24.802017 0.499907 21.447504 88.977310 42.149353 53.091961 34.745972 7.103659 -1.396211 41.595299 0.000008 0.000008 -17.157139 -0.000017 0.000035 -11.919312 -0.000009 0.000001 0.000030 -2.458113 17.129402 0.625529 1.412808 -0.873821 -0.997440 1.087314 0.123878 -0.899428 0.000003 -0.000021 0.000013 -1.373540 7.061098 -3.372169 1.648005 -0.954669 -0.447496 1.916013 0.035665 -0.370190 0.000006 -0.000059 0.000012 7.343828 -8.963692 -8.490851 4.179724 1.920382 0.844542 4.071194 -0.055840 0.665250 0.000036 0.001446 0.000010 17.702944 -24.875769 -14.965797 6.583991 3.603717 3.307424 6.441169 -0.329719 2.776838 0.001948 0.000006 0.000016 0.000000 0.000000 0.000000 0.000000 0.000000 0.000000 -90.539551 -0.483280 12.758311 -57.031288 -12.329516 7.797332 -2.825254 -24.687775 90.424797 -26.170925 -68.987503 26.082687 -10.424672 1.748469 40.126083 -0.000008 -0.000012 -25.250681 0.000099 -0.000026 -17.636036 0.000192 0.000005 0.000235 -8.561069 18.623375 -1.210418 -6.936307 -0.746172 1.950286 -7.078866 0.265447 1.725710 0.000014 0.000407 -0.000005 -9.463179 7.540442 -2.895022 -7.093169 -0.927814 0.774295 -7.361799 0.076106 0.652095 -0.000361 -0.000019 0.000064 -10.827141 -9.292087 -5.512417 -8.131948 1.864335 -1.113393 -7.901268 -0.119209 -0.851434 -0.001339 0.000006 -0.000012 -9.235898 -25.689228 -10.403320 -8.263000 3.604923 -3.350621 -8.476403 -0.391947 -2.808411 0.001282 -0.000005 -0.000013 0.000000 0.000000 0.000000 0.000000 0.000000 0.000000 -12.660899 6.567606 12.410193 -0.527353 -1.267601 21.339167 5.756282 -3.810690 12.105168 -1.343325 0.495162 -21.534485 0.000000 0.000000 0.000000 0.000000 0.000000 0.000000 0.000000 0.000000 0.000000 -2.347461 10.758584 16.322100 0.149686 0.582437 12.308447 2.362568 13.964258 14.275957 0.451349 -0.877508 -18.672592 0.000000 0.000000 0.000000 0.000000 0.000000 0.000000 0.000000 0.000000 0.000000 
1.674513 86.852486 35.559788 3.368727 -5.019869 -16.576082 -2.730039 0.705835 7.962784 0.647667 0.514358 3.443806 -0.637740 4.897686 8.283655 0.366209 1.870914 3.008369 -6.097446 0.870154 7.756955 0.436636 -0.843658 -4.124675 -0.204564 -0.357559 -23.542114 0.000000 0.000000 0.000000 86.866180 1.835109 13.683123 48.896214 7.518126 24.673609 0.521242 21.480751 87.666885 41.790264 53.676773 34.013741 7.060537 -1.390509 41.611458 0.000008 0.000008 -17.071339 -0.000016 0.000035 -11.851031 -0.000009 0.000001 0.000031 -2.821480 17.148418 0.673970 1.356625 -0.890977 -0.954830 1.033339 0.107630 -0.860996 0.000003 -0.000021 0.000013 -1.681104 7.067114 -3.309629 1.585960 -0.961562 -0.429595 1.854489 0.030215 -0.356419 0.000006 -0.000058 0.000013 7.099175 -8.962404 -8.434701 4.085011 1.932624 0.821553 3.979483 -0.047896 0.646776 0.000037 0.001388 0.000009 17.481464 -24.897680 -14.905504 6.504472 3.637542 3.246026 6.361365 -0.301575 2.729457 0.001997 0.000007 0.000016 0.000000 0.000000 0.000000 0.000000 0.000000 0.000000 -90.417076 -0.497618 12.817803 -57.003700 -12.161979 7.930048 -2.891078 -24.720203 89.384621 -24.482267 -68.671616 24.459164 -10.252729 1.726201 40.210323 -0.000009 -0.000012 -24.823145 0.000102 -0.000027 -17.334089 0.000072 0.000006 0.000139 -7.378708 18.649649 -0.880996 -6.438874 -0.763890 1.887689 -6.574194 0.248844 1.670504 0.000015 0.000376 -0.000004 -8.384598 7.552477 -2.626155 -6.582275 -0.934651 0.750545 -6.849858 0.071377 0.632762 -0.000420 -0.000019 0.000070 -9.856335 -9.310426 -5.278621 -7.600166 1.875297 -1.082149 -7.366514 -0.112517 -0.828254 -0.001300 0.000006 -0.000012 -8.308073 -25.729105 -10.259909 -7.767955 3.631958 -3.265691 -7.971616 -0.371106 -2.741782 0.001315 -0.000004 -0.000013 0.000000 0.000000 0.000000 0.000000 0.000000 0.000000 -12.660682 6.712164 12.007915 -0.529694 -1.265890 21.500122 5.699905 -3.576170 12.467727 -1.311121 0.478442 -21.684361 0.000000 0.000000 0.000000 0.000000 0.000000 0.000000 0.000000 0.000000 0.000000 -2.372259 11.088668 16.414085 0.145588 0.569311 12.067607 2.478418 14.204907 14.304627 0.450744 -0.863418 -18.670700 0.000000 0.000000 0.000000 0.000000 0.000000 0.000000 0.000000 0.000000 0.000000 
1.872607 86.872963 35.561058 3.298360 -5.508781 -16.533831 -2.779935 0.730916 7.951511 0.621119 0.522598 3.414556 -0.561170 4.817520 8.274923 0.409409 1.849251 3.025951 -6.085514 0.910755 7.902918 0.440991 -0.805626 -4.054888 -0.224565 -0.326624 -23.574234 0.000000 0.000000 0.000000 86.797050 1.883414 13.834100 48.684624 6.665417 24.640354 0.566548 21.491667 85.895523 41.416321 54.351334 33.128395 6.991732 -1.380329 41.640282 0.000009 0.000008 -16.922150 -0.000016 0.000036 -11.740215 -0.000009 0.000001 0.000031 -3.354368 17.172731 0.818094 1.274063 -0.907891 -0.906801 0.949820 0.091559 -0.817273 0.000002 -0.000020 0.000013 -2.166005 7.075316 -3.164186 1.489820 -0.968531 -0.408672 1.756540 0.024621 -0.340022 0.000005 -0.000056 0.000013 6.640225 -8.962570 -8.319588 3.917311 1.944850 0.792499 3.814550 -0.039479 0.623193 0.000037 0.001300 0.000008 17.053280 -24.925365 -14.811687 6.338442 3.672748 3.163876 6.195398 -0.271913 2.664403 0.002031 0.000007 0.000016 0.000000 0.000000 0.000000 0.000000 0.000000 0.000000 -90.255569 -0.521324 12.912536 -56.795719 -11.855068 8.131774 -2.992521 -24.774204 87.724686 -22.670166 -68.327759 22.448250 -10.069285 1.701677 40.299648 -0.000008 -0.000013 -24.370234 0.000105 -0.000029 -17.013338 -0.000018 0.000007 0.000026 -6.042704 18.678770 -0.552387 -5.916340 -0.783731 1.807732 -6.041872 0.230098 1.600007 0.000017 0.000358 -0.000003 -7.149760 7.565927 -2.366312 -6.040298 -0.942449 0.719402 -6.306582 0.065727 0.607484 -0.000467 -0.000020 0.000076 -8.723778 -9.331097 -5.067515 -7.021264 1.887974 -1.040737 -6.789876 -0.104430 -0.797285 -0.001263 0.000006 -0.000012 -7.215510 -25.775665 -10.146529 -7.222856 3.662281 -3.153193 -7.416346 -0.346670 -2.651841 0.001366 -0.000003 -0.000014 0.000000 0.000000 0.000000 0.000000 0.000000 0.000000 -12.637143 6.859414 11.579664 -0.532192 -1.262709 21.692047 5.623350 -3.316689 12.815682 -1.276084 0.458322 -21.850283 0.000000 0.000000 0.000000 0.000000 0.000000 0.000000 0.000000 0.000000 0.000000 -2.371049 11.410918 16.502186 0.141671 0.555457 11.842173 2.581481 14.433492 14.347917 0.449887 -0.844677 -18.675020 0.000000 0.000000 0.000000 0.000000 0.000000 0.000000 0.000000 0.000000 0.000000 
2.051161 86.886284 35.558247 3.234740 -6.033315 -16.508413 -2.828004 0.754026 7.940650 0.597384 0.528249 3.365922 -0.485890 4.710426 8.248844 0.459580 1.815127 3.056273 -6.074549 0.980808 8.087599 0.448894 -0.741246 -3.970322 -0.256779 -0.296468 -23.599333 0.000000 0.000000 0.000000 86.702652 1.932912 13.992926 48.283909 5.749047 24.702452 0.629218 21.465734 83.766975 41.086777 55.100327 32.265774 6.907379 -1.367449 41.676563 0.000009 0.000007 -16.737659 -0.000015 0.000037 -11.606727 -0.000009 0.000001 0.000031 -3.976579 17.196222 1.069483 1.168993 -0.924346 -0.854765 0.841842 0.075828 -0.769664 0.000002 -0.000020 0.000013 -2.757610 7.083098 -2.930984 1.361893 -0.975349 -0.385663 1.626056 0.019073 -0.321748 0.000004 -0.000055 0.000014 6.024587 -8.962200 -8.141191 3.688053 1.956533 0.758760 3.588165 -0.030945 0.595906 0.000037 0.001192 0.000006 16.456585 -24.953341 -14.682878 6.094852 3.708215 3.065623 5.953335 -0.241436 2.585151 0.002034 0.000007 0.000016 0.000000 0.000000 0.000000 0.000000 0.000000 0.000000 -90.063271 -0.555745 13.023408 -56.374439 -11.513233 8.391952 -3.124820 -24.838079 85.481010 -20.831984 -68.083298 20.172728 -9.885627 1.677698 40.387207 -0.000008 -0.000013 -23.922411 0.000109 -0.000030 -16.695265 -0.000074 0.000008 -0.000095 -4.667750 18.695469 -0.231178 -5.391507 -0.805124 1.711725 -5.507330 0.209591 1.515320 0.000018 0.000368 -0.000001 -5.865366 7.574285 -2.124542 -5.490371 -0.950894 0.681561 -5.753702 0.059264 0.576810 -0.000493 -0.000021 0.000079 -7.521836 -9.345057 -4.886631 -6.416375 1.902010 -0.989998 -6.192087 -0.094991 -0.759186 -0.001202 0.000006 -0.000012 -6.042603 -25.807058 -10.062264 -6.647323 3.695490 -3.013760 -6.830931 -0.318491 -2.539857 0.001421 -0.000002 -0.000015 0.000000 0.000000 0.000000 0.000000 0.000000 0.000000 -12.608577 7.007488 11.146435 -0.534905 -1.257968 21.903431 5.532775 -3.036891 13.149643 -1.240973 0.434583 -22.019526 0.000000 0.000000 0.000000 0.000000 0.000000 0.000000 0.000000 0.000000 0.000000 -2.360532 11.707554 16.589136 0.137411 0.539927 11.644616 2.674347 14.644393 14.385928 0.446964 -0.822364 -18.674604 0.000000 0.000000 0.000000 0.000000 0.000000 0.000000 0.000000 0.000000 0.000000 
2.211534 86.889854 35.558491 3.179162 -6.590507 -16.508871 -2.872449 0.773015 7.936347 0.581207 0.529052 3.292507 -0.432346 4.593531 8.218708 0.518426 1.772185 3.096365 -6.062669 1.072219 8.267381 0.459559 -0.655583 -3.885247 -0.295378 -0.269799 -23.609795 0.000000 0.000000 0.000000 86.591286 1.973582 14.131762 47.770100 4.813908 24.850586 0.693525 21.425514 81.385345 40.757511 55.962708 31.471300 6.830009 -1.355238 41.709530 0.000010 0.000007 -16.572912 -0.000014 0.000038 -11.490261 -0.000009 0.000001 0.000031 -4.567936 17.214304 1.378939 1.067588 -0.940043 -0.803204 0.736791 0.060748 -0.722632 0.000001 -0.000019 0.000013 -3.338970 7.089103 -2.648589 1.233139 -0.981768 -0.362743 1.493580 0.013840 -0.303443 0.000004 -0.000052 0.000015 5.377797 -8.960540 -7.921912 3.448662 1.967146 0.724036 3.352254 -0.022824 0.568107 0.000036 0.001067 0.000005 15.803501 -24.977863 -14.524652 5.828671 3.742189 2.962813 5.689752 -0.211770 2.501056 0.001993 0.000008 0.000016 0.000000 0.000000 0.000000 0.000000 0.000000 0.000000 -89.854805 -0.597526 13.125400 -55.793495 -11.169143 8.686703 -3.277076 -24.915751 82.842667 -18.848713 -68.076126 17.617266 -9.714970 1.656306 40.465824 -0.000008 -0.000013 -23.513119 0.000112 -0.000032 -16.405085 -0.000105 0.000009 -0.000185 -3.388086 18.690321 0.072410 -4.895454 -0.826883 1.607649 -5.002628 0.188483 1.423482 0.000019 0.000399 -0.000000 -4.658620 7.573735 -1.899179 -4.964526 -0.959461 0.640341 -5.223001 0.052393 0.543414 -0.000505 -0.000022 0.000080 -6.367479 -9.346680 -4.721660 -5.817450 1.916421 -0.934317 -5.601960 -0.084819 -0.717289 -0.001093 0.000006 -0.000012 -4.909657 -25.807709 -9.977014 -6.069133 3.729509 -2.858850 -6.245833 -0.288095 -2.415306 0.001472 -0.000001 -0.000016 0.000000 0.000000 0.000000 0.000000 0.000000 0.000000 -12.588311 7.165193 10.738607 -0.538027 -1.253173 22.114651 5.441479 -2.743842 13.462045 -1.209764 0.409767 -22.172506 0.000000 0.000000 0.000000 0.000000 0.000000 0.000000 0.000000 0.000000 0.000000 -2.359556 11.968809 16.681576 0.132894 0.523988 11.485284 2.755239 14.836420 14.389482 0.441996 -0.800547 -18.660910 0.000000 0.000000 0.000000 0.000000 0.000000 0.000000 0.000000 0.000000 0.000000 
2.357397 86.882278 35.567860 3.131327 -7.176979 -16.532894 -2.912427 0.786247 7.938162 0.577926 0.522585 3.195274 -0.414762 4.491441 8.197937 0.587238 1.726859 3.144118 -6.044407 1.171938 8.411476 0.471086 -0.555559 -3.810494 -0.334296 -0.247561 -23.602253 0.000000 0.000000 0.000000 86.478912 2.001451 14.243921 47.236057 3.869027 25.043598 0.743858 21.396200 78.853188 40.412292 56.943661 30.718645 6.778702 -1.346716 41.729950 0.000010 0.000008 -16.472122 -0.000013 0.000039 -11.422310 -0.000008 0.000001 0.000030 -5.025228 17.225973 1.670464 0.993744 -0.953908 -0.758996 0.659223 0.047500 -0.682639 0.000000 -0.000018 0.000012 -3.795856 7.093461 -2.374576 1.137745 -0.987346 -0.343059 1.392009 0.009383 -0.287613 0.000003 -0.000049 0.000015 4.842110 -8.958018 -7.697798 3.256256 1.975985 0.693504 3.163764 -0.015864 0.543892 0.000036 0.000932 0.000004 15.243310 -24.997366 -14.353591 5.606507 3.771807 2.871769 5.470055 -0.185833 2.425690 0.001912 0.000008 0.000017 0.000000 0.000000 0.000000 0.000000 0.000000 0.000000 -89.644127 -0.640533 13.204056 -55.154690 -10.791136 8.959708 -3.432993 -25.012772 80.102356 -16.675447 -68.314087 14.834195 -9.572251 1.638991 40.528442 -0.000008 -0.000013 -23.178495 0.000114 -0.000033 -16.170090 -0.000113 0.000010 -0.000209 -2.315656 18.668179 0.347232 -4.463365 -0.847186 1.507601 -4.563114 0.168743 1.335278 0.000020 0.000438 0.000000 -3.644241 7.566147 -1.687746 -4.503462 -0.967448 0.600679 -4.755258 0.045790 0.511266 -0.000524 -0.000023 0.000079 -5.379736 -9.337988 -4.556830 -5.272755 1.929891 -0.880456 -5.064966 -0.075089 -0.676713 -0.000942 0.000006 -0.000012 -3.944321 -25.781441 -9.867171 -5.534201 3.761066 -2.707339 -5.709071 -0.258714 -2.293031 0.001515 -0.000000 -0.000017 0.000000 0.000000 0.000000 0.000000 0.000000 0.000000 -12.585343 7.340859 10.374366 -0.542007 -1.251273 22.301493 5.368206 -2.431992 13.743923 -1.185863 0.388608 -22.295090 0.000000 0.000000 0.000000 0.000000 0.000000 0.000000 0.000000 0.000000 0.000000 -2.384037 12.194916 16.775225 0.128420 0.510044 11.366763 2.816007 15.018257 14.334283 0.436162 -0.784846 -18.632824 0.000000 0.000000 0.000000 0.000000 0.000000 0.000000 0.000000 0.000000 0.000000 
2.491678 86.863976 35.586945 3.088064 -7.788559 -16.569113 -2.948406 0.795308 7.943173 0.588179 0.509159 3.090334 -0.429427 4.417407 8.182361 0.663481 1.686101 3.199912 -6.012405 1.265283 8.503069 0.483275 -0.452937 -3.753136 -0.368586 -0.229321 -23.572840 0.000000 0.000000 0.000000 86.375916 2.022113 14.337758 46.739769 2.934410 25.231184 0.777143 21.379219 76.287476 40.152290 57.928047 30.023819 6.760274 -1.343887 41.733849 0.000010 0.000008 -16.450447 -0.000013 0.000039 -11.412080 -0.000008 0.000000 0.000030 -5.287458 17.229748 1.881222 0.951165 -0.964805 -0.728151 0.613472 0.037240 -0.655213 -0.000001 -0.000017 0.000012 -4.052903 7.095722 -2.160849 1.087060 -0.991607 -0.329432 1.333625 0.006097 -0.276438 0.000003 -0.000045 0.000016 4.517812 -8.954803 -7.504874 3.139856 1.982485 0.671490 3.051103 -0.010641 0.526538 0.000035 0.000805 0.000003 14.887884 -25.010904 -14.196045 5.466368 3.794828 2.805588 5.331044 -0.165819 2.370297 0.001809 0.000008 0.000018 0.000000 0.000000 0.000000 0.000000 0.000000 0.000000 -89.441315 -0.681279 13.260655 -54.550018 -10.332613 9.132648 -3.572962 -25.117519 77.536491 -14.503030 -68.702301 12.041143 -9.468937 1.627071 40.570183 -0.000008 -0.000013 -22.945124 0.000115 -0.000034 -16.008980 -0.000099 0.000011 -0.000178 -1.529562 18.639334 0.575217 -4.124581 -0.864160 1.423354 -4.217722 0.152317 1.261354 0.000020 0.000482 0.000001 -2.907148 7.555523 -1.501764 -4.144623 -0.974092 0.567462 -4.387072 0.040171 0.484286 -0.000559 -0.000023 0.000078 -4.657333 -9.324346 -4.394864 -4.834373 1.941158 -0.835491 -4.632125 -0.066971 -0.642753 -0.000766 0.000006 -0.000013 -3.245300 -25.741102 -9.738257 -5.096135 3.787033 -2.579942 -5.272972 -0.233752 -2.189417 0.001554 0.000000 -0.000017 0.000000 0.000000 0.000000 0.000000 0.000000 0.000000 -12.600032 7.528198 10.049147 -0.546804 -1.253172 22.452829 5.316561 -2.096097 14.002533 -1.168664 0.373623 -22.388889 0.000000 0.000000 0.000000 0.000000 0.000000 0.000000 0.000000 0.000000 0.000000 -2.430756 12.399831 16.857466 0.124201 0.498746 11.292496 2.856369 15.201487 14.219044 0.430394 -0.776483 -18.595493 0.000000 0.000000 0.000000 0.000000 0.000000 0.000000 0.000000 0.000000 0.000000 
2.616517 86.836845 35.612663 3.047084 -8.419065 -16.607277 -2.982035 0.802455 7.951151 0.609668 0.490410 2.995736 -0.460732 4.372756 8.161055 0.739929 1.653917 3.258535 -5.976978 1.351137 8.539960 0.495864 -0.356833 -3.714975 -0.397010 -0.213724 -23.519329 0.000000 0.000000 0.000000 86.287933 2.043248 14.426776 46.313412 2.023438 25.371540 0.801592 21.368580 73.846443 40.138756 58.760578 29.461050 6.778688 -1.347081 41.720474 0.000010 0.000009 -16.514042 -0.000013 0.000039 -11.461680 -0.000008 -0.000000 0.000029 -5.319195 17.229544 1.978219 0.952909 -0.970920 -0.716619 0.612912 0.031732 -0.645600 -0.000001 -0.000015 0.000012 -4.067080 7.097366 -2.035326 1.096415 -0.993856 -0.324519 1.335789 0.004567 -0.272023 0.000003 -0.000039 0.000016 4.460601 -8.953181 -7.360962 3.121897 1.985841 0.661781 3.036376 -0.007963 0.518824 0.000034 0.000704 0.000003 14.800271 -25.022066 -14.062468 5.434282 3.808293 2.775187 5.298335 -0.154575 2.344324 0.001704 0.000008 0.000019 0.000000 0.000000 0.000000 0.000000 0.000000 0.000000 -89.253838 -0.721681 13.305735 -54.048599 -9.781842 9.149820 -3.682112 -25.205400 75.319283 -12.636075 -69.137520 9.532608 -9.409437 1.620777 40.590500 -0.000008 -0.000013 -22.819588 0.000115 -0.000035 -15.924609 -0.000061 0.000011 -0.000113 -1.050609 18.614225 0.751753 -3.892615 -0.875740 1.365146 -3.980371 0.141266 1.210835 0.000021 0.000538 0.000002 -2.471656 7.546212 -1.349311 -3.907182 -0.978606 0.544841 -4.137280 0.036269 0.465805 -0.000604 -0.000024 0.000077 -4.234153 -9.312117 -4.244784 -4.535143 1.949032 -0.805334 -4.337083 -0.061505 -0.619749 -0.000584 0.000006 -0.000013 -2.841483 -25.703270 -9.604563 -4.791566 3.804298 -2.494595 -4.971691 -0.216573 -2.118746 0.001593 0.000001 -0.000018 0.000000 0.000000 0.000000 0.000000 0.000000 0.000000 -12.624751 7.717029 9.748191 -0.551823 -1.257563 22.572012 5.275424 -1.738060 14.246192 -1.155347 0.364681 -22.462374 0.000000 0.000000 0.000000 0.000000 0.000000 0.000000 0.000000 0.000000 0.000000 -2.485710 12.605174 16.918200 0.120244 0.489279 11.259466 2.883773 15.393374 14.063421 0.424590 -0.773067 -18.555920 0.000000 0.000000 0.000000 0.000000 0.000000 0.000000 0.000000 0.000000 0.000000 
2.733997 86.803490 35.642197 3.008276 -9.058985 -16.641445 -3.011691 0.808290 7.962765 0.638709 0.468705 2.919762 -0.492191 4.354631 8.127901 0.806427 1.632306 3.313865 -5.964302 1.442809 8.540091 0.507452 -0.267155 -3.689613 -0.421871 -0.199105 -23.445463 0.000000 0.000000 0.000000 86.214745 2.068705 14.522525 45.978596 1.139820 25.454742 0.827359 21.360527 71.659737 40.507629 59.375076 29.149132 6.828739 -1.355174 41.693222 0.000010 0.000010 -16.648802 -0.000012 0.000040 -11.558348 -0.000008 -0.000001 0.000028 -5.136107 17.225327 1.965454 1.002716 -0.971397 -0.726108 0.661827 0.031634 -0.655171 -0.000002 -0.000013 0.000011 -3.853601 7.098269 -1.996351 1.167320 -0.993674 -0.328991 1.401252 0.004987 -0.274974 0.000003 -0.000032 0.000017 4.656882 -8.952856 -7.264238 3.200254 1.985561 0.665428 3.117398 -0.008125 0.521471 0.000033 0.000632 0.000002 14.966856 -25.029129 -13.944671 5.506978 3.810559 2.783595 5.368682 -0.153212 2.350615 0.001619 0.000008 0.000020 0.000000 0.000000 0.000000 0.000000 0.000000 0.000000 -89.086418 -0.764736 13.348719 -53.678375 -9.165060 9.025056 -3.757268 -25.257648 73.489563 -11.341606 -69.558754 7.582646 -9.387761 1.619624 40.592838 -0.000009 -0.000012 -22.784231 0.000115 -0.000035 -15.901581 -0.000002 0.000012 -0.000022 -0.847909 18.592201 0.878265 -3.753743 -0.881161 1.335567 -3.838048 0.136153 1.185923 0.000021 0.000605 0.000002 -2.305708 7.538277 -1.237192 -3.777265 -0.980651 0.533738 -3.992530 0.034321 0.456611 -0.000650 -0.000024 0.000077 -4.082285 -9.302123 -4.118443 -4.367074 1.952923 -0.791158 -4.173226 -0.058911 -0.608582 -0.000417 0.000006 -0.000013 -2.702131 -25.671190 -9.478144 -4.616219 3.811660 -2.455233 -4.799722 -0.208063 -2.084380 0.001635 0.000002 -0.000019 0.000000 0.000000 0.000000 0.000000 0.000000 0.000000 -12.649540 7.898969 9.460356 -0.556485 -1.262715 22.667166 5.232554 -1.363590 14.471725 -1.144051 0.360758 -22.520975 0.000000 0.000000 0.000000 0.000000 0.000000 0.000000 0.000000 0.000000 0.000000 -2.535161 12.826306 16.955118 0.116618 0.481225 11.258219 2.901728 15.596555 13.887683 0.418342 -0.771844 -18.516090 0.000000 0.000000 0.000000 0.000000 0.000000 0.000000 0.000000 0.000000 0.000000 
2.845834 86.766548 35.672981 2.970415 -9.696400 -16.666830 -3.033695 0.812799 7.977501 0.672312 0.446450 2.862428 -0.513438 4.358977 8.079583 0.855314 1.622602 3.365542 -5.994893 1.551325 8.529297 0.515830 -0.180930 -3.666450 -0.446637 -0.184576 -23.358452 0.000000 0.000000 0.000000 86.149040 2.097433 14.627795 45.736561 0.296454 25.507559 0.860310 21.361855 69.751442 41.253174 59.788967 29.110167 6.901124 -1.366510 41.656803 0.000009 0.000010 -16.832806 -0.000012 0.000040 -11.685587 -0.000008 -0.000001 0.000027 -4.793707 17.215572 1.866319 1.088657 -0.967292 -0.752264 0.748620 0.035848 -0.679892 -0.000002 -0.000011 0.000011 -3.473020 7.097602 -2.029787 1.281875 -0.991447 -0.340768 1.512439 0.006905 -0.283727 0.000003 -0.000026 0.000017 5.038624 -8.951998 -7.211183 3.345019 1.982207 0.679319 3.264746 -0.010557 0.532135 0.000032 0.000587 0.000002 15.316823 -25.028139 -13.843070 5.650323 3.803441 2.821498 5.507991 -0.159764 2.381794 0.001564 0.000008 0.000022 0.000000 0.000000 0.000000 0.000000 0.000000 0.000000 -88.938576 -0.808897 13.392559 -53.419323 -8.521167 8.825722 -3.804231 -25.270687 72.000992 -10.652225 -69.948235 6.251091 -9.391778 1.622176 40.583424 -0.000009 -0.000012 -22.807678 0.000115 -0.000035 -15.916384 0.000066 0.000013 0.000096 -0.851631 18.568716 0.947732 -3.678706 -0.881696 1.328362 -3.760980 0.135602 1.180963 0.000021 0.000678 0.000002 -2.335340 7.530165 -1.176184 -3.720767 -0.980701 0.531511 -3.919316 0.033909 0.454617 -0.000690 -0.000024 0.000077 -4.125916 -9.292605 -4.032320 -4.292026 1.953548 -0.789141 -4.102759 -0.058479 -0.606507 -0.000277 0.000005 -0.000013 -2.750638 -25.640875 -9.376923 -4.534726 3.811161 -2.451018 -4.721258 -0.206198 -2.078080 0.001678 0.000002 -0.000019 0.000000 0.000000 0.000000 0.000000 0.000000 0.000000 -12.666085 8.066788 9.178238 -0.560538 -1.267625 22.748802 5.183299 -0.985619 14.673056 -1.134181 0.361067 -22.567984 0.000000 0.000000 0.000000 0.000000 0.000000 0.000000 0.000000 0.000000 0.000000 -2.568712 13.065576 16.971369 0.113586 0.474716 11.280707 2.908756 15.807549 13.701876 0.411491 -0.770712 -18.473570 0.000000 0.000000 0.000000 0.000000 0.000000 0.000000 0.000000 0.000000 0.000000 
2.953642 86.727676 35.703205 2.933980 -10.318963 -16.683102 -3.047798 0.816714 7.995182 0.710673 0.424927 2.821156 -0.524288 4.383910 8.016331 0.883590 1.625479 3.414886 -6.074370 1.676348 8.526093 0.518442 -0.100137 -3.637395 -0.472693 -0.170173 -23.265268 0.000000 0.000000 0.000000 86.082298 2.126896 14.738987 45.580524 -0.474678 25.557114 0.900315 21.380075 68.079132 42.256268 60.055534 29.264269 6.988775 -1.379593 41.614559 0.000009 0.000011 -17.050865 -0.000011 0.000040 -11.833829 -0.000008 -0.000002 0.000026 -4.349574 17.202772 1.710371 1.198659 -0.960449 -0.788388 0.861485 0.042696 -0.713701 -0.000002 -0.000010 0.000010 -2.987736 7.095837 -2.114502 1.422073 -0.988004 -0.356786 1.650702 0.009676 -0.295876 0.000003 -0.000019 0.000018 5.535689 -8.949941 -7.193820 3.525584 1.976990 0.698752 3.448520 -0.014376 0.547234 0.000031 0.000569 0.000001 15.780280 -25.018057 -13.761899 5.829904 3.790683 2.874746 5.682024 -0.171052 2.426256 0.001536 0.000008 0.000023 0.000000 0.000000 0.000000 0.000000 0.000000 0.000000 -88.808487 -0.850525 13.437533 -53.237099 -7.880779 8.614385 -3.826967 -25.247433 70.804802 -10.447402 -70.311249 5.438673 -9.408689 1.626438 40.568844 -0.000009 -0.000012 -22.858292 0.000114 -0.000035 -15.947284 0.000130 0.000014 0.000229 -0.974492 18.543327 0.961162 -3.639597 -0.879386 1.334491 -3.720311 0.137673 1.187864 0.000020 0.000753 0.000003 -2.474127 7.521702 -1.165835 -3.704573 -0.979585 0.534483 -3.885032 0.034406 0.456855 -0.000719 -0.000024 0.000077 -4.277518 -9.283256 -3.992467 -4.270144 1.952263 -0.793994 -4.084779 -0.059259 -0.609667 -0.000168 0.000005 -0.000013 -2.901474 -25.611679 -9.312707 -4.509448 3.806202 -2.466506 -4.697819 -0.208130 -2.087824 0.001716 0.000003 -0.000020 0.000000 0.000000 0.000000 0.000000 0.000000 0.000000 -12.672871 8.218230 8.897166 -0.563904 -1.271948 22.828182 5.129297 -0.622868 14.847778 -1.125978 0.364556 -22.605978 0.000000 0.000000 0.000000 0.000000 0.000000 0.000000 0.000000 0.000000 0.000000 -2.584893 13.318884 16.972267 0.111242 0.469758 11.322246 2.903773 16.021521 13.510790 0.403959 -0.768810 -18.425919 0.000000 0.000000 0.000000 0.000000 0.000000 0.000000 0.000000 0.000000 0.000000 
3.058321 86.687653 35.732738 2.898818 -10.915174 -16.694597 -3.055580 0.820594 8.017505 0.753560 0.404686 2.794041 -0.529679 4.428942 7.942244 0.893072 1.641106 3.459260 -6.197151 1.809498 8.533251 0.513537 -0.031257 -3.601983 -0.498753 -0.155642 -23.168444 0.000000 0.000000 0.000000 86.010864 2.155574 14.849964 45.513687 -1.135333 25.619837 0.944603 21.422417 66.572517 43.328941 60.216228 29.471518 7.085365 -1.393824 41.568638 0.000009 0.000012 -17.289616 -0.000011 0.000040 -11.995300 -0.000008 -0.000002 0.000025 -3.853915 17.187414 1.515279 1.314884 -0.952851 -0.828620 0.983020 0.050354 -0.751409 -0.000002 -0.000008 0.000010 -2.448588 7.092633 -2.236246 1.566592 -0.984196 -0.374451 1.794125 0.012669 -0.309417 0.000003 -0.000014 0.000018 6.095042 -8.945453 -7.205459 3.714000 1.971121 0.720010 3.640964 -0.018703 0.563936 0.000031 0.000580 0.000001 16.304083 -24.998022 -13.704410 6.017605 3.776099 2.932456 5.863128 -0.183829 2.475106 0.001529 0.000008 0.000023 0.000000 0.000000 0.000000 0.000000 0.000000 0.000000 -88.696686 -0.887049 13.481219 -53.109417 -7.245070 8.418230 -3.826474 -25.194082 69.889633 -10.562740 -70.654671 4.994821 -9.429707 1.631126 40.553257 -0.000009 -0.000011 -22.915186 0.000113 -0.000035 -15.980690 0.000186 0.000014 0.000367 -1.158829 18.516680 0.919933 -3.620456 -0.875916 1.347647 -3.698529 0.140774 1.201082 0.000020 0.000825 0.000003 -2.665793 7.512919 -1.201114 -3.708820 -0.977966 0.540183 -3.870377 0.035310 0.461334 -0.000743 -0.000024 0.000078 -4.479996 -9.273507 -3.994884 -4.276215 1.950167 -0.802087 -4.092537 -0.060496 -0.615476 -0.000083 0.000005 -0.000013 -3.100724 -25.581497 -9.286400 -4.515580 3.799619 -2.491135 -4.704173 -0.211509 -2.105516 0.001742 0.000003 -0.000020 0.000000 0.000000 0.000000 0.000000 0.000000 0.000000 -12.671027 8.351118 8.623677 -0.566537 -1.275641 22.902962 5.075771 -0.294181 14.999566 -1.120098 0.370134 -22.637369 0.000000 0.000000 0.000000 0.000000 0.000000 0.000000 0.000000 0.000000 0.000000 -2.585486 13.583506 16.963812 0.109572 0.466013 11.382051 2.889861 16.230743 13.318980 0.395721 -0.765594 -18.374226 0.000000 0.000000 0.000000 0.000000 0.000000 0.000000 0.000000 0.000000 0.000000 
3.159446 86.647209 35.762959 2.864383 -11.477681 -16.705963 -3.059094 0.825333 8.043155 0.801235 0.385936 2.778448 -0.530523 4.489601 7.863400 0.888999 1.666165 3.497266 -6.351502 1.941553 8.555721 0.501616 0.021886 -3.561344 -0.524246 -0.141871 -23.073992 0.000000 0.000000 0.000000 85.942383 2.183363 14.953677 45.523304 -1.653999 25.687187 0.989023 21.478079 65.244110 44.369461 60.275337 29.676023 7.185600 -1.408325 41.521130 0.000009 0.000012 -17.538790 -0.000011 0.000041 -12.163806 -0.000008 -0.000002 0.000025 -3.343263 17.173197 1.304599 1.433061 -0.945597 -0.869498 1.108820 0.057846 -0.789996 -0.000002 -0.000007 0.000009 -1.892869 7.088996 -2.374587 1.709405 -0.980546 -0.392304 1.935963 0.015571 -0.323229 0.000003 -0.000010 0.000018 6.673573 -8.939517 -7.236070 3.898132 1.965450 0.741166 3.829988 -0.023014 0.580698 0.000030 0.000623 0.000001 16.842997 -24.972973 -13.667548 6.199203 3.762215 2.988937 6.037834 -0.196183 2.523510 0.001537 0.000009 0.000024 0.000000 0.000000 0.000000 0.000000 0.000000 0.000000 -88.607239 -0.917412 13.522907 -53.037167 -6.646200 8.245360 -3.802181 -25.114100 69.261467 -10.899875 -70.985268 4.840414 -9.451708 1.635618 40.538223 -0.000009 -0.000011 -22.972105 0.000109 -0.000035 -16.012869 0.000234 0.000015 0.000501 -1.369739 18.491304 0.848437 -3.612958 -0.872157 1.365057 -3.688049 0.144130 1.218122 0.000020 0.000894 0.000004 -2.881103 7.504396 -1.262378 -3.723088 -0.976192 0.547529 -3.865804 0.036397 0.467152 -0.000755 -0.000024 0.000079 -4.706791 -9.263568 -4.025774 -4.298106 1.947835 -0.811723 -4.113671 -0.061858 -0.622700 -0.000014 0.000005 -0.000013 -3.323619 -25.551308 -9.288946 -4.541451 3.792983 -2.519771 -4.728639 -0.215179 -2.127235 0.001752 0.000004 -0.000021 0.000000 0.000000 0.000000 0.000000 0.000000 0.000000 -12.661552 8.467341 8.363831 -0.568468 -1.278748 22.972332 5.025443 -0.010576 15.132227 -1.116853 0.376174 -22.664413 0.000000 0.000000 0.000000 0.000000 0.000000 0.000000 0.000000 0.000000 0.000000 -2.574307 13.853493 16.951454 0.108399 0.462797 11.456149 2.871970 16.429836 13.129056 0.387044 -0.760505 -18.319780 0.000000 0.000000 0.000000 0.000000 0.000000 0.000000 0.000000 0.000000 0.000000 
3.256318 86.606689 35.796082 2.829109 -12.002802 -16.721819 -3.059217 0.830936 8.071071 0.852365 0.368853 2.771537 -0.527080 4.560745 7.785866 0.876158 1.697672 3.526806 -6.522742 2.063056 8.584375 0.483989 0.055622 -3.522949 -0.548228 -0.130026 -22.984451 0.000000 0.000000 0.000000 85.885925 2.210023 15.043641 45.594929 -2.034908 25.747036 1.029711 21.540157 64.106941 45.292534 60.257347 29.835331 7.284984 -1.422735 41.473526 0.000009 0.000012 -17.789093 -0.000010 0.000041 -12.333282 -0.000008 -0.000002 0.000024 -2.845040 17.161203 1.086189 1.550143 -0.939740 -0.908319 1.235561 0.064145 -0.827097 -0.000002 -0.000005 0.000009 -1.347207 7.085143 -2.521236 1.847700 -0.977493 -0.409232 2.072807 0.018066 -0.336470 0.000003 -0.000007 0.000018 7.245532 -8.932698 -7.280530 4.074308 1.960705 0.760951 4.011426 -0.026802 0.596500 0.000029 0.000691 0.000001 17.371540 -24.946350 -13.647305 6.370558 3.751232 3.040459 6.202890 -0.206336 2.568306 0.001553 0.000009 0.000024 0.000000 0.000000 0.000000 0.000000 0.000000 0.000000 -88.543076 -0.941291 13.559270 -53.034355 -6.097481 8.094761 -3.755563 -25.019159 68.929245 -11.377544 -71.312447 4.905601 -9.471555 1.639586 40.524986 -0.000009 -0.000010 -23.022375 0.000103 -0.000034 -16.039690 0.000273 0.000016 0.000633 -1.582747 18.467264 0.761387 -3.609157 -0.868808 1.384550 -3.681544 0.147043 1.237186 0.000019 0.000957 0.000004 -3.098778 7.495926 -1.336284 -3.738419 -0.974521 0.555696 -3.863370 0.037466 0.473630 -0.000754 -0.000024 0.000079 -4.939543 -9.252797 -4.074381 -4.326005 1.945684 -0.821789 -4.138535 -0.063057 -0.630509 0.000051 0.000004 -0.000013 -3.556921 -25.519728 -9.311619 -4.577767 3.787494 -2.549145 -4.762525 -0.218156 -2.150434 0.001742 0.000004 -0.000021 0.000000 0.000000 0.000000 0.000000 0.000000 0.000000 -12.645725 8.570889 8.124687 -0.569895 -1.281718 23.033205 4.981337 0.224716 15.250181 -1.116724 0.381789 -22.688206 0.000000 0.000000 0.000000 0.000000 0.000000 0.000000 0.000000 0.000000 0.000000 -2.554483 14.123198 16.940462 0.107643 0.459727 11.542973 2.854432 16.611580 12.938992 0.378225 -0.753471 -18.264122 0.000000 0.000000 0.000000 0.000000 0.000000 0.000000 0.000000 0.000000 0.000000 
3.348391 86.567245 35.834881 2.791519 -12.489594 -16.745348 -3.055114 0.836960 8.097954 0.904091 0.354001 2.770222 -0.517419 4.635602 7.712348 0.857390 1.732642 3.546581 -6.699898 2.170082 8.610705 0.463243 0.070627 -3.492702 -0.570823 -0.120913 -22.901735 0.000000 0.000000 0.000000 85.852516 2.233990 15.116089 45.705627 -2.298101 25.787222 1.065249 21.608316 63.179268 46.070503 60.186150 29.942154 7.379835 -1.436537 41.427456 0.000009 0.000013 -18.031851 -0.000010 0.000041 -12.497996 -0.000008 -0.000003 0.000023 -2.380591 17.152374 0.859581 1.663229 -0.935485 -0.944073 1.359821 0.069012 -0.861739 -0.000002 -0.000004 0.000008 -0.832574 7.081480 -2.675146 1.979598 -0.975145 -0.424835 2.202377 0.020097 -0.348806 0.000003 -0.000006 0.000018 7.791801 -8.926135 -7.337559 4.241256 1.957067 0.779101 4.183567 -0.029949 0.611064 0.000029 0.000780 0.000001 17.873171 -24.921928 -13.640769 6.530478 3.743680 3.086350 6.357724 -0.213959 2.608877 0.001572 0.000009 0.000024 0.000000 0.000000 0.000000 0.000000 0.000000 0.000000 -88.506996 -0.957881 13.587877 -53.118477 -5.626189 7.968297 -3.690670 -24.920010 68.892830 -11.934719 -71.638725 5.140814 -9.488733 1.642983 40.513790 -0.000008 -0.000010 -23.065279 0.000096 -0.000034 -16.061060 0.000309 0.000016 0.000767 -1.790310 18.445223 0.663029 -3.605738 -0.866027 1.405201 -3.676264 0.149340 1.257540 0.000019 0.001013 0.000004 -3.311094 7.487681 -1.418256 -3.751639 -0.973034 0.564396 -3.861084 0.038463 0.480518 -0.000740 -0.000024 0.000078 -5.172422 -9.241414 -4.136779 -4.358203 1.943845 -0.832022 -4.166354 -0.064047 -0.638676 0.000119 0.000004 -0.000013 -3.797457 -25.487925 -9.350864 -4.623668 3.783380 -2.578976 -4.805694 -0.220332 -2.174852 0.001715 0.000004 -0.000021 0.000000 0.000000 0.000000 0.000000 0.000000 0.000000 -12.626331 8.666221 7.914558 -0.571114 -1.285196 23.079329 4.947575 0.413024 15.358854 -1.120231 0.386436 -22.709204 0.000000 0.000000 0.000000 0.000000 0.000000 0.000000 0.000000 0.000000 0.000000 -2.529041 14.385183 16.937565 0.107267 0.456337 11.637383 2.841294 16.769470 12.746520 0.369344 -0.744431 -18.207468 0.000000 0.000000 0.000000 0.000000 0.000000 0.000000 0.000000 0.000000 0.000000 
3.437051 86.531906 35.881245 2.756684 -12.939660 -16.780392 -3.046357 0.842033 8.116169 0.952899 0.341322 2.772049 -0.497881 4.700273 7.642039 0.834865 1.764041 3.559736 -6.875364 2.279785 8.638597 0.444573 0.089928 -3.470662 -0.598541 -0.114036 -22.827963 0.000000 0.000000 0.000000 85.843391 2.256890 15.171679 45.829571 -2.468372 25.788435 1.092530 21.658150 62.565426 46.820797 60.055576 30.109924 7.456804 -1.447278 41.389500 0.000010 0.000012 -18.235825 -0.000010 0.000041 -12.635722 -0.000008 -0.000003 0.000023 -2.009997 17.148439 0.645836 1.765718 -0.931787 -0.977321 1.473148 0.073301 -0.894252 -0.000002 -0.000003 0.000008 -0.409043 7.079203 -2.822634 2.099859 -0.973092 -0.439403 2.318482 0.021969 -0.360430 0.000003 -0.000008 0.000019 8.252466 -8.922511 -7.406618 4.391483 1.953930 0.796339 4.339012 -0.032857 0.624795 0.000028 0.000876 0.000001 18.298986 -24.906601 -13.654998 6.671533 3.737713 3.129531 6.494798 -0.220672 2.647494 0.001597 0.000010 0.000024 0.000000 0.000000 0.000000 0.000000 0.000000 0.000000 -88.486931 -0.969643 13.618041 -53.327808 -5.326001 7.884082 -3.613406 -24.808237 69.143051 -12.515859 -71.955040 5.505191 -9.503560 1.645989 40.504234 -0.000008 -0.000010 -23.103745 0.000088 -0.000033 -16.078165 0.000339 0.000016 0.000912 -1.975392 18.425098 0.551774 -3.596272 -0.863447 1.426296 -3.667376 0.151321 1.278544 0.000019 0.001055 0.000005 -3.500396 7.479733 -1.515178 -3.757545 -0.971555 0.573357 -3.855233 0.039465 0.487615 -0.000691 -0.000024 0.000077 -5.391387 -9.230318 -4.224667 -4.395328 1.942006 -0.842327 -4.199442 -0.064976 -0.647090 0.000186 0.000004 -0.000013 -4.024114 -25.459003 -9.420526 -4.681125 3.779717 -2.609881 -4.860387 -0.222253 -2.200870 0.001673 0.000005 -0.000022 0.000000 0.000000 0.000000 0.000000 0.000000 0.000000 -12.611979 8.758445 7.734772 -0.572528 -1.289935 23.115339 4.927326 0.555321 15.454844 -1.127846 0.389449 -22.727242 0.000000 0.000000 0.000000 0.000000 0.000000 0.000000 0.000000 0.000000 0.000000 -2.504248 14.626836 16.953861 0.107076 0.452153 11.720052 2.835778 16.894894 12.557178 0.360377 -0.733547 -18.148804 0.000000 0.000000 0.000000 0.000000 0.000000 0.000000 0.000000 0.000000 0.000000 
3.523678 86.501175 35.932598 2.730247 -13.353486 -16.827288 -3.037755 0.847089 8.130304 0.994887 0.331295 2.777377 -0.473539 4.756577 7.578732 0.810563 1.792458 3.561667 -7.024618 2.382008 8.649053 0.431849 0.111229 -3.461436 -0.626828 -0.109869 -22.755747 0.000000 0.000000 0.000000 85.846985 2.280326 15.208502 45.996788 -2.554423 25.751432 1.105522 21.685236 62.249775 47.526585 59.898708 30.328302 7.514663 -1.454699 41.360924 0.000010 0.000012 -18.393005 -0.000011 0.000041 -12.741116 -0.000009 -0.000003 0.000022 -1.739737 17.149759 0.456279 1.849628 -0.928508 -1.007046 1.566684 0.077188 -0.923474 -0.000002 -0.000002 0.000008 -0.082527 7.078671 -2.960191 2.202825 -0.971288 -0.452498 2.416240 0.023696 -0.370994 0.000002 -0.000011 0.000019 8.636456 -8.922159 -7.487606 4.525943 1.951142 0.812416 4.477483 -0.035657 0.637502 0.000028 0.000977 0.000002 18.674046 -24.897758 -13.699635 6.800809 3.732581 3.171016 6.621392 -0.227130 2.684724 0.001626 0.000010 0.000023 0.000000 0.000000 0.000000 0.000000 0.000000 0.000000 -88.480644 -0.977646 13.651433 -53.647018 -5.148964 7.816834 -3.522731 -24.679739 69.682938 -13.241279 -72.229561 6.073208 -9.514700 1.648396 40.497204 -0.000007 -0.000010 -23.132093 0.000078 -0.000033 -16.087973 0.000369 0.000017 0.001063 -2.142977 18.405481 0.422812 -3.579954 -0.861162 1.446013 -3.652710 0.152914 1.298787 0.000018 0.001088 0.000005 -3.669663 7.471796 -1.632724 -3.755904 -0.970139 0.581850 -3.845790 0.040404 0.494376 -0.000622 -0.000024 0.000074 -5.596389 -9.219600 -4.347561 -4.433665 1.940238 -0.852111 -4.233905 -0.065824 -0.655173 0.000237 0.000004 -0.000013 -4.233270 -25.432034 -9.534365 -4.743095 3.776507 -2.640207 -4.920008 -0.223963 -2.227019 0.001620 0.000005 -0.000022 0.000000 0.000000 0.000000 0.000000 0.000000 0.000000 -12.609581 8.850972 7.579434 -0.574144 -1.295705 23.144974 4.920006 0.657535 15.543379 -1.138890 0.391613 -22.743425 0.000000 0.000000 0.000000 0.000000 0.000000 0.000000 0.000000 0.000000 0.000000 -2.487778 14.841773 16.990387 0.107110 0.447682 11.787090 2.837918 16.987589 12.376737 0.351045 -0.722862 -18.091412 0.000000 0.000000 0.000000 0.000000 0.000000 0.000000 0.000000 0.000000 0.000000 
3.607551 86.475014 35.986183 2.712455 -13.731275 -16.881880 -3.031654 0.853745 8.142242 1.025894 0.325100 2.787283 -0.444345 4.802887 7.522550 0.786992 1.818385 3.551780 -7.128440 2.465076 8.639487 0.429075 0.130054 -3.463586 -0.651428 -0.109331 -22.684914 0.000000 0.000000 0.000000 85.855644 2.303053 15.221580 46.230530 -2.532606 25.681511 1.104234 21.695436 62.192474 48.196945 59.704155 30.608013 7.558225 -1.459612 41.339874 0.000010 0.000012 -18.511486 -0.000011 0.000041 -12.819980 -0.000009 -0.000002 0.000022 -1.536204 17.155041 0.297799 1.913922 -0.925608 -1.032931 1.639137 0.080718 -0.949113 -0.000001 -0.000001 0.000008 0.175067 7.079411 -3.085027 2.287411 -0.969680 -0.463998 2.495867 0.025269 -0.380415 0.000002 -0.000015 0.000019 8.970804 -8.924195 -7.575922 4.646895 1.948617 0.827466 4.600772 -0.038410 0.649311 0.000028 0.001086 0.000002 19.023144 -24.892382 -13.769567 6.923212 3.727812 3.212162 6.742022 -0.233544 2.721430 0.001656 0.000011 0.000022 0.000000 0.000000 0.000000 0.000000 0.000000 0.000000 -88.491615 -0.980813 13.682609 -54.049496 -5.064814 7.734267 -3.422030 -24.532808 70.490051 -14.268123 -72.421913 6.967517 -9.525262 1.650586 40.491322 -0.000007 -0.000010 -23.157104 0.000068 -0.000032 -16.095814 0.000406 0.000017 0.001207 -2.337022 18.385614 0.277646 -3.571383 -0.859156 1.464124 -3.645634 0.154185 1.318094 0.000018 0.001113 0.000005 -3.855298 7.463748 -1.771555 -3.760403 -0.968796 0.589773 -3.845672 0.041278 0.500763 -0.000540 -0.000024 0.000071 -5.808704 -9.209394 -4.506367 -4.481389 1.938563 -0.861424 -4.277593 -0.066612 -0.662788 0.000270 0.000004 -0.000013 -4.433614 -25.407125 -9.692251 -4.811532 3.773798 -2.669568 -4.986420 -0.225529 -2.253008 0.001554 0.000005 -0.000022 0.000000 0.000000 0.000000 0.000000 0.000000 0.000000 -12.620388 8.941051 7.440786 -0.575710 -1.301417 23.169447 4.921494 0.722555 15.633947 -1.151503 0.392650 -22.758608 0.000000 0.000000 0.000000 0.000000 0.000000 0.000000 0.000000 0.000000 0.000000 -2.478779 15.028282 17.046688 0.107396 0.442586 11.833856 2.846598 17.056181 12.210727 0.341684 -0.712821 -18.036934 0.000000 0.000000 0.000000 0.000000 0.000000 0.000000 0.000000 0.000000 0.000000 
3.686228 86.453117 36.039883 2.696707 -14.073903 -16.938673 -3.027323 0.862403 8.151628 1.043794 0.323229 2.801813 -0.406402 4.834375 7.472201 0.766871 1.841864 3.532396 -7.178075 2.522612 8.612531 0.438495 0.143396 -3.473567 -0.671165 -0.113841 -22.618217 0.000000 0.000000 0.000000 85.875549 2.320974 15.207588 46.519627 -2.392784 25.594727 1.093462 21.709055 62.307312 48.836395 59.462440 30.942268 7.596215 -1.463562 41.322037 0.000010 0.000011 -18.611654 -0.000012 0.000042 -12.886772 -0.000010 -0.000002 0.000022 -1.348271 17.163033 0.158314 1.967874 -0.923250 -1.055646 1.699824 0.083803 -0.971865 -0.000001 -0.000000 0.000008 0.410002 7.080996 -3.205435 2.362169 -0.968288 -0.474194 2.566957 0.026664 -0.388956 0.000001 -0.000018 0.000019 9.293664 -8.928063 -7.668155 4.765252 1.946396 0.841949 4.719571 -0.041123 0.660610 0.000028 0.001200 0.000002 19.372536 -24.890852 -13.850913 7.049394 3.723384 3.254414 6.866773 -0.239792 2.758593 0.001683 0.000011 0.000022 0.000000 0.000000 0.000000 0.000000 0.000000 0.000000 -88.529503 -0.976741 13.705003 -54.498184 -5.035333 7.619257 -3.318022 -24.375282 71.495697 -15.670823 -72.479218 8.231696 -9.539062 1.653068 40.484737 -0.000006 -0.000010 -23.188698 0.000056 -0.000032 -16.109049 0.000456 0.000017 0.001337 -2.598410 18.365953 0.115441 -3.589204 -0.857271 1.481987 -3.663509 0.155354 1.337635 0.000018 0.001130 0.000005 -4.089930 7.455936 -1.931785 -3.788362 -0.967472 0.597694 -3.871161 0.042167 0.507293 -0.000457 -0.000024 0.000068 -6.044158 -9.200288 -4.696772 -4.550592 1.936978 -0.871078 -4.342732 -0.067409 -0.670479 0.000295 0.000004 -0.000013 -4.629935 -25.385637 -9.885426 -4.893085 3.771565 -2.699701 -5.066566 -0.227102 -2.280470 0.001475 0.000005 -0.000022 0.000000 0.000000 0.000000 0.000000 0.000000 0.000000 -12.637942 9.022655 7.316355 -0.576981 -1.306250 23.179615 4.925957 0.754475 15.737424 -1.163915 0.392234 -22.772293 0.000000 0.000000 0.000000 0.000000 0.000000 0.000000 0.000000 0.000000 0.000000 -2.468465 15.186599 17.120716 0.108028 0.436285 11.858530 2.858926 17.109669 12.061849 0.332381 -0.702725 -17.986290 0.000000 0.000000 0.000000 0.000000 0.000000 0.000000 0.000000 0.000000 0.000000 
3.757565 86.435249 36.091255 2.676257 -14.382656 -16.992456 -3.024086 0.871903 8.157427 1.048854 0.324643 2.820250 -0.356785 4.844872 7.427422 0.752881 1.860159 3.507712 -7.174498 2.557970 8.573015 0.460003 0.153569 -3.487471 -0.687624 -0.123824 -22.557707 0.000000 0.000000 0.000000 85.918121 2.330872 15.169301 46.823540 -2.152227 25.505445 1.077843 21.738169 62.505798 49.447342 59.187675 31.321566 7.635065 -1.467849 41.303650 0.000010 0.000011 -18.712090 -0.000012 0.000042 -12.954331 -0.000011 -0.000002 0.000022 -1.137905 17.172943 0.018161 2.029406 -0.921483 -1.076844 1.766876 0.086474 -0.993347 -0.000001 0.000000 0.000008 0.658132 7.083303 -3.333984 2.444178 -0.967075 -0.483806 2.646777 0.027918 -0.397254 0.000000 -0.000021 0.000020 9.631752 -8.933564 -7.765923 4.897241 1.944462 0.856751 4.850352 -0.043815 0.672068 0.000028 0.001305 0.000002 19.737453 -24.895048 -13.933155 7.192851 3.719196 3.299690 7.008691 -0.245835 2.797645 0.001706 0.000012 0.000021 0.000000 0.000000 0.000000 0.000000 0.000000 0.000000 -88.594063 -0.966245 13.720942 -54.963631 -5.035309 7.481346 -3.217134 -24.216162 72.605095 -17.371109 -72.378708 9.775175 -9.559119 1.656196 40.475933 -0.000006 -0.000011 -23.235775 0.000045 -0.000032 -16.133709 0.000515 0.000016 0.001451 -2.936535 18.348482 -0.065591 -3.645323 -0.855236 1.501432 -3.717894 0.156734 1.358903 0.000018 0.001138 0.000005 -4.379623 7.449290 -2.114205 -3.851192 -0.966052 0.606396 -3.933270 0.043193 0.514642 -0.000377 -0.000024 0.000065 -6.300514 -9.193302 -4.915196 -4.650275 1.935358 -0.882230 -4.439060 -0.068344 -0.679131 0.000320 0.000004 -0.000013 -4.815862 -25.369581 -10.108374 -4.994780 3.769543 -2.733456 -5.168290 -0.228950 -2.311824 0.001384 0.000005 -0.000022 0.000000 0.000000 0.000000 0.000000 0.000000 0.000000 -12.655038 9.089272 7.207284 -0.577893 -1.310381 23.164438 4.930182 0.760035 15.856514 -1.175248 0.391072 -22.783628 0.000000 0.000000 0.000000 0.000000 0.000000 0.000000 0.000000 0.000000 0.000000 -2.448538 15.318471 17.205542 0.109004 0.428756 11.861907 2.872206 17.150417 11.932439 0.323022 -0.691929 -17.940805 0.000000 0.000000 0.000000 0.000000 0.000000 0.000000 0.000000 0.000000 0.000000 
3.820899 86.421021 36.137276 2.651079 -14.658910 -17.038971 -3.025149 0.881248 8.159459 1.043719 0.327547 2.841513 -0.297817 4.832505 7.390067 0.746929 1.870042 3.481455 -7.127026 2.579004 8.529860 0.489873 0.164231 -3.501099 -0.701898 -0.137432 -22.506374 0.000000 0.000000 0.000000 85.983658 2.332874 15.113689 47.096375 -1.846761 25.414959 1.060145 21.776878 62.734158 50.017105 58.907196 31.723953 7.673613 -1.472643 41.284740 0.000011 0.000010 -18.813023 -0.000013 0.000042 -13.022603 -0.000012 -0.000002 0.000022 -0.911395 17.184189 -0.130200 2.104333 -0.920276 -1.096984 1.846582 0.088772 -1.013990 -0.000000 0.000001 0.000008 0.913903 7.086275 -3.475058 2.538727 -0.965992 -0.493038 2.740108 0.029038 -0.405479 -0.000001 -0.000023 0.000020 9.976795 -8.940156 -7.873974 5.044370 1.942814 0.871882 4.995371 -0.046423 0.683664 0.000028 0.001385 0.000003 20.110086 -24.903866 -14.018979 7.353455 3.715210 3.347231 7.167663 -0.251502 2.837960 0.001727 0.000012 0.000021 0.000000 0.000000 0.000000 0.000000 0.000000 0.000000 -88.669975 -0.953030 13.737000 -55.415474 -5.046629 7.346788 -3.122554 -24.057400 73.747894 -19.220739 -72.123894 11.451893 -9.583704 1.659595 40.465839 -0.000006 -0.000011 -23.293873 0.000034 -0.000031 -16.166573 0.000568 0.000016 0.001552 -3.312525 18.335661 -0.266010 -3.732349 -0.853007 1.522523 -3.802087 0.158393 1.381609 0.000018 0.001139 0.000005 -4.690804 7.444926 -2.319710 -3.941999 -0.964530 0.615847 -4.025439 0.044383 0.522770 -0.000305 -0.000024 0.000062 -6.551346 -9.189415 -5.161304 -4.773694 1.933650 -0.895024 -4.560019 -0.069456 -0.688803 0.000352 0.000003 -0.000013 -4.972085 -25.360689 -10.363747 -5.112095 3.767659 -2.770830 -5.287386 -0.231114 -2.346653 0.001284 0.000005 -0.000022 0.000000 0.000000 0.000000 0.000000 0.000000 0.000000 -12.669811 9.140165 7.109120 -0.578540 -1.314698 23.123913 4.934745 0.750504 15.983181 -1.185295 0.390761 -22.793390 0.000000 0.000000 0.000000 0.000000 0.000000 0.000000 0.000000 0.000000 0.000000 -2.416999 15.433132 17.291101 0.110174 0.420994 11.846248 2.883137 17.177729 11.824713 0.313689 -0.680924 -17.901482 0.000000 0.000000 0.000000 0.000000 0.000000 0.000000 0.000000 0.000000 0.000000 
3.875622 86.410393 36.176517 2.621548 -14.903803 -17.076004 -3.034385 0.889964 8.157944 1.031733 0.330394 2.866292 -0.233493 4.799594 7.359053 0.749590 1.871443 3.458021 -7.049622 2.593476 8.488255 0.523717 0.177763 -3.512280 -0.714240 -0.152620 -22.464787 0.000000 0.000000 0.000000 86.069740 2.326846 15.047054 47.314518 -1.514529 25.326820 1.042332 21.828167 62.935524 50.494740 58.648804 32.082954 7.708535 -1.477699 41.266754 0.000011 0.000010 -18.905422 -0.000014 0.000042 -13.085899 -0.000013 -0.000001 0.000021 -0.693985 17.195997 -0.289664 2.180735 -0.919693 -1.115861 1.927215 0.090666 -1.033505 0.000000 0.000001 0.000008 1.157109 7.089609 -3.627183 2.634270 -0.965097 -0.501736 2.835448 0.029988 -0.413447 -0.000002 -0.000024 0.000020 10.313130 -8.947084 -7.989711 5.194068 1.941533 0.886780 5.142139 -0.048861 0.694944 0.000028 0.001440 0.000003 20.479681 -24.915520 -14.108223 7.519463 3.711685 3.395052 7.332142 -0.256592 2.877923 0.001743 0.000012 0.000020 0.000000 0.000000 0.000000 0.000000 0.000000 0.000000 -88.750603 -0.938470 13.756528 -55.813271 -5.036031 7.237553 -3.035807 -23.905157 74.871147 -21.017868 -71.743103 13.065695 -9.609058 1.662606 40.456455 -0.000005 -0.000011 -23.352079 0.000025 -0.000031 -16.200838 0.000608 0.000016 0.001637 -3.681598 18.328718 -0.475928 -3.835454 -0.850533 1.545544 -3.901675 0.160419 1.405799 0.000018 0.001135 0.000005 -4.988912 7.443390 -2.536999 -4.047158 -0.962945 0.626046 -4.134601 0.045750 0.531623 -0.000254 -0.000024 0.000059 -6.776677 -9.189001 -5.421033 -4.907788 1.931882 -0.909478 -4.692477 -0.070788 -0.699489 0.000389 0.000003 -0.000013 -5.092009 -25.359058 -10.638968 -5.235503 3.765810 -2.811956 -5.414177 -0.233765 -2.384616 0.001178 0.000005 -0.000022 0.000000 0.000000 0.000000 0.000000 0.000000 0.000000 -12.681134 9.177803 7.017128 -0.579082 -1.319773 23.058756 4.938405 0.738876 16.115330 -1.193785 0.392422 -22.803385 0.000000 0.000000 0.000000 0.000000 0.000000 0.000000 0.000000 0.000000 0.000000 -2.374308 15.539771 17.372248 0.111411 0.413301 11.813456 2.889917 17.194387 11.739336 0.303986 -0.669779 -17.868389 0.000000 0.000000 0.000000 0.000000 0.000000 0.000000 0.000000 0.000000 0.000000 
3.920589 86.403641 36.209309 2.586220 -15.119245 -17.102268 -3.053130 0.897658 8.151493 1.015400 0.332471 2.896642 -0.165815 4.748537 7.329932 0.759698 1.865696 3.442258 -6.955977 2.606571 8.450214 0.558247 0.194916 -3.521211 -0.724590 -0.168067 -22.432068 0.000000 0.000000 0.000000 86.175903 2.311852 14.973823 47.470325 -1.195719 25.241798 1.026126 21.899544 63.065689 50.831284 58.441467 32.336330 7.739030 -1.483116 41.249916 0.000011 0.000010 -18.986053 -0.000014 0.000042 -13.142613 -0.000013 -0.000001 0.000021 -0.494740 17.206791 -0.462268 2.249068 -0.919864 -1.133225 1.999381 0.092019 -1.051602 0.000001 0.000002 0.000009 1.382856 7.092652 -3.787006 2.721745 -0.964479 -0.509732 2.923920 0.030717 -0.420941 -0.000003 -0.000024 0.000020 10.639109 -8.953341 -8.105376 5.338241 1.940695 0.901003 5.282303 -0.051042 0.705550 0.000028 0.001481 0.000003 20.845587 -24.927788 -14.194319 7.683752 3.708982 3.441515 7.495015 -0.260859 2.916304 0.001753 0.000012 0.000020 0.000000 0.000000 0.000000 0.000000 0.000000 0.000000 -88.837837 -0.921660 13.780526 -56.129795 -4.981692 7.169493 -2.957998 -23.771271 75.928139 -22.590660 -71.297768 14.452934 -9.632773 1.664957 40.448753 -0.000005 -0.000011 -23.404366 0.000015 -0.000031 -16.233025 0.000631 0.000015 0.001700 -4.019489 18.327408 -0.680855 -3.944373 -0.847811 1.570468 -4.006576 0.162810 1.431388 0.000018 0.001122 0.000005 -5.258549 7.444533 -2.748374 -4.157724 -0.961353 0.636906 -4.252117 0.047271 0.541073 -0.000234 -0.000024 0.000056 -6.974055 -9.191652 -5.671235 -5.044757 1.930140 -0.925392 -4.828924 -0.072324 -0.711082 0.000433 0.000003 -0.000013 -5.186746 -25.363461 -10.909172 -5.361106 3.763987 -2.856711 -5.544429 -0.236945 -2.425264 0.001069 0.000006 -0.000022 0.000000 0.000000 0.000000 0.000000 0.000000 0.000000 -12.687449 9.204159 6.929805 -0.579704 -1.325973 22.966391 4.940184 0.733540 16.254692 -1.200795 0.396578 -22.814486 0.000000 0.000000 0.000000 0.000000 0.000000 0.000000 0.000000 0.000000 0.000000 -2.320356 15.645591 17.448725 0.112655 0.405558 11.764144 2.892410 17.203955 11.674285 0.293343 -0.658091 -17.840698 0.000000 0.000000 0.000000 0.000000 0.000000 0.000000 0.000000 0.000000 0.000000 
3.954307 86.400482 36.236862 2.544221 -15.309092 -17.117456 -3.080997 0.903961 8.138860 0.996785 0.333787 2.932240 -0.095662 4.681050 7.299188 0.775894 1.853526 3.435753 -6.858566 2.621619 8.420149 0.590481 0.214843 -3.527238 -0.732855 -0.182823 -22.407431 0.000000 0.000000 0.000000 86.300636 2.288719 14.896532 47.562271 -0.930109 25.149490 1.012358 21.988195 63.129070 51.022472 58.304520 32.471600 7.765838 -1.488959 41.233967 0.000011 0.000010 -19.056730 -0.000015 0.000042 -13.194008 -0.000014 -0.000001 0.000021 -0.310566 17.215530 -0.646719 2.311221 -0.920585 -1.149316 2.065137 0.092958 -1.068399 0.000001 0.000002 0.000009 1.593923 7.095094 -3.950830 2.803219 -0.964074 -0.517104 3.007506 0.031284 -0.427958 -0.000004 -0.000023 0.000020 10.957369 -8.958469 -8.215956 5.479115 1.940137 0.914597 5.418176 -0.053020 0.715485 0.000028 0.001516 0.000004 21.210188 -24.938471 -14.274086 7.848598 3.706771 3.486297 7.658461 -0.264511 2.952984 0.001753 0.000013 0.000020 0.000000 0.000000 0.000000 0.000000 0.000000 0.000000 -88.931641 -0.902660 13.808810 -56.362736 -4.889064 7.151882 -2.890252 -23.662489 76.886681 -23.883514 -70.854897 15.565027 -9.653130 1.666733 40.442970 -0.000005 -0.000012 -23.447691 0.000007 -0.000031 -16.261021 0.000631 0.000014 0.001739 -4.313079 18.330267 -0.874074 -4.051086 -0.844823 1.596329 -4.109241 0.165500 1.457345 0.000018 0.001103 0.000005 -5.492405 7.447684 -2.943659 -4.266765 -0.959772 0.648027 -4.371188 0.048904 0.550733 -0.000249 -0.000024 0.000053 -7.147728 -9.196425 -5.896257 -5.180089 1.928418 -0.942162 -4.965400 -0.074026 -0.723153 0.000487 0.000003 -0.000013 -5.271517 -25.372372 -11.155418 -5.488458 3.762128 -2.903716 -5.677108 -0.240627 -2.467141 0.000956 0.000006 -0.000022 0.000000 0.000000 0.000000 0.000000 0.000000 0.000000 -12.687981 9.223160 6.847636 -0.580541 -1.333520 22.845999 4.941257 0.739097 16.398512 -1.206735 0.403510 -22.827215 0.000000 0.000000 0.000000 0.000000 0.000000 0.000000 0.000000 0.000000 0.000000 -2.254335 15.757631 17.522331 0.113924 0.398162 11.699809 2.889788 17.209225 11.623872 0.281581 -0.646022 -17.816975 0.000000 0.000000 0.000000 0.000000 0.000000 0.000000 0.000000 0.000000 0.000000 
3.975276 86.399834 36.261089 2.496562 -15.478439 -17.123486 -3.116660 0.908554 8.121503 0.978295 0.334466 2.968665 -0.023930 4.598958 7.266899 0.798137 1.834920 3.436686 -6.769683 2.646004 8.403883 0.618291 0.240452 -3.527961 -0.740282 -0.195809 -22.389885 0.000000 0.000000 0.000000 86.437645 2.260216 14.815352 47.600937 -0.740649 25.033232 1.000098 22.079659 63.180496 51.102345 58.235558 32.523129 7.789166 -1.494851 41.219276 0.000011 0.000010 -19.118532 -0.000016 0.000041 -13.240552 -0.000014 -0.000001 0.000021 -0.141682 17.222353 -0.836470 2.372163 -0.921289 -1.164731 2.129451 0.093942 -1.084213 0.000001 0.000002 0.000008 1.787280 7.097132 -4.113101 2.883662 -0.963659 -0.524111 3.090743 0.031861 -0.434650 -0.000004 -0.000020 0.000020 11.262064 -8.962772 -8.319076 5.619857 1.939467 0.927922 5.553172 -0.055019 0.725000 0.000028 0.001551 0.000005 21.567312 -24.946432 -14.348163 8.016218 3.704014 3.530385 7.824578 -0.268349 2.988946 0.001743 0.000013 0.000019 0.000000 0.000000 0.000000 0.000000 0.000000 0.000000 -89.027367 -0.883864 13.839191 -56.530376 -4.785880 7.181050 -2.833382 -23.572664 77.743324 -24.947643 -70.460846 16.457624 -9.667743 1.667994 40.439724 -0.000005 -0.000012 -23.476931 -0.000000 -0.000031 -16.280676 0.000604 0.000014 0.001758 -4.546283 18.334850 -1.055216 -4.143816 -0.841524 1.621472 -4.198414 0.168425 1.481898 0.000018 0.001083 0.000005 -5.677658 7.451855 -3.120761 -4.363147 -0.958180 0.658775 -4.480464 0.050606 0.560022 -0.000289 -0.000024 0.000050 -7.293712 -9.202194 -6.091528 -5.305158 1.926591 -0.958896 -5.093516 -0.075862 -0.735020 0.000553 0.000003 -0.000013 -5.348628 -25.384033 -11.370740 -5.612123 3.759924 -2.950758 -5.806041 -0.244842 -2.508147 0.000843 0.000006 -0.000022 0.000000 0.000000 0.000000 0.000000 0.000000 0.000000 -12.683363 9.242221 6.771222 -0.581581 -1.342121 22.702923 4.942734 0.762094 16.538963 -1.211704 0.413141 -22.841444 0.000000 0.000000 0.000000 0.000000 0.000000 0.000000 0.000000 0.000000 0.000000 -2.175782 15.880194 17.596422 0.115217 0.391552 11.623526 2.880628 17.215309 11.581680 0.268976 -0.634331 -17.795273 0.000000 0.000000 0.000000 0.000000 0.000000 0.000000 0.000000 0.000000 0.000000 
3.982052 86.400642 36.284199 2.443918 -15.631855 -17.122992 -3.156468 0.911133 8.102840 0.961966 0.334595 3.000463 0.048517 4.506261 7.233832 0.827328 1.811180 3.442050 -6.701890 2.689936 8.398898 0.641265 0.278450 -3.523226 -0.749136 -0.206517 -22.374729 0.000000 0.000000 0.000000 86.580276 2.228648 14.729927 47.609280 -0.630919 24.882511 0.987776 22.162537 63.259865 51.117725 58.226013 32.542892 7.810811 -1.500508 41.205517 0.000011 0.000009 -19.175636 -0.000017 0.000041 -13.284809 -0.000014 -0.000001 0.000021 0.018114 17.227900 -1.027823 2.437012 -0.921635 -1.179824 2.197299 0.095232 -1.099115 0.000002 0.000003 0.000008 1.966673 7.099018 -4.269755 2.967890 -0.963112 -0.530926 3.178110 0.032555 -0.441086 -0.000005 -0.000017 0.000020 11.551498 -8.966515 -8.410513 5.763372 1.938429 0.941186 5.690145 -0.057188 0.734279 0.000028 0.001593 0.000005 21.911257 -24.951271 -14.412120 8.187902 3.700051 3.574730 7.994387 -0.272968 3.025093 0.001724 0.000013 0.000018 0.000000 0.000000 0.000000 0.000000 0.000000 0.000000 -89.123817 -0.867205 13.867271 -56.645390 -4.689588 7.238178 -2.787478 -23.487251 78.496307 -25.863522 -70.140610 17.210892 -9.675166 1.668737 40.439514 -0.000005 -0.000012 -23.488432 -0.000006 -0.000031 -16.289133 0.000553 0.000013 0.001759 -4.710792 18.338764 -1.221846 -4.213372 -0.837971 1.644541 -4.264799 0.171476 1.503614 0.000018 0.001061 0.000005 -5.806847 7.456087 -3.276249 -4.437581 -0.956592 0.668657 -4.569806 0.052308 0.568466 -0.000347 -0.000024 0.000046 -7.407514 -9.207859 -6.253174 -5.411146 1.924601 -0.974835 -5.204343 -0.077774 -0.746132 0.000625 0.000003 -0.000013 -5.416022 -25.395983 -11.549874 -5.724368 3.757113 -2.996068 -5.923193 -0.249528 -2.546734 0.000731 0.000006 -0.000022 0.000000 0.000000 0.000000 0.000000 0.000000 0.000000 -12.672299 9.268049 6.700268 -0.582649 -1.350987 22.544571 4.940982 0.811810 16.670572 -1.214967 0.424769 -22.855680 0.000000 0.000000 0.000000 0.000000 0.000000 0.000000 0.000000 0.000000 0.000000 -2.084731 16.012403 17.674400 0.116477 0.385626 11.538844 2.864171 17.233006 11.545444 0.256110 -0.623713 -17.774885 0.000000 0.000000 0.000000 0.000000 0.000000 0.000000 0.000000 0.000000 0.000000 
3.973338 86.402260 36.309021 2.386867 -15.771558 -17.119770 -3.195249 0.911667 8.085751 0.947607 0.334519 3.024889 0.120462 4.408159 7.196971 0.863143 1.784922 3.449365 -6.663375 2.758813 8.398568 0.660276 0.333290 -3.513830 -0.760687 -0.215372 -22.355595 0.000000 0.000000 0.000000 86.726265 2.194854 14.638580 47.618702 -0.602496 24.694757 0.974864 22.242002 63.362637 51.075619 58.273026 32.547489 7.835103 -1.505953 41.191353 0.000012 0.000009 -19.236782 -0.000018 0.000041 -13.332690 -0.000015 -0.000000 0.000021 0.186450 17.234095 -1.219457 2.513184 -0.921421 -1.194931 2.275990 0.096986 -1.113286 0.000002 0.000003 0.000008 2.147256 7.101416 -4.416988 3.062535 -0.962399 -0.537738 3.276422 0.033433 -0.447326 -0.000005 -0.000013 0.000020 11.837280 -8.970262 -8.480998 5.915812 1.936877 0.954552 5.834969 -0.059630 0.743484 0.000028 0.001647 0.000006 22.248165 -24.953409 -14.455012 8.368176 3.694484 3.619977 8.171831 -0.278879 3.061847 0.001697 0.000013 0.000018 0.000000 0.000000 0.000000 0.000000 0.000000 0.000000 -89.225052 -0.852317 13.887898 -56.710266 -4.588078 7.299545 -2.752787 -23.402441 79.123688 -26.656261 -69.912239 17.856876 -9.676624 1.669049 40.441868 -0.000005 -0.000012 -23.484919 -0.000011 -0.000031 -16.288551 0.000482 0.000011 0.001746 -4.814967 18.341681 -1.367545 -4.261227 -0.834183 1.664962 -4.309261 0.174651 1.521883 0.000018 0.001040 0.000005 -5.887945 7.460173 -3.402044 -4.491353 -0.955044 0.677505 -4.639652 0.053957 0.575863 -0.000428 -0.000024 0.000043 -7.496612 -9.213099 -6.372813 -5.498633 1.922468 -0.989662 -5.298283 -0.079750 -0.756290 0.000696 0.000003 -0.000013 -5.482360 -25.407581 -11.684207 -5.825498 3.753485 -3.039044 -6.029423 -0.254769 -2.582419 0.000621 0.000007 -0.000022 0.000000 0.000000 0.000000 0.000000 0.000000 0.000000 -12.652604 9.305012 6.637970 -0.583629 -1.359889 22.373808 4.931995 0.891949 16.790588 -1.216146 0.437961 -22.867874 0.000000 0.000000 0.000000 0.000000 0.000000 0.000000 0.000000 0.000000 0.000000 -1.983462 16.149891 17.760286 0.117663 0.380352 11.447793 2.840172 17.273380 11.516117 0.243837 -0.614594 -17.756618 0.000000 0.000000 0.000000 0.000000 0.000000 0.000000 0.000000 0.000000 0.000000 
3.948898 86.403610 36.336739 2.332780 -15.900749 -17.117487 -3.231170 0.911371 8.071384 0.937201 0.334063 3.036443 0.189371 4.308153 7.166916 0.907447 1.755575 3.456415 -6.654870 2.856684 8.397607 0.676721 0.408816 -3.502141 -0.775983 -0.220490 -22.331102 0.000000 0.000000 0.000000 86.864769 2.162113 14.545420 47.650082 -0.623033 24.455591 0.959208 22.296001 63.588245 51.093529 58.326206 32.634155 7.854754 -1.510175 41.180077 0.000012 0.000009 -19.286743 -0.000019 0.000041 -13.372684 -0.000014 -0.000000 0.000021 0.326127 17.240345 -1.403336 2.593818 -0.919951 -1.209916 2.359855 0.099629 -1.126494 0.000003 0.000003 0.000008 2.290066 7.104192 -4.556062 3.160342 -0.961212 -0.544561 3.377933 0.034631 -0.453307 -0.000006 -0.000009 0.000020 12.075181 -8.974255 -8.544998 6.063891 1.934428 0.967902 5.975587 -0.062457 0.752578 0.000028 0.001707 0.000006 22.540865 -24.952196 -14.498902 8.542374 3.686279 3.665546 8.341565 -0.286725 3.098842 0.001671 0.000013 0.000017 0.000000 0.000000 0.000000 0.000000 0.000000 0.000000 -89.319176 -0.842572 13.901721 -56.755642 -4.528245 7.343311 -2.729362 -23.293745 79.672928 -27.535273 -69.723991 18.591700 -9.668496 1.668616 40.448494 -0.000005 -0.000012 -23.456057 -0.000015 -0.000031 -16.270916 0.000392 0.000010 0.001736 -4.834040 18.342651 -1.510998 -4.274798 -0.830505 1.679192 -4.319882 0.177490 1.533360 0.000018 0.001025 0.000005 -5.894184 7.463612 -3.520894 -4.511188 -0.953573 0.683945 -4.675757 0.055382 0.581037 -0.000510 -0.000024 0.000040 -7.533488 -9.217254 -6.479606 -5.555848 1.920127 -1.001491 -5.362369 -0.081607 -0.764004 0.000762 0.000003 -0.000013 -5.519498 -25.417257 -11.807979 -5.904196 3.749122 -3.073891 -6.112343 -0.259998 -2.610398 0.000522 0.000007 -0.000022 0.000000 0.000000 0.000000 0.000000 0.000000 0.000000 -12.629095 9.360005 6.581158 -0.584204 -1.367878 22.203079 4.915042 1.005418 16.885881 -1.215132 0.451465 -22.875608 0.000000 0.000000 0.000000 0.000000 0.000000 0.000000 0.000000 0.000000 0.000000 -1.874754 16.295633 17.855770 0.118719 0.377250 11.352099 2.804536 17.337246 11.488043 0.233995 -0.609414 -17.738314 0.000000 0.000000 0.000000 0.000000 0.000000 0.000000 0.000000 0.000000 0.000000 
3.907890 86.404648 36.366695 2.289170 -16.021481 -17.117453 -3.263739 0.911245 8.061514 0.929566 0.333142 3.029881 0.253796 4.206957 7.152188 0.957465 1.722896 3.464157 -6.676865 2.989892 8.374857 0.691508 0.513740 -3.495538 -0.797931 -0.222108 -22.294506 0.000000 0.000000 0.000000 86.988182 2.133183 14.455665 47.714272 -0.683044 24.168070 0.936518 22.307674 63.999401 51.257000 58.328632 32.858383 7.865121 -1.512075 41.174389 0.000012 0.000008 -19.314220 -0.000021 0.000041 -13.396108 -0.000014 0.000000 0.000021 0.406901 17.250019 -1.579982 2.668747 -0.917082 -1.222980 2.439669 0.103210 -1.137047 0.000003 0.000003 0.000008 2.366008 7.108601 -4.693661 3.250630 -0.959604 -0.550659 3.472253 0.036131 -0.458377 -0.000006 -0.000004 0.000020 12.237025 -8.980306 -8.616546 6.195708 1.931256 0.979916 6.100893 -0.065623 0.760663 0.000028 0.001768 0.000007 22.773642 -24.950880 -14.565374 8.700418 3.675619 3.707933 8.493172 -0.296631 3.133274 0.001650 0.000013 0.000017 0.000000 0.000000 0.000000 0.000000 0.000000 0.000000 -89.403450 -0.837703 13.910607 -56.794289 -4.517186 7.342068 -2.712286 -23.133463 80.186310 -28.559210 -69.519234 19.468384 -9.648380 1.666718 40.461205 -0.000005 -0.000012 -23.393330 -0.000018 -0.000031 -16.231056 0.000287 0.000009 0.001748 -4.750179 18.342121 -1.654979 -4.242509 -0.827201 1.685588 -4.285430 0.179812 1.536577 0.000018 0.001016 0.000004 -5.809644 7.466570 -3.640708 -4.484770 -0.952297 0.687241 -4.664348 0.056490 0.583364 -0.000576 -0.000025 0.000037 -7.499420 -9.221162 -6.591224 -5.570515 1.917761 -1.009373 -5.382296 -0.083253 -0.768460 0.000816 0.000003 -0.000013 -5.502216 -25.427055 -11.946936 -5.947830 3.744353 -3.097549 -6.158658 -0.264979 -2.628116 0.000434 0.000007 -0.000023 0.000000 0.000000 0.000000 0.000000 0.000000 0.000000 -12.602853 9.440990 6.518805 -0.584072 -1.373674 22.038605 4.881343 1.158467 16.954678 -1.211488 0.464424 -22.875542 0.000000 0.000000 0.000000 0.000000 0.000000 0.000000 0.000000 0.000000 0.000000 -1.760624 16.449814 17.961143 0.119573 0.376530 11.253612 2.752842 17.426802 11.462402 0.226989 -0.609095 -17.720613 0.000000 0.000000 0.000000 0.000000 0.000000 0.000000 0.000000 0.000000 0.000000 
3.848360 86.405769 36.397861 2.258234 -16.134039 -17.119957 -3.290711 0.912425 8.056129 0.919567 0.332920 3.009089 0.315319 4.100787 7.151142 1.008169 1.686569 3.475600 -6.722598 3.157840 8.312905 0.706715 0.654498 -3.500988 -0.830361 -0.223517 -22.242121 0.000000 0.000000 0.000000 87.102417 2.106987 14.366933 47.805820 -0.803414 23.848286 0.905930 22.283318 64.595619 51.574764 58.229729 33.207710 7.871162 -1.511874 41.172581 0.000012 0.000008 -19.329668 -0.000022 0.000041 -13.409528 -0.000014 0.000001 0.000021 0.454819 17.267151 -1.749694 2.741813 -0.913245 -1.231823 2.519453 0.107311 -1.143122 0.000004 0.000003 0.000007 2.400002 7.115891 -4.832077 3.335747 -0.957884 -0.555137 3.562515 0.037752 -0.461824 -0.000007 0.000002 0.000020 12.352247 -8.989471 -8.695336 6.317819 1.927873 0.989300 6.217257 -0.068933 0.766828 0.000028 0.001832 0.000007 22.981659 -24.950651 -14.657312 8.850794 3.663471 3.743479 8.634741 -0.308208 3.161981 0.001638 0.000013 0.000017 0.000000 0.000000 0.000000 0.000000 0.000000 0.000000 -89.490585 -0.833182 13.916106 -56.812160 -4.515628 7.286551 -2.695133 -22.921022 80.644531 -29.636040 -69.274521 20.400003 -9.622407 1.663571 40.477596 -0.000005 -0.000012 -23.310911 -0.000020 -0.000031 -16.179775 0.000166 0.000008 0.001793 -4.607239 18.341875 -1.782717 -4.181713 -0.824186 1.685995 -4.223033 0.181891 1.533357 0.000018 0.001012 0.000004 -5.676592 7.469712 -3.748395 -4.429823 -0.951256 0.688046 -4.621657 0.057345 0.583370 -0.000627 -0.000025 0.000033 -7.427971 -9.226377 -6.698448 -5.560025 1.915507 -1.014154 -5.373693 -0.084796 -0.770282 0.000856 0.000003 -0.000013 -5.453056 -25.441338 -12.096086 -5.970950 3.739253 -3.112163 -6.183722 -0.270004 -2.637368 0.000355 0.000008 -0.000023 0.000000 0.000000 0.000000 0.000000 0.000000 0.000000 -12.568871 9.548469 6.445844 -0.583103 -1.376943 21.877146 4.824736 1.343996 17.000092 -1.205293 0.476868 -22.863920 0.000000 0.000000 0.000000 0.000000 0.000000 0.000000 0.000000 0.000000 0.000000 -1.641128 16.606264 18.076214 0.120314 0.378455 11.154540 2.681143 17.541359 11.441891 0.223007 -0.613400 -17.705322 0.000000 0.000000 0.000000 0.000000 0.000000 0.000000 0.000000 0.000000 0.000000 
3.768811 86.406952 36.429646 2.241659 -16.236229 -17.126686 -3.312847 0.916212 8.055255 0.905034 0.333785 2.978878 0.374824 3.985548 7.163551 1.055814 1.644622 3.490090 -6.781185 3.353641 8.205883 0.725258 0.828812 -3.522800 -0.874003 -0.227264 -22.176256 0.000000 0.000000 0.000000 87.216072 2.081395 14.277051 47.916534 -0.986127 23.501337 0.870437 22.232952 65.391815 52.071835 57.984314 33.685707 7.880051 -1.510906 41.170845 0.000012 0.000007 -19.351191 -0.000023 0.000040 -13.424726 -0.000014 0.000001 0.000021 0.513357 17.289963 -1.917666 2.822521 -0.908613 -1.236887 2.608806 0.111726 -1.145369 0.000004 0.000002 0.000007 2.435679 7.125072 -4.976341 3.424858 -0.956134 -0.558210 3.658052 0.039412 -0.463889 -0.000008 0.000009 0.000020 12.466871 -9.000301 -8.781466 6.443500 1.924415 0.996411 6.337595 -0.072279 0.771390 0.000027 0.001895 0.000007 23.208191 -24.947947 -14.772453 9.006888 3.650152 3.773015 8.779364 -0.321219 3.185481 0.001635 0.000014 0.000017 0.000000 0.000000 0.000000 0.000000 0.000000 0.000000 -89.588814 -0.827262 13.922673 -56.791176 -4.503199 7.187273 -2.673957 -22.663593 81.019058 -30.692112 -68.992577 21.310663 -9.600351 1.660387 40.492752 -0.000006 -0.000012 -23.234358 -0.000020 -0.000031 -16.134241 0.000030 0.000007 0.001866 -4.476583 18.341566 -1.892240 -4.123129 -0.821123 1.683792 -4.163671 0.184126 1.527069 0.000018 0.001014 0.000003 -5.559553 7.472774 -3.841549 -4.378072 -0.950288 0.687680 -4.578295 0.058096 0.582181 -0.000659 -0.000026 0.000031 -7.373441 -9.232893 -6.795786 -5.556554 1.913226 -1.017418 -5.367994 -0.086381 -0.770743 0.000886 0.000004 -0.000014 -5.417770 -25.460846 -12.245992 -6.002182 3.733570 -3.121726 -6.216302 -0.275342 -2.641641 0.000285 0.000008 -0.000024 0.000000 0.000000 0.000000 0.000000 0.000000 0.000000 -12.524930 9.679269 6.366625 -0.581244 -1.377680 21.716677 4.747104 1.548374 17.021919 -1.197466 0.488819 -22.840317 0.000000 0.000000 0.000000 0.000000 0.000000 0.000000 0.000000 0.000000 0.000000 -1.517804 16.757812 18.199873 0.121066 0.383670 11.058415 2.589241 17.667797 11.423581 0.221669 -0.621925 -17.692001 0.000000 0.000000 0.000000 0.000000 0.000000 0.000000 0.000000 0.000000 0.000000 
3.669101 86.408203 36.462574 2.240998 -16.324093 -17.138861 -3.331979 0.922266 8.058049 0.886549 0.334811 2.944508 0.431234 3.860277 7.187570 1.098492 1.595367 3.505533 -6.842991 3.567465 8.057117 0.748253 1.028444 -3.563974 -0.926428 -0.233631 -22.105062 0.000000 0.000000 0.000000 87.333580 2.053836 14.186710 48.045246 -1.212505 23.128447 0.835109 22.168941 66.373077 52.734142 57.591755 34.279312 7.895745 -1.510304 41.166588 0.000013 0.000006 -19.388948 -0.000024 0.000040 -13.448927 -0.000014 0.000001 0.000020 0.607937 17.314735 -2.085099 2.915074 -0.903707 -1.238420 2.711303 0.115968 -1.144172 0.000004 0.000000 0.000007 2.501177 7.134655 -5.126183 3.523543 -0.954525 -0.559996 3.763631 0.040944 -0.464699 -0.000009 0.000017 0.000019 12.610520 -9.011022 -8.874249 6.581472 1.921115 1.001519 6.470064 -0.075405 0.774561 0.000027 0.001948 0.000007 23.475924 -24.940340 -14.905236 9.177905 3.636568 3.797412 8.936913 -0.334752 3.204242 0.001638 0.000014 0.000017 0.000000 0.000000 0.000000 0.000000 0.000000 0.000000 -89.698158 -0.820280 13.933005 -56.721100 -4.462833 7.065434 -2.647477 -22.373646 81.283020 -31.632820 -68.696724 22.110031 -9.587343 1.658160 40.503479 -0.000006 -0.000012 -23.178875 -0.000019 -0.000032 -16.104219 -0.000113 0.000005 0.001948 -4.392617 18.339096 -1.986159 -4.078984 -0.818040 1.680994 -4.120166 0.186479 1.519872 0.000018 0.001010 0.000002 -5.487971 7.474944 -3.921946 -4.342726 -0.949338 0.686947 -4.547404 0.058790 0.580528 -0.000674 -0.000026 0.000029 -7.357556 -9.239760 -6.882989 -5.573095 1.910950 -1.019986 -5.377939 -0.087963 -0.770582 0.000906 0.000004 -0.000014 -5.415831 -25.483473 -12.391544 -6.052756 3.727583 -3.128520 -6.267284 -0.280722 -2.642991 0.000227 0.000008 -0.000024 0.000000 0.000000 0.000000 0.000000 0.000000 0.000000 -12.473999 9.830444 6.289276 -0.578779 -1.376929 21.559229 4.656058 1.760415 17.019390 -1.189291 0.500521 -22.807402 0.000000 0.000000 0.000000 0.000000 0.000000 0.000000 0.000000 0.000000 0.000000 -1.394389 16.899263 18.328199 0.121957 0.391997 10.970001 2.480565 17.790316 11.405303 0.221567 -0.633537 -17.680649 0.000000 0.000000 0.000000 0.000000 0.000000 0.000000 0.000000 0.000000 0.000000 
3.549788 86.410324 36.497833 2.256473 -16.393103 -17.156250 -3.348983 0.928472 8.062946 0.865992 0.334213 2.910953 0.482864 3.726381 7.219440 1.135083 1.538307 3.519739 -6.899150 3.788342 7.872723 0.774500 1.241507 -3.627453 -0.982779 -0.240963 -22.037544 0.000000 0.000000 0.000000 87.453041 2.021967 14.098063 48.191620 -1.441611 22.735910 0.804148 22.103949 67.482758 53.510639 57.094643 34.953590 7.917604 -1.510650 41.159477 0.000013 0.000005 -19.440535 -0.000026 0.000040 -13.481495 -0.000014 0.000001 0.000020 0.738525 17.337250 -2.249381 3.016401 -0.899404 -1.235597 2.822737 0.119290 -1.138888 0.000004 -0.000001 0.000007 2.601110 7.143253 -5.278622 3.631553 -0.953327 -0.560192 3.878200 0.042095 -0.464029 -0.000010 0.000025 0.000019 12.791916 -9.020121 -8.977185 6.734760 1.918294 1.004426 6.617235 -0.077963 0.776172 0.000027 0.001978 0.000007 23.788960 -24.926414 -15.055552 9.368870 3.623949 3.816787 9.113625 -0.347467 3.218078 0.001645 0.000014 0.000018 0.000000 0.000000 0.000000 0.000000 0.000000 0.000000 -89.811874 -0.813400 13.947186 -56.609623 -4.391182 6.946754 -2.616713 -22.067616 81.431190 -32.396927 -68.420326 22.739840 -9.583930 1.657361 40.508888 -0.000007 -0.000012 -23.147804 -0.000017 -0.000032 -16.091566 -0.000253 0.000004 0.002025 -4.349330 18.332539 -2.071137 -4.043400 -0.815281 1.677818 -4.086879 0.188569 1.512203 0.000019 0.000993 0.000001 -5.453524 7.475648 -3.995647 -4.318901 -0.948486 0.685938 -4.525179 0.059373 0.578602 -0.000682 -0.000027 0.000030 -7.367386 -9.245986 -6.968150 -5.603971 1.908909 -1.021883 -5.398139 -0.089356 -0.769949 0.000910 0.000004 -0.000014 -5.435096 -25.505936 -12.539380 -6.116949 3.721955 -3.133349 -6.330604 -0.285599 -2.642164 0.000178 0.000008 -0.000025 0.000000 0.000000 0.000000 0.000000 0.000000 0.000000 -12.421865 9.997404 6.222153 -0.576056 -1.375990 21.407993 4.560387 1.970396 16.993130 -1.182131 0.511989 -22.769670 0.000000 0.000000 0.000000 0.000000 0.000000 0.000000 0.000000 0.000000 0.000000 -1.273819 17.026266 18.456741 0.123127 0.402818 10.892460 2.358743 17.892794 11.387828 0.220981 -0.647049 -17.671659 0.000000 0.000000 0.000000 0.000000 0.000000 0.000000 0.000000 0.000000 0.000000 
3.411039 86.414520 36.536640 2.287732 -16.440048 -17.178892 -3.364588 0.932756 8.068452 0.845616 0.330182 2.882773 0.530220 3.584619 7.255026 1.165698 1.473430 3.532387 -6.945332 4.009550 7.656529 0.801538 1.458660 -3.716038 -1.038523 -0.246918 -21.980158 0.000000 0.000000 0.000000 87.567543 1.984272 14.012392 48.346420 -1.625948 22.333513 0.778582 22.040873 68.664421 54.343132 56.532028 35.663074 7.943120 -1.511842 41.150711 0.000013 0.000004 -19.498571 -0.000027 0.000040 -13.518585 -0.000014 0.000002 0.000020 0.893522 17.355698 -2.403865 3.124130 -0.896257 -1.227328 2.940034 0.121308 -1.128543 0.000003 -0.000003 0.000006 2.725391 7.150557 -5.429662 3.748536 -0.952694 -0.558356 4.001004 0.042722 -0.461528 -0.000011 0.000032 0.000018 13.003551 -9.027347 -9.094955 6.903714 1.916119 1.004619 6.779603 -0.079783 0.775808 0.000027 0.001975 0.000008 24.139660 -24.906193 -15.228567 9.580902 3.612935 3.830159 9.311953 -0.358592 3.226091 0.001651 0.000015 0.000018 0.000000 0.000000 0.000000 0.000000 0.000000 0.000000 -89.921112 -0.807638 13.962341 -56.473751 -4.305995 6.852321 -2.582549 -21.754198 81.487221 -33.025620 -68.183449 23.224771 -9.587535 1.657775 40.510128 -0.000007 -0.000013 -23.135225 -0.000015 -0.000033 -16.092241 -0.000383 0.000003 0.002097 -4.319769 18.321966 -2.160459 -4.004045 -0.813098 1.673543 -4.051330 0.190155 1.503428 0.000020 0.000962 0.000000 -5.429137 7.475188 -4.075419 -4.294826 -0.947817 0.684341 -4.501187 0.059812 0.576239 -0.000684 -0.000028 0.000031 -7.373532 -9.251693 -7.068017 -5.636059 1.907276 -1.022820 -5.416255 -0.090456 -0.768656 0.000889 0.000005 -0.000014 -5.446210 -25.527363 -12.707928 -6.182446 3.717058 -3.136222 -6.393612 -0.289806 -2.639081 0.000133 0.000009 -0.000026 0.000000 0.000000 0.000000 0.000000 0.000000 0.000000 -12.372931 10.176352 6.169009 -0.573260 -1.375435 21.268814 4.465787 2.171843 16.941874 -1.176878 0.522915 -22.729677 0.000000 0.000000 0.000000 0.000000 0.000000 0.000000 0.000000 0.000000 0.000000 -1.155628 17.137157 18.586166 0.124691 0.415874 10.823862 2.224635 17.962984 11.372199 0.218890 -0.662103 -17.664251 0.000000 0.000000 0.000000 0.000000 0.000000 0.000000 0.000000 0.000000 0.000000 
3.252643 86.421616 36.579639 2.333939 -16.464563 -17.205971 -3.379254 0.933760 8.073809 0.825673 0.322214 2.862950 0.576425 3.434262 7.289035 1.191068 1.401351 3.544289 -6.982035 4.228504 7.417613 0.827668 1.675110 -3.827452 -1.091281 -0.250582 -21.935978 0.000000 0.000000 0.000000 87.668213 1.940655 13.928151 48.493240 -1.722074 21.934532 0.757868 21.975828 69.866539 55.186943 55.923447 36.366959 7.968359 -1.513541 41.142002 0.000013 0.000003 -19.553568 -0.000028 0.000039 -13.554399 -0.000014 0.000002 0.000020 1.059657 17.368433 -2.540617 3.231355 -0.894619 -1.212326 3.055833 0.121777 -1.111976 0.000003 -0.000004 0.000006 2.859973 7.156079 -5.574162 3.867608 -0.952719 -0.553911 4.124999 0.042727 -0.456745 -0.000012 0.000038 0.000017 13.229692 -9.032076 -9.226607 7.079541 1.914674 1.001312 6.948745 -0.080773 0.772864 0.000027 0.001937 0.000008 24.510277 -24.878702 -15.423282 9.804366 3.603920 3.835409 9.523373 -0.367604 3.226599 0.001653 0.000016 0.000019 0.000000 0.000000 0.000000 0.000000 0.000000 0.000000 -90.018776 -0.803862 13.972575 -56.322956 -4.228644 6.790279 -2.544757 -21.435095 81.484550 -33.607498 -67.989052 23.629015 -9.594645 1.659027 40.508911 -0.000008 -0.000013 -23.132496 -0.000013 -0.000034 -16.100254 -0.000500 0.000003 0.002167 -4.286002 18.307451 -2.265343 -3.952696 -0.811632 1.667211 -4.004914 0.191132 1.492625 0.000021 0.000921 -0.000000 -5.397514 7.473639 -4.172267 -4.261652 -0.947397 0.681740 -4.467355 0.060084 0.573154 -0.000681 -0.000029 0.000033 -7.356815 -9.256770 -7.196093 -5.658205 1.906103 -1.022423 -5.422081 -0.091230 -0.766432 0.000842 0.000005 -0.000014 -5.426854 -25.546345 -12.911736 -6.237383 3.712900 -3.136677 -6.444495 -0.293385 -2.633327 0.000089 0.000009 -0.000026 0.000000 0.000000 0.000000 0.000000 0.000000 0.000000 -12.328425 10.362959 6.127766 -0.570379 -1.375188 21.148190 4.374107 2.361489 16.863962 -1.173689 0.532761 -22.687876 0.000000 0.000000 0.000000 0.000000 0.000000 0.000000 0.000000 0.000000 0.000000 -1.037774 17.232027 18.719130 0.126643 0.431077 10.758415 2.077686 17.995749 11.360747 0.215050 -0.678662 -17.657854 0.000000 0.000000 0.000000 0.000000 0.000000 0.000000 0.000000 0.000000 0.000000 
3.074378 86.431595 36.626938 2.393987 -16.469278 -17.235203 -3.393272 0.931275 8.079233 0.805056 0.311128 2.851315 0.625124 3.275084 7.315954 1.212713 1.323928 3.554342 -7.008217 4.442998 7.173773 0.852989 1.889424 -3.952256 -1.140341 -0.252239 -21.905861 0.000000 0.000000 0.000000 87.745255 1.893220 13.841130 48.610626 -1.701409 21.549490 0.741607 21.899227 71.036629 56.000118 55.272499 37.022312 7.986573 -1.515207 41.136002 0.000014 0.000002 -19.590290 -0.000028 0.000039 -13.578711 -0.000014 0.000002 0.000020 1.211883 17.373144 -2.648486 3.320199 -0.894705 -1.189428 3.152136 0.120506 -1.088152 0.000003 -0.000005 0.000006 2.978918 7.158842 -5.704346 3.969263 -0.953462 -0.546291 4.230755 0.042050 -0.449254 -0.000012 0.000044 0.000016 13.438910 -9.033512 -9.364606 7.238928 1.914019 0.993680 7.101956 -0.080870 0.766705 0.000027 0.001868 0.000008 24.865410 -24.844162 -15.632326 10.014699 3.597285 3.829927 9.724175 -0.374086 3.217560 0.001648 0.000016 0.000020 0.000000 0.000000 0.000000 0.000000 0.000000 0.000000 -90.099533 -0.803724 13.971856 -56.159222 -4.168968 6.757215 -2.502475 -21.109991 81.456856 -34.233658 -67.820053 24.022057 -9.600839 1.660698 40.507210 -0.000008 -0.000013 -23.129480 -0.000011 -0.000035 -16.108271 -0.000608 0.000002 0.002235 -4.241448 18.288631 -2.392914 -3.885781 -0.811012 1.657572 -3.943851 0.191420 1.478648 0.000023 0.000877 -0.000001 -5.353747 7.470712 -4.293886 -4.214659 -0.947291 0.677647 -4.419162 0.060142 0.568964 -0.000668 -0.000030 0.000035 -7.312403 -9.260755 -7.359708 -5.663872 1.905395 -1.020141 -5.409920 -0.091663 -0.762884 0.000772 0.000006 -0.000014 -5.368223 -25.561480 -13.157450 -6.273504 3.709403 -3.133417 -6.475363 -0.296353 -2.623878 0.000041 0.000009 -0.000027 0.000000 0.000000 0.000000 0.000000 0.000000 0.000000 -12.286648 10.551949 6.093892 -0.567312 -1.374931 21.048908 4.285133 2.538210 16.760002 -1.172348 0.541068 -22.644445 0.000000 0.000000 0.000000 0.000000 0.000000 0.000000 0.000000 0.000000 0.000000 -0.918356 17.312601 18.857704 0.128940 0.448415 10.688588 1.916771 17.991625 11.355627 0.209837 -0.696890 -17.652838 0.000000 0.000000 0.000000 0.000000 0.000000 0.000000 0.000000 0.000000 0.000000 
2.875635 86.444084 36.678368 2.465763 -16.459332 -17.262417 -3.406034 0.926045 8.084168 0.782691 0.298443 2.845283 0.678604 3.107977 7.330274 1.233783 1.244279 3.559980 -7.020016 4.650249 6.946087 0.879160 2.101585 -4.077588 -1.186047 -0.252949 -21.889629 0.000000 0.000000 0.000000 87.790840 1.845520 13.746229 48.678661 -1.552927 21.183748 0.730101 21.806377 72.124405 56.724430 54.576130 37.575005 7.987738 -1.516013 41.136658 0.000014 0.000000 -19.585566 -0.000029 0.000039 -13.575609 -0.000014 0.000002 0.000020 1.305878 17.367437 -2.709471 3.358833 -0.896599 -1.157585 3.197437 0.117398 -1.056149 0.000002 -0.000007 0.000006 3.039810 7.157718 -5.806180 4.019678 -0.954938 -0.535014 4.284767 0.040691 -0.438699 -0.000013 0.000048 0.000015 13.584623 -9.031207 -9.493582 7.344626 1.914171 0.981067 7.202410 -0.080077 0.756804 0.000027 0.001775 0.000008 25.157114 -24.805315 -15.843485 10.175264 3.593254 3.811712 9.877977 -0.377908 3.197374 0.001631 0.000017 0.000020 0.000000 0.000000 0.000000 0.000000 0.000000 0.000000 -90.160454 -0.809220 13.957396 -55.981068 -4.119669 6.744150 -2.455031 -20.782864 81.437286 -34.958752 -67.649635 24.449461 -9.601755 1.662383 40.506844 -0.000009 -0.000013 -23.116827 -0.000009 -0.000036 -16.109213 -0.000710 0.000001 0.002296 -4.185766 18.265425 -2.544725 -3.802523 -0.811315 1.643380 -3.867161 0.190989 1.460419 0.000024 0.000829 -0.000002 -5.300660 7.466104 -4.443084 -4.151953 -0.947556 0.671668 -4.354714 0.059942 0.563320 -0.000641 -0.000031 0.000038 -7.247441 -9.263207 -7.558232 -5.651018 1.905141 -1.015496 -5.378541 -0.091773 -0.757670 0.000689 0.000006 -0.000015 -5.276136 -25.572180 -13.442217 -6.287334 3.706477 -3.125189 -6.483475 -0.298749 -2.609708 -0.000011 0.000009 -0.000027 0.000000 0.000000 0.000000 0.000000 0.000000 0.000000 -12.243620 10.736915 6.062739 -0.563929 -1.374409 20.967340 4.197094 2.702014 16.634647 -1.172446 0.547501 -22.600002 0.000000 0.000000 0.000000 0.000000 0.000000 0.000000 0.000000 0.000000 0.000000 -0.795492 17.381620 19.002232 0.131546 0.467839 10.607035 1.740174 17.955557 11.358649 0.204245 -0.717101 -17.650553 0.000000 0.000000 0.000000 0.000000 0.000000 0.000000 0.000000 0.000000 0.000000 
2.654997 86.458824 36.733719 2.546205 -16.440754 -17.283873 -3.414691 0.919052 8.087380 0.758570 0.285400 2.839790 0.736381 2.936092 7.332159 1.258359 1.165778 3.558393 -7.016351 4.850418 6.747968 0.908102 2.313549 -4.193193 -1.229497 -0.253791 -21.887003 0.000000 0.000000 0.000000 87.802361 1.801084 13.639852 48.685593 -1.281262 20.827713 0.723179 21.700499 73.119720 57.291821 53.825409 37.965050 7.961635 -1.514959 41.148193 0.000015 -0.000001 -19.515232 -0.000029 0.000038 -13.528353 -0.000014 0.000003 0.000020 1.291571 17.349953 -2.698227 3.310655 -0.900216 -1.115372 3.155968 0.112517 -1.014663 0.000002 -0.000008 0.000006 2.996670 7.151986 -5.859212 3.980670 -0.957107 -0.519560 4.249328 0.038724 -0.424666 -0.000014 0.000052 0.000014 13.619930 -9.025276 -9.594839 7.356300 1.915119 0.962844 7.209829 -0.078487 0.742638 0.000028 0.001664 0.000008 25.344011 -24.765516 -16.046495 10.249202 3.591751 3.779375 9.947591 -0.379348 3.164874 0.001603 0.000017 0.000020 0.000000 0.000000 0.000000 0.000000 0.000000 0.000000 -90.204674 -0.820979 13.928308 -55.781860 -4.074646 6.740953 -2.402473 -20.454559 81.471046 -35.815365 -67.437508 24.939613 -9.594140 1.663810 40.509178 -0.000009 -0.000013 -23.087532 -0.000006 -0.000036 -16.097483 -0.000806 -0.000000 0.002346 -4.118352 18.237597 -2.721910 -3.700342 -0.812510 1.623655 -3.771820 0.189887 1.437090 0.000026 0.000777 -0.000002 -5.240410 7.459450 -4.622778 -4.069714 -0.948189 0.663535 -4.270162 0.059470 0.555962 -0.000595 -0.000032 0.000041 -7.169984 -9.263766 -7.791375 -5.617467 1.905281 -1.008232 -5.326300 -0.091624 -0.750563 0.000601 0.000007 -0.000015 -5.159589 -25.578331 -13.764592 -6.276649 3.703979 -3.111286 -6.467165 -0.300685 -2.590081 -0.000068 0.000010 -0.000027 0.000000 0.000000 0.000000 0.000000 0.000000 0.000000 -12.194249 10.911369 6.030966 -0.560061 -1.373162 20.897488 4.105969 2.854927 16.494347 -1.173216 0.551641 -22.553778 0.000000 0.000000 0.000000 0.000000 0.000000 0.000000 0.000000 0.000000 0.000000 -0.666741 17.442181 19.153202 0.134423 0.489292 10.507484 1.545395 17.894537 11.371197 0.199819 -0.739939 -17.652088 0.000000 0.000000 0.000000 0.000000 0.000000 0.000000 0.000000 0.000000 0.000000 
2.410382 86.475769 36.792740 2.631529 -16.418285 -17.296982 -3.414923 0.910799 8.087687 0.732874 0.272969 2.829648 0.796235 2.763299 7.325915 1.289980 1.090683 3.547359 -7.001910 5.047225 6.586202 0.941421 2.528779 -4.292846 -1.272384 -0.255919 -21.897886 0.000000 0.000000 0.000000 87.783813 1.762496 13.520806 48.634403 -0.892448 20.465155 0.720662 21.594084 74.040550 57.635067 53.013763 38.140701 7.899930 -1.510967 41.174183 0.000015 -0.000002 -19.359762 -0.000030 0.000038 -13.423369 -0.000014 0.000003 0.000020 1.125926 17.321634 -2.590201 3.147861 -0.905439 -1.061268 3.000426 0.105982 -0.962257 0.000001 -0.000009 0.000006 2.811157 7.141936 -5.843317 3.824194 -0.959933 -0.499431 4.096632 0.036237 -0.406741 -0.000014 0.000056 0.000013 13.507653 -9.016848 -9.653463 7.245943 1.916881 0.938435 7.095621 -0.076205 0.723723 0.000028 0.001542 0.000008 25.397554 -24.729059 -16.235987 10.212867 3.592629 3.731873 9.908892 -0.378789 3.119174 0.001567 0.000018 0.000020 0.000000 0.000000 0.000000 0.000000 0.000000 0.000000 -90.241516 -0.838155 13.883176 -55.549664 -4.035828 6.740986 -2.344756 -20.123400 81.610344 -36.798939 -67.143929 25.489550 -9.578829 1.665086 40.513874 -0.000010 -0.000014 -23.043575 -0.000003 -0.000037 -16.073818 -0.000896 -0.000001 0.002387 -4.049879 18.205746 -2.921139 -3.585307 -0.814428 1.598343 -3.663344 0.188265 1.408683 0.000027 0.000718 -0.000003 -5.183883 7.450686 -4.831562 -3.972559 -0.949120 0.653310 -4.170109 0.058755 0.546909 -0.000526 -0.000032 0.000044 -7.093426 -9.262286 -8.055838 -5.568769 1.905711 -0.998459 -5.259074 -0.091300 -0.741633 0.000510 0.000007 -0.000015 -5.032024 -25.579626 -14.120285 -6.245844 3.701722 -3.091935 -6.431356 -0.302286 -2.565087 -0.000129 0.000010 -0.000028 0.000000 0.000000 0.000000 0.000000 0.000000 0.000000 -12.132970 11.068934 5.997102 -0.555539 -1.370717 20.832748 4.006115 3.000340 16.344496 -1.173851 0.553145 -22.503445 0.000000 0.000000 0.000000 0.000000 0.000000 0.000000 0.000000 0.000000 0.000000 -0.528321 17.496025 19.309856 0.137514 0.512641 10.388105 1.329125 17.816338 11.394006 0.198108 -0.765808 -17.658363 0.000000 0.000000 0.000000 0.000000 0.000000 0.000000 0.000000 0.000000 0.000000 
2.139193 86.494995 36.854794 2.717146 -16.393904 -17.298479 -3.403678 0.901409 8.083783 0.704158 0.262449 2.814811 0.857299 2.590181 7.311370 1.331385 1.020219 3.526086 -6.983165 5.243809 6.465936 0.980142 2.749450 -4.373332 -1.316240 -0.260519 -21.922213 0.000000 0.000000 0.000000 87.743073 1.731599 13.389018 48.542133 -0.384301 20.087729 0.723780 21.506849 74.877289 57.701550 52.148300 38.083584 7.797671 -1.503353 41.216648 0.000016 -0.000003 -19.107946 -0.000031 0.000038 -13.253046 -0.000014 0.000004 0.000020 0.784003 17.284916 -2.365111 2.859069 -0.912376 -0.994307 2.719246 0.097726 -0.898129 0.000001 -0.000010 0.000006 2.460603 7.128541 -5.740921 3.539195 -0.963476 -0.474325 3.815769 0.033233 -0.384718 -0.000014 0.000059 0.000012 13.223066 -9.007475 -9.655089 7.002826 1.919574 0.907410 6.848598 -0.073209 0.699723 0.000028 0.001424 0.000008 25.296028 -24.701124 -16.404369 10.057529 3.596216 3.668133 9.753110 -0.376120 3.059536 0.001521 0.000018 0.000020 0.000000 0.000000 0.000000 0.000000 0.000000 0.000000 -90.280594 -0.859614 13.821009 -55.275475 -4.004643 6.747473 -2.281031 -19.799784 81.889854 -37.843281 -66.778130 26.056211 -9.561304 1.666813 40.518440 -0.000011 -0.000014 -22.998293 0.000000 -0.000038 -16.047325 -0.000981 -0.000002 0.002414 -4.009682 18.171551 -3.122976 -3.477452 -0.816913 1.568086 -3.561620 0.186261 1.375986 0.000029 0.000649 -0.000003 -5.161285 7.440248 -5.051280 -3.880014 -0.950291 0.641346 -4.074018 0.057829 0.536423 -0.000435 -0.000033 0.000046 -7.050967 -9.258822 -8.330143 -5.523630 1.906420 -0.986466 -5.196099 -0.090841 -0.731182 0.000418 0.000008 -0.000015 -4.928323 -25.575294 -14.484831 -6.210898 3.699778 -3.067617 -6.392322 -0.303457 -2.535315 -0.000190 0.000010 -0.000028 0.000000 0.000000 0.000000 0.000000 0.000000 0.000000 -12.054052 11.201931 5.962847 -0.550226 -1.367057 20.761993 3.893263 3.141190 16.189758 -1.173740 0.552299 -22.448603 0.000000 0.000000 0.000000 0.000000 0.000000 0.000000 0.000000 0.000000 0.000000 -0.373566 17.542135 19.469522 0.140829 0.537679 10.251351 1.086810 17.726267 11.427236 0.200026 -0.794475 -17.670931 0.000000 0.000000 0.000000 0.000000 0.000000 0.000000 0.000000 0.000000 0.000000 
1.838953 86.516060 36.919472 2.797766 -16.367682 -17.288645 -3.378692 0.890926 8.076670 0.670130 0.254895 2.796623 0.919943 2.415598 7.291463 1.384086 0.954146 3.493307 -6.970041 5.441523 6.388860 1.023928 2.974983 -4.432652 -1.362148 -0.268401 -21.960596 0.000000 0.000000 0.000000 87.697662 1.708171 13.241522 48.430984 0.244267 19.687798 0.733624 21.459156 75.631989 57.482998 51.233505 37.821915 7.661521 -1.492462 41.272800 0.000016 -0.000004 -18.775955 -0.000031 0.000037 -13.028838 -0.000014 0.000005 0.000019 0.293084 17.244328 -2.024781 2.471481 -0.920674 -0.916928 2.339239 0.088147 -0.824595 0.000001 -0.000011 0.000006 1.970057 7.113700 -5.549613 3.152988 -0.967629 -0.445206 3.433987 0.029846 -0.359432 -0.000014 0.000062 0.000012 12.782540 -8.999289 -9.593434 6.652952 1.923108 0.870737 6.494384 -0.069627 0.671438 0.000029 0.001323 0.000009 25.046762 -24.686626 -16.541054 9.804229 3.602302 3.589933 9.501698 -0.371542 2.987751 0.001467 0.000018 0.000019 0.000000 0.000000 0.000000 0.000000 0.000000 0.000000 -90.333488 -0.883286 13.738837 -54.945347 -3.995699 6.769837 -2.210541 -19.496355 82.324409 -38.884205 -66.357193 26.601213 -9.548790 1.669819 40.519608 -0.000011 -0.000014 -22.968657 0.000004 -0.000038 -16.029526 -0.001055 -0.000003 0.002421 -4.033575 18.136152 -3.304799 -3.401708 -0.819712 1.534488 -3.491725 0.184036 1.340713 0.000030 0.000570 -0.000004 -5.206324 7.428481 -5.258799 -3.816595 -0.951596 0.628323 -4.006373 0.056740 0.525058 -0.000323 -0.000034 0.000049 -7.077459 -9.253452 -8.587949 -5.504552 1.907361 -0.972645 -5.160658 -0.090253 -0.719630 0.000331 0.000009 -0.000015 -4.887733 -25.564953 -14.825427 -6.191864 3.698251 -3.038677 -6.370235 -0.303940 -2.501595 -0.000244 0.000011 -0.000028 0.000000 0.000000 0.000000 0.000000 0.000000 0.000000 -11.949311 11.303212 5.933712 -0.543921 -1.362046 20.676012 3.763126 3.277275 16.032667 -1.172155 0.549883 -22.388824 0.000000 0.000000 0.000000 0.000000 0.000000 0.000000 0.000000 0.000000 0.000000 -0.194707 17.575226 19.630281 0.144395 0.564236 10.104729 0.814667 17.627432 11.469656 0.205781 -0.825223 -17.691925 0.000000 0.000000 0.000000 0.000000 0.000000 0.000000 0.000000 0.000000 0.000000 
1.507921 86.538498 36.988205 2.866672 -16.336916 -17.272165 -3.337018 0.879112 8.068219 0.630141 0.250322 2.778921 0.985394 2.238776 7.270253 1.448973 0.892466 3.449498 -6.972369 5.639370 6.352173 1.070948 3.201902 -4.471474 -1.410933 -0.279705 -22.015772 0.000000 0.000000 0.000000 87.666512 1.689871 13.074967 48.330605 0.985943 19.275253 0.750443 21.461811 76.281082 57.022297 50.287304 37.424713 7.510141 -1.480161 41.334438 0.000017 -0.000005 -18.409023 -0.000032 0.000037 -12.782191 -0.000014 0.000006 0.000019 -0.261227 17.203098 -1.598827 2.043002 -0.929684 -0.834920 1.918674 0.077962 -0.747131 0.000002 -0.000012 0.000006 1.420571 7.098760 -5.286620 2.722969 -0.972151 -0.414323 3.008552 0.026308 -0.332790 -0.000014 0.000063 0.000011 12.255775 -8.992707 -9.469225 6.250199 1.927215 0.831015 6.086781 -0.065704 0.640967 0.000029 0.001247 0.000009 24.699017 -24.684622 -16.627605 9.496319 3.610307 3.502930 9.198840 -0.365471 2.908974 0.001406 0.000018 0.000018 0.000000 0.000000 0.000000 0.000000 0.000000 0.000000 -90.412025 -0.906714 13.634388 -54.558884 -4.034374 6.821530 -2.133905 -19.226358 82.900322 -39.894062 -65.887329 27.114946 -9.545342 1.674630 40.515549 -0.000012 -0.000014 -22.963676 0.000009 -0.000039 -16.026583 -0.001112 -0.000003 0.002410 -4.140287 18.099642 -3.450150 -3.373272 -0.822611 1.499607 -3.468921 0.181714 1.305041 0.000031 0.000483 -0.000005 -5.333802 7.415556 -5.435747 -3.797565 -0.952908 0.615119 -3.982287 0.055558 0.513544 -0.000193 -0.000034 0.000050 -7.188326 -9.246149 -8.805932 -5.523733 1.908454 -0.957655 -5.165964 -0.089538 -0.707584 0.000254 0.000009 -0.000015 -4.932730 -25.548311 -15.112056 -6.200943 3.697261 -3.006025 -6.376818 -0.303482 -2.465452 -0.000288 0.000011 -0.000028 0.000000 0.000000 0.000000 0.000000 0.000000 0.000000 -11.806725 11.370333 5.920959 -0.536450 -1.355409 20.571280 3.611287 3.405658 15.872046 -1.168233 0.546889 -22.321468 0.000000 0.000000 0.000000 0.000000 0.000000 0.000000 0.000000 0.000000 0.000000 0.019412 17.587151 19.796673 0.148436 0.592507 9.956670 0.506731 17.522589 11.517243 0.215803 -0.857645 -17.721743 0.000000 0.000000 0.000000 0.000000 0.000000 0.000000 0.000000 0.000000 0.000000 
1.145190 86.562057 37.063671 2.917458 -16.297987 -17.258858 -3.275493 0.865472 8.061454 0.585236 0.247654 2.764554 1.058423 2.060172 7.254162 1.524312 0.835361 3.395030 -6.995687 5.836494 6.354411 1.118504 3.426590 -4.488381 -1.462643 -0.293313 -22.089792 0.000000 0.000000 0.000000 87.664551 1.673256 12.887187 48.266102 1.827335 18.868320 0.772565 21.511093 76.798004 56.392105 49.344418 36.965916 7.364977 -1.468668 41.392357 0.000018 -0.000006 -18.059010 -0.000033 0.000036 -12.549079 -0.000014 0.000006 0.000019 -0.783123 17.163054 -1.128687 1.637186 -0.938673 -0.755146 1.521958 0.067939 -0.672154 0.000002 -0.000012 0.000006 0.903768 7.084489 -4.980132 2.312589 -0.976734 -0.384351 2.602915 0.022867 -0.307063 -0.000014 0.000063 0.000011 11.730330 -8.987213 -9.294199 5.856330 1.931512 0.791784 5.687112 -0.061776 0.611069 0.000030 0.001194 0.000009 24.321476 -24.690701 -16.653181 9.185674 3.619224 3.415731 8.896683 -0.358679 2.830676 0.001341 0.000018 0.000016 0.000000 0.000000 0.000000 0.000000 0.000000 0.000000 -90.524879 -0.927924 13.507616 -54.132744 -4.156828 6.914221 -2.052765 -18.990847 83.595688 -40.849247 -65.349083 27.590637 -9.549126 1.680986 40.507412 -0.000012 -0.000014 -22.977764 0.000014 -0.000039 -16.034901 -0.001145 -0.000004 0.002385 -4.311385 18.061474 -3.548340 -3.387770 -0.825493 1.465224 -3.488666 0.179310 1.270893 0.000032 0.000390 -0.000005 -5.520529 7.401571 -5.570854 -3.818534 -0.954121 0.602460 -3.997543 0.054342 0.502514 -0.000042 -0.000035 0.000049 -7.358220 -9.236956 -8.972315 -5.573833 1.909600 -0.942201 -5.205597 -0.088683 -0.695599 0.000187 0.000010 -0.000015 -5.041979 -25.525568 -15.331995 -6.232829 3.696864 -2.970983 -6.406020 -0.301944 -2.428694 -0.000318 0.000012 -0.000028 0.000000 0.000000 0.000000 0.000000 0.000000 0.000000 -11.611952 11.408176 5.935886 -0.527678 -1.346337 20.456961 3.433262 3.517395 15.702836 -1.161422 0.543988 -22.241743 0.000000 0.000000 0.000000 0.000000 0.000000 0.000000 0.000000 0.000000 0.000000 0.280975 17.571924 19.977797 0.153284 0.622841 9.815544 0.157390 17.415005 11.564832 0.230889 -0.891476 -17.758078 0.000000 0.000000 0.000000 0.000000 0.000000 0.000000 0.000000 0.000000 0.000000 
0.750378 86.586563 37.146904 2.943555 -16.246561 -17.254641 -3.193465 0.849418 8.058926 0.535056 0.246196 2.755866 1.149517 1.877605 7.245668 1.604607 0.783533 3.334321 -7.035875 6.023200 6.398883 1.162685 3.637444 -4.478773 -1.514303 -0.307476 -22.180145 0.000000 0.000000 0.000000 87.699631 1.654769 12.678563 48.246189 2.756216 18.491730 0.798534 21.593691 77.097588 55.645199 48.477417 36.502781 7.237504 -1.459388 41.441666 0.000018 -0.000007 -17.753078 -0.000034 0.000036 -12.348543 -0.000013 0.000007 0.000018 -1.224616 17.124247 -0.638551 1.288167 -0.947610 -0.681449 1.183594 0.058069 -0.603488 0.000002 -0.000012 0.000005 0.464064 7.070975 -4.647217 1.957099 -0.981301 -0.356871 2.252495 0.019526 -0.283638 -0.000014 0.000062 0.000010 11.251534 -8.982218 -9.077789 5.508255 1.935852 0.755553 5.331957 -0.057899 0.583653 0.000030 0.001152 0.000009 23.946960 -24.702955 -16.612206 8.905166 3.628868 3.334675 8.627637 -0.351144 2.758351 0.001280 0.000018 0.000015 0.000000 0.000000 0.000000 0.000000 0.000000 0.000000 -90.668793 -0.945638 13.363797 -53.700966 -4.381608 7.044999 -1.970217 -18.792740 84.372597 -41.671795 -64.749596 27.987419 -9.554274 1.688012 40.498325 -0.000013 -0.000014 -22.995541 0.000019 -0.000040 -16.044720 -0.001158 -0.000005 0.002353 -4.499459 18.022022 -3.577300 -3.427798 -0.828406 1.432402 -3.533300 0.176695 1.239496 0.000033 0.000296 -0.000006 -5.719369 7.387149 -5.645199 -3.863303 -0.955226 0.590795 -4.036072 0.053104 0.492385 0.000132 -0.000035 0.000048 -7.539906 -9.226360 -9.074438 -5.636709 1.910805 -0.926967 -5.261957 -0.087643 -0.684197 0.000130 0.000011 -0.000015 -5.171077 -25.497337 -15.478945 -6.272150 3.697125 -2.935318 -6.441877 -0.299240 -2.393330 -0.000334 0.000013 -0.000027 0.000000 0.000000 0.000000 0.000000 0.000000 0.000000 -11.353396 11.421975 5.983264 -0.517641 -1.334500 20.345163 3.227482 3.598359 15.521279 -1.151811 0.542138 -22.148575 0.000000 0.000000 0.000000 0.000000 0.000000 0.000000 0.000000 0.000000 0.000000 0.602044 17.531551 20.177584 0.159225 0.655240 9.691688 -0.233832 17.306477 11.608979 0.251250 -0.925797 -17.798147 0.000000 0.000000 0.000000 0.000000 0.000000 0.000000 0.000000 0.000000 0.000000 
0.324938 86.611923 37.235817 2.940078 -16.176001 -17.258045 -3.091930 0.830444 8.062193 0.479391 0.245741 2.752207 1.268303 1.691002 7.245704 1.679817 0.737469 3.273741 -7.090360 6.190152 6.486996 1.198955 3.822210 -4.438139 -1.562505 -0.320305 -22.278507 0.000000 0.000000 0.000000 87.772491 1.630636 12.454293 48.255863 3.742806 18.148701 0.828348 21.701630 77.120064 54.825142 47.749630 36.047451 7.131820 -1.452537 41.481438 0.000018 -0.000007 -17.498417 -0.000034 0.000035 -12.185728 -0.000013 0.000008 0.000018 -1.583402 17.088030 -0.147614 1.004613 -0.956593 -0.614919 0.912426 0.048151 -0.542238 0.000003 -0.000013 0.000005 0.101819 7.058640 -4.303294 1.666557 -0.985859 -0.332357 1.967458 0.016213 -0.262898 -0.000013 0.000060 0.000010 10.824781 -8.978249 -8.835770 5.219666 1.940197 0.723335 5.034756 -0.054038 0.559427 0.000031 0.001115 0.000009 23.582266 -24.723257 -16.518114 8.669801 3.639196 3.262422 8.404711 -0.342857 2.694313 0.001230 0.000018 0.000014 0.000000 0.000000 0.000000 0.000000 0.000000 0.000000 -90.828987 -0.958727 13.210306 -53.290501 -4.714618 7.190907 -1.890483 -18.629778 85.198792 -42.249634 -64.085770 28.235287 -9.554510 1.694660 40.491707 -0.000013 -0.000014 -23.000690 0.000024 -0.000040 -16.045521 -0.001155 -0.000005 0.002324 -4.658714 17.982269 -3.522313 -3.475265 -0.831379 1.401643 -3.584739 0.173753 1.211342 0.000033 0.000203 -0.000006 -5.887044 7.372839 -5.647546 -3.914268 -0.956271 0.580221 -4.080262 0.051805 0.483284 0.000327 -0.000035 0.000047 -7.688975 -9.214599 -9.110375 -5.694308 1.912099 -0.912268 -5.316877 -0.086367 -0.673581 0.000081 0.000012 -0.000015 -5.277619 -25.464397 -15.556448 -6.303107 3.697998 -2.899641 -6.468741 -0.295406 -2.360074 -0.000332 0.000014 -0.000027 0.000000 0.000000 0.000000 0.000000 0.000000 0.000000 -11.026094 11.412426 6.059241 -0.506417 -1.319756 20.243502 2.993299 3.631739 15.329273 -1.140360 0.542527 -22.042828 0.000000 0.000000 0.000000 0.000000 0.000000 0.000000 0.000000 0.000000 0.000000 0.986460 17.472542 20.389591 0.166275 0.689099 9.599530 -0.658245 17.202877 11.647001 0.276165 -0.958844 -17.839657 0.000000 0.000000 0.000000 0.000000 0.000000 0.000000 0.000000 0.000000 0.000000 
-0.127075 86.638771 37.325642 2.904614 -16.076214 -17.259775 -2.971894 0.807763 8.070741 0.418753 0.246264 2.752017 1.414379 1.499266 7.249528 1.740356 0.695689 3.223210 -7.154186 6.326489 6.616658 1.223975 3.970054 -4.365396 -1.603709 -0.331355 -22.374144 0.000000 0.000000 0.000000 87.870300 1.598917 12.218626 48.270390 4.731567 17.822929 0.862379 21.831545 76.798073 53.938820 47.210175 35.561378 7.046278 -1.447732 41.513016 0.000018 -0.000007 -17.288992 -0.000035 0.000034 -12.056204 -0.000012 0.000008 0.000017 -1.874542 17.056177 0.321150 0.779501 -0.965797 -0.555220 0.701165 0.037911 -0.488141 0.000003 -0.000012 0.000005 -0.198032 7.048069 -3.967050 1.434839 -0.990462 -0.310732 1.741715 0.012864 -0.244745 -0.000013 0.000058 0.000009 10.438910 -8.976213 -8.586313 4.987275 1.944587 0.695116 4.792381 -0.050134 0.538381 0.000031 0.001076 0.000009 23.220402 -24.754658 -16.389420 8.478407 3.650347 3.198736 8.224502 -0.333802 2.638345 0.001196 0.000018 0.000013 0.000000 0.000000 0.000000 0.000000 0.000000 0.000000 -90.983147 -0.968078 13.055469 -52.924854 -5.136830 7.316246 -1.818593 -18.507904 86.043495 -42.506416 -63.371113 28.278164 -9.547948 1.700496 40.488575 -0.000013 -0.000014 -22.988142 0.000028 -0.000040 -16.034098 -0.001139 -0.000006 0.002306 -4.776843 17.944143 -3.393180 -3.522559 -0.834411 1.373280 -3.635788 0.170486 1.186680 0.000033 0.000114 -0.000006 -6.012993 7.359341 -5.586294 -3.965136 -0.957300 0.570845 -4.123231 0.050436 0.475283 0.000531 -0.000034 0.000047 -7.791946 -9.202365 -9.091557 -5.741947 1.913528 -0.898644 -5.364625 -0.084907 -0.664201 0.000039 0.000012 -0.000015 -5.345476 -25.428751 -15.578105 -6.321910 3.699422 -2.865103 -6.483192 -0.290696 -2.329811 -0.000311 0.000014 -0.000027 0.000000 0.000000 0.000000 0.000000 0.000000 0.000000 -10.634370 11.372339 6.153083 -0.494293 -1.302709 20.149914 2.731912 3.607680 15.135418 -1.128138 0.546837 -21.927366 0.000000 0.000000 0.000000 0.000000 0.000000 0.000000 0.000000 0.000000 0.000000 1.430576 17.395679 20.598661 0.174443 0.724007 9.552857 -1.103864 17.106136 11.680227 0.304172 -0.989414 -17.883820 0.000000 0.000000 0.000000 0.000000 0.000000 0.000000 0.000000 0.000000 0.000000 
-0.599973 86.668457 37.411987 2.836341 -15.933466 -17.247971 -2.832471 0.780202 8.081396 0.354663 0.247389 2.751326 1.580896 1.300675 7.251679 1.782061 0.654743 3.188878 -7.225017 6.430431 6.786069 1.236579 4.081683 -4.260806 -1.637143 -0.340868 -22.458055 0.000000 0.000000 0.000000 87.972427 1.559856 11.972736 48.264290 5.662169 17.480459 0.901319 21.991587 76.098907 52.981342 46.895359 34.981457 6.979006 -1.444686 41.537441 0.000018 -0.000008 -17.119827 -0.000035 0.000034 -11.955590 -0.000012 0.000009 0.000017 -2.100730 17.028263 0.749193 0.599904 -0.975126 -0.501867 0.537069 0.027344 -0.440567 0.000004 -0.000012 0.000004 -0.437644 7.038832 -3.652237 1.248780 -0.995071 -0.291797 1.561596 0.009512 -0.228955 -0.000012 0.000057 0.000008 10.092804 -8.975348 -8.342622 4.799376 1.948979 0.670488 4.592997 -0.046215 0.520241 0.000031 0.001022 0.000009 22.863495 -24.794466 -16.241375 8.320039 3.662097 3.142350 8.073728 -0.324345 2.589250 0.001179 0.000017 0.000011 0.000000 0.000000 0.000000 0.000000 0.000000 0.000000 -91.112267 -0.975521 12.907954 -52.599850 -5.611266 7.406229 -1.759049 -18.426464 86.869926 -42.417007 -62.611031 28.087366 -9.539014 1.705889 40.486790 -0.000013 -0.000013 -22.969921 0.000032 -0.000040 -16.018951 -0.001100 -0.000006 0.002305 -4.891529 17.909340 -3.220722 -3.581515 -0.837465 1.347636 -3.698848 0.167017 1.165652 0.000033 0.000034 -0.000006 -6.130934 7.346828 -5.484573 -4.026983 -0.958347 0.562758 -4.175144 0.049024 0.468379 0.000731 -0.000034 0.000051 -7.872706 -9.190110 -9.033979 -5.790565 1.915180 -0.886531 -5.414553 -0.083343 -0.656434 -0.000007 0.000013 -0.000014 -5.388557 -25.392727 -15.553419 -6.336040 3.701417 -2.832379 -6.492918 -0.285423 -2.302811 -0.000275 0.000015 -0.000027 0.000000 0.000000 0.000000 0.000000 0.000000 0.000000 -10.185942 11.296060 6.253411 -0.481545 -1.283508 20.062220 2.447286 3.521044 14.948949 -1.116140 0.555882 -21.803650 0.000000 0.000000 0.000000 0.000000 0.000000 0.000000 0.000000 0.000000 0.000000 1.924767 17.290941 20.785469 0.183838 0.759779 9.563241 -1.559106 17.014635 11.713254 0.333639 -1.017378 -17.933950 0.000000 0.000000 0.000000 0.000000 0.000000 0.000000 0.000000 0.000000 0.000000 
-1.087542 86.701447 37.493301 2.734630 -15.733622 -17.216656 -2.673019 0.746691 8.092926 0.291974 0.248561 2.746978 1.759048 1.095970 7.252743 1.808059 0.611754 3.169243 -7.316295 6.515858 6.977764 1.236805 4.169252 -4.133502 -1.667125 -0.348672 -22.522840 0.000000 0.000000 0.000000 88.060806 1.514819 11.722722 48.216999 6.526521 17.085304 0.944207 22.186243 75.054497 51.982082 46.822567 34.287575 6.927585 -1.443068 41.555744 0.000018 -0.000008 -16.985991 -0.000034 0.000033 -11.878733 -0.000011 0.000010 0.000016 -2.265621 17.001688 1.137316 0.451674 -0.984444 -0.453454 0.406806 0.016473 -0.397797 0.000004 -0.000011 0.000004 -0.622166 7.029513 -3.359738 1.093714 -0.999595 -0.274821 1.411085 0.006160 -0.214812 -0.000012 0.000056 0.000008 9.780484 -8.973095 -8.111973 4.639263 1.953352 0.648253 4.419968 -0.042211 0.504015 0.000032 0.000940 0.000010 22.512777 -24.833231 -16.090508 8.178270 3.674348 3.089715 7.934660 -0.314402 2.543936 0.001176 0.000016 0.000010 0.000000 0.000000 0.000000 0.000000 0.000000 0.000000 -91.207260 -0.984471 12.778192 -52.278500 -6.117797 7.481379 -1.712000 -18.367556 87.643639 -42.041370 -61.764946 27.700495 -9.534589 1.711785 40.482647 -0.000013 -0.000013 -22.966070 0.000034 -0.000039 -16.014238 -0.001027 -0.000007 0.002326 -5.063191 17.877325 -3.037316 -3.674048 -0.840564 1.324391 -3.795701 0.163392 1.147621 0.000033 -0.000029 -0.000006 -6.291260 7.334424 -5.366724 -4.118630 -0.959394 0.555680 -4.254424 0.047557 0.462266 0.000932 -0.000034 0.000056 -7.968068 -9.176717 -8.952657 -5.856240 1.917047 -0.875602 -5.481929 -0.081636 -0.649944 -0.000066 0.000013 -0.000014 -5.430646 -25.355080 -15.488013 -6.355548 3.704046 -2.800287 -6.507651 -0.279611 -2.277799 -0.000233 0.000016 -0.000027 0.000000 0.000000 0.000000 0.000000 0.000000 0.000000 -9.688298 11.183910 6.359217 -0.468142 -1.260928 19.985359 2.147511 3.366735 14.771412 -1.104904 0.568709 -21.671377 0.000000 0.000000 0.000000 0.000000 0.000000 0.000000 0.000000 0.000000 0.000000 2.457432 17.144726 20.931541 0.194476 0.796136 9.638411 -2.013894 16.921146 11.745247 0.364120 -1.043440 -17.988438 0.000000 0.000000 0.000000 0.000000 0.000000 0.000000 0.000000 0.000000 0.000000 
-1.585071 86.736435 37.568153 2.597325 -15.464717 -17.165632 -2.498765 0.707623 8.109886 0.233737 0.250171 2.739213 1.937260 0.884261 7.254321 1.827017 0.565645 3.168088 -7.418025 6.585765 7.175076 1.228571 4.237631 -3.993027 -1.694349 -0.355776 -22.562244 0.000000 0.000000 0.000000 88.130440 1.465013 11.468789 48.112324 7.330580 16.603918 0.989501 22.410089 73.658012 50.960209 47.006924 33.513569 6.890003 -1.442766 41.568432 0.000017 -0.000008 -16.884943 -0.000034 0.000032 -11.822121 -0.000010 0.000010 0.000015 -2.367932 16.977381 1.484375 0.339855 -0.994099 -0.409629 0.313973 0.005085 -0.359590 0.000005 -0.000011 0.000004 -0.752647 7.020347 -3.091931 0.974366 -1.004078 -0.259658 1.293684 0.002733 -0.202199 -0.000011 0.000055 0.000007 9.499399 -8.969170 -7.897271 4.508738 1.957882 0.628286 4.276295 -0.037956 0.489581 0.000032 0.000847 0.000011 22.164682 -24.868448 -15.938386 8.052217 3.687796 3.040091 7.808031 -0.303125 2.502104 0.001184 0.000016 0.000008 0.000000 0.000000 0.000000 0.000000 0.000000 0.000000 -91.259727 -0.999112 12.666176 -51.931877 -6.618073 7.534762 -1.673433 -18.326733 88.365341 -41.475307 -60.828369 27.182142 -9.548371 1.719987 40.469460 -0.000013 -0.000013 -23.010424 0.000034 -0.000038 -16.042812 -0.000925 -0.000008 0.002366 -5.368934 17.848434 -2.876703 -3.837976 -0.843442 1.306398 -3.963478 0.159955 1.134826 0.000032 -0.000061 -0.000006 -6.557759 7.322155 -5.257812 -4.277534 -0.960264 0.550652 -4.398776 0.046169 0.457836 0.001125 -0.000034 0.000063 -8.135166 -9.162067 -8.865438 -5.975400 1.918854 -0.867378 -5.604123 -0.079937 -0.645850 -0.000137 0.000013 -0.000014 -5.517067 -25.314995 -15.394822 -6.413752 3.706856 -2.773835 -6.561169 -0.273655 -2.258913 -0.000199 0.000017 -0.000027 0.000000 0.000000 0.000000 0.000000 0.000000 0.000000 -9.156458 11.027399 6.478803 -0.454385 -1.235756 19.915468 1.845657 3.154515 14.601960 -1.093752 0.585655 -21.535250 0.000000 0.000000 0.000000 0.000000 0.000000 0.000000 0.000000 0.000000 0.000000 3.020722 16.946581 21.024870 0.206000 0.832271 9.781202 -2.458555 16.811827 11.773968 0.395551 -1.067790 -18.044556 0.000000 0.000000 0.000000 0.000000 0.000000 0.000000 0.000000 0.000000 0.000000 
-2.089677 86.772705 37.637638 2.421749 -15.121172 -17.099993 -2.315085 0.664858 8.133016 0.180237 0.253167 2.730788 2.108685 0.665900 7.253455 1.849178 0.515928 3.188458 -7.512306 6.638319 7.367707 1.215832 4.290190 -3.847259 -1.718827 -0.362982 -22.577721 0.000000 0.000000 0.000000 88.183899 1.410814 11.205714 47.936111 8.076921 16.013020 1.035818 22.657873 71.955849 49.922348 47.406452 32.655766 6.868449 -1.443854 41.574593 0.000017 -0.000007 -16.823959 -0.000033 0.000032 -11.789882 -0.000009 0.000011 0.000014 -2.401627 16.958139 1.778650 0.275952 -1.003583 -0.372597 0.267847 -0.006061 -0.328130 0.000005 -0.000010 0.000003 -0.822873 7.012526 -2.859299 0.901592 -1.008277 -0.247237 1.219530 -0.000533 -0.191937 -0.000011 0.000054 0.000006 9.262115 -8.964495 -7.704874 4.415885 1.962252 0.612023 4.171497 -0.033834 0.477971 0.000031 0.000756 0.000011 21.837420 -24.898634 -15.789182 7.947385 3.701337 2.997256 7.701003 -0.291450 2.467242 0.001199 0.000015 0.000006 0.000000 0.000000 0.000000 0.000000 0.000000 0.000000 -91.267876 -1.019409 12.564708 -51.541428 -7.069229 7.560540 -1.639641 -18.304556 89.051247 -40.795406 -59.786625 26.574537 -9.595282 1.732009 40.440605 -0.000013 -0.000012 -23.139330 0.000032 -0.000037 -16.129248 -0.000803 -0.000009 0.002423 -5.882310 17.825174 -2.783681 -4.118277 -0.845484 1.297532 -4.245953 0.157354 1.130462 0.000031 -0.000053 -0.000005 -6.990584 7.311056 -5.189490 -4.548023 -0.960707 0.549151 -4.654289 0.045125 0.456378 0.001297 -0.000034 0.000072 -8.436954 -9.147343 -8.792943 -6.192892 1.920165 -0.863902 -5.827398 -0.078577 -0.645588 -0.000209 0.000013 -0.000014 -5.710624 -25.275457 -15.286778 -6.554495 3.708794 -2.759868 -6.697912 -0.268556 -2.251641 -0.000184 0.000017 -0.000027 0.000000 0.000000 0.000000 0.000000 0.000000 0.000000 -8.599335 10.825613 6.622780 -0.440456 -1.208460 19.849825 1.551633 2.890581 14.437390 -1.081118 0.606112 -21.396776 0.000000 0.000000 0.000000 0.000000 0.000000 0.000000 0.000000 0.000000 0.000000 3.610590 16.690836 21.063862 0.218073 0.868040 9.987748 -2.888570 16.676514 11.795667 0.429666 -1.090475 -18.098860 0.000000 0.000000 0.000000 0.000000 0.000000 0.000000 0.000000 0.000000 0.000000 
-2.599021 86.809784 37.704983 2.208521 -14.702431 -17.028641 -2.126609 0.620692 8.160947 0.133966 0.257599 2.725127 2.268003 0.443906 7.246553 1.880586 0.461320 3.229071 -7.595136 6.676989 7.539422 1.199864 4.331767 -3.707172 -1.742979 -0.370470 -22.573017 0.000000 0.000000 0.000000 88.224716 1.352685 10.928607 47.704441 8.779953 15.290153 1.080519 22.923260 70.081253 48.917740 47.932487 31.725290 6.862293 -1.446220 41.574482 0.000017 -0.000007 -16.803341 -0.000032 0.000031 -11.781204 -0.000008 0.000011 0.000013 -2.379407 16.943920 2.002822 0.263675 -1.012051 -0.344759 0.270139 -0.016026 -0.305579 0.000006 -0.000009 0.000003 -0.842593 7.006150 -2.679039 0.878867 -1.011796 -0.238470 1.191714 -0.003362 -0.184820 -0.000011 0.000054 0.000006 9.070396 -8.959152 -7.551343 4.362053 1.965983 0.600672 4.108186 -0.030282 0.470002 0.000031 0.000671 0.000012 21.545673 -24.920258 -15.661925 7.864857 3.713278 2.964155 7.615428 -0.280653 2.442069 0.001217 0.000014 0.000005 0.000000 0.000000 0.000000 0.000000 0.000000 0.000000 -91.235054 -1.044096 12.467278 -51.113655 -7.452793 7.548914 -1.605957 -18.287680 89.737831 -40.080536 -58.593853 25.926540 -9.685593 1.748884 40.391262 -0.000013 -0.000012 -23.378851 0.000030 -0.000036 -16.290825 -0.000665 -0.000010 0.002494 -6.654484 17.807449 -2.804783 -4.550384 -0.846062 1.300412 -4.677373 0.156126 1.136678 0.000030 -0.000008 -0.000005 -7.631058 7.301234 -5.196004 -4.964703 -0.960417 0.552092 -5.057948 0.044644 0.458726 0.001445 -0.000034 0.000082 -8.921244 -9.132297 -8.760769 -6.545704 1.920368 -0.866392 -6.189794 -0.077814 -0.649920 -0.000277 0.000013 -0.000014 -6.065297 -25.236376 -15.181678 -6.814601 3.708664 -2.762538 -6.955205 -0.265082 -2.259051 -0.000194 0.000017 -0.000027 0.000000 0.000000 0.000000 0.000000 0.000000 0.000000 -8.019805 10.587092 6.800405 -0.426244 -1.178331 19.789640 1.269338 2.570970 14.273805 -1.065620 0.628242 -21.255777 0.000000 0.000000 0.000000 0.000000 0.000000 0.000000 0.000000 0.000000 0.000000 4.223822 16.380337 21.052031 0.230445 0.903808 10.251075 -3.302565 16.512768 11.808517 0.468682 -1.111472 -18.148026 0.000000 0.000000 0.000000 0.000000 0.000000 0.000000 0.000000 0.000000 0.000000 
-3.111028 86.846771 37.772564 1.962452 -14.211793 -16.959812 -1.938570 0.576982 8.193186 0.095562 0.262856 2.725367 2.413343 0.219317 7.231130 1.923600 0.399922 3.286970 -7.661673 6.704803 7.680109 1.182564 4.366409 -3.582375 -1.768768 -0.379108 -22.553818 0.000000 0.000000 0.000000 88.256470 1.292519 10.634498 47.467590 9.438216 14.423160 1.121172 23.203876 68.194679 48.030006 48.500652 30.776550 6.870105 -1.449364 41.569099 0.000017 -0.000007 -16.819872 -0.000031 0.000031 -11.793478 -0.000008 0.000011 0.000012 -2.324091 16.936646 2.141407 0.309323 -1.018575 -0.329067 0.325577 -0.023806 -0.294532 0.000006 -0.000009 0.000002 -0.828622 7.002190 -2.566927 0.912946 -1.014270 -0.234521 1.217477 -0.005455 -0.181829 -0.000011 0.000054 0.000005 8.924143 -8.954900 -7.452699 4.355780 1.968619 0.595693 4.095785 -0.027765 0.466742 0.000030 0.000599 0.000013 21.306616 -24.935238 -15.576621 7.815221 3.721822 2.944881 7.562613 -0.272289 2.430187 0.001236 0.000014 0.000003 0.000000 0.000000 0.000000 0.000000 0.000000 0.000000 -91.167305 -1.071264 12.368321 -50.681362 -7.762765 7.478797 -1.567131 -18.259007 90.464264 -39.400200 -57.249008 25.294819 -9.825861 1.770910 40.318645 -0.000013 -0.000011 -23.744631 0.000026 -0.000035 -16.537577 -0.000522 -0.000010 0.002573 -7.703974 17.794418 -2.967962 -5.155156 -0.844307 1.318418 -5.278173 0.157072 1.156473 0.000029 0.000061 -0.000005 -8.497856 7.292691 -5.300227 -5.548301 -0.958983 0.560662 -5.631846 0.045018 0.465934 0.001564 -0.000034 0.000091 -9.615088 -9.116811 -8.788803 -7.057187 1.918705 -0.876508 -6.715288 -0.078043 -0.659995 -0.000339 0.000013 -0.000014 -6.613524 -25.197950 -15.096223 -7.218788 3.704957 -2.786699 -7.358285 -0.264320 -2.284715 -0.000225 0.000017 -0.000027 0.000000 0.000000 0.000000 0.000000 0.000000 0.000000 -7.421433 10.318933 7.015172 -0.411800 -1.145419 19.735580 0.998980 2.190545 14.110638 -1.046648 0.650703 -21.115475 0.000000 0.000000 0.000000 0.000000 0.000000 0.000000 0.000000 0.000000 0.000000 4.856221 16.025755 20.993893 0.242847 0.939714 10.562677 -3.699021 16.323294 11.816089 0.513548 -1.130198 -18.191565 0.000000 0.000000 0.000000 0.000000 0.000000 0.000000 0.000000 0.000000 0.000000 
-3.624226 86.883171 37.841198 1.689033 -13.659755 -16.899364 -1.755542 0.534694 8.231024 0.060836 0.268390 2.731745 2.549846 -0.011138 7.208830 1.980068 0.330452 3.358129 -7.703914 6.718550 7.790597 1.166026 4.392682 -3.476650 -1.796218 -0.390263 -22.530897 0.000000 0.000000 0.000000 88.282616 1.233181 10.321794 47.286125 10.025071 13.427416 1.155685 23.494753 66.444557 47.327698 49.044735 29.875284 6.894181 -1.453423 41.557621 0.000017 -0.000007 -16.878433 -0.000030 0.000030 -11.830754 -0.000007 0.000012 0.000011 -2.238372 16.937952 2.187691 0.416327 -1.022496 -0.327773 0.437188 -0.028670 -0.297092 0.000006 -0.000008 0.000002 -0.775757 7.001521 -2.529740 1.008574 -1.015486 -0.236448 1.303135 -0.006569 -0.183861 -0.000012 0.000057 0.000004 8.846290 -8.953073 -7.414430 4.408002 1.969775 0.598690 4.145660 -0.026732 0.469465 0.000030 0.000554 0.000013 21.155685 -24.945177 -15.539625 7.814256 3.725258 2.945279 7.558868 -0.267991 2.436315 0.001252 0.000013 0.000002 0.000000 0.000000 0.000000 0.000000 0.000000 0.000000 -91.075478 -1.097777 12.266560 -50.280537 -7.980459 7.338506 -1.519100 -18.214781 91.222404 -38.793701 -55.779980 24.714561 -10.012847 1.797305 40.224560 -0.000014 -0.000010 -24.226759 0.000023 -0.000034 -16.862494 -0.000394 -0.000011 0.002645 -8.995097 17.783621 -3.263465 -5.918746 -0.839426 1.354532 -6.034403 0.160930 1.192690 0.000029 0.000142 -0.000004 -9.565622 7.284955 -5.498800 -6.285336 -0.956058 0.575977 -6.362336 0.046530 0.478979 0.001642 -0.000034 0.000101 -10.502704 -9.100760 -8.877240 -7.714973 1.914568 -0.895877 -7.391875 -0.079665 -0.676991 -0.000392 0.000013 -0.000014 -7.344040 -25.160324 -15.035469 -7.757608 3.696365 -2.836666 -7.897810 -0.267322 -2.331905 -0.000270 0.000017 -0.000027 0.000000 0.000000 0.000000 0.000000 0.000000 0.000000 -6.805585 10.024268 7.267553 -0.397219 -1.110358 19.683937 0.738602 1.750210 13.952368 -1.023606 0.672897 -20.979507 0.000000 0.000000 0.000000 0.000000 0.000000 0.000000 0.000000 0.000000 0.000000 5.505801 15.643828 20.897345 0.255103 0.975823 10.908010 -4.076932 16.108784 11.826163 0.564301 -1.146430 -18.230606 0.000000 0.000000 0.000000 0.000000 0.000000 0.000000 0.000000 0.000000 0.000000 
-4.137492 86.917999 37.911251 1.395637 -13.062914 -16.851364 -1.582990 0.494245 8.275243 0.027298 0.273079 2.740510 2.683466 -0.250952 7.184302 2.049503 0.251802 3.436792 -7.728569 6.716738 7.867671 1.150779 4.407429 -3.393439 -1.825842 -0.405193 -22.511766 0.000000 0.000000 0.000000 88.302460 1.176758 9.993484 47.215736 10.534677 12.336292 1.182332 23.788420 64.972687 46.883755 49.516769 29.102707 6.937922 -1.458435 41.539349 0.000017 -0.000007 -16.984018 -0.000029 0.000029 -11.897866 -0.000006 0.000012 0.000010 -2.119289 16.949396 2.147015 0.580535 -1.023034 -0.341751 0.601123 -0.029770 -0.313887 0.000006 -0.000008 0.000001 -0.676465 7.005015 -2.563981 1.163350 -1.015245 -0.244663 1.447578 -0.006433 -0.191213 -0.000012 0.000062 0.000004 8.856597 -8.955057 -7.435678 4.522133 1.969057 0.610438 4.261333 -0.027637 0.478774 0.000029 0.000537 0.000013 21.118244 -24.952679 -15.552592 7.871239 3.721835 2.969302 7.613677 -0.269581 2.463139 0.001265 0.000013 0.000001 0.000000 0.000000 0.000000 0.000000 0.000000 0.000000 -90.970093 -1.121091 12.168617 -49.939240 -8.086074 7.131520 -1.461466 -18.151321 91.988358 -38.301655 -54.227802 24.225315 -10.232533 1.825831 40.116337 -0.000014 -0.000010 -24.787727 0.000018 -0.000033 -17.240444 -0.000293 -0.000012 0.002699 -10.435084 17.773645 -3.650113 -6.789462 -0.830890 1.409508 -6.894306 0.168223 1.246010 0.000028 0.000222 -0.000004 -10.757196 7.278197 -5.765316 -7.125064 -0.951514 0.598234 -7.198365 0.049350 0.498034 0.001682 -0.000034 0.000108 -11.512854 -9.085420 -9.013207 -8.470300 1.907708 -0.924877 -8.170497 -0.082931 -0.701067 -0.000441 0.000013 -0.000014 -8.189347 -25.127720 -15.001861 -8.387476 3.682179 -2.913170 -8.530404 -0.274898 -2.400882 -0.000321 0.000017 -0.000027 0.000000 0.000000 0.000000 0.000000 0.000000 0.000000 -6.174783 9.708841 7.555019 -0.382482 -1.073260 19.628811 0.485550 1.258560 13.802731 -0.996297 0.694046 -20.849728 0.000000 0.000000 0.000000 0.000000 0.000000 0.000000 0.000000 0.000000 0.000000 6.169226 15.254226 20.769218 0.267113 1.012345 11.271388 -4.437219 15.871300 11.844289 0.620507 -1.160293 -18.263880 0.000000 0.000000 0.000000 0.000000 0.000000 0.000000 0.000000 0.000000 0.000000 
-4.649275 86.949867 37.981144 1.092240 -12.439919 -16.815784 -1.426146 0.455499 8.328405 -0.006543 0.275786 2.743561 2.819854 -0.503922 7.166901 2.130877 0.163404 3.515027 -7.748458 6.700541 7.908412 1.138362 4.409085 -3.333486 -1.856905 -0.425297 -22.498779 0.000000 0.000000 0.000000 88.318436 1.123132 9.656007 47.293221 10.983974 11.200235 1.201085 24.074587 63.853905 46.747658 49.905766 28.552315 7.001978 -1.464334 41.514355 0.000017 -0.000007 -17.135725 -0.000028 0.000029 -11.995485 -0.000006 0.000012 0.000009 -1.957708 16.970421 2.042479 0.791240 -1.019932 -0.369663 0.807199 -0.026792 -0.343386 0.000006 -0.000007 0.000001 -0.522575 7.012755 -2.650917 1.367238 -1.013543 -0.258589 1.641917 -0.004965 -0.203304 -0.000013 0.000070 0.000003 8.962608 -8.961357 -7.503927 4.692380 1.966297 0.630449 4.436796 -0.030610 0.494269 0.000028 0.000546 0.000013 21.196692 -24.960243 -15.605436 7.985023 3.710956 3.017444 7.726532 -0.277808 2.510187 0.001274 0.000012 -0.000000 0.000000 0.000000 0.000000 0.000000 0.000000 0.000000 -90.861664 -1.139399 12.085616 -49.664143 -8.061127 6.863722 -1.395597 -18.068544 92.721428 -37.968388 -52.678734 23.868656 -10.462819 1.853551 40.005104 -0.000015 -0.000009 -25.369980 0.000014 -0.000032 -17.632631 -0.000229 -0.000012 0.002726 -11.885759 17.763956 -4.053491 -7.686629 -0.818826 1.481145 -7.777908 0.178891 1.314195 0.000028 0.000304 -0.000004 -11.957570 7.272907 -6.048636 -7.989092 -0.945538 0.626461 -8.060895 0.053417 0.522219 0.001692 -0.000034 0.000112 -12.537636 -9.072805 -9.168549 -9.248962 1.898419 -0.962238 -8.975182 -0.087789 -0.731114 -0.000491 0.000012 -0.000013 -9.047607 -25.105804 -14.992064 -9.042444 3.662758 -3.012441 -9.190641 -0.287107 -2.488159 -0.000367 0.000017 -0.000026 0.000000 0.000000 0.000000 0.000000 0.000000 0.000000 -5.536438 9.376847 7.870677 -0.367602 -1.034463 19.561590 0.237118 0.733617 13.662931 -0.965036 0.713699 -20.726974 0.000000 0.000000 0.000000 0.000000 0.000000 0.000000 0.000000 0.000000 0.000000 6.838269 14.873412 20.613176 0.278766 1.049192 11.638345 -4.781128 15.613792 11.872322 0.680270 -1.172197 -18.288530 0.000000 0.000000 0.000000 0.000000 0.000000 0.000000 0.000000 0.000000 0.000000 
-5.158311 86.977150 38.048672 0.789097 -11.809132 -16.789637 -1.287757 0.419069 8.388885 -0.041309 0.276429 2.732931 2.961552 -0.769930 7.164490 2.221392 0.066024 3.586828 -7.782465 6.672562 7.907992 1.128920 4.397512 -3.298940 -1.889394 -0.450964 -22.489202 0.000000 0.000000 0.000000 88.333694 1.071202 9.322879 47.532120 11.382265 10.073846 1.214211 24.352003 63.111305 46.951893 50.226971 28.292698 7.082866 -1.470433 41.484657 0.000017 -0.000007 -17.323210 -0.000027 0.000029 -12.117203 -0.000006 0.000012 0.000009 -1.758911 16.999792 1.897280 1.035905 -1.013249 -0.407984 1.043529 -0.019841 -0.381891 0.000006 -0.000007 -0.000000 -0.323466 7.024513 -2.771188 1.607884 -1.010469 -0.276561 1.874348 -0.002257 -0.218606 -0.000014 0.000081 0.000002 9.153325 -8.972143 -7.604452 4.909661 1.961535 0.656664 4.662683 -0.035476 0.514242 0.000028 0.000569 0.000013 21.378584 -24.968884 -15.687533 8.149923 3.692829 3.084785 7.891887 -0.292477 2.572513 0.001279 0.000012 -0.000001 0.000000 0.000000 0.000000 0.000000 0.000000 0.000000 -90.757126 -1.151123 12.026840 -49.454556 -7.886323 6.556038 -1.326151 -17.966124 93.378601 -37.806465 -51.234589 23.656179 -10.680172 1.877496 39.902573 -0.000016 -0.000008 -25.915335 0.000010 -0.000032 -17.999695 -0.000197 -0.000013 0.002733 -13.209520 17.757341 -4.416807 -8.531218 -0.804237 1.562210 -8.607262 0.192050 1.390164 0.000028 0.000391 -0.000003 -13.050116 7.270494 -6.308415 -8.800707 -0.938699 0.657713 -8.873054 0.058340 0.548939 0.001686 -0.000034 0.000114 -13.469039 -9.065765 -9.321850 -9.980869 1.887567 -1.004010 -9.733346 -0.093763 -0.763981 -0.000550 0.000012 -0.000013 -9.820237 -25.102095 -15.005003 -9.662813 3.639628 -3.123753 -9.818845 -0.303018 -2.584403 -0.000401 0.000017 -0.000026 0.000000 0.000000 0.000000 0.000000 0.000000 0.000000 -4.900000 9.034918 8.200317 -0.352628 -0.994046 19.480179 -0.008693 0.195272 13.530450 -0.930428 0.731230 -20.610336 0.000000 0.000000 0.000000 0.000000 0.000000 0.000000 0.000000 0.000000 0.000000 7.501616 14.509665 20.433550 0.289961 1.086241 11.994043 -5.111531 15.344062 11.908628 0.742132 -1.182057 -18.300787 0.000000 0.000000 0.000000 0.000000 0.000000 0.000000 0.000000 0.000000 0.000000 
-5.663573 86.998932 38.111523 0.493389 -11.188586 -16.769186 -1.167472 0.385002 8.454771 -0.078802 0.275509 2.702393 3.109992 -1.048436 7.184615 2.318870 -0.038764 3.647624 -7.837906 6.635063 7.865194 1.121987 4.374820 -3.289083 -1.923092 -0.480809 -22.479389 0.000000 0.000000 0.000000 88.356293 1.019527 9.005774 47.919350 11.726215 9.003030 1.223618 24.610321 62.713146 47.486660 50.510250 28.350529 7.175467 -1.476655 41.451752 0.000016 -0.000007 -17.535191 -0.000026 0.000029 -12.254974 -0.000005 0.000012 0.000009 -1.524591 17.032301 1.730388 1.298514 -1.003943 -0.451779 1.295179 -0.010037 -0.424703 0.000006 -0.000007 -0.000001 -0.083636 7.038198 -2.907745 1.868801 -1.006347 -0.296426 2.129134 0.001297 -0.235267 -0.000015 0.000094 0.000001 9.420321 -8.984523 -7.720961 5.159525 1.955159 0.686369 4.924314 -0.041627 0.536560 0.000027 0.000595 0.000013 21.653799 -24.971861 -15.782408 8.354593 3.669113 3.164341 8.098390 -0.311691 2.643803 0.001281 0.000012 -0.000001 0.000000 0.000000 0.000000 0.000000 0.000000 0.000000 -90.663109 -1.155846 11.995184 -49.300781 -7.560547 6.232293 -1.256821 -17.851053 93.913300 -37.806664 -49.966309 23.568644 -10.867943 1.896299 39.816296 -0.000017 -0.000008 -26.384069 0.000007 -0.000031 -18.314447 -0.000190 -0.000014 0.002722 -14.316163 17.755007 -4.707684 -9.269494 -0.788624 1.644470 -9.329760 0.206250 1.466139 0.000027 0.000488 -0.000003 -13.960382 7.271133 -6.520814 -9.508610 -0.931645 0.688783 -9.582830 0.063583 0.575406 0.001672 -0.000034 0.000114 -14.246037 -9.064692 -9.458877 -10.620832 1.876168 -1.045891 -10.397601 -0.100147 -0.796343 -0.000621 0.000011 -0.000013 -10.458504 -25.116404 -15.035990 -10.211129 3.614937 -3.235406 -10.376588 -0.320840 -2.679767 -0.000420 0.000017 -0.000026 0.000000 0.000000 0.000000 0.000000 0.000000 0.000000 -4.273335 8.689165 8.529196 -0.337684 -0.952459 19.387325 -0.253815 -0.336963 13.403823 -0.893027 0.746439 -20.498287 0.000000 0.000000 0.000000 0.000000 0.000000 0.000000 0.000000 0.000000 0.000000 8.151564 14.165261 20.238058 0.300590 1.122921 12.325750 -5.432626 15.068750 11.949570 0.804489 -1.189962 -18.299282 0.000000 0.000000 0.000000 0.000000 0.000000 0.000000 0.000000 0.000000 0.000000 
-6.163661 87.014809 38.167572 0.209317 -10.594315 -16.751455 -1.062656 0.353057 8.524179 -0.120438 0.273734 2.650962 3.266336 -1.337416 7.232078 2.422019 -0.148281 3.695374 -7.913171 6.592826 7.784537 1.116740 4.347361 -3.299692 -1.958525 -0.512436 -22.465982 0.000000 0.000000 0.000000 88.395477 0.967511 8.710588 48.426941 12.019462 8.024581 1.230205 24.827749 62.585499 48.311279 50.793415 28.733480 7.274739 -1.482858 41.416939 0.000015 -0.000007 -17.761015 -0.000025 0.000029 -12.401196 -0.000005 0.000012 0.000009 -1.264321 17.065233 1.554262 1.569230 -0.993090 -0.498127 1.553770 0.001426 -0.469228 0.000005 -0.000007 -0.000001 0.189213 7.052507 -3.047000 2.139520 -1.001553 -0.316974 2.396351 0.005326 -0.252360 -0.000015 0.000109 0.000001 9.751897 -8.996649 -7.837615 5.432506 1.947706 0.718077 5.211620 -0.048490 0.560133 0.000027 0.000617 0.000013 22.008400 -24.966787 -15.870695 8.591935 3.641907 3.252263 8.338927 -0.333398 2.720711 0.001281 0.000011 -0.000001 0.000000 0.000000 0.000000 0.000000 0.000000 0.000000 -90.584908 -1.154249 11.988203 -49.199848 -7.112064 5.910690 -1.189757 -17.735828 94.291222 -37.952930 -48.903431 23.577822 -11.019444 1.909684 39.749058 -0.000018 -0.000007 -26.760880 0.000005 -0.000031 -18.566275 -0.000201 -0.000015 0.002695 -15.173087 17.758863 -4.914425 -9.881215 -0.773163 1.723644 -9.926039 0.220372 1.538297 0.000027 0.000595 -0.000002 -14.664014 7.274853 -6.674974 -10.093890 -0.924842 0.718134 -10.170196 0.068771 0.600292 0.001651 -0.000034 0.000114 -14.856472 -9.069178 -9.568969 -11.153688 1.864999 -1.085699 -10.951078 -0.106442 -0.826610 -0.000703 0.000011 -0.000013 -10.961552 -25.145880 -15.074176 -10.675447 3.590429 -3.341499 -10.850644 -0.339102 -2.769414 -0.000428 0.000016 -0.000025 0.000000 0.000000 0.000000 0.000000 0.000000 0.000000 -3.661907 8.346257 8.843660 -0.322933 -0.910424 19.291899 -0.500041 -0.848597 13.281885 -0.853500 0.759229 -20.390148 0.000000 0.000000 0.000000 0.000000 0.000000 0.000000 0.000000 0.000000 0.000000 8.782495 13.839283 20.033434 0.310479 1.157974 12.631211 -5.746492 14.797789 11.991422 0.865412 -1.196045 -18.286839 0.000000 0.000000 0.000000 0.000000 0.000000 0.000000 0.000000 0.000000 0.000000 
-6.658363 87.025154 38.216110 -0.060808 -10.039526 -16.737144 -0.971807 0.323504 8.594565 -0.166708 0.270902 2.587107 3.428909 -1.633293 7.304031 2.528610 -0.260955 3.730419 -7.997587 6.550158 7.674024 1.112085 4.321337 -3.327070 -1.996310 -0.543041 -22.448406 0.000000 0.000000 0.000000 88.454124 0.915805 8.442997 49.045269 12.266538 7.147349 1.232749 24.995598 62.697887 49.387310 51.085526 29.418480 7.375786 -1.488345 41.382675 0.000014 -0.000007 -17.987263 -0.000024 0.000029 -12.547379 -0.000006 0.000012 0.000009 -0.994384 17.098921 1.372401 1.841883 -0.981020 -0.545096 1.814067 0.014114 -0.513740 0.000004 -0.000006 -0.000001 0.479972 7.067375 -3.185674 2.414188 -0.996236 -0.337419 2.669615 0.009678 -0.269290 -0.000016 0.000124 0.000000 10.133878 -9.008079 -7.950428 5.722239 1.939425 0.750680 5.517397 -0.055815 0.584124 0.000026 0.000629 0.000013 22.435757 -24.951790 -15.951941 8.857493 3.611965 3.345379 8.608504 -0.356890 2.800532 0.001281 0.000011 -0.000000 0.000000 0.000000 0.000000 0.000000 0.000000 0.000000 -90.520981 -1.149578 11.999805 -49.183914 -6.618266 5.615228 -1.127694 -17.630661 94.535172 -38.213703 -48.040546 23.657795 -11.137421 1.918251 39.699303 -0.000019 -0.000007 -27.053782 0.000004 -0.000030 -18.760767 -0.000217 -0.000017 0.002663 -15.804833 17.770273 -5.059330 -10.378734 -0.758339 1.796719 -10.409035 0.233997 1.603980 0.000028 0.000704 -0.000002 -15.184515 7.281686 -6.786617 -10.569581 -0.918458 0.744765 -10.647954 0.073720 0.622743 0.001625 -0.000034 0.000114 -15.327330 -9.078502 -9.661539 -11.594429 1.854308 -1.122083 -11.408383 -0.112465 -0.853746 -0.000797 0.000010 -0.000013 -11.358948 -25.187008 -15.123445 -11.069948 3.566695 -3.438530 -11.253149 -0.357236 -2.850196 -0.000429 0.000016 -0.000025 0.000000 0.000000 0.000000 0.000000 0.000000 0.000000 -3.069572 8.017894 9.132164 -0.308566 -0.868350 19.204180 -0.748456 -1.330555 13.166805 -0.812827 0.769439 -20.287113 0.000000 0.000000 0.000000 0.000000 0.000000 0.000000 0.000000 0.000000 0.000000 9.391535 13.531260 19.826836 0.319661 1.190671 12.914090 -6.054114 14.544074 12.032339 0.923773 -1.199990 -18.267790 0.000000 0.000000 0.000000 0.000000 0.000000 0.000000 0.000000 0.000000 0.000000 
-7.147357 87.030800 38.256985 -0.315551 -9.534611 -16.727804 -0.892071 0.295768 8.666604 -0.219232 0.267119 2.516138 3.597244 -1.933267 7.399612 2.636729 -0.374992 3.751114 -8.084387 6.515274 7.548092 1.107654 4.306171 -3.362584 -2.037700 -0.571071 -22.428419 0.000000 0.000000 0.000000 88.536148 0.865242 8.204853 49.764317 12.471479 6.375829 1.228938 25.095736 63.023464 50.655544 51.385197 30.366295 7.475511 -1.492881 41.350067 0.000012 -0.000007 -18.206331 -0.000023 0.000029 -12.688857 -0.000006 0.000012 0.000009 -0.720498 17.133904 1.188156 2.116604 -0.968138 -0.592521 2.077397 0.027543 -0.558225 0.000003 -0.000006 -0.000002 0.784601 7.082903 -3.320796 2.693518 -0.990580 -0.357811 2.948744 0.014243 -0.286178 -0.000016 0.000139 -0.000000 10.555958 -9.019011 -8.056959 6.028312 1.930591 0.784160 5.840457 -0.063413 0.608624 0.000026 0.000630 0.000013 22.924046 -24.928534 -16.023888 9.150702 3.580255 3.443523 8.906279 -0.381441 2.883300 0.001283 0.000011 0.000001 0.000000 0.000000 0.000000 0.000000 0.000000 0.000000 -90.473701 -1.144948 12.024812 -49.273685 -6.156400 5.363101 -1.070174 -17.544802 94.672234 -38.569431 -47.346649 23.797525 -11.227619 1.923086 39.663689 -0.000019 -0.000007 -27.277338 0.000006 -0.000030 -18.907856 -0.000231 -0.000018 0.002623 -16.255165 17.787661 -5.155146 -10.782545 -0.744391 1.863637 -10.799503 0.246899 1.663581 0.000028 0.000805 -0.000001 -15.561581 7.290550 -6.865565 -10.956212 -0.912496 0.768897 -11.035815 0.078371 0.642964 0.001586 -0.000034 0.000114 -15.695053 -9.090844 -9.741859 -11.963056 1.844170 -1.155215 -11.789178 -0.118133 -0.878013 -0.000897 0.000010 -0.000013 -11.682451 -25.234070 -15.186098 -11.410818 3.544103 -3.526867 -11.598703 -0.374747 -2.922613 -0.000426 0.000015 -0.000025 0.000000 0.000000 0.000000 0.000000 0.000000 0.000000 -2.496953 7.711419 9.392595 -0.294626 -0.826681 19.127655 -1.000287 -1.775821 13.059501 -0.771663 0.777297 -20.190285 0.000000 0.000000 0.000000 0.000000 0.000000 0.000000 0.000000 0.000000 0.000000 9.977229 13.240075 19.624239 0.328192 1.220427 13.181965 -6.355765 14.319366 12.072958 0.978376 -1.201977 -18.248417 0.000000 0.000000 0.000000 0.000000 0.000000 0.000000 0.000000 0.000000 0.000000 
-7.630805 87.032562 38.291119 -0.553567 -9.087243 -16.726358 -0.820067 0.269788 8.739484 -0.279595 0.262962 2.444241 3.770507 -2.232083 7.516537 2.742154 -0.488305 3.758980 -8.171013 6.492706 7.421962 1.102708 4.306063 -3.399539 -2.083245 -0.595883 -22.410414 0.000000 0.000000 0.000000 88.639626 0.817072 8.001240 50.576786 12.618639 5.700750 1.217151 25.126297 63.556335 52.055939 51.675995 31.519526 7.571192 -1.495883 41.320789 0.000010 -0.000007 -18.410198 -0.000021 0.000029 -12.820819 -0.000006 0.000011 0.000009 -0.451061 17.172140 1.004158 2.397397 -0.954463 -0.640660 2.348075 0.041624 -0.603014 0.000002 -0.000006 -0.000002 1.093000 7.099922 -3.451592 2.982279 -0.984638 -0.378294 3.237278 0.018998 -0.303161 -0.000017 0.000153 -0.000001 11.002703 -9.030859 -8.159730 6.353857 1.921362 0.818448 6.183444 -0.071201 0.633632 0.000025 0.000620 0.000013 23.456720 -24.900951 -16.092749 9.473260 3.547254 3.545689 9.233297 -0.406802 2.968395 0.001290 0.000011 0.000003 0.000000 0.000000 0.000000 0.000000 0.000000 0.000000 -90.445045 -1.142429 12.055980 -49.490574 -5.791598 5.169685 -1.017269 -17.489450 94.758949 -39.011429 -46.778496 24.002987 -11.295897 1.925091 39.639004 -0.000020 -0.000007 -27.446636 0.000009 -0.000029 -19.018072 -0.000235 -0.000019 0.002577 -16.570864 17.808735 -5.220038 -11.113617 -0.731354 1.924282 -11.118327 0.259035 1.717312 0.000028 0.000889 -0.000001 -15.834205 7.300480 -6.926939 -11.274466 -0.906904 0.790683 -11.354482 0.082705 0.661109 0.001533 -0.000034 0.000115 -15.988789 -9.104860 -9.823547 -12.279249 1.834512 -1.185233 -12.113444 -0.123444 -0.899592 -0.001000 0.000010 -0.000012 -11.951230 -25.283300 -15.275068 -11.714252 3.522624 -3.606887 -11.902606 -0.391479 -2.987085 -0.000422 0.000015 -0.000025 0.000000 0.000000 0.000000 0.000000 0.000000 0.000000 -1.945303 7.432617 9.625145 -0.281101 -0.785526 19.064024 -1.254783 -2.179121 12.959480 -0.730827 0.783068 -20.100050 0.000000 0.000000 0.000000 0.000000 0.000000 0.000000 0.000000 0.000000 0.000000 10.538645 12.964391 19.431023 0.336188 1.247112 13.442839 -6.651268 14.134598 12.114748 1.028895 -1.201820 -18.232368 0.000000 0.000000 0.000000 0.000000 0.000000 0.000000 0.000000 0.000000 0.000000 
-8.108234 87.030838 38.320114 -0.774746 -8.703880 -16.735224 -0.750270 0.244483 8.814120 -0.347204 0.259244 2.368742 3.947926 -2.523715 7.654300 2.840852 -0.597078 3.753434 -8.259690 6.485995 7.317211 1.096208 4.323191 -3.426580 -2.134158 -0.618318 -22.399399 0.000000 0.000000 0.000000 88.764923 0.772588 7.832781 51.446640 12.681124 5.124303 1.198086 25.080288 64.257301 53.509205 51.963646 32.797146 7.664444 -1.497950 41.293510 0.000007 -0.000006 -18.604063 -0.000020 0.000030 -12.947440 -0.000006 0.000011 0.000010 -0.176099 17.212849 0.822634 2.682635 -0.940065 -0.690543 2.624383 0.056292 -0.649114 0.000000 -0.000006 -0.000002 1.413895 7.118098 -3.575607 3.279365 -0.978474 -0.399318 3.533051 0.023953 -0.320661 -0.000017 0.000165 -0.000001 11.474589 -9.043731 -8.256720 6.696012 1.911844 0.853968 6.542732 -0.079165 0.659575 0.000025 0.000597 0.000014 24.024366 -24.871920 -16.154692 9.821038 3.513413 3.652707 9.584744 -0.432897 3.056669 0.001301 0.000011 0.000004 0.000000 0.000000 0.000000 0.000000 0.000000 0.000000 -90.442207 -1.143133 12.088498 -49.831619 -5.551781 5.036228 -0.966516 -17.474329 94.811859 -39.513313 -46.289459 24.260061 -11.348530 1.925511 39.621490 -0.000020 -0.000006 -27.577517 0.000014 -0.000029 -19.102381 -0.000229 -0.000020 0.002517 -16.796021 17.829254 -5.255460 -11.387195 -0.719147 1.979868 -11.380486 0.270435 1.766685 0.000028 0.000955 -0.000000 -16.039501 7.309816 -6.971733 -11.538775 -0.901608 0.810775 -11.618520 0.086766 0.677792 0.001465 -0.000034 0.000116 -16.233742 -9.118678 -9.906172 -12.554634 1.825255 -1.213007 -12.393541 -0.128464 -0.919346 -0.001095 0.000009 -0.000012 -12.180198 -25.330612 -15.388720 -11.987599 3.502091 -3.681118 -12.173407 -0.407438 -3.046172 -0.000422 0.000014 -0.000025 0.000000 0.000000 0.000000 0.000000 0.000000 0.000000 -1.413697 7.183049 9.836913 -0.267875 -0.744960 19.009182 -1.512271 -2.536069 12.863679 -0.690746 0.787025 -20.016249 0.000000 0.000000 0.000000 0.000000 0.000000 0.000000 0.000000 0.000000 0.000000 11.076049 12.701573 19.251326 0.343719 1.270743 13.706573 -6.941884 13.995318 12.155155 1.075388 -1.200111 -18.221844 0.000000 0.000000 0.000000 0.000000 0.000000 0.000000 0.000000 0.000000 0.000000 
-8.579365 87.025787 38.346027 -0.981114 -8.390676 -16.756189 -0.676282 0.218528 8.890139 -0.419550 0.256263 2.286553 4.127658 -2.800094 7.809370 2.928501 -0.696423 3.735727 -8.349786 6.492468 7.251791 1.086045 4.352082 -3.435069 -2.190181 -0.639351 -22.398193 0.000000 0.000000 0.000000 88.909866 0.733633 7.700264 52.325474 12.613085 4.650124 1.174667 24.961441 65.084152 54.947811 52.261692 34.115948 7.756069 -1.499912 41.266857 0.000006 -0.000006 -18.792175 -0.000019 0.000030 -13.071957 -0.000007 0.000011 0.000010 0.111600 17.251690 0.646001 2.960096 -0.925309 -0.741383 2.893177 0.071186 -0.695821 -0.000001 -0.000006 -0.000002 1.751140 7.135640 -3.689797 3.572239 -0.972232 -0.420562 3.823033 0.028998 -0.338443 -0.000018 0.000176 -0.000001 11.968201 -9.055959 -8.343936 7.040153 1.902190 0.890206 6.903007 -0.087194 0.686113 0.000024 0.000562 0.000014 24.612185 -24.840786 -16.203814 10.178865 3.479234 3.763278 9.944796 -0.459441 3.147154 0.001314 0.000011 0.000006 0.000000 0.000000 0.000000 0.000000 0.000000 0.000000 -90.471489 -1.146484 12.117340 -50.288216 -5.434080 4.954811 -0.915937 -17.507889 94.830482 -40.024712 -45.854275 24.536888 -11.391110 1.925696 39.607628 -0.000021 -0.000006 -27.685081 0.000020 -0.000029 -19.171173 -0.000216 -0.000021 0.002438 -16.972223 17.843479 -5.270406 -11.615593 -0.707761 2.030423 -11.597900 0.281023 1.811866 0.000029 0.001003 0.000000 -16.210640 7.316649 -7.004692 -11.760586 -0.896604 0.829260 -11.840296 0.090552 0.693203 0.001389 -0.000034 0.000117 -16.451313 -9.130343 -9.987821 -12.798124 1.816359 -1.238917 -12.639837 -0.133219 -0.937691 -0.001173 0.000009 -0.000012 -12.383196 -25.372484 -15.517195 -12.235806 3.482284 -3.751134 -12.418500 -0.422662 -3.101539 -0.000431 0.000014 -0.000025 0.000000 0.000000 0.000000 0.000000 0.000000 0.000000 -0.897985 6.966262 10.033722 -0.254853 -0.704879 18.958065 -1.774261 -2.843076 12.769349 -0.651292 0.789349 -19.937550 0.000000 0.000000 0.000000 0.000000 0.000000 0.000000 0.000000 0.000000 0.000000 11.593848 12.448915 19.091253 0.350917 1.291699 13.978083 -7.232049 13.903352 12.189858 1.118814 -1.197567 -18.217266 0.000000 0.000000 0.000000 0.000000 0.000000 0.000000 0.000000 0.000000 0.000000 
-9.044056 87.017517 38.370369 -1.175208 -8.152811 -16.789150 -0.592833 0.190709 8.965795 -0.494353 0.253960 2.197999 4.307868 -3.054384 7.975463 3.001012 -0.782621 3.709624 -8.439053 6.506650 7.234675 1.069301 4.383233 -3.421857 -2.249202 -0.658879 -22.407133 0.000000 0.000000 0.000000 89.069168 0.701526 7.604802 53.170361 12.370562 4.270862 1.149638 24.776150 66.020020 56.337559 52.573738 35.421253 7.843987 -1.502238 41.240780 0.000005 -0.000006 -18.972486 -0.000019 0.000030 -13.192435 -0.000007 0.000011 0.000010 0.410119 17.283258 0.475482 3.219594 -0.910966 -0.791045 3.143324 0.085481 -0.741197 -0.000002 -0.000005 -0.000002 2.096888 7.150445 -3.793323 3.849741 -0.966158 -0.441116 4.096223 0.033857 -0.355752 -0.000018 0.000184 -0.000001 12.466713 -9.065532 -8.421099 7.372789 1.892666 0.925843 7.250165 -0.094959 0.712277 0.000024 0.000514 0.000015 25.191839 -24.806425 -16.238102 10.531323 3.445696 3.873728 10.297888 -0.485367 3.237018 0.001325 0.000011 0.000007 0.000000 0.000000 0.000000 0.000000 0.000000 0.000000 -90.532700 -1.150939 12.136078 -50.852230 -5.429584 4.915974 -0.865648 -17.591232 94.818756 -40.492134 -45.475014 24.806940 -11.426405 1.926560 39.595379 -0.000021 -0.000006 -27.777668 0.000027 -0.000028 -19.230076 -0.000200 -0.000022 0.002341 -17.122301 17.846701 -5.279351 -11.804552 -0.697574 2.074037 -11.775721 0.290324 1.851029 0.000029 0.001038 0.000000 -16.363958 7.319479 -7.034144 -11.944906 -0.892030 0.845336 -12.025688 0.093919 0.706781 0.001312 -0.000034 0.000117 -16.649498 -9.138172 -10.069066 -13.013004 1.807973 -1.262182 -12.856852 -0.137516 -0.954086 -0.001226 0.000009 -0.000012 -12.565005 -25.405636 -15.650507 -12.459581 3.463567 -3.815208 -12.640591 -0.436630 -3.152024 -0.000449 0.000013 -0.000025 0.000000 0.000000 0.000000 0.000000 0.000000 0.000000 -0.391325 6.787776 10.215710 -0.241981 -0.665016 18.909908 -2.043475 -3.099190 12.675144 -0.611926 0.789964 -19.863115 0.000000 0.000000 0.000000 0.000000 0.000000 0.000000 0.000000 0.000000 0.000000 12.097534 12.203439 18.956511 0.357929 1.310513 14.256586 -7.526124 13.858882 12.216776 1.160247 -1.194610 -18.218893 0.000000 0.000000 0.000000 0.000000 0.000000 0.000000 0.000000 0.000000 0.000000 
-9.502224 87.006546 38.393871 -1.358084 -7.991736 -16.831896 -0.496910 0.160347 9.037508 -0.570764 0.252421 2.108116 4.486576 -3.281458 8.145494 3.054658 -0.854353 3.680488 -8.522005 6.522271 7.267854 1.043962 4.408646 -3.388826 -2.307939 -0.675708 -22.426113 0.000000 0.000000 0.000000 89.233322 0.676802 7.546956 53.954937 11.924043 3.961035 1.124746 24.532955 67.085503 57.676880 52.878090 36.686020 7.926705 -1.504926 41.215721 0.000005 -0.000006 -19.143311 -0.000019 0.000031 -13.306935 -0.000007 0.000010 0.000011 0.718355 17.305084 0.307383 3.461048 -0.897492 -0.838218 3.374465 0.098677 -0.784075 -0.000002 -0.000004 -0.000004 2.443587 7.161677 -3.891557 4.110416 -0.960401 -0.460369 4.351826 0.038344 -0.372043 -0.000018 0.000189 -0.000000 12.952498 -9.071795 -8.496088 7.688879 1.883456 0.959740 7.578754 -0.102210 0.737224 0.000023 0.000451 0.000015 25.737446 -24.769442 -16.265125 10.869276 3.413592 3.980273 10.635201 -0.509762 3.323509 0.001330 0.000011 0.000007 0.000000 0.000000 0.000000 0.000000 0.000000 0.000000 -90.619606 -1.155041 12.137361 -51.512955 -5.530808 4.912970 -0.818156 -17.718662 94.797020 -40.886696 -45.161873 25.061890 -11.454387 1.928183 39.584675 -0.000022 -0.000006 -27.856146 0.000037 -0.000028 -19.279507 -0.000179 -0.000023 0.002236 -17.245058 17.838169 -5.295183 -11.952859 -0.688977 2.108860 -11.912165 0.297920 1.882278 0.000029 0.001064 0.000001 -16.495691 7.318138 -7.068276 -12.089860 -0.888039 0.858162 -12.173186 0.096723 0.717870 0.001242 -0.000034 0.000116 -16.819187 -9.141653 -10.153868 -13.195013 1.800319 -1.281757 -13.041133 -0.141147 -0.967725 -0.001261 0.000009 -0.000012 -12.716143 -25.428604 -15.785509 -12.653665 3.446544 -3.870292 -12.835100 -0.448769 -3.195265 -0.000477 0.000012 -0.000025 0.000000 0.000000 0.000000 0.000000 0.000000 0.000000 0.111793 6.652549 10.379711 -0.229260 -0.625235 18.866470 -2.322508 -3.303425 12.581567 -0.572228 0.788677 -19.792923 0.000000 0.000000 0.000000 0.000000 0.000000 0.000000 0.000000 0.000000 0.000000 12.590137 11.962632 18.848913 0.364874 1.327490 14.538619 -7.825640 13.862240 12.238843 1.200203 -1.190987 -18.227781 0.000000 0.000000 0.000000 0.000000 0.000000 0.000000 0.000000 0.000000 0.000000 
-9.953300 86.993675 38.416729 -1.530395 -7.904110 -16.880323 -0.386555 0.126990 9.102679 -0.648439 0.251992 2.018187 4.660421 -3.478818 8.313944 3.087911 -0.911626 3.650850 -8.596642 6.538268 7.349810 1.009630 4.426661 -3.338558 -2.364831 -0.688860 -22.453562 0.000000 0.000000 0.000000 89.393188 0.658956 7.523915 54.658962 11.264176 3.701761 1.101516 24.238453 68.286110 58.953709 53.138050 37.876770 8.004156 -1.507890 41.191822 0.000006 -0.000005 -19.305462 -0.000019 0.000031 -13.415318 -0.000007 0.000010 0.000011 1.033061 17.317913 0.143023 3.689724 -0.884957 -0.883342 3.592165 0.110759 -0.824895 -0.000002 -0.000003 -0.000005 2.784325 7.169868 -3.986418 4.358732 -0.954986 -0.478462 4.595141 0.042453 -0.387434 -0.000018 0.000193 0.000001 13.410180 -9.076106 -8.573982 7.991077 1.874578 0.991840 7.891237 -0.108929 0.760942 0.000022 0.000375 0.000016 26.229206 -24.735346 -16.291311 11.192040 3.383214 4.082016 10.956614 -0.532410 3.406149 0.001325 0.000011 0.000006 0.000000 0.000000 0.000000 0.000000 0.000000 0.000000 -90.725258 -1.157991 12.117635 -52.244377 -5.723874 4.943297 -0.776463 -17.879559 94.760399 -41.185108 -44.937893 25.291658 -11.475219 1.930226 39.575878 -0.000022 -0.000005 -27.919909 0.000049 -0.000027 -19.319204 -0.000152 -0.000024 0.002125 -17.328512 17.820574 -5.316135 -12.058070 -0.682056 2.135024 -12.004614 0.303771 1.905646 0.000030 0.001083 0.000001 -16.594028 7.313659 -7.104631 -12.192515 -0.884688 0.867697 -12.279580 0.098953 0.726439 0.001188 -0.000033 0.000116 -16.945402 -9.141752 -10.238653 -13.338793 1.793578 -1.297423 -13.187723 -0.144038 -0.978488 -0.001283 0.000009 -0.000012 -12.822926 -25.443546 -15.916133 -12.812726 3.431661 -3.915323 -12.997020 -0.458860 -3.230674 -0.000509 0.000012 -0.000025 0.000000 0.000000 0.000000 0.000000 0.000000 0.000000 0.614576 6.559581 10.525050 -0.216634 -0.585446 18.826134 -2.613597 -3.456241 12.491303 -0.531765 0.785200 -19.728107 0.000000 0.000000 0.000000 0.000000 0.000000 0.000000 0.000000 0.000000 0.000000 13.072444 11.723526 18.764008 0.371828 1.342716 14.824263 -8.129787 13.910332 12.260005 1.238844 -1.186512 -18.246540 0.000000 0.000000 0.000000 0.000000 0.000000 0.000000 0.000000 0.000000 0.000000 
-10.395668 86.979721 38.438416 -1.691376 -7.880589 -16.929783 -0.261568 0.091028 9.159688 -0.725711 0.253066 1.928784 4.823405 -3.644268 8.475469 3.101145 -0.955094 3.623173 -8.663234 6.555310 7.477385 0.967610 4.438221 -3.272269 -2.418801 -0.698136 -22.486685 0.000000 0.000000 0.000000 89.540527 0.647264 7.530910 55.270203 10.402410 3.479232 1.080617 23.904587 69.610985 60.151131 53.315929 38.959568 8.077437 -1.511029 41.168869 0.000007 -0.000005 -19.461861 -0.000020 0.000031 -13.519105 -0.000008 0.000010 0.000012 1.351905 17.324181 -0.017809 3.913054 -0.873144 -0.927727 3.804230 0.122060 -0.864937 -0.000001 -0.000003 -0.000006 3.115973 7.176152 -4.079961 4.601557 -0.949835 -0.495935 4.833581 0.046292 -0.402385 -0.000018 0.000195 0.000001 13.833822 -9.080434 -8.657804 8.286027 1.865932 1.022653 8.194271 -0.115257 0.783839 0.000021 0.000285 0.000016 26.660852 -24.709929 -16.321236 11.504104 3.354436 4.179657 11.266973 -0.553635 3.485685 0.001312 0.000011 0.000005 0.000000 0.000000 0.000000 0.000000 0.000000 0.000000 -90.841881 -1.159337 12.077634 -53.009918 -5.986790 5.006170 -0.743216 -18.062172 94.687904 -41.374649 -44.836857 25.484352 -11.488424 1.932080 39.569828 -0.000023 -0.000004 -27.966702 0.000062 -0.000027 -19.347721 -0.000122 -0.000025 0.002011 -17.358253 17.798330 -5.335646 -12.118865 -0.676624 2.153927 -12.051889 0.308143 1.922424 0.000030 0.001095 0.000001 -16.644606 7.307644 -7.136847 -12.250957 -0.881944 0.874427 -12.342616 0.100698 0.732849 0.001153 -0.000033 0.000115 -17.012962 -9.140100 -10.316431 -13.440320 1.787819 -1.309542 -13.292851 -0.146243 -0.986695 -0.001301 0.000008 -0.000012 -12.872823 -25.454082 -16.034315 -12.933169 3.419043 -3.950700 -13.122915 -0.467019 -3.258816 -0.000543 0.000011 -0.000025 0.000000 0.000000 0.000000 0.000000 0.000000 0.000000 1.114521 6.501235 10.653163 -0.204083 -0.545781 18.785400 -2.915435 -3.564274 12.406685 -0.490747 0.779410 -19.668283 0.000000 0.000000 0.000000 0.000000 0.000000 0.000000 0.000000 0.000000 0.000000 13.540065 11.482934 18.692039 0.378775 1.356079 15.116333 -8.434044 13.998690 12.284887 1.275966 -1.180971 -18.276888 0.000000 0.000000 0.000000 0.000000 0.000000 0.000000 0.000000 0.000000 0.000000 
-10.827462 86.965630 38.458282 -1.838889 -7.906050 -16.977365 -0.125353 0.053428 9.207724 -0.799491 0.255274 1.842466 4.968213 -3.776344 8.626380 3.096116 -0.986587 3.600248 -8.717797 6.571657 7.645659 0.920671 4.445296 -3.190732 -2.468072 -0.703318 -22.523174 0.000000 0.000000 0.000000 89.666847 0.641979 7.561668 55.792221 9.374111 3.272551 1.060941 23.544373 71.053749 61.281982 53.376881 39.927902 8.150784 -1.514698 41.145039 0.000008 -0.000005 -19.622709 -0.000021 0.000031 -13.625344 -0.000008 0.000010 0.000012 1.689238 17.325081 -0.181551 4.136714 -0.861620 -0.972471 4.017249 0.133104 -0.905253 -0.000001 -0.000002 -0.000007 3.454308 7.180888 -4.179043 4.843921 -0.944805 -0.513286 5.072502 0.050033 -0.417291 -0.000017 0.000195 0.000002 14.239964 -9.084704 -8.752224 8.577528 1.857364 1.052583 8.492103 -0.121407 0.806240 0.000019 0.000184 0.000016 27.052515 -24.691072 -16.359510 11.808008 3.326800 4.274016 11.568964 -0.574075 3.563031 0.001292 0.000011 0.000005 0.000000 0.000000 0.000000 0.000000 0.000000 0.000000 -90.958946 -1.160477 12.021556 -53.778343 -6.300912 5.100151 -0.719813 -18.253002 94.571930 -41.469551 -44.877995 25.642759 -11.493320 1.933222 39.567158 -0.000023 -0.000004 -27.994486 0.000075 -0.000026 -19.363634 -0.000086 -0.000025 0.001894 -17.324690 17.775408 -5.349741 -12.135141 -0.672282 2.167432 -12.054523 0.311516 1.934328 0.000030 0.001099 0.000001 -16.638554 7.301382 -7.161342 -12.265101 -0.879686 0.879076 -12.361783 0.102105 0.737620 0.001142 -0.000032 0.000115 -17.016247 -9.137723 -10.382048 -13.497381 1.782949 -1.318861 -13.354305 -0.147931 -0.992886 -0.001320 0.000008 -0.000012 -12.862916 -25.461742 -16.134401 -13.012688 3.408410 -3.977741 -13.209689 -0.473701 -3.280738 -0.000577 0.000010 -0.000026 0.000000 0.000000 0.000000 0.000000 0.000000 0.000000 1.604081 6.463967 10.768667 -0.191721 -0.506796 18.740601 -3.223091 -3.636953 12.328121 -0.450073 0.771743 -19.611275 0.000000 0.000000 0.000000 0.000000 0.000000 0.000000 0.000000 0.000000 0.000000 13.986010 11.239944 18.621847 0.385647 1.367298 15.415943 -8.731628 14.119669 12.319408 1.311136 -1.173801 -18.319122 0.000000 0.000000 0.000000 0.000000 0.000000 0.000000 0.000000 0.000000 0.000000 
-11.246993 86.952316 38.476109 -1.971735 -7.963208 -17.021944 0.017242 0.015214 9.247291 -0.866591 0.257882 1.759668 5.088577 -3.876090 8.765323 3.076706 -1.007837 3.583041 -8.759723 6.586423 7.846330 0.871621 4.450284 -3.096186 -2.512373 -0.704992 -22.560572 0.000000 0.000000 0.000000 89.767036 0.642895 7.609252 56.241070 8.225398 3.067421 1.040176 23.166304 72.592758 62.368488 53.307617 40.792660 8.229087 -1.519485 41.117939 0.000009 -0.000005 -19.799839 -0.000021 0.000031 -13.742761 -0.000008 0.000010 0.000012 2.060923 17.321526 -0.347915 4.364143 -0.850219 -1.017684 4.235556 0.144133 -0.945950 -0.000001 -0.000001 -0.000009 3.817218 7.184210 -4.284361 5.088979 -0.939858 -0.530655 5.314865 0.053761 -0.432256 -0.000017 0.000193 0.000003 14.648005 -9.088069 -8.855742 8.867334 1.848877 1.081717 8.786862 -0.127483 0.828183 0.000018 0.000077 0.000016 27.428423 -24.674374 -16.405693 12.105068 3.300200 4.365325 11.863955 -0.594046 3.638443 0.001268 0.000011 0.000005 0.000000 0.000000 0.000000 0.000000 0.000000 0.000000 -91.067268 -1.163456 11.955925 -54.525345 -6.644144 5.220705 -0.705829 -18.438042 94.405312 -41.479111 -45.072609 25.769482 -11.490979 1.933537 39.567497 -0.000024 -0.000003 -28.005297 0.000088 -0.000026 -19.368664 -0.000046 -0.000025 0.001770 -17.230621 17.754530 -5.351661 -12.111211 -0.668677 2.177224 -12.017638 0.314323 1.942947 0.000030 0.001097 0.000001 -16.578932 7.295721 -7.172112 -12.239860 -0.877809 0.882331 -12.341436 0.103315 0.741251 0.001152 -0.000031 0.000115 -16.964062 -9.135327 -10.426982 -13.513693 1.778899 -1.326218 -13.375546 -0.149274 -0.997626 -0.001343 0.000008 -0.000012 -12.803856 -25.467712 -16.207825 -13.054392 3.399477 -3.998436 -13.259316 -0.479382 -3.297862 -0.000607 0.000009 -0.000026 0.000000 0.000000 0.000000 0.000000 0.000000 0.000000 2.075187 6.431702 10.877865 -0.179688 -0.469126 18.687637 -3.530977 -3.683255 12.256316 -0.410320 0.762773 -19.555700 0.000000 0.000000 0.000000 0.000000 0.000000 0.000000 0.000000 0.000000 0.000000 14.405508 10.996224 18.544121 0.392369 1.376436 15.721992 -9.017097 14.260882 12.367027 1.344568 -1.164840 -18.373234 0.000000 0.000000 0.000000 0.000000 0.000000 0.000000 0.000000 0.000000 0.000000 
-11.652219 86.940300 38.491875 -2.090075 -8.036197 -17.062588 0.163044 -0.022583 9.279827 -0.924351 0.260556 1.677889 5.180849 -3.946238 8.891842 3.048142 -1.019644 3.570583 -8.798202 6.602726 8.068764 0.822440 4.454995 -2.991631 -2.553555 -0.705165 -22.594727 0.000000 0.000000 0.000000 89.841614 0.648359 7.667048 56.627674 6.999050 2.865592 1.016301 22.776360 74.186577 63.410168 53.119976 41.553818 8.314247 -1.525752 41.086380 0.000010 -0.000006 -19.997917 -0.000022 0.000031 -13.875073 -0.000008 0.000009 0.000013 2.466517 17.314873 -0.512783 4.597756 -0.839090 -1.063352 4.461408 0.155055 -0.987015 -0.000001 -0.000000 -0.000010 4.206689 7.186510 -4.391367 5.339528 -0.935034 -0.548117 5.562840 0.057457 -0.447357 -0.000016 0.000190 0.000003 15.064929 -9.090422 -8.961823 9.159192 1.840556 1.110333 9.082176 -0.133476 0.849803 0.000017 -0.000026 0.000016 27.799429 -24.658543 -16.454500 12.399316 3.274836 4.454194 12.155747 -0.613471 3.712255 0.001241 0.000010 0.000004 0.000000 0.000000 0.000000 0.000000 0.000000 0.000000 -91.162384 -1.168912 11.886918 -55.226398 -6.985897 5.356261 -0.700299 -18.607553 94.173042 -41.392349 -45.428207 25.847570 -11.483711 1.933240 39.569756 -0.000024 -0.000003 -28.004204 0.000100 -0.000026 -19.366692 -0.000005 -0.000025 0.001638 -17.088619 17.737144 -5.334612 -12.056513 -0.665586 2.184824 -11.951139 0.316821 1.949759 0.000030 0.001090 0.000001 -16.476196 7.291192 -7.162374 -12.185045 -0.876225 0.884783 -12.291174 0.104421 0.744207 0.001181 -0.000031 0.000114 -16.872623 -9.133473 -10.442794 -13.499492 1.775600 -1.332411 -13.366675 -0.150381 -1.001489 -0.001368 0.000008 -0.000012 -12.714966 -25.473169 -16.245678 -13.068356 3.392002 -4.015300 -13.281541 -0.484368 -3.312093 -0.000628 0.000009 -0.000026 0.000000 0.000000 0.000000 0.000000 0.000000 0.000000 2.521356 6.391147 10.984696 -0.168060 -0.433119 18.623039 -3.833948 -3.712129 12.192072 -0.371813 0.752718 -19.500837 0.000000 0.000000 0.000000 0.000000 0.000000 0.000000 0.000000 0.000000 0.000000 14.795761 10.754595 18.453091 0.398864 1.384012 16.032675 -9.287336 14.410692 12.426608 1.377002 -1.154735 -18.438360 0.000000 0.000000 0.000000 0.000000 0.000000 0.000000 0.000000 0.000000 0.000000 
-12.041466 86.929672 38.506081 -2.194690 -8.112000 -17.098866 0.309209 -0.059083 9.306028 -0.970309 0.262531 1.595540 5.244827 -3.988807 9.006592 3.015744 -1.022565 3.561535 -8.840070 6.622973 8.305872 0.774586 4.460656 -2.879088 -2.593170 -0.705376 -22.622784 0.000000 0.000000 0.000000 89.893234 0.656839 7.728943 56.961159 5.728550 2.671914 0.987910 22.376305 75.805916 64.398880 52.828838 42.215118 8.407456 -1.533726 41.049599 0.000010 -0.000006 -20.219603 -0.000022 0.000031 -14.024597 -0.000009 0.000009 0.000013 2.904144 17.305841 -0.675270 4.837533 -0.828361 -1.109352 4.694343 0.165774 -1.028316 -0.000001 -0.000000 -0.000010 4.623713 7.187854 -4.496912 5.595396 -0.930356 -0.565689 5.815679 0.061102 -0.462598 -0.000015 0.000186 0.000003 15.495433 -9.091155 -9.064010 9.452352 1.832467 1.138591 9.377272 -0.139382 0.871162 0.000016 -0.000118 0.000016 28.171122 -24.641352 -16.498865 12.689352 3.250844 4.541009 12.442781 -0.632249 3.784591 0.001210 0.000010 0.000004 0.000000 0.000000 0.000000 0.000000 0.000000 0.000000 -91.243088 -1.176893 11.817656 -55.864468 -7.298363 5.493509 -0.702143 -18.759022 93.873085 -41.197086 -45.934708 25.862867 -11.473865 1.932624 39.572842 -0.000025 -0.000002 -27.996769 0.000111 -0.000026 -19.361710 0.000033 -0.000025 0.001500 -16.914612 17.724073 -5.298954 -11.980333 -0.662844 2.191381 -11.864502 0.319198 1.955806 0.000030 0.001079 0.000001 -16.344307 7.288064 -7.130399 -12.110218 -0.874867 0.886892 -12.220453 0.105496 0.746834 0.001226 -0.000030 0.000113 -16.760532 -9.132404 -10.424181 -13.464885 1.772962 -1.338124 -13.337692 -0.151353 -1.004970 -0.001392 0.000008 -0.000012 -12.617664 -25.478474 -16.239824 -13.064186 3.385709 -4.030618 -13.285643 -0.488964 -3.325103 -0.000638 0.000008 -0.000027 0.000000 0.000000 0.000000 0.000000 0.000000 0.000000 2.938786 6.335179 11.092221 -0.156886 -0.398944 18.544456 -4.127662 -3.730395 12.134720 -0.334886 0.741747 -19.446020 0.000000 0.000000 0.000000 0.000000 0.000000 0.000000 0.000000 0.000000 0.000000 15.156046 10.518143 18.347261 0.405085 1.390598 16.344904 -9.541368 14.560931 12.494688 1.408991 -1.144158 -18.512943 0.000000 0.000000 0.000000 0.000000 0.000000 0.000000 0.000000 0.000000 0.000000 
-12.413400 86.920135 38.519051 -2.285301 -8.180809 -17.130835 0.452721 -0.093689 9.326006 -1.002854 0.262893 1.514712 5.282669 -4.005625 9.110715 2.982927 -1.017597 3.555798 -8.887362 6.646363 8.555593 0.729042 4.466231 -2.758917 -2.630998 -0.706379 -22.644478 0.000000 0.000000 0.000000 89.923775 0.667857 7.791761 57.256020 4.447735 2.484284 0.953340 21.964380 77.440979 65.329346 52.447948 42.789539 8.509070 -1.543388 41.007343 0.000010 -0.000006 -20.465746 -0.000022 0.000031 -14.192013 -0.000009 0.000009 0.000013 3.374548 17.294600 -0.838025 5.086532 -0.817806 -1.156617 4.937180 0.176466 -1.070717 -0.000001 0.000000 -0.000011 5.071218 7.188122 -4.601542 5.859363 -0.925704 -0.583766 6.075939 0.064760 -0.478292 -0.000015 0.000182 0.000003 15.945146 -9.089448 -9.161064 9.747956 1.824464 1.167035 9.673328 -0.145285 0.892659 0.000015 -0.000195 0.000015 28.548136 -24.619551 -16.535637 12.974319 3.227855 4.627080 12.724274 -0.650551 3.856525 0.001174 0.000010 0.000005 0.000000 0.000000 0.000000 0.000000 0.000000 0.000000 -91.306816 -1.187835 11.748118 -56.440430 -7.573260 5.622780 -0.711197 -18.891312 93.533363 -40.901711 -46.562538 25.818567 -11.461681 1.931767 39.576660 -0.000025 -0.000002 -27.983738 0.000120 -0.000026 -19.354095 0.000073 -0.000025 0.001357 -16.716021 17.715769 -5.249229 -11.886131 -0.660278 2.197825 -11.761080 0.321609 1.961933 0.000030 0.001069 0.000000 -16.190514 7.286398 -7.079986 -12.019130 -0.873641 0.889045 -12.133213 0.106601 0.749437 0.001287 -0.000029 0.000113 -16.639301 -9.131942 -10.375553 -13.414626 1.770783 -1.344017 -13.293241 -0.152297 -1.008532 -0.001415 0.000008 -0.000012 -12.524571 -25.482332 -16.194748 -13.046572 3.380141 -4.046481 -13.275712 -0.493519 -3.338415 -0.000637 0.000007 -0.000027 0.000000 0.000000 0.000000 0.000000 0.000000 0.000000 3.323896 6.258956 11.200169 -0.146278 -0.366872 18.456217 -4.407840 -3.742993 12.080800 -0.300054 0.730049 -19.391079 0.000000 0.000000 0.000000 0.000000 0.000000 0.000000 0.000000 0.000000 0.000000 15.484713 10.289564 18.225855 0.410956 1.396396 16.655653 -9.777864 14.707043 12.570062 1.440492 -1.133265 -18.595387 0.000000 0.000000 0.000000 0.000000 0.000000 0.000000 0.000000 0.000000 0.000000 
-12.766863 86.911041 38.530849 -2.361668 -8.236368 -17.157854 0.591564 -0.126225 9.339765 -1.021315 0.260938 1.437252 5.296463 -3.999943 9.204958 2.952466 -1.005897 3.552438 -8.942731 6.674309 8.814988 0.686718 4.472301 -2.632455 -2.667466 -0.708923 -22.659517 0.000000 0.000000 0.000000 89.935738 0.680529 7.855144 57.526287 3.181149 2.307516 0.911979 21.543104 79.076836 66.177017 51.996643 43.266087 8.618387 -1.554561 40.959896 0.000010 -0.000006 -20.734755 -0.000022 0.000031 -14.376057 -0.000010 0.000009 0.000014 3.874102 17.281750 -1.003856 5.348466 -0.807226 -1.206332 5.193293 0.187288 -1.115327 -0.000002 0.000001 -0.000012 5.547622 7.187443 -4.705753 6.135271 -0.920970 -0.602803 6.347388 0.068479 -0.494833 -0.000014 0.000177 0.000003 16.416714 -9.085126 -9.252244 10.049552 1.816414 1.196337 9.973841 -0.151247 0.914773 0.000013 -0.000255 0.000015 28.933493 -24.591661 -16.563059 13.256497 3.205577 4.713869 13.002476 -0.668484 3.929257 0.001136 0.000010 0.000005 0.000000 0.000000 0.000000 0.000000 0.000000 0.000000 -91.352921 -1.202160 11.679392 -56.957912 -7.805341 5.735586 -0.727104 -19.005869 93.173721 -40.508522 -47.273209 25.704226 -11.447323 1.930721 39.581211 -0.000025 -0.000001 -27.965309 0.000129 -0.000026 -19.343910 0.000119 -0.000025 0.001215 -16.497866 17.712326 -5.187329 -11.777400 -0.657752 2.205030 -11.643925 0.324157 1.968987 0.000031 0.001062 0.000000 -16.019785 7.286183 -7.013776 -11.915273 -0.872456 0.891602 -12.033293 0.107788 0.752322 0.001360 -0.000029 0.000112 -16.517315 -9.131990 -10.302692 -13.353610 1.768889 -1.350640 -13.238259 -0.153295 -1.012584 -0.001437 0.000008 -0.000012 -12.444688 -25.483961 -16.118904 -13.021010 3.374988 -4.064615 -13.256982 -0.498255 -3.353427 -0.000626 0.000006 -0.000028 0.000000 0.000000 0.000000 0.000000 0.000000 0.000000 3.674059 6.158885 11.305991 -0.136308 -0.337045 18.362963 -4.671777 -3.753404 12.027934 -0.267731 0.717599 -19.336590 0.000000 0.000000 0.000000 0.000000 0.000000 0.000000 0.000000 0.000000 0.000000 15.780807 10.070765 18.088236 0.416426 1.401533 16.962463 -9.996445 14.845137 12.651203 1.471342 -1.122385 -18.684574 0.000000 0.000000 0.000000 0.000000 0.000000 0.000000 0.000000 0.000000 0.000000 
-13.101154 86.901733 38.541302 -2.423730 -8.275045 -17.179123 0.724336 -0.156780 9.347260 -1.025532 0.256064 1.365037 5.288059 -3.974779 9.289926 2.926058 -0.988756 3.551224 -9.005515 6.707067 9.083323 0.648147 4.479393 -2.499935 -2.702533 -0.713128 -22.668449 0.000000 0.000000 0.000000 89.929688 0.694728 7.919313 57.785896 1.949056 2.146133 0.863925 21.116785 80.702126 66.925095 51.494392 43.642368 8.734029 -1.566942 40.907993 0.000010 -0.000006 -21.023409 -0.000022 0.000031 -14.574045 -0.000010 0.000008 0.000014 4.398582 17.267870 -1.175273 5.627397 -0.796464 -1.259543 5.466642 0.198343 -1.163157 -0.000002 0.000001 -0.000012 6.049831 7.185971 -4.810383 6.427192 -0.916074 -0.623185 6.634210 0.072290 -0.512557 -0.000013 0.000171 0.000003 16.910191 -9.078281 -9.337878 10.360812 1.808233 1.226993 10.282657 -0.157289 0.937886 0.000012 -0.000300 0.000015 29.328394 -24.557190 -16.580965 13.538699 3.183836 4.802373 13.280261 -0.686060 4.003671 0.001096 0.000010 0.000006 0.000000 0.000000 0.000000 0.000000 0.000000 0.000000 -91.380257 -1.220748 11.612669 -57.428192 -7.992282 5.827082 -0.748939 -19.104465 92.814667 -40.029774 -48.027237 25.520262 -11.431166 1.929517 39.586445 -0.000025 -0.000000 -27.942217 0.000136 -0.000026 -19.331339 0.000170 -0.000024 0.001078 -16.265320 17.713711 -5.116162 -11.658595 -0.655156 2.213812 -11.516989 0.326909 1.977789 0.000031 0.001059 -0.000000 -15.837168 7.287364 -6.935822 -11.802714 -0.871234 0.894888 -11.925084 0.109092 0.755787 0.001441 -0.000028 0.000112 -16.400370 -9.132481 -10.213112 -13.286411 1.767135 -1.358444 -13.177355 -0.154408 -1.017478 -0.001456 0.000007 -0.000012 -12.382545 -25.482973 -16.022573 -12.992144 3.370045 -4.086209 -13.233953 -0.503278 -3.371161 -0.000604 0.000006 -0.000028 0.000000 0.000000 0.000000 0.000000 0.000000 0.000000 3.987793 6.031417 11.407264 -0.127022 -0.309541 18.268133 -4.917934 -3.764443 11.974764 -0.238293 0.704391 -19.283062 0.000000 0.000000 0.000000 0.000000 0.000000 0.000000 0.000000 0.000000 0.000000 16.044172 9.863330 17.933990 0.421480 1.406040 17.262476 -10.196905 14.972142 12.738193 1.501221 -1.111745 -18.779581 0.000000 0.000000 0.000000 0.000000 0.000000 0.000000 0.000000 0.000000 0.000000 
-13.415994 86.891701 38.550072 -2.472622 -8.295285 -17.192820 0.850641 -0.185695 9.347877 -1.016217 0.247928 1.298836 5.259178 -3.933097 9.363947 2.905314 -0.966887 3.551098 -9.073728 6.747077 9.356048 0.613678 4.490770 -2.363868 -2.737138 -0.718611 -22.670898 0.000000 0.000000 0.000000 89.905212 0.709976 7.984988 58.044746 0.762978 2.016239 0.810901 20.693417 82.288322 67.558746 50.957317 43.913162 8.853115 -1.579879 40.853344 0.000010 -0.000006 -21.324097 -0.000022 0.000031 -14.780484 -0.000010 0.000008 0.000014 4.934843 17.255686 -1.350969 5.924657 -0.785728 -1.316001 5.758430 0.209435 -1.214004 -0.000003 0.000001 -0.000013 6.565704 7.184651 -4.912576 6.736308 -0.911112 -0.644792 6.937544 0.076127 -0.531376 -0.000013 0.000165 0.000003 17.415932 -9.070225 -9.415215 10.682837 1.800113 1.258821 10.601242 -0.163311 0.961863 0.000011 -0.000327 0.000015 29.726515 -24.519222 -16.588533 13.822309 3.163100 4.891864 13.559008 -0.702926 4.079178 0.001058 0.000009 0.000006 0.000000 0.000000 0.000000 0.000000 0.000000 0.000000 -91.389221 -1.243853 11.551603 -57.860065 -8.121956 5.896850 -0.774760 -19.193459 92.454315 -39.469952 -48.788429 25.260878 -11.415348 1.928169 39.591709 -0.000026 0.000000 -27.918892 0.000142 -0.000026 -19.319275 0.000226 -0.000024 0.000947 -16.030592 17.720999 -5.037858 -11.538899 -0.652507 2.224745 -11.388769 0.329864 1.988945 0.000031 0.001058 -0.000001 -15.652853 7.290417 -6.848081 -11.689982 -0.869981 0.899140 -11.817076 0.110521 0.760038 0.001525 -0.000027 0.000112 -16.295521 -9.134281 -10.109803 -13.221325 1.765551 -1.367616 -13.118834 -0.155644 -1.023400 -0.001472 0.000007 -0.000012 -12.341299 -25.482063 -15.910634 -12.967267 3.365498 -4.111661 -13.214073 -0.508509 -3.392082 -0.000571 0.000005 -0.000029 0.000000 0.000000 0.000000 0.000000 0.000000 0.000000 4.265908 5.876327 11.501580 -0.118383 -0.284247 18.170639 -5.146310 -3.777641 11.922961 -0.211923 0.690416 -19.231108 0.000000 0.000000 0.000000 0.000000 0.000000 0.000000 0.000000 0.000000 0.000000 16.276579 9.667349 17.763033 0.426157 1.409950 17.554049 -10.380828 15.086284 12.829849 1.529867 -1.101762 -18.879951 0.000000 0.000000 0.000000 0.000000 0.000000 0.000000 0.000000 0.000000 0.000000 
-13.711344 86.880714 38.556988 -2.511163 -8.296558 -17.196758 0.971772 -0.213534 9.341509 -0.995587 0.236958 1.236987 5.211257 -3.877150 9.422805 2.890759 -0.939790 3.549203 -9.148063 6.801188 9.622129 0.583573 4.512598 -2.228934 -2.773155 -0.724505 -22.664537 0.000000 0.000000 0.000000 89.861717 0.726328 8.055614 58.304535 -0.371214 1.949803 0.756575 20.285299 83.780312 68.080208 50.399868 44.081955 8.968131 -1.592599 40.799442 0.000009 -0.000006 -21.617729 -0.000021 0.000031 -14.981534 -0.000011 0.000008 0.000014 5.456128 17.246222 -1.529039 6.232560 -0.775732 -1.374215 6.060966 0.219827 -1.266618 -0.000003 0.000001 -0.000013 7.069419 7.183741 -5.008887 7.054700 -0.906334 -0.667057 7.249521 0.079757 -0.550825 -0.000012 0.000158 0.000002 17.910271 -9.062001 -9.480589 11.009987 1.792427 1.291162 10.924468 -0.169004 0.986220 0.000010 -0.000335 0.000014 30.108141 -24.481806 -16.584671 14.104694 3.144418 4.980641 13.836065 -0.718113 4.154372 0.001022 0.000009 0.000007 0.000000 0.000000 0.000000 0.000000 0.000000 0.000000 -91.380379 -1.270804 11.504083 -58.257168 -8.174596 5.952580 -0.802677 -19.280590 92.065620 -38.821617 -49.537380 24.910881 -11.401767 1.926822 39.596134 -0.000026 0.000001 -27.899502 0.000146 -0.000027 -19.310303 0.000280 -0.000023 0.000819 -15.809566 17.733877 -4.958900 -11.427489 -0.649975 2.238082 -11.267598 0.332833 2.002861 0.000031 0.001053 -0.000001 -15.479116 7.295246 -6.755446 -11.585334 -0.868757 0.904471 -11.717087 0.112018 0.765189 0.001606 -0.000027 0.000112 -16.210154 -9.137551 -9.995625 -13.167292 1.764239 -1.378115 -13.071435 -0.156904 -1.030403 -0.001486 0.000007 -0.000012 -12.323998 -25.482786 -15.785453 -12.954613 3.361777 -4.140716 -13.205667 -0.513509 -3.416223 -0.000529 0.000004 -0.000030 0.000000 0.000000 0.000000 0.000000 0.000000 0.000000 4.511815 5.696789 11.588822 -0.110253 -0.260895 18.062464 -5.358419 -3.792590 11.877646 -0.188874 0.675813 -19.180393 0.000000 0.000000 0.000000 0.000000 0.000000 0.000000 0.000000 0.000000 0.000000 16.482250 9.482603 17.576775 0.430576 1.413307 17.838602 -10.551661 15.187951 12.923347 1.556884 -1.093029 -18.984760 0.000000 0.000000 0.000000 0.000000 0.000000 0.000000 0.000000 0.000000 0.000000 
-13.987299 86.868271 38.562347 -2.540932 -8.277537 -17.191364 1.088989 -0.240256 9.328106 -0.964853 0.223893 1.180039 5.145752 -3.804433 9.463126 2.879082 -0.906390 3.546888 -9.221691 6.867509 9.881409 0.557387 4.545413 -2.094676 -2.809580 -0.729273 -22.652077 0.000000 0.000000 0.000000 89.796700 0.746590 8.136001 58.568253 -1.436707 1.961606 0.702817 19.900560 85.145882 68.535080 49.846447 44.210312 9.076524 -1.604818 40.747662 0.000009 -0.000006 -21.896721 -0.000021 0.000031 -15.171777 -0.000011 0.000007 0.000014 5.957411 17.238438 -1.703783 6.542440 -0.766083 -1.434682 6.366600 0.229821 -1.321604 -0.000004 0.000002 -0.000013 7.557693 7.182749 -5.094319 7.373259 -0.901604 -0.690249 7.561072 0.083307 -0.571100 -0.000012 0.000151 0.000002 18.388540 -9.053279 -9.528410 11.333053 1.784966 1.324292 11.243818 -0.174527 1.011253 0.000009 -0.000328 0.000014 30.469236 -24.444950 -16.564024 14.378469 3.126978 5.070085 14.104508 -0.732315 4.230461 0.000992 0.000009 0.000008 0.000000 0.000000 0.000000 0.000000 0.000000 0.000000 -91.354469 -1.301362 11.475735 -58.625080 -8.145433 6.013440 -0.830194 -19.361998 91.664436 -38.111515 -50.265320 24.505047 -11.389307 1.925238 39.600330 -0.000026 0.000002 -27.882133 0.000149 -0.000027 -19.302258 0.000329 -0.000023 0.000691 -15.603050 17.752600 -4.885931 -11.321939 -0.647219 2.255119 -11.150865 0.336172 2.020735 0.000031 0.001040 -0.000002 -15.316737 7.301836 -6.664213 -11.485941 -0.867449 0.911415 -11.621586 0.113677 0.771663 0.001683 -0.000026 0.000113 -16.140024 -9.142259 -9.875831 -13.119740 1.762975 -1.390573 -13.029876 -0.158354 -1.039022 -0.001496 0.000007 -0.000012 -12.320242 -25.485804 -15.652481 -12.948292 3.358260 -4.174711 -13.202548 -0.518683 -3.444682 -0.000480 0.000003 -0.000030 0.000000 0.000000 0.000000 0.000000 0.000000 0.000000 4.728833 5.494922 11.669908 -0.102599 -0.239373 17.941961 -5.555658 -3.809800 11.840604 -0.169455 0.661042 -19.129421 0.000000 0.000000 0.000000 0.000000 0.000000 0.000000 0.000000 0.000000 0.000000 16.662077 9.308395 17.376598 0.434782 1.415844 18.118706 -10.709505 15.279686 13.018394 1.581468 -1.085254 -19.090851 0.000000 0.000000 0.000000 0.000000 0.000000 0.000000 0.000000 0.000000 0.000000 
-14.244308 86.853569 38.566418 -2.560221 -8.236260 -17.180212 1.201899 -0.265257 9.308445 -0.924942 0.209569 1.128251 5.063838 -3.711706 9.491452 2.865245 -0.867418 3.546434 -9.282311 6.935783 10.138095 0.535095 4.583916 -1.959738 -2.843353 -0.732528 -22.638334 0.000000 0.000000 0.000000 89.711578 0.773254 8.228358 58.835377 -2.392361 2.041564 0.649015 19.539019 86.391441 68.968994 49.312252 44.360630 9.178804 -1.616613 40.697960 0.000008 -0.000006 -22.161049 -0.000021 0.000031 -15.351315 -0.000011 0.000007 0.000014 6.440769 17.229883 -1.868933 6.844583 -0.755797 -1.498780 6.666699 0.240270 -1.380240 -0.000004 0.000002 -0.000014 8.035016 7.180698 -5.167392 7.683208 -0.896575 -0.714969 7.863632 0.087071 -0.592675 -0.000012 0.000142 0.000001 18.856405 -9.042834 -9.560019 11.642944 1.777227 1.358896 11.550519 -0.180240 1.037567 0.000008 -0.000315 0.000014 30.818300 -24.405039 -16.527918 14.635971 3.109071 5.162653 14.357324 -0.746993 4.309550 0.000966 0.000009 0.000009 0.000000 0.000000 0.000000 0.000000 0.000000 0.000000 -91.315247 -1.335600 11.468069 -58.965107 -8.044350 6.090453 -0.854920 -19.419804 91.311302 -37.421696 -50.931866 24.120676 -11.376917 1.923335 39.604839 -0.000026 0.000002 -27.864677 0.000151 -0.000027 -19.292765 0.000374 -0.000022 0.000564 -15.409285 17.776548 -4.822831 -11.219468 -0.643638 2.277679 -11.036625 0.340427 2.044100 0.000031 0.001019 -0.000002 -15.164499 7.309937 -6.581824 -11.389731 -0.865815 0.920652 -11.528524 0.115649 0.780019 0.001759 -0.000025 0.000114 -16.079960 -9.148085 -9.763868 -13.074544 1.761284 -1.405893 -12.989474 -0.160271 -1.049943 -0.001502 0.000007 -0.000012 -12.319505 -25.490583 -15.529355 -12.942083 3.353718 -4.215876 -13.198608 -0.524819 -3.479064 -0.000427 0.000003 -0.000031 0.000000 0.000000 0.000000 0.000000 0.000000 0.000000 4.917268 5.268903 11.745830 -0.095614 -0.219912 17.817820 -5.738105 -3.830381 11.806025 -0.153882 0.646594 -19.076141 0.000000 0.000000 0.000000 0.000000 0.000000 0.000000 0.000000 0.000000 0.000000 16.811031 9.143095 17.162786 0.438642 1.416972 18.396544 -10.849029 15.364071 13.117968 1.602732 -1.077375 -19.195419 0.000000 0.000000 0.000000 0.000000 0.000000 0.000000 0.000000 0.000000 0.000000 
-14.482697 86.836288 38.569675 -2.568901 -8.170239 -17.166586 1.310776 -0.288770 9.284309 -0.878605 0.195088 1.080756 4.965871 -3.600371 9.511903 2.846903 -0.823248 3.545587 -9.326949 7.002373 10.385108 0.516976 4.626185 -1.827341 -2.874073 -0.734944 -22.622116 0.000000 0.000000 0.000000 89.612152 0.805371 8.332267 59.099739 -3.201043 2.195848 0.596407 19.207624 87.480820 69.371857 48.824345 44.526115 9.271361 -1.627755 40.652012 0.000008 -0.000005 -22.400837 -0.000021 0.000031 -15.513468 -0.000012 0.000007 0.000014 6.884506 17.219685 -2.020434 7.123370 -0.744825 -1.565486 6.945767 0.251164 -1.441593 -0.000005 0.000002 -0.000014 8.481383 7.177210 -5.226833 7.969887 -0.891254 -0.740782 8.142827 0.091020 -0.615160 -0.000011 0.000133 0.000001 19.296455 -9.030606 -9.575981 11.927325 1.769199 1.394449 11.832406 -0.186085 1.064742 0.000007 -0.000298 0.000014 31.142628 -24.361856 -16.478752 14.868143 3.090597 5.257027 14.585373 -0.762207 4.390450 0.000947 0.000008 0.000009 0.000000 0.000000 0.000000 0.000000 0.000000 0.000000 -91.271568 -1.371422 11.481527 -59.272480 -7.870637 6.176535 -0.874188 -19.442434 91.038445 -36.788033 -51.497490 23.772188 -11.365526 1.921169 39.609299 -0.000026 0.000003 -27.848595 0.000153 -0.000027 -19.282974 0.000411 -0.000021 0.000445 -15.235026 17.804895 -4.770198 -11.124925 -0.638940 2.306620 -10.929960 0.345842 2.073580 0.000031 0.000992 -0.000003 -15.026425 7.319394 -6.511875 -11.301699 -0.863740 0.932432 -11.442495 0.117979 0.790461 0.001833 -0.000024 0.000114 -16.029509 -9.154914 -9.669558 -13.034323 1.758956 -1.424341 -12.952937 -0.162735 -1.063334 -0.001504 0.000006 -0.000012 -12.316850 -25.496840 -15.430820 -12.936415 3.347624 -4.265085 -13.194337 -0.532202 -3.519982 -0.000371 0.000002 -0.000031 0.000000 0.000000 0.000000 0.000000 0.000000 0.000000 5.078630 5.020183 11.820002 -0.089293 -0.202240 17.690952 -5.906413 -3.859125 11.774629 -0.142079 0.632221 -19.020866 0.000000 0.000000 0.000000 0.000000 0.000000 0.000000 0.000000 0.000000 0.000000 16.926256 8.985759 16.935455 0.442084 1.416415 18.676544 -10.965089 15.441152 13.222548 1.620023 -1.068987 -19.297798 0.000000 0.000000 0.000000 0.000000 0.000000 0.000000 0.000000 0.000000 0.000000 
-14.703081 86.816757 38.573364 -2.568076 -8.076177 -17.153429 1.416449 -0.311093 9.257312 -0.828522 0.181526 1.034701 4.853534 -3.472355 9.527560 2.823427 -0.774029 3.541314 -9.353517 7.062235 10.615067 0.503090 4.668828 -1.700512 -2.901438 -0.737550 -22.602058 0.000000 0.000000 0.000000 89.507408 0.840608 8.442667 59.349819 -3.826766 2.430921 0.546615 18.914371 88.377975 69.730682 48.420448 44.699535 9.351412 -1.637997 40.611221 0.000007 -0.000005 -22.608423 -0.000020 0.000032 -15.653237 -0.000012 0.000006 0.000013 7.268270 17.208492 -2.153327 7.363894 -0.733610 -1.631930 7.188557 0.262107 -1.503037 -0.000005 0.000003 -0.000014 8.877358 7.172587 -5.271047 8.219030 -0.885872 -0.766546 8.384589 0.095002 -0.637568 -0.000011 0.000122 0.000000 19.691576 -9.017328 -9.575611 12.174648 1.761205 1.429432 12.078218 -0.191844 1.091620 0.000006 -0.000277 0.000013 31.430401 -24.317163 -16.417196 15.068153 3.072264 5.349411 14.781570 -0.777460 4.469788 0.000938 0.000008 0.000010 0.000000 0.000000 0.000000 0.000000 0.000000 0.000000 -91.235474 -1.405996 11.512888 -59.543976 -7.624656 6.257729 -0.885904 -19.426001 90.871834 -36.265007 -51.927269 23.486359 -11.358214 1.919004 39.612469 -0.000026 0.000004 -27.840004 0.000153 -0.000027 -19.277437 0.000437 -0.000020 0.000336 -15.096149 17.836573 -4.733358 -11.045640 -0.633215 2.341131 -10.838380 0.352320 2.108208 0.000031 0.000960 -0.000004 -14.914390 7.330030 -6.460668 -11.229082 -0.861289 0.946376 -11.370241 0.120601 0.802636 0.001899 -0.000023 0.000114 -15.993946 -9.162781 -9.601479 -13.004143 1.756066 -1.445358 -12.925163 -0.165674 -1.078761 -0.001502 0.000006 -0.000012 -12.312136 -25.505209 -15.367146 -12.933804 3.340091 -4.321059 -13.192756 -0.540707 -3.566337 -0.000312 0.000001 -0.000032 0.000000 0.000000 0.000000 0.000000 0.000000 0.000000 5.216681 4.750979 11.898994 -0.083545 -0.185957 17.556482 -6.062190 -3.904120 11.747943 -0.134032 0.617465 -18.963667 0.000000 0.000000 0.000000 0.000000 0.000000 0.000000 0.000000 0.000000 0.000000 17.006647 8.834796 16.696865 0.445164 1.414485 18.960924 -11.054262 15.510880 13.330215 1.633074 -1.060026 -19.397131 0.000000 0.000000 0.000000 0.000000 0.000000 0.000000 0.000000 0.000000 0.000000 
-14.906705 86.795525 38.578754 -2.558851 -7.950602 -17.143324 1.518545 -0.332189 9.227984 -0.776685 0.169708 0.987864 4.731641 -3.330358 9.542381 2.795848 -0.720849 3.531972 -9.357724 7.106053 10.825571 0.493408 4.704460 -1.581064 -2.923783 -0.741434 -22.580372 0.000000 0.000000 0.000000 89.407387 0.875970 8.550388 59.572010 -4.229214 2.745997 0.500529 18.663103 89.070236 70.037460 48.135658 44.882656 9.417425 -1.647188 40.576256 0.000007 -0.000004 -22.780064 -0.000020 0.000032 -15.768403 -0.000012 0.000006 0.000013 7.578088 17.196737 -2.260061 7.553220 -0.722718 -1.694806 7.381338 0.272630 -1.561529 -0.000006 0.000003 -0.000015 9.208454 7.167127 -5.298136 8.418270 -0.880703 -0.790960 8.576666 0.098839 -0.658795 -0.000010 0.000112 -0.000000 20.029169 -9.003614 -9.559883 12.373990 1.753651 1.462053 12.277177 -0.197275 1.116884 0.000005 -0.000249 0.000013 31.673101 -24.272598 -16.345575 15.229142 3.054982 5.435416 14.939042 -0.792112 4.543607 0.000937 0.000008 0.000010 0.000000 0.000000 0.000000 0.000000 0.000000 0.000000 -91.215797 -1.436827 11.555010 -59.778538 -7.313636 6.320117 -0.888809 -19.369312 90.841850 -35.943001 -52.185196 23.326376 -11.357680 1.917244 39.613098 -0.000025 0.000005 -27.843969 0.000152 -0.000027 -19.279890 0.000452 -0.000019 0.000240 -15.005732 17.869474 -4.719072 -10.984740 -0.626825 2.379203 -10.765436 0.359479 2.145890 0.000030 0.000930 -0.000004 -14.838304 7.341365 -6.435732 -11.175392 -0.858628 0.961670 -11.315324 0.123375 0.815814 0.001959 -0.000022 0.000113 -15.977215 -9.171506 -9.568294 -12.986816 1.752804 -1.467853 -12.908607 -0.168925 -1.095383 -0.001493 0.000006 -0.000012 -12.305251 -25.515919 -15.347547 -12.934997 3.331553 -4.381124 -13.195477 -0.549927 -3.615838 -0.000252 0.000001 -0.000032 0.000000 0.000000 0.000000 0.000000 0.000000 0.000000 5.335757 4.462978 11.989079 -0.078330 -0.170827 17.410501 -6.207703 -3.973621 11.725025 -0.129678 0.601820 -18.904778 0.000000 0.000000 0.000000 0.000000 0.000000 0.000000 0.000000 0.000000 0.000000 17.052286 8.688718 16.448612 0.447984 1.411642 19.250860 -11.114367 15.573106 13.438425 1.641792 -1.050202 -19.492683 0.000000 0.000000 0.000000 0.000000 0.000000 0.000000 0.000000 0.000000 0.000000 
-15.095336 86.773056 38.586220 -2.542915 -7.790448 -17.138010 1.615129 -0.351865 9.196692 -0.724606 0.160151 0.940511 4.607091 -3.179266 9.560743 2.766944 -0.665989 3.516521 -9.334861 7.121836 11.016784 0.487635 4.722400 -1.470350 -2.938106 -0.747528 -22.561302 0.000000 0.000000 0.000000 89.319763 0.908782 8.645585 59.759945 -4.366279 3.132893 0.458485 18.457043 89.564232 70.275864 48.000759 45.074226 9.469188 -1.655324 40.547096 0.000006 -0.000004 -22.916124 -0.000020 0.000033 -15.859523 -0.000012 0.000006 0.000013 7.806808 17.184557 -2.335265 7.684251 -0.712801 -1.751338 7.515807 0.282186 -1.614531 -0.000006 0.000003 -0.000015 9.466118 7.161035 -5.308177 8.560758 -0.876031 -0.812915 8.712506 0.102338 -0.677938 -0.000010 0.000101 -0.000001 20.302940 -8.989834 -9.532502 12.519108 1.746962 1.490834 12.422888 -0.202125 1.139453 0.000003 -0.000215 0.000013 31.866693 -24.229319 -16.268633 15.347045 3.039810 5.511300 15.053943 -0.805376 4.608504 0.000942 0.000008 0.000010 0.000000 0.000000 0.000000 0.000000 0.000000 0.000000 -91.214470 -1.462490 11.600740 -59.979038 -6.954468 6.354384 -0.881401 -19.274019 90.976219 -35.899952 -52.251259 23.354063 -11.366612 1.916430 39.609768 -0.000025 0.000005 -27.865973 0.000150 -0.000027 -19.294249 0.000459 -0.000019 0.000155 -14.975662 17.900740 -4.733492 -10.946621 -0.620257 2.418696 -10.716230 0.366769 2.184399 0.000030 0.000907 -0.000005 -14.807941 7.352649 -6.443314 -11.145459 -0.855946 0.977460 -11.283191 0.126129 0.829255 0.002015 -0.000022 0.000112 -15.985667 -9.180433 -9.575779 -12.987071 1.749384 -1.490678 -12.907965 -0.172270 -1.112296 -0.001481 0.000006 -0.000012 -12.302637 -25.527586 -15.376070 -12.943189 3.322645 -4.442489 -13.206288 -0.559255 -3.666030 -0.000192 0.000000 -0.000033 0.000000 0.000000 0.000000 0.000000 0.000000 0.000000 5.440350 4.158730 12.094103 -0.073594 -0.156556 17.250729 -6.346079 -4.074115 11.706215 -0.128629 0.584612 -18.845953 0.000000 0.000000 0.000000 0.000000 0.000000 0.000000 0.000000 0.000000 0.000000 17.065950 8.548416 16.188675 0.450674 1.408177 19.549141 -11.143749 15.626826 13.545676 1.646043 -1.039103 -19.584276 0.000000 0.000000 0.000000 0.000000 0.000000 0.000000 0.000000 0.000000 0.000000 
-15.271109 86.749313 38.595249 -2.523481 -7.593794 -17.139370 1.703721 -0.369977 9.165087 -0.672636 0.152769 0.895956 4.486753 -3.025297 9.587171 2.740134 -0.612663 3.494066 -9.281972 7.097566 11.189670 0.484473 4.710639 -1.368932 -2.940423 -0.756367 -22.547953 0.000000 0.000000 0.000000 89.249664 0.938087 8.721128 59.918106 -4.198164 3.569988 0.420400 18.297573 89.883957 70.429916 48.039383 45.278107 9.508450 -1.662463 40.522945 0.000006 -0.000003 -23.021961 -0.000020 0.000033 -15.930143 -0.000012 0.000006 0.000013 7.954986 17.172613 -2.379303 7.759953 -0.704208 -1.800848 7.593632 0.290520 -1.661447 -0.000006 0.000004 -0.000016 9.649365 7.154741 -5.304304 8.649634 -0.871989 -0.832138 8.795707 0.105421 -0.694827 -0.000009 0.000092 -0.000001 20.514700 -8.976632 -9.499830 12.613322 1.741326 1.515554 12.518456 -0.206323 1.159164 0.000002 -0.000175 0.000013 32.012966 -24.189039 -16.192526 15.424953 3.027245 5.576391 15.129949 -0.816890 4.663847 0.000951 0.000008 0.000010 0.000000 0.000000 0.000000 0.000000 0.000000 0.000000 -91.227058 -1.482918 11.646449 -60.155556 -6.579066 6.360318 -0.861484 -19.144608 91.298965 -36.172581 -52.133110 23.607901 -11.389403 1.917216 39.600189 -0.000024 0.000006 -27.916876 0.000146 -0.000027 -19.327936 0.000464 -0.000018 0.000076 -15.024727 17.928303 -4.779860 -10.947425 -0.613724 2.459263 -10.707851 0.373857 2.223194 0.000030 0.000891 -0.000006 -14.840595 7.363361 -6.485527 -11.155767 -0.853288 0.993590 -11.291317 0.128787 0.842863 0.002071 -0.000021 0.000110 -16.035389 -9.188870 -9.624389 -13.020572 1.745811 -1.513628 -12.939667 -0.175603 -1.129305 -0.001470 0.000005 -0.000012 -12.323658 -25.538332 -15.448382 -12.972029 3.313582 -4.504966 -13.239109 -0.568381 -3.716595 -0.000131 -0.000000 -0.000034 0.000000 0.000000 0.000000 0.000000 0.000000 0.000000 5.535542 3.842635 12.216038 -0.069253 -0.142733 17.076178 -6.481156 -4.207376 11.693077 -0.130060 0.565316 -18.789606 0.000000 0.000000 0.000000 0.000000 0.000000 0.000000 0.000000 0.000000 0.000000 17.054058 8.416103 15.911750 0.453379 1.404162 19.862194 -11.142148 15.671041 13.650472 1.645682 -1.026436 -19.671713 0.000000 0.000000 0.000000 0.000000 0.000000 0.000000 0.000000 0.000000 0.000000 
-15.435752 86.725342 38.605000 -2.504737 -7.358522 -17.144663 1.783277 -0.386686 9.131335 -0.623753 0.147917 0.860410 4.378747 -2.877703 9.614443 2.718706 -0.563795 3.465984 -9.197920 7.028903 11.336905 0.483780 4.665885 -1.282823 -2.928914 -0.767577 -22.541977 0.000000 0.000000 0.000000 89.196899 0.962966 8.769829 60.057159 -3.709226 4.045769 0.386714 18.189074 90.028702 70.460297 48.276131 45.486816 9.537954 -1.668590 40.502960 0.000005 -0.000003 -23.104111 -0.000019 0.000034 -15.984974 -0.000013 0.000006 0.000012 8.026491 17.163837 -2.387379 7.785975 -0.698323 -1.839885 7.619860 0.296407 -1.699246 -0.000007 0.000004 -0.000016 9.761235 7.149342 -5.282711 8.689320 -0.869164 -0.847245 8.831106 0.107682 -0.708333 -0.000008 0.000083 -0.000002 20.665979 -8.965095 -9.462014 12.659916 1.737710 1.534281 12.566855 -0.209282 1.174538 0.000001 -0.000125 0.000013 32.112831 -24.154367 -16.120556 15.464724 3.020135 5.624786 15.169532 -0.824471 4.704833 0.000962 0.000008 0.000011 0.000000 0.000000 0.000000 0.000000 0.000000 0.000000 -91.248611 -1.497105 11.690974 -60.301693 -6.219948 6.353507 -0.828103 -18.993843 91.788719 -36.702953 -51.877003 24.062271 -11.425950 1.919501 39.584480 -0.000023 0.000007 -27.996881 0.000141 -0.000027 -19.381876 0.000468 -0.000017 -0.000007 -15.144436 17.952703 -4.846459 -10.983541 -0.608432 2.497117 -10.736830 0.379612 2.258854 0.000030 0.000885 -0.000007 -14.932331 7.373603 -6.549962 -11.203238 -0.851170 1.008606 -11.336349 0.131002 0.855482 0.002123 -0.000020 0.000108 -16.127451 -9.196664 -9.699743 -13.083846 1.742919 -1.534897 -13.000408 -0.178457 -1.145046 -0.001463 0.000005 -0.000012 -12.376930 -25.547651 -15.549857 -13.020618 3.306417 -4.563787 -13.292439 -0.575926 -3.763643 -0.000073 -0.000001 -0.000034 0.000000 0.000000 0.000000 0.000000 0.000000 0.000000 5.625824 3.520815 12.352488 -0.065155 -0.129067 16.885288 -6.614500 -4.375994 11.691805 -0.132941 0.543717 -18.739885 0.000000 0.000000 0.000000 0.000000 0.000000 0.000000 0.000000 0.000000 0.000000 17.023741 8.291029 15.614599 0.456339 1.400088 20.185692 -11.111930 15.701161 13.756409 1.641143 -1.012306 -19.755962 0.000000 0.000000 0.000000 0.000000 0.000000 0.000000 0.000000 0.000000 0.000000 
-15.590620 86.702248 38.614567 -2.490289 -7.085073 -17.150839 1.854393 -0.401955 9.094193 -0.581831 0.146391 0.838170 4.290825 -2.744091 9.636239 2.702807 -0.521027 3.435098 -9.086389 6.917079 11.450624 0.485674 4.587788 -1.217352 -2.903154 -0.780690 -22.544762 0.000000 0.000000 0.000000 89.159515 0.982355 8.788536 60.187412 -2.910890 4.544880 0.358170 18.134953 89.997269 70.359154 48.718178 45.711315 9.555820 -1.673608 40.487804 0.000004 -0.000002 -23.158318 -0.000019 0.000034 -16.021189 -0.000013 0.000006 0.000012 8.013814 17.158216 -2.351688 7.757377 -0.696367 -1.865409 7.589153 0.298693 -1.725209 -0.000007 0.000005 -0.000017 9.793338 7.144801 -5.237377 8.673614 -0.868037 -0.857030 8.812569 0.108729 -0.717427 -0.000008 0.000077 -0.000002 20.747467 -8.955307 -9.419107 12.652042 1.736935 1.545487 12.560701 -0.210423 1.184350 0.000001 -0.000059 0.000014 32.156109 -24.127153 -16.058044 15.459608 3.020969 5.652006 15.166201 -0.826075 4.727862 0.000974 0.000008 0.000011 0.000000 0.000000 0.000000 0.000000 0.000000 0.000000 -91.272972 -1.503096 11.732891 -60.405334 -5.911529 6.355670 -0.782442 -18.832632 92.402191 -37.415878 -51.535988 24.681652 -11.468324 1.922638 39.566051 -0.000022 0.000008 -28.087931 0.000134 -0.000027 -19.444120 0.000470 -0.000016 -0.000094 -15.288474 17.973515 -4.909104 -11.026943 -0.605662 2.527686 -10.774941 0.382808 2.287377 0.000029 0.000888 -0.000008 -15.045736 7.382960 -6.615355 -11.260173 -0.850132 1.020731 -11.390472 0.132395 0.865712 0.002163 -0.000019 0.000107 -16.234201 -9.203139 -9.784314 -13.150961 1.741536 -1.552377 -13.064227 -0.180322 -1.157915 -0.001459 0.000005 -0.000012 -12.442486 -25.553516 -15.669336 -13.069128 3.303152 -4.613390 -13.345888 -0.580428 -3.802647 -0.000022 -0.000001 -0.000034 0.000000 0.000000 0.000000 0.000000 0.000000 0.000000 5.713045 3.197096 12.501164 -0.061189 -0.115712 16.678017 -6.745102 -4.581052 11.706083 -0.136536 0.520430 -18.700161 0.000000 0.000000 0.000000 0.000000 0.000000 0.000000 0.000000 0.000000 0.000000 16.982090 8.167840 15.299432 0.459691 1.396512 20.508482 -11.059293 15.709716 13.867462 1.633186 -0.996997 -19.836628 0.000000 0.000000 0.000000 0.000000 0.000000 0.000000 0.000000 0.000000 0.000000 
-15.737135 86.679657 38.623264 -2.483779 -6.780167 -17.158573 1.918582 -0.415326 9.055280 -0.546651 0.147734 0.832960 4.226071 -2.625218 9.649403 2.691276 -0.483858 3.406543 -8.954489 6.771254 11.531472 0.489131 4.481587 -1.172356 -2.865278 -0.794386 -22.556995 0.000000 0.000000 0.000000 89.129974 0.996233 8.783055 60.317451 -1.849691 5.042579 0.335535 18.127956 89.817726 70.165421 49.322399 45.968616 9.559787 -1.677337 40.478436 0.000003 -0.000002 -23.179640 -0.000019 0.000035 -16.035557 -0.000013 0.000006 0.000012 7.914299 17.153786 -2.265971 7.668025 -0.698235 -1.876943 7.495775 0.297434 -1.738737 -0.000007 0.000006 -0.000017 9.740124 7.140432 -5.164657 8.594966 -0.868587 -0.861238 8.732427 0.108558 -0.721869 -0.000007 0.000073 -0.000002 20.748743 -8.946742 -9.372349 12.579606 1.739024 1.549079 12.489755 -0.209700 1.188425 0.000000 0.000028 0.000014 32.132030 -24.107391 -16.011061 15.399261 3.029769 5.658014 15.109566 -0.821659 4.733227 0.000987 0.000008 0.000012 0.000000 0.000000 0.000000 0.000000 0.000000 0.000000 -91.293465 -1.500363 11.769927 -60.475197 -5.687275 6.382521 -0.727170 -18.665598 93.120728 -38.267063 -51.124332 25.454475 -11.505744 1.925578 39.549889 -0.000021 0.000009 -28.165554 0.000128 -0.000026 -19.497721 0.000472 -0.000016 -0.000174 -15.398972 17.991064 -4.942310 -11.045970 -0.605902 2.547916 -10.790216 0.382985 2.306176 0.000029 0.000898 -0.000009 -15.131561 7.391276 -6.661228 -11.294789 -0.850384 1.028805 -11.421767 0.132821 0.872641 0.002191 -0.000019 0.000109 -16.313219 -9.208471 -9.864988 -13.191974 1.741971 -1.564684 -13.101257 -0.180997 -1.166789 -0.001456 0.000005 -0.000012 -12.479565 -25.556564 -15.802896 -13.092406 3.304404 -4.649827 -13.373395 -0.581457 -3.830507 0.000016 -0.000002 -0.000035 0.000000 0.000000 0.000000 0.000000 0.000000 0.000000 5.798680 2.876102 12.659067 -0.057388 -0.102985 16.462627 -6.870976 -4.815978 11.732951 -0.139871 0.496788 -18.671350 0.000000 0.000000 0.000000 0.000000 0.000000 0.000000 0.000000 0.000000 0.000000 16.938999 8.036123 14.973963 0.463432 1.393801 20.823452 -10.995568 15.690530 13.979706 1.622943 -0.981101 -19.911360 0.000000 0.000000 0.000000 0.000000 0.000000 0.000000 0.000000 0.000000 0.000000 
-15.876355 86.658401 38.630577 -2.486070 -6.454901 -17.167099 1.976604 -0.425725 9.015332 -0.519188 0.152058 0.845826 4.182079 -2.520769 9.648931 2.684566 -0.451122 3.383114 -8.812346 6.606993 11.576263 0.494246 4.359918 -1.149231 -2.820128 -0.807498 -22.577143 0.000000 0.000000 0.000000 89.100960 1.003918 8.762077 60.443127 -0.605494 5.534266 0.319414 18.158033 89.498611 69.924294 50.029083 46.265331 9.545898 -1.679570 40.476456 0.000003 -0.000001 -23.158335 -0.000019 0.000036 -16.021574 -0.000013 0.000006 0.000012 7.722669 17.149046 -2.127232 7.513358 -0.704081 -1.872527 7.336172 0.292389 -1.737799 -0.000007 0.000006 -0.000018 9.594747 7.135696 -5.063530 8.447960 -0.870882 -0.859021 8.585252 0.107050 -0.720880 -0.000006 0.000070 -0.000003 20.658895 -8.939073 -9.322822 12.436830 1.744113 1.544075 12.348078 -0.206900 1.185921 -0.000000 0.000136 0.000015 32.032780 -24.094507 -15.985058 15.278708 3.046931 5.640341 14.993796 -0.810739 4.718961 0.001000 0.000008 0.000012 0.000000 0.000000 0.000000 0.000000 0.000000 0.000000 -91.308411 -1.489428 11.800956 -60.503677 -5.547931 6.443916 -0.665905 -18.497721 93.899467 -39.185497 -50.645794 26.331793 -11.528878 1.927641 39.539948 -0.000020 0.000009 -28.208420 0.000122 -0.000025 -19.528269 0.000469 -0.000015 -0.000237 -15.431678 18.003887 -4.931813 -11.009350 -0.609817 2.553406 -10.751048 0.379539 2.311487 0.000028 0.000910 -0.000010 -15.149966 7.397767 -6.678120 -11.275611 -0.852194 1.031135 -11.398040 0.132056 0.874857 0.002207 -0.000018 0.000113 -16.328033 -9.212258 -9.936925 -13.177990 1.744699 -1.569500 -13.082573 -0.180150 -1.169909 -0.001450 0.000004 -0.000012 -12.451909 -25.556860 -15.952038 -13.065787 3.311318 -4.666358 -13.349247 -0.578118 -3.841877 0.000039 -0.000002 -0.000035 0.000000 0.000000 0.000000 0.000000 0.000000 0.000000 5.881092 2.559177 12.820607 -0.053774 -0.091194 16.245987 -6.989611 -5.075441 11.773840 -0.142291 0.473678 -18.654181 0.000000 0.000000 0.000000 0.000000 0.000000 0.000000 0.000000 0.000000 0.000000 16.899015 7.889288 14.649360 0.467469 1.392363 21.118216 -10.928802 15.638612 14.092528 1.611728 -0.965262 -19.979792 0.000000 0.000000 0.000000 0.000000 0.000000 0.000000 0.000000 0.000000 0.000000 
-16.009626 86.639145 38.637367 -2.497456 -6.122318 -17.176043 2.029209 -0.432270 8.975028 -0.499850 0.159318 0.870423 4.153606 -2.430315 9.638766 2.683805 -0.422456 3.363739 -8.667632 6.437537 11.582664 0.501171 4.234797 -1.147617 -2.772542 -0.819650 -22.600765 0.000000 0.000000 0.000000 89.074310 1.004083 8.732812 60.547527 0.722189 6.018921 0.310071 18.211864 89.041283 69.670189 50.786148 46.603661 9.509768 -1.679924 40.484081 0.000002 -0.000001 -23.082594 -0.000018 0.000036 -15.970909 -0.000013 0.000005 0.000011 7.429350 17.143980 -1.936345 7.297873 -0.713763 -1.851776 7.115957 0.283651 -1.721747 -0.000007 0.000007 -0.000019 9.345912 7.130940 -4.934567 8.237586 -0.874841 -0.850178 8.375948 0.104202 -0.714234 -0.000005 0.000069 -0.000003 20.464268 -8.933765 -9.270387 12.230005 1.752030 1.530412 12.141906 -0.202027 1.176715 -0.000001 0.000257 0.000015 31.847425 -24.093378 -15.980841 15.105148 3.071959 5.599077 14.824988 -0.793524 4.685027 0.001013 0.000008 0.000013 0.000000 0.000000 0.000000 0.000000 0.000000 0.000000 -91.322693 -1.470989 11.826704 -60.467087 -5.453569 6.533500 -0.603174 -18.333801 94.674309 -40.099678 -50.101700 27.244364 -11.534795 1.928761 39.537239 -0.000019 0.000010 -28.209826 0.000117 -0.000024 -19.531593 0.000446 -0.000015 -0.000279 -15.375675 18.010181 -4.874539 -10.907995 -0.617484 2.542689 -10.648538 0.372410 2.302062 0.000027 0.000923 -0.000010 -15.088387 7.401792 -6.665741 -11.192730 -0.855574 1.027064 -11.309327 0.130042 0.871797 0.002211 -0.000017 0.000118 -16.260735 -9.214352 -10.001709 -13.099860 1.749829 -1.565663 -12.999426 -0.177654 -1.166452 -0.001439 0.000004 -0.000012 -12.338407 -25.555798 -16.118530 -12.980680 3.324308 -4.659430 -13.265094 -0.570033 -3.833848 0.000047 -0.000002 -0.000034 0.000000 0.000000 0.000000 0.000000 0.000000 0.000000 5.960612 2.245173 12.983912 -0.050372 -0.080608 16.029684 -7.100757 -5.352092 11.829093 -0.143439 0.452003 -18.647041 0.000000 0.000000 0.000000 0.000000 0.000000 0.000000 0.000000 0.000000 0.000000 16.865501 7.724501 14.336635 0.471714 1.392552 21.383303 -10.865785 15.553221 14.203535 1.600700 -0.950122 -20.041180 0.000000 0.000000 0.000000 0.000000 0.000000 0.000000 0.000000 0.000000 0.000000 
-16.137314 86.621521 38.647022 -2.517373 -5.796494 -17.192430 2.077829 -0.434363 8.934891 -0.481545 0.167089 0.896232 4.130006 -2.341502 9.634007 2.688987 -0.396199 3.344517 -8.530730 6.270841 11.568197 0.506562 4.109411 -1.157618 -2.725422 -0.830042 -22.625221 0.000000 0.000000 0.000000 89.055298 0.998377 8.707352 60.613895 2.074956 6.498366 0.308262 18.280952 88.460327 69.424644 51.535770 46.940273 9.455172 -1.678177 40.500618 0.000002 -0.000000 -22.960285 -0.000018 0.000037 -15.888516 -0.000013 0.000005 0.000011 7.041651 17.139587 -1.714911 7.038451 -0.725192 -1.821150 6.853166 0.273233 -1.696100 -0.000007 0.000007 -0.000020 9.000703 7.126855 -4.789915 7.982785 -0.879618 -0.837235 8.122584 0.100716 -0.704044 -0.000004 0.000069 -0.000004 20.170546 -8.932389 -9.215598 11.976503 1.761431 1.511648 11.888569 -0.196099 1.163447 -0.000001 0.000378 0.000016 31.581236 -24.108141 -15.991777 14.893114 3.100865 5.544397 14.616595 -0.773484 4.640207 0.001025 0.000008 0.000014 0.000000 0.000000 0.000000 0.000000 0.000000 0.000000 -91.340378 -1.445337 11.848702 -60.373589 -5.374331 6.636528 -0.545974 -18.159952 95.457741 -40.981533 -49.450607 28.144403 -11.527847 1.928983 39.540340 -0.000017 0.000011 -28.180069 0.000113 -0.000023 -19.514517 0.000410 -0.000014 -0.000289 -15.252333 18.011553 -4.773614 -10.766994 -0.627444 2.520360 -10.508070 0.362953 2.282219 0.000026 0.000937 -0.000011 -14.963091 7.403888 -6.625268 -11.069861 -0.859913 1.018367 -11.180063 0.127206 0.864946 0.002207 -0.000017 0.000125 -16.118793 -9.215549 -10.058647 -12.978909 1.756432 -1.555299 -12.874328 -0.174044 -1.158021 -0.001427 0.000004 -0.000012 -12.143657 -25.556458 -16.294699 -12.854063 3.341016 -4.634196 -13.138917 -0.558925 -3.810875 0.000042 -0.000003 -0.000034 0.000000 0.000000 0.000000 0.000000 0.000000 0.000000 6.041351 1.942163 13.156688 -0.047358 -0.071262 15.815626 -7.204346 -5.628187 11.883893 -0.143387 0.432593 -18.640511 0.000000 0.000000 0.000000 0.000000 0.000000 0.000000 0.000000 0.000000 0.000000 16.841730 7.543113 14.051517 0.475938 1.394632 21.615604 -10.814586 15.454322 14.306743 1.591762 -0.936059 -20.094536 0.000000 0.000000 0.000000 0.000000 0.000000 0.000000 0.000000 0.000000 0.000000 
-16.259081 86.607086 38.660931 -2.543384 -5.487847 -17.218817 2.124364 -0.432288 8.894639 -0.462640 0.174957 0.918619 4.105705 -2.247259 9.637149 2.699366 -0.369349 3.325773 -8.402716 6.107658 11.542565 0.509654 3.983606 -1.175173 -2.678114 -0.837618 -22.651510 0.000000 0.000000 0.000000 89.045845 0.987819 8.696781 60.626846 3.394551 6.975797 0.313568 18.370214 87.757309 69.130646 52.244431 47.172375 9.387789 -1.674576 40.524071 0.000001 0.000000 -22.804600 -0.000018 0.000037 -15.783643 -0.000013 0.000005 0.000011 6.575840 17.137844 -1.478022 6.746571 -0.737458 -1.783490 6.560144 0.262036 -1.663332 -0.000007 0.000007 -0.000020 8.576269 7.124145 -4.637450 7.695487 -0.884880 -0.821422 7.836851 0.096906 -0.691247 -0.000004 0.000071 -0.000004 19.794445 -8.935240 -9.158038 11.687291 1.771741 1.489193 11.598891 -0.189608 1.147166 -0.000001 0.000484 0.000017 31.253363 -24.136957 -16.017113 14.650258 3.131972 5.480269 14.375476 -0.752188 4.587682 0.001037 0.000008 0.000015 0.000000 0.000000 0.000000 0.000000 0.000000 0.000000 -91.365814 -1.413080 11.869544 -60.210995 -5.285233 6.750628 -0.495978 -17.977722 96.230171 -41.758224 -48.695915 28.938362 -11.512612 1.928641 39.547390 -0.000016 0.000011 -28.130053 0.000109 -0.000023 -19.484617 0.000367 -0.000013 -0.000266 -15.084431 18.009874 -4.646060 -10.606491 -0.638878 2.488856 -10.349652 0.352031 2.254169 0.000026 0.000956 -0.000012 -14.793324 7.404706 -6.569417 -10.926368 -0.864877 1.006037 -11.029312 0.123801 0.855079 0.002186 -0.000017 0.000131 -15.921281 -9.216352 -10.112750 -12.831947 1.764117 -1.539735 -12.724804 -0.169658 -1.145700 -0.001421 0.000004 -0.000012 -11.888576 -25.559713 -16.478949 -12.701442 3.360315 -4.593758 -12.986229 -0.545784 -3.775744 0.000032 -0.000003 -0.000034 0.000000 0.000000 0.000000 0.000000 0.000000 0.000000 6.124712 1.654136 13.338999 -0.044694 -0.063020 15.607430 -7.302279 -5.895435 11.933915 -0.142416 0.415326 -18.630367 0.000000 0.000000 0.000000 0.000000 0.000000 0.000000 0.000000 0.000000 0.000000 16.827211 7.350970 13.802889 0.479991 1.398171 21.810551 -10.776639 15.355783 14.406380 1.585795 -0.923028 -20.141678 0.000000 0.000000 0.000000 0.000000 0.000000 0.000000 0.000000 0.000000 0.000000 
-16.374811 86.596321 38.679672 -2.572968 -5.203010 -17.256542 2.170667 -0.427178 8.855273 -0.441774 0.182984 0.938161 4.079981 -2.143768 9.642650 2.713126 -0.339327 3.311456 -8.280130 5.946249 11.517685 0.509879 3.855082 -1.194093 -2.629523 -0.841558 -22.683277 0.000000 0.000000 0.000000 89.047157 0.972842 8.699991 60.575127 4.631114 7.432628 0.324747 18.489100 86.963074 68.707199 52.893951 47.210815 9.313907 -1.669559 40.551800 0.000001 0.000001 -22.631422 -0.000018 0.000038 -15.667533 -0.000013 0.000005 0.000011 6.061387 17.139656 -1.233713 6.434094 -0.750227 -1.740039 6.248764 0.250370 -1.624701 -0.000008 0.000008 -0.000021 8.099627 7.122938 -4.481658 7.385908 -0.890504 -0.803380 7.528912 0.092895 -0.676361 -0.000003 0.000073 -0.000005 19.361755 -8.941013 -9.099030 11.370065 1.782692 1.463695 11.280689 -0.182806 1.128373 -0.000001 0.000566 0.000017 30.888672 -24.174004 -16.057552 14.380764 3.164459 5.408533 14.105634 -0.730277 4.528793 0.001046 0.000008 0.000015 0.000000 0.000000 0.000000 0.000000 0.000000 0.000000 -91.401451 -1.375654 11.886693 -59.980865 -5.170569 6.869591 -0.452127 -17.804195 96.974640 -42.368092 -47.860989 29.559219 -11.493409 1.927910 39.556561 -0.000015 0.000012 -28.071053 0.000106 -0.000022 -19.449322 0.000323 -0.000012 -0.000219 -14.895926 18.007917 -4.515026 -10.444918 -0.651224 2.450249 -10.190958 0.340302 2.219650 0.000025 0.000981 -0.000012 -14.599919 7.405284 -6.513839 -10.779069 -0.870254 0.990927 -10.873982 0.120047 0.842857 0.002145 -0.000016 0.000137 -15.691113 -9.217583 -10.169903 -12.673756 1.772639 -1.520275 -12.565684 -0.164790 -1.130547 -0.001420 0.000004 -0.000012 -11.599585 -25.566711 -16.668396 -12.537747 3.381375 -4.541790 -12.822109 -0.531410 -3.731478 0.000022 -0.000003 -0.000034 0.000000 0.000000 0.000000 0.000000 0.000000 0.000000 6.210491 1.384440 13.528667 -0.042198 -0.055316 15.409651 -7.396249 -6.150410 11.975960 -0.140526 0.399750 -18.613756 0.000000 0.000000 0.000000 0.000000 0.000000 0.000000 0.000000 0.000000 0.000000 16.822199 7.156595 13.595052 0.483855 1.402781 21.967108 -10.751430 15.265656 14.505134 1.583054 -0.911219 -20.182085 0.000000 0.000000 0.000000 0.000000 0.000000 0.000000 0.000000 0.000000 0.000000 
-16.484705 86.588181 38.702774 -2.605291 -4.944918 -17.306416 2.216899 -0.421137 8.821180 -0.417699 0.191031 0.955829 4.054012 -2.032959 9.648458 2.728320 -0.306384 3.301152 -8.162756 5.787374 11.501595 0.505542 3.720518 -1.208474 -2.579606 -0.842236 -22.720118 0.000000 0.000000 0.000000 89.059578 0.954487 8.710192 60.451515 5.755823 7.841607 0.339459 18.634977 86.121513 68.118660 53.485966 47.021793 9.234529 -1.663654 40.582626 0.000001 0.000001 -22.444975 -0.000017 0.000038 -15.542686 -0.000013 0.000005 0.000011 5.518783 17.140928 -0.990674 6.101609 -0.763571 -1.691431 5.917804 0.238093 -1.580904 -0.000008 0.000008 -0.000021 7.588445 7.121338 -4.328582 7.052960 -0.896425 -0.783416 7.197874 0.088650 -0.659746 -0.000003 0.000076 -0.000005 18.893261 -8.946141 -9.045199 11.023732 1.794116 1.435688 10.932960 -0.175727 1.107443 -0.000000 0.000621 0.000018 30.504618 -24.209095 -16.117260 14.083364 3.197967 5.330954 13.806073 -0.707680 4.464730 0.001052 0.000008 0.000015 0.000000 0.000000 0.000000 0.000000 0.000000 0.000000 -91.441612 -1.335313 11.895428 -59.704277 -5.028761 6.971943 -0.412398 -17.651272 97.695183 -42.789684 -46.986599 29.980408 -11.473599 1.927278 39.565937 -0.000014 0.000012 -28.012285 0.000104 -0.000021 -19.414263 0.000280 -0.000011 -0.000156 -14.705622 18.005203 -4.392053 -10.293914 -0.663972 2.407010 -10.043340 0.328265 2.180758 0.000025 0.001015 -0.000012 -14.401853 7.405441 -6.465944 -10.638339 -0.875809 0.973984 -10.725613 0.116137 0.829068 0.002084 -0.000016 0.000142 -15.453056 -9.218341 -10.233691 -12.515121 1.781650 -1.498432 -12.407678 -0.159660 -1.113668 -0.001424 0.000004 -0.000013 -11.305521 -25.573725 -16.860456 -12.374451 3.403467 -4.482686 -12.658318 -0.516333 -3.681582 0.000015 -0.000003 -0.000034 0.000000 0.000000 0.000000 0.000000 0.000000 0.000000 6.300024 1.139235 13.724222 -0.039614 -0.047291 15.225520 -7.489388 -6.393097 12.009038 -0.137599 0.385319 -18.590719 0.000000 0.000000 0.000000 0.000000 0.000000 0.000000 0.000000 0.000000 0.000000 16.828327 6.965154 13.422416 0.487466 1.407558 22.097927 -10.737012 15.189682 14.602778 1.582639 -0.900323 -20.215536 0.000000 0.000000 0.000000 0.000000 0.000000 0.000000 0.000000 0.000000 0.000000 
-16.589472 86.582001 38.728996 -2.639968 -4.713922 -17.366388 2.261721 -0.415798 8.793745 -0.391441 0.198797 0.973971 4.029977 -1.921564 9.651956 2.744528 -0.272888 3.295969 -8.047200 5.631203 11.496940 0.496220 3.579091 -1.217435 -2.528632 -0.840103 -22.761265 0.000000 0.000000 0.000000 89.080757 0.933981 8.722613 60.260941 6.766575 8.184018 0.354925 18.794107 85.284126 67.361641 54.008663 46.603874 9.148256 -1.657015 40.616772 0.000000 0.000001 -22.242981 -0.000017 0.000038 -15.406891 -0.000013 0.000005 0.000011 4.952934 17.139557 -0.751556 5.748698 -0.777636 -1.638180 5.565620 0.225021 -1.532600 -0.000008 0.000008 -0.000021 7.045916 7.118453 -4.181657 6.695552 -0.902619 -0.761764 6.842814 0.084109 -0.641715 -0.000002 0.000079 -0.000006 18.391727 -8.948989 -9.005258 10.646544 1.805957 1.405432 10.554250 -0.168310 1.084611 -0.000000 0.000648 0.000018 30.101305 -24.237209 -16.204884 13.755538 3.232565 5.247975 13.475023 -0.684010 4.395873 0.001054 0.000008 0.000016 0.000000 0.000000 0.000000 0.000000 0.000000 0.000000 -91.479324 -1.294240 11.895622 -59.403362 -4.870301 7.044066 -0.375129 -17.520346 98.397400 -43.034477 -46.105457 30.210133 -11.456512 1.927046 39.573887 -0.000014 0.000012 -27.962151 0.000102 -0.000021 -19.384806 0.000240 -0.000011 -0.000087 -14.531022 18.003073 -4.287207 -10.165685 -0.676797 2.361252 -9.918841 0.316241 2.139477 0.000025 0.001059 -0.000012 -14.217443 7.405624 -6.433535 -10.516233 -0.881382 0.955997 -10.597146 0.112203 0.814422 0.002008 -0.000015 0.000146 -15.230911 -9.218581 -10.311052 -12.369964 1.790887 -1.475555 -12.264320 -0.154428 -1.096016 -0.001433 0.000004 -0.000013 -11.032886 -25.579365 -17.060305 -12.226179 3.426096 -4.420257 -12.509241 -0.500903 -3.629128 0.000013 -0.000003 -0.000034 0.000000 0.000000 0.000000 0.000000 0.000000 0.000000 6.394607 0.920210 13.920798 -0.036790 -0.038578 15.059175 -7.583139 -6.626120 12.034289 -0.133380 0.371591 -18.563890 0.000000 0.000000 0.000000 0.000000 0.000000 0.000000 0.000000 0.000000 0.000000 16.845800 6.780386 13.276029 0.490810 1.411829 22.214317 -10.730565 15.128345 14.699880 1.584007 -0.889838 -20.243675 0.000000 0.000000 0.000000 0.000000 0.000000 0.000000 0.000000 0.000000 0.000000 
-16.689936 86.577713 38.756802 -2.675394 -4.508612 -17.430965 2.302516 -0.411857 8.771161 -0.365759 0.205964 0.992441 4.009699 -1.817409 9.652134 2.762268 -0.242075 3.296969 -7.929128 5.478939 11.501175 0.482986 3.434090 -1.223202 -2.477490 -0.835706 -22.805914 0.000000 0.000000 0.000000 89.108170 0.911851 8.734702 60.020603 7.679777 8.456114 0.368559 18.952610 84.494049 66.454659 54.436249 45.976887 9.052461 -1.649592 40.655132 0.000000 0.000001 -22.019726 -0.000017 0.000038 -15.255683 -0.000012 0.000004 0.000012 4.358706 17.135124 -0.512983 5.373535 -0.792647 -1.580602 5.190291 0.210924 -1.480302 -0.000008 0.000008 -0.000021 6.467743 7.114143 -4.039984 6.312502 -0.909123 -0.738584 6.462357 0.079196 -0.622470 -0.000002 0.000081 -0.000006 17.849483 -8.949453 -8.984469 10.236934 1.818290 1.373000 10.143129 -0.160435 1.059998 -0.000000 0.000650 0.000018 29.668161 -24.258400 -16.326712 13.394676 3.268693 5.159138 13.110562 -0.658703 4.322069 0.001051 0.000008 0.000016 0.000000 0.000000 0.000000 0.000000 0.000000 0.000000 -91.510574 -1.253926 11.890820 -59.090347 -4.702343 7.080770 -0.338905 -17.403612 99.080498 -43.128319 -45.235828 30.276373 -11.445548 1.927419 39.578838 -0.000013 0.000012 -27.928574 0.000101 -0.000020 -19.366192 0.000201 -0.000010 -0.000022 -14.392707 18.003263 -4.206532 -10.072493 -0.689489 2.314978 -9.829475 0.304451 2.097822 0.000025 0.001109 -0.000013 -14.067615 7.406410 -6.421304 -10.425556 -0.886859 0.937714 -10.501702 0.108331 0.799591 0.001924 -0.000015 0.000149 -15.047948 -9.218647 -10.406792 -12.253340 1.800154 -1.452788 -12.150023 -0.149221 -1.078435 -0.001445 0.000003 -0.000013 -10.804319 -25.583771 -17.273512 -12.107221 3.448879 -4.357744 -12.388955 -0.485386 -3.576692 0.000014 -0.000003 -0.000034 0.000000 0.000000 0.000000 0.000000 0.000000 0.000000 6.493807 0.724616 14.111815 -0.033703 -0.029367 14.911844 -7.677037 -6.852537 12.054700 -0.127943 0.358360 -18.536701 0.000000 0.000000 0.000000 0.000000 0.000000 0.000000 0.000000 0.000000 0.000000 16.872013 6.605867 13.147486 0.493933 1.415342 22.320360 -10.729284 15.078602 14.798968 1.586944 -0.879465 -20.268559 0.000000 0.000000 0.000000 0.000000 0.000000 0.000000 0.000000 0.000000 0.000000 
-16.786690 86.575218 38.785179 -2.708948 -4.326530 -17.493456 2.336782 -0.409409 8.750987 -0.344089 0.212431 1.008552 3.995879 -1.727652 9.650045 2.781711 -0.216819 3.305054 -7.809804 5.333829 11.510223 0.467190 3.291714 -1.227208 -2.428175 -0.829913 -22.854357 0.000000 0.000000 0.000000 89.141380 0.887329 8.742112 59.755928 8.508372 8.668066 0.378707 19.105019 83.785782 65.427475 54.747768 45.181454 8.944385 -1.641196 40.698792 -0.000000 0.000001 -21.768381 -0.000016 0.000039 -15.084454 -0.000012 0.000004 0.000012 3.726602 17.128265 -0.266840 4.971257 -0.808831 -1.518415 4.787620 0.195599 -1.423931 -0.000008 0.000008 -0.000021 5.846928 7.108759 -3.899471 5.900306 -0.916020 -0.713789 6.052527 0.073844 -0.601951 -0.000002 0.000083 -0.000006 17.256464 -8.948323 -8.983861 9.792172 1.831267 1.338185 9.696638 -0.151988 1.033506 0.000000 0.000640 0.000018 29.191530 -24.276169 -16.485090 12.997710 3.306874 5.063119 12.709820 -0.631284 4.242419 0.001046 0.000008 0.000016 0.000000 0.000000 0.000000 0.000000 0.000000 0.000000 -91.538193 -1.214768 11.883957 -58.767498 -4.517459 7.083067 -0.302593 -17.297508 99.730385 -43.101280 -44.388927 30.220970 -11.440645 1.928287 39.580860 -0.000013 0.000013 -27.910845 0.000100 -0.000019 -19.357916 0.000163 -0.000009 0.000029 -14.295904 18.006828 -4.146680 -10.014761 -0.701951 2.269617 -9.775261 0.293008 2.057218 0.000025 0.001161 -0.000013 -13.959445 7.408152 -6.426578 -10.367738 -0.892199 0.919666 -10.440351 0.104567 0.785025 0.001836 -0.000015 0.000151 -14.911530 -9.218948 -10.518772 -12.168619 1.809371 -1.430781 -12.067334 -0.144120 -1.061433 -0.001455 0.000003 -0.000013 -10.625875 -25.587572 -17.499178 -12.019698 3.471595 -4.296951 -12.299905 -0.469964 -3.525580 0.000020 -0.000002 -0.000033 0.000000 0.000000 0.000000 0.000000 0.000000 0.000000 6.595660 0.547629 14.291225 -0.030399 -0.020104 14.781534 -7.770586 -7.075135 12.073700 -0.121607 0.345474 -18.511997 0.000000 0.000000 0.000000 0.000000 0.000000 0.000000 0.000000 0.000000 0.000000 16.902901 6.446467 13.030993 0.496965 1.418232 22.414789 -10.731185 15.036167 14.902539 1.591030 -0.869252 -20.291824 0.000000 0.000000 0.000000 0.000000 0.000000 0.000000 0.000000 0.000000 0.000000 
-16.880089 86.573769 38.813889 -2.739167 -4.165569 -17.549414 2.362256 -0.408457 8.732574 -0.328879 0.218104 1.018652 3.991770 -1.658323 9.648082 2.802649 -0.199628 3.319618 -7.694765 5.198995 11.521768 0.449394 3.156774 -1.229127 -2.383054 -0.823565 -22.907454 0.000000 0.000000 0.000000 89.178955 0.859848 8.740546 59.494686 9.264867 8.836328 0.384897 19.249380 83.200470 64.338890 54.940125 44.294815 8.820189 -1.631586 40.749184 -0.000000 0.000000 -21.479406 -0.000016 0.000038 -14.886846 -0.000012 0.000004 0.000012 3.045899 17.117327 -0.005919 4.533149 -0.826342 -1.451072 4.349129 0.178863 -1.363133 -0.000009 0.000008 -0.000021 5.174520 7.101853 -3.756064 5.451580 -0.923351 -0.687088 5.605656 0.067974 -0.579924 -0.000001 0.000085 -0.000007 16.602821 -8.945719 -9.002274 9.307016 1.845005 1.300639 9.209259 -0.142836 1.004883 0.000000 0.000628 0.000018 28.657471 -24.293100 -16.678919 12.560479 3.347440 4.958233 12.268447 -0.601322 4.155669 0.001039 0.000008 0.000017 0.000000 0.000000 0.000000 0.000000 0.000000 0.000000 -91.562813 -1.177128 11.875913 -58.452175 -4.304600 7.048472 -0.265864 -17.200285 100.342575 -42.992310 -43.584976 30.104815 -11.438779 1.929437 39.581215 -0.000013 0.000013 -27.901005 0.000099 -0.000019 -19.354462 0.000124 -0.000009 0.000053 -14.231791 18.012505 -4.096477 -9.981970 -0.714103 2.226017 -9.745345 0.281938 2.018502 0.000025 0.001205 -0.000013 -13.887232 7.410317 -6.439701 -10.332919 -0.897373 0.902132 -10.402900 0.100920 0.770945 0.001753 -0.000015 0.000153 -14.816625 -9.218985 -10.638040 -12.107923 1.818468 -1.409731 -12.007956 -0.139138 -1.045137 -0.001462 0.000003 -0.000013 -10.493227 -25.589233 -17.729000 -11.955550 3.494117 -4.238372 -12.234453 -0.454686 -3.475984 0.000029 -0.000002 -0.000033 0.000000 0.000000 0.000000 0.000000 0.000000 0.000000 6.699418 0.387213 14.455287 -0.026923 -0.011057 14.666411 -7.864197 -7.295037 12.093420 -0.114534 0.333175 -18.491547 0.000000 0.000000 0.000000 0.000000 0.000000 0.000000 0.000000 0.000000 0.000000 16.937105 6.304859 12.923537 0.500032 1.420651 22.496513 -10.735925 14.998567 15.011993 1.595703 -0.859299 -20.313969 0.000000 0.000000 0.000000 0.000000 0.000000 0.000000 0.000000 0.000000 0.000000 
-16.970324 86.572510 38.843014 -2.766141 -4.024092 -17.596050 2.377339 -0.408994 8.717669 -0.322826 0.223351 1.018610 3.999780 -1.614288 9.648825 2.824715 -0.192193 3.339160 -7.589833 5.074826 11.533329 0.430001 3.030774 -1.228102 -2.343696 -0.817762 -22.965834 0.000000 0.000000 0.000000 89.217468 0.829401 8.726046 59.267254 9.956486 8.979973 0.387052 19.385769 82.774406 63.243465 55.029869 43.405319 8.677591 -1.620538 40.807339 -0.000000 0.000000 -21.146162 -0.000015 0.000038 -14.658706 -0.000012 0.000004 0.000012 2.307563 17.101034 0.277130 4.053419 -0.845256 -1.378231 3.869074 0.160632 -1.297706 -0.000009 0.000008 -0.000021 4.442627 7.093188 -3.605057 4.961601 -0.931147 -0.658227 5.117097 0.061528 -0.556191 -0.000001 0.000086 -0.000007 15.880919 -8.942215 -9.036604 8.779116 1.859581 1.260065 8.678517 -0.132892 0.973925 0.000000 0.000623 0.000018 28.054811 -24.313084 -16.905066 12.081975 3.390585 4.843001 11.785221 -0.568527 4.060663 0.001031 0.000008 0.000018 0.000000 0.000000 0.000000 0.000000 0.000000 0.000000 -91.582092 -1.141880 11.865817 -58.164242 -4.041864 6.968814 -0.228034 -17.112972 100.908943 -42.832272 -42.859058 29.987947 -11.435941 1.930642 39.581680 -0.000013 0.000013 -27.888369 0.000098 -0.000018 -19.348484 0.000083 -0.000009 0.000046 -14.183136 18.018324 -4.041330 -9.957578 -0.725992 2.184160 -9.723035 0.271147 1.981665 0.000025 0.001235 -0.000013 -13.838060 7.412117 -6.448231 -10.305144 -0.902417 0.885060 -10.372988 0.097343 0.757286 0.001678 -0.000015 0.000155 -14.752304 -9.217838 -10.752881 -12.056554 1.827499 -1.389351 -11.957174 -0.134201 -1.029314 -0.001469 0.000003 -0.000013 -10.397983 -25.586142 -17.951761 -11.901178 3.516626 -4.181035 -12.179189 -0.439396 -3.426941 0.000040 -0.000002 -0.000032 0.000000 0.000000 0.000000 0.000000 0.000000 0.000000 6.804517 0.240660 14.602379 -0.023280 -0.002321 14.564327 -7.957895 -7.511828 12.117175 -0.106470 0.321736 -18.477156 0.000000 0.000000 0.000000 0.000000 0.000000 0.000000 0.000000 0.000000 0.000000 16.975014 6.181853 12.821016 0.503188 1.422553 22.568228 -10.742396 14.963650 15.128566 1.600394 -0.849579 -20.335857 0.000000 0.000000 0.000000 0.000000 0.000000 0.000000 0.000000 0.000000 0.000000 
-17.057556 86.570793 38.873005 -2.791336 -3.900504 -17.633253 2.381464 -0.410901 8.709073 -0.328573 0.228878 1.005159 4.021125 -1.598731 9.652423 2.847448 -0.195372 3.363929 -7.497990 4.959608 11.540280 0.409851 2.913168 -1.223306 -2.310696 -0.813406 -23.028528 0.000000 0.000000 0.000000 89.251328 0.796323 8.695265 59.103092 10.579039 9.110986 0.385789 19.514694 82.541069 62.181656 55.046486 42.596821 8.517443 -1.608013 40.873230 -0.000001 0.000000 -20.768425 -0.000015 0.000038 -14.400254 -0.000012 0.000004 0.000011 1.510954 17.078447 0.589071 3.534423 -0.865464 -1.300115 3.350242 0.140978 -1.227944 -0.000009 0.000008 -0.000021 3.651213 7.082755 -3.440561 4.433434 -0.939386 -0.627186 4.590304 0.054505 -0.530742 -0.000000 0.000087 -0.000008 15.090259 -8.938761 -9.080146 8.213674 1.874937 1.216416 8.109905 -0.122159 0.940656 0.000001 0.000626 0.000018 27.378420 -24.340973 -17.155697 11.567971 3.436120 4.716795 11.265603 -0.532937 3.956895 0.001023 0.000007 0.000019 0.000000 0.000000 0.000000 0.000000 0.000000 0.000000 -91.590439 -1.109934 11.852262 -57.920677 -3.697352 6.831416 -0.187828 -17.037071 101.409294 -42.630577 -42.256912 29.905359 -11.428417 1.931713 39.583885 -0.000013 0.000013 -27.862928 0.000099 -0.000018 -19.333105 0.000040 -0.000008 0.000005 -14.129764 18.021908 -3.967329 -9.923875 -0.737757 2.143141 -9.690936 0.260455 1.945877 0.000025 0.001244 -0.000014 -13.795014 7.412612 -6.440039 -10.267106 -0.907402 0.868072 -10.332737 0.093739 0.743707 0.001615 -0.000014 0.000158 -14.703915 -9.214485 -10.850510 -11.997313 1.836600 -1.368928 -11.897850 -0.129170 -1.013444 -0.001479 0.000003 -0.000013 -10.328517 -25.575619 -18.153795 -11.840814 3.539449 -4.122653 -12.118085 -0.423771 -3.376534 0.000051 -0.000002 -0.000032 0.000000 0.000000 0.000000 0.000000 0.000000 0.000000 6.910805 0.104014 14.734731 -0.019428 0.006214 14.471447 -8.050729 -7.723176 12.149076 -0.096789 0.311488 -18.469990 0.000000 0.000000 0.000000 0.000000 0.000000 0.000000 0.000000 0.000000 0.000000 17.018967 6.076524 12.720338 0.506430 1.423687 22.633186 -10.749462 14.929635 15.253530 1.604788 -0.840003 -20.357731 0.000000 0.000000 0.000000 0.000000 0.000000 0.000000 0.000000 0.000000 0.000000 
-17.141720 86.567764 38.904896 -2.816621 -3.792709 -17.665071 2.375728 -0.414426 8.708461 -0.347012 0.235097 0.977277 4.055571 -1.612855 9.656798 2.869906 -0.209614 3.396017 -7.419991 4.855049 11.536859 0.390569 2.807187 -1.213481 -2.285110 -0.810917 -23.089771 0.000000 0.000000 0.000000 89.277931 0.761005 8.644835 59.021908 11.116124 9.228559 0.382367 19.632629 82.522430 61.201580 55.027336 41.952244 8.346566 -1.594199 40.944870 -0.000001 0.000001 -20.358871 -0.000014 0.000038 -14.120620 -0.000012 0.000004 0.000011 0.674618 17.051096 0.929553 2.996146 -0.886205 -1.218772 2.813711 0.120663 -1.155659 -0.000010 0.000008 -0.000021 2.819975 7.071639 -3.258759 3.888115 -0.947834 -0.594720 4.046465 0.047152 -0.504179 0.000000 0.000087 -0.000008 14.250835 -8.937497 -9.121315 7.634228 1.890590 1.170732 7.527613 -0.111013 0.905921 0.000000 0.000628 0.000018 26.644964 -24.382740 -17.413279 11.041682 3.482443 4.582637 10.732652 -0.495982 3.846901 0.001017 0.000007 0.000020 0.000000 0.000000 0.000000 0.000000 0.000000 0.000000 -91.584557 -1.080835 11.835649 -57.724384 -3.239219 6.623629 -0.144447 -16.965233 101.807999 -42.376209 -41.814899 29.845678 -11.415678 1.932584 39.588203 -0.000014 0.000013 -27.822433 0.000100 -0.000017 -19.306854 -0.000002 -0.000008 -0.000061 -14.061402 18.021687 -3.868279 -9.873435 -0.749296 2.102342 -9.642387 0.249926 1.910572 0.000026 0.001229 -0.000014 -13.745895 7.411377 -6.408370 -10.211493 -0.912307 0.850945 -10.274323 0.090082 0.730010 0.001567 -0.000015 0.000161 -14.655987 -9.208884 -10.920509 -11.920772 1.845753 -1.347969 -11.820875 -0.124007 -0.997229 -0.001493 0.000003 -0.000013 -10.268418 -25.558313 -18.320229 -11.764951 3.562412 -4.061716 -12.041306 -0.407856 -3.323655 0.000065 -0.000002 -0.000031 0.000000 0.000000 0.000000 0.000000 0.000000 0.000000 7.018169 -0.028074 14.860532 -0.015436 0.014661 14.382014 -8.140892 -7.924743 12.189273 -0.085335 0.302900 -18.468357 0.000000 0.000000 0.000000 0.000000 0.000000 0.000000 0.000000 0.000000 0.000000 17.072420 5.985337 12.621585 0.509705 1.423706 22.694599 -10.757122 14.894600 15.384954 1.608696 -0.830441 -20.377401 0.000000 0.000000 0.000000 0.000000 0.000000 0.000000 0.000000 0.000000 0.000000 
-17.222235 86.561745 38.940533 -2.843104 -3.698660 -17.698164 2.363568 -0.420382 8.712324 -0.375078 0.241472 0.937225 4.102375 -1.654003 9.660506 2.889746 -0.234439 3.436303 -7.359452 4.767307 11.518705 0.372717 2.719853 -1.199164 -2.268911 -0.810141 -23.139486 0.000000 0.000000 0.000000 89.303467 0.724034 8.571945 59.029202 11.555540 9.324839 0.378310 19.733730 82.713417 60.376740 55.015640 41.555069 8.175301 -1.579233 41.019131 -0.000001 0.000002 -19.939045 -0.000013 0.000037 -13.835129 -0.000011 0.000003 0.000011 -0.171838 17.023695 1.285850 2.471831 -0.905953 -1.138072 2.293764 0.101271 -1.084093 -0.000010 0.000009 -0.000021 1.981207 7.062131 -3.062613 3.360904 -0.955976 -0.562395 3.520402 0.040029 -0.477747 0.000001 0.000086 -0.000009 13.402353 -8.941448 -9.147362 7.080232 1.905547 1.125485 6.971411 -0.100307 0.871544 0.000000 0.000625 0.000018 25.898798 -24.442913 -17.653208 10.542676 3.526178 4.448602 10.225994 -0.460943 3.737411 0.001016 0.000007 0.000021 0.000000 0.000000 0.000000 0.000000 0.000000 0.000000 -91.572525 -1.051134 11.818953 -57.568874 -2.653589 6.338593 -0.099948 -16.880878 102.076843 -42.066422 -41.535755 29.771009 -11.398936 1.933073 39.594585 -0.000014 0.000013 -27.769346 0.000101 -0.000017 -19.271494 -0.000037 -0.000007 -0.000128 -13.973485 18.017822 -3.748496 -9.807366 -0.760282 2.061312 -9.579017 0.239845 1.875350 0.000026 0.001187 -0.000014 -13.679421 7.408890 -6.354592 -10.139750 -0.917035 0.833638 -10.199482 0.086442 0.716133 0.001538 -0.000015 0.000164 -14.587690 -9.202462 -10.959093 -11.826245 1.854732 -1.326296 -11.726430 -0.118842 -0.980592 -0.001508 0.000003 -0.000012 -10.192854 -25.539417 -18.440798 -11.672492 3.584693 -3.998188 -11.947880 -0.392262 -3.268635 0.000086 -0.000002 -0.000031 0.000000 0.000000 0.000000 0.000000 0.000000 0.000000 7.125265 -0.160193 14.989038 -0.011718 0.022886 14.292798 -8.226674 -8.111259 12.229074 -0.073298 0.296125 -18.466825 0.000000 0.000000 0.000000 0.000000 0.000000 0.000000 0.000000 0.000000 0.000000 17.137291 5.902651 12.526564 0.513046 1.422904 22.757118 -10.767390 14.856723 15.512938 1.612252 -0.820640 -20.389801 0.000000 0.000000 0.000000 0.000000 0.000000 0.000000 0.000000 0.000000 0.000000 
-17.298090 86.550919 38.980980 -2.872327 -3.618776 -17.736132 2.350098 -0.429296 8.713721 -0.406125 0.246756 0.887466 4.161875 -1.715850 9.667008 2.904434 -0.267202 3.479184 -7.319474 4.699308 11.479688 0.353833 2.653145 -1.188268 -2.261770 -0.809936 -23.168777 0.000000 0.000000 0.000000 89.337753 0.687203 8.481870 59.113995 11.896350 9.396331 0.375048 19.813385 83.067093 59.750607 55.042389 41.429272 8.008629 -1.563017 41.094280 -0.000002 0.000003 -19.522017 -0.000012 0.000037 -13.552695 -0.000011 0.000003 0.000010 -1.012144 17.000252 1.637077 1.986684 -0.923547 -1.060641 1.815043 0.084021 -1.015269 -0.000011 0.000009 -0.000021 1.153663 7.055865 -2.861272 2.878784 -0.963362 -0.531310 3.038886 0.033586 -0.452290 0.000001 0.000083 -0.000010 12.577745 -8.952257 -9.151109 6.583899 1.918934 1.082731 6.473091 -0.090744 0.838920 -0.000000 0.000620 0.000017 25.185318 -24.520021 -17.857462 10.104353 3.564534 4.322037 9.779424 -0.430588 3.634309 0.001018 0.000006 0.000022 0.000000 0.000000 0.000000 0.000000 0.000000 0.000000 -91.569504 -1.016367 11.804568 -57.460247 -1.966007 5.972726 -0.059335 -16.776497 102.218788 -41.731209 -41.396141 29.657408 -11.374426 1.932849 39.605064 -0.000015 0.000013 -27.694700 0.000103 -0.000017 -19.220831 -0.000055 -0.000006 -0.000165 -13.840722 18.010067 -3.619425 -9.713723 -0.770849 2.017292 -9.488706 0.230005 1.837665 0.000027 0.001128 -0.000015 -13.568236 7.405387 -6.288157 -10.041592 -0.921645 0.815337 -10.098945 0.082778 0.701345 0.001530 -0.000015 0.000167 -14.470552 -9.195908 -10.974860 -11.706421 1.863407 -1.302940 -11.608457 -0.113697 -0.962728 -0.001522 0.000003 -0.000012 -10.074817 -25.521151 -18.523569 -11.559780 3.605845 -3.930279 -11.834151 -0.377227 -3.210467 0.000116 -0.000003 -0.000030 0.000000 0.000000 0.000000 0.000000 0.000000 0.000000 7.231735 -0.291302 15.120595 -0.008795 0.030806 14.208342 -8.308957 -8.280477 12.258211 -0.062607 0.290491 -18.461527 0.000000 0.000000 0.000000 0.000000 0.000000 0.000000 0.000000 0.000000 0.000000 17.214609 5.825739 12.432752 0.516611 1.421991 22.831551 -10.782247 14.818501 15.623884 1.615620 -0.810057 -20.392033 0.000000 0.000000 0.000000 0.000000 0.000000 0.000000 0.000000 0.000000 0.000000 
-17.367954 86.535309 39.024357 -2.903656 -3.555920 -17.776001 2.339583 -0.440248 8.708719 -0.436121 0.250877 0.829332 4.233299 -1.790840 9.679930 2.911643 -0.302627 3.517952 -7.297133 4.647023 11.406241 0.330355 2.601475 -1.195089 -2.259555 -0.808249 -23.174976 0.000000 0.000000 0.000000 89.379677 0.652297 8.384308 59.268814 12.142326 9.446182 0.372949 19.870842 83.503929 59.267483 55.123791 41.490528 7.847239 -1.545897 41.168915 -0.000002 0.000004 -19.115227 -0.000011 0.000037 -13.278077 -0.000010 0.000002 0.000010 -1.832317 16.982283 1.960712 1.553596 -0.938966 -0.986856 1.388854 0.068939 -0.949269 -0.000011 0.000009 -0.000021 0.352423 7.052974 -2.666978 2.453742 -0.969934 -0.501609 2.614460 0.027848 -0.427884 0.000001 0.000079 -0.000010 11.800090 -8.968859 -9.133073 6.159402 1.930567 1.042798 6.046363 -0.082390 0.808192 -0.000001 0.000623 0.000017 24.531834 -24.606205 -18.017710 9.739605 3.597315 4.204373 9.406261 -0.405066 3.538453 0.001021 0.000006 0.000023 0.000000 0.000000 0.000000 0.000000 0.000000 0.000000 -91.583321 -0.974197 11.789931 -57.413338 -1.231352 5.532800 -0.026121 -16.662199 102.249275 -41.383419 -41.348763 29.479416 -11.332112 1.931421 39.623936 -0.000015 0.000013 -27.574438 0.000105 -0.000016 -19.138445 -0.000052 -0.000005 -0.000150 -13.614163 17.997702 -3.495634 -9.563042 -0.781912 1.965060 -9.341016 0.219482 1.792626 0.000027 0.001059 -0.000015 -13.368087 7.400508 -6.223451 -9.889695 -0.926460 0.794240 -9.945651 0.078833 0.684106 0.001529 -0.000015 0.000169 -14.273892 -9.188671 -10.986335 -11.540876 1.872054 -1.275851 -11.446381 -0.108304 -0.942040 -0.001537 0.000002 -0.000012 -9.891827 -25.500887 -18.595688 -11.414105 3.626542 -3.853183 -11.685912 -0.362001 -3.145499 0.000156 -0.000003 -0.000030 0.000000 0.000000 0.000000 0.000000 0.000000 0.000000 7.336401 -0.413736 15.243317 -0.006840 0.038438 14.138469 -8.388962 -8.431306 12.275358 -0.054278 0.285258 -18.454144 0.000000 0.000000 0.000000 0.000000 0.000000 0.000000 0.000000 0.000000 0.000000 17.301218 5.758671 12.334743 0.520534 1.421495 22.927347 -10.800109 14.787410 15.712827 1.618591 -0.798464 -20.387087 0.000000 0.000000 0.000000 0.000000 0.000000 0.000000 0.000000 0.000000 0.000000 
-17.430954 86.516357 39.067230 -2.934127 -3.515696 -17.812723 2.335387 -0.451416 8.696652 -0.464032 0.254849 0.764046 4.313127 -1.869943 9.701813 2.908750 -0.335067 3.550008 -7.288135 4.606434 11.291569 0.300897 2.559582 -1.227293 -2.259109 -0.803992 -23.158987 0.000000 0.000000 0.000000 89.423698 0.621027 8.289667 59.494652 12.313236 9.484849 0.370904 19.909325 83.954521 58.854687 55.284031 41.643394 7.691410 -1.528355 41.241653 -0.000002 0.000005 -18.724224 -0.000010 0.000037 -13.014708 -0.000009 0.000002 0.000009 -2.613986 16.970211 2.244173 1.180037 -0.952735 -0.916738 1.021708 0.055498 -0.886038 -0.000012 0.000009 -0.000021 -0.405558 7.052990 -2.487027 2.090099 -0.975895 -0.473202 2.251673 0.022629 -0.404470 0.000002 0.000074 -0.000010 11.079360 -8.989356 -9.095978 5.806885 1.940781 1.005093 5.691458 -0.074970 0.778963 -0.000001 0.000639 0.000016 23.939573 -24.695236 -18.130934 9.444426 3.625905 4.093453 9.103280 -0.383064 3.447863 0.001025 0.000006 0.000024 0.000000 0.000000 0.000000 0.000000 0.000000 0.000000 -91.614555 -0.924852 11.771944 -57.434772 -0.496062 5.042555 -0.001479 -16.544945 102.161179 -41.004124 -41.333893 29.200962 -11.262409 1.928007 39.655373 -0.000015 0.000013 -27.385353 0.000107 -0.000016 -19.008410 -0.000031 -0.000004 -0.000088 -13.248051 17.981136 -3.380011 -9.328220 -0.794258 1.901401 -9.108115 0.207568 1.737192 0.000028 0.000981 -0.000015 -13.039631 7.394120 -6.166102 -9.657384 -0.931779 0.769117 -9.712600 0.074404 0.663432 0.001515 -0.000016 0.000170 -13.972024 -9.180739 -11.006109 -11.307872 1.881066 -1.243669 -11.217024 -0.102429 -0.917532 -0.001555 0.000002 -0.000012 -9.623468 -25.478310 -18.680134 -11.220075 3.647707 -3.763401 -11.486561 -0.345812 -3.070863 0.000205 -0.000003 -0.000030 0.000000 0.000000 0.000000 0.000000 0.000000 0.000000 7.437995 -0.520724 15.343749 -0.005805 0.045332 14.093535 -8.465975 -8.561751 12.279933 -0.048376 0.280626 -18.445450 0.000000 0.000000 0.000000 0.000000 0.000000 0.000000 0.000000 0.000000 0.000000 17.391203 5.708327 12.234238 0.524776 1.421814 23.041498 -10.819180 14.773633 15.780822 1.621288 -0.786514 -20.378820 0.000000 0.000000 0.000000 0.000000 0.000000 0.000000 0.000000 0.000000 0.000000 
-17.487415 86.496193 39.106731 -2.961976 -3.506220 -17.843716 2.341446 -0.461403 8.678146 -0.489903 0.259564 0.697181 4.396370 -1.943973 9.732231 2.894921 -0.360297 3.578786 -7.289548 4.578575 11.144083 0.267227 2.528213 -1.281903 -2.260791 -0.797575 -23.124451 0.000000 0.000000 0.000000 89.463402 0.594741 8.207865 59.793995 12.423515 9.523753 0.366475 19.932589 84.389931 58.494038 55.549858 41.857117 7.541477 -1.510678 41.311882 -0.000003 0.000006 -18.350889 -0.000009 0.000036 -12.763800 -0.000009 0.000002 0.000009 -3.344950 16.964363 2.490150 0.867050 -0.965383 -0.850300 0.715209 0.043124 -0.825741 -0.000012 0.000009 -0.000022 -1.111086 7.055477 -2.320747 1.785429 -0.981508 -0.445989 1.947760 0.017732 -0.382016 0.000001 0.000069 -0.000010 10.408452 -9.012203 -9.042387 5.515869 1.950080 0.968813 5.398157 -0.068170 0.750747 -0.000002 0.000665 0.000016 23.389357 -24.784950 -18.200468 9.203363 3.651926 3.986176 8.855761 -0.363115 3.359885 0.001030 0.000005 0.000024 0.000000 0.000000 0.000000 0.000000 0.000000 0.000000 -91.662018 -0.870404 11.749824 -57.520599 0.226135 4.539421 0.014609 -16.421642 101.939270 -40.551792 -41.326691 28.796736 -11.160972 1.921826 39.701458 -0.000016 0.000013 -27.117208 0.000111 -0.000016 -18.823343 0.000003 -0.000003 -0.000006 -12.720317 17.962313 -3.263557 -8.999876 -0.807988 1.827025 -8.780721 0.194280 1.671956 0.000028 0.000897 -0.000015 -12.564417 7.386689 -6.112289 -9.333797 -0.937662 0.740069 -9.388193 0.069501 0.639505 0.001472 -0.000016 0.000171 -13.550733 -9.173101 -11.036307 -10.996365 1.890681 -1.206626 -10.907537 -0.096053 -0.889467 -0.001571 0.000002 -0.000012 -9.252912 -25.457188 -18.786047 -10.967800 3.669754 -3.661189 -11.225550 -0.328482 -2.986562 0.000257 -0.000003 -0.000030 0.000000 0.000000 0.000000 0.000000 0.000000 0.000000 7.537438 -0.611506 15.415133 -0.005495 0.050949 14.079964 -8.538836 -8.668083 12.271055 -0.044009 0.276929 -18.433262 0.000000 0.000000 0.000000 0.000000 0.000000 0.000000 0.000000 0.000000 0.000000 17.481062 5.680249 12.140506 0.529231 1.423428 23.160263 -10.840619 14.783510 15.831748 1.624612 -0.775505 -20.370108 0.000000 0.000000 0.000000 0.000000 0.000000 0.000000 0.000000 0.000000 0.000000 
-17.538355 86.475845 39.141624 -2.989175 -3.535573 -17.870441 2.361676 -0.470183 8.656224 -0.513149 0.265119 0.632658 4.479172 -2.007120 9.772243 2.870041 -0.376601 3.606152 -7.300984 4.565464 10.975422 0.230920 2.508827 -1.352215 -2.265918 -0.790116 -23.075621 0.000000 0.000000 0.000000 89.496025 0.573786 8.143681 60.146896 12.465980 9.565430 0.358479 19.944063 84.804062 58.211651 55.917995 42.137627 7.395406 -1.492785 41.380375 -0.000003 0.000008 -17.990025 -0.000008 0.000036 -12.521446 -0.000008 0.000002 0.000008 -4.033576 16.963903 2.703729 0.605603 -0.977172 -0.787626 0.460390 0.031509 -0.768539 -0.000012 0.000008 -0.000022 -1.773476 7.059739 -2.167149 1.528791 -0.986895 -0.419937 1.691610 0.013071 -0.360518 0.000001 0.000064 -0.000010 9.771026 -9.036331 -8.976954 5.270362 1.958722 0.933597 5.150583 -0.061829 0.723344 -0.000002 0.000692 0.000015 22.859936 -24.874615 -18.235418 8.998727 3.676235 3.881322 8.646301 -0.344454 3.273407 0.001034 0.000005 0.000024 0.000000 0.000000 0.000000 0.000000 0.000000 0.000000 -91.724464 -0.812652 11.720910 -57.671669 0.933164 4.042559 0.021411 -16.293859 101.598015 -40.014492 -41.320137 28.276817 -11.026047 1.912375 39.762993 -0.000016 0.000013 -26.766285 0.000114 -0.000016 -18.580492 0.000042 -0.000002 0.000072 -12.018844 17.942427 -3.138171 -8.575436 -0.822833 1.743976 -8.356416 0.179920 1.598731 0.000029 0.000813 -0.000016 -11.932863 7.378475 -6.057704 -8.914788 -0.944009 0.707730 -8.968114 0.064227 0.612903 0.001397 -0.000016 0.000171 -13.001197 -9.165951 -11.076709 -10.600796 1.900867 -1.165626 -10.511580 -0.089259 -0.858559 -0.001581 0.000001 -0.000012 -8.769589 -25.438768 -18.917028 -10.651231 3.692608 -3.548740 -10.897040 -0.310209 -2.894239 0.000307 -0.000003 -0.000030 0.000000 0.000000 0.000000 0.000000 0.000000 0.000000 7.639118 -0.682243 15.458474 -0.005565 0.055703 14.098347 -8.608915 -8.746655 12.250940 -0.039989 0.274042 -18.415649 0.000000 0.000000 0.000000 0.000000 0.000000 0.000000 0.000000 0.000000 0.000000 17.572763 5.673859 12.062680 0.533781 1.426344 23.276564 -10.867450 14.821569 15.866691 1.629191 -0.766427 -20.361641 0.000000 0.000000 0.000000 0.000000 0.000000 0.000000 0.000000 0.000000 0.000000 
-17.584641 86.455490 39.171974 -3.018506 -3.608467 -17.894701 2.398763 -0.478480 8.633352 -0.532460 0.271104 0.569654 4.558972 -2.056281 9.824749 2.833297 -0.383623 3.630503 -7.324399 4.566862 10.794326 0.193182 2.500887 -1.432051 -2.274759 -0.783231 -23.015236 0.000000 0.000000 0.000000 89.523521 0.557486 8.098931 60.525303 12.430999 9.604955 0.347760 19.948137 85.192894 58.044407 56.368084 42.497898 7.252001 -1.474470 41.447720 -0.000003 0.000009 -17.638002 -0.000008 0.000036 -12.284680 -0.000007 0.000002 0.000008 -4.693179 16.968189 2.887397 0.385515 -0.988135 -0.728973 0.246764 0.020629 -0.714634 -0.000013 0.000008 -0.000022 -2.405293 7.065365 -2.025840 1.309429 -0.992073 -0.395107 1.472456 0.008657 -0.340021 0.000001 0.000058 -0.000010 9.154983 -9.061309 -8.903539 5.057109 1.966794 0.899428 4.935470 -0.055917 0.696785 -0.000002 0.000708 0.000014 22.339647 -24.963930 -18.244345 8.817183 3.699205 3.779131 8.461768 -0.326894 3.188624 0.001037 0.000005 0.000024 0.000000 0.000000 0.000000 0.000000 0.000000 0.000000 -91.802063 -0.751908 11.681963 -57.888985 1.620981 3.556584 0.017680 -16.168623 101.167618 -39.416965 -41.309566 27.670952 -10.858562 1.899386 39.839695 -0.000016 0.000013 -26.335428 0.000117 -0.000016 -18.282024 0.000080 -0.000001 0.000135 -11.139530 17.922340 -2.998568 -8.056197 -0.838504 1.654140 -7.836355 0.164782 1.519219 0.000029 0.000735 -0.000016 -11.143722 7.369793 -5.997836 -8.400951 -0.950710 0.672746 -8.453276 0.058681 0.584171 0.001297 -0.000016 0.000170 -12.322059 -9.159332 -11.124707 -10.120931 1.911531 -1.121606 -10.028909 -0.082155 -0.825462 -0.001583 0.000001 -0.000012 -8.172258 -25.423397 -19.072729 -10.269634 3.716116 -3.428451 -10.501159 -0.291327 -2.795827 0.000352 -0.000003 -0.000030 0.000000 0.000000 0.000000 0.000000 0.000000 0.000000 7.746941 -0.726425 15.478492 -0.005751 0.060249 14.144094 -8.678453 -8.794671 12.223422 -0.035635 0.271660 -18.392292 0.000000 0.000000 0.000000 0.000000 0.000000 0.000000 0.000000 0.000000 0.000000 17.668304 5.682584 12.006351 0.538282 1.430157 23.388931 -10.902197 14.891505 15.884048 1.635052 -0.759699 -20.351973 0.000000 0.000000 0.000000 0.000000 0.000000 0.000000 0.000000 0.000000 0.000000 
-17.627213 86.436188 39.197132 -3.050831 -3.725892 -17.913115 2.451329 -0.486879 8.610271 -0.547957 0.277398 0.508398 4.632290 -2.091108 9.885116 2.786520 -0.381447 3.651368 -7.358781 4.579022 10.604040 0.155944 2.501804 -1.518424 -2.286269 -0.778441 -22.943560 0.000000 0.000000 0.000000 89.540009 0.545450 8.074698 60.919842 12.308029 9.642393 0.335582 19.946712 85.546082 57.972778 56.877728 42.910984 7.113572 -1.456193 41.512821 -0.000003 0.000010 -17.299429 -0.000007 0.000036 -12.056530 -0.000006 0.000002 0.000008 -5.318543 16.975946 3.042312 0.199885 -0.998256 -0.674493 0.067870 0.010446 -0.664163 -0.000013 0.000008 -0.000022 -3.001626 7.071691 -1.898016 1.119828 -0.997023 -0.371556 1.282980 0.004491 -0.320569 0.000000 0.000052 -0.000010 8.562743 -9.085670 -8.826967 4.866570 1.974343 0.866217 4.743241 -0.050349 0.671032 -0.000003 0.000711 0.000013 21.829687 -25.048710 -18.235310 8.648517 3.721095 3.678921 8.291672 -0.310116 3.105068 0.001039 0.000005 0.000024 0.000000 0.000000 0.000000 0.000000 0.000000 0.000000 -91.890434 -0.690661 11.636434 -58.164967 2.297167 3.095245 0.004710 -16.053446 100.676659 -38.765175 -41.298466 27.002077 -10.668242 1.883535 39.926918 -0.000017 0.000014 -25.849699 0.000120 -0.000016 -17.945364 0.000114 0.000000 0.000176 -10.132845 17.902231 -2.850837 -7.471153 -0.854378 1.561243 -7.249407 0.149499 1.436825 0.000029 0.000666 -0.000016 -10.242928 7.360845 -5.934419 -7.820562 -0.957507 0.636499 -7.871384 0.053061 0.554424 0.001180 -0.000016 0.000168 -11.549721 -9.153480 -11.176126 -9.581212 1.922380 -1.076434 -9.483464 -0.074987 -0.791541 -0.001581 0.000001 -0.000012 -7.490976 -25.411654 -19.244638 -9.841084 3.739619 -3.305142 -10.056190 -0.272508 -2.695059 0.000392 -0.000003 -0.000030 0.000000 0.000000 0.000000 0.000000 0.000000 0.000000 7.860234 -0.741821 15.476809 -0.005935 0.064808 14.210065 -8.747642 -8.810997 12.196807 -0.030209 0.269333 -18.367271 0.000000 0.000000 0.000000 0.000000 0.000000 0.000000 0.000000 0.000000 0.000000 17.766569 5.702347 11.969426 0.542702 1.434724 23.493078 -10.944852 14.987074 15.889538 1.641969 -0.755598 -20.342535 0.000000 0.000000 0.000000 0.000000 0.000000 0.000000 0.000000 0.000000 0.000000 
-17.666967 86.418777 39.216610 -3.086090 -3.884952 -17.923203 2.515417 -0.495822 8.588366 -0.560449 0.283911 0.449046 4.696987 -2.113032 9.947480 2.733344 -0.371337 3.667477 -7.400454 4.596683 10.404839 0.120580 2.507581 -1.609445 -2.298977 -0.776542 -22.859770 0.000000 0.000000 0.000000 89.540146 0.537377 8.070312 61.320950 12.090042 9.678222 0.323274 19.942307 85.849442 57.943516 57.417210 43.322426 6.983063 -1.438691 41.573975 -0.000003 0.000011 -16.981386 -0.000007 0.000036 -11.841506 -0.000005 0.000002 0.000007 -5.899660 16.984911 3.167989 0.042918 -1.007549 -0.624696 -0.081881 0.000894 -0.617654 -0.000013 0.000008 -0.000023 -3.552809 7.077719 -1.786979 0.954400 -1.001693 -0.349547 1.117598 0.000563 -0.302399 0.000000 0.000046 -0.000010 8.003494 -9.107702 -8.753890 4.692605 1.981355 0.834331 4.567713 -0.045051 0.646394 -0.000003 0.000704 0.000013 21.337530 -25.124781 -18.217482 8.487111 3.741902 3.581526 8.129855 -0.293924 3.023514 0.001042 0.000004 0.000024 0.000000 0.000000 0.000000 0.000000 0.000000 0.000000 -91.980774 -0.632974 11.593154 -58.485992 2.976078 2.678279 -0.013779 -15.956972 100.146820 -38.066227 -41.281906 26.294031 -10.470109 1.866274 40.017429 -0.000017 0.000014 -25.347191 0.000123 -0.000017 -17.596735 0.000142 0.000001 0.000195 -9.086351 17.881908 -2.709796 -6.869439 -0.869669 1.470104 -6.644861 0.134811 1.355989 0.000030 0.000603 -0.000016 -9.308752 7.351645 -5.874896 -7.222076 -0.964050 0.600839 -7.270474 0.047613 0.525169 0.001053 -0.000016 0.000166 -10.748376 -9.148091 -11.227708 -9.025166 1.932904 -1.032488 -8.918795 -0.068068 -0.758588 -0.001578 0.000001 -0.000012 -6.780802 -25.402647 -19.419924 -9.399158 3.762031 -3.185199 -9.596474 -0.254545 -2.596905 0.000422 -0.000003 -0.000030 0.000000 0.000000 0.000000 0.000000 0.000000 0.000000 7.976728 -0.729545 15.457368 -0.006000 0.069521 14.288590 -8.815656 -8.800171 12.177701 -0.023365 0.266835 -18.344517 0.000000 0.000000 0.000000 0.000000 0.000000 0.000000 0.000000 0.000000 0.000000 17.865572 5.728760 11.945944 0.547044 1.439837 23.589294 -10.993503 15.099538 15.889606 1.649400 -0.754131 -20.334784 0.000000 0.000000 0.000000 0.000000 0.000000 0.000000 0.000000 0.000000 0.000000 
-17.704823 86.403702 39.230038 -3.125354 -4.079333 -17.922848 2.586671 -0.505711 8.569264 -0.570289 0.290375 0.391266 4.753189 -2.125534 10.006322 2.677417 -0.355313 3.676274 -7.445470 4.615172 10.194886 0.087788 2.514005 -1.703691 -2.311645 -0.777645 -22.761360 0.000000 0.000000 0.000000 89.523254 0.533026 8.083475 61.714985 11.782772 9.710812 0.312489 19.937832 86.084602 57.894367 57.954979 43.665577 6.864439 -1.422747 41.629139 -0.000003 0.000012 -16.693684 -0.000007 0.000036 -11.646119 -0.000005 0.000002 0.000007 -6.421385 16.993423 3.262120 -0.087683 -1.015867 -0.580876 -0.205245 -0.007857 -0.576361 -0.000013 0.000008 -0.000023 -4.044077 7.082789 -1.696703 0.811844 -1.005959 -0.329702 0.974991 -0.003071 -0.286049 -0.000000 0.000039 -0.000009 7.494209 -9.126317 -8.690372 4.534791 1.987689 0.804744 4.408200 -0.040085 0.623644 -0.000003 0.000691 0.000012 20.878172 -25.189497 -18.198116 8.333509 3.761194 3.489963 7.976330 -0.278571 2.946505 0.001047 0.000004 0.000023 0.000000 0.000000 0.000000 0.000000 0.000000 0.000000 -92.064514 -0.582562 11.562877 -58.835377 3.665562 2.323397 -0.033392 -15.886488 99.600037 -37.333591 -41.250504 25.571365 -10.280223 1.849313 40.103722 -0.000018 0.000015 -24.867632 0.000127 -0.000016 -17.263735 0.000162 0.000002 0.000191 -8.093962 17.861849 -2.590960 -6.301819 -0.883637 1.385500 -6.073875 0.121407 1.281046 0.000030 0.000541 -0.000017 -8.425468 7.342440 -5.827303 -6.656482 -0.970011 0.567647 -6.701549 0.042582 0.497941 0.000923 -0.000017 0.000164 -9.990321 -9.142896 -11.276847 -8.500355 1.942563 -0.992097 -8.383252 -0.061729 -0.728362 -0.001578 0.000000 -0.000012 -6.105722 -25.395468 -19.585348 -8.982031 3.782197 -3.075168 -9.161344 -0.238295 -2.506590 0.000444 -0.000003 -0.000030 0.000000 0.000000 0.000000 0.000000 0.000000 0.000000 8.095325 -0.692637 15.425956 -0.005833 0.074460 14.369725 -8.881423 -8.769416 12.170418 -0.015144 0.264365 -18.326895 0.000000 0.000000 0.000000 0.000000 0.000000 0.000000 0.000000 0.000000 0.000000 17.964413 5.755571 11.927365 0.551288 1.445227 23.681757 -11.045239 15.220139 15.886823 1.656614 -0.755008 -20.328262 0.000000 0.000000 0.000000 0.000000 0.000000 0.000000 0.000000 0.000000 0.000000 
-17.741379 86.390297 39.238262 -3.169308 -4.299215 -17.913420 2.662547 -0.516341 8.553283 -0.576751 0.296804 0.335838 4.802903 -2.129763 10.059868 2.620129 -0.334658 3.676038 -7.492312 4.631267 9.978070 0.057998 2.517774 -1.797959 -2.323288 -0.781649 -22.649517 0.000000 0.000000 0.000000 89.495300 0.532114 8.112764 62.090378 11.411402 9.733344 0.304774 19.935781 86.258720 57.800827 58.468472 43.904587 6.760897 -1.409030 41.676537 -0.000003 0.000013 -16.445087 -0.000007 0.000035 -11.476102 -0.000004 0.000002 0.000007 -6.869760 16.999659 3.316232 -0.193769 -1.023128 -0.544155 -0.304927 -0.015659 -0.541397 -0.000013 0.000007 -0.000023 -4.459751 7.086180 -1.635168 0.691584 -1.009709 -0.312624 0.854790 -0.006353 -0.272013 -0.000000 0.000033 -0.000009 7.059437 -9.140462 -8.643295 4.395627 1.993213 0.778682 4.266772 -0.035558 0.603703 -0.000003 0.000675 0.000011 20.478708 -25.239788 -18.183460 8.192668 3.778518 3.408861 7.835397 -0.264464 2.877833 0.001051 0.000004 0.000023 0.000000 0.000000 0.000000 0.000000 0.000000 0.000000 -92.139221 -0.540229 11.550270 -59.209751 4.347144 2.038956 -0.050420 -15.847269 99.073586 -36.615128 -41.199520 24.879494 -10.108876 1.833819 40.181087 -0.000018 0.000015 -24.436666 0.000131 -0.000016 -16.964090 0.000178 0.000003 0.000169 -7.212266 17.842930 -2.498873 -5.797423 -0.895898 1.310666 -5.566154 0.109626 1.214826 0.000030 0.000485 -0.000017 -7.644616 7.333629 -5.792758 -6.153532 -0.975218 0.538264 -6.195192 0.038128 0.473819 0.000798 -0.000017 0.000162 -9.322224 -9.137668 -11.320342 -8.035626 1.951013 -0.956853 -7.907175 -0.056189 -0.702029 -0.001580 -0.000000 -0.000013 -5.509453 -25.388893 -19.733187 -8.613970 3.799415 -2.979818 -8.776423 -0.224284 -2.427996 0.000456 -0.000003 -0.000030 0.000000 0.000000 0.000000 0.000000 0.000000 0.000000 8.215690 -0.634370 15.389292 -0.005414 0.079560 14.446130 -8.943152 -8.723596 12.173567 -0.006072 0.262371 -18.313713 0.000000 0.000000 0.000000 0.000000 0.000000 0.000000 0.000000 0.000000 0.000000 18.062090 5.775180 11.909581 0.555362 1.450517 23.775431 -11.098584 15.344919 15.877245 1.663082 -0.757707 -20.319397 0.000000 0.000000 0.000000 0.000000 0.000000 0.000000 0.000000 0.000000 0.000000 
-17.777142 86.377998 39.241863 -3.217704 -4.533322 -17.895742 2.739691 -0.527108 8.540545 -0.579169 0.303125 0.285430 4.848221 -2.128076 10.105490 2.563358 -0.310702 3.668128 -7.539330 4.642704 9.759171 0.031750 2.516618 -1.889656 -2.333396 -0.788167 -22.527668 0.000000 0.000000 0.000000 89.462219 0.534366 8.156550 62.442482 11.004688 9.741800 0.300551 19.934721 86.402245 57.653038 58.948299 44.025448 6.675772 -1.398099 41.714542 -0.000003 0.000013 -16.244045 -0.000007 0.000035 -11.337283 -0.000003 0.000002 0.000006 -7.228041 17.003300 3.324653 -0.274830 -1.029161 -0.515293 -0.381068 -0.022267 -0.513521 -0.000013 0.000007 -0.000023 -4.781926 7.087788 -1.608173 0.595347 -1.012838 -0.298749 0.759212 -0.009200 -0.260644 -0.000000 0.000026 -0.000008 6.725659 -9.149668 -8.617435 4.280411 1.997822 0.757136 4.148246 -0.031607 0.587279 -0.000003 0.000655 0.000011 20.170012 -25.272957 -18.177698 8.072252 3.793392 3.341867 7.713962 -0.252096 2.820506 0.001054 0.000003 0.000023 0.000000 0.000000 0.000000 0.000000 0.000000 0.000000 -92.204338 -0.506276 11.556813 -59.610268 4.988569 1.827085 -0.062022 -15.842242 98.606430 -35.955853 -41.141739 24.264399 -9.963599 1.820580 40.246326 -0.000019 0.000015 -24.073048 0.000135 -0.000016 -16.710793 0.000192 0.000003 0.000129 -6.478893 17.826866 -2.431957 -5.375024 -0.906130 1.248219 -5.141038 0.099798 1.159520 0.000030 0.000435 -0.000017 -7.000611 7.325975 -5.768918 -5.732599 -0.979556 0.513767 -5.771472 0.034395 0.453661 0.000684 -0.000017 0.000161 -8.776489 -9.132867 -11.354770 -7.649373 1.958028 -0.928008 -7.510209 -0.051641 -0.680474 -0.001582 -0.000000 -0.000013 -5.023830 -25.383018 -19.858015 -8.310406 3.813193 -2.902799 -8.458076 -0.212990 -2.364063 0.000457 -0.000003 -0.000030 0.000000 0.000000 0.000000 0.000000 0.000000 0.000000 8.337485 -0.559022 15.350629 -0.004809 0.084680 14.514115 -8.999031 -8.666333 12.184937 0.003549 0.261194 -18.304594 0.000000 0.000000 0.000000 0.000000 0.000000 0.000000 0.000000 0.000000 0.000000 18.157711 5.784209 11.890573 0.559218 1.455588 23.870125 -11.153205 15.467698 15.857821 1.668670 -0.761964 -20.305344 0.000000 0.000000 0.000000 0.000000 0.000000 0.000000 0.000000 0.000000 0.000000 
-17.812437 86.366623 39.240784 -3.268861 -4.771209 -17.869335 2.812649 -0.537418 8.531285 -0.578689 0.308862 0.244105 4.891458 -2.126357 10.137931 2.511039 -0.286171 3.657395 -7.583539 4.647924 9.538414 0.009249 2.509263 -1.979451 -2.341968 -0.795950 -22.399755 0.000000 0.000000 0.000000 89.426682 0.538997 8.209954 62.763363 10.586809 9.734509 0.298987 19.929373 86.559738 57.449852 59.384933 44.037060 6.610922 -1.390387 41.742256 -0.000003 0.000014 -16.095015 -0.000007 0.000035 -11.232757 -0.000002 0.000001 0.000006 -7.481324 17.004078 3.289430 -0.330486 -1.033687 -0.494849 -0.433475 -0.027397 -0.493342 -0.000013 0.000007 -0.000023 -4.997705 7.087661 -1.616194 0.524815 -1.015211 -0.288394 0.690436 -0.011522 -0.252222 -0.000000 0.000021 -0.000007 6.508535 -9.153773 -8.614532 4.193713 2.001365 0.740784 4.056858 -0.028355 0.574846 -0.000003 0.000631 0.000011 19.969028 -25.287338 -18.182291 7.978022 3.805180 3.290858 7.617179 -0.241924 2.776106 0.001058 0.000003 0.000023 0.000000 0.000000 0.000000 0.000000 0.000000 0.000000 -92.254745 -0.482206 11.583716 -60.030159 5.563716 1.686670 -0.067388 -15.872560 98.220474 -35.383190 -41.094227 23.760323 -9.849954 1.810281 40.296898 -0.000019 0.000016 -23.790722 0.000139 -0.000016 -16.513565 0.000203 0.000003 0.000070 -5.924441 17.814585 -2.390997 -5.048754 -0.913972 1.200317 -4.813006 0.092268 1.116957 0.000030 0.000391 -0.000017 -6.520618 7.319882 -5.756905 -5.408131 -0.982883 0.494991 -5.445136 0.031510 0.438150 0.000586 -0.000017 0.000160 -8.378724 -9.128742 -11.379912 -7.354942 1.963364 -0.906463 -7.206269 -0.048247 -0.664350 -0.001584 -0.000001 -0.000013 -4.675135 -25.377687 -19.955841 -8.082261 3.823056 -2.846397 -8.217832 -0.204762 -2.316640 0.000450 -0.000003 -0.000030 0.000000 0.000000 0.000000 0.000000 0.000000 0.000000 8.459512 -0.472539 15.308576 -0.004090 0.089747 14.575034 -9.047812 -8.603638 12.202652 0.013848 0.260865 -18.300341 0.000000 0.000000 0.000000 0.000000 0.000000 0.000000 0.000000 0.000000 0.000000 18.250093 5.783653 11.868999 0.562822 1.460539 23.960449 -11.208773 15.578412 15.830172 1.673619 -0.767736 -20.286043 0.000000 0.000000 0.000000 0.000000 0.000000 0.000000 0.000000 0.000000 0.000000 
-17.846815 86.355415 39.236546 -3.319911 -5.003603 -17.838385 2.878162 -0.547115 8.525399 -0.575696 0.313052 0.213361 4.934808 -2.128356 10.159294 2.464945 -0.263741 3.647905 -7.628383 4.649578 9.319811 -0.010561 2.497318 -2.067073 -2.349422 -0.803534 -22.271969 0.000000 0.000000 0.000000 89.393494 0.544855 8.267574 63.044071 10.173034 9.704430 0.298534 19.914141 86.779854 57.232651 59.766582 43.992256 6.565185 -1.385743 41.760212 -0.000003 0.000015 -15.995487 -0.000007 0.000035 -11.160724 -0.000002 0.000001 0.000006 -7.633537 17.002083 3.217701 -0.362966 -1.036766 -0.482296 -0.464460 -0.031085 -0.480459 -0.000013 0.000007 -0.000023 -5.112153 7.086081 -1.654211 0.479268 -1.016850 -0.281439 0.647760 -0.013307 -0.246646 -0.000000 0.000017 -0.000007 6.405711 -9.153502 -8.631650 4.136970 2.003896 0.729699 3.994049 -0.025816 0.566435 -0.000003 0.000599 0.000010 19.876060 -25.285244 -18.195293 7.913372 3.813931 3.256152 7.548310 -0.234039 2.745041 0.001063 0.000002 0.000023 0.000000 0.000000 0.000000 0.000000 0.000000 0.000000 -92.289009 -0.466700 11.624837 -60.467533 6.051603 1.600436 -0.067729 -15.932611 97.940399 -34.935455 -41.066345 23.401793 -9.766335 1.802800 40.333515 -0.000019 0.000016 -23.585888 0.000143 -0.000016 -16.369825 0.000213 0.000004 -0.000006 -5.537072 17.806021 -2.369162 -4.810468 -0.919577 1.166552 -4.573973 0.086860 1.086808 0.000030 0.000351 -0.000017 -6.193481 7.315306 -5.753054 -5.171876 -0.985267 0.481763 -5.208495 0.029428 0.427163 0.000507 -0.000017 0.000160 -8.119395 -9.125069 -11.396272 -7.144084 1.967103 -0.891820 -6.987360 -0.045925 -0.653360 -0.001582 -0.000001 -0.000013 -4.457409 -25.372231 -20.028431 -7.923072 3.829367 -2.809132 -8.050012 -0.199266 -2.284660 0.000436 -0.000003 -0.000030 0.000000 0.000000 0.000000 0.000000 0.000000 0.000000 8.580504 -0.378637 15.265568 -0.003299 0.094749 14.631043 -9.089004 -8.540892 12.220716 0.024372 0.261395 -18.298698 0.000000 0.000000 0.000000 0.000000 0.000000 0.000000 0.000000 0.000000 0.000000 18.338125 5.774172 11.847965 0.566062 1.465185 24.043995 -11.266205 15.674640 15.794545 1.678145 -0.774845 -20.261318 0.000000 0.000000 0.000000 0.000000 0.000000 0.000000 0.000000 0.000000 0.000000 
-17.879641 86.344559 39.230240 -3.369244 -5.224724 -17.805000 2.934308 -0.556499 8.522235 -0.570779 0.314729 0.191931 4.979610 -2.138783 10.172970 2.425857 -0.245688 3.642629 -7.679022 4.651181 9.102037 -0.029250 2.483067 -2.155296 -2.356174 -0.809475 -22.147894 0.000000 0.000000 0.000000 89.363655 0.551430 8.325392 63.276016 9.774358 9.652639 0.297797 19.882809 87.079918 57.036930 60.074093 43.933910 6.536980 -1.383854 41.769379 -0.000002 0.000016 -15.941443 -0.000008 0.000035 -11.118478 -0.000001 0.000001 0.000006 -7.689927 16.998199 3.123001 -0.373649 -1.038457 -0.476823 -0.475035 -0.033383 -0.474213 -0.000013 0.000006 -0.000023 -5.133438 7.083621 -1.711177 0.458451 -1.017801 -0.277594 0.630879 -0.014557 -0.243691 -0.000000 0.000014 -0.000006 6.405136 -9.149990 -8.661356 4.110306 2.005487 0.723467 3.960110 -0.023965 0.561740 -0.000003 0.000559 0.000010 19.877350 -25.270048 -18.210588 7.878460 3.819858 3.235944 7.507812 -0.228355 2.726071 0.001067 0.000002 0.000023 0.000000 0.000000 0.000000 0.000000 0.000000 0.000000 -92.305328 -0.458153 11.674047 -60.908367 6.445539 1.551754 -0.065140 -16.012218 97.776482 -34.632450 -41.046940 23.195576 -9.708484 1.797759 40.358170 -0.000019 0.000017 -23.447304 0.000145 -0.000016 -16.272190 0.000219 0.000004 -0.000093 -5.291636 17.800098 -2.362132 -4.643498 -0.923301 1.145067 -4.407225 0.083191 1.067589 0.000030 0.000314 -0.000018 -5.995579 7.311854 -5.756189 -5.007720 -0.986854 0.473350 -5.045319 0.028018 0.420134 0.000446 -0.000017 0.000161 -7.977633 -9.121725 -11.407753 -7.002027 1.969476 -0.882988 -6.838342 -0.044494 -0.646716 -0.001575 -0.000001 -0.000013 -4.352436 -25.366848 -20.081726 -7.821214 3.832824 -2.787556 -7.943088 -0.195918 -2.265578 0.000418 -0.000004 -0.000030 0.000000 0.000000 0.000000 0.000000 0.000000 0.000000 8.699300 -0.282745 15.222643 -0.002486 0.099597 14.682389 -9.123941 -8.481912 12.236390 0.034691 0.262693 -18.299339 0.000000 0.000000 0.000000 0.000000 0.000000 0.000000 0.000000 0.000000 0.000000 18.423021 5.758058 11.829179 0.568855 1.469350 24.117023 -11.325644 15.752941 15.754244 1.682405 -0.782975 -20.233109 0.000000 0.000000 0.000000 0.000000 0.000000 0.000000 0.000000 0.000000 0.000000 
-17.910328 86.334633 39.222973 -3.416167 -5.431988 -17.771290 2.981192 -0.565820 8.520512 -0.564334 0.313627 0.177019 5.025940 -2.159164 10.183426 2.393611 -0.232833 3.642866 -7.738892 4.655716 8.884738 -0.048314 2.468518 -2.246635 -2.362313 -0.812658 -22.030361 0.000000 0.000000 0.000000 89.336853 0.558351 8.382477 63.447407 9.398975 9.588060 0.296154 19.834959 87.445183 56.877777 60.285957 43.878384 6.524012 -1.384241 41.771072 -0.000002 0.000016 -15.927082 -0.000008 0.000035 -11.102212 -0.000001 0.000001 0.000005 -7.662935 16.993685 3.018740 -0.363479 -1.038917 -0.477434 -0.465592 -0.034427 -0.473766 -0.000013 0.000006 -0.000023 -5.076560 7.080923 -1.775924 0.462035 -1.018156 -0.276468 0.639146 -0.015305 -0.243030 -0.000000 0.000011 -0.000006 6.486634 -9.144633 -8.695919 4.112681 2.006254 0.721433 3.954254 -0.022749 0.560282 -0.000002 0.000511 0.000010 19.950659 -25.246691 -18.222076 7.871792 3.823343 3.227774 7.494637 -0.224673 2.717400 0.001072 0.000001 0.000023 0.000000 0.000000 0.000000 0.000000 0.000000 0.000000 -92.303612 -0.454768 11.726082 -61.326210 6.751888 1.534100 -0.061274 -16.100492 97.717827 -34.474342 -41.014164 23.125063 -9.670416 1.794566 40.373619 -0.000019 0.000017 -23.359571 0.000147 -0.000015 -16.210299 0.000222 0.000004 -0.000185 -5.154288 17.795517 -2.364184 -4.528697 -0.925621 1.133115 -4.293691 0.080758 1.057048 0.000030 0.000275 -0.000018 -5.895099 7.309061 -5.763315 -4.896996 -0.987838 0.468686 -4.936694 0.027101 0.416230 0.000403 -0.000017 0.000161 -7.924660 -9.118708 -11.415762 -6.911862 1.970807 -0.878477 -6.741817 -0.043713 -0.643350 -0.001566 -0.000001 -0.000013 -4.333101 -25.362473 -20.119722 -7.763051 3.834266 -2.777275 -7.883344 -0.194025 -2.256096 0.000397 -0.000004 -0.000030 0.000000 0.000000 0.000000 0.000000 0.000000 0.000000 8.815079 -0.190856 15.182070 -0.001672 0.104139 14.727758 -9.154535 -8.428576 12.247577 0.044409 0.264608 -18.301579 0.000000 0.000000 0.000000 0.000000 0.000000 0.000000 0.000000 0.000000 0.000000 18.507116 5.738023 11.813789 0.571161 1.472800 24.177435 -11.386923 15.813174 15.713509 1.686662 -0.791595 -20.204130 0.000000 0.000000 0.000000 0.000000 0.000000 0.000000 0.000000 0.000000 0.000000 
-17.938602 86.325989 39.216034 -3.461101 -5.625032 -17.739977 3.020082 -0.575226 8.519374 -0.555243 0.309817 0.165485 5.072824 -2.187494 10.194984 2.367390 -0.224795 3.647460 -7.807126 4.665096 8.672251 -0.068730 2.455259 -2.340847 -2.367658 -0.812313 -21.921717 0.000000 0.000000 0.000000 89.314514 0.565253 8.440696 63.544922 9.057618 9.527796 0.293484 19.774292 87.843330 56.751263 60.392586 43.821758 6.523713 -1.386231 41.766968 -0.000002 0.000017 -15.945458 -0.000009 0.000035 -11.107463 -0.000001 0.000000 0.000005 -7.571395 16.990362 2.915915 -0.332328 -1.038367 -0.483008 -0.435890 -0.034383 -0.478100 -0.000013 0.000005 -0.000023 -4.962299 7.078779 -1.839035 0.490226 -1.018039 -0.277575 0.672208 -0.015603 -0.244245 -0.000000 0.000008 -0.000006 6.626508 -9.139071 -8.728815 4.142624 2.006360 0.722792 3.975209 -0.022107 0.561455 -0.000002 0.000456 0.000010 20.072769 -25.220743 -18.225376 7.891610 3.824843 3.229166 7.507403 -0.222819 2.717116 0.001077 0.000001 0.000023 0.000000 0.000000 0.000000 0.000000 0.000000 0.000000 -92.287697 -0.454962 11.777385 -61.690578 6.981215 1.549139 -0.056952 -16.186726 97.747070 -34.446278 -40.942799 23.162172 -9.645742 1.792437 40.383011 -0.000019 0.000017 -23.306395 0.000147 -0.000016 -16.173016 0.000218 0.000004 -0.000272 -5.086178 17.791958 -2.367913 -4.447603 -0.927051 1.127587 -4.214918 0.079058 1.052562 0.000030 0.000235 -0.000018 -5.855249 7.306901 -5.769302 -4.821543 -0.988450 0.466561 -4.864490 0.026494 0.414483 0.000375 -0.000017 0.000162 -7.925730 -9.116491 -11.419618 -6.856650 1.971482 -0.876678 -6.680620 -0.043335 -0.642083 -0.001554 -0.000001 -0.000013 -4.365073 -25.361155 -20.145748 -7.734524 3.834586 -2.773752 -7.856785 -0.192941 -2.252767 0.000374 -0.000004 -0.000031 0.000000 0.000000 0.000000 0.000000 0.000000 0.000000 8.928179 -0.107381 15.148561 -0.000841 0.108216 14.763566 -9.183142 -8.381553 12.252263 0.053154 0.267160 -18.303831 0.000000 0.000000 0.000000 0.000000 0.000000 0.000000 0.000000 0.000000 0.000000 18.593254 5.716422 11.801994 0.572951 1.475252 24.226923 -11.449492 15.858823 15.674725 1.691140 -0.800073 -20.176079 0.000000 0.000000 0.000000 0.000000 0.000000 0.000000 0.000000 0.000000 0.000000 
-17.964460 86.319038 39.209969 -3.506029 -5.805402 -17.711931 3.052171 -0.584786 8.518735 -0.541883 0.303371 0.155528 5.118930 -2.220985 10.209495 2.347191 -0.220720 3.653710 -7.875506 4.677242 8.468471 -0.090564 2.443352 -2.436534 -2.371626 -0.808173 -21.822418 0.000000 0.000000 0.000000 89.298668 0.571838 8.501623 63.556061 8.758238 9.490166 0.289198 19.703844 88.243347 56.636250 60.389114 43.741745 6.535276 -1.389413 41.757984 -0.000002 0.000018 -15.993273 -0.000009 0.000035 -11.132438 -0.000001 0.000000 0.000005 -7.423807 16.989971 2.820307 -0.278062 -1.036954 -0.492661 -0.383823 -0.033360 -0.486373 -0.000013 0.000005 -0.000023 -4.802200 7.077803 -1.895378 0.544531 -1.017548 -0.280492 0.731094 -0.015497 -0.246974 -0.000000 0.000005 -0.000005 6.808743 -9.134430 -8.755603 4.199177 2.005919 0.726751 4.022215 -0.021985 0.564662 -0.000002 0.000398 0.000010 20.226738 -25.195572 -18.216711 7.935787 3.824672 3.237586 7.544361 -0.222660 2.723178 0.001082 0.000001 0.000023 0.000000 0.000000 0.000000 0.000000 0.000000 0.000000 -92.263199 -0.457928 11.826885 -61.972385 7.149549 1.601486 -0.051975 -16.262461 97.842888 -34.513805 -40.804993 23.268772 -9.629690 1.790777 40.388741 -0.000019 0.000018 -23.275246 0.000146 -0.000016 -16.151798 0.000209 0.000005 -0.000347 -5.057871 17.789402 -2.367932 -4.386264 -0.927966 1.125795 -4.156700 0.077756 1.051795 0.000030 0.000195 -0.000019 -5.847996 7.305458 -5.769961 -4.767538 -0.988870 0.465921 -4.814642 0.026061 0.414033 0.000360 -0.000017 0.000163 -7.952527 -9.115589 -11.417545 -6.822383 1.971833 -0.876238 -6.640744 -0.043173 -0.641915 -0.001540 -0.000001 -0.000013 -4.418143 -25.364920 -20.160814 -7.723342 3.834521 -2.773151 -7.850802 -0.192217 -2.252629 0.000349 -0.000004 -0.000031 0.000000 0.000000 0.000000 0.000000 0.000000 0.000000 9.039918 -0.035033 15.125697 0.000055 0.111778 14.785820 -9.212198 -8.341088 12.251537 0.060890 0.270475 -18.305183 0.000000 0.000000 0.000000 0.000000 0.000000 0.000000 0.000000 0.000000 0.000000 18.684923 5.695675 11.792042 0.574239 1.476571 24.269218 -11.512240 15.892769 15.638974 1.696014 -0.808059 -20.150446 0.000000 0.000000 0.000000 0.000000 0.000000 0.000000 0.000000 0.000000 0.000000 
-17.987892 86.313919 39.205021 -3.551996 -5.974706 -17.687120 3.078483 -0.594260 8.518205 -0.522658 0.294478 0.147172 5.162429 -2.255307 10.227428 2.333114 -0.219292 3.657560 -7.932981 4.688309 8.276850 -0.112948 2.432798 -2.531175 -2.373771 -0.800583 -21.731722 0.000000 0.000000 0.000000 89.292389 0.577641 8.566212 63.470337 8.511398 9.489562 0.282726 19.630581 88.627258 56.528484 60.276394 43.632511 6.558879 -1.393606 41.744404 -0.000002 0.000018 -16.069525 -0.000010 0.000035 -11.176970 -0.000001 0.000000 0.000005 -7.218610 16.993620 2.731266 -0.196734 -1.034850 -0.505554 -0.305665 -0.031521 -0.497704 -0.000013 0.000004 -0.000023 -4.598254 7.078243 -1.944424 0.627510 -1.016778 -0.284808 0.817979 -0.015057 -0.250842 -0.000000 0.000002 -0.000005 7.026856 -9.131014 -8.773664 4.282262 2.005055 0.732539 4.095496 -0.022294 0.569300 -0.000002 0.000339 0.000010 20.405102 -25.171949 -18.192751 8.003091 3.823183 3.250718 7.604571 -0.223955 2.733624 0.001085 0.000000 0.000023 0.000000 0.000000 0.000000 0.000000 0.000000 0.000000 -92.237534 -0.462460 11.874863 -62.150177 7.275994 1.689093 -0.045324 -16.320343 97.993866 -34.640541 -40.568550 23.406332 -9.618954 1.789239 40.392471 -0.000019 0.000018 -23.257338 0.000145 -0.000016 -16.140450 0.000194 0.000005 -0.000406 -5.050437 17.787338 -2.362597 -4.334865 -0.928588 1.125777 -4.108831 0.076671 1.052993 0.000030 0.000162 -0.000019 -5.854645 7.304601 -5.763692 -4.724713 -0.989214 0.465985 -4.776566 0.025716 0.414229 0.000356 -0.000017 0.000163 -7.982985 -9.116102 -11.408710 -6.797599 1.972089 -0.876236 -6.610825 -0.043102 -0.642127 -0.001522 -0.000000 -0.000013 -4.466122 -25.374763 -20.165792 -7.718723 3.834570 -2.772817 -7.854147 -0.191567 -2.253514 0.000324 -0.000005 -0.000031 0.000000 0.000000 0.000000 0.000000 0.000000 0.000000 9.150446 0.025686 15.115474 0.001070 0.114749 14.791204 -9.243467 -8.306997 12.247108 0.067536 0.274733 -18.304052 0.000000 0.000000 0.000000 0.000000 0.000000 0.000000 0.000000 0.000000 0.000000 18.782671 5.677382 11.782885 0.575024 1.476620 24.307400 -11.573479 15.919872 15.607005 1.701365 -0.815371 -20.128223 0.000000 0.000000 0.000000 0.000000 0.000000 0.000000 0.000000 0.000000 0.000000 
-18.009085 86.310738 39.200790 -3.600391 -6.135337 -17.663761 3.100146 -0.603375 8.517212 -0.497099 0.283335 0.142304 5.202187 -2.286531 10.246557 2.325895 -0.218740 3.656216 -7.970177 4.692243 8.099524 -0.134919 2.422095 -2.622300 -2.373621 -0.790516 -21.649870 0.000000 0.000000 0.000000 89.297058 0.582735 8.634020 63.282894 8.326869 9.532125 0.273519 19.561346 88.991287 56.416706 60.056007 43.485245 6.596688 -1.398762 41.725689 -0.000002 0.000018 -16.177624 -0.000010 0.000036 -11.244096 -0.000001 0.000000 0.000005 -6.944479 17.003038 2.645274 -0.081367 -1.031945 -0.521594 -0.194211 -0.028766 -0.511865 -0.000013 0.000004 -0.000023 -4.342841 7.080606 -1.987540 0.744173 -1.015738 -0.290425 0.937775 -0.014270 -0.255732 -0.000000 -0.000002 -0.000005 7.280178 -9.129100 -8.779964 4.393205 2.003751 0.739673 4.196905 -0.023049 0.574992 -0.000002 0.000285 0.000010 20.603704 -25.150061 -18.148331 8.092243 3.820311 3.266770 7.687394 -0.226733 2.746847 0.001087 0.000000 0.000023 0.000000 0.000000 0.000000 0.000000 0.000000 0.000000 -92.217514 -0.467214 11.921585 -62.210793 7.377716 1.804700 -0.035672 -16.358088 98.196831 -34.789486 -40.192722 23.539249 -9.612428 1.787748 40.394836 -0.000019 0.000018 -23.249372 0.000142 -0.000016 -16.136549 0.000178 0.000006 -0.000452 -5.059204 17.785278 -2.355940 -4.289659 -0.928841 1.126878 -4.067056 0.075937 1.055433 0.000029 0.000142 -0.000019 -5.870121 7.304152 -5.753631 -4.688547 -0.989475 0.466482 -4.744963 0.025472 0.414811 0.000355 -0.000016 0.000162 -8.006536 -9.117957 -11.394061 -6.775383 1.972270 -0.876393 -6.584018 -0.043142 -0.642470 -0.001498 0.000000 -0.000013 -4.492352 -25.391037 -20.160975 -7.713235 3.834704 -2.771683 -7.858422 -0.191098 -2.254420 0.000296 -0.000005 -0.000032 0.000000 0.000000 0.000000 0.000000 0.000000 0.000000 9.260015 0.075338 15.115372 0.002249 0.117178 14.779702 -9.278792 -8.278514 12.242348 0.073463 0.279884 -18.299664 0.000000 0.000000 0.000000 0.000000 0.000000 0.000000 0.000000 0.000000 0.000000 18.886314 5.662023 11.773047 0.575328 1.475387 24.343489 -11.631855 15.943730 15.578595 1.707313 -0.822133 -20.110432 0.000000 0.000000 0.000000 0.000000 0.000000 0.000000 0.000000 0.000000 0.000000 
-18.028200 86.309196 39.196999 -3.652933 -6.289243 -17.640343 3.118971 -0.612011 8.515150 -0.466156 0.270456 0.143131 5.238391 -2.311349 10.263229 2.326139 -0.217412 3.647602 -7.981122 4.684326 7.941791 -0.155721 2.410727 -2.706118 -2.371102 -0.779045 -21.578848 0.000000 0.000000 0.000000 89.313011 0.587723 8.705236 62.993057 8.212385 9.619091 0.261688 19.507357 89.336792 56.303116 59.735001 43.304405 6.651259 -1.404931 41.701077 -0.000002 0.000019 -16.322500 -0.000011 0.000036 -11.337525 -0.000001 0.000000 0.000005 -6.586955 17.019142 2.552818 0.077826 -1.028161 -0.541082 -0.039377 -0.025047 -0.528952 -0.000013 0.000003 -0.000023 -4.023883 7.085059 -2.030640 0.902032 -1.014430 -0.297407 1.098075 -0.013133 -0.261666 -0.000000 -0.000007 -0.000005 7.574268 -9.128387 -8.774503 4.535915 2.001983 0.747886 4.330948 -0.024239 0.581518 -0.000002 0.000243 0.000010 20.825033 -25.128544 -18.079699 8.204391 3.816012 3.284587 7.794392 -0.230913 2.761665 0.001085 -0.000000 0.000022 0.000000 0.000000 0.000000 0.000000 0.000000 0.000000 -92.208603 -0.470862 11.967753 -62.148018 7.464519 1.941342 -0.021835 -16.377127 98.462341 -34.935200 -39.634796 23.643915 -9.609401 1.786333 40.396107 -0.000019 0.000018 -23.250025 0.000138 -0.000016 -16.139046 0.000164 0.000006 -0.000488 -5.087233 17.782000 -2.358191 -4.248710 -0.928561 1.129171 -4.029058 0.075748 1.058987 0.000029 0.000138 -0.000020 -5.896227 7.303502 -5.748118 -4.655969 -0.989588 0.467399 -4.716098 0.025371 0.415739 0.000352 -0.000016 0.000160 -8.019990 -9.120229 -11.379207 -6.750181 1.972283 -0.876778 -6.554886 -0.043337 -0.642932 -0.001466 0.000000 -0.000013 -4.488527 -25.411676 -20.149843 -7.700627 3.834697 -2.769536 -7.856567 -0.190955 -2.254980 0.000264 -0.000005 -0.000032 0.000000 0.000000 0.000000 0.000000 0.000000 0.000000 9.370348 0.117171 15.122353 0.003636 0.119239 14.752064 -9.319954 -8.255592 12.239844 0.079145 0.285858 -18.290972 0.000000 0.000000 0.000000 0.000000 0.000000 0.000000 0.000000 0.000000 0.000000 18.995710 5.647068 11.761093 0.575208 1.472894 24.380005 -11.687061 15.968553 15.553402 1.713932 -0.828469 -20.097942 0.000000 0.000000 0.000000 0.000000 0.000000 0.000000 0.000000 0.000000 0.000000 
-18.045343 86.309036 39.193417 -3.711433 -6.437527 -17.615820 3.137189 -0.620001 8.510701 -0.432914 0.256987 0.152491 5.272227 -2.327951 10.273295 2.333454 -0.213910 3.631781 -7.962429 4.660954 7.810183 -0.174839 2.398183 -2.779614 -2.366124 -0.767071 -21.523413 0.000000 0.000000 0.000000 89.338882 0.593232 8.779381 62.606892 8.174393 9.746809 0.248405 19.483959 89.666046 56.173950 59.326180 43.075497 6.725288 -1.412187 41.669704 -0.000002 0.000019 -16.510033 -0.000011 0.000036 -11.461518 -0.000001 -0.000000 0.000005 -6.133413 17.042809 2.440567 0.291418 -1.023364 -0.564780 0.170008 -0.020242 -0.549470 -0.000013 0.000003 -0.000023 -3.629430 7.091840 -2.084082 1.109896 -1.012835 -0.306011 1.307857 -0.011628 -0.268826 0.000000 -0.000012 -0.000005 7.916391 -9.128643 -8.763455 4.716150 1.999700 0.757139 4.503799 -0.025883 0.588832 -0.000002 0.000222 0.000010 21.074545 -25.106056 -17.989563 8.342164 3.810187 3.303552 7.928410 -0.236450 2.777280 0.001079 -0.000000 0.000022 0.000000 0.000000 0.000000 0.000000 0.000000 0.000000 -92.214760 -0.472481 12.013993 -61.958405 7.534414 2.102122 -0.003664 -16.384495 98.805885 -35.045807 -38.866722 23.698055 -9.609514 1.785051 40.396248 -0.000019 0.000019 -23.259567 0.000135 -0.000016 -16.148239 0.000156 0.000007 -0.000515 -5.140145 17.775730 -2.381026 -4.209579 -0.927491 1.133524 -3.992239 0.076379 1.064157 0.000029 0.000155 -0.000020 -5.937634 7.301866 -5.757363 -4.623872 -0.989444 0.469017 -4.686387 0.025488 0.417215 0.000339 -0.000016 0.000158 -8.024856 -9.121673 -11.372050 -6.717461 1.971931 -0.877797 -6.518979 -0.043778 -0.643748 -0.001428 0.000001 -0.000013 -4.453773 -25.433468 -20.136955 -7.676294 3.834084 -2.767147 -7.843597 -0.191421 -2.255583 0.000224 -0.000005 -0.000033 0.000000 0.000000 0.000000 0.000000 0.000000 0.000000 9.483964 0.153959 15.133294 0.005228 0.121146 14.709679 -9.367931 -8.238910 12.241870 0.085250 0.292525 -18.277540 0.000000 0.000000 0.000000 0.000000 0.000000 0.000000 0.000000 0.000000 0.000000 19.110680 5.626890 11.745965 0.574751 1.469301 24.419487 -11.739150 15.996511 15.531058 1.721267 -0.834195 -20.091578 0.000000 0.000000 0.000000 0.000000 0.000000 0.000000 0.000000 0.000000 0.000000 
-18.060417 86.310440 39.189857 -3.774810 -6.578853 -17.590012 3.155432 -0.626973 8.501071 -0.401654 0.244495 0.173941 5.304587 -2.336240 10.272985 2.344893 -0.207772 3.611168 -7.912724 4.621713 7.710481 -0.191965 2.384339 -2.840997 -2.358413 -0.754596 -21.489576 0.000000 0.000000 0.000000 89.370628 0.598313 8.854413 62.131344 8.213823 9.904005 0.235593 19.502905 89.978577 55.986080 58.838745 42.747841 6.818905 -1.420757 41.631199 -0.000002 0.000019 -16.741274 -0.000011 0.000036 -11.616957 -0.000001 -0.000000 0.000005 -5.578216 17.072065 2.297029 0.558907 -1.017494 -0.593384 0.434208 -0.014349 -0.573936 -0.000013 0.000002 -0.000023 -3.153076 7.100171 -2.158843 1.366716 -1.010911 -0.316488 1.566092 -0.009775 -0.277390 0.000000 -0.000016 -0.000005 8.308889 -9.128622 -8.757942 4.932391 1.996825 0.767484 4.713996 -0.027952 0.596964 -0.000002 0.000231 0.000010 21.352461 -25.079748 -17.887348 8.502411 3.802822 3.323279 8.086272 -0.243100 2.793132 0.001068 -0.000000 0.000021 0.000000 0.000000 0.000000 0.000000 0.000000 0.000000 -92.236816 -0.471755 12.060677 -61.638924 7.571220 2.301847 0.017251 -16.387575 99.237831 -35.075218 -37.894348 23.678076 -9.612359 1.784180 40.394817 -0.000019 0.000019 -23.278503 0.000131 -0.000016 -16.164455 0.000155 0.000007 -0.000530 -5.226370 17.762632 -2.429776 -4.167490 -0.925378 1.141295 -3.951897 0.078057 1.071955 0.000029 0.000191 -0.000021 -6.002068 7.297738 -5.786683 -4.587694 -0.988897 0.471807 -4.650747 0.025895 0.419612 0.000311 -0.000016 0.000154 -8.027432 -9.120306 -11.376969 -6.673072 1.970949 -0.880016 -6.471899 -0.044538 -0.645322 -0.001385 0.000001 -0.000013 -4.394919 -25.450954 -20.122942 -7.636178 3.832258 -2.766002 -7.815291 -0.192744 -2.257212 0.000175 -0.000005 -0.000033 0.000000 0.000000 0.000000 0.000000 0.000000 0.000000 9.600760 0.186512 15.145974 0.006958 0.123054 14.653943 -9.421978 -8.229622 12.250856 0.092084 0.299649 -18.260719 0.000000 0.000000 0.000000 0.000000 0.000000 0.000000 0.000000 0.000000 0.000000 19.228279 5.596151 11.729073 0.574075 1.464825 24.462339 -11.787385 16.028210 15.513485 1.728980 -0.838500 -20.091990 0.000000 0.000000 0.000000 0.000000 0.000000 0.000000 0.000000 0.000000 0.000000 
-18.073198 86.313934 39.185856 -3.838539 -6.708784 -17.562397 3.171266 -0.632888 8.483997 -0.375005 0.233825 0.209575 5.336040 -2.339086 10.259445 2.356035 -0.200135 3.589185 -7.833002 4.571125 7.648533 -0.206406 2.370083 -2.887139 -2.347760 -0.740547 -21.479643 0.000000 0.000000 0.000000 89.400536 0.600466 8.926361 61.568188 8.326377 10.074491 0.224423 19.562544 90.265976 55.670742 58.271511 42.245441 6.928134 -1.430948 41.586208 -0.000002 0.000019 -17.008310 -0.000011 0.000036 -11.798492 -0.000001 -0.000000 0.000005 -4.930858 17.101437 2.119542 0.861277 -1.010596 -0.627247 0.734675 -0.007520 -0.602667 -0.000013 0.000001 -0.000022 -2.602699 7.107986 -2.259759 1.654262 -1.008603 -0.328925 1.854392 -0.007641 -0.287436 0.000001 -0.000020 -0.000005 8.740662 -9.125962 -8.767870 5.168911 1.993268 0.779074 4.945411 -0.030358 0.606032 -0.000002 0.000273 0.000010 21.645576 -25.045883 -17.784534 8.670753 3.794030 3.344002 8.253485 -0.250459 2.809395 0.001055 0.000000 0.000020 0.000000 0.000000 0.000000 0.000000 0.000000 0.000000 -92.269493 -0.469350 12.109309 -61.191975 7.542756 2.556098 0.038779 -16.388624 99.757011 -34.966740 -36.771790 23.562773 -9.617190 1.784151 40.391342 -0.000019 0.000019 -23.305897 0.000127 -0.000016 -16.186741 0.000165 0.000008 -0.000533 -5.352299 17.738157 -2.500262 -4.117155 -0.921995 1.154129 -3.902875 0.080947 1.083832 0.000028 0.000243 -0.000021 -6.096576 7.289456 -5.833004 -4.543252 -0.987790 0.476348 -4.604503 0.026666 0.423421 0.000267 -0.000015 0.000150 -8.038047 -9.114162 -11.391750 -6.615670 1.969085 -0.884177 -6.411839 -0.045672 -0.648242 -0.001343 0.000001 -0.000013 -4.327890 -25.458418 -20.103271 -7.579493 3.828628 -2.768638 -7.770432 -0.195150 -2.261762 0.000120 -0.000005 -0.000034 0.000000 0.000000 0.000000 0.000000 0.000000 0.000000 9.716220 0.213837 15.158368 0.008762 0.125125 14.586809 -9.479839 -8.229392 12.270418 0.099146 0.306884 -18.244661 0.000000 0.000000 0.000000 0.000000 0.000000 0.000000 0.000000 0.000000 0.000000 19.342184 5.553164 11.712683 0.573286 1.459590 24.506310 -11.829482 16.062767 15.505353 1.736042 -0.840386 -20.099262 0.000000 0.000000 0.000000 0.000000 0.000000 0.000000 0.000000 0.000000 0.000000 
-18.083673 86.320053 39.180775 -3.899275 -6.822127 -17.532013 3.181932 -0.638203 8.460758 -0.354485 0.225125 0.257467 5.368718 -2.342492 10.231249 2.364783 -0.192626 3.568706 -7.726055 4.514261 7.628288 -0.216718 2.355798 -2.913787 -2.333708 -0.723963 -21.490746 0.000000 0.000000 0.000000 89.419075 0.598655 8.990329 60.926792 8.503306 10.242921 0.213929 19.647320 90.497040 55.155128 57.628448 41.498066 7.045066 -1.442828 41.536976 -0.000002 0.000018 -17.293297 -0.000011 0.000036 -11.993753 -0.000002 -0.000000 0.000005 -4.230471 17.124411 1.919728 1.161209 -1.002973 -0.665924 1.034133 -0.000119 -0.635422 -0.000013 0.000001 -0.000022 -2.012346 7.112903 -2.380734 1.937257 -1.005956 -0.343124 2.137348 -0.005343 -0.298857 0.000001 -0.000023 -0.000006 9.178186 -9.118705 -8.794722 5.394705 1.989109 0.792028 5.166353 -0.032947 0.616130 -0.000002 0.000345 0.000010 21.921328 -25.004129 -17.688208 8.821197 3.784375 3.366560 8.403945 -0.257947 2.827011 0.001039 0.000000 0.000019 0.000000 0.000000 0.000000 0.000000 0.000000 0.000000 -92.304176 -0.467067 12.162559 -60.629501 7.421841 2.872271 0.060573 -16.387861 100.339027 -34.668678 -35.575279 23.339054 -9.623885 1.785231 40.385521 -0.000019 0.000019 -23.341412 0.000124 -0.000016 -16.214592 0.000183 0.000008 -0.000524 -5.517675 17.701614 -2.582820 -4.061168 -0.917276 1.173472 -3.847681 0.085102 1.101255 0.000028 0.000304 -0.000022 -6.224286 7.276786 -5.888416 -4.494576 -0.986056 0.483190 -4.551333 0.027850 0.429126 0.000210 -0.000015 0.000146 -8.071030 -9.102908 -11.409291 -6.553145 1.966304 -0.891077 -6.346611 -0.047192 -0.653196 -0.001303 0.000002 -0.000013 -4.278673 -25.454130 -20.070957 -7.515531 3.823014 -2.778177 -7.717321 -0.198771 -2.271816 0.000062 -0.000005 -0.000034 0.000000 0.000000 0.000000 0.000000 0.000000 0.000000 9.826427 0.234148 15.169169 0.010758 0.127835 14.512338 -9.538933 -8.242309 12.304651 0.105818 0.313587 -18.234467 0.000000 0.000000 0.000000 0.000000 0.000000 0.000000 0.000000 0.000000 0.000000 19.448023 5.500849 11.695611 0.572500 1.453737 24.551649 -11.863548 16.098253 15.510446 1.741595 -0.839611 -20.113216 0.000000 0.000000 0.000000 0.000000 0.000000 0.000000 0.000000 0.000000 0.000000 
-18.092125 86.328621 39.174206 -3.957861 -6.915071 -17.497589 3.187145 -0.643164 8.434379 -0.341032 0.218381 0.312095 5.406176 -2.353265 10.188564 2.372144 -0.186540 3.552522 -7.596569 4.454720 7.647179 -0.221607 2.342801 -2.919332 -2.316745 -0.704951 -21.516228 0.000000 0.000000 0.000000 89.416626 0.594457 9.041172 60.230209 8.738831 10.393218 0.203219 19.739527 90.631706 54.405285 56.918243 40.476974 7.166168 -1.456561 41.484409 -0.000002 0.000018 -17.588020 -0.000011 0.000036 -12.196786 -0.000002 -0.000000 0.000005 -3.504138 17.137764 1.706404 1.439389 -0.994956 -0.709501 1.312740 0.007543 -0.672509 -0.000013 0.000000 -0.000021 -1.403952 7.113880 -2.515104 2.197997 -1.003068 -0.359128 2.397371 -0.002954 -0.311741 0.000001 -0.000026 -0.000006 9.601895 -9.106459 -8.833654 5.594635 1.984544 0.806782 5.361366 -0.035591 0.627605 -0.000002 0.000434 0.000010 22.159580 -24.957344 -17.595194 8.941206 3.774562 3.392719 8.525246 -0.265057 2.847844 0.001024 0.000001 0.000018 0.000000 0.000000 0.000000 0.000000 0.000000 0.000000 -92.330170 -0.465700 12.221014 -59.981995 7.205667 3.242807 0.083045 -16.383514 100.946411 -34.165089 -34.365078 23.009167 -9.631547 1.787086 40.378098 -0.000019 0.000019 -23.381752 0.000121 -0.000016 -16.245596 0.000209 0.000008 -0.000506 -5.704436 17.657087 -2.669073 -4.004560 -0.911334 1.200098 -3.791194 0.090452 1.125238 0.000029 0.000369 -0.000022 -6.371952 7.261241 -5.945363 -4.447732 -0.983741 0.492694 -4.497442 0.029460 0.437092 0.000144 -0.000015 0.000141 -8.128377 -9.088290 -11.423242 -6.494756 1.962781 -0.901388 -6.286034 -0.049086 -0.660765 -0.001267 0.000002 -0.000013 -4.262708 -25.441763 -20.023029 -7.456627 3.815696 -2.797355 -7.666884 -0.203619 -2.289703 0.000002 -0.000005 -0.000035 0.000000 0.000000 0.000000 0.000000 0.000000 0.000000 9.931949 0.245452 15.177540 0.013195 0.131767 14.434342 -9.596417 -8.273686 12.355091 0.111880 0.319173 -18.232323 0.000000 0.000000 0.000000 0.000000 0.000000 0.000000 0.000000 0.000000 0.000000 19.546503 5.443773 11.673713 0.571805 1.447486 24.600050 -11.889084 16.133230 15.528817 1.745738 -0.836693 -20.132887 0.000000 0.000000 0.000000 0.000000 0.000000 0.000000 0.000000 0.000000 0.000000 
-18.098877 86.338654 39.165962 -4.016970 -6.986269 -17.457844 3.187675 -0.647511 8.408110 -0.335529 0.213675 0.365864 5.451978 -2.377444 10.134252 2.381308 -0.182914 3.543603 -7.448446 4.394816 7.694486 -0.220447 2.334718 -2.906384 -2.298820 -0.684555 -21.547491 0.000000 0.000000 0.000000 89.387543 0.590149 9.072694 59.507393 9.020020 10.511811 0.192827 19.826685 90.646225 53.437035 56.146183 39.197189 7.293811 -1.472309 41.427643 -0.000002 0.000017 -17.897789 -0.000011 0.000036 -12.410791 -0.000002 -0.000001 0.000006 -2.752535 17.142721 1.481330 1.708349 -0.986625 -0.758874 1.582252 0.015453 -0.714906 -0.000013 -0.000000 -0.000021 -0.775691 7.111743 -2.660011 2.449252 -0.999973 -0.377280 2.647683 -0.000450 -0.326415 0.000001 -0.000026 -0.000006 10.017262 -9.090801 -8.878638 5.782331 1.979644 0.824038 5.544339 -0.038322 0.640995 -0.000001 0.000523 0.000010 22.364471 -24.910210 -17.497494 9.042828 3.764687 3.424810 8.629712 -0.271791 2.874101 0.001010 0.000001 0.000018 0.000000 0.000000 0.000000 0.000000 0.000000 0.000000 -92.338135 -0.464464 12.280551 -59.297234 6.922552 3.645304 0.105655 -16.377214 101.535110 -33.484581 -33.163525 22.588318 -9.637549 1.788908 40.370964 -0.000018 0.000019 -23.418987 0.000117 -0.000016 -16.274265 0.000243 0.000008 -0.000481 -5.880515 17.610947 -2.753530 -3.949049 -0.904404 1.233369 -3.735203 0.096801 1.155532 0.000029 0.000432 -0.000022 -6.511542 7.245156 -5.999179 -4.404440 -0.980965 0.504725 -4.445199 0.031446 0.447254 0.000078 -0.000015 0.000137 -8.193635 -9.072939 -11.431411 -6.443260 1.958763 -0.915075 -6.233498 -0.051305 -0.670951 -0.001235 0.000002 -0.000012 -4.272237 -25.427025 -19.962793 -7.407919 3.807133 -2.826458 -7.623502 -0.209544 -2.315780 -0.000057 -0.000005 -0.000035 0.000000 0.000000 0.000000 0.000000 0.000000 0.000000 10.035804 0.246536 15.182899 0.016245 0.137239 14.354909 -9.650067 -8.325539 12.419497 0.117377 0.323440 -18.236624 0.000000 0.000000 0.000000 0.000000 0.000000 0.000000 0.000000 0.000000 0.000000 19.639912 5.386033 11.642977 0.571194 1.440961 24.652882 -11.906521 16.168531 15.556774 1.749121 -0.832376 -20.155796 0.000000 0.000000 0.000000 0.000000 0.000000 0.000000 0.000000 0.000000 0.000000 
-18.103928 86.348671 39.156094 -4.077748 -7.036861 -17.412910 3.183440 -0.650707 8.384863 -0.338885 0.211189 0.411301 5.508334 -2.418841 10.073928 2.396368 -0.182583 3.543782 -7.284879 4.336075 7.757422 -0.213267 2.336071 -2.878805 -2.282733 -0.664314 -21.576237 0.000000 0.000000 0.000000 89.334068 0.586679 9.079215 58.781738 9.320040 10.595717 0.184149 19.905735 90.536850 52.302574 55.318779 37.706463 7.431730 -1.489786 41.365845 -0.000002 0.000016 -18.230698 -0.000011 0.000036 -12.640842 -0.000002 -0.000001 0.000006 -1.970672 17.143385 1.246867 1.997243 -0.977724 -0.815176 1.871388 0.023964 -0.763725 -0.000013 -0.000001 -0.000020 -0.121755 7.108676 -2.812859 2.719442 -0.996597 -0.398017 2.917130 0.002301 -0.343255 0.000002 -0.000026 -0.000007 10.434929 -9.075150 -8.924115 5.986464 1.974221 0.844496 5.744778 -0.041400 0.656849 -0.000001 0.000596 0.000010 22.547697 -24.870014 -17.389107 9.151691 3.753844 3.465225 8.743461 -0.278983 2.907823 0.001002 0.000002 0.000018 0.000000 0.000000 0.000000 0.000000 0.000000 0.000000 -92.323181 -0.462226 12.335603 -58.626644 6.621949 4.053462 0.127526 -16.377443 102.046211 -32.675793 -31.974625 22.091904 -9.639983 1.789977 40.365589 -0.000018 0.000019 -23.447327 0.000114 -0.000016 -16.296503 0.000287 0.000008 -0.000450 -6.023542 17.569702 -2.829148 -3.899951 -0.896644 1.271806 -3.685534 0.104015 1.190936 0.000029 0.000489 -0.000023 -6.622392 7.230891 -6.044277 -4.368797 -0.977841 0.518831 -4.399458 0.033752 0.459239 0.000016 -0.000015 0.000134 -8.248852 -9.059358 -11.429105 -6.400526 1.954401 -0.931509 -6.191136 -0.053829 -0.683302 -0.001206 0.000002 -0.000012 -4.290275 -25.415100 -19.888374 -7.369367 3.797505 -2.863632 -7.587565 -0.216465 -2.348680 -0.000114 -0.000005 -0.000035 0.000000 0.000000 0.000000 0.000000 0.000000 0.000000 10.140158 0.238028 15.186645 0.019898 0.144092 14.274364 -9.698909 -8.394898 12.491767 0.122414 0.326621 -18.243019 0.000000 0.000000 0.000000 0.000000 0.000000 0.000000 0.000000 0.000000 0.000000 19.728884 5.329971 11.604083 0.570619 1.434233 24.708057 -11.918077 16.206301 15.588719 1.752437 -0.827566 -20.178312 0.000000 0.000000 0.000000 0.000000 0.000000 0.000000 0.000000 0.000000 0.000000 
-18.107105 86.356972 39.144852 -4.139155 -7.069160 -17.365679 3.173820 -0.652246 8.366920 -0.350307 0.210939 0.444143 5.574116 -2.476960 10.014956 2.420174 -0.186123 3.553003 -7.111031 4.280175 7.826294 -0.200669 2.349905 -2.839838 -2.271038 -0.645771 -21.597038 0.000000 0.000000 0.000000 89.265358 0.583433 9.058787 58.064957 9.610615 10.649829 0.178417 19.984882 90.324112 51.076279 54.449944 36.083355 7.579772 -1.508146 41.299976 -0.000003 0.000016 -18.585747 -0.000011 0.000036 -12.885728 -0.000003 -0.000001 0.000006 -1.169322 17.143433 1.005603 2.324857 -0.967915 -0.878299 2.198920 0.033510 -0.818875 -0.000013 -0.000001 -0.000020 0.548790 7.106647 -2.972722 3.026626 -0.992836 -0.421313 3.224020 0.005435 -0.362247 0.000002 -0.000025 -0.000007 10.855510 -9.062840 -8.970420 6.225977 1.968008 0.868249 5.982503 -0.045126 0.675242 -0.000001 0.000649 0.000010 22.718046 -24.843285 -17.274641 9.286436 3.740739 3.514969 8.885629 -0.287823 2.949721 0.000998 0.000002 0.000017 0.000000 0.000000 0.000000 0.000000 0.000000 0.000000 -92.284576 -0.458818 12.383860 -58.004826 6.349096 4.450394 0.147779 -16.395477 102.420685 -31.784462 -30.815277 21.534683 -9.639477 1.790057 40.361996 -0.000018 0.000019 -23.468267 0.000111 -0.000016 -16.313086 0.000341 0.000008 -0.000415 -6.135911 17.537252 -2.891830 -3.866961 -0.888158 1.313635 -3.652560 0.111994 1.229726 0.000030 0.000537 -0.000023 -6.705713 7.219828 -6.076519 -4.348521 -0.974462 0.534391 -4.369000 0.036318 0.472500 -0.000040 -0.000015 0.000131 -8.290500 -9.048931 -11.410276 -6.370720 1.949730 -0.949839 -6.163080 -0.056659 -0.697168 -0.001179 0.000003 -0.000012 -4.308949 -25.408892 -19.791992 -7.340321 3.786731 -2.906359 -7.560102 -0.224404 -2.386371 -0.000167 -0.000005 -0.000036 0.000000 0.000000 0.000000 0.000000 0.000000 0.000000 10.244372 0.221599 15.191544 0.023987 0.151862 14.193757 -9.742919 -8.474442 12.562935 0.127278 0.329214 -18.246883 0.000000 0.000000 0.000000 0.000000 0.000000 0.000000 0.000000 0.000000 0.000000 19.811827 5.274071 11.562192 0.570047 1.427685 24.760582 -11.926911 16.245571 15.618196 1.756344 -0.823386 -20.196455 0.000000 0.000000 0.000000 0.000000 0.000000 0.000000 0.000000 0.000000 0.000000 
-18.108675 86.362106 39.132450 -4.200338 -7.085612 -17.319662 3.159764 -0.652130 8.355410 -0.366954 0.212718 0.463491 5.645451 -2.548557 9.965007 2.453487 -0.193977 3.570150 -6.934542 4.229900 7.894278 -0.183510 2.376781 -2.792922 -2.265371 -0.630579 -21.608711 0.000000 0.000000 0.000000 89.192627 0.578938 9.014578 57.366180 9.868657 10.683070 0.175641 20.076605 90.042923 49.841553 53.574558 34.431244 7.731262 -1.526335 41.233173 -0.000003 0.000015 -18.947783 -0.000010 0.000036 -13.134336 -0.000003 -0.000001 0.000006 -0.382089 17.143503 0.761346 2.681722 -0.957430 -0.945505 2.555369 0.043926 -0.877875 -0.000013 -0.000001 -0.000019 1.206600 7.106044 -3.137805 3.361248 -0.988764 -0.446146 3.558942 0.008873 -0.382562 0.000002 -0.000024 -0.000008 11.264665 -9.054905 -9.019874 6.493568 1.961072 0.894216 6.250370 -0.049462 0.695342 -0.000001 0.000682 0.000010 22.875370 -24.831667 -17.164190 9.444513 3.725214 3.572091 9.053726 -0.298540 2.997962 0.001000 0.000003 0.000017 0.000000 0.000000 0.000000 0.000000 0.000000 0.000000 -92.224998 -0.455193 12.427478 -57.437866 6.136638 4.830597 0.165154 -16.442266 102.612717 -30.839132 -29.723957 20.926908 -9.639509 1.789506 40.358612 -0.000018 0.000019 -23.491394 0.000108 -0.000016 -16.330149 0.000402 0.000009 -0.000374 -6.238751 17.514196 -2.945529 -3.861868 -0.879279 1.356785 -3.648282 0.120386 1.269870 0.000030 0.000571 -0.000023 -6.779532 7.212134 -6.096774 -4.353342 -0.970983 0.550589 -4.364555 0.039019 0.486341 -0.000093 -0.000015 0.000129 -8.330771 -9.041757 -11.371060 -6.361032 1.944874 -0.969123 -6.156417 -0.059702 -0.711831 -0.001153 0.000003 -0.000012 -4.335749 -25.408894 -19.665749 -7.324032 3.775082 -2.952146 -7.546175 -0.233086 -2.426738 -0.000214 -0.000005 -0.000036 0.000000 0.000000 0.000000 0.000000 0.000000 0.000000 10.346696 0.198695 15.198601 0.028316 0.160140 14.116765 -9.782815 -8.556183 12.625415 0.132381 0.331638 -18.245794 0.000000 0.000000 0.000000 0.000000 0.000000 0.000000 0.000000 0.000000 0.000000 19.888046 5.214743 11.520857 0.569502 1.421931 24.808807 -11.935810 16.281731 15.638832 1.761419 -0.820845 -20.207739 0.000000 0.000000 0.000000 0.000000 0.000000 0.000000 0.000000 0.000000 0.000000 
-18.109341 86.363197 39.118839 -4.261430 -7.088937 -17.277300 3.143707 -0.650780 8.350463 -0.384998 0.215971 0.470825 5.717235 -2.630532 9.930717 2.495355 -0.206917 3.593988 -6.765485 4.189942 7.954578 -0.163205 2.416039 -2.743031 -2.266787 -0.620151 -21.612156 0.000000 0.000000 0.000000 89.125252 0.571894 8.953679 56.705593 10.073471 10.706689 0.174672 20.187273 89.734505 48.685341 52.746727 32.868351 7.873325 -1.543131 41.170567 -0.000003 0.000015 -19.287605 -0.000010 0.000036 -13.365921 -0.000003 -0.000001 0.000006 0.335068 17.141495 0.524258 3.031906 -0.947175 -1.011619 2.904352 0.054303 -0.936043 -0.000013 -0.000001 -0.000019 1.801598 7.105816 -3.300307 3.687750 -0.984679 -0.470542 3.886331 0.012289 -0.402606 0.000001 -0.000022 -0.000008 11.629082 -9.050164 -9.070613 6.756260 1.953944 0.920169 6.515011 -0.053958 0.715439 -0.000001 0.000704 0.000009 23.002378 -24.832575 -17.066710 9.601274 3.708678 3.631449 9.222568 -0.309993 3.048084 0.001006 0.000003 0.000017 0.000000 0.000000 0.000000 0.000000 0.000000 0.000000 -92.149506 -0.452055 12.470590 -56.918583 6.008779 5.192317 0.177103 -16.527340 102.597626 -29.866093 -28.743828 20.281406 -9.642849 1.788772 40.354038 -0.000017 0.000019 -23.525023 0.000105 -0.000017 -16.352907 0.000472 0.000009 -0.000325 -6.345055 17.499279 -2.999910 -3.888354 -0.870681 1.398271 -3.675897 0.128469 1.308659 0.000031 0.000589 -0.000023 -6.854047 7.207291 -6.109945 -4.385543 -0.967671 0.566226 -4.389039 0.041631 0.499767 -0.000147 -0.000016 0.000128 -8.376852 -9.037288 -11.311799 -6.372836 1.940169 -0.988075 -6.172539 -0.062697 -0.726302 -0.001130 0.000003 -0.000012 -4.374833 -25.414139 -19.508287 -7.321609 3.763496 -2.997765 -7.547773 -0.241736 -2.466966 -0.000254 -0.000005 -0.000036 0.000000 0.000000 0.000000 0.000000 0.000000 0.000000 10.445551 0.170223 15.206038 0.032725 0.168641 14.048955 -9.819238 -8.634173 12.675497 0.137892 0.334084 -18.240461 0.000000 0.000000 0.000000 0.000000 0.000000 0.000000 0.000000 0.000000 0.000000 19.958982 5.151626 11.478840 0.569035 1.417461 24.857822 -11.946364 16.309605 15.644926 1.767892 -0.820469 -20.211781 0.000000 0.000000 0.000000 0.000000 0.000000 0.000000 0.000000 0.000000 0.000000 
-18.109861 86.360016 39.103928 -4.322105 -7.083317 -17.240194 3.128359 -0.648659 8.351392 -0.401004 0.219837 0.468697 5.784805 -2.720441 9.917515 2.543841 -0.225360 3.623240 -6.615186 4.165040 7.999158 -0.141741 2.466454 -2.697158 -2.275918 -0.615162 -21.608438 0.000000 0.000000 0.000000 89.071945 0.561389 8.886028 56.117878 10.205460 10.731395 0.173986 20.314753 89.436394 47.671341 52.022285 31.491753 7.992189 -1.557381 41.117619 -0.000003 0.000015 -19.573412 -0.000010 0.000036 -13.558444 -0.000003 -0.000001 0.000007 0.922402 17.135027 0.314466 3.331027 -0.938454 -1.070092 3.200851 0.063284 -0.987468 -0.000013 -0.000001 -0.000018 2.279505 7.104601 -3.444335 3.962302 -0.981050 -0.491954 4.162153 0.015204 -0.420319 0.000001 -0.000019 -0.000008 11.906992 -9.046589 -9.115070 6.971197 1.947466 0.943076 6.733120 -0.057934 0.733242 -0.000001 0.000725 0.000009 23.070034 -24.841583 -16.987127 9.721651 3.693569 3.685288 9.356379 -0.320146 3.093519 0.001013 0.000004 0.000017 0.000000 0.000000 0.000000 0.000000 0.000000 0.000000 -92.067558 -0.448787 12.518093 -56.444901 5.980208 5.538599 0.180593 -16.657463 102.366402 -28.887829 -27.904770 19.611599 -9.648399 1.787968 40.348595 -0.000017 0.000019 -23.567568 0.000103 -0.000017 -16.379864 0.000553 0.000009 -0.000262 -6.441935 17.490675 -3.059444 -3.935220 -0.863356 1.433568 -3.723418 0.135203 1.342043 0.000032 0.000584 -0.000023 -6.915683 7.204626 -6.118292 -4.433496 -0.964909 0.579495 -4.430969 0.043823 0.511281 -0.000209 -0.000016 0.000127 -8.413336 -9.034910 -11.233895 -6.393864 1.936203 -1.004542 -6.199193 -0.065200 -0.738955 -0.001112 0.000004 -0.000011 -4.407417 -25.422968 -19.324261 -7.322955 3.753559 -3.037537 -7.554740 -0.249079 -2.502262 -0.000286 -0.000005 -0.000037 0.000000 0.000000 0.000000 0.000000 0.000000 0.000000 10.539103 0.136603 15.211165 0.037073 0.177074 13.995333 -9.851852 -8.704863 12.712831 0.143661 0.336373 -18.233812 0.000000 0.000000 0.000000 0.000000 0.000000 0.000000 0.000000 0.000000 0.000000 20.025799 5.088893 11.433571 0.568682 1.414538 24.915152 -11.959257 16.325741 15.631625 1.775480 -0.822324 -20.209364 0.000000 0.000000 0.000000 0.000000 0.000000 0.000000 0.000000 0.000000 0.000000 
-18.110634 86.352844 39.087589 -4.379224 -7.075825 -17.207890 3.113997 -0.646167 8.357174 -0.412498 0.223222 0.457462 5.843962 -2.815665 9.930286 2.596886 -0.248628 3.655707 -6.491098 4.158252 8.015277 -0.120188 2.526963 -2.664596 -2.292553 -0.615858 -21.595688 0.000000 0.000000 0.000000 89.041664 0.546408 8.822831 55.641769 10.243056 10.771448 0.172403 20.451487 89.164375 46.807247 51.451843 30.349001 8.076981 -1.567983 41.079041 -0.000004 0.000015 -19.778763 -0.000009 0.000037 -13.694023 -0.000002 -0.000001 0.000007 1.328820 17.124119 0.157087 3.541644 -0.932424 -1.114902 3.406994 0.069722 -1.026686 -0.000012 -0.000001 -0.000018 2.593863 7.102005 -3.549457 4.147990 -0.978356 -0.507976 4.349353 0.017193 -0.433752 0.000001 -0.000018 -0.000009 12.060876 -9.043044 -9.141260 7.100745 1.942518 0.959913 6.866399 -0.060759 0.746490 -0.000001 0.000750 0.000008 23.050522 -24.855745 -16.925243 9.773645 3.682392 3.725281 9.422346 -0.327063 3.127251 0.001021 0.000004 0.000017 0.000000 0.000000 0.000000 0.000000 0.000000 0.000000 -91.991631 -0.444584 12.574913 -56.025421 6.060549 5.868104 0.172899 -16.837660 101.937057 -27.914503 -27.211403 18.930370 -9.652230 1.786768 40.344131 -0.000017 0.000019 -23.608982 0.000101 -0.000017 -16.404448 0.000645 0.000009 -0.000179 -6.495303 17.487316 -3.119436 -3.979872 -0.858214 1.458377 -3.767613 0.139675 1.366061 0.000032 0.000554 -0.000023 -6.933136 7.203866 -6.120459 -4.475118 -0.963077 0.588656 -4.468197 0.045289 0.519403 -0.000277 -0.000016 0.000126 -8.406725 -9.034609 -11.141254 -6.401769 1.933620 -1.016185 -6.213860 -0.066780 -0.748022 -0.001103 0.000004 -0.000011 -4.394785 -25.434992 -19.125767 -7.308524 3.746938 -3.064928 -7.547371 -0.253914 -2.527177 -0.000310 -0.000005 -0.000037 0.000000 0.000000 0.000000 0.000000 0.000000 0.000000 10.622530 0.098049 15.210958 0.041106 0.184841 13.958533 -9.879512 -8.766321 12.739071 0.149057 0.338327 -18.229025 0.000000 0.000000 0.000000 0.000000 0.000000 0.000000 0.000000 0.000000 0.000000 20.086468 5.031206 11.384229 0.568364 1.412883 24.985102 -11.974976 16.329456 15.595488 1.783203 -0.826284 -20.201099 0.000000 0.000000 0.000000 0.000000 0.000000 0.000000 0.000000 0.000000 0.000000 
-18.112478 86.341629 39.071239 -4.430813 -7.077343 -17.181837 3.099636 -0.643631 8.365760 -0.419807 0.224979 0.438359 5.895628 -2.911342 9.967752 2.651905 -0.274118 3.689399 -6.396015 4.168481 8.000781 -0.099889 2.594596 -2.649645 -2.314153 -0.619849 -21.571947 0.000000 0.000000 0.000000 89.040184 0.526336 8.772936 55.293140 10.192059 10.830688 0.171591 20.586149 88.898041 46.042030 51.050980 29.413883 8.125090 -1.574269 41.056801 -0.000003 0.000015 -19.895857 -0.000009 0.000037 -13.768126 -0.000002 -0.000001 0.000007 1.536426 17.111504 0.066706 3.646681 -0.929476 -1.142290 3.506531 0.073229 -1.050294 -0.000012 -0.000001 -0.000018 2.729949 7.098692 -3.602428 4.227575 -0.976893 -0.517104 4.430554 0.018086 -0.441579 -0.000000 -0.000019 -0.000009 12.074996 -9.039651 -9.139470 7.124975 1.939722 0.968466 6.894498 -0.062096 0.753494 -0.000001 0.000777 0.000008 22.931988 -24.873816 -16.875889 9.738367 3.676832 3.744225 9.400920 -0.329697 3.143459 0.001030 0.000005 0.000017 0.000000 0.000000 0.000000 0.000000 0.000000 0.000000 -91.931480 -0.437712 12.639540 -55.673466 6.226802 6.178266 0.152524 -17.059345 101.350693 -26.963758 -26.649883 18.229712 -9.649351 1.784505 40.343204 -0.000017 0.000018 -23.635439 0.000099 -0.000017 -16.418373 0.000745 0.000009 -0.000076 -6.472098 17.488409 -3.176384 -3.996076 -0.855667 1.470236 -3.782006 0.141575 1.378081 0.000033 0.000504 -0.000023 -6.879563 7.204844 -6.118773 -4.485201 -0.962391 0.592687 -4.475091 0.045897 0.523195 -0.000343 -0.000017 0.000125 -8.329922 -9.036795 -11.043661 -6.373106 1.932868 -1.021532 -6.192746 -0.067260 -0.752347 -0.001098 0.000004 -0.000010 -4.309062 -25.452280 -18.931314 -7.259957 3.744598 -3.075705 -7.506454 -0.255824 -2.537972 -0.000326 -0.000005 -0.000037 0.000000 0.000000 0.000000 0.000000 0.000000 0.000000 10.695123 0.056880 15.205020 0.044680 0.191806 13.942972 -9.902262 -8.820633 12.753985 0.153950 0.339758 -18.226124 0.000000 0.000000 0.000000 0.000000 0.000000 0.000000 0.000000 0.000000 0.000000 20.143257 4.981735 11.336979 0.567948 1.411900 25.066210 -11.995433 16.321474 15.536659 1.790360 -0.831668 -20.185770 0.000000 0.000000 0.000000 0.000000 0.000000 0.000000 0.000000 0.000000 0.000000 
-18.117039 86.326813 39.057274 -4.475789 -7.098060 -17.165348 3.083506 -0.640915 8.375687 -0.427939 0.225351 0.410067 5.947181 -3.003457 10.027603 2.707500 -0.299085 3.724698 -6.324152 4.192844 7.966703 -0.080721 2.668574 -2.648620 -2.337207 -0.623982 -21.538443 0.000000 0.000000 0.000000 89.070526 0.501180 8.736755 55.069984 10.083148 10.906637 0.174198 20.709404 88.585236 45.293911 50.850460 28.641420 8.141817 -1.576371 41.049438 -0.000003 0.000015 -19.936209 -0.000009 0.000037 -13.789165 -0.000001 -0.000001 0.000007 1.565514 17.101280 0.038948 3.661153 -0.929353 -1.153179 3.515909 0.074037 -1.059279 -0.000012 -0.000001 -0.000018 2.710238 7.096136 -3.604027 4.216598 -0.976670 -0.519749 4.420828 0.017997 -0.444086 -0.000001 -0.000020 -0.000009 11.965771 -9.037957 -9.104591 7.059317 1.939198 0.969035 6.832803 -0.062013 0.754461 -0.000001 0.000793 0.000008 22.724564 -24.898470 -16.824108 9.627942 3.677263 3.741256 9.304361 -0.328024 3.141662 0.001041 0.000005 0.000017 0.000000 0.000000 0.000000 0.000000 0.000000 0.000000 -91.890594 -0.427134 12.705874 -55.397964 6.457652 6.471727 0.120276 -17.306608 100.626755 -26.034647 -26.230392 17.486124 -9.639791 1.780993 40.346043 -0.000016 0.000018 -23.645285 0.000098 -0.000017 -16.421415 0.000840 0.000009 0.000037 -6.379951 17.493172 -3.235940 -3.980591 -0.855740 1.469684 -3.763884 0.141049 1.378264 0.000034 0.000440 -0.000023 -6.766287 7.207325 -6.120770 -4.461849 -0.962866 0.591830 -4.449587 0.045708 0.522785 -0.000402 -0.000017 0.000123 -8.198471 -9.041992 -10.948902 -6.311128 1.934081 -1.020711 -6.137795 -0.066719 -0.752030 -0.001095 0.000005 -0.000010 -4.172064 -25.478487 -18.747976 -7.184642 3.746708 -3.070038 -7.438789 -0.254972 -2.534677 -0.000333 -0.000005 -0.000037 0.000000 0.000000 0.000000 0.000000 0.000000 0.000000 10.759518 0.016422 15.196488 0.047634 0.197560 13.952504 -9.920804 -8.868028 12.751819 0.158452 0.341438 -18.220655 0.000000 0.000000 0.000000 0.000000 0.000000 0.000000 0.000000 0.000000 0.000000 20.199997 4.939692 11.302998 0.567390 1.411250 25.148623 -12.025539 16.305359 15.461112 1.797453 -0.837639 -20.160173 0.000000 0.000000 0.000000 0.000000 0.000000 0.000000 0.000000 0.000000 0.000000 
-18.125917 86.309799 39.046986 -4.514992 -7.144341 -17.161997 3.065733 -0.638276 8.387026 -0.441199 0.225375 0.372282 6.005002 -3.089770 10.112669 2.763119 -0.321605 3.763477 -6.266852 4.231513 7.925014 -0.061336 2.752048 -2.657089 -2.360616 -0.626925 -21.498535 0.000000 0.000000 0.000000 89.131172 0.471089 8.712592 54.962852 9.939612 10.996264 0.181898 20.815443 88.195587 44.504223 50.882378 28.002777 8.134398 -1.574939 41.054043 -0.000002 0.000016 -19.917273 -0.000009 0.000038 -13.769344 -0.000000 -0.000001 0.000007 1.453411 17.095488 0.058343 3.613192 -0.931109 -1.152151 3.463618 0.073037 -1.057885 -0.000011 -0.000001 -0.000018 2.571933 7.095277 -3.565649 4.145033 -0.977288 -0.517796 4.349782 0.017293 -0.442857 -0.000002 -0.000022 -0.000009 11.767234 -9.039214 -9.040634 6.937725 1.940342 0.964229 6.715093 -0.060997 0.751331 -0.000001 0.000784 0.000008 22.453053 -24.931425 -16.758871 9.471875 3.682022 3.722699 9.162495 -0.323344 3.127124 0.001051 0.000005 0.000018 0.000000 0.000000 0.000000 0.000000 0.000000 0.000000 -91.869804 -0.412879 12.767949 -55.204659 6.732644 6.747540 0.077647 -17.565393 99.774841 -25.113327 -25.962511 16.690075 -9.625319 1.776570 40.351650 -0.000016 0.000018 -23.642195 0.000096 -0.000017 -16.416159 0.000916 0.000009 0.000150 -6.243027 17.499081 -3.304965 -3.940619 -0.858031 1.458970 -3.721005 0.138555 1.368672 0.000034 0.000362 -0.000023 -6.616686 7.210400 -6.133369 -4.413199 -0.964272 0.587069 -4.400159 0.044908 0.518984 -0.000442 -0.000018 0.000121 -8.038836 -9.049682 -10.862132 -6.228768 1.936865 -1.014944 -6.060794 -0.065424 -0.748013 -0.001093 0.000005 -0.000010 -4.014133 -25.513348 -18.576313 -7.096401 3.752380 -3.051320 -7.358185 -0.251982 -2.520177 -0.000329 -0.000005 -0.000037 0.000000 0.000000 0.000000 0.000000 0.000000 0.000000 10.818578 -0.022744 15.190671 0.049797 0.201563 13.987769 -9.935378 -8.904041 12.727249 0.163066 0.344143 -18.208807 0.000000 0.000000 0.000000 0.000000 0.000000 0.000000 0.000000 0.000000 0.000000 20.260643 4.903817 11.291810 0.566688 1.410829 25.220497 -12.068374 16.284676 15.375293 1.805666 -0.843504 -20.122107 0.000000 0.000000 0.000000 0.000000 0.000000 0.000000 0.000000 0.000000 0.000000 
-18.140221 86.292442 39.040340 -4.550420 -7.220103 -17.173119 3.047925 -0.636089 8.398829 -0.460266 0.225999 0.328145 6.068960 -3.167583 10.225168 2.817227 -0.340372 3.807776 -6.221576 4.286754 7.884696 -0.040999 2.847036 -2.672733 -2.384797 -0.628523 -21.456020 0.000000 0.000000 0.000000 89.213234 0.436496 8.701863 54.951828 9.768517 11.097623 0.195908 20.903812 87.719330 43.654404 51.146488 27.470917 8.109311 -1.570794 41.067566 -0.000002 0.000016 -19.855486 -0.000009 0.000039 -13.720061 0.000000 -0.000001 0.000007 1.240642 17.094252 0.106434 3.530307 -0.933607 -1.144319 3.376808 0.071302 -1.050666 -0.000011 -0.000001 -0.000018 2.353888 7.096274 -3.501742 4.042159 -0.978216 -0.513334 4.246725 0.016379 -0.439606 -0.000002 -0.000024 -0.000009 11.517392 -9.043522 -8.956182 6.794448 1.942273 0.957042 6.575244 -0.059614 0.746313 -0.000000 0.000741 0.000008 22.149069 -24.971008 -16.676149 9.300727 3.688557 3.696788 9.005787 -0.317463 3.106545 0.001059 0.000005 0.000018 0.000000 0.000000 0.000000 0.000000 0.000000 0.000000 -91.867256 -0.395010 12.819360 -55.088421 7.020691 7.001358 0.024559 -17.823738 98.821350 -24.214342 -25.838949 15.857412 -9.606717 1.771597 40.359341 -0.000016 0.000018 -23.628286 0.000094 -0.000018 -16.404032 0.000969 0.000009 0.000256 -6.086021 17.503738 -3.392442 -3.885766 -0.861798 1.441346 -3.663259 0.134779 1.352442 0.000034 0.000268 -0.000023 -6.450769 7.213115 -6.164463 -4.348878 -0.966241 0.579724 -4.336844 0.043737 0.512917 -0.000453 -0.000018 0.000117 -7.869476 -9.058855 -10.791066 -6.138171 1.940478 -1.006057 -5.973532 -0.063740 -0.741644 -0.001094 0.000005 -0.000010 -3.853330 -25.554008 -18.419340 -7.005530 3.759945 -3.024971 -7.275018 -0.247837 -2.498912 -0.000317 -0.000005 -0.000037 0.000000 0.000000 0.000000 0.000000 0.000000 0.000000 10.873421 -0.062619 15.191867 0.051090 0.203425 14.046135 -9.945786 -8.921897 12.678643 0.168587 0.348021 -18.188715 0.000000 0.000000 0.000000 0.000000 0.000000 0.000000 0.000000 0.000000 0.000000 20.327448 4.876451 11.308858 0.565744 1.410604 25.271156 -12.122820 16.264627 15.285143 1.816339 -0.848389 -20.072992 0.000000 0.000000 0.000000 0.000000 0.000000 0.000000 0.000000 0.000000 0.000000 
-18.160416 86.276276 39.035973 -4.585330 -7.328646 -17.194250 3.031943 -0.634679 8.409429 -0.482968 0.227537 0.282390 6.135028 -3.236036 10.361186 2.867864 -0.354978 3.858150 -6.192441 4.360507 7.851093 -0.020155 2.952322 -2.693666 -2.410632 -0.629153 -21.412331 0.000000 0.000000 0.000000 89.301559 0.399306 8.707157 55.019016 9.566422 11.208366 0.216273 20.977917 87.152817 42.728107 51.612816 26.995470 8.073710 -1.565091 41.086422 -0.000002 0.000017 -19.768358 -0.000009 0.000039 -13.653506 0.000001 -0.000001 0.000007 0.974069 17.096302 0.166698 3.436673 -0.936093 -1.133697 3.279442 0.069524 -1.041102 -0.000011 -0.000002 -0.000018 2.099689 7.098536 -3.423683 3.932722 -0.979083 -0.507931 4.136741 0.015505 -0.435589 -0.000003 -0.000026 -0.000009 11.255087 -9.049644 -8.855236 6.656363 1.944339 0.949509 6.439714 -0.058217 0.740913 -0.000000 0.000661 0.000008 21.843676 -25.012535 -16.568985 9.137796 3.694959 3.669196 8.857158 -0.311629 3.084425 0.001064 0.000005 0.000019 0.000000 0.000000 0.000000 0.000000 0.000000 0.000000 -91.876945 -0.374011 12.855384 -55.043495 7.290553 7.229255 -0.039306 -18.073534 97.800026 -23.360453 -25.853287 15.011730 -9.583939 1.766344 40.368774 -0.000016 0.000018 -23.603407 0.000092 -0.000018 -16.385111 0.001003 0.000008 0.000343 -5.927786 17.506153 -3.503377 -3.825536 -0.866258 1.420293 -3.600603 0.130424 1.332942 0.000034 0.000155 -0.000023 -6.282698 7.214998 -6.218314 -4.278416 -0.968425 0.571102 -4.269048 0.042411 0.505713 -0.000435 -0.000019 0.000114 -7.701525 -9.068741 -10.740754 -6.049243 1.944250 -0.995786 -5.886035 -0.061966 -0.734200 -0.001097 0.000006 -0.000009 -3.699915 -25.597939 -18.277962 -6.919278 3.767895 -2.995984 -7.196061 -0.243389 -2.474902 -0.000298 -0.000005 -0.000037 0.000000 0.000000 0.000000 0.000000 0.000000 0.000000 10.925331 -0.104978 15.199648 0.051645 0.203090 14.121286 -9.951789 -8.916928 12.610568 0.175546 0.352972 -18.161278 0.000000 0.000000 0.000000 0.000000 0.000000 0.000000 0.000000 0.000000 0.000000 20.401783 4.862346 11.349898 0.564460 1.410524 25.298681 -12.185440 16.250246 15.196047 1.829981 -0.851543 -20.017773 0.000000 0.000000 0.000000 0.000000 0.000000 0.000000 0.000000 0.000000 0.000000 
-18.185846 86.262306 39.031467 -4.624494 -7.472297 -17.217846 3.019898 -0.634513 8.419610 -0.505918 0.229612 0.239167 6.199072 -3.296261 10.512891 2.913417 -0.365742 3.911221 -6.185665 4.453705 7.826555 -0.000388 3.064693 -2.715857 -2.439105 -0.629119 -21.363104 0.000000 0.000000 0.000000 89.380325 0.362884 8.729060 55.160439 9.333482 11.325629 0.241794 21.038368 86.495102 41.715286 52.242626 26.517681 8.034255 -1.559051 41.107128 -0.000001 0.000017 -19.671635 -0.000009 0.000040 -13.580721 0.000001 -0.000001 0.000007 0.694085 17.099508 0.222497 3.348550 -0.938286 -1.122948 3.187691 0.067938 -1.031408 -0.000011 -0.000002 -0.000018 1.846146 7.101006 -3.342004 3.832721 -0.979737 -0.502543 4.036138 0.014741 -0.431559 -0.000003 -0.000029 -0.000009 11.010305 -9.055693 -8.739729 6.538487 1.946221 0.942618 6.323088 -0.056934 0.735859 -0.000000 0.000546 0.000008 21.558790 -25.050468 -16.430676 8.995582 3.700348 3.642850 8.728186 -0.306373 3.062924 0.001069 0.000004 0.000020 0.000000 0.000000 0.000000 0.000000 0.000000 0.000000 -91.889984 -0.350653 12.875606 -55.075558 7.523615 7.424863 -0.112193 -18.306797 96.741608 -22.563036 -26.007864 14.165705 -9.556826 1.761013 40.379723 -0.000016 0.000017 -23.566513 0.000092 -0.000018 -16.359022 0.001028 0.000008 0.000404 -5.774995 17.506845 -3.636403 -3.766601 -0.870864 1.398396 -3.540246 0.125969 1.312707 0.000034 0.000032 -0.000023 -6.117455 7.216182 -6.293871 -4.209298 -0.970608 0.562130 -4.203579 0.041058 0.498199 -0.000397 -0.000019 0.000110 -7.539246 -9.079021 -10.711032 -5.969099 1.947821 -0.985227 -5.806005 -0.060244 -0.726496 -0.001100 0.000006 -0.000009 -3.559286 -25.644186 -18.151138 -6.843670 3.775469 -2.967259 -7.126458 -0.239052 -2.450506 -0.000277 -0.000005 -0.000037 0.000000 0.000000 0.000000 0.000000 0.000000 0.000000 10.978093 -0.146945 15.210734 0.051822 0.201138 14.205821 -9.952918 -8.887722 12.532779 0.184112 0.358933 -18.130474 0.000000 0.000000 0.000000 0.000000 0.000000 0.000000 0.000000 0.000000 0.000000 20.485256 4.864394 11.403107 0.562829 1.410568 25.312880 -12.251805 16.244650 15.110961 1.845911 -0.852871 -19.962543 0.000000 0.000000 0.000000 0.000000 0.000000 0.000000 0.000000 0.000000 0.000000 
-18.214466 86.250946 39.024925 -4.670402 -7.650743 -17.237421 3.012681 -0.635841 8.432225 -0.525720 0.231153 0.198844 6.258893 -3.349187 10.673456 2.953656 -0.373315 3.960685 -6.205074 4.565311 7.805243 0.016461 3.180847 -2.737154 -2.470292 -0.628282 -21.300873 0.000000 0.000000 0.000000 89.441292 0.330066 8.764954 55.377113 9.070262 11.439358 0.270434 21.084570 85.764740 40.624783 52.987442 26.001875 7.996971 -1.553594 41.126595 -0.000001 0.000018 -19.579729 -0.000009 0.000040 -13.511959 0.000001 -0.000001 0.000008 0.431655 17.102877 0.260270 3.276469 -0.939933 -1.114285 3.111889 0.066790 -1.023404 -0.000011 -0.000002 -0.000018 1.620150 7.103182 -3.266438 3.751997 -0.980081 -0.497981 3.955034 0.014155 -0.428164 -0.000004 -0.000033 -0.000009 10.802349 -9.060575 -8.613665 6.447272 1.947667 0.937149 6.231767 -0.055921 0.731704 -0.000000 0.000400 0.000008 21.307615 -25.081564 -16.261362 8.879173 3.704061 3.620231 8.622915 -0.302258 3.043905 0.001076 0.000004 0.000021 0.000000 0.000000 0.000000 0.000000 0.000000 0.000000 -91.899353 -0.326451 12.883703 -55.202164 7.718950 7.579989 -0.190118 -18.520473 95.674850 -21.826786 -26.307909 13.331126 -9.527246 1.755852 40.391285 -0.000016 0.000017 -23.520943 0.000092 -0.000019 -16.328398 0.001048 0.000007 0.000435 -5.630006 17.507504 -3.785440 -3.714510 -0.875169 1.377845 -3.487738 0.121834 1.293767 0.000034 -0.000091 -0.000023 -5.958372 7.217249 -6.385554 -4.148054 -0.972637 0.553615 -4.146142 0.039794 0.491091 -0.000360 -0.000019 0.000106 -7.387285 -9.089829 -10.697471 -5.903326 1.951022 -0.975210 -5.739843 -0.058666 -0.719164 -0.001101 0.000006 -0.000009 -3.438036 -25.693182 -18.037374 -6.784642 3.782331 -2.940670 -7.071528 -0.235132 -2.427352 -0.000251 -0.000005 -0.000037 0.000000 0.000000 0.000000 0.000000 0.000000 0.000000 11.035079 -0.179567 15.222915 0.051966 0.198375 14.291564 -9.948751 -8.830800 12.453232 0.193977 0.366056 -18.099796 0.000000 0.000000 0.000000 0.000000 0.000000 0.000000 0.000000 0.000000 0.000000 20.577303 4.884203 11.460354 0.560997 1.410819 25.324989 -12.319550 16.251389 15.030017 1.862734 -0.853108 -19.911324 0.000000 0.000000 0.000000 0.000000 0.000000 0.000000 0.000000 0.000000 0.000000 
-18.243298 86.242851 39.015881 -4.720259 -7.859660 -17.249844 3.009419 -0.638157 8.448404 -0.539790 0.230920 0.159776 6.312818 -3.393395 10.836579 2.988898 -0.378127 4.002484 -6.250453 4.692862 7.772567 0.028609 3.298396 -2.760542 -2.503167 -0.625828 -21.220566 0.000000 0.000000 0.000000 89.485069 0.301724 8.810465 55.654850 8.765829 11.537018 0.300122 21.119425 85.009552 39.479366 53.769478 25.435860 7.967438 -1.549390 41.141907 -0.000001 0.000019 -19.507296 -0.000008 0.000040 -13.457613 0.000002 -0.000001 0.000008 0.216123 17.106560 0.269403 3.227238 -0.940643 -1.109740 3.058722 0.066474 -1.018895 -0.000011 -0.000002 -0.000018 1.446776 7.105129 -3.206948 3.696830 -0.980002 -0.495104 3.900087 0.013880 -0.426107 -0.000004 -0.000037 -0.000009 10.649441 -9.063998 -8.485827 6.385519 1.948437 0.934034 6.168862 -0.055411 0.729147 0.000000 0.000226 0.000009 21.104174 -25.104584 -16.070024 8.790643 3.705427 3.604242 8.542788 -0.299994 3.029793 0.001088 0.000004 0.000021 0.000000 0.000000 0.000000 0.000000 0.000000 0.000000 -91.903122 -0.303016 12.884195 -55.439789 7.897069 7.686791 -0.268979 -18.717823 94.639091 -21.149736 -26.739063 12.529785 -9.499259 1.751224 40.401798 -0.000017 0.000017 -23.475079 0.000094 -0.000019 -16.299028 0.001065 0.000006 0.000442 -5.501420 17.509403 -3.942509 -3.674811 -0.878695 1.361373 -3.448062 0.118486 1.278520 0.000034 -0.000203 -0.000022 -5.815127 7.218575 -6.484813 -4.100659 -0.974342 0.546627 -4.101964 0.038770 0.485302 -0.000344 -0.000020 0.000103 -7.256661 -9.100904 -10.692691 -5.855724 1.953668 -0.966846 -5.691779 -0.057380 -0.713057 -0.001099 0.000006 -0.000009 -3.347745 -25.743641 -17.932905 -6.745399 3.788089 -2.918539 -7.034218 -0.231997 -2.407564 -0.000224 -0.000005 -0.000037 0.000000 0.000000 0.000000 0.000000 0.000000 0.000000 11.096111 -0.189351 15.237608 0.052233 0.195355 14.366315 -9.939516 -8.739216 12.376103 0.204279 0.374409 -18.069735 0.000000 0.000000 0.000000 0.000000 0.000000 0.000000 0.000000 0.000000 0.000000 20.673803 4.923474 11.523713 0.559201 1.411244 25.337093 -12.388895 16.277222 14.955019 1.878883 -0.853221 -19.866220 0.000000 0.000000 0.000000 0.000000 0.000000 0.000000 0.000000 0.000000 0.000000 
-18.269495 86.238609 39.004639 -4.768137 -8.090741 -17.254736 3.008423 -0.640689 8.467508 -0.546884 0.228244 0.122425 6.358105 -3.425743 10.995203 3.018568 -0.379738 4.035648 -6.317321 4.829400 7.714796 0.034783 3.412549 -2.790477 -2.535714 -0.620980 -21.120920 0.000000 0.000000 0.000000 89.515297 0.277480 8.861484 55.969341 8.417743 11.612208 0.329415 21.145603 84.281219 38.317867 54.511490 24.830938 7.950032 -1.546907 41.150703 -0.000001 0.000019 -19.466713 -0.000008 0.000041 -13.426406 0.000002 -0.000001 0.000008 0.071613 17.111013 0.244865 3.205392 -0.940075 -1.110801 3.033069 0.067329 -1.019316 -0.000011 -0.000002 -0.000018 1.346276 7.107101 -3.170557 3.671372 -0.979408 -0.494583 3.875724 0.014043 -0.425942 -0.000004 -0.000040 -0.000009 10.565538 -9.066084 -8.366049 6.354952 1.948384 0.933948 6.136225 -0.055562 0.728749 0.000000 0.000031 0.000009 20.959326 -25.119570 -15.868829 8.730906 3.704127 3.596797 8.488567 -0.300011 3.022409 0.001106 0.000003 0.000022 0.000000 0.000000 0.000000 0.000000 0.000000 0.000000 -91.903191 -0.281744 12.879914 -55.789532 8.082129 7.737876 -0.345353 -18.902405 93.685059 -20.537392 -27.269524 11.796866 -9.477454 1.747452 40.409458 -0.000017 0.000017 -23.439049 0.000097 -0.000019 -16.277563 0.001077 0.000006 0.000440 -5.403471 17.513775 -4.094619 -3.654320 -0.881014 1.351494 -3.427753 0.116357 1.269220 0.000034 -0.000297 -0.000022 -5.703352 7.220521 -6.579486 -4.074116 -0.975555 0.542190 -4.077378 0.038129 0.481686 -0.000356 -0.000020 0.000101 -7.162405 -9.111941 -10.686502 -5.830633 1.955586 -0.961273 -5.665996 -0.056551 -0.709065 -0.001098 0.000006 -0.000009 -3.300977 -25.793486 -17.831594 -6.727908 3.792349 -2.903219 -7.016349 -0.229986 -2.393306 -0.000196 -0.000005 -0.000038 0.000000 0.000000 0.000000 0.000000 0.000000 0.000000 11.157479 -0.166082 15.255530 0.052600 0.192522 14.422982 -9.926151 -8.609472 12.304679 0.214237 0.383385 -18.040976 0.000000 0.000000 0.000000 0.000000 0.000000 0.000000 0.000000 0.000000 0.000000 20.768345 4.982491 11.598144 0.557631 1.411664 25.345650 -12.459357 16.325682 14.889624 1.893163 -0.853999 -19.827988 0.000000 0.000000 0.000000 0.000000 0.000000 0.000000 0.000000 0.000000 0.000000 
-18.291336 86.238266 38.991531 -4.808820 -8.333267 -17.252054 3.007766 -0.642878 8.488733 -0.547085 0.223240 0.088441 6.392751 -3.443660 11.143780 3.042123 -0.377078 4.060630 -6.397928 4.962551 7.624553 0.035158 3.515464 -2.830199 -2.565177 -0.614029 -21.004408 0.000000 0.000000 0.000000 89.536087 0.256716 8.914771 56.297722 8.039227 11.659708 0.356962 21.163942 83.619987 37.173561 55.166180 24.208485 7.947217 -1.546375 41.151665 -0.000000 0.000020 -19.465233 -0.000008 0.000041 -13.423311 0.000002 -0.000001 0.000008 0.012143 17.116653 0.190717 3.214031 -0.937953 -1.118384 3.038807 0.069613 -1.025621 -0.000011 -0.000002 -0.000018 1.329111 7.109363 -3.157377 3.677911 -0.978230 -0.496816 3.884434 0.014747 -0.428012 -0.000005 -0.000042 -0.000009 10.554954 -9.067202 -8.259966 6.355941 1.947400 0.937255 6.134254 -0.056447 0.730862 0.000000 -0.000179 0.000009 20.875446 -25.127535 -15.667233 8.699306 3.700072 3.598629 8.460034 -0.302481 3.022654 0.001132 0.000003 0.000022 0.000000 0.000000 0.000000 0.000000 0.000000 0.000000 -91.903046 -0.263828 12.871348 -56.233234 8.284208 7.727364 -0.416369 -19.076080 92.863754 -20.007320 -27.852873 11.174492 -9.465487 1.744768 40.412846 -0.000018 0.000016 -23.421806 0.000100 -0.000019 -16.269650 0.001087 0.000005 0.000437 -5.352262 17.521599 -4.227308 -3.660427 -0.881808 1.349764 -3.434415 0.115768 1.267351 0.000034 -0.000369 -0.000021 -5.641356 7.223401 -6.658178 -4.075806 -0.976147 0.540976 -4.079309 0.037970 0.480783 -0.000394 -0.000020 0.000100 -7.120887 -9.122841 -10.670480 -5.833472 1.956640 -0.959332 -5.667424 -0.056328 -0.707851 -0.001100 0.000006 -0.000009 -3.310086 -25.841354 -17.728947 -6.734840 3.794743 -2.896527 -7.020779 -0.229402 -2.386194 -0.000169 -0.000005 -0.000038 0.000000 0.000000 0.000000 0.000000 0.000000 0.000000 11.213847 -0.109789 15.273562 0.052926 0.190111 14.464173 -9.909907 -8.445402 12.241886 0.223503 0.392008 -18.015844 0.000000 0.000000 0.000000 0.000000 0.000000 0.000000 0.000000 0.000000 0.000000 20.854172 5.059397 11.685049 0.556365 1.411889 25.345879 -12.528727 16.394024 14.836269 1.905019 -0.856057 -19.796133 0.000000 0.000000 0.000000 0.000000 0.000000 0.000000 0.000000 0.000000 0.000000 
-18.308277 86.241646 38.976566 -4.840641 -8.575830 -17.241503 3.006313 -0.644490 8.511938 -0.541700 0.216677 0.059998 6.417467 -3.446775 11.278331 3.059702 -0.369200 4.078379 -6.483996 5.080465 7.500994 0.030945 3.600454 -2.880657 -2.589361 -0.606027 -20.875807 0.000000 0.000000 0.000000 89.550804 0.239171 8.967905 56.622490 7.645368 11.673358 0.380999 21.175802 83.059212 36.055397 55.705841 23.577055 7.958832 -1.547764 41.144814 -0.000000 0.000021 -19.502823 -0.000008 0.000041 -13.448096 0.000003 -0.000001 0.000008 0.039726 17.123404 0.115523 3.252792 -0.934143 -1.132710 3.076368 0.073439 -1.038117 -0.000011 -0.000002 -0.000018 1.394604 7.111933 -3.163713 3.714937 -0.976435 -0.501889 3.924795 0.016045 -0.432409 -0.000005 -0.000044 -0.000009 10.612447 -9.067560 -8.170006 6.385488 1.945434 0.944041 6.160075 -0.058069 0.735616 0.000000 -0.000393 0.000009 20.847307 -25.129539 -15.472485 8.692173 3.693367 3.609644 8.454070 -0.307342 3.030681 0.001166 0.000003 0.000022 0.000000 0.000000 0.000000 0.000000 0.000000 0.000000 -91.906082 -0.249853 12.857738 -56.744572 8.497766 7.651989 -0.479369 -19.240217 92.216354 -19.570318 -28.433464 10.695589 -9.464945 1.743357 40.411274 -0.000018 0.000017 -23.428019 0.000103 -0.000019 -16.277975 0.001098 0.000004 0.000436 -5.360753 17.532633 -4.331563 -3.698387 -0.880910 1.356680 -3.473667 0.116856 1.273454 0.000034 -0.000417 -0.000021 -5.644090 7.227048 -6.715119 -4.110755 -0.976041 0.543248 -4.112525 0.038333 0.482783 -0.000446 -0.000020 0.000098 -7.145951 -9.133193 -10.641516 -5.868174 1.956732 -0.961385 -5.699621 -0.056791 -0.709712 -0.001105 0.000007 -0.000009 -3.386284 -25.885603 -17.623688 -6.768213 3.795009 -2.899251 -7.049829 -0.230396 -2.386926 -0.000142 -0.000005 -0.000038 0.000000 0.000000 0.000000 0.000000 0.000000 0.000000 11.262421 -0.027412 15.287267 0.053099 0.188201 14.496018 -9.892044 -8.256822 12.190866 0.232057 0.399582 -17.997040 0.000000 0.000000 0.000000 0.000000 0.000000 0.000000 0.000000 0.000000 0.000000 20.927599 5.150065 11.781567 0.555402 1.411747 25.335325 -12.594381 16.476259 14.795603 1.914214 -0.859723 -19.770187 0.000000 0.000000 0.000000 0.000000 0.000000 0.000000 0.000000 0.000000 0.000000 
-18.320335 86.248489 38.959560 -4.864511 -8.807254 -17.222961 3.003833 -0.645414 8.537249 -0.532558 0.209507 0.039398 6.434713 -3.436521 11.395742 3.071935 -0.355824 4.090060 -6.568932 5.176545 7.347622 0.023663 3.664839 -2.940979 -2.607447 -0.598039 -20.739777 0.000000 0.000000 0.000000 89.561760 0.224971 9.019089 56.931801 7.246341 11.646303 0.399511 21.184042 82.631813 34.964039 56.113712 22.940020 7.982452 -1.550788 41.131443 -0.000000 0.000022 -19.572901 -0.000009 0.000041 -13.496046 0.000003 -0.000001 0.000008 0.144396 17.130976 0.027884 3.317403 -0.928722 -1.153242 3.141783 0.078729 -1.056387 -0.000011 -0.000002 -0.000018 1.531529 7.114701 -3.185181 3.777183 -0.974063 -0.509583 3.991465 0.017917 -0.438972 -0.000004 -0.000044 -0.000009 10.725721 -9.067329 -8.097365 6.437563 1.942554 0.954109 6.207803 -0.060359 0.742899 -0.000000 -0.000598 0.000009 20.865477 -25.126848 -15.291429 8.703794 3.684356 3.629155 8.465353 -0.314315 3.046046 0.001207 0.000002 0.000021 0.000000 0.000000 0.000000 0.000000 0.000000 0.000000 -91.914284 -0.239821 12.838404 -57.299347 8.707615 7.511070 -0.532065 -19.395277 91.774147 -19.221100 -28.962124 10.375813 -9.475734 1.743332 40.404720 -0.000019 0.000017 -23.458458 0.000106 -0.000019 -16.302622 0.001116 0.000004 0.000436 -5.435537 17.545801 -4.405134 -3.770567 -0.878319 1.371981 -3.548082 0.119578 1.287331 0.000034 -0.000443 -0.000020 -5.718755 7.231011 -6.749681 -4.180965 -0.975226 0.548955 -4.178941 0.039200 0.487623 -0.000508 -0.000020 0.000096 -7.244651 -9.142403 -10.600661 -5.935891 1.955837 -0.967388 -5.763686 -0.057938 -0.714620 -0.001111 0.000007 -0.000009 -3.535464 -25.924465 -17.516750 -6.828118 3.793071 -2.911299 -7.103873 -0.232943 -2.395414 -0.000113 -0.000004 -0.000038 0.000000 0.000000 0.000000 0.000000 0.000000 0.000000 11.303342 0.072922 15.292939 0.053088 0.186767 14.523413 -9.873327 -8.055341 12.154184 0.239978 0.405907 -17.986555 0.000000 0.000000 0.000000 0.000000 0.000000 0.000000 0.000000 0.000000 0.000000 20.988096 5.249240 11.882244 0.554716 1.411181 25.314831 -12.654049 16.565483 14.766962 1.920579 -0.865025 -19.750238 0.000000 0.000000 0.000000 0.000000 0.000000 0.000000 0.000000 0.000000 0.000000 
-18.327681 86.258568 38.940464 -4.881920 -9.017476 -17.196407 3.000620 -0.645640 8.564283 -0.521162 0.202339 0.028024 6.446660 -3.415100 11.494021 3.079728 -0.337472 4.097434 -6.648426 5.249426 7.171726 0.014863 3.709430 -3.008885 -2.619707 -0.590919 -20.600704 0.000000 0.000000 0.000000 89.570267 0.214442 9.066410 57.218544 6.848004 11.571287 0.410477 21.191675 82.366035 33.908272 56.391632 22.312582 8.014561 -1.555048 41.113316 0.000000 0.000022 -19.665890 -0.000009 0.000042 -13.560498 0.000004 -0.000002 0.000007 0.311543 17.138746 -0.063999 3.401227 -0.921940 -1.178952 3.228211 0.085264 -1.079539 -0.000011 -0.000002 -0.000018 1.724253 7.117445 -3.216478 3.857320 -0.971206 -0.519481 4.076916 0.020280 -0.447390 -0.000004 -0.000044 -0.000009 10.879743 -9.066557 -8.040933 6.504588 1.938922 0.967038 6.269955 -0.063207 0.752401 -0.000000 -0.000783 0.000009 20.918190 -25.120712 -15.127654 8.727507 3.673558 3.655970 8.487649 -0.322953 3.067826 0.001251 0.000002 0.000021 0.000000 0.000000 0.000000 0.000000 0.000000 0.000000 -91.928238 -0.233371 12.812732 -57.875462 8.897758 7.308652 -0.572959 -19.540480 91.551582 -18.938471 -29.410339 10.215730 -9.497195 1.744763 40.393429 -0.000019 0.000017 -23.512522 0.000108 -0.000018 -16.342758 0.001144 0.000003 0.000433 -5.578443 17.559481 -4.448834 -3.876806 -0.874149 1.395084 -3.657440 0.123784 1.308424 0.000034 -0.000452 -0.000020 -5.866247 7.234707 -6.762208 -4.285919 -0.973737 0.557885 -4.278142 0.040532 0.495124 -0.000573 -0.000020 0.000094 -7.417438 -9.149921 -10.548244 -6.035337 1.953984 -0.977105 -5.858496 -0.059723 -0.722358 -0.001116 0.000007 -0.000009 -3.756895 -25.956526 -17.406475 -6.912830 3.788993 -2.932193 -7.181428 -0.236930 -2.411230 -0.000083 -0.000004 -0.000039 0.000000 0.000000 0.000000 0.000000 0.000000 0.000000 11.337389 0.183410 15.287979 0.052884 0.185634 14.548277 -9.853991 -7.850687 12.133211 0.247356 0.411157 -17.985525 0.000000 0.000000 0.000000 0.000000 0.000000 0.000000 0.000000 0.000000 0.000000 21.036453 5.351385 11.980821 0.554257 1.410363 25.286428 -12.706519 16.654249 14.748901 1.924088 -0.871852 -19.736824 0.000000 0.000000 0.000000 0.000000 0.000000 0.000000 0.000000 0.000000 0.000000 
-18.330389 86.271675 38.919544 -4.893658 -9.198081 -17.162552 2.996956 -0.645248 8.592222 -0.508425 0.195340 0.025910 6.454188 -3.384717 11.572919 3.083759 -0.315343 4.102327 -6.720918 5.301985 6.982707 0.005931 3.737402 -3.081240 -2.627201 -0.585260 -20.462566 0.000000 0.000000 0.000000 89.577209 0.207705 9.107648 57.477165 6.452219 11.444337 0.412389 21.200617 82.277473 32.905899 56.557411 21.719791 8.051558 -1.560168 41.092220 0.000000 0.000023 -19.772028 -0.000009 0.000042 -13.634775 0.000004 -0.000002 0.000007 0.527065 17.145607 -0.154576 3.496445 -0.914189 -1.208519 3.327198 0.092705 -1.106367 -0.000011 -0.000002 -0.000018 1.957526 7.119768 -3.253017 3.947208 -0.968001 -0.531021 4.172752 0.022999 -0.457242 -0.000004 -0.000043 -0.000008 11.060389 -9.065099 -7.998034 6.578774 1.934773 0.982208 6.338753 -0.066455 0.763630 -0.000000 -0.000938 0.000009 20.993217 -25.112089 -14.980882 8.756706 3.661624 3.688397 8.514855 -0.332675 3.094617 0.001297 0.000002 0.000020 0.000000 0.000000 0.000000 0.000000 0.000000 0.000000 -91.947365 -0.229644 12.779925 -58.450352 9.057356 7.054417 -0.601556 -19.673759 91.541817 -18.692915 -29.769281 10.201933 -9.528133 1.747646 40.377895 -0.000020 0.000017 -23.588133 0.000110 -0.000017 -16.396658 0.001179 0.000003 0.000422 -5.785984 17.571669 -4.465238 -4.013696 -0.868619 1.425051 -3.798048 0.129234 1.335804 0.000034 -0.000449 -0.000020 -6.080793 7.237517 -6.753197 -4.421956 -0.971656 0.569646 -4.406779 0.042269 0.504983 -0.000641 -0.000020 0.000092 -7.656731 -9.155341 -10.483474 -6.162415 1.951262 -0.990117 -5.980244 -0.062049 -0.732543 -0.001116 0.000007 -0.000009 -4.040708 -25.980989 -17.289036 -7.018368 3.782993 -2.961001 -7.278784 -0.242153 -2.433569 -0.000052 -0.000004 -0.000039 0.000000 0.000000 0.000000 0.000000 0.000000 0.000000 11.364402 0.296866 15.271778 0.052488 0.184543 14.569442 -9.833824 -7.649811 12.127919 0.254208 0.415697 -17.994146 0.000000 0.000000 0.000000 0.000000 0.000000 0.000000 0.000000 0.000000 0.000000 21.073580 5.451491 12.071974 0.553937 1.409618 25.251675 -12.751432 16.735191 14.740176 1.924919 -0.879969 -19.730749 0.000000 0.000000 0.000000 0.000000 0.000000 0.000000 0.000000 0.000000 0.000000 
-18.328579 86.287476 38.897274 -4.899836 -9.342998 -17.123108 2.992765 -0.644372 8.620181 -0.494891 0.188413 0.031845 6.457434 -3.347160 11.633851 3.084244 -0.290913 4.105823 -6.787661 5.339841 6.789978 -0.002220 3.753000 -3.154758 -2.631435 -0.581318 -20.328850 0.000000 0.000000 0.000000 89.583206 0.204514 9.140937 57.701878 6.059772 11.267961 0.404812 21.211020 82.364044 31.976738 56.634312 21.185808 8.090642 -1.565859 41.069584 0.000000 0.000024 -19.883770 -0.000009 0.000042 -13.713664 0.000005 -0.000002 0.000007 0.779996 17.150467 -0.242126 3.596118 -0.905946 -1.240454 3.430937 0.100642 -1.135458 -0.000011 -0.000002 -0.000018 2.219440 7.121248 -3.292289 4.039916 -0.964616 -0.543544 4.271796 0.025912 -0.468018 -0.000004 -0.000042 -0.000008 11.257429 -9.062721 -7.965993 6.653923 1.930371 0.998812 6.408026 -0.069923 0.775942 -0.000000 -0.001060 0.000009 21.081036 -25.101473 -14.848795 8.786236 3.649290 3.724195 8.542313 -0.342824 3.124545 0.001341 0.000001 0.000020 0.000000 0.000000 0.000000 0.000000 0.000000 0.000000 -91.969849 -0.227299 12.739145 -59.000153 9.181950 6.762890 -0.618531 -19.793024 91.718750 -18.458771 -30.041670 10.310034 -9.566633 1.751836 40.358944 -0.000020 0.000017 -23.681204 0.000111 -0.000016 -16.461422 0.001218 0.000003 0.000400 -6.049326 17.580530 -4.459812 -4.175064 -0.862068 1.460359 -3.963305 0.135585 1.368016 0.000034 -0.000436 -0.000019 -6.350611 7.238959 -6.725245 -4.582736 -0.969115 0.583595 -4.559071 0.044313 0.516696 -0.000707 -0.000020 0.000090 -7.947867 -9.158548 -10.407115 -6.310976 1.947839 -1.005720 -6.123210 -0.064765 -0.744569 -0.001110 0.000007 -0.000009 -4.369240 -25.998001 -17.162270 -7.139377 3.775489 -2.996035 -7.390969 -0.248291 -2.461048 -0.000022 -0.000004 -0.000039 0.000000 0.000000 0.000000 0.000000 0.000000 0.000000 11.383605 0.406821 15.246002 0.051929 0.183278 14.583848 -9.812497 -7.457990 12.136921 0.260455 0.419911 -18.011803 0.000000 0.000000 0.000000 0.000000 0.000000 0.000000 0.000000 0.000000 0.000000 21.100660 5.546057 12.152299 0.553624 1.409266 25.210857 -12.789100 16.802021 14.740309 1.923509 -0.888952 -19.732380 0.000000 0.000000 0.000000 0.000000 0.000000 0.000000 0.000000 0.000000 0.000000 
-18.322651 86.305481 38.873997 -4.900319 -9.449158 -17.080042 2.987417 -0.643151 8.647245 -0.481154 0.181488 0.043575 6.456303 -3.303947 11.679091 3.081331 -0.265587 4.108036 -6.852093 5.368652 6.603628 -0.009188 3.759807 -3.225324 -2.633782 -0.579165 -20.202576 0.000000 0.000000 0.000000 89.588593 0.204296 9.165235 57.888275 5.673463 11.049340 0.388608 21.220383 82.605072 31.134121 56.646587 20.724066 8.130222 -1.571876 41.046375 0.000001 0.000024 -19.996637 -0.000009 0.000042 -13.794043 0.000005 -0.000002 0.000007 1.061631 17.153015 -0.326551 3.695981 -0.897694 -1.273251 3.534465 0.108672 -1.165373 -0.000011 -0.000002 -0.000019 2.501244 7.121748 -3.332339 4.131447 -0.961230 -0.556369 4.369711 0.028855 -0.479163 -0.000004 -0.000041 -0.000008 11.463911 -9.059425 -7.941221 6.726511 1.925987 1.015943 6.474414 -0.073429 0.788622 -0.000000 -0.001148 0.000009 21.175413 -25.089521 -14.727218 8.813410 3.637264 3.760827 8.567902 -0.352783 3.155489 0.001380 0.000001 0.000019 0.000000 0.000000 0.000000 0.000000 0.000000 0.000000 -91.993019 -0.224983 12.690042 -59.500000 9.275405 6.453728 -0.625261 -19.895317 92.032585 -18.216249 -30.240141 10.505341 -9.610791 1.757113 40.337440 -0.000020 0.000017 -23.787523 0.000112 -0.000016 -16.534258 0.001256 0.000003 0.000364 -6.358768 17.584875 -4.440171 -4.354842 -0.854897 1.499158 -4.146698 0.142463 1.403306 0.000034 -0.000417 -0.000019 -6.663386 7.238814 -6.682630 -4.762081 -0.966279 0.598944 -4.729484 0.046552 0.529635 -0.000770 -0.000020 0.000088 -8.276009 -9.159728 -10.320778 -6.475579 1.943938 -1.023030 -6.282433 -0.067701 -0.757713 -0.001096 0.000008 -0.000009 -4.725218 -26.008820 -17.024841 -7.271635 3.767004 -3.035172 -7.514214 -0.254978 -2.491940 0.000004 -0.000004 -0.000039 0.000000 0.000000 0.000000 0.000000 0.000000 0.000000 11.394243 0.506994 15.213701 0.051257 0.181688 14.587658 -9.789650 -7.280083 12.157873 0.265939 0.424059 -18.037302 0.000000 0.000000 0.000000 0.000000 0.000000 0.000000 0.000000 0.000000 0.000000 21.118858 5.632805 12.219493 0.553150 1.409492 25.163187 -12.820127 16.850430 14.749895 1.920533 -0.898165 -19.741459 0.000000 0.000000 0.000000 0.000000 0.000000 0.000000 0.000000 0.000000 0.000000 
-18.313236 86.325050 38.849770 -4.895256 -9.516038 -17.035650 2.980203 -0.641601 8.673014 -0.467703 0.174734 0.057906 6.450407 -3.256357 11.710973 3.075800 -0.240315 4.107776 -6.919690 5.392894 6.436678 -0.015069 3.759939 -3.286440 -2.635209 -0.578831 -20.086353 0.000000 0.000000 0.000000 89.594162 0.206434 9.180597 58.035965 5.296848 10.797008 0.366184 21.225273 82.966339 30.385921 56.620945 20.335382 8.169291 -1.577995 41.023319 0.000001 0.000025 -20.107790 -0.000010 0.000042 -13.873959 0.000006 -0.000002 0.000007 1.361261 17.153559 -0.407640 3.793424 -0.889955 -1.305145 3.634826 0.116345 -1.194455 -0.000011 -0.000002 -0.000019 2.794061 7.121330 -3.370555 4.219610 -0.958049 -0.568740 4.463717 0.031659 -0.490024 -0.000004 -0.000039 -0.000008 11.673667 -9.055383 -7.917955 6.794385 1.921916 1.032530 6.536048 -0.076781 0.800865 -0.000001 -0.001201 0.000008 21.272800 -25.077120 -14.610013 8.837316 3.626286 3.795509 8.591296 -0.361937 3.185116 0.001415 0.000001 0.000018 0.000000 0.000000 0.000000 0.000000 0.000000 0.000000 -92.014198 -0.221818 12.633996 -59.926212 9.355095 6.153555 -0.622839 -19.975744 92.399612 -17.949732 -30.391212 10.742334 -9.658735 1.763229 40.314194 -0.000021 0.000017 -23.903114 0.000112 -0.000015 -16.612553 0.001287 0.000002 0.000314 -6.705173 17.584354 -4.413125 -4.548878 -0.847562 1.539334 -4.343714 0.149453 1.439667 0.000034 -0.000393 -0.000019 -7.008904 7.237109 -6.628302 -4.955795 -0.963337 0.614818 -4.914424 0.048852 0.543079 -0.000830 -0.000020 0.000086 -8.631493 -9.159234 -10.222912 -6.653265 1.939836 -1.040996 -6.455525 -0.070667 -0.771173 -0.001074 0.000008 -0.000008 -5.099843 -26.015394 -16.871475 -7.413733 3.758128 -3.075973 -7.647432 -0.261794 -2.524224 0.000024 -0.000004 -0.000039 0.000000 0.000000 0.000000 0.000000 0.000000 0.000000 11.396533 0.592134 15.179486 0.050603 0.179779 14.575915 -9.765104 -7.120873 12.187988 0.270440 0.428172 -18.068869 0.000000 0.000000 0.000000 0.000000 0.000000 0.000000 0.000000 0.000000 0.000000 21.129215 5.709356 12.271374 0.552334 1.410345 25.108921 -12.844782 16.879175 14.770405 1.916687 -0.906922 -19.757425 0.000000 0.000000 0.000000 0.000000 0.000000 0.000000 0.000000 0.000000 0.000000 
-18.301247 86.345085 38.824856 -4.885028 -9.544865 -16.992620 2.970601 -0.639730 8.696359 -0.455743 0.168423 0.072105 6.441675 -3.207267 11.731560 3.068262 -0.216352 4.105082 -6.990824 5.413522 6.296238 -0.019613 3.754742 -3.334934 -2.636036 -0.580087 -19.981314 0.000000 0.000000 0.000000 89.601242 0.208793 9.186203 58.138374 4.935768 10.526465 0.341329 21.225857 83.397362 29.709610 56.562721 19.988279 8.207315 -1.583941 41.001133 0.000001 0.000025 -20.215158 -0.000010 0.000042 -13.951709 0.000006 -0.000002 0.000006 1.666259 17.153233 -0.484390 3.887723 -0.883086 -1.334557 3.731331 0.123340 -1.221258 -0.000011 -0.000002 -0.000019 3.087228 7.120513 -3.405321 4.304373 -0.955217 -0.580042 4.553524 0.034209 -0.500032 -0.000003 -0.000038 -0.000008 11.880551 -9.051308 -7.893307 6.858088 1.918350 1.047635 6.593809 -0.079837 0.811981 -0.000001 -0.001225 0.000008 21.372091 -25.065540 -14.495372 8.859593 3.616878 3.825771 8.614141 -0.369895 3.211303 0.001445 0.000001 0.000018 0.000000 0.000000 0.000000 0.000000 0.000000 0.000000 -92.032402 -0.217274 12.572749 -60.262005 9.435391 5.884803 -0.614456 -20.035624 92.757263 -17.658731 -30.507011 10.982223 -9.708963 1.769897 40.289845 -0.000021 0.000017 -24.024483 0.000112 -0.000014 -16.694414 0.001305 0.000002 0.000255 -7.079118 17.579466 -4.389581 -4.752228 -0.840467 1.578913 -4.549379 0.156201 1.475235 0.000034 -0.000364 -0.000019 -7.377137 7.234115 -6.571133 -5.159019 -0.960464 0.630398 -5.109674 0.051091 0.556325 -0.000884 -0.000019 0.000085 -9.004808 -9.157486 -10.120701 -6.840470 1.935788 -1.058619 -6.639144 -0.073507 -0.784226 -0.001046 0.000008 -0.000008 -5.485777 -26.019596 -16.707777 -7.564136 3.749422 -3.116080 -7.789531 -0.268367 -2.555930 0.000036 -0.000004 -0.000040 0.000000 0.000000 0.000000 0.000000 0.000000 0.000000 11.391725 0.657858 15.146646 0.050005 0.177477 14.548400 -9.739126 -6.986509 12.222088 0.273684 0.432292 -18.103710 0.000000 0.000000 0.000000 0.000000 0.000000 0.000000 0.000000 0.000000 0.000000 21.132711 5.774128 12.308253 0.551090 1.411830 25.045998 -12.863186 16.887289 14.801768 1.912732 -0.914486 -19.778347 0.000000 0.000000 0.000000 0.000000 0.000000 0.000000 0.000000 0.000000 0.000000 
-18.287914 86.364311 38.799629 -4.871035 -9.539031 -16.952717 2.958522 -0.637844 8.715843 -0.446716 0.162626 0.086076 6.434268 -3.161358 11.741688 3.058906 -0.195469 4.101038 -7.061216 5.429133 6.180065 -0.022407 3.745412 -3.372894 -2.636313 -0.582404 -19.886635 0.000000 0.000000 0.000000 89.609077 0.208711 9.180983 58.188911 4.601684 10.258402 0.317120 21.225483 83.842979 29.057812 56.453354 19.634085 8.244339 -1.589441 40.980305 0.000001 0.000026 -20.317720 -0.000010 0.000042 -14.026129 0.000006 -0.000002 0.000006 1.966963 17.153702 -0.555122 3.980175 -0.877119 -1.360832 3.825474 0.129612 -1.245220 -0.000011 -0.000002 -0.000019 3.371366 7.120113 -3.436150 4.387442 -0.952753 -0.590071 4.641152 0.036489 -0.508958 -0.000003 -0.000036 -0.000008 12.078809 -9.048191 -7.868413 6.920134 1.915308 1.060800 6.650477 -0.082547 0.821649 -0.000001 -0.001232 0.000008 21.471361 -25.055988 -14.386541 8.882726 3.609171 3.850200 8.638290 -0.376602 3.232766 0.001469 0.000001 0.000017 0.000000 0.000000 0.000000 0.000000 0.000000 0.000000 -92.047073 -0.211273 12.508049 -60.507610 9.513425 5.654456 -0.604850 -20.083761 93.092590 -17.352848 -30.579609 11.204911 -9.761018 1.776904 40.264668 -0.000021 0.000018 -24.150179 0.000112 -0.000013 -16.779551 0.001308 0.000002 0.000193 -7.472898 17.571169 -4.382525 -4.959764 -0.833812 1.616680 -4.758871 0.162529 1.508885 0.000034 -0.000329 -0.000019 -7.759188 7.230225 -6.524847 -5.366682 -0.957754 0.645174 -5.310530 0.053202 0.568906 -0.000930 -0.000019 0.000083 -9.385090 -9.154884 -10.029744 -7.032680 1.931953 -1.075279 -6.828614 -0.076149 -0.796455 -0.001014 0.000008 -0.000008 -5.872796 -26.022766 -16.551058 -7.720119 3.741274 -3.153946 -7.938139 -0.274497 -2.585765 0.000045 -0.000004 -0.000040 0.000000 0.000000 0.000000 0.000000 0.000000 0.000000 11.382205 0.701053 15.114861 0.049390 0.174731 14.511854 -9.712647 -6.883353 12.254593 0.275613 0.436441 -18.139217 0.000000 0.000000 0.000000 0.000000 0.000000 0.000000 0.000000 0.000000 0.000000 21.131483 5.827931 12.331110 0.549464 1.413798 24.972742 -12.875268 16.873587 14.842014 1.909292 -0.920171 -19.801388 0.000000 0.000000 0.000000 0.000000 0.000000 0.000000 0.000000 0.000000 0.000000 
-18.274366 86.381981 38.773960 -4.855568 -9.503854 -16.916107 2.944486 -0.636378 8.731572 -0.440804 0.157283 0.101538 6.430637 -3.121760 11.741359 3.048261 -0.178593 4.095061 -7.130181 5.439756 6.083964 -0.023851 3.732745 -3.402220 -2.636231 -0.585253 -19.800522 0.000000 0.000000 0.000000 89.614731 0.205525 9.166220 58.195210 4.306345 10.006125 0.294582 21.226074 84.263130 28.394968 56.279247 19.240862 8.280378 -1.594410 40.960995 0.000001 0.000026 -20.415169 -0.000010 0.000042 -14.096751 0.000006 -0.000002 0.000006 2.258533 17.155596 -0.618788 4.071361 -0.872031 -1.383877 3.917986 0.135141 -1.266308 -0.000011 -0.000001 -0.000019 3.641489 7.120389 -3.462510 4.469119 -0.950645 -0.598823 4.727201 0.038494 -0.516771 -0.000003 -0.000036 -0.000008 12.264198 -9.046270 -7.843940 6.980911 1.912788 1.071899 6.706528 -0.084884 0.829791 -0.000001 -0.001231 0.000007 21.566441 -25.048573 -14.285788 8.906502 3.603222 3.868306 8.663031 -0.382014 3.249007 0.001488 0.000001 0.000016 0.000000 0.000000 0.000000 0.000000 0.000000 0.000000 -92.056366 -0.204193 12.442912 -60.678837 9.581836 5.461254 -0.596470 -20.126362 93.398438 -17.031059 -30.607790 11.396023 -9.815061 1.784193 40.238503 -0.000021 0.000018 -24.280643 0.000111 -0.000013 -16.868454 0.001297 0.000002 0.000136 -7.882394 17.560173 -4.396714 -5.169959 -0.827688 1.652045 -4.970922 0.168351 1.540112 0.000034 -0.000291 -0.000019 -8.150311 7.225702 -6.495525 -5.577013 -0.955243 0.658912 -5.515058 0.055152 0.580590 -0.000965 -0.000019 0.000082 -9.766063 -9.151641 -9.956378 -7.227763 1.928424 -1.090657 -7.021773 -0.078555 -0.807677 -0.000980 0.000008 -0.000008 -6.254955 -26.025501 -16.409382 -7.880134 3.733949 -3.188744 -8.091546 -0.280026 -2.613009 0.000053 -0.000004 -0.000040 0.000000 0.000000 0.000000 0.000000 0.000000 0.000000 11.370872 0.721608 15.082867 0.048780 0.171844 14.472634 -9.686967 -6.814223 12.283854 0.276499 0.440308 -18.174372 0.000000 0.000000 0.000000 0.000000 0.000000 0.000000 0.000000 0.000000 0.000000 21.128332 5.872509 12.338208 0.547542 1.415892 24.893620 -12.880410 16.839880 14.889690 1.906478 -0.923632 -19.824696 0.000000 0.000000 0.000000 0.000000 0.000000 0.000000 0.000000 0.000000 0.000000 
-18.261469 86.397957 38.747490 -4.840153 -9.445123 -16.882027 2.929125 -0.635607 8.744109 -0.437519 0.152424 0.120284 6.430829 -3.089219 11.731015 3.036846 -0.165609 4.086442 -7.198809 5.445281 6.003344 -0.024566 3.716357 -3.424387 -2.635723 -0.588375 -19.721495 0.000000 0.000000 0.000000 89.615692 0.199666 9.144197 58.170887 4.055723 9.773662 0.273646 21.227648 84.633530 27.705606 56.037254 18.796133 8.315484 -1.598937 40.943005 0.000001 0.000026 -20.508032 -0.000010 0.000042 -14.163913 0.000007 -0.000002 0.000006 2.540960 17.158535 -0.675373 4.161237 -0.867795 -1.403906 4.008965 0.139902 -1.284763 -0.000011 -0.000001 -0.000019 3.897485 7.121121 -3.484162 4.548779 -0.948873 -0.606397 4.811194 0.040220 -0.523555 -0.000003 -0.000036 -0.000008 12.435166 -9.045191 -7.819679 7.039479 1.910790 1.081018 6.760959 -0.086828 0.836474 -0.000001 -0.001226 0.000007 21.653456 -25.042694 -14.193424 8.929187 3.599059 3.880277 8.686423 -0.386076 3.260139 0.001504 0.000001 0.000016 0.000000 0.000000 0.000000 0.000000 0.000000 0.000000 -92.058693 -0.196420 12.380098 -60.794758 9.637193 5.301531 -0.589743 -20.166143 93.666573 -16.687372 -30.595823 11.544996 -9.871338 1.791791 40.211143 -0.000021 0.000018 -24.416824 0.000109 -0.000012 -16.961535 0.001279 0.000002 0.000088 -8.305132 17.546738 -4.429983 -5.383370 -0.822118 1.684949 -5.186184 0.173644 1.568906 0.000034 -0.000249 -0.000019 -8.548106 7.220621 -6.482244 -5.790157 -0.952928 0.671600 -5.723016 0.056937 0.591350 -0.000990 -0.000019 0.000080 -10.144803 -9.147839 -9.898540 -7.425253 1.925239 -1.104683 -7.218178 -0.080711 -0.817892 -0.000946 0.000008 -0.000008 -6.629508 -26.028030 -16.281578 -8.043457 3.727584 -3.220261 -8.248699 -0.284848 -2.637510 0.000061 -0.000003 -0.000040 0.000000 0.000000 0.000000 0.000000 0.000000 0.000000 11.359348 0.721595 15.049638 0.048229 0.169163 14.434361 -9.663082 -6.777677 12.310665 0.276715 0.443493 -18.209146 0.000000 0.000000 0.000000 0.000000 0.000000 0.000000 0.000000 0.000000 0.000000 21.124649 5.909220 12.327877 0.545416 1.417783 24.813957 -12.878258 16.789831 14.943994 1.904183 -0.924893 -19.847284 0.000000 0.000000 0.000000 0.000000 0.000000 0.000000 0.000000 0.000000 0.000000 
-18.249790 86.412338 38.719917 -4.825577 -9.367867 -16.849913 2.913209 -0.635601 8.754205 -0.436091 0.148153 0.143513 6.433738 -3.063084 11.711594 3.024943 -0.155868 4.074665 -7.267725 5.445327 5.933138 -0.025014 3.695583 -3.440965 -2.634632 -0.591773 -19.648338 0.000000 0.000000 0.000000 89.610573 0.191734 9.116980 58.127190 3.848904 9.560686 0.253984 21.229692 84.940002 26.990738 55.727455 18.299305 8.349915 -1.603175 40.925941 0.000001 0.000027 -20.597521 -0.000010 0.000042 -14.228533 0.000007 -0.000002 0.000005 2.816125 17.161896 -0.726812 4.249752 -0.864388 -1.421274 4.098490 0.143882 -1.300912 -0.000011 -0.000001 -0.000019 4.141767 7.121964 -3.502604 4.625937 -0.947424 -0.612945 4.892692 0.041672 -0.529443 -0.000003 -0.000036 -0.000008 12.593071 -9.044527 -7.796527 7.095249 1.909315 1.088389 6.813043 -0.088384 0.841864 -0.000001 -0.001222 0.000007 21.731674 -25.037798 -14.110295 8.949685 3.596674 3.886844 8.707259 -0.388790 3.266729 0.001515 0.000001 0.000015 0.000000 0.000000 0.000000 0.000000 0.000000 0.000000 -92.053574 -0.188233 12.321527 -60.871864 9.679747 5.170758 -0.584047 -20.204554 93.894936 -16.318769 -30.546137 11.647206 -9.929970 1.799713 40.182487 -0.000021 0.000018 -24.559238 0.000106 -0.000012 -17.058849 0.001258 0.000002 0.000052 -8.739308 17.531118 -4.477503 -5.601455 -0.817089 1.715642 -5.406179 0.178418 1.595556 0.000034 -0.000207 -0.000019 -8.951230 7.215037 -6.481264 -6.007173 -0.950792 0.683353 -5.935114 0.058568 0.601279 -0.001005 -0.000019 0.000079 -10.520215 -9.143557 -9.851504 -7.625686 1.922410 -1.117445 -7.418352 -0.082617 -0.827210 -0.000913 0.000009 -0.000008 -6.995722 -26.030521 -16.163609 -8.210113 3.722238 -3.248687 -8.409277 -0.288912 -2.659473 0.000069 -0.000003 -0.000040 0.000000 0.000000 0.000000 0.000000 0.000000 0.000000 11.348511 0.704885 15.015279 0.047798 0.166980 14.398075 -9.641586 -6.769943 12.336524 0.276524 0.445699 -18.243610 0.000000 0.000000 0.000000 0.000000 0.000000 0.000000 0.000000 0.000000 0.000000 21.120750 5.938940 12.300020 0.543180 1.419296 24.737818 -12.868936 16.728254 15.004141 1.902223 -0.924225 -19.868437 0.000000 0.000000 0.000000 0.000000 0.000000 0.000000 0.000000 0.000000 0.000000 
-18.239697 86.425331 38.691132 -4.812088 -9.276225 -16.819439 2.897391 -0.636319 8.762308 -0.435756 0.144520 0.171657 6.438064 -3.042238 11.684447 3.012682 -0.148643 4.060071 -7.336880 5.438987 5.869420 -0.025478 3.669450 -3.453257 -2.632661 -0.595563 -19.580494 0.000000 0.000000 0.000000 89.599365 0.182127 9.086092 58.071323 3.680729 9.365311 0.235290 21.231018 85.175285 26.259399 55.352463 17.755560 8.384311 -1.607314 40.909245 0.000001 0.000027 -20.685814 -0.000010 0.000042 -14.292198 0.000007 -0.000002 0.000005 3.087508 17.165085 -0.775633 4.337749 -0.861747 -1.436534 4.187556 0.147118 -1.315261 -0.000011 -0.000000 -0.000019 4.378707 7.122637 -3.519838 4.701300 -0.946271 -0.618697 4.972389 0.042870 -0.534643 -0.000003 -0.000037 -0.000008 12.741637 -9.043947 -7.775318 7.148966 1.908332 1.094383 6.863383 -0.089586 0.846236 -0.000001 -0.001219 0.000007 21.803144 -25.033560 -14.036425 8.968392 3.595945 3.889199 8.725919 -0.390245 3.269758 0.001523 0.000001 0.000015 0.000000 0.000000 0.000000 0.000000 0.000000 0.000000 -92.041725 -0.179699 12.267933 -60.921917 9.711908 5.065050 -0.578566 -20.242514 94.085007 -15.927230 -30.459726 11.703036 -9.991333 1.807978 40.152378 -0.000021 0.000018 -24.708872 0.000103 -0.000012 -17.160881 0.001236 0.000002 0.000026 -9.185187 17.513657 -4.535053 -5.826591 -0.812551 1.744657 -5.633299 0.182722 1.620600 0.000034 -0.000163 -0.000019 -9.360486 7.209026 -6.488926 -6.230238 -0.948806 0.694399 -6.153305 0.060070 0.610568 -0.001013 -0.000020 0.000077 -10.894007 -9.138944 -9.810610 -7.831230 1.919907 -1.129198 -7.624350 -0.084300 -0.835862 -0.000884 0.000009 -0.000008 -7.356088 -26.033253 -16.050955 -8.381804 3.717863 -3.274699 -8.574745 -0.292249 -2.679546 0.000076 -0.000003 -0.000041 0.000000 0.000000 0.000000 0.000000 0.000000 0.000000 11.338672 0.675654 14.980342 0.047522 0.165413 14.363607 -9.622671 -6.786191 12.362527 0.276083 0.446815 -18.277712 0.000000 0.000000 0.000000 0.000000 0.000000 0.000000 0.000000 0.000000 0.000000 21.116394 5.962537 12.256242 0.540918 1.420408 24.666946 -12.853205 16.660023 15.068962 1.900500 -0.922010 -19.887547 0.000000 0.000000 0.000000 0.000000 0.000000 0.000000 0.000000 0.000000 0.000000 
-18.231436 86.437126 38.661152 -4.799686 -9.173648 -16.790482 2.882151 -0.637663 8.768571 -0.435960 0.141528 0.204684 6.442917 -3.025566 11.651035 3.000181 -0.143333 4.043591 -7.405731 5.425175 5.809830 -0.026110 3.636961 -3.462198 -2.629517 -0.599881 -19.517897 0.000000 0.000000 0.000000 89.583214 0.171043 9.052677 58.006989 3.544251 9.185732 0.217316 21.230713 85.336876 25.523886 54.916527 17.173290 8.419688 -1.611532 40.892265 0.000001 0.000027 -20.775837 -0.000010 0.000042 -14.356992 0.000007 -0.000002 0.000004 3.359465 17.167770 -0.824588 4.427068 -0.859741 -1.450496 4.278160 0.149732 -1.328545 -0.000011 -0.000000 -0.000019 4.613702 7.123001 -3.538005 4.776867 -0.945363 -0.623988 5.052254 0.043864 -0.539454 -0.000003 -0.000038 -0.000008 12.886143 -9.043321 -7.756648 7.202891 1.907760 1.099534 6.914157 -0.090509 0.849987 -0.000001 -0.001217 0.000006 21.871870 -25.030045 -13.970901 8.987369 3.596596 3.888983 8.744473 -0.390671 3.270588 0.001528 0.000001 0.000015 0.000000 0.000000 0.000000 0.000000 0.000000 0.000000 -92.024635 -0.170752 12.219158 -60.952900 9.736847 4.980839 -0.572706 -20.281090 94.240517 -15.518996 -30.337540 11.717520 -10.056359 1.816636 40.120457 -0.000021 0.000018 -24.867962 0.000099 -0.000011 -17.269066 0.001216 0.000002 0.000006 -9.646876 17.494774 -4.600602 -6.062594 -0.808384 1.772853 -5.871362 0.186668 1.644870 0.000034 -0.000120 -0.000019 -9.780198 7.202685 -6.503124 -6.463156 -0.946917 0.705091 -6.381283 0.061489 0.619519 -0.001018 -0.000020 0.000074 -11.271663 -9.134158 -9.772544 -8.046139 1.917653 -1.140394 -7.840263 -0.085820 -0.844207 -0.000858 0.000009 -0.000007 -7.717060 -26.036549 -15.939728 -8.562318 3.714261 -3.299538 -8.748775 -0.295012 -2.698824 0.000082 -0.000003 -0.000041 0.000000 0.000000 0.000000 0.000000 0.000000 0.000000 11.329882 0.637708 14.945413 0.047403 0.164432 14.330550 -9.606204 -6.821566 12.388956 0.275454 0.446908 -18.311211 0.000000 0.000000 0.000000 0.000000 0.000000 0.000000 0.000000 0.000000 0.000000 21.111185 5.981008 12.199225 0.538699 1.421188 24.601444 -12.832212 16.589476 15.136999 1.899009 -0.918645 -19.904169 0.000000 0.000000 0.000000 0.000000 0.000000 0.000000 0.000000 0.000000 0.000000 
-18.225132 86.447876 38.630024 -4.788230 -9.062947 -16.762987 2.867921 -0.639494 8.773002 -0.436380 0.139181 0.242334 6.448010 -3.012048 11.612572 2.987443 -0.139481 4.026186 -7.473743 5.403606 5.753008 -0.027024 3.597833 -3.468495 -2.625114 -0.604808 -19.460505 0.000000 0.000000 0.000000 89.563393 0.158686 9.017800 57.935814 3.432553 9.020721 0.199947 21.228323 85.425629 24.798632 54.425537 16.563869 8.457131 -1.615975 40.874413 0.000001 0.000028 -20.870558 -0.000010 0.000042 -14.424951 0.000007 -0.000002 0.000004 3.636090 17.169893 -0.876813 4.520232 -0.858176 -1.464159 4.372921 0.151911 -1.341664 -0.000011 0.000000 -0.000019 4.852049 7.123074 -3.559588 4.855583 -0.944623 -0.629235 5.135165 0.044726 -0.544234 -0.000003 -0.000038 -0.000008 13.032604 -9.042701 -7.741520 7.260479 1.907481 1.104484 6.968751 -0.091256 0.853606 -0.000001 -0.001217 0.000006 21.943083 -25.027618 -13.912917 9.010056 3.598221 3.888149 8.766325 -0.390410 3.270850 0.001529 0.000001 0.000014 0.000000 0.000000 0.000000 0.000000 0.000000 0.000000 -92.003838 -0.161272 12.174670 -60.970676 9.756940 4.914125 -0.566223 -20.321600 94.366905 -15.102621 -30.182262 11.698596 -10.126478 1.825771 40.086128 -0.000021 0.000018 -25.039869 0.000095 -0.000011 -17.385712 0.001198 0.000002 -0.000010 -10.132237 17.474918 -4.674434 -6.314766 -0.804412 1.801353 -6.125715 0.190426 1.669426 0.000034 -0.000077 -0.000019 -10.218086 7.196113 -6.523515 -6.711298 -0.945054 0.715883 -6.624413 0.062889 0.628515 -0.001022 -0.000020 0.000072 -11.662097 -9.129323 -9.735538 -8.276484 1.915522 -1.151632 -8.071963 -0.087265 -0.852706 -0.000836 0.000009 -0.000007 -8.088760 -26.040648 -15.826860 -8.757152 3.711123 -3.324852 -8.936855 -0.297439 -2.718698 0.000086 -0.000003 -0.000041 0.000000 0.000000 0.000000 0.000000 0.000000 0.000000 11.322206 0.594526 14.910922 0.047422 0.163933 14.298747 -9.591893 -6.871682 12.415317 0.274621 0.446142 -18.343664 0.000000 0.000000 0.000000 0.000000 0.000000 0.000000 0.000000 0.000000 0.000000 21.104733 5.995522 12.131930 0.536583 1.421716 24.540745 -12.807046 16.520582 15.206871 1.897753 -0.914444 -19.918060 0.000000 0.000000 0.000000 0.000000 0.000000 0.000000 0.000000 0.000000 0.000000 
-18.220819 86.457664 38.597725 -4.777680 -8.946434 -16.736752 2.855107 -0.641704 8.775665 -0.436841 0.137444 0.284433 6.453540 -3.000901 11.569813 2.974492 -0.136769 4.008475 -7.540511 5.374667 5.698254 -0.028396 3.552293 -3.472638 -2.619530 -0.610342 -19.408085 0.000000 0.000000 0.000000 89.540932 0.145389 8.982636 57.859329 3.338965 8.868767 0.183118 21.223734 85.445221 24.100063 53.886292 15.940788 8.497715 -1.620758 40.855152 0.000001 0.000028 -20.972733 -0.000010 0.000042 -14.497912 0.000007 -0.000002 0.000003 3.921057 17.171589 -0.935885 4.620027 -0.856832 -1.478591 4.474626 0.153875 -1.355595 -0.000011 0.000001 -0.000019 5.098670 7.122947 -3.587353 4.940777 -0.943961 -0.634890 5.224405 0.045538 -0.549369 -0.000004 -0.000039 -0.000008 13.187409 -9.042229 -7.731297 7.325819 1.907350 1.109928 7.031216 -0.091954 0.857613 -0.000001 -0.001219 0.000006 22.022919 -25.026697 -13.861952 9.040659 3.600326 3.888786 8.795627 -0.389882 3.272264 0.001528 0.000001 0.000014 0.000000 0.000000 0.000000 0.000000 0.000000 0.000000 -91.980537 -0.151186 12.133878 -60.980679 9.773852 4.860273 -0.559113 -20.365337 94.470116 -14.686518 -29.998636 11.655236 -10.203578 1.835515 40.048626 -0.000021 0.000018 -25.228994 0.000091 -0.000011 -17.513861 0.001183 0.000002 -0.000025 -10.652339 17.454502 -4.758786 -6.589822 -0.800406 1.831482 -6.403129 0.194215 1.695496 0.000034 -0.000035 -0.000019 -10.684622 7.189394 -6.551177 -6.981444 -0.943127 0.727298 -6.889535 0.064345 0.637997 -0.001027 -0.000020 0.000070 -12.076881 -9.124483 -9.698851 -8.529655 1.913355 -1.163604 -8.326687 -0.088741 -0.861877 -0.000819 0.000009 -0.000007 -8.483954 -26.045580 -15.709576 -8.972861 3.708065 -3.352554 -9.145606 -0.299830 -2.740744 0.000089 -0.000003 -0.000041 0.000000 0.000000 0.000000 0.000000 0.000000 0.000000 11.315833 0.549282 14.876907 0.047557 0.163824 14.268524 -9.579402 -6.932959 12.440943 0.273545 0.444673 -18.374783 0.000000 0.000000 0.000000 0.000000 0.000000 0.000000 0.000000 0.000000 0.000000 21.096886 6.007306 12.056684 0.534617 1.422065 24.484634 -12.778497 16.456257 15.277338 1.896698 -0.909654 -19.929251 0.000000 0.000000 0.000000 0.000000 0.000000 0.000000 0.000000 0.000000 0.000000 
-18.218445 86.466560 38.564125 -4.767820 -8.826041 -16.711233 2.843996 -0.644204 8.776500 -0.437438 0.136306 0.330792 6.460005 -2.991520 11.523416 2.961246 -0.134976 3.991046 -7.605742 5.339094 5.645479 -0.030406 3.500887 -3.475011 -2.612889 -0.616405 -19.360310 0.000000 0.000000 0.000000 89.516884 0.131475 8.948242 57.779640 3.257447 8.727800 0.166874 21.216702 85.400719 23.440010 53.308270 15.315624 8.542487 -1.625991 40.834003 0.000001 0.000028 -21.085033 -0.000010 0.000042 -14.577595 0.000007 -0.000002 0.000003 4.218643 17.173025 -1.005196 4.729736 -0.855460 -1.494917 4.586529 0.155870 -1.371372 -0.000010 0.000001 -0.000020 5.358785 7.122738 -3.623730 5.036340 -0.943275 -0.641422 5.323781 0.046390 -0.555261 -0.000004 -0.000040 -0.000008 13.357006 -9.042055 -7.727032 7.403515 1.907204 1.116570 7.106155 -0.092730 0.862545 -0.000001 -0.001224 0.000006 22.117289 -25.027561 -13.816858 9.083803 3.602369 3.892943 8.836972 -0.389532 3.276538 0.001523 0.000001 0.000014 0.000000 0.000000 0.000000 0.000000 0.000000 0.000000 -91.955803 -0.140385 12.095954 -60.987396 9.789287 4.814737 -0.551635 -20.413288 94.553116 -14.277392 -29.793720 11.595044 -10.289907 1.846045 40.006977 -0.000021 0.000018 -25.440601 0.000087 -0.000010 -17.657167 0.001170 0.000002 -0.000041 -11.220670 17.433706 -4.857109 -6.895391 -0.796093 1.864719 -6.711286 0.198294 1.724438 0.000035 0.000005 -0.000019 -11.192340 7.182544 -6.588047 -7.281302 -0.941028 0.739916 -7.184462 0.065948 0.648454 -0.001036 -0.000021 0.000068 -12.529384 -9.119596 -9.662230 -8.813947 1.910958 -1.177084 -8.612576 -0.090371 -0.872293 -0.000807 0.000009 -0.000007 -8.917019 -26.051170 -15.584911 -9.216684 3.704615 -3.384795 -9.382438 -0.302541 -2.766704 0.000092 -0.000003 -0.000041 0.000000 0.000000 0.000000 0.000000 0.000000 0.000000 11.310672 0.504371 14.842691 0.047768 0.163975 14.240902 -9.568233 -7.002459 12.464933 0.272183 0.442658 -18.404472 0.000000 0.000000 0.000000 0.000000 0.000000 0.000000 0.000000 0.000000 0.000000 21.087328 6.017353 11.975408 0.532832 1.422299 24.432611 -12.747200 16.398079 15.347440 1.895786 -0.904472 -19.938074 0.000000 0.000000 0.000000 0.000000 0.000000 0.000000 0.000000 0.000000 0.000000 
-18.217852 86.474670 38.529018 -4.758245 -8.703414 -16.685703 2.834715 -0.646907 8.775370 -0.438471 0.135786 0.381402 6.468001 -2.983422 11.474123 2.947494 -0.133918 3.974548 -7.669190 5.297639 5.594833 -0.033218 3.444276 -3.476112 -2.605321 -0.622873 -19.316813 0.000000 0.000000 0.000000 89.492447 0.117162 8.915372 57.699863 3.183102 8.595404 0.151317 21.206799 85.298622 22.820784 52.702305 14.694538 8.592566 -1.631773 40.810440 0.000001 0.000029 -21.210266 -0.000009 0.000042 -14.665800 0.000007 -0.000002 0.000003 4.533983 17.174503 -1.087999 4.853329 -0.853770 -1.514356 4.712554 0.158181 -1.390129 -0.000010 0.000001 -0.000020 5.638064 7.122635 -3.670807 5.146809 -0.942443 -0.649331 5.437768 0.047383 -0.562330 -0.000004 -0.000041 -0.000008 13.547703 -9.042373 -7.729494 7.498682 1.906857 1.125128 7.198687 -0.093726 0.868957 -0.000001 -0.001232 0.000005 22.231308 -25.030529 -13.775868 9.144297 3.603750 3.902595 8.895216 -0.389846 3.285344 0.001515 0.000001 0.000014 0.000000 0.000000 0.000000 0.000000 0.000000 0.000000 -91.930786 -0.128742 12.059834 -60.995205 9.804716 4.773026 -0.544203 -20.466093 94.616272 -13.879600 -29.575220 11.523490 -10.387707 1.857532 39.960197 -0.000021 0.000018 -25.679897 0.000083 -0.000010 -17.819246 0.001157 0.000002 -0.000061 -11.850829 17.412565 -4.973081 -7.238958 -0.791162 1.902589 -7.057670 0.202955 1.757650 0.000035 0.000043 -0.000018 -11.753731 7.175557 -6.636312 -7.618442 -0.938637 0.754331 -7.516867 0.067792 0.660382 -0.001050 -0.000021 0.000066 -13.032557 -9.114572 -9.625772 -9.137416 1.908107 -1.192879 -8.937579 -0.092291 -0.884542 -0.000800 0.000010 -0.000007 -9.401499 -26.057131 -15.450186 -9.495514 3.700227 -3.423816 -9.654528 -0.305980 -2.798380 0.000094 -0.000003 -0.000041 0.000000 0.000000 0.000000 0.000000 0.000000 0.000000 11.306229 0.461175 14.807040 0.048006 0.164246 14.217710 -9.557717 -7.077961 12.486334 0.270519 0.440253 -18.432859 0.000000 0.000000 0.000000 0.000000 0.000000 0.000000 0.000000 0.000000 0.000000 21.075523 6.026213 11.889726 0.531242 1.422464 24.384026 -12.713640 16.346182 15.416643 1.894947 -0.899074 -19.945162 0.000000 0.000000 0.000000 0.000000 0.000000 0.000000 0.000000 0.000000 0.000000 
-18.218746 86.482132 38.492138 -4.748421 -8.579846 -16.659473 2.827282 -0.649771 8.772262 -0.440152 0.135868 0.436364 6.477834 -2.976146 11.422812 2.932886 -0.133423 3.959388 -7.730605 5.251216 5.545926 -0.036971 3.383363 -3.476728 -2.596996 -0.629591 -19.276945 0.000000 0.000000 0.000000 89.468803 0.102534 8.884428 57.623672 3.112369 8.469364 0.136492 21.192987 85.145973 22.237427 52.076679 14.078990 8.649085 -1.638170 40.784004 0.000001 0.000029 -21.351234 -0.000009 0.000042 -14.764329 0.000007 -0.000002 0.000002 4.872305 17.176495 -1.187774 4.995252 -0.851436 -1.538174 4.857093 0.161127 -1.413030 -0.000010 0.000001 -0.000020 5.942005 7.122881 -3.730713 5.277135 -0.941334 -0.659120 5.571262 0.048624 -0.571003 -0.000004 -0.000041 -0.000008 13.764997 -9.043461 -7.739574 7.616644 1.906107 1.136308 7.314178 -0.095093 0.877394 -0.000001 -0.001243 0.000005 22.368725 -25.036051 -13.737231 9.226855 3.603822 3.919613 8.975173 -0.391338 3.300287 0.001503 0.000001 0.000014 0.000000 0.000000 0.000000 0.000000 0.000000 0.000000 -91.906647 -0.116203 12.024426 -61.008980 9.820807 4.730508 -0.537130 -20.523699 94.659904 -13.495633 -29.348427 11.443871 -10.498554 1.870067 39.907639 -0.000021 0.000018 -25.950474 0.000078 -0.000010 -18.002657 0.001145 0.000002 -0.000086 -12.552877 17.391064 -5.109217 -7.626134 -0.785301 1.946453 -7.447877 0.208492 1.796379 0.000036 0.000079 -0.000018 -12.377891 7.168418 -6.697498 -7.998573 -0.935833 0.771074 -7.892520 0.069970 0.674224 -0.001070 -0.000021 0.000063 -13.595510 -9.109336 -9.589749 -9.505995 1.904582 -1.211714 -9.307542 -0.094635 -0.899157 -0.000799 0.000010 -0.000007 -9.946372 -26.063198 -15.303774 -9.814178 3.694348 -3.471620 -9.967025 -0.310557 -2.837386 0.000097 -0.000003 -0.000041 0.000000 0.000000 0.000000 0.000000 0.000000 0.000000 11.301723 0.420336 14.768694 0.048232 0.164535 14.200836 -9.547143 -7.157845 12.504508 0.268560 0.437563 -18.460236 0.000000 0.000000 0.000000 0.000000 0.000000 0.000000 0.000000 0.000000 0.000000 21.060875 6.034142 11.800873 0.529838 1.422567 24.338438 -12.678086 16.299826 15.485023 1.894063 -0.893618 -19.951443 0.000000 0.000000 0.000000 0.000000 0.000000 0.000000 0.000000 0.000000 0.000000 
-18.220684 86.489120 38.453213 -4.737756 -8.456210 -16.632038 2.821625 -0.652797 8.767286 -0.442430 0.136474 0.495957 6.489254 -2.969216 11.370366 2.916998 -0.133321 3.945718 -7.789721 5.200714 5.497945 -0.041709 3.319070 -3.477794 -2.588049 -0.636415 -19.239845 0.000000 0.000000 0.000000 89.447060 0.087601 8.855564 57.555523 3.042708 8.347623 0.122343 21.173574 84.950020 21.681292 51.435467 13.467976 8.713062 -1.645211 40.754318 0.000001 0.000029 -21.510471 -0.000009 0.000042 -14.874845 0.000007 -0.000002 0.000002 5.238307 17.179506 -1.308061 5.160048 -0.848112 -1.567627 5.024631 0.165041 -1.441219 -0.000010 0.000002 -0.000020 6.275411 7.123735 -3.805578 5.432247 -0.939811 -0.671276 5.729151 0.050226 -0.581686 -0.000004 -0.000042 -0.000008 14.012980 -9.045612 -7.758291 7.762418 1.904734 1.150762 7.457699 -0.096985 0.888363 -0.000001 -0.001261 0.000005 22.531393 -25.044584 -13.699398 9.335580 3.601927 3.945690 9.081111 -0.394525 3.322824 0.001489 0.000001 0.000014 0.000000 0.000000 0.000000 0.000000 0.000000 0.000000 -91.884346 -0.102861 11.988832 -61.034286 9.837721 4.682600 -0.530430 -20.585266 94.685341 -13.127666 -29.115137 11.357881 -10.622720 1.883599 39.849205 -0.000021 0.000018 -26.252842 0.000074 -0.000009 -18.207838 0.001132 0.000001 -0.000117 -13.329502 17.369137 -5.265611 -8.058643 -0.778239 1.997270 -7.883582 0.215157 1.841516 0.000036 0.000110 -0.000018 -13.067183 7.161129 -6.771652 -8.423551 -0.932513 0.790520 -8.313268 0.072558 0.690294 -0.001096 -0.000022 0.000061 -14.220398 -9.103854 -9.554385 -9.921459 1.900186 -1.234127 -9.724228 -0.097514 -0.916523 -0.000802 0.000010 -0.000007 -10.553058 -26.069080 -15.145587 -10.173798 3.686479 -3.529654 -10.321307 -0.316633 -2.884897 0.000102 -0.000003 -0.000041 0.000000 0.000000 0.000000 0.000000 0.000000 0.000000 11.296149 0.381763 14.726749 0.048429 0.164803 14.191665 -9.535882 -7.240912 12.519320 0.266345 0.434631 -18.487028 0.000000 0.000000 0.000000 0.000000 0.000000 0.000000 0.000000 0.000000 0.000000 21.042868 6.041269 11.709598 0.528596 1.422579 24.295700 -12.640640 16.257805 15.553329 1.892985 -0.888245 -19.958067 0.000000 0.000000 0.000000 0.000000 0.000000 0.000000 0.000000 0.000000 0.000000 
-18.223116 86.495834 38.412033 -4.725649 -8.332794 -16.603094 2.817662 -0.656007 8.760684 -0.444994 0.137500 0.560478 6.501507 -2.962189 11.317608 2.899326 -0.133470 3.933459 -7.846311 5.147022 5.450051 -0.047337 3.252269 -3.480065 -2.578568 -0.643255 -19.204567 0.000000 0.000000 0.000000 89.428177 0.072334 8.828668 57.500034 2.971484 8.228469 0.108804 21.146784 84.717369 21.141603 50.777977 12.858664 8.785229 -1.652888 40.721146 0.000001 0.000030 -21.689810 -0.000008 0.000042 -14.998586 0.000007 -0.000002 0.000001 5.635514 17.183931 -1.451907 5.351782 -0.843479 -1.603831 5.219169 0.170231 -1.475688 -0.000010 0.000002 -0.000020 6.641736 7.125394 -3.897334 5.616446 -0.937745 -0.686212 5.915688 0.052289 -0.594725 -0.000004 -0.000042 -0.000008 14.293859 -9.049040 -7.786794 7.940026 1.902531 1.169031 7.633347 -0.099540 0.902284 -0.000001 -0.001285 0.000005 22.719172 -25.056480 -13.661422 9.473423 3.597456 3.982198 9.216139 -0.399857 3.354149 0.001471 0.000001 0.000014 0.000000 0.000000 0.000000 0.000000 0.000000 0.000000 -91.864952 -0.088923 11.952456 -61.076458 9.856406 4.625072 -0.523768 -20.649376 94.694328 -12.778321 -28.873676 11.265745 -10.758965 1.897922 39.785473 -0.000021 0.000018 -26.583897 0.000070 -0.000009 -18.432793 0.001117 0.000001 -0.000154 -14.174376 17.346653 -5.439428 -8.533375 -0.769774 2.055477 -8.361639 0.223133 1.893472 0.000037 0.000138 -0.000018 -13.815895 7.153682 -6.857051 -8.890446 -0.928602 0.812852 -8.776095 0.075606 0.708740 -0.001128 -0.000022 0.000058 -14.901238 -9.098099 -9.519867 -10.380506 1.894775 -1.260390 -10.184364 -0.101004 -0.936825 -0.000811 0.000010 -0.000007 -11.214533 -26.074451 -14.977366 -10.571055 3.676241 -3.598603 -10.714216 -0.324474 -2.941496 0.000110 -0.000003 -0.000041 0.000000 0.000000 0.000000 0.000000 0.000000 0.000000 11.288512 0.344852 14.680793 0.048596 0.165072 14.190742 -9.523492 -7.326141 12.530996 0.263942 0.431453 -18.513615 0.000000 0.000000 0.000000 0.000000 0.000000 0.000000 0.000000 0.000000 0.000000 21.021093 6.047662 11.616329 0.527484 1.422445 24.255743 -12.601310 16.218880 15.622867 1.891546 -0.883066 -19.966291 0.000000 0.000000 0.000000 0.000000 0.000000 0.000000 0.000000 0.000000 0.000000 
-18.225431 86.502502 38.368492 -4.711514 -8.209281 -16.572714 2.815321 -0.659368 8.752911 -0.447407 0.138872 0.630106 6.513515 -2.954586 11.265392 2.879394 -0.133702 3.922395 -7.900205 5.090804 5.402078 -0.053666 3.183462 -3.483761 -2.568517 -0.650052 -19.170443 0.000000 0.000000 0.000000 89.413094 0.056683 8.803427 57.461388 2.895581 8.110802 0.095850 21.111790 84.452713 20.604517 50.099899 12.244717 8.866000 -1.661172 40.684311 0.000002 0.000030 -21.890396 -0.000008 0.000042 -15.136351 0.000007 -0.000002 0.000001 6.065703 17.189920 -1.621316 5.573275 -0.837263 -1.647654 5.443460 0.176961 -1.517194 -0.000010 0.000002 -0.000021 7.042628 7.127951 -4.007401 5.832603 -0.935028 -0.704238 6.133730 0.054898 -0.610374 -0.000005 -0.000042 -0.000008 14.608043 -9.053841 -7.826204 8.151733 1.899312 1.191504 7.843433 -0.102873 0.919459 -0.000001 -0.001317 0.000004 22.930492 -25.071835 -13.623071 9.641589 3.589899 4.030148 9.381602 -0.407696 3.395144 0.001451 0.000001 0.000014 0.000000 0.000000 0.000000 0.000000 0.000000 0.000000 -91.849464 -0.074617 11.914865 -61.139294 9.879730 4.554754 -0.516550 -20.714684 94.687988 -12.449931 -28.618811 11.165434 -10.904910 1.912722 39.717560 -0.000022 0.000018 -26.937912 0.000066 -0.000009 -18.673727 0.001101 0.000001 -0.000198 -15.074046 17.323595 -5.625910 -9.043300 -0.759790 2.121032 -8.874992 0.232521 1.952203 0.000037 0.000162 -0.000017 -14.611940 7.146109 -6.950919 -9.392409 -0.924057 0.838061 -9.274062 0.079137 0.729550 -0.001166 -0.000023 0.000055 -15.625729 -9.092100 -9.486621 -10.875598 1.888264 -1.290529 -10.680514 -0.105146 -0.960063 -0.000825 0.000010 -0.000007 -11.917503 -26.079002 -14.802481 -10.998966 3.663396 -3.678467 -11.138872 -0.334250 -3.007209 0.000120 -0.000003 -0.000041 0.000000 0.000000 0.000000 0.000000 0.000000 0.000000 11.277849 0.308681 14.630744 0.048748 0.165411 14.197996 -9.509724 -7.412531 12.539943 0.261447 0.428012 -18.540207 0.000000 0.000000 0.000000 0.000000 0.000000 0.000000 0.000000 0.000000 0.000000 20.995197 6.053304 11.521338 0.526465 1.422117 24.218481 -12.560084 16.181881 15.695059 1.889610 -0.878178 -19.977209 0.000000 0.000000 0.000000 0.000000 0.000000 0.000000 0.000000 0.000000 0.000000 
-18.226952 86.509300 38.322598 -4.694820 -8.084804 -16.541298 2.814571 -0.662795 8.744682 -0.449131 0.140535 0.704807 6.523886 -2.945715 11.214401 2.856867 -0.133796 3.912054 -7.951241 5.032413 5.354199 -0.060587 3.112654 -3.488676 -2.557690 -0.656689 -19.136919 0.000000 0.000000 0.000000 89.402428 0.040773 8.779716 57.442577 2.810770 7.994184 0.083563 21.068867 84.157928 20.060156 49.394573 11.619539 8.955450 -1.670044 40.643799 0.000002 0.000031 -22.112419 -0.000008 0.000042 -15.288362 0.000007 -0.000002 0.000000 6.528098 17.197241 -1.817379 5.824859 -0.829294 -1.699546 5.697756 0.185398 -1.566111 -0.000010 0.000002 -0.000021 7.477547 7.131314 -4.136778 6.080998 -0.931587 -0.725501 6.383534 0.058103 -0.628747 -0.000005 -0.000043 -0.000008 14.954660 -9.059874 -7.877626 8.397145 1.894948 1.218362 8.087566 -0.107057 0.940021 -0.000001 -0.001358 0.000004 23.163740 -25.090302 -13.585151 9.839062 3.578921 4.090070 9.576538 -0.418271 3.446256 0.001429 0.000001 0.000014 0.000000 0.000000 0.000000 0.000000 0.000000 0.000000 -91.838684 -0.060123 11.875970 -61.224308 9.912971 4.469849 -0.508159 -20.780060 94.667145 -12.145004 -28.342569 11.052567 -11.057749 1.927664 39.646725 -0.000022 0.000018 -27.308138 0.000062 -0.000008 -18.926123 0.001083 0.000001 -0.000246 -16.012251 17.300009 -5.820295 -9.579715 -0.748258 2.193525 -9.414944 0.243345 2.017314 0.000038 0.000181 -0.000017 -15.440703 7.138458 -7.050568 -9.920797 -0.918874 0.865992 -9.798468 0.083152 0.752591 -0.001209 -0.000023 0.000051 -16.379040 -9.085877 -9.455336 -11.397060 1.880638 -1.324367 -11.203135 -0.109947 -0.986089 -0.000844 0.000010 -0.000007 -12.646507 -26.082405 -14.624961 -11.448551 3.647871 -3.768706 -11.586357 -0.346016 -3.081610 0.000133 -0.000003 -0.000041 0.000000 0.000000 0.000000 0.000000 0.000000 0.000000 11.263248 0.272486 14.576886 0.048911 0.165929 14.212802 -9.494489 -7.498926 12.546638 0.258954 0.424249 -18.566828 0.000000 0.000000 0.000000 0.000000 0.000000 0.000000 0.000000 0.000000 0.000000 20.964869 6.058352 11.424694 0.525509 1.421572 24.183968 -12.516728 16.145760 15.771128 1.887083 -0.873673 -19.991623 0.000000 0.000000 0.000000 0.000000 0.000000 0.000000 0.000000 0.000000 0.000000 
-18.226948 86.516411 38.274456 -4.674859 -7.958148 -16.509327 2.815242 -0.666150 8.736609 -0.449794 0.142479 0.784358 6.531144 -2.934952 11.165205 2.831565 -0.133552 3.902094 -7.999282 4.971721 5.306893 -0.068000 3.039327 -3.494349 -2.545705 -0.663026 -19.103621 0.000000 0.000000 0.000000 89.396919 0.024716 8.757416 57.445091 2.711913 7.878333 0.072125 21.018736 83.832314 19.499720 48.655556 10.975657 9.053258 -1.679497 40.599663 0.000002 0.000031 -22.355101 -0.000007 0.000042 -15.454223 0.000007 -0.000002 -0.000001 7.020216 17.205235 -2.039859 6.104464 -0.819520 -1.759500 5.979960 0.195593 -1.622411 -0.000010 0.000003 -0.000021 7.944332 7.135204 -4.285520 6.359374 -0.927399 -0.749961 6.662816 0.061914 -0.649806 -0.000005 -0.000044 -0.000008 15.331464 -9.066761 -7.941376 8.673171 1.889385 1.249529 8.362644 -0.112106 0.963905 -0.000001 -0.001409 0.000004 23.416613 -25.111052 -13.548239 10.062521 3.564424 4.161795 9.797640 -0.431610 3.507340 0.001405 0.000001 0.000013 0.000000 0.000000 0.000000 0.000000 0.000000 0.000000 -91.833069 -0.045524 11.835723 -61.330124 9.963409 4.370119 -0.498148 -20.844542 94.629883 -11.864471 -28.035803 10.920461 -11.214642 1.942453 39.574249 -0.000022 0.000018 -27.687746 0.000058 -0.000008 -19.185358 0.001065 0.000001 -0.000301 -16.971973 17.275845 -6.018247 -10.132995 -0.735245 2.272227 -9.971881 0.255539 2.088113 0.000039 0.000198 -0.000016 -16.286976 7.130729 -7.153571 -10.465955 -0.913082 0.896360 -10.339664 0.087621 0.777620 -0.001256 -0.000024 0.000048 -17.145992 -9.079413 -9.426643 -11.934159 1.871944 -1.361542 -11.741619 -0.115372 -1.014623 -0.000868 0.000010 -0.000006 -13.386132 -26.084248 -14.448534 -11.909950 3.629759 -3.868284 -12.046795 -0.359702 -3.163866 0.000149 -0.000004 -0.000042 0.000000 0.000000 0.000000 0.000000 0.000000 0.000000 11.243475 0.235234 14.519483 0.049092 0.166685 14.234117 -9.477628 -7.584005 12.551545 0.256510 0.420119 -18.593361 0.000000 0.000000 0.000000 0.000000 0.000000 0.000000 0.000000 0.000000 0.000000 20.929430 6.062919 11.326571 0.524581 1.420818 24.151690 -12.470977 16.109091 15.852054 1.883901 -0.869638 -20.010082 0.000000 0.000000 0.000000 0.000000 0.000000 0.000000 0.000000 0.000000 0.000000 
-18.224640 86.524040 38.224258 -4.650746 -7.827950 -16.477333 2.817080 -0.669272 8.729171 -0.449232 0.144728 0.868417 6.533886 -2.921803 11.118286 2.803410 -0.132816 3.892272 -8.044305 4.908333 5.260600 -0.075840 2.962738 -3.500305 -2.532122 -0.668899 -19.070271 0.000000 0.000000 0.000000 89.397141 0.008598 8.736452 57.468285 2.593245 7.763557 0.061782 20.962267 83.472145 18.915953 47.877201 10.305262 9.158614 -1.689521 40.552162 0.000002 0.000031 -22.616486 -0.000007 0.000042 -15.632712 0.000007 -0.000002 -0.000001 7.537078 17.213026 -2.287294 6.407565 -0.808016 -1.827016 6.285551 0.207476 -1.685624 -0.000010 0.000003 -0.000021 8.438453 7.139239 -4.452809 6.662941 -0.922488 -0.777381 6.966721 0.066297 -0.673343 -0.000005 -0.000045 -0.000008 15.734246 -9.073986 -8.017150 8.974187 1.882659 1.284659 8.663005 -0.117974 0.990838 -0.000001 -0.001469 0.000004 23.685722 -25.133045 -13.512878 10.306577 3.546571 4.244402 10.039496 -0.447542 3.577619 0.001380 0.000001 0.000013 0.000000 0.000000 0.000000 0.000000 0.000000 0.000000 -91.832909 -0.030771 11.794119 -61.452637 10.039217 4.256779 -0.486378 -20.907373 94.571518 -11.607724 -27.688990 10.760970 -11.372925 1.956846 39.501343 -0.000022 0.000018 -28.070251 0.000053 -0.000007 -19.447012 0.001045 0.000000 -0.000360 -17.936731 17.251011 -6.216400 -10.693381 -0.720909 2.356129 -10.536067 0.268951 2.163643 0.000040 0.000212 -0.000016 -17.136066 7.122904 -7.258157 -11.018014 -0.906749 0.928763 -10.887822 0.092490 0.804305 -0.001305 -0.000024 0.000044 -17.912098 -9.072678 -9.401260 -12.476046 1.862298 -1.401525 -12.285196 -0.121350 -1.045267 -0.000896 0.000010 -0.000006 -14.122198 -26.084137 -14.276503 -12.373294 3.609321 -3.975734 -12.510260 -0.375124 -3.252780 0.000167 -0.000004 -0.000042 0.000000 0.000000 0.000000 0.000000 0.000000 0.000000 11.216976 0.195780 14.458803 0.049287 0.167680 14.260670 -9.458864 -7.666485 12.555114 0.254079 0.415587 -18.619541 0.000000 0.000000 0.000000 0.000000 0.000000 0.000000 0.000000 0.000000 0.000000 20.887838 6.067084 11.227337 0.523648 1.419896 24.120510 -12.422460 16.070190 15.938712 1.880017 -0.866147 -20.032890 0.000000 0.000000 0.000000 0.000000 0.000000 0.000000 0.000000 0.000000 0.000000 
-18.219177 86.532448 38.172260 -4.621459 -7.692866 -16.445839 2.819715 -0.672005 8.722690 -0.447514 0.147311 0.956717 6.530995 -2.906143 11.074112 2.772363 -0.131538 3.882530 -8.086503 4.841579 5.215706 -0.084049 2.881960 -3.506081 -2.516510 -0.674150 -19.036757 0.000000 0.000000 0.000000 89.403801 -0.007622 8.716835 57.509758 2.448580 7.650736 0.052761 20.900217 83.070969 18.301321 47.054806 9.599580 9.270228 -1.700072 40.501743 0.000002 0.000032 -22.893404 -0.000006 0.000041 -15.821795 0.000008 -0.000003 -0.000002 8.071161 17.219824 -2.556881 6.727848 -0.794955 -1.901206 6.608277 0.220881 -1.754935 -0.000010 0.000003 -0.000021 8.952809 7.143050 -4.636841 6.985065 -0.916924 -0.807362 7.288547 0.071186 -0.699024 -0.000005 -0.000045 -0.000008 16.156237 -9.081052 -8.103850 9.292685 1.874881 1.323173 8.981101 -0.124558 1.020367 -0.000001 -0.001540 0.000003 23.965517 -25.155380 -13.479256 10.564254 3.525751 4.336268 10.295106 -0.465724 3.655724 0.001353 0.000001 0.000013 0.000000 0.000000 0.000000 0.000000 0.000000 0.000000 -91.838402 -0.015742 11.751180 -61.586021 10.148023 4.132556 -0.473023 -20.967960 94.483162 -11.371661 -27.292999 10.564503 -11.530004 1.970644 39.429146 -0.000022 0.000018 -28.449347 0.000048 -0.000007 -19.706789 0.001026 0.000000 -0.000425 -18.890066 17.225489 -6.411930 -11.250850 -0.705491 2.443967 -11.097536 0.283358 2.242735 0.000040 0.000224 -0.000016 -17.973333 7.114983 -7.362885 -11.566829 -0.899975 0.962693 -11.432841 0.097682 0.832226 -0.001356 -0.000025 0.000039 -18.663130 -9.065665 -9.379692 -13.011765 1.851870 -1.443637 -12.822938 -0.127776 -1.077512 -0.000927 0.000010 -0.000006 -14.841177 -26.081814 -14.111452 -12.828742 3.586957 -4.089156 -12.966796 -0.391988 -3.346792 0.000185 -0.000004 -0.000042 0.000000 0.000000 0.000000 0.000000 0.000000 0.000000 11.181882 0.152821 14.395016 0.049474 0.168859 14.291177 -9.437705 -7.745304 12.557852 0.251556 0.410662 -18.645071 0.000000 0.000000 0.000000 0.000000 0.000000 0.000000 0.000000 0.000000 0.000000 20.838717 6.070810 11.127531 0.522675 1.418873 24.088760 -12.370857 16.026831 16.031788 1.875360 -0.863283 -20.060150 0.000000 0.000000 0.000000 0.000000 0.000000 0.000000 0.000000 0.000000 0.000000 
-18.209618 86.541893 38.118755 -4.585908 -7.551688 -16.415487 2.822779 -0.674221 8.717495 -0.444858 0.150237 1.049026 6.521652 -2.888128 11.033169 2.738277 -0.129784 3.872592 -8.126339 4.770847 5.172195 -0.092631 2.796168 -3.511327 -2.498518 -0.678596 -19.002819 0.000000 0.000000 0.000000 89.417450 -0.024011 8.698897 57.565350 2.271372 7.541958 0.045312 20.833242 82.619804 17.652540 46.183876 8.851157 9.386263 -1.711053 40.449116 0.000002 0.000032 -23.181320 -0.000006 0.000041 -16.018436 0.000008 -0.000003 -0.000002 8.611852 17.224937 -2.845116 7.057351 -0.780628 -1.980779 6.940278 0.235535 -1.829165 -0.000010 0.000003 -0.000021 9.477355 7.146306 -4.835431 7.317461 -0.910826 -0.839348 7.619934 0.076476 -0.726376 -0.000005 -0.000047 -0.000009 16.588116 -9.087533 -8.200404 9.619622 1.866243 1.364267 9.307833 -0.131702 1.051869 -0.000001 -0.001620 0.000003 24.248672 -25.177366 -13.448266 10.827396 3.502591 4.435137 10.556261 -0.485629 3.739752 0.001325 0.000002 0.000012 0.000000 0.000000 0.000000 0.000000 0.000000 0.000000 -91.849426 -0.000299 11.707177 -61.723289 10.296527 4.001335 -0.458583 -21.025805 94.352394 -11.152329 -26.839464 10.319880 -11.683174 1.983648 39.358860 -0.000023 0.000018 -28.818472 0.000044 -0.000007 -19.960190 0.001006 0.000000 -0.000493 -19.815008 17.199459 -6.602588 -11.795074 -0.689317 2.534222 -11.646060 0.298450 2.323984 0.000041 0.000235 -0.000015 -18.783619 7.107010 -7.466806 -12.101951 -0.892895 0.997538 -11.964306 0.103093 0.860876 -0.001407 -0.000025 0.000035 -19.384598 -9.058431 -9.362525 -13.530238 1.840899 -1.487042 -13.343772 -0.134505 -1.110740 -0.000961 0.000010 -0.000006 -15.529723 -26.077156 -13.955799 -13.266487 3.563234 -4.206223 -13.406433 -0.409880 -3.443990 0.000204 -0.000004 -0.000042 0.000000 0.000000 0.000000 0.000000 0.000000 0.000000 11.136259 0.105381 14.328493 0.049626 0.170141 14.324340 -9.413498 -7.819623 12.560308 0.248767 0.405380 -18.669594 0.000000 0.000000 0.000000 0.000000 0.000000 0.000000 0.000000 0.000000 0.000000 20.780516 6.074179 11.027827 0.521631 1.417827 24.054541 -12.315753 15.976668 16.131996 1.869813 -0.861130 -20.091812 0.000000 0.000000 0.000000 0.000000 0.000000 0.000000 0.000000 0.000000 0.000000 
-18.194935 86.552635 38.064091 -4.543071 -7.403411 -16.386862 2.825918 -0.675861 8.713906 -0.441556 0.153458 1.145211 6.505312 -2.868280 10.995765 2.700893 -0.127758 3.861916 -8.164525 4.695684 5.129605 -0.101629 2.704776 -3.515821 -2.477918 -0.682057 -18.968044 0.000000 0.000000 0.000000 89.438393 -0.040598 8.683321 57.629753 2.054815 7.440324 0.039664 20.761497 82.107948 16.971809 45.260490 8.055434 9.504391 -1.722311 40.395206 0.000002 0.000033 -23.474520 -0.000006 0.000041 -16.218773 0.000008 -0.000003 -0.000003 9.146299 17.227928 -3.147986 7.387243 -0.765431 -2.064090 7.272849 0.251060 -1.906804 -0.000010 0.000003 -0.000022 9.999847 7.148760 -5.046170 7.650967 -0.904364 -0.872638 7.951643 0.082029 -0.754811 -0.000004 -0.000048 -0.000009 17.018543 -9.093122 -8.305920 9.945174 1.857020 1.406928 9.633312 -0.139194 1.084559 -0.000000 -0.001709 0.000003 24.526417 -25.198622 -13.421640 11.087313 3.477950 4.538177 10.814193 -0.506560 3.827307 0.001296 0.000002 0.000012 0.000000 0.000000 0.000000 0.000000 0.000000 0.000000 -91.865669 0.015627 11.662754 -61.856838 10.490334 3.867863 -0.443837 -21.080183 94.163361 -10.945415 -26.321672 10.014747 -11.829439 1.995652 39.291798 -0.000023 0.000018 -29.170284 0.000039 -0.000006 -20.202196 0.000986 -0.000000 -0.000565 -20.693102 17.173359 -6.786171 -12.315013 -0.672806 2.625101 -12.170730 0.313837 2.405760 0.000042 0.000247 -0.000015 -19.550373 7.099112 -7.569119 -12.612224 -0.885683 1.032574 -12.471065 0.108591 0.889661 -0.001457 -0.000026 0.000031 -20.060965 -9.051120 -9.350332 -14.019907 1.829687 -1.530751 -13.836124 -0.141355 -1.144219 -0.000996 0.000010 -0.000006 -16.173769 -26.070309 -13.811978 -13.676526 3.538880 -4.324178 -13.818964 -0.428265 -3.542104 0.000222 -0.000004 -0.000042 0.000000 0.000000 0.000000 0.000000 0.000000 0.000000 11.078239 0.052830 14.259742 0.049716 0.171437 14.358856 -9.385513 -7.888751 12.563107 0.245507 0.399809 -18.692802 0.000000 0.000000 0.000000 0.000000 0.000000 0.000000 0.000000 0.000000 0.000000 20.711718 6.077434 10.928882 0.520488 1.416821 24.015879 -12.256677 15.917315 16.240036 1.863206 -0.859762 -20.127733 0.000000 0.000000 0.000000 0.000000 0.000000 0.000000 0.000000 0.000000 0.000000 
-18.174061 86.564903 38.008633 -4.492069 -7.247304 -16.360464 2.828744 -0.676946 8.712255 -0.437862 0.156847 1.245104 6.481672 -2.847489 10.962136 2.659886 -0.125801 3.849705 -8.201947 4.615775 5.087348 -0.111092 2.607456 -3.519343 -2.454621 -0.684378 -18.932005 0.000000 0.000000 0.000000 89.466896 -0.057409 8.670981 57.696777 1.791726 7.349741 0.035945 20.684397 81.523293 16.264765 44.281155 7.209968 9.621966 -1.733648 40.341125 0.000001 0.000033 -23.766478 -0.000005 0.000041 -16.418358 0.000008 -0.000004 -0.000004 9.660517 17.228666 -3.461020 7.708646 -0.749861 -2.149194 7.597262 0.266986 -1.986070 -0.000010 0.000004 -0.000022 10.506787 7.150279 -5.266424 7.976330 -0.897748 -0.906417 8.274360 0.087672 -0.783641 -0.000004 -0.000050 -0.000009 17.434788 -9.097654 -8.419599 10.259494 1.847555 1.449983 9.947644 -0.146778 1.117530 -0.000000 -0.001807 0.000003 24.788849 -25.219019 -13.401586 11.335396 3.452873 4.642082 11.060226 -0.527670 3.915599 0.001266 0.000002 0.000012 0.000000 0.000000 0.000000 0.000000 0.000000 0.000000 -91.886467 0.031972 11.618845 -61.978985 10.734039 3.737588 -0.429793 -21.129995 93.896172 -10.746051 -25.735088 9.635811 -11.965452 2.006433 39.229500 -0.000023 0.000018 -29.496632 0.000034 -0.000006 -20.427231 0.000964 -0.000000 -0.000641 -21.504389 17.147886 -6.960126 -12.798818 -0.656450 2.714571 -12.659868 0.329058 2.486214 0.000042 0.000261 -0.000014 -20.255630 7.091493 -7.668903 -13.085722 -0.878543 1.066986 -12.941153 0.114024 0.917908 -0.001506 -0.000026 0.000026 -20.675543 -9.043980 -9.343500 -14.468770 1.818597 -1.573636 -14.287929 -0.148110 -1.177116 -0.001032 0.000010 -0.000005 -16.758377 -26.061678 -13.682326 -14.048687 3.514766 -4.439866 -14.193965 -0.446506 -3.638556 0.000238 -0.000004 -0.000042 0.000000 0.000000 0.000000 0.000000 0.000000 0.000000 11.006130 -0.005252 14.189351 0.049717 0.172658 14.393503 -9.352984 -7.952198 12.566899 0.241559 0.394045 -18.714472 0.000000 0.000000 0.000000 0.000000 0.000000 0.000000 0.000000 0.000000 0.000000 20.630928 6.080941 10.831356 0.519219 1.415897 23.970709 -12.193186 15.846405 16.356623 1.855339 -0.859246 -20.167662 0.000000 0.000000 0.000000 0.000000 0.000000 0.000000 0.000000 0.000000 0.000000 
-18.145937 86.578888 37.952759 -4.432388 -7.082992 -16.336706 2.830824 -0.677601 8.712958 -0.433827 0.160145 1.348307 6.450616 -2.826900 10.932454 2.615000 -0.124347 3.834905 -8.239491 4.530860 5.045017 -0.121098 2.504068 -3.521556 -2.428652 -0.685429 -18.894474 0.000000 0.000000 0.000000 89.503296 -0.074473 8.662865 57.759430 1.474132 7.274627 0.034132 20.600527 80.851891 15.539229 43.242111 6.313997 9.736146 -1.744828 40.288124 0.000001 0.000034 -24.050240 -0.000004 0.000041 -16.612429 0.000009 -0.000004 -0.000004 10.140439 17.227257 -3.779353 8.013077 -0.734486 -2.233888 7.905184 0.282770 -2.064948 -0.000010 0.000004 -0.000022 10.984367 7.150816 -5.493372 8.284659 -0.891223 -0.939773 8.579152 0.093211 -0.812100 -0.000004 -0.000052 -0.000009 17.823500 -9.101076 -8.540626 10.553185 1.838233 1.492136 10.241389 -0.154163 1.149778 -0.000000 -0.001914 0.000003 25.025681 -25.238644 -13.390517 11.563527 3.428526 4.743231 11.286201 -0.548011 4.001560 0.001236 0.000002 0.000011 0.000000 0.000000 0.000000 0.000000 0.000000 0.000000 -91.911057 0.048528 11.576653 -62.082695 11.031754 3.616417 -0.417634 -21.173670 93.526680 -10.548713 -25.078318 9.169435 -12.087682 2.015768 39.173523 -0.000023 0.000018 -29.788912 0.000029 -0.000006 -20.629408 0.000941 -0.000000 -0.000719 -22.228556 17.123884 -7.121485 -13.234325 -0.640796 2.800422 -13.101486 0.343602 2.563354 0.000043 0.000278 -0.000014 -20.881062 7.084380 -7.764992 -13.510201 -0.871702 1.099886 -13.362275 0.119221 0.944886 -0.001551 -0.000027 0.000022 -21.211506 -9.037280 -9.341956 -14.864782 1.808025 -1.614456 -14.687077 -0.154527 -1.208520 -0.001067 0.000010 -0.000005 -17.268528 -26.051790 -13.568709 -14.372956 3.491853 -4.549834 -14.521138 -0.463890 -3.730545 0.000252 -0.000004 -0.000042 0.000000 0.000000 0.000000 0.000000 0.000000 0.000000 10.918661 -0.069118 14.118114 0.049608 0.173735 14.427111 -9.315230 -8.009804 12.572327 0.236727 0.388219 -18.734486 0.000000 0.000000 0.000000 0.000000 0.000000 0.000000 0.000000 0.000000 0.000000 20.537159 6.085183 10.735952 0.517802 1.415070 23.916752 -12.124987 15.761867 16.482378 1.846029 -0.859645 -20.211134 0.000000 0.000000 0.000000 0.000000 0.000000 0.000000 0.000000 0.000000 0.000000 
-18.109640 86.594711 37.896893 -4.364203 -6.910563 -16.315975 2.831705 -0.678100 8.716489 -0.429141 0.162926 1.453974 6.412231 -2.807805 10.906887 2.566237 -0.123866 3.816298 -8.277705 4.440618 5.002654 -0.131769 2.394544 -3.521977 -2.400097 -0.685098 -18.855629 0.000000 0.000000 0.000000 89.548409 -0.091868 8.659986 57.810013 1.092852 7.219408 0.033969 20.507511 80.077141 14.804131 42.139477 5.368434 9.844105 -1.755601 40.237427 0.000001 0.000034 -24.318935 -0.000004 0.000040 -16.796289 0.000009 -0.000005 -0.000005 10.573193 17.223974 -4.097754 8.292833 -0.719924 -2.315776 8.189059 0.297812 -2.141254 -0.000010 0.000004 -0.000022 11.419622 7.150384 -5.723933 8.567788 -0.885051 -0.971735 8.857878 0.098438 -0.839370 -0.000004 -0.000054 -0.000010 18.171803 -9.103415 -8.667888 10.817719 1.829466 1.532038 10.505989 -0.161045 1.180261 0.000000 -0.002028 0.000003 25.227119 -25.257652 -13.390568 11.764432 3.406118 4.837885 11.484856 -0.566595 4.082024 0.001205 0.000002 0.000011 0.000000 0.000000 0.000000 0.000000 0.000000 0.000000 -91.938606 0.064950 11.537629 -62.162510 11.388059 3.510468 -0.408666 -21.209032 93.026291 -10.346675 -24.354271 8.602423 -12.192691 2.023468 39.125385 -0.000022 0.000018 -30.038822 0.000025 -0.000005 -20.803022 0.000915 -0.000000 -0.000801 -22.846716 17.102051 -7.266999 -13.609866 -0.626404 2.880365 -13.484085 0.356946 2.635111 0.000043 0.000300 -0.000013 -21.409666 7.077942 -7.855956 -13.873880 -0.865395 1.130365 -13.722583 0.124005 0.969841 -0.001591 -0.000027 0.000018 -21.653318 -9.031222 -9.344898 -15.196535 1.798385 -1.651919 -15.022112 -0.160353 -1.237482 -0.001102 0.000010 -0.000005 -17.690166 -26.041096 -13.472043 -14.639892 3.471135 -4.650506 -14.790738 -0.479673 -3.815175 0.000262 -0.000003 -0.000042 0.000000 0.000000 0.000000 0.000000 0.000000 0.000000 10.815375 -0.138854 14.047227 0.049388 0.174627 14.458512 -9.271791 -8.061874 12.579867 0.230858 0.382493 -18.752846 0.000000 0.000000 0.000000 0.000000 0.000000 0.000000 0.000000 0.000000 0.000000 20.430241 6.090673 10.643435 0.516223 1.414320 23.851593 -12.052098 15.662289 16.617697 1.835181 -0.861023 -20.257395 0.000000 0.000000 0.000000 0.000000 0.000000 0.000000 0.000000 0.000000 0.000000 
-18.064497 86.612373 37.841469 -4.288630 -6.730671 -16.298637 2.830993 -0.678891 8.723264 -0.423096 0.164597 1.560687 6.366845 -2.791507 10.885686 2.514050 -0.124782 3.792810 -8.316414 4.344555 4.960864 -0.143250 2.278838 -3.520035 -2.369050 -0.683292 -18.816202 0.000000 0.000000 0.000000 89.603661 -0.109836 8.663352 57.839870 0.637061 7.188131 0.034959 20.401768 79.178741 14.068498 40.970337 4.376185 9.943218 -1.765715 40.190224 0.000001 0.000035 -24.566206 -0.000003 0.000040 -16.965631 0.000010 -0.000005 -0.000006 10.948279 17.219191 -4.410777 8.541366 -0.706800 -2.392365 8.442412 0.311503 -2.212731 -0.000010 0.000004 -0.000022 11.801519 7.149018 -5.954731 8.818674 -0.879500 -1.001317 9.103589 0.103146 -0.864617 -0.000003 -0.000057 -0.000010 18.468426 -9.104718 -8.799622 11.045887 1.821659 1.568368 10.734208 -0.167126 1.207943 0.000000 -0.002151 0.000003 25.384924 -25.276140 -13.402936 11.932081 3.386807 4.922441 11.650229 -0.582464 4.153918 0.001174 0.000003 0.000010 0.000000 0.000000 0.000000 0.000000 0.000000 0.000000 -91.968552 0.080832 11.503378 -62.215294 11.809156 3.426031 -0.404349 -21.232981 92.361908 -10.131086 -23.570847 7.923338 -12.277535 2.029418 39.086334 -0.000022 0.000018 -30.239244 0.000021 -0.000005 -20.943216 0.000885 -0.000000 -0.000887 -23.343544 17.082752 -7.393649 -13.915267 -0.613813 2.952193 -13.797603 0.368585 2.699479 0.000043 0.000329 -0.000013 -21.827612 7.072204 -7.940323 -14.166389 -0.859846 1.157542 -14.011637 0.128204 0.992048 -0.001627 -0.000028 0.000014 -21.988255 -9.025846 -9.350665 -15.454028 1.790073 -1.684751 -15.283061 -0.165341 -1.263069 -0.001134 0.000011 -0.000005 -18.011251 -26.029768 -13.391835 -14.841177 3.453552 -4.738410 -14.994108 -0.493134 -3.889643 0.000267 -0.000003 -0.000043 0.000000 0.000000 0.000000 0.000000 0.000000 0.000000 10.696959 -0.214353 13.978408 0.049067 0.175317 14.486448 -9.222488 -8.109320 12.589732 0.223866 0.377068 -18.769670 0.000000 0.000000 0.000000 0.000000 0.000000 0.000000 0.000000 0.000000 0.000000 20.311129 6.097625 10.554543 0.514486 1.413593 23.772848 -11.974961 15.547179 16.762440 1.822835 -0.863437 -20.305319 0.000000 0.000000 0.000000 0.000000 0.000000 0.000000 0.000000 0.000000 0.000000 
-18.010189 86.631783 37.786945 -4.207740 -6.544587 -16.285036 2.828421 -0.680561 8.733371 -0.414727 0.164457 1.666509 6.315065 -2.779216 10.869402 2.459397 -0.127405 3.763986 -8.354522 4.242133 4.920788 -0.155639 2.157038 -3.515218 -2.335605 -0.679967 -18.777416 0.000000 0.000000 0.000000 89.671173 -0.128926 8.673945 57.839214 0.094016 7.184494 0.036463 20.278154 78.132042 13.340656 39.734806 3.342512 10.031224 -1.774925 40.147560 0.000001 0.000035 -24.786572 -0.000003 0.000040 -17.116787 0.000010 -0.000005 -0.000007 11.258371 17.213331 -4.713232 8.753589 -0.695693 -2.461254 8.660202 0.323266 -2.277218 -0.000010 0.000004 -0.000022 12.121765 7.146785 -6.182290 9.031796 -0.874816 -1.027594 9.310921 0.107143 -0.887061 -0.000003 -0.000060 -0.000010 18.704721 -9.105060 -8.933240 11.232267 1.815178 1.599933 10.920625 -0.172145 1.231893 0.000001 -0.002279 0.000003 25.493324 -25.294079 -13.427349 12.062117 3.371589 4.993714 11.778060 -0.594788 4.214515 0.001144 0.000003 0.000009 0.000000 0.000000 0.000000 0.000000 0.000000 0.000000 -92.000961 0.095869 11.475584 -62.240150 12.303416 3.369871 -0.406315 -21.241138 91.495483 -9.890419 -22.740322 7.124161 -12.340131 2.033616 39.057243 -0.000022 0.000018 -30.385139 0.000016 -0.000005 -21.046545 0.000851 -0.000001 -0.000973 -23.709053 17.065783 -7.499556 -14.142776 -0.603492 3.013934 -14.034334 0.378082 2.754658 0.000044 0.000368 -0.000012 -22.125763 7.067005 -8.017093 -14.379680 -0.855253 1.180642 -14.221371 0.131665 1.010861 -0.001657 -0.000029 0.000011 -22.207460 -9.020986 -9.356994 -15.629500 1.783438 -1.711806 -15.462231 -0.169270 -1.284441 -0.001164 0.000011 -0.000005 -18.222414 -26.017677 -13.326076 -14.970152 3.439918 -4.810441 -15.124219 -0.503633 -3.951441 0.000264 -0.000003 -0.000043 0.000000 0.000000 0.000000 0.000000 0.000000 0.000000 10.565231 -0.295226 13.913867 0.048665 0.175774 14.509585 -9.167357 -8.153622 12.601825 0.215734 0.372177 -18.785219 0.000000 0.000000 0.000000 0.000000 0.000000 0.000000 0.000000 0.000000 0.000000 20.181791 6.105486 10.469755 0.512610 1.412827 23.678654 -11.894364 15.416911 16.915621 1.809173 -0.866920 -20.353424 0.000000 0.000000 0.000000 0.000000 0.000000 0.000000 0.000000 0.000000 0.000000 
-17.946741 86.652756 37.733829 -4.124268 -6.354180 -16.275503 2.823928 -0.683748 8.746346 -0.403110 0.161818 1.769172 6.257785 -2.771901 10.859114 2.403617 -0.131864 3.730355 -8.390244 4.133105 4.883886 -0.168949 2.029574 -3.507185 -2.299895 -0.675155 -18.740635 0.000000 0.000000 0.000000 89.753510 -0.150071 8.692768 57.796921 -0.551006 7.212270 0.037878 20.129879 76.908867 12.627476 38.437389 2.275089 10.106361 -1.783008 40.110313 0.000001 0.000036 -24.975679 -0.000002 0.000040 -17.246859 0.000011 -0.000006 -0.000007 11.499463 17.206848 -5.000996 8.926122 -0.687075 -2.520384 8.838969 0.332623 -2.332860 -0.000010 0.000004 -0.000022 12.375095 7.143789 -6.403496 9.203447 -0.871197 -1.049791 9.476338 0.110274 -0.906048 -0.000002 -0.000063 -0.000010 18.875269 -9.104526 -9.065607 11.373541 1.810313 1.625780 11.061923 -0.175899 1.251354 0.000001 -0.002411 0.000003 25.549412 -25.311264 -13.461979 12.152126 3.361216 5.049216 11.865993 -0.602933 4.261659 0.001115 0.000004 0.000009 0.000000 0.000000 0.000000 0.000000 0.000000 0.000000 -92.036934 0.109964 11.455862 -62.237740 12.880332 3.349322 -0.416465 -21.228241 90.385994 -9.611421 -21.877424 6.202580 -12.379476 2.036160 39.038464 -0.000021 0.000018 -30.474062 0.000012 -0.000005 -21.111355 0.000811 -0.000001 -0.001059 -23.939192 17.050465 -7.585035 -14.287652 -0.595806 3.064026 -14.189480 0.385096 2.799206 0.000044 0.000418 -0.000012 -22.300087 7.062036 -8.086436 -14.508689 -0.851769 1.199053 -14.346785 0.134266 1.025772 -0.001678 -0.000030 0.000008 -22.306229 -9.016334 -9.361767 -15.718037 1.778747 -1.732170 -15.554834 -0.171966 -1.300912 -0.001188 0.000011 -0.000004 -18.317259 -26.004385 -13.271710 -15.022331 3.430844 -4.864140 -15.176243 -0.510679 -3.998573 0.000253 -0.000003 -0.000043 0.000000 0.000000 0.000000 0.000000 0.000000 0.000000 10.422858 -0.380632 13.856159 0.048187 0.175914 14.526441 -9.106443 -8.196571 12.615817 0.206521 0.368067 -18.799812 0.000000 0.000000 0.000000 0.000000 0.000000 0.000000 0.000000 0.000000 0.000000 20.044771 6.112612 10.389084 0.510636 1.411976 23.568092 -11.811230 15.272357 17.075258 1.794474 -0.871470 -20.400072 0.000000 0.000000 0.000000 0.000000 0.000000 0.000000 0.000000 0.000000 0.000000 
-17.874458 86.675133 37.682728 -4.041258 -6.161899 -16.270281 2.817737 -0.689026 8.761063 -0.387631 0.156154 1.866237 6.196204 -2.770035 10.856588 2.348138 -0.138014 3.693402 -8.421803 4.017966 4.851608 -0.183155 1.897367 -3.495811 -2.262138 -0.669012 -18.706846 0.000000 0.000000 0.000000 89.853043 -0.174503 8.720854 57.701298 -1.314202 7.275666 0.038867 19.949112 75.481369 11.934258 37.085831 1.184131 10.167424 -1.789776 40.079182 0.000000 0.000037 -25.130482 -0.000001 0.000040 -17.353827 0.000012 -0.000006 -0.000008 11.670213 17.200195 -5.271805 9.057179 -0.681269 -2.568250 8.976810 0.339237 -2.378272 -0.000010 0.000004 -0.000022 12.558844 7.140187 -6.616260 9.331734 -0.868778 -1.067350 9.598068 0.112436 -0.921112 -0.000001 -0.000066 -0.000010 18.977585 -9.103219 -9.193791 11.468328 1.807256 1.645274 11.156759 -0.178260 1.265809 0.000001 -0.002541 0.000003 25.552643 -25.327322 -13.504161 12.201370 3.356112 5.087367 11.913354 -0.606525 4.293953 0.001086 0.000004 0.000008 0.000000 0.000000 0.000000 0.000000 0.000000 0.000000 -92.078697 0.123168 11.445501 -62.209496 13.547589 3.371249 -0.436758 -21.189714 88.995674 -9.282708 -20.996790 5.164970 -12.395634 2.037230 39.029865 -0.000021 0.000017 -30.506054 0.000009 -0.000005 -21.137697 0.000764 -0.000001 -0.001137 -24.034901 17.035910 -7.653278 -14.348310 -0.590987 3.101417 -14.261291 0.389408 2.832130 0.000044 0.000480 -0.000011 -22.350744 7.056956 -8.150265 -14.551591 -0.849492 1.212368 -14.386220 0.135923 1.036443 -0.001687 -0.000031 0.000005 -22.283426 -9.011514 -9.364203 -15.717946 1.776160 -1.745261 -15.559340 -0.173319 -1.312029 -0.001206 0.000011 -0.000004 -18.292253 -25.989309 -13.226024 -14.995835 3.426669 -4.897932 -15.148018 -0.513963 -4.029740 0.000232 -0.000003 -0.000043 0.000000 0.000000 0.000000 0.000000 0.000000 0.000000 10.273007 -0.468929 13.808212 0.047620 0.175576 14.535265 -9.039656 -8.239900 12.631232 0.196361 0.364962 -18.813835 0.000000 0.000000 0.000000 0.000000 0.000000 0.000000 0.000000 0.000000 0.000000 19.902760 6.116429 10.312173 0.508617 1.411044 23.441269 -11.726460 15.114561 17.238537 1.779052 -0.877059 -20.443602 0.000000 0.000000 0.000000 0.000000 0.000000 0.000000 0.000000 0.000000 0.000000 
-17.793818 86.698769 37.634399 -3.961786 -5.970738 -16.269613 2.810420 -0.696815 8.775895 -0.368051 0.147263 1.955185 6.131824 -2.773318 10.864120 2.294110 -0.145355 3.655047 -8.448477 3.898389 4.824960 -0.198345 1.761918 -3.481156 -2.222725 -0.661872 -18.676073 0.000000 0.000000 0.000000 89.970886 -0.203494 8.759219 57.541683 -2.211657 7.379275 0.039411 19.728014 73.827126 11.265180 35.687347 0.082198 10.213768 -1.795093 40.054619 0.000000 0.000038 -25.249313 0.000000 0.000040 -17.436556 0.000012 -0.000006 -0.000009 11.770479 17.193764 -5.525805 9.146111 -0.678430 -2.603991 9.072832 0.342935 -2.412602 -0.000010 0.000004 -0.000022 12.671742 7.136165 -6.820046 9.416070 -0.867616 -1.079960 9.675521 0.113579 -0.931996 -0.000001 -0.000068 -0.000010 19.010752 -9.101247 -9.315960 11.516363 1.806079 1.658108 11.204938 -0.179185 1.274993 0.000001 -0.002663 0.000003 25.503132 -25.341810 -13.551448 12.209829 3.356360 5.107513 11.920221 -0.605470 4.310786 0.001057 0.000005 0.000007 0.000000 0.000000 0.000000 0.000000 0.000000 0.000000 -92.129440 0.135470 11.445193 -62.157082 14.307064 3.439374 -0.468787 -21.124155 87.301804 -8.899809 -20.110882 4.028293 -12.389415 2.037039 39.031063 -0.000020 0.000017 -30.482992 0.000005 -0.000005 -21.126789 0.000709 -0.000001 -0.001204 -23.999695 17.021433 -7.710263 -14.325756 -0.589126 3.125588 -14.250499 0.390928 2.852906 0.000044 0.000555 -0.000011 -22.280087 7.051545 -8.212366 -14.509415 -0.848453 1.220400 -14.341030 0.136600 1.042724 -0.001681 -0.000032 0.000002 -22.140163 -9.006221 -9.366070 -15.630662 1.775709 -1.750880 -15.477302 -0.173291 -1.317602 -0.001215 0.000011 -0.000004 -18.146288 -25.971884 -13.188521 -14.891518 3.427426 -4.911288 -15.040336 -0.513396 -4.044471 0.000199 -0.000003 -0.000044 0.000000 0.000000 0.000000 0.000000 0.000000 0.000000 10.119102 -0.557229 13.773561 0.046937 0.174544 14.533824 -8.966715 -8.284932 12.647481 0.185460 0.363003 -18.827551 0.000000 0.000000 0.000000 0.000000 0.000000 0.000000 0.000000 0.000000 0.000000 19.758341 6.113930 10.238739 0.506615 1.410088 23.299007 -11.640915 14.944706 17.402071 1.763207 -0.883659 -20.482580 0.000000 0.000000 0.000000 0.000000 0.000000 0.000000 0.000000 0.000000 0.000000 
-17.705299 86.723541 37.589718 -3.888684 -5.784012 -16.273832 2.802875 -0.707309 8.789105 -0.344442 0.135355 2.033704 6.066262 -2.780727 10.883943 2.242138 -0.153104 3.616937 -8.471451 3.777399 4.804154 -0.214746 1.625424 -3.463513 -2.182335 -0.654292 -18.647058 0.000000 0.000000 0.000000 90.106354 -0.238049 8.808737 57.310242 -3.256765 7.527924 0.039759 19.459360 71.934219 10.625218 34.244961 -1.016089 10.245309 -1.798873 40.036823 0.000000 0.000038 -25.331944 0.000001 0.000040 -17.494825 0.000013 -0.000007 -0.000009 11.799870 17.187893 -5.766065 9.192840 -0.678537 -2.627399 9.126691 0.343708 -2.435544 -0.000011 0.000004 -0.000021 12.712746 7.131942 -7.016391 9.456596 -0.867694 -1.087550 9.708713 0.113713 -0.938645 0.000000 -0.000070 -0.000010 18.973951 -9.098751 -9.432067 11.517508 1.806733 1.664273 11.206471 -0.178713 1.278880 0.000002 -0.002773 0.000003 25.399811 -25.354351 -13.602399 12.177016 3.361719 5.109819 11.886271 -0.599946 4.312245 0.001028 0.000005 0.000007 0.000000 0.000000 0.000000 0.000000 0.000000 0.000000 -92.192650 0.146604 11.455157 -62.081806 15.153236 3.552110 -0.513290 -21.033947 85.306480 -8.468405 -19.228207 2.817370 -12.362021 2.035753 39.041496 -0.000019 0.000017 -30.407888 0.000001 -0.000005 -21.080536 0.000645 -0.000001 -0.001252 -23.837748 17.006901 -7.764412 -14.222944 -0.590164 3.136563 -14.159777 0.389704 2.861485 0.000044 0.000639 -0.000010 -22.091095 7.045813 -8.278358 -14.385533 -0.848623 1.223185 -14.214938 0.136309 1.044658 -0.001654 -0.000032 -0.000001 -21.878878 -9.000308 -9.372100 -15.460297 1.777292 -1.749221 -15.312959 -0.171925 -1.317719 -0.001214 0.000011 -0.000004 -17.880629 -25.951622 -13.161853 -14.712802 3.432844 -4.904725 -14.856815 -0.509117 -4.043152 0.000158 -0.000003 -0.000044 0.000000 0.000000 0.000000 0.000000 0.000000 0.000000 9.964541 -0.641368 13.756396 0.046109 0.172598 14.519337 -8.887094 -8.332585 12.663941 0.174053 0.362221 -18.841051 0.000000 0.000000 0.000000 0.000000 0.000000 0.000000 0.000000 0.000000 0.000000 19.613699 6.101925 10.168976 0.504685 1.409186 23.142397 -11.555270 14.764063 17.562443 1.747181 -0.891266 -20.515993 0.000000 0.000000 0.000000 0.000000 0.000000 0.000000 0.000000 0.000000 0.000000 
-17.609146 86.749336 37.549541 -3.824153 -5.604817 -16.283392 2.796077 -0.720404 8.799374 -0.317131 0.120995 2.100150 6.000986 -2.791022 10.917293 2.192311 -0.160482 3.579959 -8.493538 3.658841 4.788646 -0.232481 1.490787 -3.443473 -2.142038 -0.647017 -18.617517 0.000000 0.000000 0.000000 90.256592 -0.278654 8.869942 57.003078 -4.457627 7.726309 0.040227 19.136030 69.802490 10.023023 32.757980 -2.094517 10.262744 -1.801087 40.025707 0.000000 0.000039 -25.379969 0.000002 0.000040 -17.529640 0.000013 -0.000007 -0.000010 11.758122 17.182985 -5.998999 9.198148 -0.681373 -2.638974 9.138900 0.341748 -2.447408 -0.000011 0.000004 -0.000021 12.681586 7.127779 -7.209284 9.454287 -0.868919 -1.090316 9.698393 0.112913 -0.941224 0.000001 -0.000072 -0.000010 18.866535 -9.095938 -9.543889 11.471635 1.809066 1.664060 11.161481 -0.176962 1.277686 0.000002 -0.002867 0.000003 25.240273 -25.364792 -13.656349 12.101483 3.371683 5.095116 11.810338 -0.590397 4.299046 0.000999 0.000006 0.000006 0.000000 0.000000 0.000000 0.000000 0.000000 0.000000 -92.270905 0.156077 11.475854 -61.984344 16.075703 3.703295 -0.569938 -20.921726 83.033928 -8.003218 -18.352058 1.557285 -12.314814 2.033459 39.060631 -0.000019 0.000016 -30.284128 -0.000003 -0.000006 -21.001101 0.000571 -0.000001 -0.001279 -23.553301 16.992857 -7.825856 -14.044297 -0.593895 3.134903 -13.993377 0.385923 2.858322 0.000044 0.000729 -0.000010 -21.786903 7.040026 -8.355181 -14.185084 -0.849907 1.220988 -14.013315 0.135112 1.042482 -0.001603 -0.000033 -0.000005 -21.502810 -8.993799 -9.388553 -15.212837 1.780701 -1.740827 -15.072392 -0.169335 -1.312715 -0.001200 0.000011 -0.000004 -17.498615 -25.928205 -13.150047 -14.464822 3.442399 -4.879666 -14.602978 -0.501459 -4.026917 0.000108 -0.000003 -0.000044 0.000000 0.000000 0.000000 0.000000 0.000000 0.000000 9.812096 -0.716598 13.761086 0.045115 0.169566 14.488911 -8.799809 -8.383721 12.680164 0.162326 0.362584 -18.854244 0.000000 0.000000 0.000000 0.000000 0.000000 0.000000 0.000000 0.000000 0.000000 19.469959 6.076900 10.103631 0.502856 1.408385 22.972515 -11.469657 14.573691 17.716526 1.731137 -0.899883 -20.543446 0.000000 0.000000 0.000000 0.000000 0.000000 0.000000 0.000000 0.000000 0.000000 
-17.505205 86.776024 37.514477 -3.769433 -5.435326 -16.298813 2.790775 -0.735644 8.806081 -0.286817 0.104973 2.154013 5.937276 -2.803355 10.963743 2.144450 -0.167008 3.544248 -8.517494 3.546104 4.777490 -0.251178 1.361250 -3.421928 -2.103154 -0.640849 -18.584965 0.000000 0.000000 0.000000 90.417519 -0.325243 8.942865 56.621223 -5.816617 7.977830 0.040978 18.750729 67.441063 9.473454 31.227242 -3.135461 10.267943 -1.801792 40.020641 0.000000 0.000040 -25.397455 0.000003 0.000040 -17.543776 0.000014 -0.000007 -0.000010 11.648197 17.179579 -6.233788 9.164828 -0.686527 -2.639969 9.112065 0.337432 -2.449224 -0.000011 0.000004 -0.000021 12.581738 7.123969 -7.404849 9.411919 -0.871128 -1.088748 9.647161 0.111318 -0.940136 0.000002 -0.000073 -0.000010 18.690556 -9.093077 -9.654440 11.379766 1.812842 1.658082 11.071293 -0.174125 1.271888 0.000002 -0.002941 0.000003 25.023029 -25.373341 -13.712740 11.981812 3.385587 5.064827 11.691326 -0.577465 4.272468 0.000971 0.000006 0.000006 0.000000 0.000000 0.000000 0.000000 0.000000 0.000000 -92.364777 0.163474 11.508418 -61.865200 17.063057 3.885039 -0.637538 -20.786291 80.519409 -7.523771 -17.482317 0.267615 -12.249181 2.030147 39.088039 -0.000018 0.000015 -30.114985 -0.000007 -0.000006 -20.890610 0.000489 -0.000001 -0.001287 -23.151669 16.980392 -7.904575 -13.795797 -0.599991 3.121720 -13.757237 0.379893 2.844411 0.000044 0.000820 -0.000009 -21.371750 7.034623 -8.449540 -13.914711 -0.852170 1.214305 -13.742774 0.133115 1.036612 -0.001528 -0.000034 -0.000010 -21.016350 -8.986908 -9.420451 -14.895428 1.785664 -1.726518 -14.762745 -0.165693 -1.303142 -0.001174 0.000012 -0.000004 -17.005409 -25.901653 -13.155397 -14.153499 3.455427 -4.838213 -14.285108 -0.490901 -3.997486 0.000053 -0.000003 -0.000044 0.000000 0.000000 0.000000 0.000000 0.000000 0.000000 9.663259 -0.778741 13.790923 0.043949 0.165336 14.440622 -8.703362 -8.439454 12.696134 0.150328 0.364052 -18.866919 0.000000 0.000000 0.000000 0.000000 0.000000 0.000000 0.000000 0.000000 0.000000 19.326672 6.035045 10.043902 0.501105 1.407675 22.789988 -11.383440 14.374199 17.861637 1.715162 -0.909502 -20.565004 0.000000 0.000000 0.000000 0.000000 0.000000 0.000000 0.000000 0.000000 0.000000 
-17.392948 86.803391 37.484779 -3.724724 -5.276284 -16.320238 2.787349 -0.752241 8.809203 -0.254816 0.088225 2.196259 5.876441 -2.817595 11.021101 2.098264 -0.172590 3.509532 -8.544309 3.440838 4.769208 -0.269782 1.239722 -3.400152 -2.066920 -0.636555 -18.547787 0.000000 0.000000 0.000000 90.584854 -0.377363 9.026727 56.171570 -7.332628 8.282756 0.042039 18.296997 64.865494 8.998418 29.660303 -4.120138 10.264083 -1.801162 40.020439 0.000000 0.000040 -25.391031 0.000005 0.000040 -17.541927 0.000015 -0.000008 -0.000011 11.479796 17.178219 -6.480097 9.098653 -0.693477 -2.632265 9.051835 0.331266 -2.442682 -0.000011 0.000004 -0.000020 12.423371 7.120749 -7.609925 9.334894 -0.874123 -1.083588 9.560315 0.109110 -0.936006 0.000003 -0.000073 -0.000010 18.453487 -9.090421 -9.767076 11.245305 1.817804 1.647233 10.939583 -0.170437 1.262193 0.000002 -0.002995 0.000003 24.750278 -25.380459 -13.770868 11.818171 3.402748 5.020835 11.529653 -0.561877 4.234268 0.000946 0.000007 0.000005 0.000000 0.000000 0.000000 0.000000 0.000000 0.000000 -92.472755 0.168720 11.554090 -61.725994 18.104929 4.089762 -0.714342 -20.623148 77.801918 -7.050645 -16.621536 -1.035905 -12.166780 2.025716 39.123306 -0.000017 0.000015 -29.903923 -0.000011 -0.000006 -20.751396 0.000401 -0.000002 -0.001281 -22.642527 16.970686 -8.007634 -13.486071 -0.608041 3.098719 -13.459975 0.372016 2.821352 0.000044 0.000907 -0.000009 -20.853912 7.030033 -8.565611 -13.583337 -0.855248 1.203869 -13.411900 0.130454 1.027646 -0.001429 -0.000035 -0.000016 -20.427332 -8.979939 -9.469395 -14.516707 1.791888 -1.707375 -14.392528 -0.161204 -1.289764 -0.001136 0.000012 -0.000004 -16.409103 -25.872322 -13.176696 -13.785620 3.471218 -4.783156 -13.910221 -0.478004 -3.957152 -0.000004 -0.000003 -0.000045 0.000000 0.000000 0.000000 0.000000 0.000000 0.000000 9.518068 -0.824985 13.846583 0.042599 0.159851 14.374962 -8.596041 -8.500972 12.712217 0.137958 0.366598 -18.878757 0.000000 0.000000 0.000000 0.000000 0.000000 0.000000 0.000000 0.000000 0.000000 19.181906 5.972928 9.991413 0.499354 1.406974 22.594589 -11.295429 14.165998 17.995380 1.699309 -0.920081 -20.580748 0.000000 0.000000 0.000000 0.000000 0.000000 0.000000 0.000000 0.000000 0.000000 
-17.271585 86.831169 37.460293 -3.689198 -5.126872 -16.347071 2.785744 -0.769143 8.809149 -0.223154 0.071828 2.229223 5.819858 -2.834127 11.085902 2.053386 -0.177410 3.475581 -8.572441 3.342327 4.761157 -0.286650 1.128108 -3.379974 -2.034110 -0.634823 -18.505796 0.000000 0.000000 0.000000 90.754890 -0.434344 9.119642 55.667362 -9.002121 8.636877 0.043307 17.770195 62.096848 8.623466 28.072550 -5.030419 10.255147 -1.799510 40.023472 0.000000 0.000041 -25.368935 0.000006 0.000040 -17.529938 0.000015 -0.000008 -0.000011 11.270131 17.179169 -6.745060 9.008279 -0.701677 -2.618153 8.966805 0.323790 -2.429933 -0.000012 0.000004 -0.000020 12.223523 7.118179 -7.830148 9.231097 -0.877698 -1.075761 9.445798 0.106486 -0.929614 0.000005 -0.000074 -0.000009 18.168743 -9.088044 -9.884522 11.074468 1.823702 1.632625 10.772717 -0.166134 1.249495 0.000002 -0.003026 0.000003 24.428915 -25.386612 -13.829888 11.613327 3.422546 4.965439 11.328135 -0.544322 4.186633 0.000922 0.000007 0.000005 0.000000 0.000000 0.000000 0.000000 0.000000 0.000000 -92.591621 0.172098 11.613243 -61.569759 19.191854 4.310736 -0.798236 -20.427818 74.924278 -6.603852 -15.780377 -2.336209 -12.069963 2.020050 39.165806 -0.000017 0.000014 -29.655745 -0.000016 -0.000006 -20.586782 0.000310 -0.000002 -0.001271 -22.043627 16.964670 -8.137084 -13.127935 -0.617557 3.068258 -13.114296 0.362773 2.791406 0.000043 0.000984 -0.000008 -20.249409 7.026552 -8.703314 -13.203610 -0.858953 1.190668 -13.032716 0.127293 1.016383 -0.001312 -0.000035 -0.000022 -19.750360 -8.973184 -9.532770 -14.088289 1.799066 -1.684758 -13.973036 -0.156106 -1.273592 -0.001089 0.000012 -0.000004 -15.723452 -25.840736 -13.209230 -13.370142 3.489020 -4.718099 -13.487428 -0.463398 -3.908872 -0.000062 -0.000003 -0.000045 0.000000 0.000000 0.000000 0.000000 0.000000 0.000000 9.375265 -0.853932 13.925181 0.041031 0.153071 14.295862 -8.476333 -8.569219 12.728762 0.125002 0.370183 -18.889366 0.000000 0.000000 0.000000 0.000000 0.000000 0.000000 0.000000 0.000000 0.000000 19.032709 5.888465 9.948132 0.497485 1.406137 22.385349 -11.204300 13.949857 18.115307 1.683635 -0.931553 -20.590378 0.000000 0.000000 0.000000 0.000000 0.000000 0.000000 0.000000 0.000000 0.000000 
-17.140160 86.858978 37.440525 -3.661028 -4.984799 -16.377867 2.785366 -0.785155 8.806625 -0.194352 0.056914 2.256006 5.768689 -2.853319 11.154034 2.009378 -0.181750 3.442735 -8.598257 3.247789 4.749062 -0.299891 1.026992 -3.363872 -2.004831 -0.636178 -18.459805 0.000000 0.000000 0.000000 90.924469 -0.495366 9.218518 55.127083 -10.815249 9.031519 0.044613 17.167667 59.166027 8.368793 26.485456 -5.852594 10.245167 -1.797256 40.027954 0.000000 0.000041 -25.339685 0.000007 0.000040 -17.513794 0.000016 -0.000008 -0.000011 11.041815 17.182156 -7.031411 8.904602 -0.710597 -2.600188 8.867862 0.315522 -2.413459 -0.000012 0.000004 -0.000019 12.003868 7.116107 -8.068350 9.110463 -0.881644 -1.066327 9.313768 0.103646 -0.921859 0.000006 -0.000074 -0.000009 17.854208 -9.085792 -10.007857 10.876395 1.830278 1.615562 10.579854 -0.161446 1.234850 0.000002 -0.003034 0.000004 24.069693 -25.392111 -13.888279 11.373328 3.444375 4.901463 11.092687 -0.525426 4.132227 0.000902 0.000008 0.000005 0.000000 0.000000 0.000000 0.000000 0.000000 0.000000 -92.716904 0.174043 11.684837 -61.400555 20.314419 4.541664 -0.886862 -20.197620 71.935204 -6.202327 -14.977440 -3.613096 -11.962111 2.013102 39.214367 -0.000016 0.000014 -29.377865 -0.000020 -0.000007 -20.401880 0.000221 -0.000002 -0.001268 -21.382542 16.962870 -8.289626 -12.739127 -0.627971 3.033332 -12.737713 0.352722 2.757464 0.000043 0.001047 -0.000007 -19.583828 7.024303 -8.858171 -12.792830 -0.863067 1.175938 -12.621720 0.123821 1.003815 -0.001184 -0.000035 -0.000028 -19.008850 -8.966873 -9.604272 -13.626108 1.806858 -1.660317 -13.519720 -0.150665 -1.255879 -0.001040 0.000012 -0.000004 -14.969893 -25.807501 -13.245609 -12.919714 3.508013 -4.647450 -13.029518 -0.447781 -3.856238 -0.000119 -0.000004 -0.000045 0.000000 0.000000 0.000000 0.000000 0.000000 0.000000 9.232406 -0.865314 14.020607 0.039174 0.144918 14.210367 -8.343135 -8.644808 12.745639 0.111159 0.374784 -18.898396 0.000000 0.000000 0.000000 0.000000 0.000000 0.000000 0.000000 0.000000 0.000000 18.875530 5.781695 9.916222 0.495368 1.404985 22.161280 -11.108978 13.727358 18.218676 1.668204 -0.943821 -20.593105 0.000000 0.000000 0.000000 0.000000 0.000000 0.000000 0.000000 0.000000 0.000000 
-16.997602 86.886391 37.424835 -3.637537 -4.846620 -16.410530 2.784942 -0.799152 8.802505 -0.170897 0.044463 2.279667 5.723347 -2.875001 11.221433 1.965770 -0.185936 3.412331 -8.617026 3.153346 4.727211 -0.307917 0.935785 -3.354851 -1.978558 -0.640765 -18.410633 0.000000 0.000000 0.000000 91.090195 -0.559312 9.319366 54.571884 -12.748335 9.454473 0.045516 16.489513 56.123417 8.238806 24.924923 -6.580922 10.237798 -1.794923 40.031998 0.000000 0.000041 -25.311779 0.000008 0.000039 -17.499367 0.000016 -0.000009 -0.000011 10.820160 17.186302 -7.337649 8.800245 -0.719720 -2.581147 8.767736 0.306964 -2.395981 -0.000012 0.000003 -0.000019 11.788439 7.114207 -8.324159 8.984932 -0.885734 -1.056450 9.176533 0.100784 -0.913735 0.000007 -0.000073 -0.000008 17.531141 -9.083363 -10.136282 10.663606 1.837229 1.597523 10.373392 -0.156607 1.219467 0.000002 -0.003019 0.000004 23.687237 -25.397276 -13.943589 11.108478 3.467531 4.832439 10.833398 -0.505818 4.074259 0.000883 0.000008 0.000006 0.000000 0.000000 0.000000 0.000000 0.000000 0.000000 -92.842766 0.174842 11.766585 -61.223755 21.462278 4.775874 -0.977710 -19.931927 68.889854 -5.862593 -14.234178 -4.845919 -11.847781 2.004994 39.267113 -0.000015 0.000013 -29.081028 -0.000024 -0.000007 -20.204008 0.000138 -0.000003 -0.001280 -20.695286 16.965464 -8.457769 -12.341464 -0.638641 2.997362 -12.351836 0.342480 2.722849 0.000042 0.001092 -0.000007 -18.891249 7.023323 -9.022478 -12.372487 -0.867334 1.161078 -12.199575 0.120254 0.991078 -0.001050 -0.000036 -0.000034 -18.234232 -8.961230 -9.675507 -13.150491 1.814881 -1.635875 -13.052300 -0.145171 -1.238037 -0.000994 0.000012 -0.000004 -14.177462 -25.773493 -13.277150 -12.451123 3.527299 -4.576086 -12.553480 -0.431900 -3.803205 -0.000174 -0.000004 -0.000045 0.000000 0.000000 0.000000 0.000000 0.000000 0.000000 9.086000 -0.859930 14.124923 0.036921 0.135215 14.126906 -8.195815 -8.727953 12.762028 0.096045 0.380468 -18.905748 0.000000 0.000000 0.000000 0.000000 0.000000 0.000000 0.000000 0.000000 0.000000 18.706690 5.655093 9.897514 0.492895 1.403347 21.922491 -11.008821 13.500705 18.302414 1.653028 -0.956772 -20.587826 0.000000 0.000000 0.000000 0.000000 0.000000 0.000000 0.000000 0.000000 0.000000 
-16.842733 86.912880 37.412567 -3.615554 -4.708357 -16.442585 2.782475 -0.810296 8.797719 -0.154528 0.035021 2.302583 5.683135 -2.898225 11.284650 1.922258 -0.190380 3.386688 -8.624249 3.055243 4.689877 -0.309940 0.853078 -3.355770 -1.954348 -0.648148 -18.358580 0.000000 0.000000 0.000000 91.248024 -0.624618 9.417879 54.023483 -14.760224 9.890929 0.045213 15.740426 53.043056 8.218710 23.420292 -7.217442 10.236326 -1.793102 40.033672 0.000000 0.000041 -25.293915 0.000009 0.000039 -17.492575 0.000017 -0.000009 -0.000012 10.630971 17.190296 -7.659181 8.708880 -0.728517 -2.563876 8.680218 0.298614 -2.380271 -0.000013 0.000003 -0.000018 11.601764 7.112082 -8.594337 8.868036 -0.889719 -1.047324 9.048066 0.098088 -0.906264 0.000009 -0.000072 -0.000008 17.223011 -9.080426 -10.267630 10.451557 1.844198 1.580086 10.168557 -0.151861 1.204626 0.000002 -0.002982 0.000004 23.299866 -25.402470 -13.992781 10.833296 3.491132 4.762537 10.564562 -0.486179 4.016338 0.000868 0.000009 0.000006 0.000000 0.000000 0.000000 0.000000 0.000000 0.000000 -92.962181 0.174399 11.855555 -61.047558 22.622797 5.005750 -1.068410 -19.632343 65.847710 -5.596228 -13.570373 -6.016777 -11.732499 1.996063 39.321518 -0.000014 0.000013 -28.778904 -0.000027 -0.000007 -20.002441 0.000067 -0.000003 -0.001316 -20.022194 16.972355 -8.631551 -11.958435 -0.648905 2.963807 -11.980074 0.332673 2.690913 0.000042 0.001119 -0.000006 -18.210243 7.023594 -9.187026 -11.966022 -0.871481 1.147483 -11.789078 0.116815 0.979321 -0.000919 -0.000036 -0.000040 -17.462433 -8.956511 -9.738134 -12.684155 1.822729 -1.613226 -12.592926 -0.139915 -1.221463 -0.000955 0.000012 -0.000004 -13.380056 -25.739817 -13.295815 -11.983859 3.545962 -4.508763 -12.079075 -0.416501 -3.753604 -0.000224 -0.000004 -0.000045 0.000000 0.000000 0.000000 0.000000 0.000000 0.000000 8.931776 -0.839637 14.229980 0.034145 0.123662 14.053230 -8.034130 -8.818027 12.776438 0.079236 0.387466 -18.911673 0.000000 0.000000 0.000000 0.000000 0.000000 0.000000 0.000000 0.000000 0.000000 18.522860 5.513453 9.893025 0.490006 1.401112 21.670574 -10.903493 13.271694 18.363377 1.637977 -0.970290 -20.573559 0.000000 0.000000 0.000000 0.000000 0.000000 0.000000 0.000000 0.000000 0.000000 
-16.674259 86.937958 37.403244 -3.591864 -4.566396 -16.471592 2.775419 -0.818133 8.793274 -0.145619 0.028516 2.326098 5.646168 -2.921282 11.341342 1.879040 -0.195621 3.368444 -8.617022 2.950917 4.633637 -0.306087 0.777039 -3.368241 -1.931150 -0.657347 -18.303818 0.000000 0.000000 0.000000 91.394211 -0.689341 9.509914 53.504402 -16.797352 10.323990 0.042748 14.931122 50.011909 8.280812 22.002842 -7.767640 10.243514 -1.792352 40.031200 0.000001 0.000041 -25.294289 0.000011 0.000039 -17.498955 0.000017 -0.000010 -0.000012 10.497433 17.192606 -7.988962 8.643380 -0.736484 -2.550909 8.618186 0.290953 -2.368767 -0.000013 0.000003 -0.000018 11.465805 7.109347 -8.873284 8.773069 -0.893355 -1.040005 8.942079 0.095725 -0.900352 0.000010 -0.000071 -0.000007 16.952286 -9.076694 -10.399054 10.256140 1.850815 1.564717 9.980904 -0.147443 1.191501 0.000002 -0.002925 0.000004 22.926834 -25.407974 -14.032790 10.564116 3.514190 4.696042 10.302355 -0.467228 3.962015 0.000857 0.000009 0.000007 0.000000 0.000000 0.000000 0.000000 0.000000 0.000000 -93.067795 0.172220 11.948652 -60.883915 23.780275 5.222864 -1.157035 -19.302977 62.868336 -5.407621 -13.001705 -7.111370 -11.622071 1.986782 39.374760 -0.000013 0.000012 -28.486288 -0.000028 -0.000007 -19.807135 0.000011 -0.000004 -0.001377 -19.401608 16.983232 -8.800098 -11.611622 -0.658159 2.935679 -11.643999 0.323863 2.664581 0.000042 0.001128 -0.000005 -17.577747 7.025111 -9.342673 -11.595162 -0.875258 1.136341 -11.411649 0.113707 0.969548 -0.000794 -0.000036 -0.000044 -16.728132 -8.953021 -9.785761 -12.248500 1.830029 -1.593893 -12.162588 -0.135154 -1.207341 -0.000925 0.000011 -0.000004 -12.611029 -25.707907 -13.296259 -11.536953 3.563190 -4.449517 -11.625608 -0.402255 -3.710640 -0.000268 -0.000005 -0.000045 0.000000 0.000000 0.000000 0.000000 0.000000 0.000000 8.765220 -0.807032 14.328599 0.030710 0.109860 13.995001 -7.858141 -8.912889 12.786903 0.060370 0.396126 -18.916773 0.000000 0.000000 0.000000 0.000000 0.000000 0.000000 0.000000 0.000000 0.000000 18.321432 5.363225 9.902916 0.486694 1.398262 21.407955 -10.792643 13.040546 18.398819 1.622734 -0.984308 -20.550066 0.000000 0.000000 0.000000 0.000000 0.000000 0.000000 0.000000 0.000000 0.000000 
-16.490791 86.961281 37.396679 -3.563660 -4.418269 -16.495508 2.761068 -0.822565 8.790327 -0.142999 0.024280 2.350322 5.609617 -2.941932 11.390770 1.837078 -0.202257 3.359579 -8.594908 2.839645 4.558842 -0.297174 0.705861 -3.391871 -1.908069 -0.667095 -18.247152 0.000000 0.000000 0.000000 91.526627 -0.751470 9.591561 53.038754 -18.802599 10.734627 0.037318 14.078789 47.113014 8.393741 20.703558 -8.236043 10.261066 -1.793074 40.023403 0.000001 0.000041 -25.318567 0.000012 0.000039 -17.522329 0.000017 -0.000010 -0.000012 10.435932 17.191877 -8.318289 8.613070 -0.743225 -2.543948 8.590744 0.284371 -2.363112 -0.000013 0.000002 -0.000017 11.395764 7.105743 -9.153956 8.710082 -0.896451 -1.035207 8.869035 0.093813 -0.896616 0.000011 -0.000069 -0.000006 16.735777 -9.072007 -10.527832 10.090070 1.856781 1.552519 9.822804 -0.143538 1.180956 0.000002 -0.002856 0.000004 22.583967 -25.414085 -14.061287 10.315400 3.535815 4.636590 10.061205 -0.449599 3.914178 0.000850 0.000009 0.000009 0.000000 0.000000 0.000000 0.000000 0.000000 0.000000 -93.153244 0.167695 12.042636 -60.747841 24.916227 5.417798 -1.242189 -18.950335 60.007217 -5.292858 -12.536740 -8.118367 -11.521526 1.977614 39.424343 -0.000012 0.000012 -28.216270 -0.000028 -0.000008 -19.626808 -0.000025 -0.000004 -0.001461 -18.863499 16.997667 -8.953183 -11.317116 -0.665952 2.915133 -11.359750 0.316465 2.645928 0.000041 0.001121 -0.000004 -17.022575 7.027905 -9.481763 -11.276220 -0.878487 1.128470 -11.083670 0.111086 0.962475 -0.000682 -0.000036 -0.000047 -16.058279 -8.951170 -9.815288 -11.859761 1.836501 -1.578932 -11.777392 -0.131084 -1.196486 -0.000905 0.000011 -0.000004 -11.896397 -25.679550 -13.277381 -11.125464 3.578403 -4.401154 -11.208337 -0.389676 -3.676486 -0.000306 -0.000006 -0.000044 0.000000 0.000000 0.000000 0.000000 0.000000 0.000000 8.582249 -0.764819 14.415457 0.026499 0.093370 13.954862 -7.668201 -9.008480 12.791431 0.039237 0.406822 -18.921778 0.000000 0.000000 0.000000 0.000000 0.000000 0.000000 0.000000 0.000000 0.000000 18.100584 5.211418 9.926959 0.482992 1.394882 21.136665 -10.675645 12.805757 18.406931 1.606827 -0.998842 -20.518259 0.000000 0.000000 0.000000 0.000000 0.000000 0.000000 0.000000 0.000000 0.000000 
-16.290899 86.982826 37.393051 -3.528834 -4.262996 -16.513115 2.737014 -0.823739 8.790165 -0.144448 0.021280 2.374133 5.570363 -2.957921 11.434106 1.797992 -0.210820 3.360767 -8.559812 2.722595 4.469037 -0.284374 0.638231 -3.424512 -1.884498 -0.676149 -18.190155 0.000000 0.000000 0.000000 91.645447 -0.809298 9.659001 52.651886 -20.721901 11.102077 0.028453 13.206087 44.414310 8.528041 19.549845 -8.625097 10.289046 -1.795408 40.010036 0.000001 0.000041 -25.368057 0.000013 0.000039 -17.563635 0.000018 -0.000011 -0.000012 10.452884 17.187191 -8.638317 8.621490 -0.748547 -2.543547 8.600959 0.279079 -2.363855 -0.000013 0.000001 -0.000017 11.397055 7.101148 -9.429290 8.683554 -0.898917 -1.033183 8.833786 0.092392 -0.895278 0.000013 -0.000065 -0.000005 16.581316 -9.066389 -10.652060 9.960434 1.861949 1.544064 9.701027 -0.140236 1.173411 0.000002 -0.002781 0.000004 22.280483 -25.421175 -14.077284 10.097145 3.555421 4.586537 9.851169 -0.433714 3.874605 0.000848 0.000010 0.000011 0.000000 0.000000 0.000000 0.000000 0.000000 0.000000 -93.214722 0.160592 12.133896 -60.655991 26.009573 5.579275 -1.323009 -18.583088 57.314075 -5.239919 -12.174568 -9.029041 -11.434362 1.968911 39.468506 -0.000011 0.000011 -27.978052 -0.000027 -0.000008 -19.467520 -0.000039 -0.000005 -0.001559 -18.426254 17.015074 -9.082936 -11.083711 -0.672039 2.903280 -11.136140 0.310700 2.636008 0.000041 0.001099 -0.000003 -16.561815 7.032034 -9.599364 -11.018185 -0.881091 1.124258 -10.814484 0.109036 0.958466 -0.000586 -0.000036 -0.000048 -15.468071 -8.951450 -9.827398 -11.526991 1.842008 -1.568848 -11.446565 -0.127812 -1.189283 -0.000892 0.000011 -0.000004 -11.250245 -25.656853 -13.242629 -10.758553 3.591340 -4.365087 -10.836446 -0.379062 -3.652139 -0.000336 -0.000006 -0.000044 0.000000 0.000000 0.000000 0.000000 0.000000 0.000000 8.379750 -0.715211 14.487891 0.021439 0.073785 13.931682 -7.464840 -9.099277 12.788694 0.015749 0.419879 -18.927341 0.000000 0.000000 0.000000 0.000000 0.000000 0.000000 0.000000 0.000000 0.000000 17.859118 5.064617 9.965118 0.478953 1.391131 20.857706 -10.551675 12.565337 18.387209 1.589732 -1.013973 -20.480110 0.000000 0.000000 0.000000 0.000000 0.000000 0.000000 0.000000 0.000000 0.000000 
-16.073248 87.002991 37.392918 -3.486138 -4.101030 -16.524155 2.701579 -0.821941 8.793994 -0.147584 0.018437 2.395508 5.525903 -2.967602 11.474044 1.763556 -0.221644 3.371351 -8.515105 2.602410 4.369074 -0.268929 0.573504 -3.463237 -1.860036 -0.683521 -18.134840 0.000000 0.000000 0.000000 91.752968 -0.861693 9.708641 52.368244 -22.507105 11.405588 0.016109 12.338821 41.963558 8.658222 18.563995 -8.935949 10.325754 -1.799240 39.991829 0.000001 0.000040 -25.439287 0.000013 0.000039 -17.620630 0.000018 -0.000011 -0.000012 10.543941 17.178131 -8.941112 8.665697 -0.752502 -2.549116 8.645274 0.275067 -2.370491 -0.000013 0.000001 -0.000017 11.464813 7.095560 -9.692901 8.691640 -0.900776 -1.033726 8.834838 0.091425 -0.896172 0.000014 -0.000059 -0.000005 16.487333 -9.060029 -10.770443 9.868216 1.866340 1.539386 9.616321 -0.137521 1.168846 0.000001 -0.002708 0.000005 22.018597 -25.429785 -14.080946 9.914217 3.572826 4.546819 9.677191 -0.419708 3.843893 0.000851 0.000010 0.000014 0.000000 0.000000 0.000000 0.000000 0.000000 0.000000 -93.251740 0.151431 12.218296 -60.624714 27.035851 5.693652 -1.399139 -18.211788 54.830902 -5.229885 -11.908454 -9.836946 -11.362436 1.960897 39.506310 -0.000011 0.000011 -27.776527 -0.000024 -0.000008 -19.332399 -0.000029 -0.000005 -0.001660 -18.097565 17.034437 -9.184748 -10.913360 -0.676389 2.900278 -10.975072 0.306588 2.634939 0.000040 0.001062 -0.000003 -16.201601 7.037474 -9.693494 -10.823170 -0.883086 1.123715 -10.606721 0.107574 0.957558 -0.000508 -0.000036 -0.000046 -14.961966 -8.954219 -9.825509 -11.252592 1.846543 -1.563645 -11.172893 -0.125356 -1.185735 -0.000885 0.000011 -0.000004 -10.675698 -25.641640 -13.198390 -10.439901 3.602051 -4.341461 -10.513475 -0.370484 -3.637558 -0.000358 -0.000007 -0.000044 0.000000 0.000000 0.000000 0.000000 0.000000 0.000000 8.155822 -0.659716 14.546234 0.015524 0.050808 13.920565 -7.248656 -9.179394 12.778721 -0.010195 0.435501 -18.933914 0.000000 0.000000 0.000000 0.000000 0.000000 0.000000 0.000000 0.000000 0.000000 17.596432 4.928524 10.017955 0.474639 1.387180 20.571287 -10.419904 12.318630 18.340666 1.570976 -1.029776 -20.438101 0.000000 0.000000 0.000000 0.000000 0.000000 0.000000 0.000000 0.000000 0.000000 
-15.836740 87.022552 37.397102 -3.435054 -3.933986 -16.529182 2.653966 -0.817505 8.802607 -0.150543 0.014873 2.412344 5.474974 -2.970176 11.513460 1.735011 -0.234705 3.389713 -8.464620 2.482603 4.263235 -0.251900 0.511667 -3.505473 -1.834319 -0.688593 -18.082973 0.000000 0.000000 0.000000 91.852295 -0.908121 9.737765 52.208870 -24.115620 11.626899 0.000756 11.503064 39.786461 8.763463 17.766233 -9.168836 10.368134 -1.804250 39.970280 0.000002 0.000040 -25.525175 0.000014 0.000039 -17.688583 0.000018 -0.000012 -0.000012 10.694881 17.164871 -9.219253 8.737326 -0.755344 -2.559197 8.714770 0.272130 -2.381697 -0.000013 -0.000000 -0.000017 11.585356 7.089123 -9.938405 8.727192 -0.902135 -1.036278 8.865302 0.090811 -0.898835 0.000015 -0.000052 -0.000004 16.444893 -9.053254 -10.880915 9.809641 1.870103 1.538068 9.564695 -0.135290 1.166891 0.000001 -0.002646 0.000005 21.795607 -25.440376 -14.072053 9.767500 3.588175 4.517105 9.540132 -0.407467 3.821620 0.000858 0.000010 0.000018 0.000000 0.000000 0.000000 0.000000 0.000000 0.000000 -93.267059 0.141544 12.291410 -60.667915 27.966135 5.745891 -1.470780 -17.848196 52.587849 -5.239597 -11.736103 -10.537333 -11.306334 1.953721 39.537434 -0.000010 0.000011 -27.613152 -0.000019 -0.000008 -19.222349 0.000006 -0.000006 -0.001749 -17.877144 17.054211 -9.256523 -10.802760 -0.679142 2.905482 -10.873139 0.303983 2.642069 0.000039 0.001013 -0.000002 -15.940414 7.043956 -9.763937 -10.687908 -0.884551 1.126532 -10.457741 0.106660 0.959514 -0.000449 -0.000036 -0.000041 -14.538103 -8.959448 -9.813313 -11.034186 1.850184 -1.562898 -10.954476 -0.123665 -1.185537 -0.000877 0.000011 -0.000004 -10.170651 -25.634697 -13.150713 -10.169592 3.610792 -4.329380 -10.239204 -0.363824 -3.631906 -0.000373 -0.000008 -0.000044 0.000000 0.000000 0.000000 0.000000 0.000000 0.000000 7.909508 -0.599566 14.593292 0.008808 0.024343 13.914443 -7.020164 -9.243939 12.763097 -0.038823 0.453665 -18.941803 0.000000 0.000000 0.000000 0.000000 0.000000 0.000000 0.000000 0.000000 0.000000 17.312771 4.807918 10.086693 0.470099 1.383107 20.277481 -10.279465 12.067518 18.270184 1.550230 -1.046211 -20.394453 0.000000 0.000000 0.000000 0.000000 0.000000 0.000000 0.000000 0.000000 0.000000 
-15.580600 87.042435 37.406574 -3.375389 -3.764300 -16.529432 2.593962 -0.810673 8.816228 -0.152065 0.010026 2.423539 5.417550 -2.965354 11.553859 1.712547 -0.249469 3.413830 -8.411860 2.367252 4.154036 -0.233963 0.453490 -3.549785 -1.807035 -0.691165 -18.035555 0.000000 0.000000 0.000000 91.945770 -0.948468 9.745267 52.189796 -25.508596 11.751968 -0.016508 10.722870 37.887413 8.827798 17.178596 -9.322687 10.412557 -1.809969 39.947311 0.000002 0.000039 -25.617008 0.000015 0.000039 -17.761425 0.000019 -0.000012 -0.000012 10.883596 17.148426 -9.465722 8.825121 -0.757405 -2.571897 8.798031 0.269986 -2.395726 -0.000013 -0.000001 -0.000017 11.738906 7.082199 -10.158805 8.780291 -0.903132 -1.040094 8.915297 0.090429 -0.902628 0.000016 -0.000043 -0.000004 16.441206 -9.046514 -10.979329 9.778805 1.873419 1.539392 9.540051 -0.133407 1.166970 0.000001 -0.002598 0.000005 21.607700 -25.453154 -14.048468 9.656163 3.601734 4.496180 9.438875 -0.396781 3.806680 0.000867 0.000010 0.000023 0.000000 0.000000 0.000000 0.000000 0.000000 0.000000 -93.266014 0.132730 12.349330 -60.794815 28.767960 5.722106 -1.538650 -17.504101 50.598103 -5.245924 -11.669094 -11.126673 -11.265676 1.947466 39.561939 -0.000010 0.000010 -27.486826 -0.000013 -0.000009 -19.136688 0.000067 -0.000006 -0.001813 -17.758165 17.072613 -9.297702 -10.744617 -0.680555 2.917578 -10.823003 0.302630 2.656105 0.000039 0.000950 -0.000001 -15.771445 7.051012 -9.810950 -10.605052 -0.885593 1.132133 -10.360904 0.106210 0.963871 -0.000408 -0.000036 -0.000033 -14.192403 -8.966651 -9.792289 -10.866371 1.853045 -1.565801 -10.786280 -0.122632 -1.188123 -0.000865 0.000011 -0.000004 -9.733680 -25.635597 -13.102033 -9.945746 3.617900 -4.327080 -10.011458 -0.358848 -3.633722 -0.000381 -0.000008 -0.000043 0.000000 0.000000 0.000000 0.000000 0.000000 0.000000 7.640215 -0.536523 14.633150 0.001382 -0.005432 13.906916 -6.779642 -9.290138 12.744426 -0.070491 0.474056 -18.951061 0.000000 0.000000 0.000000 0.000000 0.000000 0.000000 0.000000 0.000000 0.000000 17.009352 4.706501 10.172896 0.465348 1.378794 19.976921 -10.129119 11.816344 18.180750 1.527369 -1.063038 -20.350454 0.000000 0.000000 0.000000 0.000000 0.000000 0.000000 0.000000 0.000000 0.000000 
-15.304440 87.063431 37.422329 -3.307014 -3.594910 -16.526852 2.521672 -0.801485 8.834597 -0.151273 0.003712 2.429690 5.354525 -2.952923 11.594683 1.695156 -0.264858 3.441902 -8.359653 2.261126 4.042254 -0.215369 0.400898 -3.595980 -1.778236 -0.691402 -17.992756 0.000000 0.000000 0.000000 92.034164 -0.982852 9.731879 52.320312 -26.650826 11.771904 -0.033943 10.019773 36.253807 8.840867 16.824980 -9.395308 10.455448 -1.815827 39.925014 0.000002 0.000039 -25.705999 0.000015 0.000038 -17.832750 0.000019 -0.000013 -0.000012 11.083405 17.130762 -9.674938 8.917682 -0.758985 -2.585310 8.884027 0.268358 -2.410771 -0.000013 -0.000002 -0.000017 11.903171 7.075385 -10.347265 8.840959 -0.903885 -1.044406 8.974605 0.090173 -0.906883 0.000018 -0.000032 -0.000003 16.463449 -9.040324 -11.059793 9.770171 1.876425 1.542518 9.536649 -0.131749 1.168465 0.000001 -0.002568 0.000006 21.453381 -25.467812 -14.006209 9.579542 3.613690 4.482479 9.372125 -0.387489 3.797708 0.000876 0.000010 0.000028 0.000000 0.000000 0.000000 0.000000 0.000000 0.000000 -93.255623 0.126828 12.389323 -61.007664 29.408617 5.612824 -1.603829 -17.190866 48.857567 -5.230263 -11.732979 -11.603168 -11.239161 1.942130 39.580307 -0.000009 0.000010 -27.394110 -0.000006 -0.000009 -19.073292 0.000151 -0.000006 -0.001838 -17.727440 17.088121 -9.309496 -10.728512 -0.680937 2.934762 -10.814350 0.302221 2.675272 0.000038 0.000875 -0.000001 -15.683326 7.058053 -9.835198 -10.564185 -0.886311 1.139742 -10.306552 0.106120 0.969995 -0.000381 -0.000036 -0.000023 -13.920135 -8.974981 -9.761330 -10.741864 1.855229 -1.571273 -10.661163 -0.122121 -1.192750 -0.000848 0.000011 -0.000004 -9.366529 -25.642836 -13.050314 -9.765357 3.623681 -4.332184 -9.827023 -0.355274 -3.641149 -0.000383 -0.000009 -0.000043 0.000000 0.000000 0.000000 0.000000 0.000000 0.000000 7.347449 -0.472908 14.670146 -0.006659 -0.038112 13.894487 -6.526960 -9.317506 12.725145 -0.105555 0.496161 -18.961548 0.000000 0.000000 0.000000 0.000000 0.000000 0.000000 0.000000 0.000000 0.000000 16.688284 4.626420 10.278098 0.460362 1.373945 19.671240 -9.967112 11.571153 18.078745 1.502526 -1.079810 -20.306097 0.000000 0.000000 0.000000 0.000000 0.000000 0.000000 0.000000 0.000000 0.000000 
